{
  "config_hash": "e0c385cfbf20",
  "config_path": "/Users/qinchaoyang/Desktop/PC/codes/local/quantum/DriftAdaptiveQEC/cnn_fpga/config/experiment_runtime_b_residual_ctx1.yaml",
  "dataset_dir": "/Users/qinchaoyang/Desktop/PC/codes/local/quantum/DriftAdaptiveQEC/artifacts/datasets/runtime_b_residual_ctx1_v1",
  "reference_mode": "static_linear",
  "teacher_mode": "window_variance",
  "label_semantics": "residual_b",
  "context_windows": 1,
  "context_padding": "edge_repeat",
  "include_histogram_deltas": false,
  "include_teacher_prediction": true,
  "include_teacher_params": true,
  "include_teacher_deltas": true,
  "windows_per_scenario": 512,
  "n_samples_total": 2048,
  "histogram_shape": [
    13,
    32,
    32
  ],
  "input_channel_names": [
    "hist_t",
    "teacher_sigma",
    "teacher_mu_q",
    "teacher_mu_p",
    "teacher_theta_deg",
    "teacher_b_q",
    "teacher_b_p",
    "teacher_delta_sigma",
    "teacher_delta_mu_q",
    "teacher_delta_mu_p",
    "teacher_delta_theta_deg",
    "teacher_delta_b_q",
    "teacher_delta_b_p"
  ],
  "label_names": [
    "b_q",
    "b_p"
  ],
  "teacher_label_names": [
    "sigma",
    "mu_q",
    "mu_p",
    "theta_deg"
  ],
  "teacher_runtime_param_names": [
    "b_q",
    "b_p"
  ],
  "n_train": 1638,
  "n_val": 204,
  "n_test": 206,
  "scenarios": [
    "static_bias_theta",
    "linear_ramp",
    "step_sigma_theta",
    "periodic_drift"
  ],
  "split": {
    "train": 0.8,
    "val": 0.1,
    "test": 0.1
  },
  "label_stats": {
    "train": {
      "mean": [
        0.002260425826534629,
        -0.002561155240982771
      ],
      "std": [
        0.0016334231477230787,
        0.0017670290544629097
      ],
      "min": [
        -0.0012650182470679283,
        -0.007474670652300119
      ],
      "max": [
        0.005498277954757214,
        0.002143602352589369
      ]
    },
    "val": {
      "mean": [
        0.002408666769042611,
        -0.0026786832604557276
      ],
      "std": [
        0.0017450755694881082,
        0.0018139990279451013
      ],
      "min": [
        -0.0007252137875184417,
        -0.007091577164828777
      ],
      "max": [
        0.005440727807581425,
        0.0016239103861153126
      ]
    },
    "test": {
      "mean": [
        0.0023026575800031424,
        -0.00250314106233418
      ],
      "std": [
        0.0016350323567166924,
        0.0018192143179476261
      ],
      "min": [
        -0.0006806302699260414,
        -0.007466061972081661
      ],
      "max": [
        0.005386194214224815,
        0.001208926783874631
      ]
    },
    "all": {
      "mean": [
        0.0022794404067099094,
        -0.0025670244358479977
      ],
      "std": [
        0.0016456532757729292,
        0.0017775401938706636
      ],
      "min": [
        -0.0012650182470679283,
        -0.007474670652300119
      ],
      "max": [
        0.005498277954757214,
        0.002143602352589369
      ]
    }
  },
  "files": {
    "train": "/Users/qinchaoyang/Desktop/PC/codes/local/quantum/DriftAdaptiveQEC/artifacts/datasets/runtime_b_residual_ctx1_v1/train.npz",
    "val": "/Users/qinchaoyang/Desktop/PC/codes/local/quantum/DriftAdaptiveQEC/artifacts/datasets/runtime_b_residual_ctx1_v1/val.npz",
    "test": "/Users/qinchaoyang/Desktop/PC/codes/local/quantum/DriftAdaptiveQEC/artifacts/datasets/runtime_b_residual_ctx1_v1/test.npz"
  }
}