{
  "run_name": "eval_test_20260405_222837",
  "model_path": "D:\\Codes\\Quantum\\DriftAdaptiveQEC\\runs\\p4_no_teacher_params_stability\\stability_20260405_222821\\generated\\seed_20260405\\hybrid_no_teacher_params\\models\\tiny_cnn_20260405_222835_97407ff4fea9.npz",
  "model_type": "tiny_cnn_float",
  "split": "test",
  "n_samples": 206,
  "metrics": {
    "mse": 2.2211447080174952e-06,
    "mae": 0.0013026602816149854,
    "r2_mean": 0.19912260107253216,
    "per_label": {
      "b_q": {
        "mse": 2.366020176244326e-06,
        "mae": 0.0013454686555653842,
        "r2": 0.09055661025368911
      },
      "b_p": {
        "mse": 2.0762692397906644e-06,
        "mae": 0.0012598519076645867,
        "r2": 0.3076885918913752
      }
    }
  }
}