{
  "run_name": "eval_test_20260405_222830",
  "model_path": "D:\\Codes\\Quantum\\DriftAdaptiveQEC\\runs\\p4_no_teacher_params_stability\\stability_20260405_222821\\generated\\seed_20260405\\hybrid_full\\models\\tiny_cnn_20260405_222829_13a72b11b5bc.npz",
  "model_type": "tiny_cnn_float",
  "split": "test",
  "n_samples": 206,
  "metrics": {
    "mse": 2.3200955229528304e-06,
    "mae": 0.0013176992805129337,
    "r2_mean": 0.13269433288415228,
    "per_label": {
      "b_q": {
        "mse": 2.4997109619840844e-06,
        "mae": 0.0013609012847678637,
        "r2": 0.020539067765768193
      },
      "b_p": {
        "mse": 2.140480083921577e-06,
        "mae": 0.0012744972762580042,
        "r2": 0.24484959800253636
      }
    }
  }
}