{
  "n_slow_updates": 1500,
  "n_fast_cycles": 300000,
  "slow_update_budget_us": 5000.0,
  "fast_cycle_budget_us": 1.5,
  "slow_update_mean_us": 988.5139705429486,
  "slow_update_p95_us": 1236.0032613996516,
  "slow_update_p99_us": 1361.191662165651,
  "slow_update_violation_rate": 0.0,
  "fast_cycle_mean_us": 1.0000946814554723,
  "fast_cycle_p95_us": 1.1977402400072872,
  "fast_cycle_p99_us": 1.280498190881346,
  "fast_cycle_violation_rate": 2.6666666666666667e-05,
  "dma_timeouts": 0,
  "axi_write_failures": 0,
  "cnn_infer_failures": 0
}