{
  "run_name": "eval_test_20260406_113228",
  "model_path": "D:\\Codes\\Quantum\\DriftAdaptiveQEC\\runs\\p4_no_teacher_params_stability\\stability_20260406_113206\\generated\\seed_20260405\\hybrid_no_teacher_params\\models\\tiny_cnn_20260406_113226_922266926b98.npz",
  "model_type": "tiny_cnn_float",
  "split": "test",
  "n_samples": 206,
  "metrics": {
    "mse": 2.221160045607394e-06,
    "mae": 0.0013026752274588919,
    "r2_mean": 0.19911676274176998,
    "per_label": {
      "b_q": {
        "mse": 2.366048610065343e-06,
        "mae": 0.0013454800982201102,
        "r2": 0.09054568095104465
      },
      "b_p": {
        "mse": 2.076271481149445e-06,
        "mae": 0.0012598703566976742,
        "r2": 0.3076878445324953
      }
    }
  }
}