{
  "requested_n_slow_updates": 1500,
  "n_fast_cycles": 6000000,
  "n_windows_ready": 1500,
  "n_slow_updates_started": 1500,
  "n_slow_updates_finished": 1500,
  "n_slow_updates_failed": 0,
  "n_commits_applied": 1500,
  "slow_update_budget_us": 5000.0,
  "fast_cycle_budget_us": 1.5,
  "slow_update_mean_us": 995.4553085173217,
  "slow_update_p95_us": 1241.1992585836354,
  "slow_update_p99_us": 1362.6223962989498,
  "slow_update_violation_rate": 0.0,
  "fast_cycle_mean_us": 1.0,
  "fast_cycle_p95_us": 1.1974,
  "fast_cycle_p99_us": 1.27912,
  "fast_cycle_violation_rate": 1.6166666666666665e-05,
  "window_drop_count": 0,
  "pending_windows_at_end": 0,
  "dma_timeouts": 0,
  "axi_write_failures": 0,
  "cnn_infer_failures": 0,
  "failure_reason_counts": {},
  "final_snapshot": {
    "epoch_id": 6000000,
    "time_us": 30000000.0,
    "window_stride": 4000,
    "pending_windows": 0,
    "slow_job_inflight": null,
    "next_window_emit_epoch": 6002048,
    "next_slow_start_time_us": 30010240.0,
    "fast_cycle_budget_violations": 97,
    "slow_update_budget_violations": 0,
    "dropped_windows": 0,
    "param_bank": {
      "epoch_id": 6000000,
      "active_bank": "A",
      "staging_bank": "B",
      "active_version": 1500,
      "pending_commit": null,
      "banks": {
        "A": {
          "version": 1500,
          "params": {
            "K": [
              [
                0.6754275039833938,
                0.01680574219201153
              ],
              [
                -0.01680574219201153,
                0.6754275039833938
              ]
            ],
            "b": [
              0.022890590948115304,
              -0.0006956682888663059
            ],
            "metadata": {
              "prediction": {
                "sigma": 0.2011940576005893,
                "mu_q": -0.0301559530774023,
                "mu_p": 0.003902102827433883,
                "theta_deg": 0.19607172224725763,
                "source": "mock_cnn",
                "metadata": {
                  "target_prediction": {
                    "sigma": 0.20495653571795686,
                    "mu_q": -0.02382823774086286,
                    "mu_p": 0.005387023544122536,
                    "theta_deg": -0.19227894919995495,
                    "source": "window_target",
                    "metadata": {
                      "window_id": 1500,
                      "window_payload": {
                        "epoch_id": 5998048,
                        "target_params": {
                          "sigma": 0.20495653571795686,
                          "mu_q": -0.02382823774086286,
                          "mu_p": 0.005387023544122536,
                          "theta_deg": -0.19227894919995495
                        },
                        "diagnostics": {
                          "overflow_ratio": 0.0009613947459997747,
                          "window_ler": 0.03483513297265476
                        }
                      }
                    }
                  }
                }
              },
              "gain_raw": 0.6796509812137848,
              "gain_clipped": 0.6796509812137848,
              "theta_deg_clipped": 0.19607172224725763,
              "window_id": 1500,
              "target_prediction": {
                "sigma": 0.20495653571795686,
                "mu_q": -0.02382823774086286,
                "mu_p": 0.005387023544122536,
                "theta_deg": -0.19227894919995495,
                "source": "window_target",
                "metadata": {
                  "window_id": 1500,
                  "window_payload": {
                    "epoch_id": 5998048,
                    "target_params": {
                      "sigma": 0.20495653571795686,
                      "mu_q": -0.02382823774086286,
                      "mu_p": 0.005387023544122536,
                      "theta_deg": -0.19227894919995495
                    },
                    "diagnostics": {
                      "overflow_ratio": 0.0009613947459997747,
                      "window_ler": 0.03483513297265476
                    }
                  }
                }
              },
              "window_payload": {
                "epoch_id": 5998048,
                "target_params": {
                  "sigma": 0.20495653571795686,
                  "mu_q": -0.02382823774086286,
                  "mu_p": 0.005387023544122536,
                  "theta_deg": -0.19227894919995495
                },
                "diagnostics": {
                  "overflow_ratio": 0.0009613947459997747,
                  "window_ler": 0.03483513297265476
                }
              }
            }
          }
        },
        "B": {
          "version": 1499,
          "params": {
            "K": [
              [
                0.6743726295775574,
                0.021588634522040392
              ],
              [
                -0.021588634522040392,
                0.6743726295775574
              ]
            ],
            "b": [
              0.021074250415793555,
              0.00010594034577558845
            ],
            "metadata": {
              "prediction": {
                "sigma": 0.20596751109357658,
                "mu_q": -0.02236956702339797,
                "mu_p": 0.0012611501320920464,
                "theta_deg": -0.7333098887361176,
                "source": "mock_cnn",
                "metadata": {
                  "target_prediction": {
                    "sigma": 0.2116321853965772,
                    "mu_q": -0.02126364065266559,
                    "mu_p": 0.005556056177049133,
                    "theta_deg": -0.5829229765572211,
                    "source": "window_target",
                    "metadata": {
                      "window_id": 1499,
                      "window_payload": {
                        "epoch_id": 5994048,
                        "target_params": {
                          "sigma": 0.2116321853965772,
                          "mu_q": -0.02126364065266559,
                          "mu_p": 0.005556056177049133,
                          "theta_deg": -0.5829229765572211
                        },
                        "diagnostics": {
                          "overflow_ratio": 0.0029146148827861058,
                          "window_ler": 0.03612451596828579
                        }
                      }
                    }
                  }
                }
              },
              "gain_raw": 0.6779406568579952,
              "gain_clipped": 0.6779406568579952,
              "theta_deg_clipped": -0.7333098887361176,
              "window_id": 1499,
              "target_prediction": {
                "sigma": 0.2116321853965772,
                "mu_q": -0.02126364065266559,
                "mu_p": 0.005556056177049133,
                "theta_deg": -0.5829229765572211,
                "source": "window_target",
                "metadata": {
                  "window_id": 1499,
                  "window_payload": {
                    "epoch_id": 5994048,
                    "target_params": {
                      "sigma": 0.2116321853965772,
                      "mu_q": -0.02126364065266559,
                      "mu_p": 0.005556056177049133,
                      "theta_deg": -0.5829229765572211
                    },
                    "diagnostics": {
                      "overflow_ratio": 0.0029146148827861058,
                      "window_ler": 0.03612451596828579
                    }
                  }
                }
              },
              "window_payload": {
                "epoch_id": 5994048,
                "target_params": {
                  "sigma": 0.2116321853965772,
                  "mu_q": -0.02126364065266559,
                  "mu_p": 0.005556056177049133,
                  "theta_deg": -0.5829229765572211
                },
                "diagnostics": {
                  "overflow_ratio": 0.0029146148827861058,