{
  "n_windows": 16,
  "per_label": {
    "sigma": {
      "mae": 0.4775635524589141,
      "rmse": 0.47768361824810607
    },
    "mu_q": {
      "mae": 0.08117270594030743,
      "rmse": 0.08335217101348627
    },
    "mu_p": {
      "mae": 0.03742747301872412,
      "rmse": 0.03896703477860352
    },
    "theta_deg": {
      "mae": 2.4213725332284266,
      "rmse": 2.7256112717361223
    }
  },
  "k_rmse_to_oracle_mean": 0.257855934008989,
  "b_rmse_to_oracle_mean": 0.02169360972962772,
  "max_gain_mean": 0.8541123570156173,
  "bias_norm_mean": 0.007763868835288451,
  "window_rows": [
    {
      "window_id": 1,
      "target_sigma": 0.22000000000000008,
      "target_mu_q": 0.03500000000000002,
      "target_mu_p": -0.025000000000000005,
      "target_theta_deg": 4.0,
      "pred_sigma": 0.6666024595560468,
      "pred_mu_q": -0.05497251084001291,
      "pred_mu_p": 0.025630604230397477,
      "pred_theta_deg": 1.379248671724963,
      "abs_err_sigma": 0.4466024595560467,
      "abs_err_mu_q": 0.08997251084001293,
      "abs_err_mu_p": 0.05063060423039748,
      "abs_err_theta_deg": 2.6207513282750368,
      "window_ler_reference": 0.3076171875,
      "overflow_ratio_reference": 0.01123046875,
      "hist_sat_ratio_reference": 0.01123046875,
      "k_rmse_to_oracle": 0.06549277988710694,
      "b_rmse_to_oracle": 0.006435716315847655,
      "max_gain": 0.9585086310138726,
      "bias_norm": 0.003029910805769997
    },
    {
      "window_id": 2,
      "target_sigma": 0.22000000000000008,
      "target_mu_q": 0.03500000000000002,
      "target_mu_p": -0.025000000000000005,
      "target_theta_deg": 4.0,
      "pred_sigma": 0.6991109541814238,
      "pred_mu_q": -0.07898152644237495,
      "pred_mu_p": -0.0009829838979074322,
      "pred_theta_deg": 1.1402215901079602,
      "abs_err_sigma": 0.4791109541814237,
      "abs_err_mu_q": 0.11398152644237497,
      "abs_err_mu_p": 0.024017016102092573,
      "abs_err_theta_deg": 2.85977840989204,
      "window_ler_reference": 0.5361328125,
      "overflow_ratio_reference": 0.01953125,
      "hist_sat_ratio_reference": 0.01953125,
      "k_rmse_to_oracle": 0.1205789461604783,
      "b_rmse_to_oracle": 0.010937708059134106,
      "max_gain": 0.9283595834384382,
      "bias_norm": 0.004735929773142324
    },
    {
      "window_id": 3,
      "target_sigma": 0.22000000000000008,
      "target_mu_q": 0.03500000000000002,
      "target_mu_p": -0.025000000000000005,
      "target_theta_deg": 4.0,
      "pred_sigma": 0.7104852630860278,
      "pred_mu_q": -0.05660924306212088,
      "pred_mu_p": 0.025532110106683645,
      "pred_theta_deg": 1.2214933872532188,
      "abs_err_sigma": 0.4904852630860277,
      "abs_err_mu_q": 0.0916092430621209,
      "abs_err_mu_p": 0.05053211010668365,
      "abs_err_theta_deg": 2.7785066127467815,
      "window_ler_reference": 0.732421875,
      "overflow_ratio_reference": 0.01953125,
      "hist_sat_ratio_reference": 0.01953125,
      "k_rmse_to_oracle": 0.16554322492054221,
      "b_rmse_to_oracle": 0.014999522961926205,
      "max_gain": 0.9052331973531472,
      "bias_norm": 0.006448556011369401
    },
    {
      "window_id": 4,
      "target_sigma": 0.22000000000000008,
      "target_mu_q": 0.03500000000000002,
      "target_mu_p": -0.025000000000000005,
      "target_theta_deg": 4.0,
      "pred_sigma": 0.7141262095890897,
      "pred_mu_q": -0.05710013820761278,
      "pred_mu_p": 0.02801587043196176,
      "pred_theta_deg": 1.549148025449331,
      "abs_err_sigma": 0.4941262095890896,
      "abs_err_mu_q": 0.0921001382076128,
      "abs_err_mu_p": 0.053015870431961765,
      "abs_err_theta_deg": 2.4508519745506687,
      "window_ler_reference": 0.8056640625,
      "overflow_ratio_reference": 0.0224609375,
      "hist_sat_ratio_reference": 0.0224609375,
      "k_rmse_to_oracle": 0.20179371175551009,
      "b_rmse_to_oracle": 0.018364062298753776,
      "max_gain": 0.8870413304784761,
      "bias_norm": 0.008040794462817106
    },
    {
      "window_id": 5,
      "target_sigma": 0.22000000000000008,
      "target_mu_q": 0.03500000000000002,
      "target_mu_p": -0.025000000000000005,
      "target_theta_deg": 4.0,
      "pred_sigma": 0.7075251364788093,
      "pred_mu_q": -0.04453091281202655,
      "pred_mu_p": 0.020760563879821885,
      "pred_theta_deg": 2.710257008394908,
      "abs_err_sigma": 0.48752513647880924,
      "abs_err_mu_q": 0.07953091281202657,
      "abs_err_mu_p": 0.045760563879821886,
      "abs_err_theta_deg": 1.2897429916050922,
      "window_ler_reference": 0.81005859375,
      "overflow_ratio_reference": 0.02001953125,
      "hist_sat_ratio_reference": 0.02001953125,
      "k_rmse_to_oracle": 0.230270098080963,
      "b_rmse_to_oracle": 0.020617050141959886,
      "max_gain": 0.871904014089224,
      "bias_norm": 0.008727221386795278
    },
    {
      "window_id": 6,
      "target_sigma": 0.22000000000000008,
      "target_mu_q": 0.03500000000000002,
      "target_mu_p": -0.025000000000000005,
      "target_theta_deg": 4.0,
      "pred_sigma": 0.7055401866295947,
      "pred_mu_q": -0.061324309369439736,
      "pred_mu_p": 0.005797387427476295,
      "pred_theta_deg": -0.8016380179819033,
      "abs_err_sigma": 0.48554018662959464,
      "abs_err_mu_q": 0.09632430936943975,
      "abs_err_mu_p": 0.0307973874274763,
      "abs_err_theta_deg": 4.801638017981904,
      "window_ler_reference": 0.830078125,
      "overflow_ratio_reference": 0.01953125,
      "hist_sat_ratio_reference": 0.01953125,
      "k_rmse_to_oracle": 0.2529288673778701,
      "b_rmse_to_oracle": 0.022101601529765216,
      "max_gain": 0.8595705716838962,
      "bias_norm": 0.008896124264424451
    },
    {
      "window_id": 7,
      "target_sigma": 0.22000000000000008,
      "target_mu_q": 0.03500000000000002,
      "target_mu_p": -0.025000000000000005,
      "target_theta_deg": 4.0,
      "pred_sigma": 0.7006165113097554,
      "pred_mu_q": -0.061787477806401606,
      "pred_mu_p": 0.018886914620832633,
      "pred_theta_deg": 2.6115664641637424,
      "abs_err_sigma": 0.48061651130975536,
      "abs_err_mu_q": 0.09678747780640162,
      "abs_err_mu_p": 0.043886914620832634,
      "abs_err_theta_deg": 1.3884335358362576,
      "window_ler_reference": 0.8330078125,
      "overflow_ratio_reference": 0.015625,
      "hist_sat_ratio_reference": 0.015625,
      "k_rmse_to_oracle": 0.2706323792747734,
      "b_rmse_to_oracle": 0.02388888876315066,
      "max_gain": 0.8493157796305607,
      "bias_norm": 0.009824785508637692
    },
    {
      "window_id": 8,
      "target_sigma": 0.22000000000000008,
      "target_mu_q": 0.03500000000000002,
      "target_mu_p": -0.025000000000000005,
      "target_theta_deg": 4.0,
      "pred_sigma": 0.7028972756143557,
      "pred_mu_q": -0.04194042497468989,
      "pred_mu_p": 0.012237782101997285,
      "pred_theta_deg": 0.6691003832002231,
      "abs_err_sigma": 0.4828972756143556,
      "abs_err_mu_q": 0.0769404249746899,
      "abs_err_mu_p": 0.03723778210199729,
      "abs_err_theta_deg": 3.330899616799777,
      "window_ler_reference": 0.83447265625,
      "overflow_ratio_reference": 0.0146484375,
      "hist_sat_ratio_reference": 0.0146484375,
      "k_rmse_to_oracle": 0.28499807111125847,
      "b_rmse_to_oracle": 0.024636845668743232,
      "max_gain": 0.8413330563793187,
      "bias_norm": 0.009609186501489219
    },
    {
      "window_id": 9,
      "target_sigma": 0.22000000000000008,
      "target_mu_q": 0.03500000000000002,
      "target_mu_p": -0.025000000000000005,
      "target_theta_deg": 4.0,
      "pred_sigma": 0.6968130623596189,
      "pred_mu_q": -0.05182379662305614,
      "pred_mu_p": -0.0011133250201904032,
      "pred_theta_deg": 2.539590244731645,
      "abs_err_sigma": 0.47681306235961884,
      "abs_err_mu_q": 0.08682379662305616,
      "abs_err_mu_p": 0.0238866749798096,
      "abs_err_theta_deg": 1.4604097552683548,
      "window_ler_reference": 0.828125,
      "overflow_ratio_reference": 0.0205078125,