{
  "n_windows": 16,
  "per_label": {
    "sigma": {
      "mae": 0.5536985302785095,
      "rmse": 0.5587493763900047
    },
    "mu_q": {
      "mae": 0.04063431501511383,
      "rmse": 0.041186940448191614
    },
    "mu_p": {
      "mae": 0.024308022125370865,
      "rmse": 0.02460002477883898
    },
    "theta_deg": {
      "mae": 2.467789624904798,
      "rmse": 2.9560220665216015
    }
  },
  "k_rmse_to_oracle_mean": 0.2730537647480148,
  "b_rmse_to_oracle_mean": 0.016786157435568036,
  "max_gain_mean": 0.8694827886477143,
  "bias_norm_mean": 0.0009992107104680168,
  "window_rows": [
    {
      "window_id": 1,
      "target_sigma": 0.22000000000000008,
      "target_mu_q": 0.03500000000000002,
      "target_mu_p": -0.025000000000000005,
      "target_theta_deg": 4.0,
      "pred_sigma": 0.5533374536464771,
      "pred_mu_q": -0.008781871327667267,
      "pred_mu_p": 0.011108194858175172,
      "pred_theta_deg": 0.0,
      "abs_err_sigma": 0.33333745364647704,
      "abs_err_mu_q": 0.04378187132766728,
      "abs_err_mu_p": 0.03610819485817518,
      "abs_err_theta_deg": 4.0,
      "window_ler_reference": 0.3076171875,
      "overflow_ratio_reference": 0.01123046875,
      "hist_sat_ratio_reference": 0.01123046875,
      "k_rmse_to_oracle": 0.05440804943064368,
      "b_rmse_to_oracle": 0.005067620609233604,
      "max_gain": 0.9449390271729157,
      "bias_norm": 0.0011951648248440957
    },
    {
      "window_id": 2,
      "target_sigma": 0.22000000000000008,
      "target_mu_q": 0.03500000000000002,
      "target_mu_p": -0.025000000000000005,
      "target_theta_deg": 4.0,
      "pred_sigma": 0.6558570501192159,
      "pred_mu_q": -0.0231312262545957,
      "pred_mu_p": -0.007632020511867062,
      "pred_theta_deg": 7.095141700404859,
      "abs_err_sigma": 0.4358570501192158,
      "abs_err_mu_q": 0.058131226254595714,
      "abs_err_mu_p": 0.017367979488132942,
      "abs_err_theta_deg": 3.0951417004048594,
      "window_ler_reference": 0.5361328125,
      "overflow_ratio_reference": 0.01953125,
      "hist_sat_ratio_reference": 0.01953125,
      "k_rmse_to_oracle": 0.10798035271696188,
      "b_rmse_to_oracle": 0.008557472233069631,
      "max_gain": 0.9130119126022513,
      "bias_norm": 0.0012655331882482973
    },
    {
      "window_id": 3,
      "target_sigma": 0.22000000000000008,
      "target_mu_q": 0.03500000000000002,
      "target_mu_p": -0.025000000000000005,
      "target_theta_deg": 4.0,
      "pred_sigma": 0.7080905719112187,
      "pred_mu_q": -0.017090881774357632,
      "pred_mu_p": -0.003962031751264769,
      "pred_theta_deg": 10.747594374537378,
      "abs_err_sigma": 0.48809057191121863,
      "abs_err_mu_q": 0.05209088177435765,
      "abs_err_mu_p": 0.021037968248735238,
      "abs_err_theta_deg": 6.747594374537378,
      "window_ler_reference": 0.732421875,
      "overflow_ratio_reference": 0.01953125,
      "hist_sat_ratio_reference": 0.01953125,
      "k_rmse_to_oracle": 0.15524875408848043,
      "b_rmse_to_oracle": 0.011378929400819957,
      "max_gain": 0.8923086102368908,
      "bias_norm": 0.0015454844270245747
    },
    {
      "window_id": 4,
      "target_sigma": 0.22000000000000008,
      "target_mu_q": 0.03500000000000002,
      "target_mu_p": -0.025000000000000005,
      "target_theta_deg": 4.0,
      "pred_sigma": 0.7401244321471124,
      "pred_mu_q": -0.007572278227076606,
      "pred_mu_p": -0.0008410335550798806,
      "pred_theta_deg": 8.12347435289306,
      "abs_err_sigma": 0.5201244321471123,
      "abs_err_mu_q": 0.042572278227076626,
      "abs_err_mu_p": 0.024158966444920126,
      "abs_err_theta_deg": 4.12347435289306,
      "window_ler_reference": 0.8056640625,
      "overflow_ratio_reference": 0.0224609375,
      "hist_sat_ratio_reference": 0.0224609375,
      "k_rmse_to_oracle": 0.1955058994248318,
      "b_rmse_to_oracle": 0.013519405828788108,
      "max_gain": 0.8787915759317312,
      "bias_norm": 0.0014745864210028387
    },
    {
      "window_id": 5,
      "target_sigma": 0.22000000000000008,
      "target_mu_q": 0.03500000000000002,
      "target_mu_p": -0.025000000000000005,
      "target_theta_deg": 4.0,
      "pred_sigma": 0.7619752227184732,
      "pred_mu_q": -0.001750126701681315,
      "pred_mu_p": 0.000477661422629453,
      "pred_theta_deg": 6.3259109311740875,
      "abs_err_sigma": 0.5419752227184731,
      "abs_err_mu_q": 0.03675012670168133,
      "abs_err_mu_p": 0.025477661422629458,
      "abs_err_theta_deg": 2.3259109311740875,
      "window_ler_reference": 0.81005859375,
      "overflow_ratio_reference": 0.02001953125,
      "hist_sat_ratio_reference": 0.02001953125,
      "k_rmse_to_oracle": 0.22924667317727127,
      "b_rmse_to_oracle": 0.015158876636884736,
      "max_gain": 0.8696484535453848,
      "bias_norm": 0.0012384856337917943
    },
    {
      "window_id": 6,
      "target_sigma": 0.22000000000000008,
      "target_mu_q": 0.03500000000000002,
      "target_mu_p": -0.025000000000000005,
      "target_theta_deg": 4.0,
      "pred_sigma": 0.777929387002693,
      "pred_mu_q": -0.005895168066794428,
      "pred_mu_p": 0.0006045060173847597,
      "pred_theta_deg": 5.015468653533636,
      "abs_err_sigma": 0.5579293870026929,
      "abs_err_mu_q": 0.04089516806679445,
      "abs_err_mu_p": 0.025604506017384766,
      "abs_err_theta_deg": 1.0154686535336364,
      "window_ler_reference": 0.830078125,
      "overflow_ratio_reference": 0.01953125,
      "hist_sat_ratio_reference": 0.01953125,
      "k_rmse_to_oracle": 0.2573156840515442,
      "b_rmse_to_oracle": 0.016545951685646442,
      "max_gain": 0.863441744497187,
      "bias_norm": 0.0011719706533727303
    },
    {
      "window_id": 7,
      "target_sigma": 0.22000000000000008,
      "target_mu_q": 0.03500000000000002,
      "target_mu_p": -0.025000000000000005,
      "target_theta_deg": 4.0,
      "pred_sigma": 0.7901280704964149,
      "pred_mu_q": -0.005365420099256232,
      "pred_mu_p": -0.0015915038020615333,
      "pred_theta_deg": 4.021528838569687,
      "abs_err_sigma": 0.5701280704964148,
      "abs_err_mu_q": 0.04036542009925625,
      "abs_err_mu_p": 0.023408496197938472,
      "abs_err_theta_deg": 0.02152883856968657,
      "window_ler_reference": 0.8330078125,
      "overflow_ratio_reference": 0.015625,
      "hist_sat_ratio_reference": 0.015625,
      "k_rmse_to_oracle": 0.28057355915799476,
      "b_rmse_to_oracle": 0.017569463360254143,
      "max_gain": 0.8592861363048676,
      "bias_norm": 0.0010778261416611956
    },
    {
      "window_id": 8,
      "target_sigma": 0.22000000000000008,
      "target_mu_q": 0.03500000000000002,
      "target_mu_p": -0.025000000000000005,
      "target_theta_deg": 4.0,
      "pred_sigma": 0.7997617628877153,
      "pred_mu_q": -0.00510532954668093,
      "pred_mu_p": 0.0015639604656693838,
      "pred_theta_deg": 3.247949023730733,
      "abs_err_sigma": 0.5797617628877152,
      "abs_err_mu_q": 0.040105329546680946,
      "abs_err_mu_p": 0.02656396046566939,
      "abs_err_theta_deg": 0.7520509762692669,
      "window_ler_reference": 0.83447265625,
      "overflow_ratio_reference": 0.0146484375,
      "hist_sat_ratio_reference": 0.0146484375,
      "k_rmse_to_oracle": 0.29980251501751903,
      "b_rmse_to_oracle": 0.018483917520284908,
      "max_gain": 0.8565871666461727,
      "bias_norm": 0.0010175132960653056
    },
    {
      "window_id": 9,
      "target_sigma": 0.22000000000000008,
      "target_mu_q": 0.03500000000000002,
      "target_mu_p": -0.025000000000000005,
      "target_theta_deg": 4.0,
      "pred_sigma": 0.8075477225345781,
      "pred_mu_q": -0.005038883409605901,
      "pred_mu_p": -0.0008162855161913131,
      "pred_theta_deg": 2.6355529137438523,
      "abs_err_sigma": 0.587547722534578,
      "abs_err_mu_q": 0.040038883409605916,
      "abs_err_mu_p": 0.024183714483808693,
      "abs_err_theta_deg": 1.3644470862561477,
      "window_ler_reference": 0.828125,
      "overflow_ratio_reference": 0.0205078125,