{
  "n_windows": 16,
  "per_label": {
    "sigma": {
      "mae": 0.6299999999999999,
      "rmse": 0.6299999999999999
    },
    "mu_q": {
      "mae": 0.037369815518256556,
      "rmse": 0.04219866793285091
    },
    "mu_p": {
      "mae": 0.025726106787138506,
      "rmse": 0.027743061344656348
    },
    "theta_deg": {
      "mae": 6.25,
      "rmse": 7.810249675906654
    }
  },
  "k_rmse_to_oracle_mean": 0.29678049574625226,
  "b_rmse_to_oracle_mean": 0.016401820963687454,
  "max_gain_mean": 0.8929108024965309,
  "bias_norm_mean": 0.0009177888411528788,
  "window_rows": [
    {
      "window_id": 1,
      "target_sigma": 0.22000000000000008,
      "target_mu_q": 0.03500000000000002,
      "target_mu_p": -0.025000000000000005,
      "target_theta_deg": 4.0,
      "pred_sigma": 0.85,
      "pred_mu_q": -0.017326394781613796,
      "pred_mu_p": 0.021916168233696957,
      "pred_theta_deg": 0.0,
      "abs_err_sigma": 0.6299999999999999,
      "abs_err_mu_q": 0.052326394781613814,
      "abs_err_mu_p": 0.04691616823369696,
      "abs_err_theta_deg": 4.0,
      "window_ler_reference": 0.3076171875,
      "overflow_ratio_reference": 0.01123046875,
      "hist_sat_ratio_reference": 0.01123046875,
      "k_rmse_to_oracle": 0.07841836194214158,
      "b_rmse_to_oracle": 0.005199402661933629,
      "max_gain": 0.9722666666666667,
      "bias_norm": 0.0014368672798456053
    },
    {
      "window_id": 2,
      "target_sigma": 0.22000000000000008,
      "target_mu_q": 0.03500000000000002,
      "target_mu_p": -0.025000000000000005,
      "target_theta_deg": 4.0,
      "pred_sigma": 0.85,
      "pred_mu_q": -0.049971158459555076,
      "pred_mu_p": -0.042684893104373116,
      "pred_theta_deg": 20.0,
      "abs_err_sigma": 0.6299999999999999,
      "abs_err_mu_q": 0.0849711584595551,
      "abs_err_mu_p": 0.01768489310437311,
      "abs_err_theta_deg": 16.0,
      "window_ler_reference": 0.5361328125,
      "overflow_ratio_reference": 0.01953125,
      "hist_sat_ratio_reference": 0.01953125,
      "k_rmse_to_oracle": 0.14120880728511984,
      "b_rmse_to_oracle": 0.008111437875859308,
      "max_gain": 0.947843590977606,
      "bias_norm": 0.0015148187239227028
    },
    {
      "window_id": 3,
      "target_sigma": 0.22000000000000008,
      "target_mu_q": 0.03500000000000002,
      "target_mu_p": -0.025000000000000005,
      "target_theta_deg": 4.0,
      "pred_sigma": 0.85,
      "pred_mu_q": -0.0010326990267187086,
      "pred_mu_p": 0.0057945889832549564,
      "pred_theta_deg": 20.0,
      "abs_err_sigma": 0.6299999999999999,
      "abs_err_mu_q": 0.036032699026718726,
      "abs_err_mu_p": 0.03079458898325496,
      "abs_err_theta_deg": 16.0,
      "window_ler_reference": 0.732421875,
      "overflow_ratio_reference": 0.01953125,
      "hist_sat_ratio_reference": 0.01953125,
      "k_rmse_to_oracle": 0.1916539059532137,
      "b_rmse_to_oracle": 0.010974265006541075,
      "max_gain": 0.9299709870652262,
      "bias_norm": 0.001171290446576514
    },
    {
      "window_id": 4,
      "target_sigma": 0.22000000000000008,
      "target_mu_q": 0.03500000000000002,
      "target_mu_p": -0.025000000000000005,
      "target_theta_deg": 4.0,
      "pred_sigma": 0.85,
      "pred_mu_q": 0.024038938455285375,
      "pred_mu_p": 0.009523779913072497,
      "pred_theta_deg": 0.0,
      "abs_err_sigma": 0.6299999999999999,
      "abs_err_mu_q": 0.010961061544714643,
      "abs_err_mu_p": 0.034523779913072504,
      "abs_err_theta_deg": 4.0,
      "window_ler_reference": 0.8056640625,
      "overflow_ratio_reference": 0.0224609375,
      "hist_sat_ratio_reference": 0.0224609375,
      "k_rmse_to_oracle": 0.231507933863949,
      "b_rmse_to_oracle": 0.013027293971815467,
      "max_gain": 0.914418453142301,
      "bias_norm": 0.0004866062859287668
    },
    {
      "window_id": 5,
      "target_sigma": 0.22000000000000008,
      "target_mu_q": 0.03500000000000002,
      "target_mu_p": -0.025000000000000005,
      "target_theta_deg": 4.0,
      "pred_sigma": 0.85,
      "pred_mu_q": 0.02071135270252522,
      "pred_mu_p": 0.005565100310650797,
      "pred_theta_deg": 0.0,
      "abs_err_sigma": 0.6299999999999999,
      "abs_err_mu_q": 0.014288647297474796,
      "abs_err_mu_p": 0.0305651003106508,
      "abs_err_theta_deg": 4.0,
      "window_ler_reference": 0.81005859375,
      "overflow_ratio_reference": 0.02001953125,
      "hist_sat_ratio_reference": 0.02001953125,
      "k_rmse_to_oracle": 0.2635161026736074,
      "b_rmse_to_oracle": 0.014620413542383156,
      "max_gain": 0.9029718937593842,
      "bias_norm": 0.0007010377990970952
    },
    {
      "window_id": 6,
      "target_sigma": 0.22000000000000008,
      "target_mu_q": 0.03500000000000002,
      "target_mu_p": -0.025000000000000005,
      "target_theta_deg": 4.0,
      "pred_sigma": 0.85,
      "pred_mu_q": -0.023637333278228145,
      "pred_mu_p": 0.0011474433630207777,
      "pred_theta_deg": 0.0,
      "abs_err_sigma": 0.6299999999999999,
      "abs_err_mu_q": 0.05863733327822816,
      "abs_err_mu_p": 0.026147443363020783,
      "abs_err_theta_deg": 4.0,
      "window_ler_reference": 0.830078125,
      "overflow_ratio_reference": 0.01953125,
      "hist_sat_ratio_reference": 0.01953125,
      "k_rmse_to_oracle": 0.28917561904402056,
      "b_rmse_to_oracle": 0.016332206917525852,
      "max_gain": 0.8942311382964817,
      "bias_norm": 0.0006990522130752646
    },
    {
      "window_id": 7,
      "target_sigma": 0.22000000000000008,
      "target_mu_q": 0.03500000000000002,
      "target_mu_p": -0.025000000000000005,
      "target_theta_deg": 4.0,
      "pred_sigma": 0.85,
      "pred_mu_q": -0.0029259805757030355,
      "pred_mu_p": -0.011703922302811993,
      "pred_theta_deg": 0.0,
      "abs_err_sigma": 0.6299999999999999,
      "abs_err_mu_q": 0.03792598057570305,
      "abs_err_mu_p": 0.013296077697188012,
      "abs_err_theta_deg": 4.0,
      "window_ler_reference": 0.8330078125,
      "overflow_ratio_reference": 0.015625,
      "hist_sat_ratio_reference": 0.015625,
      "k_rmse_to_oracle": 0.30972857426486483,
      "b_rmse_to_oracle": 0.017057480731656086,
      "max_gain": 0.8874320512715801,
      "bias_norm": 0.0004547856595510008
    },
    {
      "window_id": 8,
      "target_sigma": 0.22000000000000008,
      "target_mu_q": 0.03500000000000002,
      "target_mu_p": -0.025000000000000005,
      "target_theta_deg": 4.0,
      "pred_sigma": 0.85,
      "pred_mu_q": -0.0038439352661197024,
      "pred_mu_p": 0.016867417436405494,
      "pred_theta_deg": 0.0,
      "abs_err_sigma": 0.6299999999999999,
      "abs_err_mu_q": 0.03884393526611972,
      "abs_err_mu_p": 0.0418674174364055,
      "abs_err_theta_deg": 4.0,
      "window_ler_reference": 0.83447265625,
      "overflow_ratio_reference": 0.0146484375,
      "hist_sat_ratio_reference": 0.0146484375,
      "k_rmse_to_oracle": 0.3261840408176795,
      "b_rmse_to_oracle": 0.018493184468315313,
      "max_gain": 0.8820901085919807,
      "bias_norm": 0.000934066806899911
    },
    {
      "window_id": 9,
      "target_sigma": 0.22000000000000008,
      "target_mu_q": 0.03500000000000002,
      "target_mu_p": -0.025000000000000005,
      "target_theta_deg": 4.0,
      "pred_sigma": 0.85,
      "pred_mu_q": -0.004704517788385265,
      "pred_mu_p": -0.012793993497681726,
      "pred_theta_deg": 0.0,
      "abs_err_sigma": 0.6299999999999999,
      "abs_err_mu_q": 0.03970451778838528,
      "abs_err_mu_p": 0.01220600650231828,
      "abs_err_theta_deg": 4.0,
      "window_ler_reference": 0.828125,
      "overflow_ratio_reference": 0.0205078125,
      "hist_sat_ratio_reference": 0.0205078125,
      "k_rmse_to_oracle": 0.33935555950057517,
      "b_rmse_to_oracle": 0.018775319354949322,
      "max_gain": 0.8778684243236745,
      "bias_norm": 0.00045004616546106944
    },
    {
      "window_id": 10,
      "target_sigma": 0.22000000000000008,
      "target_mu_q": 0.03500000000000002,
      "target_mu_p": -0.025000000000000005,