{
  "run_name": "eval_test_20260405_184215",
  "model_path": "D:\\Codes\\Quantum\\DriftAdaptiveQEC\\runs\\p4_no_teacher_params_stability\\stability_20260405_184204\\generated\\seed_20260405\\hybrid_full\\models\\tiny_cnn_20260405_184214_47366b460679.npz",
  "model_type": "tiny_cnn_float",
  "split": "test",
  "n_samples": 206,
  "metrics": {
    "mse": 2.320292505348945e-06,
    "mae": 0.0013176731792922355,
    "r2_mean": 0.13263345903373713,
    "per_label": {
      "b_q": {
        "mse": 2.4992692776809516e-06,
        "mae": 0.0013607733495810256,
        "r2": 0.020712132782435666
      },
      "b_p": {
        "mse": 2.141315733016938e-06,
        "mae": 0.0012745730090034455,
        "r2": 0.2445547852850386
      }
    }
  }
}