{
  "requested_n_slow_updates": 1500,
  "n_fast_cycles": 6000000,
  "n_windows_ready": 2929,
  "n_slow_updates_started": 1500,
  "n_slow_updates_finished": 1500,
  "n_slow_updates_failed": 0,
  "n_commits_applied": 1500,
  "slow_update_budget_us": 5000.0,
  "fast_cycle_budget_us": 1.5,
  "slow_update_mean_us": 995.4553085173217,
  "slow_update_p95_us": 1241.1992585836354,
  "slow_update_p99_us": 1362.6223962989498,
  "slow_update_violation_rate": 0.0,
  "fast_cycle_mean_us": 1.0,
  "fast_cycle_p95_us": 1.1974,
  "fast_cycle_p99_us": 1.27912,
  "fast_cycle_violation_rate": 1.6166666666666665e-05,
  "window_drop_count": 1427,
  "pending_windows_at_end": 2,
  "dma_timeouts": 0,
  "axi_write_failures": 0,
  "cnn_infer_failures": 0,
  "failure_reason_counts": {},
  "final_snapshot": {
    "epoch_id": 6000000,
    "time_us": 30000000.0,
    "window_stride": 2048,
    "pending_windows": 2,
    "slow_job_inflight": null,
    "next_window_emit_epoch": 6000640,
    "next_slow_start_time_us": 30010240.0,
    "fast_cycle_budget_violations": 97,
    "slow_update_budget_violations": 0,
    "dropped_windows": 1427,
    "param_bank": {
      "epoch_id": 6000000,
      "active_bank": "A",
      "staging_bank": "B",
      "active_version": 1500,
      "pending_commit": null,
      "banks": {
        "A": {
          "version": 1500,
          "params": {
            "K": [
              [
                0.6777553009580943,
                -0.06296878021341334
              ],
              [
                0.06296878021341334,
                0.6777553009580943
              ]
            ],
            "b": [
              -0.06554067256509216,
              -0.05655824789893549
            ],
            "metadata": {
              "prediction": {
                "sigma": 0.20117304571725217,
                "mu_q": 0.06579580337607152,
                "mu_p": 0.060877555365782404,
                "theta_deg": 6.471122247844486,
                "source": "mock_cnn",
                "metadata": {
                  "target_prediction": {
                    "sigma": 0.20493552383461972,
                    "mu_q": 0.07212351871261097,
                    "mu_p": 0.06236247608247106,
                    "theta_deg": 6.082771576397273,
                    "source": "window_target",
                    "metadata": {
                      "window_id": 2927,
                      "window_payload": {
                        "epoch_id": 5994496,
                        "target_params": {
                          "sigma": 0.20493552383461972,
                          "mu_q": 0.07212351871261097,
                          "mu_p": 0.06236247608247106,
                          "theta_deg": 6.082771576397273
                        },
                        "diagnostics": {
                          "overflow_ratio": 0.030413857881986365,
                          "window_ler": 0.04219572733065095
                        }
                      }
                    }
                  }
                }
              },
              "gain_raw": 0.6796584399541107,
              "gain_clipped": 0.6796584399541107,
              "theta_deg_clipped": 6.471122247844486,
              "window_id": 2927,
              "target_prediction": {
                "sigma": 0.20493552383461972,
                "mu_q": 0.07212351871261097,
                "mu_p": 0.06236247608247106,
                "theta_deg": 6.082771576397273,
                "source": "window_target",
                "metadata": {
                  "window_id": 2927,
                  "window_payload": {
                    "epoch_id": 5994496,
                    "target_params": {
                      "sigma": 0.20493552383461972,
                      "mu_q": 0.07212351871261097,
                      "mu_p": 0.06236247608247106,
                      "theta_deg": 6.082771576397273
                    },
                    "diagnostics": {
                      "overflow_ratio": 0.030413857881986365,
                      "window_ler": 0.04219572733065095
                    }
                  }
                }
              },
              "window_payload": {
                "epoch_id": 5994496,
                "target_params": {
                  "sigma": 0.20493552383461972,
                  "mu_q": 0.07212351871261097,
                  "mu_p": 0.06236247608247106,
                  "theta_deg": 6.082771576397273
                },
                "diagnostics": {
                  "overflow_ratio": 0.030413857881986365,
                  "window_ler": 0.04219572733065095
                }
              }
            }
          }
        },
        "B": {
          "version": 1499,
          "params": {
            "K": [
              [
                0.6783620786804428,
                -0.05956118626762026
              ],
              [
                0.05956118626762026,
                0.6783620786804428
              ]
            ],
            "b": [
              -0.06547688986234733,
              -0.05547842103222375
            ],
            "metadata": {
              "prediction": {
                "sigma": 0.19887332176356873,
                "mu_q": 0.07053185631518923,
                "mu_p": 0.05438313979852839,
                "theta_deg": 6.401340586762835,
                "source": "mock_cnn",
                "metadata": {
                  "target_prediction": {
                    "sigma": 0.20453799606656933,
                    "mu_q": 0.07163778268592161,
                    "mu_p": 0.05867804584348548,
                    "theta_deg": 6.551727498941731,
                    "source": "window_target",
                    "metadata": {
                      "window_id": 2925,
                      "window_payload": {
                        "epoch_id": 5990400,
                        "target_params": {
                          "sigma": 0.20453799606656933,
                          "mu_q": 0.07163778268592161,
                          "mu_p": 0.05867804584348548,
                          "theta_deg": 6.551727498941731
                        },
                        "diagnostics": {
                          "overflow_ratio": 0.032758637494708656,
                          "window_ler": 0.04273421890166548
                        }
                      }
                    }
                  }
                }
              },
              "gain_raw": 0.6804710604877082,
              "gain_clipped": 0.6804710604877082,
              "theta_deg_clipped": 6.401340586762835,
              "window_id": 2925,
              "target_prediction": {
                "sigma": 0.20453799606656933,
                "mu_q": 0.07163778268592161,
                "mu_p": 0.05867804584348548,
                "theta_deg": 6.551727498941731,
                "source": "window_target",
                "metadata": {
                  "window_id": 2925,
                  "window_payload": {
                    "epoch_id": 5990400,
                    "target_params": {
                      "sigma": 0.20453799606656933,
                      "mu_q": 0.07163778268592161,
                      "mu_p": 0.05867804584348548,
                      "theta_deg": 6.551727498941731
                    },
                    "diagnostics": {
                      "overflow_ratio": 0.032758637494708656,
                      "window_ler": 0.04273421890166548
                    }
                  }
                }
              },
              "window_payload": {
                "epoch_id": 5990400,
                "target_params": {
                  "sigma": 0.20453799606656933,
                  "mu_q": 0.07163778268592161,
                  "mu_p": 0.05867804584348548,
                  "theta_deg": 6.551727498941731
                },
                "diagnostics": {
                  "overflow_ratio": 0.032758637494708656,