{
  "run_name": "eval_test_20260405_205709",
  "model_path": "D:\\Codes\\Quantum\\DriftAdaptiveQEC\\runs\\p4_no_teacher_params_stability\\stability_20260405_205653\\generated\\seed_20260406\\hybrid_no_teacher_params\\models\\tiny_cnn_20260405_205708_339305f633db.npz",
  "model_type": "tiny_cnn_float",
  "split": "test",
  "n_samples": 206,
  "metrics": {
    "mse": 2.2430266177496096e-06,
    "mae": 0.001309357915609516,
    "r2_mean": 0.19264795461738282,
    "per_label": {
      "b_q": {
        "mse": 2.3337582281491694e-06,
        "mae": 0.0013313001750929997,
        "r2": 0.10295735633779546
      },
      "b_p": {
        "mse": 2.15229500735005e-06,
        "mae": 0.0012874156561260323,
        "r2": 0.2823385528969702
      }
    }
  }
}