{
  "run_name": "eval_test_20260405_205718",
  "model_path": "D:\\Codes\\Quantum\\DriftAdaptiveQEC\\runs\\p4_no_teacher_params_stability\\stability_20260405_205653\\generated\\seed_20260407\\hybrid_full\\models\\tiny_cnn_20260405_205716_2f1e7ff01b58.npz",
  "model_type": "tiny_cnn_float",
  "split": "test",
  "n_samples": 206,
  "metrics": {
    "mse": 2.4794689166941956e-06,
    "mae": 0.0013365686833616839,
    "r2_mean": 0.07303155650906945,
    "per_label": {
      "b_q": {
        "mse": 2.67579281524762e-06,
        "mae": 0.0013874234102946078,
        "r2": -0.04845502745960295
      },
      "b_p": {
        "mse": 2.2831450181407725e-06,
        "mae": 0.00128571395642876,
        "r2": 0.19451814047774185
      }
    }
  }
}