{
  "run_name": "eval_test_20260401_000718",
  "model_path": "/Users/qinchaoyang/Desktop/PC/codes/local/quantum/DriftAdaptiveQEC/artifacts/models/runtime_mu_residual_v1/tiny_cnn_20260401_000659_bd7d177e4ffa.npz",
  "model_type": "tiny_cnn_float",
  "split": "test",
  "n_samples": 78,
  "metrics": {
    "mse": 0.00024634784355279094,
    "mae": 0.012732037509840666,
    "r2_mean": -0.0037746594486122165,
    "per_label": {
      "mu_q": {
        "mse": 0.0003227529556279284,
        "mae": 0.014766901121646905,
        "r2": -0.0073469264511070165
      },
      "mu_p": {
        "mse": 0.00016994273147765353,
        "mae": 0.010697173898034425,
        "r2": -0.00020239244611741647
      }
    }
  }
}