{
  "run_name": "eval_test_20260405_205701",
  "model_path": "D:\\Codes\\Quantum\\DriftAdaptiveQEC\\runs\\p4_no_teacher_params_stability\\stability_20260405_205653\\generated\\seed_20260406\\hybrid_full\\models\\tiny_cnn_20260405_205700_cb3f1af0d861.npz",
  "model_type": "tiny_cnn_float",
  "split": "test",
  "n_samples": 206,
  "metrics": {
    "mse": 2.3102041005262814e-06,
    "mae": 0.0012973053629024658,
    "r2_mean": 0.1365677510056018,
    "per_label": {
      "b_q": {
        "mse": 2.4800477389513964e-06,
        "mae": 0.0013149088829645307,
        "r2": 0.02824370204358062
      },
      "b_p": {
        "mse": 2.1403604621011665e-06,
        "mae": 0.0012797018428404008,
        "r2": 0.244891799967623
      }
    }
  }
}