{
  "run_name": "eval_test_20260401_083649",
  "model_path": "/Users/qinchaoyang/Desktop/PC/codes/local/quantum/DriftAdaptiveQEC/artifacts/models/runtime_b_residual_v1/tiny_cnn_20260401_083648_2fc740424c0d.npz",
  "model_type": "tiny_cnn_float",
  "split": "test",
  "n_samples": 206,
  "metrics": {
    "mse": 2.414452854483121e-06,
    "mae": 0.0013235786119716116,
    "r2_mean": 0.09905274257594215,
    "per_label": {
      "b_q": {
        "mse": 2.5177875191671725e-06,
        "mae": 0.0013262687690448129,
        "r2": 0.013456136251126294
      },
      "b_p": {
        "mse": 2.3111181897990693e-06,
        "mae": 0.0013208884548984103,
        "r2": 0.18464934890075801
      }
    }
  }
}