{
  "run_name": "eval_test_20260405_205726",
  "model_path": "D:\\Codes\\Quantum\\DriftAdaptiveQEC\\runs\\p4_no_teacher_params_stability\\stability_20260405_205653\\generated\\seed_20260407\\hybrid_no_teacher_params\\models\\tiny_cnn_20260405_205725_989df530d1f9.npz",
  "model_type": "tiny_cnn_float",
  "split": "test",
  "n_samples": 206,
  "metrics": {
    "mse": 2.191746227299904e-06,
    "mae": 0.0012929844558798435,
    "r2_mean": 0.20773414498469767,
    "per_label": {
      "b_q": {
        "mse": 2.4127875097808876e-06,
        "mae": 0.0013443668658602958,
        "r2": 0.07258032976042628
      },
      "b_p": {
        "mse": 1.9707049448189205e-06,
        "mae": 0.0012416020458993907,
        "r2": 0.34288796020896906
      }
    }
  }
}