{
  "run_name": "eval_test_20260404_194053",
  "model_path": "/Users/qinchaoyang/Desktop/PC/codes/local/quantum/DriftAdaptiveQEC/artifacts/models/runtime_b_residual_no_hist_deltas_v1/tiny_cnn_20260404_194053_ecb0245eb9c1.npz",
  "model_type": "tiny_cnn_float",
  "split": "test",
  "n_samples": 206,
  "metrics": {
    "mse": 2.2048469028877483e-06,
    "mae": 0.0012653768671076482,
    "r2_mean": 0.21890703326662103,
    "per_label": {
      "b_q": {
        "mse": 2.4050178841072474e-06,
        "mae": 0.0013139534818001474,
        "r2": 0.09873764612701486
      },
      "b_p": {
        "mse": 2.0046759216682483e-06,
        "mae": 0.0012168002524151492,
        "r2": 0.3390764204062272
      }
    }
  }
}