{
  "run_name": "eval_test_20260404_180046",
  "model_path": "/Users/qinchaoyang/Desktop/PC/codes/local/quantum/DriftAdaptiveQEC/artifacts/models/runtime_b_residual_ctx3_v1/tiny_cnn_20260404_180046_57bcac7985c6.npz",
  "model_type": "tiny_cnn_float",
  "split": "test",
  "n_samples": 206,
  "metrics": {
    "mse": 2.3029749940383544e-06,
    "mae": 0.001332106869317771,
    "r2_mean": 0.16911487507273615,
    "per_label": {
      "b_q": {
        "mse": 2.484149595472672e-06,
        "mae": 0.0013817639877139745,
        "r2": 0.030217178253260757
      },
      "b_p": {
        "mse": 2.1218003926040365e-06,
        "mae": 0.0012824497509215675,
        "r2": 0.30801257189221154
      }
    }
  }
}