{
  "run_name": "eval_test_20260404_173830",
  "model_path": "/Users/qinchaoyang/Desktop/PC/codes/local/quantum/DriftAdaptiveQEC/artifacts/models/runtime_b_residual_ctx1_v1/tiny_cnn_20260404_173830_e0c385cfbf20.npz",
  "model_type": "tiny_cnn_float",
  "split": "test",
  "n_samples": 206,
  "metrics": {
    "mse": 2.0864143278147877e-06,
    "mae": 0.0012833405003675013,
    "r2_mean": 0.2920857949238658,
    "per_label": {
      "b_q": {
        "mse": 2.1552477321459574e-06,
        "mae": 0.001307121200543914,
        "r2": 0.19379704416695154
      },
      "b_p": {
        "mse": 2.0175809234836184e-06,
        "mae": 0.0012595598001910882,
        "r2": 0.3903745456807801
      }
    }
  }
}