{
  "run_name": "eval_test_20260405_184224",
  "model_path": "D:\\Codes\\Quantum\\DriftAdaptiveQEC\\runs\\p4_no_teacher_params_stability\\stability_20260405_184204\\generated\\seed_20260405\\hybrid_no_teacher_params\\models\\tiny_cnn_20260405_184223_219d036188e6.npz",
  "model_type": "tiny_cnn_float",
  "split": "test",
  "n_samples": 206,
  "metrics": {
    "mse": 2.2211401878818307e-06,
    "mae": 0.0013026688969591772,
    "r2_mean": 0.19912382535233203,
    "per_label": {
      "b_q": {
        "mse": 2.3660312847111526e-06,
        "mae": 0.0013454741652577274,
        "r2": 0.09055234041616733
      },
      "b_p": {
        "mse": 2.076249091052509e-06,
        "mae": 0.001259863628660627,
        "r2": 0.3076953102884967
      }
    }
  }
}