{
  "run_name": "eval_test_20260404_211945",
  "model_path": "/Users/qinchaoyang/Desktop/PC/codes/local/quantum/DriftAdaptiveQEC/artifacts/models/runtime_b_residual_no_teacher_deltas_v1/tiny_cnn_20260404_211944_25f3b7ddfa8d.npz",
  "model_type": "tiny_cnn_float",
  "split": "test",
  "n_samples": 206,
  "metrics": {
    "mse": 2.463245513642902e-06,
    "mae": 0.0013494310776147114,
    "r2_mean": 0.1403072521414943,
    "per_label": {
      "b_q": {
        "mse": 2.5217176350752335e-06,
        "mae": 0.0013642727582207914,
        "r2": 0.09135825236147233
      },
      "b_p": {
        "mse": 2.4047733922105706e-06,
        "mae": 0.0013345893970086312,
        "r2": 0.1892562519215163
      }
    }
  }
}