{
  "run_name": "eval_test_20260404_201239",
  "model_path": "/Users/qinchaoyang/Desktop/PC/codes/local/quantum/DriftAdaptiveQEC/artifacts/models/runtime_b_residual_no_teacher_prediction_v1/tiny_cnn_20260404_201238_b8929e477b83.npz",
  "model_type": "tiny_cnn_float",
  "split": "test",
  "n_samples": 206,
  "metrics": {
    "mse": 2.5550757866230672e-06,
    "mae": 0.0013861266102774801,
    "r2_mean": 0.12475785416184021,
    "per_label": {
      "b_q": {
        "mse": 2.443894762806473e-06,
        "mae": 0.0014006127461806714,
        "r2": 0.0761040319564642
      },
      "b_p": {
        "mse": 2.6662568104396614e-06,
        "mae": 0.0013716404743742887,
        "r2": 0.17341167636721622
      }
    }
  }
}