{
  "run_name": "eval_test_20260406_113219",
  "model_path": "D:\\Codes\\Quantum\\DriftAdaptiveQEC\\runs\\p4_no_teacher_params_stability\\stability_20260406_113206\\generated\\seed_20260405\\hybrid_full\\models\\tiny_cnn_20260406_113217_8cb84bb5c6ed.npz",
  "model_type": "tiny_cnn_float",
  "split": "test",
  "n_samples": 206,
  "metrics": {
    "mse": 2.320228600759791e-06,
    "mae": 0.001317625439671891,
    "r2_mean": 0.1326616129928666,
    "per_label": {
      "b_q": {
        "mse": 2.4989819060219563e-06,
        "mae": 0.0013607103753416848,
        "r2": 0.020824733526000783
      },
      "b_p": {
        "mse": 2.1414752954976264e-06,
        "mae": 0.0012745405040020966,
        "r2": 0.24449849245973243
      }
    }
  }
}