{
  "run_name": "eval_test_20260404_205258",
  "model_path": "/Users/qinchaoyang/Desktop/PC/codes/local/quantum/DriftAdaptiveQEC/artifacts/models/runtime_b_residual_no_teacher_params_v1/tiny_cnn_20260404_205257_51db70f8c56a.npz",
  "model_type": "tiny_cnn_float",
  "split": "test",
  "n_samples": 206,
  "metrics": {
    "mse": 2.3289330162049775e-06,
    "mae": 0.0013305985058401175,
    "r2_mean": 0.15890537960359186,
    "per_label": {
      "b_q": {
        "mse": 2.533925553679628e-06,
        "mae": 0.001390319064318832,
        "r2": 0.026017669654381903
      },
      "b_p": {
        "mse": 2.1239404787303273e-06,
        "mae": 0.0012708779473614032,
        "r2": 0.2917930895528018
      }
    }
  }
}