{
  "run_name": "eval_test_20260404_163354",
  "model_path": "/Users/qinchaoyang/Desktop/PC/codes/local/quantum/DriftAdaptiveQEC/artifacts/models/runtime_b_residual_teacher_ukf_v1/tiny_cnn_20260404_163353_9e2cdba7f6f3.npz",
  "model_type": "tiny_cnn_float",
  "split": "test",
  "n_samples": 206,
  "metrics": {
    "mse": 2.7416798763758707e-06,
    "mae": 0.0014057812508026265,
    "r2_mean": -0.0004408597034116779,
    "per_label": {
      "b_q": {
        "mse": 2.6652191544008487e-06,
        "mae": 0.0014213419982061833,
        "r2": -0.0007673855877639024
      },
      "b_p": {
        "mse": 2.8181405983508934e-06,
        "mae": 0.0013902205033990696,
        "r2": -0.00011433381905945339
      }
    }
  }
}