{
  "config_path": "/Users/qinchaoyang/Desktop/PC/codes/local/quantum/DriftAdaptiveQEC/cnn_fpga/config/p4_multiscenario.yaml",
  "reference_mode": "static_linear",
  "compare_modes": [
    "window_variance",
    "ekf",
    "cnn_fpga"
  ],
  "n_windows_per_scenario": 64,
  "scenarios": {
    "static_bias_theta": {
      "reference_mode": "static_linear",
      "n_windows": 64,
      "capture_target_means": {
        "sigma": 0.2200000137090683,
        "mu_q": 0.03500000014901161,
        "mu_p": -0.02500000223517418,
        "theta_deg": 4.0
      },
      "modes": {
        "window_variance": {
          "n_windows": 64,
          "per_label": {
            "sigma": {
              "mae": 0.6299999999999999,
              "rmse": 0.6299999999999999
            },
            "mu_q": {
              "mae": 0.0366152920648819,
              "rmse": 0.0385806963605081
            },
            "mu_p": {
              "mae": 0.025649468443266536,
              "rmse": 0.02752318440503585
            },
            "theta_deg": {
              "mae": 9.986029559731227,
              "rmse": 12.187690558397442
            }
          },
          "k_rmse_to_oracle_mean": 0.36753796907191355,
          "b_rmse_to_oracle_mean": 0.020262320267662032,
          "max_gain_mean": 0.8628787703959694,
          "bias_norm_mean": 0.0008794585258660518
        },
        "ekf": {
          "n_windows": 64,
          "per_label": {
            "sigma": {
              "mae": 0.6095578614267427,
              "rmse": 0.6115652502363994
            },
            "mu_q": {
              "mae": 0.036111795111141806,
              "rmse": 0.03634294367793806
            },
            "mu_p": {
              "mae": 0.02631810252320866,
              "rmse": 0.02663414624082435
            },
            "theta_deg": {
              "mae": 3.9841207794155,
              "rmse": 4.627737029489904
            }
          },
          "k_rmse_to_oracle_mean": 0.3606659723345399,
          "b_rmse_to_oracle_mean": 0.020492863924204224,
          "max_gain_mean": 0.8624066306922602,
          "bias_norm_mean": 0.0008279202104138344
        },
        "cnn_fpga": {
          "n_windows": 64,
          "per_label": {
            "sigma": {
              "mae": 0.4714412436477339,
              "rmse": 0.47151410946143657
            },
            "mu_q": {
              "mae": 0.07265817281991215,
              "rmse": 0.07385225958111369
            },
            "mu_p": {
              "mae": 0.03563181058366336,
              "rmse": 0.03655593110180513
            },
            "theta_deg": {
              "mae": 2.662283128701505,
              "rmse": 3.1293941092534134
            }
          },
          "k_rmse_to_oracle_mean": 0.3167793464510575,
          "b_rmse_to_oracle_mean": 0.025466089052933037,
          "max_gain_mean": 0.8164158663455384,
          "bias_norm_mean": 0.007640628017449058
        }
      }
    },
    "linear_ramp": {
      "reference_mode": "static_linear",
      "n_windows": 64,
      "capture_target_means": {
        "sigma": 0.15270234644412994,
        "mu_q": 0.009999998845160007,
        "mu_p": -0.009999998845160007,
        "theta_deg": 1.999916911125183
      },
      "modes": {
        "window_variance": {
          "n_windows": 64,
          "per_label": {
            "sigma": {
              "mae": 0.6972976499999999,
              "rmse": 0.6973368000439404
            },
            "mu_q": {
              "mae": 0.015795118102910576,
              "rmse": 0.019799053602874834
            },
            "mu_p": {
              "mae": 0.013823307427167253,
              "rmse": 0.017193347512545372
            },
            "theta_deg": {
              "mae": 7.821173478338039,
              "rmse": 9.693006636514623
            }
          },
          "k_rmse_to_oracle_mean": 0.41618275706214625,
          "b_rmse_to_oracle_mean": 0.0076665538595486315,
          "max_gain_mean": 0.8660116059171665,
          "bias_norm_mean": 0.0011255645349483184
        },
        "ekf": {
          "n_windows": 64,
          "per_label": {
            "sigma": {
              "mae": 0.6768555114267427,
              "rmse": 0.6783833929582888
            },
            "mu_q": {
              "mae": 0.013384192711662014,
              "rmse": 0.013790945388216291
            },
            "mu_p": {
              "mae": 0.010526399548780672,
              "rmse": 0.010858173457033026
            },
            "theta_deg": {
              "mae": 3.796207707973013,
              "rmse": 4.569432613353761
            }
          },
          "k_rmse_to_oracle_mean": 0.40978793440590633,
          "b_rmse_to_oracle_mean": 0.007532195675769219,
          "max_gain_mean": 0.8623449641829244,
          "bias_norm_mean": 0.0007096111269063977
        },
        "cnn_fpga": {
          "n_windows": 64,
          "per_label": {
            "sigma": {
              "mae": 0.5427765658917786,
              "rmse": 0.5429522455901632
            },
            "mu_q": {
              "mae": 0.05289397746771532,
              "rmse": 0.05443316844452633
            },
            "mu_p": {
              "mae": 0.01957512877323112,
              "rmse": 0.021461067786166754
            },
            "theta_deg": {
              "mae": 1.6882679581562194,
              "rmse": 2.02591034377246
            }
          },
          "k_rmse_to_oracle_mean": 0.3688972796219495,
          "b_rmse_to_oracle_mean": 0.012754890874346995,
          "max_gain_mean": 0.8181576629295157,
          "bias_norm_mean": 0.007969697576241792
        }
      }
    },
    "step_sigma_theta": {
      "reference_mode": "static_linear",
      "n_windows": 64,
      "capture_target_means": {
        "sigma": 0.15999998152256012,
        "mu_q": 0.0,
        "mu_p": 0.0,
        "theta_deg": 0.0
      },
      "modes": {
        "window_variance": {
          "n_windows": 64,
          "per_label": {
            "sigma": {
              "mae": 0.69,
              "rmse": 0.69
            },
            "mu_q": {
              "mae": 0.01038436243533809,
              "rmse": 0.012333485855098168
            },
            "mu_p": {
              "mae": 0.007643048525871244,
              "rmse": 0.01082081051137746
            },
            "theta_deg": {
              "mae": 8.146933136144526,
              "rmse": 10.54395527762399
            }
          },
          "k_rmse_to_oracle_mean": 0.4107372276743902,
          "b_rmse_to_oracle_mean": 0.0006121293686114073,
          "max_gain_mean": 0.8643265210289655,
          "bias_norm_mean": 0.0008656816550171318
        },
        "ekf": {
          "n_windows": 64,
          "per_label": {
            "sigma": {
              "mae": 0.6695578614267428,
              "rmse": 0.6713858791097106
            },
            "mu_q": {
              "mae": 0.003172522518471152,
              "rmse": 0.00445025780673046
            },
            "mu_p": {
              "mae": 0.002032727610163423,
              "rmse": 0.003014698516448117
            },
            "theta_deg": {
              "mae": 2.9710952975472864,
              "rmse": 3.7351053921960915
            }
          },
          "k_rmse_to_oracle_mean": 0.4043630503132789,
          "b_rmse_to_oracle_mean": 0.00039553920679822685,
          "max_gain_mean": 0.8623979075061622,
          "bias_norm_mean": 0.0005593769107043486
        },
        "cnn_fpga": {
          "n_windows": 64,
          "per_label": {
            "sigma": {
              "mae": 0.5356811151237041,
              "rmse": 0.5357466700625434
            },
            "mu_q": {
              "mae": 0.040554788135381006,
              "rmse": 0.04236582135920984
            },
            "mu_p": {
              "mae": 0.011216592098986511,
              "rmse": 0.012946543242654478
            },
            "theta_deg": {
              "mae": 1.699610621839255,