{
  "config_path": "/Users/qinchaoyang/Desktop/PC/codes/local/quantum/DriftAdaptiveQEC/cnn_fpga/config/p4_multiscenario.yaml",
  "reference_mode": "static_linear",
  "compare_modes": [
    "window_variance",
    "ekf",
    "cnn_fpga"
  ],
  "n_windows_per_scenario": 64,
  "scenarios": {
    "static_bias_theta": {
      "reference_mode": "static_linear",
      "n_windows": 64,
      "capture_target_means": {
        "sigma": 0.2200000137090683,
        "mu_q": 0.03500000014901161,
        "mu_p": -0.02500000223517418,
        "theta_deg": 4.0
      },
      "modes": {
        "window_variance": {
          "n_windows": 64,
          "per_label": {
            "sigma": {
              "mae": 0.6299999999999999,
              "rmse": 0.6299999999999999
            },
            "mu_q": {
              "mae": 0.0364925728120544,
              "rmse": 0.03899783985187701
            },
            "mu_p": {
              "mae": 0.026677239478290534,
              "rmse": 0.028369538391387172
            },
            "theta_deg": {
              "mae": 7.397920950804363,
              "rmse": 9.683138444346637
            }
          },
          "mean_target": {
            "sigma": 0.22000000000000014,
            "mu_q": 0.035000000000000024,
            "mu_p": -0.025,
            "theta_deg": 4.0
          },
          "mean_prediction": {
            "sigma": 0.8499999999999999,
            "mu_q": -0.0014925728120543727,
            "mu_p": 0.001677239478290531,
            "theta_deg": 1.8542159016821613
          },
          "mu_sign_mismatch_rate": {
            "mu_q": 0.484375,
            "mu_p": 0.609375
          },
          "k_rmse_to_oracle_mean": 0.36752341510470554,
          "b_rmse_to_oracle_mean": 0.020555978873555147,
          "max_gain_mean": 0.8653514336600165,
          "bias_norm_mean": 0.0013694216786973275
        },
        "ekf": {
          "n_windows": 64,
          "per_label": {
            "sigma": {
              "mae": 0.6095578614267427,
              "rmse": 0.6115652502363994
            },
            "mu_q": {
              "mae": 0.037450667174141014,
              "rmse": 0.037792749371600494
            },
            "mu_p": {
              "mae": 0.026252653295705926,
              "rmse": 0.026503982902665386
            },
            "theta_deg": {
              "mae": 3.0776025201876656,
              "rmse": 3.9425121492856765
            }
          },
          "mean_target": {
            "sigma": 0.22000000000000014,
            "mu_q": 0.035000000000000024,
            "mu_p": -0.025,
            "theta_deg": 4.0
          },
          "mean_prediction": {
            "sigma": 0.8295578614267427,
            "mu_q": -0.0024506671741409973,
            "mu_p": 0.001252653295705919,
            "theta_deg": 1.5988656660385663
          },
          "mu_sign_mismatch_rate": {
            "mu_q": 0.625,
            "mu_p": 0.65625
          },
          "k_rmse_to_oracle_mean": 0.3606249926345896,
          "b_rmse_to_oracle_mean": 0.02051795575136537,
          "max_gain_mean": 0.862382916833196,
          "bias_norm_mean": 0.0009692606686220726
        },
        "cnn_fpga": {
          "n_windows": 64,
          "per_label": {
            "sigma": {
              "mae": 0.47039582192363005,
              "rmse": 0.47045744192665445
            },
            "mu_q": {
              "mae": 0.07572914179762075,
              "rmse": 0.07733743320934768
            },
            "mu_p": {
              "mae": 0.03675459265754992,
              "rmse": 0.03735042094754941
            },
            "theta_deg": {
              "mae": 2.61808518167601,
              "rmse": 3.0207321486070597
            }
          },
          "mean_target": {
            "sigma": 0.22000000000000014,
            "mu_q": 0.035000000000000024,
            "mu_p": -0.025,
            "theta_deg": 4.0
          },
          "mean_prediction": {
            "sigma": 0.6903958219236301,
            "mu_q": -0.04072914179762074,
            "mu_p": 0.011754592657549913,
            "theta_deg": 1.3819148183239904
          },
          "mu_sign_mismatch_rate": {
            "mu_q": 1.0,
            "mu_p": 0.953125
          },
          "k_rmse_to_oracle_mean": 0.3163487915491035,
          "b_rmse_to_oracle_mean": 0.0259334074630071,
          "max_gain_mean": 0.815983112523333,
          "bias_norm_mean": 0.008278342606312534
        }
      }
    },
    "linear_ramp": {
      "reference_mode": "static_linear",
      "n_windows": 64,
      "capture_target_means": {
        "sigma": 0.15270234644412994,
        "mu_q": 0.009999998845160007,
        "mu_p": -0.009999998845160007,
        "theta_deg": 1.999916911125183
      },
      "modes": {
        "window_variance": {
          "n_windows": 64,
          "per_label": {
            "sigma": {
              "mae": 0.6972976499999999,
              "rmse": 0.6973368000439404
            },
            "mu_q": {
              "mae": 0.015420582502892658,
              "rmse": 0.01829864166323109
            },
            "mu_p": {
              "mae": 0.011716134292192561,
              "rmse": 0.014568995747071977
            },
            "theta_deg": {
              "mae": 9.874839341051345,
              "rmse": 11.283652434323868
            }
          },
          "mean_target": {
            "sigma": 0.15270235000000001,
            "mu_q": 0.01,
            "mu_p": -0.01,
            "theta_deg": 1.9999167062542806
          },
          "mean_prediction": {
            "sigma": 0.8499999999999999,
            "mu_q": -0.0019040388305126034,
            "mu_p": -0.0010102880235347063,
            "theta_deg": 0.9324367826004969
          },
          "mu_sign_mismatch_rate": {
            "mu_q": 0.59375,
            "mu_p": 0.453125
          },
          "k_rmse_to_oracle_mean": 0.4159836399929118,
          "b_rmse_to_oracle_mean": 0.0074144701855500435,
          "max_gain_mean": 0.8634106878636009,
          "bias_norm_mean": 0.0010563462356354238
        },
        "ekf": {
          "n_windows": 64,
          "per_label": {
            "sigma": {
              "mae": 0.6768555114267427,
              "rmse": 0.6783833929582888
            },
            "mu_q": {
              "mae": 0.012116767183174788,
              "rmse": 0.012693145163806754
            },
            "mu_p": {
              "mae": 0.009115479572559504,
              "rmse": 0.009628966949725211
            },
            "theta_deg": {
              "mae": 2.9584448541253776,
              "rmse": 3.3784393431898034
            }
          },
          "mean_target": {
            "sigma": 0.15270235000000001,
            "mu_q": 0.01,
            "mu_p": -0.01,
            "theta_deg": 1.9999167062542806
          },
          "mean_prediction": {
            "sigma": 0.8295578614267427,
            "mu_q": -0.002116767183174788,
            "mu_p": -0.0008845204274404953,
            "theta_deg": 1.1024153594036084
          },
          "mu_sign_mismatch_rate": {
            "mu_q": 0.703125,
            "mu_p": 0.40625
          },
          "k_rmse_to_oracle_mean": 0.409766247304546,
          "b_rmse_to_oracle_mean": 0.007333461816660777,
          "max_gain_mean": 0.8623188084279556,
          "bias_norm_mean": 0.0006787347986224723
        },
        "cnn_fpga": {
          "n_windows": 64,
          "per_label": {
            "sigma": {
              "mae": 0.5422868287479142,
              "rmse": 0.5424560121118024
            },
            "mu_q": {
              "mae": 0.053240498755830326,
              "rmse": 0.05508638120604466
            },
            "mu_p": {
              "mae": 0.01910045005000753,
              "rmse": 0.020274431769078668
            },
            "theta_deg": {
              "mae": 1.6975193008243985,
              "rmse": 2.098112413270859
            }
          },