{
  "run_name": "eval_test_20260319_150147",
  "model_path": "/Users/qinchaoyang/Desktop/PC/codes/local/quantum/DriftAdaptiveQEC/artifacts/models/static_v1/tiny_cnn_20260319_140836_3f4d96bd8756_int8_20260319_150129.npz",
  "model_type": "tiny_cnn_int8",
  "split": "test",
  "n_samples": 1280,
  "metrics": {
    "mse": 12.654640800453063,
    "mae": 1.49696459003187,
    "r2_mean": 0.7973642970440972,
    "per_label": {
      "sigma": {
        "mse": 0.0002912489647271885,
        "mae": 0.013969984913188826,
        "r2": 0.9831522611027658
      },
      "mu_q": {
        "mse": 0.0005296465093045136,
        "mae": 0.017936527067823192,
        "r2": 0.9809567976024824
      },
      "mu_p": {
        "mse": 0.0003751060994991365,
        "mae": 0.014369659555519151,
        "r2": 0.9870712057852804
      },
      "theta_deg": {
        "mse": 50.61736720023872,
        "mae": 5.941582188590949,
        "r2": 0.23827692368585973
      }
    }
  }
}