{
  "run_name": "eval_test_20260319_150129",
  "model_path": "/Users/qinchaoyang/Desktop/PC/codes/local/quantum/DriftAdaptiveQEC/artifacts/models/static_v1/tiny_cnn_20260319_140836_3f4d96bd8756.npz",
  "model_type": "tiny_cnn_float",
  "split": "test",
  "n_samples": 1280,
  "metrics": {
    "mse": 12.661239303838888,
    "mae": 1.4969137101335908,
    "r2_mean": 0.7977779670436589,
    "per_label": {
      "sigma": {
        "mse": 0.00026173206682833153,
        "mae": 0.013061627103517225,
        "r2": 0.9848597109106031
      },
      "mu_q": {
        "mse": 0.0005107611140541228,
        "mae": 0.01756676713629793,
        "r2": 0.9816358135079825
      },
      "mu_p": {
        "mse": 0.00038479677611275476,
        "mae": 0.0145894732168167,
        "r2": 0.9867371969171064
      },
      "theta_deg": {
        "mse": 50.64379992539856,
        "mae": 5.942436973077731,
        "r2": 0.2378791468389434
      }
    }
  }
}