{
  "run_name": "eval_test_20260317_154824",
  "model_path": "/Users/qinchaoyang/Desktop/PC/codes/local/quantum/DriftAdaptiveQEC/artifacts/models/static_v1/linear_baseline_20260317_154752_922c0178d1d3.npz",
  "split": "test",
  "n_samples": 1280,
  "metrics": {
    "mse": 17.683437783387298,
    "mae": 1.7596849070008425,
    "r2_mean": 0.717641934068239,
    "per_label": {
      "sigma": {
        "mse": 0.0005494665306251952,
        "mae": 0.018983537260069315,
        "r2": 0.9682152736597238
      },
      "mu_q": {
        "mse": 0.0004463164845423067,
        "mae": 0.014819594880171372,
        "r2": 0.9839528912223962
      },
      "mu_p": {
        "mse": 0.0004983139167772739,
        "mae": 0.015661449805942702,
        "r2": 0.9828245979125724
      },
      "theta_deg": {
        "mse": 70.73225703661724,
        "mae": 6.989275046057185,
        "r2": -0.06442502652173654
      }
    }
  }
}