{
  "source_model": "/Users/qinchaoyang/Desktop/PC/codes/local/quantum/DriftAdaptiveQEC/artifacts/models/static_v1/linear_baseline_20260317_154752_922c0178d1d3.npz",
  "quantized_model": "/Users/qinchaoyang/Desktop/PC/codes/local/quantum/DriftAdaptiveQEC/artifacts/models/static_v1/linear_baseline_20260317_154752_922c0178d1d3_int8_20260317_154841.npz",
  "weight_scale": 0.0035308944428060936,
  "bias_scale": 0.0032064241217815968,
  "weight_mse": 6.370136134137283e-07,
  "bias_mse": 6.223322088771965e-07
}