{
  "source_model": "/Users/qinchaoyang/Desktop/PC/codes/local/quantum/DriftAdaptiveQEC/artifacts/models/static_v1/tiny_cnn_20260319_140836_3f4d96bd8756.npz",
  "quantized_model": "/Users/qinchaoyang/Desktop/PC/codes/local/quantum/DriftAdaptiveQEC/artifacts/models/static_v1/tiny_cnn_20260319_140836_3f4d96bd8756_int8_20260319_150129.npz",
  "source_model_type": "tiny_cnn_float",
  "tensor_mse": {
    "conv_w": 3.0215034712455235e-05,
    "conv_b": 1.373466007592583e-09,
    "fc1_w": 9.328026635557762e-07,
    "fc1_b": 2.1156947695999406e-06,
    "fc2_w": 1.2066808267263696e-05,
    "fc2_b": 8.825369377518655e-07
  },
  "mean_tensor_mse": 7.702375136105685e-06
}