evaluation_seed,window_index,start_cycle,end_cycle,truth_regime,deployable_trace_sha256,truth_trace_sha256,static_prior_prediction,static_prior_p_normal,static_prior_p_burst,static_prior_p_leakage,static_prior_p_calibration_shift,memoryless_emission_prediction,memoryless_emission_p_normal,memoryless_emission_p_burst,memoryless_emission_p_leakage,memoryless_emission_p_calibration_shift,causal_hmm_prediction,causal_hmm_p_normal,causal_hmm_p_burst,causal_hmm_p_leakage,causal_hmm_p_calibration_shift
20261231,0,0,31,leakage,56babf9306923960eb6a75a4d648d1755e0529a558e7893bd96204a14562d97f,cb62ae3379c98301c36455d7400860b53b21fe0194272ad31809731a511d514b,burst,0.22959183673469388,0.288265306122449,0.19387755102040816,0.288265306122449,leakage,0.0010150909321100788,0.15904244594209674,0.8218011975776861,0.018141265548106137,leakage,0.0006123726806045875,0.11056322244015916,0.875957197772091,0.012867207107145326
20261231,1,32,63,leakage,56babf9306923960eb6a75a4d648d1755e0529a558e7893bd96204a14562d97f,cb62ae3379c98301c36455d7400860b53b21fe0194272ad31809731a511d514b,burst,0.22959183673469388,0.288265306122449,0.19387755102040816,0.288265306122449,leakage,0.006343112959902341,0.12623082154795615,0.8643649067805026,0.003061158711638922,leakage,0.00015891420380287607,0.014748527326058311,0.9849539233281244,0.00013863514201443663
20261231,2,64,95,leakage,56babf9306923960eb6a75a4d648d1755e0529a558e7893bd96204a14562d97f,cb62ae3379c98301c36455d7400860b53b21fe0194272ad31809731a511d514b,burst,0.22959183673469388,0.288265306122449,0.19387755102040816,0.288265306122449,normal,0.3336546436704462,0.265640955081871,0.2340720732777252,0.16663232796995803,leakage,0.02229710206853793,0.02677704388086884,0.9356413513207036,0.015284502729889592
20261231,3,96,127,leakage,56babf9306923960eb6a75a4d648d1755e0529a558e7893bd96204a14562d97f,cb62ae3379c98301c36455d7400860b53b21fe0194272ad31809731a511d514b,burst,0.22959183673469388,0.288265306122449,0.19387755102040816,0.288265306122449,burst,0.0038709905424653772,0.42263291020229987,0.3980007957734737,0.17549530348176148,leakage,0.000406810456858869,0.03705686245046318,0.9459765045643823,0.01655982252829577
20261231,4,128,159,leakage,56babf9306923960eb6a75a4d648d1755e0529a558e7893bd96204a14562d97f,cb62ae3379c98301c36455d7400860b53b21fe0194272ad31809731a511d514b,burst,0.22959183673469388,0.288265306122449,0.19387755102040816,0.288265306122449,calibration_shift,0.2561765261244566,0.2163124441322684,0.08287621596920262,0.44463481377407277,leakage,0.04229819380924495,0.08191292384013854,0.7202305285889172,0.15555835376169924
20261231,5,160,191,leakage,56babf9306923960eb6a75a4d648d1755e0529a558e7893bd96204a14562d97f,cb62ae3379c98301c36455d7400860b53b21fe0194272ad31809731a511d514b,burst,0.22959183673469388,0.288265306122449,0.19387755102040816,0.288265306122449,burst,0.09864266410053289,0.6190495848592689,0.10722032348901046,0.1750874275511884,leakage,0.04082125885953196,0.296998549327885,0.5112699409038615,0.15091025090872148
20261231,6,192,223,leakage,56babf9306923960eb6a75a4d648d1755e0529a558e7893bd96204a14562d97f,cb62ae3379c98301c36455d7400860b53b21fe0194272ad31809731a511d514b,burst,0.22959183673469388,0.288265306122449,0.19387755102040816,0.288265306122449,normal,0.4185718764019446,0.36342066357060054,0.08108451320103124,0.1369229468264237,burst,0.16440465331427476,0.4669985335444898,0.2624285609128936,0.10616825222834182
20261231,7,224,255,leakage,56babf9306923960eb6a75a4d648d1755e0529a558e7893bd96204a14562d97f,cb62ae3379c98301c36455d7400860b53b21fe0194272ad31809731a511d514b,burst,0.22959183673469388,0.288265306122449,0.19387755102040816,0.288265306122449,burst,0.0910019842334793,0.44554673156223507,0.168720017659022,0.29473126654526427,burst,0.06637984160324385,0.6044803547600432,0.21018886071219076,0.118950942924522
20261231,8,256,287,calibration_shift,56babf9306923960eb6a75a4d648d1755e0529a558e7893bd96204a14562d97f,cb62ae3379c98301c36455d7400860b53b21fe0194272ad31809731a511d514b,burst,0.22959183673469388,0.288265306122449,0.19387755102040816,0.288265306122449,calibration_shift,0.051023506279692744,0.03817190015117129,0.002419036313178608,0.9083855572559559,calibration_shift,0.03985145181306139,0.13614738050319558,0.005099605457496056,0.818901562226247
20261231,9,288,319,calibration_shift,56babf9306923960eb6a75a4d648d1755e0529a558e7893bd96204a14562d97f,cb62ae3379c98301c36455d7400860b53b21fe0194272ad31809731a511d514b,burst,0.22959183673469388,0.288265306122449,0.19387755102040816,0.288265306122449,calibration_shift,0.1661267628460316,0.18578232869741473,0.018107824313312527,0.629983084143241,calibration_shift,0.0286338012314956,0.05433469759236669,0.0011524842179239957,0.9158790169582137
20261231,10,320,351,calibration_shift,56babf9306923960eb6a75a4d648d1755e0529a558e7893bd96204a14562d97f,cb62ae3379c98301c36455d7400860b53b21fe0194272ad31809731a511d514b,burst,0.22959183673469388,0.288265306122449,0.19387755102040816,0.288265306122449,calibration_shift,0.09987949795447079,0.2688883832879094,0.08574827601067918,0.5454838427469397,calibration_shift,0.014976778171355884,0.041241671776567894,0.004143291242355572,0.9396382588097205
20261231,11,352,383,calibration_shift,56babf9306923960eb6a75a4d648d1755e0529a558e7893bd96204a14562d97f,cb62ae3379c98301c36455d7400860b53b21fe0194272ad31809731a511d514b,burst,0.22959183673469388,0.288265306122449,0.19387755102040816,0.288265306122449,calibration_shift,0.16136429459034834,0.03968272727283093,0.003129757683697357,0.7958232204531246,calibration_shift,0.012514939297129782,0.003517324631424805,0.0001304659497041399,0.9838372701217412
20261231,12,384,415,calibration_shift,56babf9306923960eb6a75a4d648d1755e0529a558e7893bd96204a14562d97f,cb62ae3379c98301c36455d7400860b53b21fe0194272ad31809731a511d514b,burst,0.22959183673469388,0.288265306122449,0.19387755102040816,0.288265306122449,calibration_shift,0.02316138304322361,0.09532026710757562,0.03066136450654483,0.8508569853426543,calibration_shift,0.0014728661048870482,0.0026473499307591293,0.000758709534164302,0.9951210744301895
20261231,13,416,447,calibration_shift,56babf9306923960eb6a75a4d648d1755e0529a558e7893bd96204a14562d97f,cb62ae3379c98301c36455d7400860b53b21fe0194272ad31809731a511d514b,burst,0.22959183673469388,0.288265306122449,0.19387755102040816,0.288265306122449,burst,0.21779143368113146,0.3938407842771705,0.05655595526362875,0.3318118267780705,calibration_shift,0.021102997327355627,0.024568558192053506,0.003582636750626035,0.9507458077299649
20261231,14,448,479,calibration_shift,56babf9306923960eb6a75a4d648d1755e0529a558e7893bd96204a14562d97f,cb62ae3379c98301c36455d7400860b53b21fe0194272ad31809731a511d514b,burst,0.22959183673469388,0.288265306122449,0.19387755102040816,0.288265306122449,burst,0.16808434574870737,0.39418223389513535,0.1126654560950961,0.32506796426106205,calibration_shift,0.0332448913018709,0.05663783802710654,0.01001711134245106,0.9001001593285715
20261231,15,480,511,calibration_shift,56babf9306923960eb6a75a4d648d1755e0529a558e7893bd96204a14562d97f,cb62ae3379c98301c36455d7400860b53b21fe0194272ad31809731a511d514b,burst,0.22959183673469388,0.288265306122449,0.19387755102040816,0.288265306122449,calibration_shift,0.1020745183031757,0.23638713860198798,0.03890506374002966,0.6226332793548066,calibration_shift,0.014987665284824174,0.03374193779356025,0.0029262246527455684,0.94834417226887
20261231,16,512,543,calibration_shift,56babf9306923960eb6a75a4d648d1755e0529a558e7893bd96204a14562d97f,cb62ae3379c98301c36455d7400860b53b21fe0194272ad31809731a511d514b,burst,0.22959183673469388,0.288265306122449,0.19387755102040816,0.288265306122449,calibration_shift,0.35098010008329716,0.20546628016929608,0.033519565382170054,0.4100340543652374,calibration_shift,0.04877116790473906,0.028797605683983894,0.0022942877972691963,0.9201369386140078
20261231,17,544,575,calibration_shift,56babf9306923960eb6a75a4d648d1755e0529a558e7893bd96204a14562d97f,cb62ae3379c98301c36455d7400860b53b21fe0194272ad31809731a511d514b,burst,0.22959183673469388,0.288265306122449,0.19387755102040816,0.288265306122449,burst,0.06447759875914996,0.5160508004464724,0.16226659185495676,0.2572050089394195,calibration_shift,0.025134783886683287,0.10209825103924478,0.01699452201793045,0.8557724430561415
20261231,18,576,607,calibration_shift,56babf9306923960eb6a75a4d648d1755e0529a558e7893bd96204a14562d97f,cb62ae3379c98301c36455d7400860b53b21fe0194272ad31809731a511d514b,burst,0.22959183673469388,0.288265306122449,0.19387755102040816,0.288265306122449,burst,0.014575509333907001,0.6493304974539663,0.10796464068981951,0.2281293525223077,calibration_shift,0.003845522753934148,0.2952957766645559,0.021494651633769284,0.6793640489477406
20261231,19,608,639,calibration_shift,56babf9306923960eb6a75a4d648d1755e0529a558e7893bd96204a14562d97f,cb62ae3379c98301c36455d7400860b53b21fe0194272ad31809731a511d514b,burst,0.22959183673469388,0.288265306122449,0.19387755102040816,0.288265306122449,calibration_shift,0.023675827151188232,0.13361100612239815,0.015762977065320632,0.8269501896610917,calibration_shift,0.0016742771879296153,0.06965163954449093,0.0016694150562410258,0.9270046682113384
20261231,20,640,671,calibration_shift,56babf9306923960eb6a75a4d648d1755e0529a558e7893bd96204a14562d97f,cb62ae3379c98301c36455d7400860b53b21fe0194272ad31809731a511d514b,burst,0.22959183673469388,0.288265306122449,0.19387755102040816,0.288265306122449,calibration_shift,0.04033696555167455,0.4252420117219477,0.015770048996844886,0.5186509737295313,calibration_shift,0.0027763537856363373,0.07833908787318528,0.0007710461037503926,0.9181135122374279
20261231,21,672,703,calibration_shift,56babf9306923960eb6a75a4d648d1755e0529a558e7893bd96204a14562d97f,cb62ae3379c98301c36455d7400860b53b21fe0194272ad31809731a511d514b,burst,0.22959183673469388,0.288265306122449,0.19387755102040816,0.288265306122449,calibration_shift,0.01727091636915615,0.27333100544990163,0.026152711741918012,0.6832453664390254,calibration_shift,0.0010110025782849917,0.04383582922633303,0.0009340328730081955,0.9542191353223738
20261231,22,704,735,calibration_shift,56babf9306923960eb6a75a4d648d1755e0529a558e7893bd96204a14562d97f,cb62ae3379c98301c36455d7400860b53b21fe0194272ad31809731a511d514b,burst,0.22959183673469388,0.288265306122449,0.19387755102040816,0.288265306122449,normal,0.500183775763963,0.21826304490830278,0.045166775081759855,0.23638640424597274,calibration_shift,0.06561013495789725,0.05851354761737137,0.004071597595616105,0.8718047198291153
20261231,23,736,767,calibration_shift,56babf9306923960eb6a75a4d648d1755e0529a558e7893bd96204a14562d97f,cb62ae3379c98301c36455d7400860b53b21fe0194272ad31809731a511d514b,burst,0.22959183673469388,0.288265306122449,0.19387755102040816,0.288265306122449,calibration_shift,0.007793676849129693,0.4108486259555404,0.14818374646216256,0.43317395073316695,calibration_shift,0.0024459284568403863,0.08510680080231385,0.012015575343209715,0.900431695397636
20261231,24,768,799,calibration_shift,56babf9306923960eb6a75a4d648d1755e0529a558e7893bd96204a14562d97f,cb62ae3379c98301c36455d7400860b53b21fe0194272ad31809731a511d514b,burst,0.22959183673469388,0.288265306122449,0.19387755102040816,0.288265306122449,calibration_shift,0.12438112848333786,0.04052363762387825,0.008220004482375875,0.8268752294104081,calibration_shift,0.0063192220115292266,0.006050387179392376,0.0005080985121039113,0.9871222922969745
20261231,25,800,831,normal,56babf9306923960eb6a75a4d648d1755e0529a558e7893bd96204a14562d97f,cb62ae3379c98301c36455d7400860b53b21fe0194272ad31809731a511d514b,burst,0.22959183673469388,0.288265306122449,0.19387755102040816,0.288265306122449,calibration_shift,0.3484179597000276,0.03578872463251378,0.0018097369511923375,0.613983578716266,calibration_shift,0.02422869537859904,0.0015324422229557875,6.336249713652703e-05,0.9741754999013087
20261231,26,832,863,normal,56babf9306923960eb6a75a4d648d1755e0529a558e7893bd96204a14562d97f,cb62ae3379c98301c36455d7400860b53b21fe0194272ad31809731a511d514b,burst,0.22959183673469388,0.288265306122449,0.19387755102040816,0.288265306122449,normal,0.9919477085807135,0.0016612652688587166,0.0014680388521941183,0.004922987298235191,normal,0.9357560357178376,0.00045378214159550606,0.00040844801628893695,0.06338173412427808
20261231,27,864,895,normal,56babf9306923960eb6a75a4d648d1755e0529a558e7893bd96204a14562d97f,cb62ae3379c98301c36455d7400860b53b21fe0194272ad31809731a511d514b,burst,0.22959183673469388,0.288265306122449,0.19387755102040816,0.288265306122449,normal,0.9332709897076453,0.006352331840647866,0.010541331479195438,0.04983534697251115,normal,0.9956642125421697,0.00013485875038171614,0.0003558095459295868,0.0038451191615187824
20261231,28,896,927,normal,56babf9306923960eb6a75a4d648d1755e0529a558e7893bd96204a14562d97f,cb62ae3379c98301c36455d7400860b53b21fe0194272ad31809731a511d514b,burst,0.22959183673469388,0.288265306122449,0.19387755102040816,0.288265306122449,normal,0.657181437097786,0.1719149278780064,0.061910863694295604,0.10899277132991046,normal,0.9899209528763254,0.00454940951851273,0.0027397518871614987,0.0027898857180004275
20261231,29,928,959,normal,56babf9306923960eb6a75a4d648d1755e0529a558e7893bd96204a14562d97f,cb62ae3379c98301c36455d7400860b53b21fe0194272ad31809731a511d514b,burst,0.22959183673469388,0.288265306122449,0.19387755102040816,0.288265306122449,normal,0.35448089020532647,0.27368940409144604,0.15131599090856843,0.22051371479465978,normal,0.9586353435682614,0.017423051087086108,0.014255631888471882,0.009685973456180594
20261231,30,960,991,normal,56babf9306923960eb6a75a4d648d1755e0529a558e7893bd96204a14562d97f,cb62ae3379c98301c36455d7400860b53b21fe0194272ad31809731a511d514b,burst,0.22959183673469388,0.288265306122449,0.19387755102040816,0.288265306122449,normal,0.8283811604746479,0.018297622515061472,0.010127854506395466,0.143193362503894,normal,0.9942071821018251,0.0008307293921157494,0.0006743132145867296,0.00428777529147237
20261231,31,992,1023,normal,56babf9306923960eb6a75a4d648d1755e0529a558e7893bd96204a14562d97f,cb62ae3379c98301c36455d7400860b53b21fe0194272ad31809731a511d514b,burst,0.22959183673469388,0.288265306122449,0.19387755102040816,0.288265306122449,normal,0.8035798248641592,0.1129761817556262,0.013369093335000776,0.07007490004521327,normal,0.9953431659511903,0.00263149118413507,0.0005015712361018266,0.0015237716285728933
20261231,32,1024,1055,normal,56babf9306923960eb6a75a4d648d1755e0529a558e7893bd96204a14562d97f,cb62ae3379c98301c36455d7400860b53b21fe0194272ad31809731a511d514b,burst,0.22959183673469388,0.288265306122449,0.19387755102040816,0.288265306122449,burst,0.15918555182606253,0.4590418564518271,0.027904765528884563,0.3538678261932244,normal,0.9106554894215292,0.055371494132152796,0.004758149509262381,0.029214866937055554
20261231,33,1056,1087,normal,56babf9306923960eb6a75a4d648d1755e0529a558e7893bd96204a14562d97f,cb62ae3379c98301c36455d7400860b53b21fe0194272ad31809731a511d514b,burst,0.22959183673469388,0.288265306122449,0.19387755102040816,0.288265306122449,normal,0.7127680929859178,0.06240898222278939,0.013990853765798365,0.210832071025494,normal,0.9796751281907343,0.0064433754123653895,0.0008118282672619888,0.013069668129638055
20261231,34,1088,1119,normal,56babf9306923960eb6a75a4d648d1755e0529a558e7893bd96204a14562d97f,cb62ae3379c98301c36455d7400860b53b21fe0194272ad31809731a511d514b,burst,0.22959183673469388,0.288265306122449,0.19387755102040816,0.288265306122449,calibration_shift,0.22093794318950502,0.2957756822479908,0.022324402992677767,0.4609619715698277,normal,0.9144790278006104,0.03179368298667287,0.002892005575568068,0.05083528363714864
20261231,35,1120,1151,normal,56babf9306923960eb6a75a4d648d1755e0529a558e7893bd96204a14562d97f,cb62ae3379c98301c36455d7400860b53b21fe0194272ad31809731a511d514b,burst,0.22959183673469388,0.288265306122449,0.19387755102040816,0.288265306122449,normal,0.7005854244742215,0.04496368189638114,0.03597591278123218,0.21847498084816444,normal,0.9752920024703168,0.003350959211586982,0.0019245848873310851,0.019432453430765242
20261231,36,1152,1183,normal,56babf9306923960eb6a75a4d648d1755e0529a558e7893bd96204a14562d97f,cb62ae3379c98301c36455d7400860b53b21fe0194272ad31809731a511d514b,burst,0.22959183673469388,0.288265306122449,0.19387755102040816,0.288265306122449,normal,0.5019746932433453,0.10479345066362447,0.03626799267182671,0.3569638634212024,normal,0.9705242289358198,0.004607927153047322,0.0023763876443082797,0.022491456266824566
20261231,37,1184,1215,burst,56babf9306923960eb6a75a4d648d1755e0529a558e7893bd96204a14562d97f,cb62ae3379c98301c36455d7400860b53b21fe0194272ad31809731a511d514b,burst,0.22959183673469388,0.288265306122449,0.19387755102040816,0.288265306122449,burst,0.23371510100441129,0.5235238905431105,0.1159259172487313,0.12683509120374867,normal,0.9163962095890547,0.0500086824872077,0.015914478481644758,0.017680629442092876
20261231,38,1216,1247,burst,56babf9306923960eb6a75a4d648d1755e0529a558e7893bd96204a14562d97f,cb62ae3379c98301c36455d7400860b53b21fe0194272ad31809731a511d514b,burst,0.22959183673469388,0.288265306122449,0.19387755102040816,0.288265306122449,burst,0.10882829132654843,0.8033155412533232,0.06943439529933267,0.01842177212079426,normal,0.6404594311743838,0.3309901076668531,0.024802051624691585,0.0037484095340715056
20261231,39,1248,1279,burst,56babf9306923960eb6a75a4d648d1755e0529a558e7893bd96204a14562d97f,cb62ae3379c98301c36455d7400860b53b21fe0194272ad31809731a511d514b,burst,0.22959183673469388,0.288265306122449,0.19387755102040816,0.288265306122449,calibration_shift,0.12239989350256504,0.30220580132025454,0.16955313742320224,0.40584116775397716,burst,0.4369271911385661,0.457617668429169,0.06060901258278221,0.04484612784948264
20261231,40,1280,1311,burst,56babf9306923960eb6a75a4d648d1755e0529a558e7893bd96204a14562d97f,cb62ae3379c98301c36455d7400860b53b21fe0194272ad31809731a511d514b,burst,0.22959183673469388,0.288265306122449,0.19387755102040816,0.288265306122449,burst,0.07941455833741082,0.6024919469158848,0.10907164232515452,0.2090218524215491,burst,0.12939809176991368,0.785706262763555,0.04211346786094618,0.0427821776055851
20261231,41,1312,1343,burst,56babf9306923960eb6a75a4d648d1755e0529a558e7893bd96204a14562d97f,cb62ae3379c98301c36455d7400860b53b21fe0194272ad31809731a511d514b,burst,0.22959183673469388,0.288265306122449,0.19387755102040816,0.288265306122449,normal,0.49468944277464993,0.26081484353970036,0.1499613768995508,0.09453433678609846,burst,0.3184767237983538,0.6149890456595297,0.04626220818980152,0.02027202235231492
20261231,42,1344,1375,burst,56babf9306923960eb6a75a4d648d1755e0529a558e7893bd96204a14562d97f,cb62ae3379c98301c36455d7400860b53b21fe0194272ad31809731a511d514b,burst,0.22959183673469388,0.288265306122449,0.19387755102040816,0.288265306122449,burst,0.10724289509073742,0.45411279466395005,0.09300664668654471,0.3456376635587664,burst,0.13454279903095523,0.7899487347472308,0.029682755269474795,0.04582571095233908
20261231,43,1376,1407,burst,56babf9306923960eb6a75a4d648d1755e0529a558e7893bd96204a14562d97f,cb62ae3379c98301c36455d7400860b53b21fe0194272ad31809731a511d514b,burst,0.22959183673469388,0.288265306122449,0.19387755102040816,0.288265306122449,calibration_shift,0.26079175588582915,0.19553557568030436,0.061948306569622504,0.48172436186424245,burst,0.227959608526338,0.610747448229805,0.020160071361683022,0.14113287188217402
20261231,44,1408,1439,burst,56babf9306923960eb6a75a4d648d1755e0529a558e7893bd96204a14562d97f,cb62ae3379c98301c36455d7400860b53b21fe0194272ad31809731a511d514b,burst,0.22959183673469388,0.288265306122449,0.19387755102040816,0.288265306122449,burst,0.04459682023537886,0.6245134897854044,0.16375127217343796,0.16713841780577893,burst,0.03430979402267772,0.8757408334289566,0.025796150408264912,0.06415322214010086
20261231,45,1440,1471,burst,56babf9306923960eb6a75a4d648d1755e0529a558e7893bd96204a14562d97f,cb62ae3379c98301c36455d7400860b53b21fe0194272ad31809731a511d514b,burst,0.22959183673469388,0.288265306122449,0.19387755102040816,0.288265306122449,burst,0.2586112361513711,0.4840811109056018,0.09452575608339256,0.16278189685963568,burst,0.04876931100378516,0.9044671245381631,0.01459416775956431,0.0321693966984875
20261231,46,1472,1503,burst,56babf9306923960eb6a75a4d648d1755e0529a558e7893bd96204a14562d97f,cb62ae3379c98301c36455d7400860b53b21fe0194272ad31809731a511d514b,burst,0.22959183673469388,0.288265306122449,0.19387755102040816,0.288265306122449,burst,0.01645376452397396,0.5549178873420373,0.33495936764152195,0.09366898049246856,burst,0.0033644122436825496,0.952612355788679,0.03365182808786563,0.010371403879772917
20261231,47,1504,1535,calibration_shift,56babf9306923960eb6a75a4d648d1755e0529a558e7893bd96204a14562d97f,cb62ae3379c98301c36455d7400860b53b21fe0194272ad31809731a511d514b,burst,0.22959183673469388,0.288265306122449,0.19387755102040816,0.288265306122449,calibration_shift,0.10419535300329233,0.1920825368257395,0.023869753441932606,0.679852356729036,burst,0.01897629169828027,0.8635876755264494,0.009328175764762513,0.10810785701050782
20261231,48,1536,1567,calibration_shift,56babf9306923960eb6a75a4d648d1755e0529a558e7893bd96204a14562d97f,cb62ae3379c98301c36455d7400860b53b21fe0194272ad31809731a511d514b,burst,0.22959183673469388,0.288265306122449,0.19387755102040816,0.288265306122449,calibration_shift,0.03365149395675349,0.04388590291668623,0.0059493583755045164,0.9165132447510554,calibration_shift,0.01348641625637453,0.2295926543849562,0.0015404131408628422,0.7553805162178066
20261231,49,1568,1599,calibration_shift,56babf9306923960eb6a75a4d648d1755e0529a558e7893bd96204a14562d97f,cb62ae3379c98301c36455d7400860b53b21fe0194272ad31809731a511d514b,burst,0.22959183673469388,0.288265306122449,0.19387755102040816,0.288265306122449,calibration_shift,0.05777517683057526,0.1449411689254432,0.07748100425925662,0.719802649984725,calibration_shift,0.005779173819940211,0.06299185207446624,0.0035910577669844464,0.927637916338609
20261231,50,1600,1631,calibration_shift,56babf9306923960eb6a75a4d648d1755e0529a558e7893bd96204a14562d97f,cb62ae3379c98301c36455d7400860b53b21fe0194272ad31809731a511d514b,burst,0.22959183673469388,0.288265306122449,0.19387755102040816,0.288265306122449,calibration_shift,0.09157120776882563,0.01989800853509681,0.009639254722122646,0.8788915289739538,calibration_shift,0.004913050649381959,0.002177275395969303,0.00035467095008836927,0.9925550030045605
20261231,51,1632,1663,calibration_shift,56babf9306923960eb6a75a4d648d1755e0529a558e7893bd96204a14562d97f,cb62ae3379c98301c36455d7400860b53b21fe0194272ad31809731a511d514b,burst,0.22959183673469388,0.288265306122449,0.19387755102040816,0.288265306122449,calibration_shift,0.3500059801153057,0.10749599221027717,0.05321080229339285,0.48928722538102426,calibration_shift,0.028159136323901678,0.0045064171038633125,0.0022276043011137275,0.9651068422711213
20261231,52,1664,1695,calibration_shift,56babf9306923960eb6a75a4d648d1755e0529a558e7893bd96204a14562d97f,cb62ae3379c98301c36455d7400860b53b21fe0194272ad31809731a511d514b,burst,0.22959183673469388,0.288265306122449,0.19387755102040816,0.288265306122449,burst,0.26600426146196177,0.4756033190758138,0.029886595150813076,0.2285058243114114,calibration_shift,0.0811872053858447,0.047425282815631714,0.0032163934531475842,0.8681711183453761
20261231,53,1696,1727,calibration_shift,56babf9306923960eb6a75a4d648d1755e0529a558e7893bd96204a14562d97f,cb62ae3379c98301c36455d7400860b53b21fe0194272ad31809731a511d514b,burst,0.22959183673469388,0.288265306122449,0.19387755102040816,0.288265306122449,calibration_shift,0.06805546588913372,0.048800084132312106,0.00484372966314531,0.8783007203154104,calibration_shift,0.013346187436264733,0.004743346381406985,0.00020296750488514462,0.9817074986774432
20261231,54,1728,1759,calibration_shift,56babf9306923960eb6a75a4d648d1755e0529a558e7893bd96204a14562d97f,cb62ae3379c98301c36455d7400860b53b21fe0194272ad31809731a511d514b,burst,0.22959183673469388,0.288265306122449,0.19387755102040816,0.288265306122449,calibration_shift,0.14889366206535012,0.31380224871661816,0.020578496437649998,0.5167255927803815,calibration_shift,0.01560850063773146,0.015049100368251706,0.0008320543912304989,0.9685103446027863
20261231,55,1760,1791,calibration_shift,56babf9306923960eb6a75a4d648d1755e0529a558e7893bd96204a14562d97f,cb62ae3379c98301c36455d7400860b53b21fe0194272ad31809731a511d514b,burst,0.22959183673469388,0.288265306122449,0.19387755102040816,0.288265306122449,calibration_shift,0.12593045754165347,0.35108906475566315,0.02665818593319293,0.49632229176949144,calibration_shift,0.014796185023053743,0.02665687115239753,0.0012482690240487033,0.9572986748005001
20261231,56,1792,1823,calibration_shift,56babf9306923960eb6a75a4d648d1755e0529a558e7893bd96204a14562d97f,cb62ae3379c98301c36455d7400860b53b21fe0194272ad31809731a511d514b,burst,0.22959183673469388,0.288265306122449,0.19387755102040816,0.288265306122449,normal,0.5033419277191482,0.08015425914004021,0.03441900259732284,0.38208481054348786,calibration_shift,0.07315454245151719,0.0102918117975397,0.0021352751987173827,0.9144183705522256
20261231,57,1824,1855,calibration_shift,56babf9306923960eb6a75a4d648d1755e0529a558e7893bd96204a14562d97f,cb62ae3379c98301c36455d7400860b53b21fe0194272ad31809731a511d514b,burst,0.22959183673469388,0.288265306122449,0.19387755102040816,0.288265306122449,calibration_shift,0.005274305485244548,0.2677558184886385,0.12893690601481192,0.5980329700113048,calibration_shift,0.0013222826370616518,0.016160248957104585,0.006695420511095276,0.9758220478947385
20261231,58,1856,1887,calibration_shift,56babf9306923960eb6a75a4d648d1755e0529a558e7893bd96204a14562d97f,cb62ae3379c98301c36455d7400860b53b21fe0194272ad31809731a511d514b,burst,0.22959183673469388,0.288265306122449,0.19387755102040816,0.288265306122449,calibration_shift,0.014242013134870776,0.21967906541052462,0.029177618880418685,0.7369013025741865,calibration_shift,0.0006673418753435887,0.01176173247370085,0.0014169399987641847,0.9861539856521914
20261231,59,1888,1919,calibration_shift,56babf9306923960eb6a75a4d648d1755e0529a558e7893bd96204a14562d97f,cb62ae3379c98301c36455d7400860b53b21fe0194272ad31809731a511d514b,burst,0.22959183673469388,0.288265306122449,0.19387755102040816,0.288265306122449,calibration_shift,0.023106826838483415,0.2635502257771392,0.039408436912711925,0.6739345104716641,calibration_shift,0.0011011232526439048,0.01310660732373379,0.0013963934112136798,0.9843958760124087
20261231,60,1920,1951,calibration_shift,56babf9306923960eb6a75a4d648d1755e0529a558e7893bd96204a14562d97f,cb62ae3379c98301c36455d7400860b53b21fe0194272ad31809731a511d514b,burst,0.22959183673469388,0.288265306122449,0.19387755102040816,0.288265306122449,calibration_shift,0.13300863522227852,0.08727724463386961,0.007146642050144397,0.772567478093706,calibration_shift,0.005767693225268737,0.004001925802337965,0.00022285398496428352,0.990007526987429
20261231,61,1952,1983,calibration_shift,56babf9306923960eb6a75a4d648d1755e0529a558e7893bd96204a14562d97f,cb62ae3379c98301c36455d7400860b53b21fe0194272ad31809731a511d514b,burst,0.22959183673469388,0.288265306122449,0.19387755102040816,0.288265306122449,normal,0.4369974664574569,0.10606664589936311,0.026271239702205598,0.4306646479409738,calibration_shift,0.04112164253902957,0.005638475271817122,0.001217601048723609,0.9520222811404296
20261231,62,1984,2015,calibration_shift,56babf9306923960eb6a75a4d648d1755e0529a558e7893bd96204a14562d97f,cb62ae3379c98301c36455d7400860b53b21fe0194272ad31809731a511d514b,burst,0.22959183673469388,0.288265306122449,0.19387755102040816,0.288265306122449,calibration_shift,0.16310905606128331,0.02366897176376332,0.010987294710119952,0.8022346774648317,calibration_shift,0.02009918359983316,0.000823367835253402,0.00035871806456060714,0.978718730500353
20261231,63,2016,2047,calibration_shift,56babf9306923960eb6a75a4d648d1755e0529a558e7893bd96204a14562d97f,cb62ae3379c98301c36455d7400860b53b21fe0194272ad31809731a511d514b,burst,0.22959183673469388,0.288265306122449,0.19387755102040816,0.288265306122449,calibration_shift,0.07933718930241034,0.3884983074697231,0.03209275504482183,0.5000717481830447,calibration_shift,0.010278701381448862,0.014943065157991932,0.001397621737449344,0.9733806117231099
20261231,64,2048,2079,calibration_shift,56babf9306923960eb6a75a4d648d1755e0529a558e7893bd96204a14562d97f,cb62ae3379c98301c36455d7400860b53b21fe0194272ad31809731a511d514b,burst,0.22959183673469388,0.288265306122449,0.19387755102040816,0.288265306122449,calibration_shift,0.0748615683270183,0.3203184675166916,0.04061189193052857,0.5642080722257604,calibration_shift,0.006674046724423891,0.021411531451683705,0.0017710767582961677,0.9701433450655962
20261231,65,2080,2111,calibration_shift,56babf9306923960eb6a75a4d648d1755e0529a558e7893bd96204a14562d97f,cb62ae3379c98301c36455d7400860b53b21fe0194272ad31809731a511d514b,burst,0.22959183673469388,0.288265306122449,0.19387755102040816,0.288265306122449,burst,0.028382719655933024,0.5286236213842392,0.428017678761931,0.014975980197897561,burst,0.025002677230658174,0.4720265935783619,0.2158283783749536,0.28714235081602635
20261231,66,2112,2143,calibration_shift,56babf9306923960eb6a75a4d648d1755e0529a558e7893bd96204a14562d97f,cb62ae3379c98301c36455d7400860b53b21fe0194272ad31809731a511d514b,burst,0.22959183673469388,0.288265306122449,0.19387755102040816,0.288265306122449,calibration_shift,0.009461866604462844,0.44353702378928794,0.035597239981786113,0.5114038696244613,burst,0.0018828697663082366,0.5501237909121252,0.03345127741871854,0.4145420619028481
20261231,67,2144,2175,calibration_shift,56babf9306923960eb6a75a4d648d1755e0529a558e7893bd96204a14562d97f,cb62ae3379c98301c36455d7400860b53b21fe0194272ad31809731a511d514b,burst,0.22959183673469388,0.288265306122449,0.19387755102040816,0.288265306122449,calibration_shift,0.199932233830172,0.168229188679299,0.04379476810682524,0.5880438093837023,calibration_shift,0.022008202690320368,0.26156871439963786,0.010299172896338459,0.7061239100137033
20261231,68,2176,2207,calibration_shift,56babf9306923960eb6a75a4d648d1755e0529a558e7893bd96204a14562d97f,cb62ae3379c98301c36455d7400860b53b21fe0194272ad31809731a511d514b,burst,0.22959183673469388,0.288265306122449,0.19387755102040816,0.288265306122449,calibration_shift,0.039194128895331734,0.04017960916331318,0.017621047050130442,0.9030052148912251,calibration_shift,0.004324799317494639,0.017545594279340493,0.0012299295811666663,0.9768996768219982
20261231,69,2208,2239,calibration_shift,56babf9306923960eb6a75a4d648d1755e0529a558e7893bd96204a14562d97f,cb62ae3379c98301c36455d7400860b53b21fe0194272ad31809731a511d514b,burst,0.22959183673469388,0.288265306122449,0.19387755102040816,0.288265306122449,calibration_shift,0.3736650603427788,0.039389838510824095,0.010224282092622083,0.5767208190537768,calibration_shift,0.025849457760359934,0.002757227740214222,0.0004214781446733569,0.9709718363547525
20261231,70,2240,2271,burst,56babf9306923960eb6a75a4d648d1755e0529a558e7893bd96204a14562d97f,cb62ae3379c98301c36455d7400860b53b21fe0194272ad31809731a511d514b,burst,0.22959183673469388,0.288265306122449,0.19387755102040816,0.288265306122449,burst,0.031084587874610946,0.5615660995435531,0.1256726904349098,0.2816766221469262,calibration_shift,0.007885669316392554,0.04368246360096726,0.009690717988764707,0.9387411490938754
20261231,71,2272,2303,burst,56babf9306923960eb6a75a4d648d1755e0529a558e7893bd96204a14562d97f,cb62ae3379c98301c36455d7400860b53b21fe0194272ad31809731a511d514b,burst,0.22959183673469388,0.288265306122449,0.19387755102040816,0.288265306122449,burst,0.05762241232795103,0.6091154526168204,0.028388127286235274,0.30487400776899387,calibration_shift,0.008241009274773068,0.12790563967247356,0.0036035604364411085,0.8602497906163122
20261231,72,2304,2335,burst,56babf9306923960eb6a75a4d648d1755e0529a558e7893bd96204a14562d97f,cb62ae3379c98301c36455d7400860b53b21fe0194272ad31809731a511d514b,burst,0.22959183673469388,0.288265306122449,0.19387755102040816,0.288265306122449,burst,0.12951237574094218,0.5929794036964348,0.23820253363539795,0.03930568692722343,burst,0.045671526140862076,0.6598388303815442,0.05284763547150828,0.24164200800608535
20261231,73,2336,2367,burst,56babf9306923960eb6a75a4d648d1755e0529a558e7893bd96204a14562d97f,cb62ae3379c98301c36455d7400860b53b21fe0194272ad31809731a511d514b,burst,0.22959183673469388,0.288265306122449,0.19387755102040816,0.288265306122449,normal,0.5269951186446066,0.2770886799076406,0.16430628864281033,0.031609912804944094,burst,0.2092026319690563,0.6865387423655813,0.0726125203984981,0.031646105266864274
20261231,74,2368,2399,burst,56babf9306923960eb6a75a4d648d1755e0529a558e7893bd96204a14562d97f,cb62ae3379c98301c36455d7400860b53b21fe0194272ad31809731a511d514b,burst,0.22959183673469388,0.288265306122449,0.19387755102040816,0.288265306122449,burst,0.043629513329265714,0.44930155704036856,0.0939212917575527,0.4131476378728147,burst,0.037782796458934,0.853123449086991,0.03980697349691941,0.0692867809571557
20261231,75,2400,2431,burst,56babf9306923960eb6a75a4d648d1755e0529a558e7893bd96204a14562d97f,cb62ae3379c98301c36455d7400860b53b21fe0194272ad31809731a511d514b,burst,0.22959183673469388,0.288265306122449,0.19387755102040816,0.288265306122449,calibration_shift,0.353035918936686,0.14553773550280574,0.02860292677212896,0.4728234187883808,burst,0.15999293204815734,0.6009752534553868,0.013300597486174202,0.2257312170102816
20261231,76,2432,2463,burst,56babf9306923960eb6a75a4d648d1755e0529a558e7893bd96204a14562d97f,cb62ae3379c98301c36455d7400860b53b21fe0194272ad31809731a511d514b,burst,0.22959183673469388,0.288265306122449,0.19387755102040816,0.288265306122449,burst,0.008895828348888931,0.5494503482393904,0.07438201174361403,0.3672718116681065,burst,0.005233690111762478,0.772485725526021,0.009595077828801753,0.21268550653341475
20261231,77,2464,2495,burst,56babf9306923960eb6a75a4d648d1755e0529a558e7893bd96204a14562d97f,cb62ae3379c98301c36455d7400860b53b21fe0194272ad31809731a511d514b,burst,0.22959183673469388,0.288265306122449,0.19387755102040816,0.288265306122449,burst,0.24820139754315357,0.40515445011696744,0.2682643460029458,0.07837980633693357,burst,0.031339538774464076,0.8834202102585748,0.03256446841828823,0.05267578254867298
20261231,78,2496,2527,burst,56babf9306923960eb6a75a4d648d1755e0529a558e7893bd96204a14562d97f,cb62ae3379c98301c36455d7400860b53b21fe0194272ad31809731a511d514b,burst,0.22959183673469388,0.288265306122449,0.19387755102040816,0.288265306122449,burst,0.3152521794032927,0.4213872023802039,0.07872187214171912,0.18463874607478292,burst,0.06302615492091966,0.8857378189196251,0.015646528895400733,0.03558949726405445
20261231,79,2528,2559,burst,56babf9306923960eb6a75a4d648d1755e0529a558e7893bd96204a14562d97f,cb62ae3379c98301c36455d7400860b53b21fe0194272ad31809731a511d514b,burst,0.22959183673469388,0.288265306122449,0.19387755102040816,0.288265306122449,normal,0.4747387669818487,0.18719823610585365,0.04867769125638211,0.2893853056559141,burst,0.24477733510218475,0.6713831240573713,0.010931499356564461,0.07290804148387942
20261231,80,2560,2591,burst,56babf9306923960eb6a75a4d648d1755e0529a558e7893bd96204a14562d97f,cb62ae3379c98301c36455d7400860b53b21fe0194272ad31809731a511d514b,burst,0.22959183673469388,0.288265306122449,0.19387755102040816,0.288265306122449,burst,0.15869102423257278,0.6735054054891334,0.13964275017146216,0.02816082010683034,burst,0.10912663501173775,0.8713866701462706,0.014042901676410813,0.005443793165580737
20261231,81,2592,2623,burst,56babf9306923960eb6a75a4d648d1755e0529a558e7893bd96204a14562d97f,cb62ae3379c98301c36455d7400860b53b21fe0194272ad31809731a511d514b,burst,0.22959183673469388,0.288265306122449,0.19387755102040816,0.288265306122449,calibration_shift,0.1639460785428813,0.10981330617351673,0.22330771988544304,0.5029328953981592,burst,0.20170600438716899,0.6286991885363118,0.07847005525578425,0.091124751820735
20261231,82,2624,2655,burst,56babf9306923960eb6a75a4d648d1755e0529a558e7893bd96204a14562d97f,cb62ae3379c98301c36455d7400860b53b21fe0194272ad31809731a511d514b,burst,0.22959183673469388,0.288265306122449,0.19387755102040816,0.288265306122449,burst,0.3300518629590849,0.3877793655919521,0.20490455453535014,0.0772642169136136,burst,0.2589831102124732,0.6307969744509397,0.08595557702275682,0.024264338313830375
20261231,83,2656,2687,burst,56babf9306923960eb6a75a4d648d1755e0529a558e7893bd96204a14562d97f,cb62ae3379c98301c36455d7400860b53b21fe0194272ad31809731a511d514b,burst,0.22959183673469388,0.288265306122449,0.19387755102040816,0.288265306122449,calibration_shift,0.3105877187691059,0.22994653969198864,0.11958485607164682,0.3398808854672595,burst,0.38604431654347665,0.48430003864837007,0.06967537923019906,0.05998026557795414
20261231,84,2688,2719,burst,56babf9306923960eb6a75a4d648d1755e0529a558e7893bd96204a14562d97f,cb62ae3379c98301c36455d7400860b53b21fe0194272ad31809731a511d514b,burst,0.22959183673469388,0.288265306122449,0.19387755102040816,0.288265306122449,normal,0.744744815815986,0.06561186250565913,0.10468235841989618,0.08496096325846057,normal,0.8749103196349552,0.07242975875267235,0.03565021407086414,0.01700970754150832
20261231,85,2720,2751,burst,56babf9306923960eb6a75a4d648d1755e0529a558e7893bd96204a14562d97f,cb62ae3379c98301c36455d7400860b53b21fe0194272ad31809731a511d514b,burst,0.22959183673469388,0.288265306122449,0.19387755102040816,0.288265306122449,normal,0.667321573547126,0.026421895533861504,0.007098157442869231,0.29915837347614216,normal,0.9792853886403734,0.003649177230709875,0.0009813360829022326,0.016084098046014288
20261231,86,2752,2783,burst,56babf9306923960eb6a75a4d648d1755e0529a558e7893bd96204a14562d97f,cb62ae3379c98301c36455d7400860b53b21fe0194272ad31809731a511d514b,burst,0.22959183673469388,0.288265306122449,0.19387755102040816,0.288265306122449,normal,0.582638078276246,0.04768605747059771,0.03368329595122541,0.33599256830193275,normal,0.9797716065272903,0.0018385117076262665,0.0017949730145085632,0.016594908750574764
20261231,87,2784,2815,burst,56babf9306923960eb6a75a4d648d1755e0529a558e7893bd96204a14562d97f,cb62ae3379c98301c36455d7400860b53b21fe0194272ad31809731a511d514b,burst,0.22959183673469388,0.288265306122449,0.19387755102040816,0.288265306122449,burst,0.2435972214757446,0.4400849650365919,0.18662717437036067,0.12969063911730289,normal,0.9268448294995294,0.03470558762414045,0.023728402188771872,0.014721180687558361
20261231,88,2816,2847,burst,56babf9306923960eb6a75a4d648d1755e0529a558e7893bd96204a14562d97f,cb62ae3379c98301c36455d7400860b53b21fe0194272ad31809731a511d514b,burst,0.22959183673469388,0.288265306122449,0.19387755102040816,0.288265306122449,burst,0.30719422894332177,0.47245041868625093,0.13879613276166686,0.08155921960876135,normal,0.887807317260309,0.07592325907750655,0.028842446327154207,0.007426977335030273
20261231,89,2848,2879,burst,56babf9306923960eb6a75a4d648d1755e0529a558e7893bd96204a14562d97f,cb62ae3379c98301c36455d7400860b53b21fe0194272ad31809731a511d514b,burst,0.22959183673469388,0.288265306122449,0.19387755102040816,0.288265306122449,normal,0.49828896637727865,0.15161909723822192,0.07211480155380946,0.2779771348306914,normal,0.9474360835984494,0.027588532361760978,0.011324262559535643,0.013651121480254014
20261231,90,2880,2911,burst,56babf9306923960eb6a75a4d648d1755e0529a558e7893bd96204a14562d97f,cb62ae3379c98301c36455d7400860b53b21fe0194272ad31809731a511d514b,burst,0.22959183673469388,0.288265306122449,0.19387755102040816,0.288265306122449,calibration_shift,0.0146535282129114,0.401094095054069,0.06204337988109247,0.5222089968519259,burst,0.28052754934444213,0.3668850945213072,0.06127292111497897,0.2913144350192717
20261231,91,2912,2943,burst,56babf9306923960eb6a75a4d648d1755e0529a558e7893bd96204a14562d97f,cb62ae3379c98301c36455d7400860b53b21fe0194272ad31809731a511d514b,burst,0.22959183673469388,0.288265306122449,0.19387755102040816,0.288265306122449,burst,0.14996188572020017,0.43268235971924573,0.19844636517060696,0.21890938938994825,burst,0.1864284850177039,0.5165404168376296,0.08502552628402553,0.21200557186064084
20261231,92,2944,2975,burst,56babf9306923960eb6a75a4d648d1755e0529a558e7893bd96204a14562d97f,cb62ae3379c98301c36455d7400860b53b21fe0194272ad31809731a511d514b,burst,0.22959183673469388,0.288265306122449,0.19387755102040816,0.288265306122449,burst,0.07369925024718664,0.6330255596734553,0.19428431059443452,0.0989908794849235,burst,0.05132981651793968,0.809226061822484,0.08182025839700355,0.05762386326257275
20261231,93,2976,3007,normal,56babf9306923960eb6a75a4d648d1755e0529a558e7893bd96204a14562d97f,cb62ae3379c98301c36455d7400860b53b21fe0194272ad31809731a511d514b,burst,0.22959183673469388,0.288265306122449,0.19387755102040816,0.288265306122449,normal,0.6181119814941205,0.0320291917948607,0.012685110064191627,0.337173716646826,normal,0.5462835577510652,0.20348261082244334,0.016334252739395486,0.23389957868709604
20261231,94,3008,3039,normal,56babf9306923960eb6a75a4d648d1755e0529a558e7893bd96204a14562d97f,cb62ae3379c98301c36455d7400860b53b21fe0194272ad31809731a511d514b,burst,0.22959183673469388,0.288265306122449,0.19387755102040816,0.288265306122449,normal,0.5609009589153393,0.04360629566829301,0.06137838750382458,0.33411435791254485,normal,0.8022919475685885,0.020112958660893368,0.008359098213003546,0.16923599555751465
20261231,95,3040,3071,normal,56babf9306923960eb6a75a4d648d1755e0529a558e7893bd96204a14562d97f,cb62ae3379c98301c36455d7400860b53b21fe0194272ad31809731a511d514b,burst,0.22959183673469388,0.288265306122449,0.19387755102040816,0.288265306122449,calibration_shift,0.2096826087997841,0.2190112180756739,0.009989569138927326,0.561316603985614,normal,0.6444149637914979,0.032717388022256655,0.001664396520314709,0.32120325166593083
20261231,96,3072,3103,normal,56babf9306923960eb6a75a4d648d1755e0529a558e7893bd96204a14562d97f,cb62ae3379c98301c36455d7400860b53b21fe0194272ad31809731a511d514b,burst,0.22959183673469388,0.288265306122449,0.19387755102040816,0.288265306122449,calibration_shift,0.3501501965739869,0.10150867404596128,0.05265195669116357,0.4956891726888868,normal,0.6266562337274707,0.0137504000365797,0.004439522895165681,0.35515384334078404
20261231,97,3104,3135,normal,56babf9306923960eb6a75a4d648d1755e0529a558e7893bd96204a14562d97f,cb62ae3379c98301c36455d7400860b53b21fe0194272ad31809731a511d514b,burst,0.22959183673469388,0.288265306122449,0.19387755102040816,0.288265306122449,normal,0.5787982121189741,0.3687969315391024,0.018273499800316995,0.034131356541606137,normal,0.9422929994936982,0.031040930495731187,0.0016547697522409726,0.025011300258329608
20261231,98,3136,3167,normal,56babf9306923960eb6a75a4d648d1755e0529a558e7893bd96204a14562d97f,cb62ae3379c98301c36455d7400860b53b21fe0194272ad31809731a511d514b,burst,0.22959183673469388,0.288265306122449,0.19387755102040816,0.288265306122449,normal,0.49901680277192,0.31463274060652274,0.10855263033671694,0.07779782628483874,normal,0.9561297602927221,0.03078876759127699,0.007221155986258761,0.005860316129742009
20261231,99,3168,3199,normal,56babf9306923960eb6a75a4d648d1755e0529a558e7893bd96204a14562d97f,cb62ae3379c98301c36455d7400860b53b21fe0194272ad31809731a511d514b,burst,0.22959183673469388,0.288265306122449,0.19387755102040816,0.288265306122449,leakage,0.03557344088030292,0.3879176898559622,0.5593841678053268,0.0171247014584094,normal,0.44380943858866606,0.24208492698001596,0.3096311178083669,0.004474516622951268
20261231,100,3200,3231,normal,56babf9306923960eb6a75a4d648d1755e0529a558e7893bd96204a14562d97f,cb62ae3379c98301c36455d7400860b53b21fe0194272ad31809731a511d514b,burst,0.22959183673469388,0.288265306122449,0.19387755102040816,0.288265306122449,normal,0.45765936578493344,0.41902509719495873,0.06513631867115117,0.05817921834895621,normal,0.6468920223058359,0.2682460673695295,0.08007225727379051,0.00478965305084407
20261231,101,3232,3263,normal,56babf9306923960eb6a75a4d648d1755e0529a558e7893bd96204a14562d97f,cb62ae3379c98301c36455d7400860b53b21fe0194272ad31809731a511d514b,burst,0.22959183673469388,0.288265306122449,0.19387755102040816,0.288265306122449,calibration_shift,0.13581615099739267,0.2298085055617682,0.0008045026186953432,0.6335708408221451,normal,0.5694303402510771,0.33774739897607187,0.0006980908448539127,0.09212416992799705
20261231,102,3264,3295,normal,56babf9306923960eb6a75a4d648d1755e0529a558e7893bd96204a14562d97f,cb62ae3379c98301c36455d7400860b53b21fe0194272ad31809731a511d514b,burst,0.22959183673469388,0.288265306122449,0.19387755102040816,0.288265306122449,normal,0.9480290582374763,0.009071281844878173,0.015886794300136592,0.02701286561751003,normal,0.99020107293945,0.0045485287427209364,0.0008057026576856634,0.004444695660143427
20261231,103,3296,3327,normal,56babf9306923960eb6a75a4d648d1755e0529a558e7893bd96204a14562d97f,cb62ae3379c98301c36455d7400860b53b21fe0194272ad31809731a511d514b,burst,0.22959183673469388,0.288265306122449,0.19387755102040816,0.288265306122449,normal,0.5239934573579146,0.13759938109628703,0.04310612089205786,0.29530104065374224,normal,0.9815431486154195,0.0060580444016870546,0.0024885404023988387,0.009910266580494584
20261231,104,3328,3359,normal,56babf9306923960eb6a75a4d648d1755e0529a558e7893bd96204a14562d97f,cb62ae3379c98301c36455d7400860b53b21fe0194272ad31809731a511d514b,burst,0.22959183673469388,0.288265306122449,0.19387755102040816,0.288265306122449,normal,0.6254732610212886,0.2557389440517323,0.030820608242112846,0.08796718668486637,normal,0.9847483862428386,0.010276700406464941,0.0016874543525534017,0.0032874589981431316
20261231,105,3360,3391,leakage,56babf9306923960eb6a75a4d648d1755e0529a558e7893bd96204a14562d97f,cb62ae3379c98301c36455d7400860b53b21fe0194272ad31809731a511d514b,burst,0.22959183673469388,0.288265306122449,0.19387755102040816,0.288265306122449,leakage,0.013505797008104902,0.1573829890787075,0.8039578827303616,0.025153331182825058,leakage,0.2992985696006807,0.10328024814246065,0.587977239147952,0.00944394310890665
20261231,106,3392,3423,leakage,56babf9306923960eb6a75a4d648d1755e0529a558e7893bd96204a14562d97f,cb62ae3379c98301c36455d7400860b53b21fe0194272ad31809731a511d514b,burst,0.22959183673469388,0.288265306122449,0.19387755102040816,0.288265306122449,leakage,0.00849400091796309,0.41222995439127497,0.5539018768114531,0.025374167879308514,leakage,0.006197267529909483,0.09715659164755368,0.8946101621607134,0.002035978661823391
20261231,107,3424,3455,leakage,56babf9306923960eb6a75a4d648d1755e0529a558e7893bd96204a14562d97f,cb62ae3379c98301c36455d7400860b53b21fe0194272ad31809731a511d514b,burst,0.22959183673469388,0.288265306122449,0.19387755102040816,0.288265306122449,burst,0.28074442642843744,0.3081564601727276,0.1478298559838647,0.2632692574149717,leakage,0.042414337554052946,0.14614503327258696,0.7728836167359092,0.03855701243745084
20261231,108,3456,3487,leakage,56babf9306923960eb6a75a4d648d1755e0529a558e7893bd96204a14562d97f,cb62ae3379c98301c36455d7400860b53b21fe0194272ad31809731a511d514b,burst,0.22959183673469388,0.288265306122449,0.19387755102040816,0.288265306122449,burst,0.02359880760403004,0.7129198837768417,0.07263431518034827,0.19084699343877856,burst,0.009833629724918134,0.5433145170975943,0.37795809050183354,0.06889376267565414
20261231,109,3488,3519,leakage,56babf9306923960eb6a75a4d648d1755e0529a558e7893bd96204a14562d97f,cb62ae3379c98301c36455d7400860b53b21fe0194272ad31809731a511d514b,burst,0.22959183673469388,0.288265306122449,0.19387755102040816,0.288265306122449,burst,0.19999930733897195,0.45251822346899656,0.2065697085340926,0.14091276065793723,burst,0.026122003758054044,0.6227837659318217,0.3132951259043868,0.03779910440573742
20261231,110,3520,3551,leakage,56babf9306923960eb6a75a4d648d1755e0529a558e7893bd96204a14562d97f,cb62ae3379c98301c36455d7400860b53b21fe0194272ad31809731a511d514b,burst,0.22959183673469388,0.288265306122449,0.19387755102040816,0.288265306122449,leakage,2.9932507054768258e-06,0.00032567209679190657,0.9995623805971964,0.00010895405530814577,leakage,4.4746709985841663e-07,0.0003981742425977602,0.9995857705293394,1.5607760963041486e-05
20261231,111,3552,3583,leakage,56babf9306923960eb6a75a4d648d1755e0529a558e7893bd96204a14562d97f,cb62ae3379c98301c36455d7400860b53b21fe0194272ad31809731a511d514b,burst,0.22959183673469388,0.288265306122449,0.19387755102040816,0.288265306122449,burst,0.1446775809868217,0.543349362311489,0.15913471038899207,0.15283834631269858,leakage,0.0131238013175776,0.03915050634077287,0.927956748012578,0.019768944329071506
20261231,112,3584,3615,leakage,56babf9306923960eb6a75a4d648d1755e0529a558e7893bd96204a14562d97f,cb62ae3379c98301c36455d7400860b53b21fe0194272ad31809731a511d514b,burst,0.22959183673469388,0.288265306122449,0.19387755102040816,0.288265306122449,burst,0.1491715857663143,0.49329804533112553,0.24693973324917268,0.11059063565338695,leakage,0.018848390966103565,0.08178802469165963,0.8820499076477332,0.01731367669450365
20261231,113,3616,3647,leakage,56babf9306923960eb6a75a4d648d1755e0529a558e7893bd96204a14562d97f,cb62ae3379c98301c36455d7400860b53b21fe0194272ad31809731a511d514b,burst,0.22959183673469388,0.288265306122449,0.19387755102040816,0.288265306122449,burst,0.09111547965776384,0.456721658972249,0.28219617563046406,0.16996668573952392,leakage,0.012204172764982181,0.11217723855024508,0.8531326748601704,0.022485913824602355
20261231,114,3648,3679,leakage,56babf9306923960eb6a75a4d648d1755e0529a558e7893bd96204a14562d97f,cb62ae3379c98301c36455d7400860b53b21fe0194272ad31809731a511d514b,burst,0.22959183673469388,0.288265306122449,0.19387755102040816,0.288265306122449,leakage,0.0028700952673819204,0.38727986034602596,0.44313443586059015,0.1667156085260037,leakage,0.00022531277336748886,0.08403028736298929,0.8989370305812812,0.016807369282361893
20261231,115,3680,3711,leakage,56babf9306923960eb6a75a4d648d1755e0529a558e7893bd96204a14562d97f,cb62ae3379c98301c36455d7400860b53b21fe0194272ad31809731a511d514b,burst,0.22959183673469388,0.288265306122449,0.19387755102040816,0.288265306122449,burst,0.09501357501400533,0.4803605854324186,0.1628752925361665,0.2617505470174098,leakage,0.009025132611618403,0.1808120557748627,0.7584789729335217,0.051683838679997304
20261231,116,3712,3743,leakage,56babf9306923960eb6a75a4d648d1755e0529a558e7893bd96204a14562d97f,cb62ae3379c98301c36455d7400860b53b21fe0194272ad31809731a511d514b,burst,0.22959183673469388,0.288265306122449,0.19387755102040816,0.288265306122449,leakage,0.004063396731579281,0.02052166967527582,0.9642733727338647,0.011141560859281342,leakage,0.0001708716684306078,0.0037570604905319835,0.9951239955096685,0.000948072331368864
20261231,117,3744,3775,leakage,56babf9306923960eb6a75a4d648d1755e0529a558e7893bd96204a14562d97f,cb62ae3379c98301c36455d7400860b53b21fe0194272ad31809731a511d514b,burst,0.22959183673469388,0.288265306122449,0.19387755102040816,0.288265306122449,burst,0.19769659916159138,0.48212523409931346,0.16119900626633296,0.15897916047276286,leakage,0.01831599365755613,0.04384384207125485,0.9162943503019201,0.021545813969269103
20261231,118,3776,3807,leakage,56babf9306923960eb6a75a4d648d1755e0529a558e7893bd96204a14562d97f,cb62ae3379c98301c36455d7400860b53b21fe0194272ad31809731a511d514b,burst,0.22959183673469388,0.288265306122449,0.19387755102040816,0.288265306122449,burst,0.2990958434142476,0.3585784006279771,0.16476770908042773,0.17755804687734866,leakage,0.06106977282482354,0.08926174153315923,0.8096514404601098,0.04001704518190735
20261231,119,3808,3839,leakage,56babf9306923960eb6a75a4d648d1755e0529a558e7893bd96204a14562d97f,cb62ae3379c98301c36455d7400860b53b21fe0194272ad31809731a511d514b,burst,0.22959183673469388,0.288265306122449,0.19387755102040816,0.288265306122449,burst,0.07913344081224535,0.6306620175438363,0.19699613697241022,0.09320840467150805,leakage,0.027989715361694176,0.22182221111097283,0.7268330489764926,0.023355024550840556
20261231,120,3840,3871,leakage,56babf9306923960eb6a75a4d648d1755e0529a558e7893bd96204a14562d97f,cb62ae3379c98301c36455d7400860b53b21fe0194272ad31809731a511d514b,burst,0.22959183673469388,0.288265306122449,0.19387755102040816,0.288265306122449,calibration_shift,0.14697124273117748,0.33076525001066076,0.16765407755218706,0.35460942970597376,leakage,0.03667475220624965,0.26867518145514097,0.6190134367040604,0.07563662963454905
20261231,121,3872,3903,leakage,56babf9306923960eb6a75a4d648d1755e0529a558e7893bd96204a14562d97f,cb62ae3379c98301c36455d7400860b53b21fe0194272ad31809731a511d514b,burst,0.22959183673469388,0.288265306122449,0.19387755102040816,0.288265306122449,normal,0.5147453825144407,0.1075511738711439,0.07096609498499835,0.306737348629416,leakage,0.2538160793238072,0.17189207118782718,0.3738080318534523,0.20048381763491332
20261231,122,3904,3935,burst,56babf9306923960eb6a75a4d648d1755e0529a558e7893bd96204a14562d97f,cb62ae3379c98301c36455d7400860b53b21fe0194272ad31809731a511d514b,burst,0.22959183673469388,0.288265306122449,0.19387755102040816,0.288265306122449,burst,0.20506080130526083,0.4309933801620235,0.27373288359357323,0.09021293493914309,leakage,0.21492831287678452,0.2490712073106385,0.4749653475889831,0.06103513222359387
20261231,123,3936,3967,burst,56babf9306923960eb6a75a4d648d1755e0529a558e7893bd96204a14562d97f,cb62ae3379c98301c36455d7400860b53b21fe0194272ad31809731a511d514b,burst,0.22959183673469388,0.288265306122449,0.19387755102040816,0.288265306122449,burst,0.1010896803291905,0.5796013246046765,0.07854856361617092,0.24076043144996206,burst,0.11659596998650949,0.5790024274230782,0.21536298390776198,0.0890386186826502
20261231,124,3968,3999,burst,56babf9306923960eb6a75a4d648d1755e0529a558e7893bd96204a14562d97f,cb62ae3379c98301c36455d7400860b53b21fe0194272ad31809731a511d514b,burst,0.22959183673469388,0.288265306122449,0.19387755102040816,0.288265306122449,burst,0.21674546648708784,0.5360119908755666,0.17113736097816476,0.07610518165918208,burst,0.10000462902369403,0.7307013108394591,0.14723514759220088,0.02205891254464591
20261231,125,4000,4031,burst,56babf9306923960eb6a75a4d648d1755e0529a558e7893bd96204a14562d97f,cb62ae3379c98301c36455d7400860b53b21fe0194272ad31809731a511d514b,burst,0.22959183673469388,0.288265306122449,0.19387755102040816,0.288265306122449,burst,0.0441892349726558,0.6823901732461933,0.10683544867340494,0.1665851431077471,burst,0.014307766471316036,0.9173516471337961,0.052299777445236756,0.01604080894965131
20261231,126,4032,4063,burst,56babf9306923960eb6a75a4d648d1755e0529a558e7893bd96204a14562d97f,cb62ae3379c98301c36455d7400860b53b21fe0194272ad31809731a511d514b,burst,0.22959183673469388,0.288265306122449,0.19387755102040816,0.288265306122449,leakage,2.6579738869923286e-07,0.00039605465003273246,0.9996033748846419,3.046679373131821e-07,leakage,1.3385378556988606e-07,0.0031643649776590906,0.9968353908606707,1.1030788462357357e-07
20261231,127,4064,4095,burst,56babf9306923960eb6a75a4d648d1755e0529a558e7893bd96204a14562d97f,cb62ae3379c98301c36455d7400860b53b21fe0194272ad31809731a511d514b,burst,0.22959183673469388,0.288265306122449,0.19387755102040816,0.288265306122449,burst,0.021252792148528248,0.5718625259297457,0.23445966744671,0.17242501447501643,leakage,0.0013509397064605765,0.035508677747570785,0.9476400336313077,0.015500348914661
20261232,0,0,31,burst,813e130450d25f9b245f517b4311d9139f647db771b46e6b45af6d41eb7ba092,06235fcd653726752f2d9de25dc8f59753d3b002913d92358e52ce341b7d04bf,burst,0.22959183673469388,0.288265306122449,0.19387755102040816,0.288265306122449,burst,0.1825168423526892,0.4480152345368901,0.18937056735511265,0.18009735575530772,burst,0.1465847184099658,0.41463438549073,0.26872216339544663,0.17005873270385768
20261232,1,32,63,burst,813e130450d25f9b245f517b4311d9139f647db771b46e6b45af6d41eb7ba092,06235fcd653726752f2d9de25dc8f59753d3b002913d92358e52ce341b7d04bf,burst,0.22959183673469388,0.288265306122449,0.19387755102040816,0.288265306122449,calibration_shift,0.1295547711663954,0.3756942063886983,0.032338789381771677,0.4624122330631329,burst,0.10136571527374742,0.5359462480848405,0.04814442009806394,0.3145436165433483
20261232,2,64,95,burst,813e130450d25f9b245f517b4311d9139f647db771b46e6b45af6d41eb7ba092,06235fcd653726752f2d9de25dc8f59753d3b002913d92358e52ce341b7d04bf,burst,0.22959183673469388,0.288265306122449,0.19387755102040816,0.288265306122449,burst,0.06416854204147193,0.5195742749969001,0.08202065095338652,0.3342365320082415,burst,0.027752494430911656,0.6800492940784277,0.02223328044731121,0.26996493104334945
20261232,3,96,127,burst,813e130450d25f9b245f517b4311d9139f647db771b46e6b45af6d41eb7ba092,06235fcd653726752f2d9de25dc8f59753d3b002913d92358e52ce341b7d04bf,burst,0.22959183673469388,0.288265306122449,0.19387755102040816,0.288265306122449,burst,0.03209361015196416,0.4669862127658558,0.07517528668281222,0.4257448903993683,burst,0.005738709686629517,0.7061529055533398,0.011161840184788368,0.2769465445752423
20261232,4,128,159,burst,813e130450d25f9b245f517b4311d9139f647db771b46e6b45af6d41eb7ba092,06235fcd653726752f2d9de25dc8f59753d3b002913d92358e52ce341b7d04bf,burst,0.22959183673469388,0.288265306122449,0.19387755102040816,0.288265306122449,calibration_shift,0.4058083952234218,0.10171865968247985,0.040176484735752444,0.4522964603583472,calibration_shift,0.08199523431738713,0.3156053075068668,0.008135566583074474,0.5942638915926717
20261232,5,160,191,burst,813e130450d25f9b245f517b4311d9139f647db771b46e6b45af6d41eb7ba092,06235fcd653726752f2d9de25dc8f59753d3b002913d92358e52ce341b7d04bf,burst,0.22959183673469388,0.288265306122449,0.19387755102040816,0.288265306122449,burst,0.12896259803849947,0.5900797940181847,0.0897477650817278,0.19120984286158738,burst,0.05908516230781213,0.5898819051927484,0.011717156173510584,0.3393157763259289
20261232,6,192,223,burst,813e130450d25f9b245f517b4311d9139f647db771b46e6b45af6d41eb7ba092,06235fcd653726752f2d9de25dc8f59753d3b002913d92358e52ce341b7d04bf,burst,0.22959183673469388,0.288265306122449,0.19387755102040816,0.288265306122449,normal,0.31264071303041996,0.27253776441948785,0.22717079785410227,0.18765072469598845,burst,0.1386870044563006,0.5805091681884484,0.04052686048178554,0.24027696687346534
20261232,7,224,255,burst,813e130450d25f9b245f517b4311d9139f647db771b46e6b45af6d41eb7ba092,06235fcd653726752f2d9de25dc8f59753d3b002913d92358e52ce341b7d04bf,burst,0.22959183673469388,0.288265306122449,0.19387755102040816,0.288265306122449,burst,0.1528652060520168,0.4435554185594318,0.027862688992807146,0.3757166863957455,burst,0.08739647944359025,0.6548593977784704,0.007112127097723227,0.25063199568021616
20261232,8,256,287,burst,813e130450d25f9b245f517b4311d9139f647db771b46e6b45af6d41eb7ba092,06235fcd653726752f2d9de25dc8f59753d3b002913d92358e52ce341b7d04bf,burst,0.22959183673469388,0.288265306122449,0.19387755102040816,0.288265306122449,burst,0.21990031406134006,0.39317937529816044,0.033264172385409435,0.35365613825509146,burst,0.09034042647097636,0.6593893459129333,0.00355630966469683,0.24671391795139352
20261232,9,288,319,burst,813e130450d25f9b245f517b4311d9139f647db771b46e6b45af6d41eb7ba092,06235fcd653726752f2d9de25dc8f59753d3b002913d92358e52ce341b7d04bf,burst,0.22959183673469388,0.288265306122449,0.19387755102040816,0.288265306122449,calibration_shift,0.06173131231423435,0.40334853603791737,0.04337447704979569,0.4915456745980543,burst,0.02474216969643849,0.6493882085289285,0.0036604795269562598,0.32220914224767677
20261232,10,320,351,burst,813e130450d25f9b245f517b4311d9139f647db771b46e6b45af6d41eb7ba092,06235fcd653726752f2d9de25dc8f59753d3b002913d92358e52ce341b7d04bf,burst,0.22959183673469388,0.288265306122449,0.19387755102040816,0.288265306122449,burst,0.20892477647692387,0.4442719026373863,0.1633170805433825,0.18348624034230598,burst,0.04245258411662157,0.7755042657171293,0.014294554260391628,0.1677485959058574
20261232,11,352,383,burst,813e130450d25f9b245f517b4311d9139f647db771b46e6b45af6d41eb7ba092,06235fcd653726752f2d9de25dc8f59753d3b002913d92358e52ce341b7d04bf,burst,0.22959183673469388,0.288265306122449,0.19387755102040816,0.288265306122449,normal,0.6079752408952672,0.1996318182365614,0.14357658714480329,0.04881635372336701,burst,0.26263470057759525,0.6637033324420761,0.03285299560295267,0.04080897137737581
20261232,12,384,415,burst,813e130450d25f9b245f517b4311d9139f647db771b46e6b45af6d41eb7ba092,06235fcd653726752f2d9de25dc8f59753d3b002913d92358e52ce341b7d04bf,burst,0.22959183673469388,0.288265306122449,0.19387755102040816,0.288265306122449,burst,0.09402490841824883,0.6702511909253549,0.10034337775929617,0.13538052289709954,burst,0.07129070540511273,0.8919017688786054,0.0181794099375788,0.01862811577870307
20261232,13,416,447,normal,813e130450d25f9b245f517b4311d9139f647db771b46e6b45af6d41eb7ba092,06235fcd653726752f2d9de25dc8f59753d3b002913d92358e52ce341b7d04bf,burst,0.22959183673469388,0.288265306122449,0.19387755102040816,0.288265306122449,burst,0.21321678353291215,0.5996378779657306,0.07687839796692349,0.11026694053443375,burst,0.051303748225075496,0.9322734764536978,0.00803568509399114,0.00838709022723559
20261232,14,448,479,normal,813e130450d25f9b245f517b4311d9139f647db771b46e6b45af6d41eb7ba092,06235fcd653726752f2d9de25dc8f59753d3b002913d92358e52ce341b7d04bf,burst,0.22959183673469388,0.288265306122449,0.19387755102040816,0.288265306122449,normal,0.46827354457892284,0.3188349078496321,0.08591212751215334,0.12697942005929164,burst,0.1448860087176187,0.8344864881811677,0.009714629586515084,0.010912873514698565
20261232,15,480,511,normal,813e130450d25f9b245f517b4311d9139f647db771b46e6b45af6d41eb7ba092,06235fcd653726752f2d9de25dc8f59753d3b002913d92358e52ce341b7d04bf,burst,0.22959183673469388,0.288265306122449,0.19387755102040816,0.288265306122449,calibration_shift,0.0684578267939415,0.3466725019675013,0.09441233176208932,0.49045733947646675,burst,0.048908629510311864,0.8858833783898069,0.013492022978967158,0.051715969120914244
20261232,16,512,543,normal,813e130450d25f9b245f517b4311d9139f647db771b46e6b45af6d41eb7ba092,06235fcd653726752f2d9de25dc8f59753d3b002913d92358e52ce341b7d04bf,burst,0.22959183673469388,0.288265306122449,0.19387755102040816,0.288265306122449,normal,0.7801191303661401,0.09795987739746632,0.09123349947022089,0.030687492766172365,burst,0.47378792814494475,0.48640204981148455,0.026204202850675283,0.013605819192895212
20261232,17,544,575,normal,813e130450d25f9b245f517b4311d9139f647db771b46e6b45af6d41eb7ba092,06235fcd653726752f2d9de25dc8f59753d3b002913d92358e52ce341b7d04bf,burst,0.22959183673469388,0.288265306122449,0.19387755102040816,0.288265306122449,normal,0.7127141513633619,0.15562920441467243,0.07235130140055188,0.059305342821414364,normal,0.8401024063385318,0.14442988072071533,0.011209905792444373,0.004257807148308404
20261232,18,576,607,normal,813e130450d25f9b245f517b4311d9139f647db771b46e6b45af6d41eb7ba092,06235fcd653726752f2d9de25dc8f59753d3b002913d92358e52ce341b7d04bf,burst,0.22959183673469388,0.288265306122449,0.19387755102040816,0.288265306122449,normal,0.9784741879245634,0.0015848691840131593,0.00496477298652073,0.014976169904902812,normal,0.9990926134846307,0.0002647262057684591,0.00028933102226173823,0.0003533292873391158
20261232,19,608,639,normal,813e130450d25f9b245f517b4311d9139f647db771b46e6b45af6d41eb7ba092,06235fcd653726752f2d9de25dc8f59753d3b002913d92358e52ce341b7d04bf,burst,0.22959183673469388,0.288265306122449,0.19387755102040816,0.288265306122449,normal,0.672353369920203,0.19718839734519344,0.07774263265664888,0.05271560007795438,normal,0.9905650293093721,0.005130839727679395,0.003321966216490305,0.0009821647464581973
20261232,20,640,671,normal,813e130450d25f9b245f517b4311d9139f647db771b46e6b45af6d41eb7ba092,06235fcd653726752f2d9de25dc8f59753d3b002913d92358e52ce341b7d04bf,burst,0.22959183673469388,0.288265306122449,0.19387755102040816,0.288265306122449,normal,0.871204722443968,0.02041268551436212,0.013297014195958126,0.0950855778457124,normal,0.9973605960000105,0.0005638538279151082,0.0005459982790040026,0.0015295518930702843
20261232,21,672,703,normal,813e130450d25f9b245f517b4311d9139f647db771b46e6b45af6d41eb7ba092,06235fcd653726752f2d9de25dc8f59753d3b002913d92358e52ce341b7d04bf,burst,0.22959183673469388,0.288265306122449,0.19387755102040816,0.288265306122449,normal,0.562370079389254,0.046036050355309006,0.016436772209393612,0.37515709804604336,normal,0.9882053786790284,0.0014771041006760581,0.0008607681502692445,0.009456749070026324
20261232,22,704,735,normal,813e130450d25f9b245f517b4311d9139f647db771b46e6b45af6d41eb7ba092,06235fcd653726752f2d9de25dc8f59753d3b002913d92358e52ce341b7d04bf,burst,0.22959183673469388,0.288265306122449,0.19387755102040816,0.288265306122449,normal,0.7573562480009403,0.15846433173415958,0.016934177479487535,0.06724524278541145,normal,0.9931493572475678,0.004143316291021921,0.00068874644097458,0.0020185800204357536
20261232,23,736,767,normal,813e130450d25f9b245f517b4311d9139f647db771b46e6b45af6d41eb7ba092,06235fcd653726752f2d9de25dc8f59753d3b002913d92358e52ce341b7d04bf,burst,0.22959183673469388,0.288265306122449,0.19387755102040816,0.288265306122449,calibration_shift,0.10838806469207375,0.32807794940128204,0.11112329019202795,0.4524106957146177,normal,0.8593489929643803,0.05961222846643954,0.026772871650483365,0.05426590691869667
20261232,24,768,799,normal,813e130450d25f9b245f517b4311d9139f647db771b46e6b45af6d41eb7ba092,06235fcd653726752f2d9de25dc8f59753d3b002913d92358e52ce341b7d04bf,burst,0.22959183673469388,0.288265306122449,0.19387755102040816,0.288265306122449,normal,0.7836090087256439,0.018167546139193556,0.013061245855225972,0.1851621992799382,normal,0.9798758563496749,0.0019086298964257106,0.0013413048387127002,0.016874208915186865
20261232,25,800,831,normal,813e130450d25f9b245f517b4311d9139f647db771b46e6b45af6d41eb7ba092,06235fcd653726752f2d9de25dc8f59753d3b002913d92358e52ce341b7d04bf,burst,0.22959183673469388,0.288265306122449,0.19387755102040816,0.288265306122449,normal,0.6721637349385149,0.003727374442220345,0.0026226168855320443,0.32148627373373423,normal,0.9855968980755414,0.0001137019249793939,0.0001247852391125788,0.0141646147603666
20261232,26,832,863,normal,813e130450d25f9b245f517b4311d9139f647db771b46e6b45af6d41eb7ba092,06235fcd653726752f2d9de25dc8f59753d3b002913d92358e52ce341b7d04bf,burst,0.22959183673469388,0.288265306122449,0.19387755102040816,0.288265306122449,calibration_shift,0.13308153753130988,0.012819149407836588,0.010793668524258301,0.8433056445365966,normal,0.8499375308541846,0.0014618990397227839,0.0020055504321954618,0.14659501967389718
20261232,27,864,895,calibration_shift,813e130450d25f9b245f517b4311d9139f647db771b46e6b45af6d41eb7ba092,06235fcd653726752f2d9de25dc8f59753d3b002913d92358e52ce341b7d04bf,burst,0.22959183673469388,0.288265306122449,0.19387755102040816,0.288265306122449,calibration_shift,0.12125634440397756,0.12740786884635028,0.06351497513711697,0.6878208116125553,normal,0.5193372273293588,0.013062508258464821,0.010483078752730125,0.4571171856594463
20261232,28,896,927,calibration_shift,813e130450d25f9b245f517b4311d9139f647db771b46e6b45af6d41eb7ba092,06235fcd653726752f2d9de25dc8f59753d3b002913d92358e52ce341b7d04bf,burst,0.22959183673469388,0.288265306122449,0.19387755102040816,0.288265306122449,burst,0.011667889036419354,0.4985138142881593,0.2332438210306417,0.25657447564478064,calibration_shift,0.049971057653786975,0.12768835453361188,0.08128420549247592,0.7410563823201252
20261232,29,928,959,calibration_shift,813e130450d25f9b245f517b4311d9139f647db771b46e6b45af6d41eb7ba092,06235fcd653726752f2d9de25dc8f59753d3b002913d92358e52ce341b7d04bf,burst,0.22959183673469388,0.288265306122449,0.19387755102040816,0.288265306122449,calibration_shift,0.2988045491101569,0.0994781548877613,0.017885241788836093,0.5838320542132465,calibration_shift,0.06871144167493975,0.032129871180277936,0.006014605195033117,0.8931440819497493
20261232,30,960,991,calibration_shift,813e130450d25f9b245f517b4311d9139f647db771b46e6b45af6d41eb7ba092,06235fcd653726752f2d9de25dc8f59753d3b002913d92358e52ce341b7d04bf,burst,0.22959183673469388,0.288265306122449,0.19387755102040816,0.288265306122449,calibration_shift,0.26484211299860994,0.04557645132259881,0.005502487698205759,0.6840789479805868,calibration_shift,0.055162438524280356,0.004133290005413457,0.00031989424284598213,0.9403843772274602
20261232,31,992,1023,calibration_shift,813e130450d25f9b245f517b4311d9139f647db771b46e6b45af6d41eb7ba092,06235fcd653726752f2d9de25dc8f59753d3b002913d92358e52ce341b7d04bf,burst,0.22959183673469388,0.288265306122449,0.19387755102040816,0.288265306122449,calibration_shift,0.17448036199617947,0.33572998033261225,0.017764964643601795,0.4720246930276056,calibration_shift,0.04263953030100291,0.017978570527986855,0.0008790601635485393,0.9385028390074617
20261232,32,1024,1055,calibration_shift,813e130450d25f9b245f517b4311d9139f647db771b46e6b45af6d41eb7ba092,06235fcd653726752f2d9de25dc8f59753d3b002913d92358e52ce341b7d04bf,burst,0.22959183673469388,0.288265306122449,0.19387755102040816,0.288265306122449,normal,0.8765067468799832,0.01373351493968616,0.01415685845495398,0.09560287972537504,calibration_shift,0.48857729811961226,0.0032769136298856196,0.001993189019828682,0.5061525992306735
20261232,33,1056,1087,calibration_shift,813e130450d25f9b245f517b4311d9139f647db771b46e6b45af6d41eb7ba092,06235fcd653726752f2d9de25dc8f59753d3b002913d92358e52ce341b7d04bf,burst,0.22959183673469388,0.288265306122449,0.19387755102040816,0.288265306122449,calibration_shift,0.16440766398098222,0.3356407563086483,0.07136884635850839,0.4285827333518603,calibration_shift,0.31716537959560775,0.02795197754371182,0.00792005743245165,0.6469625854282286
20261232,34,1088,1119,calibration_shift,813e130450d25f9b245f517b4311d9139f647db771b46e6b45af6d41eb7ba092,06235fcd653726752f2d9de25dc8f59753d3b002913d92358e52ce341b7d04bf,burst,0.22959183673469388,0.288265306122449,0.19387755102040816,0.288265306122449,calibration_shift,0.06844596203765373,0.019584599539598086,0.0005973300125239172,0.9113721084102234,calibration_shift,0.049283846057600736,0.0017960357035317412,4.598093653499163e-05,0.9488741373023325
20261232,35,1120,1151,calibration_shift,813e130450d25f9b245f517b4311d9139f647db771b46e6b45af6d41eb7ba092,06235fcd653726752f2d9de25dc8f59753d3b002913d92358e52ce341b7d04bf,burst,0.22959183673469388,0.288265306122449,0.19387755102040816,0.288265306122449,calibration_shift,0.09054362388518016,0.06829452606200062,0.0016498464493338006,0.8395120036034842,calibration_shift,0.012021954023284624,0.0018333029779354596,4.501383165323227e-05,0.9860997291671266
20261232,36,1152,1183,calibration_shift,813e130450d25f9b245f517b4311d9139f647db771b46e6b45af6d41eb7ba092,06235fcd653726752f2d9de25dc8f59753d3b002913d92358e52ce341b7d04bf,burst,0.22959183673469388,0.288265306122449,0.19387755102040816,0.288265306122449,calibration_shift,0.13991233707147643,0.24770797426726343,0.07612895027955453,0.5362507383817068,calibration_shift,0.013550062709930817,0.009489007371598055,0.0028542704782210607,0.97410665944025
20261232,37,1184,1215,calibration_shift,813e130450d25f9b245f517b4311d9139f647db771b46e6b45af6d41eb7ba092,06235fcd653726752f2d9de25dc8f59753d3b002913d92358e52ce341b7d04bf,burst,0.22959183673469388,0.288265306122449,0.19387755102040816,0.288265306122449,calibration_shift,0.04323257931031435,0.378607717066994,0.05635572373182585,0.5218039798908641,calibration_shift,0.004588112002099805,0.0226992487483425,0.0030281249269949505,0.9696845143225626
20261232,38,1216,1247,calibration_shift,813e130450d25f9b245f517b4311d9139f647db771b46e6b45af6d41eb7ba092,06235fcd653726752f2d9de25dc8f59753d3b002913d92358e52ce341b7d04bf,burst,0.22959183673469388,0.288265306122449,0.19387755102040816,0.288265306122449,calibration_shift,0.0524890242260877,0.23611933831721016,0.02003267608905989,0.6913589613676409,calibration_shift,0.0031377392601674844,0.016081439968827983,0.0008279765363157057,0.9799528442346889
20261232,39,1248,1279,calibration_shift,813e130450d25f9b245f517b4311d9139f647db771b46e6b45af6d41eb7ba092,06235fcd653726752f2d9de25dc8f59753d3b002913d92358e52ce341b7d04bf,burst,0.22959183673469388,0.288265306122449,0.19387755102040816,0.288265306122449,calibration_shift,0.05251313685600176,0.3068589014922492,0.051019109095270146,0.5896088525564782,calibration_shift,0.0033452394958767527,0.02009871195524206,0.0019559765090731585,0.9746000720398079
20261232,40,1280,1311,calibration_shift,813e130450d25f9b245f517b4311d9139f647db771b46e6b45af6d41eb7ba092,06235fcd653726752f2d9de25dc8f59753d3b002913d92358e52ce341b7d04bf,burst,0.22959183673469388,0.288265306122449,0.19387755102040816,0.288265306122449,calibration_shift,0.40966571869248947,0.04666259444356322,0.002228647698616732,0.5414430391653324,calibration_shift,0.02882232771543839,0.0037239590714465945,0.0001049125777939978,0.967348800635321
20261232,41,1312,1343,calibration_shift,813e130450d25f9b245f517b4311d9139f647db771b46e6b45af6d41eb7ba092,06235fcd653726752f2d9de25dc8f59753d3b002913d92358e52ce341b7d04bf,burst,0.22959183673469388,0.288265306122449,0.19387755102040816,0.288265306122449,calibration_shift,0.0006466819729006752,0.011296862888126096,0.0006727753180064529,0.9873836798209656,calibration_shift,5.3002096148565806e-05,0.00028531114453776094,1.5162301434322115e-05,0.9996465244578794
20261232,42,1344,1375,calibration_shift,813e130450d25f9b245f517b4311d9139f647db771b46e6b45af6d41eb7ba092,06235fcd653726752f2d9de25dc8f59753d3b002913d92358e52ce341b7d04bf,burst,0.22959183673469388,0.288265306122449,0.19387755102040816,0.288265306122449,calibration_shift,0.24272841221990418,0.3168280636461093,0.08506816869922883,0.3553753554347581,calibration_shift,0.01940708283410052,0.014955910712818358,0.004422388085456472,0.9612146183676247
20261232,43,1376,1407,calibration_shift,813e130450d25f9b245f517b4311d9139f647db771b46e6b45af6d41eb7ba092,06235fcd653726752f2d9de25dc8f59753d3b002913d92358e52ce341b7d04bf,burst,0.22959183673469388,0.288265306122449,0.19387755102040816,0.288265306122449,calibration_shift,0.15451343635401524,0.04839418140384065,0.0040401819250542315,0.7930522003170885,calibration_shift,0.012978781666023807,0.002393009300164688,0.00016704495060739823,0.984461164083204
20261232,44,1408,1439,calibration_shift,813e130450d25f9b245f517b4311d9139f647db771b46e6b45af6d41eb7ba092,06235fcd653726752f2d9de25dc8f59753d3b002913d92358e52ce341b7d04bf,burst,0.22959183673469388,0.288265306122449,0.19387755102040816,0.288265306122449,burst,0.09468765564450878,0.48139964378130434,0.014543325260233338,0.40936937531395357,calibration_shift,0.012244502023166617,0.024955423850170036,0.0007268908378642301,0.962073183288799
20261232,45,1440,1471,calibration_shift,813e130450d25f9b245f517b4311d9139f647db771b46e6b45af6d41eb7ba092,06235fcd653726752f2d9de25dc8f59753d3b002913d92358e52ce341b7d04bf,burst,0.22959183673469388,0.288265306122449,0.19387755102040816,0.288265306122449,calibration_shift,0.008857358149982333,0.4464830742738094,0.04806643124331505,0.4965931363328937,calibration_shift,0.0009535356415468158,0.043939821259553924,0.002227865216935425,0.9528787778819638
20261232,46,1472,1503,calibration_shift,813e130450d25f9b245f517b4311d9139f647db771b46e6b45af6d41eb7ba092,06235fcd653726752f2d9de25dc8f59753d3b002913d92358e52ce341b7d04bf,burst,0.22959183673469388,0.288265306122449,0.19387755102040816,0.288265306122449,calibration_shift,0.04237119425056951,0.25885916041172885,0.01279220505540025,0.6859774402823002,calibration_shift,0.0021311473560296323,0.02672661725417874,0.0005036417810312707,0.9706385936087603
20261232,47,1504,1535,leakage,813e130450d25f9b245f517b4311d9139f647db771b46e6b45af6d41eb7ba092,06235fcd653726752f2d9de25dc8f59753d3b002913d92358e52ce341b7d04bf,burst,0.22959183673469388,0.288265306122449,0.19387755102040816,0.288265306122449,leakage,0.0011104256573923291,0.1912748540455699,0.804346206241941,0.003268514055096557,leakage,0.0013077411350424875,0.3180501717893506,0.5768878962756879,0.10375419079991896
20261232,48,1536,1567,leakage,813e130450d25f9b245f517b4311d9139f647db771b46e6b45af6d41eb7ba092,06235fcd653726752f2d9de25dc8f59753d3b002913d92358e52ce341b7d04bf,burst,0.22959183673469388,0.288265306122449,0.19387755102040816,0.288265306122449,burst,0.11309718821229826,0.5597517299369931,0.25838495569450776,0.06876612615620259,leakage,0.009347588424805103,0.4343153593900394,0.5331740666560183,0.023162985529137134
20261232,49,1568,1599,leakage,813e130450d25f9b245f517b4311d9139f647db771b46e6b45af6d41eb7ba092,06235fcd653726752f2d9de25dc8f59753d3b002913d92358e52ce341b7d04bf,burst,0.22959183673469388,0.288265306122449,0.19387755102040816,0.288265306122449,burst,0.014734250746781929,0.4907402672645533,0.4661572431803312,0.02836823880833211,leakage,0.0011984038910846575,0.3591680821840631,0.636791495733367,0.002842018191485184
20261232,50,1600,1631,leakage,813e130450d25f9b245f517b4311d9139f647db771b46e6b45af6d41eb7ba092,06235fcd653726752f2d9de25dc8f59753d3b002913d92358e52ce341b7d04bf,burst,0.22959183673469388,0.288265306122449,0.19387755102040816,0.288265306122449,burst,0.17926590329129205,0.35696301112901235,0.330620155347764,0.13315093023193308,leakage,0.012689562142290473,0.2846233047210271,0.6923137817808515,0.010373351355830845
20261232,51,1632,1663,leakage,813e130450d25f9b245f517b4311d9139f647db771b46e6b45af6d41eb7ba092,06235fcd653726752f2d9de25dc8f59753d3b002913d92358e52ce341b7d04bf,burst,0.22959183673469388,0.288265306122449,0.19387755102040816,0.288265306122449,burst,0.06633024432567157,0.5915456646408755,0.25294524573917415,0.08917884529427723,leakage,0.0076975844386095015,0.39390744525289123,0.5890089877364284,0.009385982572070895
20261232,52,1664,1695,leakage,813e130450d25f9b245f517b4311d9139f647db771b46e6b45af6d41eb7ba092,06235fcd653726752f2d9de25dc8f59753d3b002913d92358e52ce341b7d04bf,burst,0.22959183673469388,0.288265306122449,0.19387755102040816,0.288265306122449,leakage,0.0016097434442964415,0.03900966599609964,0.958750333206748,0.000630257352857382,leakage,8.299545860554108e-05,0.01782320038839388,0.9820618198291843,3.198432381640772e-05
20261232,53,1696,1727,leakage,813e130450d25f9b245f517b4311d9139f647db771b46e6b45af6d41eb7ba092,06235fcd653726752f2d9de25dc8f59753d3b002913d92358e52ce341b7d04bf,burst,0.22959183673469388,0.288265306122449,0.19387755102040816,0.288265306122449,burst,0.0809290375614904,0.5798600297625995,0.24287905754231165,0.09633187513359649,leakage,0.005136008978336146,0.06104634051459976,0.9254515791692055,0.00836607133785849
20261232,54,1728,1759,leakage,813e130450d25f9b245f517b4311d9139f647db771b46e6b45af6d41eb7ba092,06235fcd653726752f2d9de25dc8f59753d3b002913d92358e52ce341b7d04bf,burst,0.22959183673469388,0.288265306122449,0.19387755102040816,0.288265306122449,leakage,2.037264122653326e-05,0.00949289864985826,0.9902777008466188,0.00020902786229459112,leakage,5.418975752534524e-07,0.0005957910897536551,0.9993965338269445,7.133185726698335e-06
20261232,55,1760,1791,leakage,813e130450d25f9b245f517b4311d9139f647db771b46e6b45af6d41eb7ba092,06235fcd653726752f2d9de25dc8f59753d3b002913d92358e52ce341b7d04bf,burst,0.22959183673469388,0.288265306122449,0.19387755102040816,0.288265306122449,burst,0.0007111805794084785,0.8463557008486567,0.103258288688003,0.04967482988393265,leakage,9.625069445340472e-05,0.09282989862073047,0.8975038387704347,0.00957001191438134
20261232,56,1792,1823,leakage,813e130450d25f9b245f517b4311d9139f647db771b46e6b45af6d41eb7ba092,06235fcd653726752f2d9de25dc8f59753d3b002913d92358e52ce341b7d04bf,burst,0.22959183673469388,0.288265306122449,0.19387755102040816,0.288265306122449,leakage,0.009819848174731392,0.3643366744133951,0.5641943202154213,0.0616491571964532,leakage,0.0003286181988248621,0.05310805935476118,0.9428738902992475,0.0036894321471663046
20261232,57,1824,1855,leakage,813e130450d25f9b245f517b4311d9139f647db771b46e6b45af6d41eb7ba092,06235fcd653726752f2d9de25dc8f59753d3b002913d92358e52ce341b7d04bf,burst,0.22959183673469388,0.288265306122449,0.19387755102040816,0.288265306122449,burst,0.10211507472439896,0.5071189638736475,0.3093672002427124,0.08139876115924038,leakage,0.005618576022490711,0.08181884927981298,0.9057645720625559,0.00679800263514039
20261232,58,1856,1887,calibration_shift,813e130450d25f9b245f517b4311d9139f647db771b46e6b45af6d41eb7ba092,06235fcd653726752f2d9de25dc8f59753d3b002913d92358e52ce341b7d04bf,burst,0.22959183673469388,0.288265306122449,0.19387755102040816,0.288265306122449,calibration_shift,0.2901349069882426,0.20890039562983978,0.07827742851527476,0.4226872688666433,leakage,0.06914112674549992,0.14083004840815108,0.6707735695568002,0.1192552552895488
20261232,59,1888,1919,calibration_shift,813e130450d25f9b245f517b4311d9139f647db771b46e6b45af6d41eb7ba092,06235fcd653726752f2d9de25dc8f59753d3b002913d92358e52ce341b7d04bf,burst,0.22959183673469388,0.288265306122449,0.19387755102040816,0.288265306122449,calibration_shift,0.11176521665773884,0.049094634828730194,0.004115724720386433,0.8350244237931456,calibration_shift,0.0902312513375728,0.05072386222989849,0.025963007202427668,0.8330818792301011
20261232,60,1920,1951,calibration_shift,813e130450d25f9b245f517b4311d9139f647db771b46e6b45af6d41eb7ba092,06235fcd653726752f2d9de25dc8f59753d3b002913d92358e52ce341b7d04bf,burst,0.22959183673469388,0.288265306122449,0.19387755102040816,0.288265306122449,calibration_shift,0.28045509879601166,0.2761274329775922,0.13556329081127302,0.30785417741512466,calibration_shift,0.1378993952617182,0.06563065437564426,0.030374731786664506,0.7660952185759731
20261232,61,1952,1983,calibration_shift,813e130450d25f9b245f517b4311d9139f647db771b46e6b45af6d41eb7ba092,06235fcd653726752f2d9de25dc8f59753d3b002913d92358e52ce341b7d04bf,burst,0.22959183673469388,0.288265306122449,0.19387755102040816,0.288265306122449,calibration_shift,0.015227324704643875,0.0011994652260163387,7.967723037426097e-05,0.9834935328389639,calibration_shift,0.004552809800904488,0.0001516022378624371,8.856032053543564e-06,0.9952867319291795
20261232,62,1984,2015,calibration_shift,813e130450d25f9b245f517b4311d9139f647db771b46e6b45af6d41eb7ba092,06235fcd653726752f2d9de25dc8f59753d3b002913d92358e52ce341b7d04bf,burst,0.22959183673469388,0.288265306122449,0.19387755102040816,0.288265306122449,calibration_shift,0.13760441061531772,0.09904634612485623,0.029048661041744403,0.7343005822180828,calibration_shift,0.0073779699826421125,0.0023310518809649358,0.0007703320548146437,0.9895206460815783
20261232,63,2016,2047,calibration_shift,813e130450d25f9b245f517b4311d9139f647db771b46e6b45af6d41eb7ba092,06235fcd653726752f2d9de25dc8f59753d3b002913d92358e52ce341b7d04bf,burst,0.22959183673469388,0.288265306122449,0.19387755102040816,0.288265306122449,calibration_shift,0.26065878305147966,0.11151580977331967,0.06899384774820581,0.5588315594269945,calibration_shift,0.020592929487777002,0.004208503239985424,0.0027269801155148233,0.9724715871567229
20261232,64,2048,2079,calibration_shift,813e130450d25f9b245f517b4311d9139f647db771b46e6b45af6d41eb7ba092,06235fcd653726752f2d9de25dc8f59753d3b002913d92358e52ce341b7d04bf,burst,0.22959183673469388,0.288265306122449,0.19387755102040816,0.288265306122449,calibration_shift,0.008729022880873759,0.04498040424045906,0.003263092856808552,0.9430274800218604,calibration_shift,0.0006296277816684547,0.0012104611863662594,9.978108898088062e-05,0.9980601299429844
20261232,65,2080,2111,calibration_shift,813e130450d25f9b245f517b4311d9139f647db771b46e6b45af6d41eb7ba092,06235fcd653726752f2d9de25dc8f59753d3b002913d92358e52ce341b7d04bf,burst,0.22959183673469388,0.288265306122449,0.19387755102040816,0.288265306122449,normal,0.566980084308027,0.07850115433990609,0.01482507511793724,0.3396936862341301,calibration_shift,0.04970673315081675,0.0042188102346038215,0.000816215471455887,0.9452582411431236
20261232,66,2112,2143,calibration_shift,813e130450d25f9b245f517b4311d9139f647db771b46e6b45af6d41eb7ba092,06235fcd653726752f2d9de25dc8f59753d3b002913d92358e52ce341b7d04bf,burst,0.22959183673469388,0.288265306122449,0.19387755102040816,0.288265306122449,burst,0.1722115840064365,0.37518949578935445,0.10739775160843656,0.34520116859577143,calibration_shift,0.0521225586068784,0.026651409080264536,0.007427409092045813,0.9137986232208112
20261232,67,2144,2175,calibration_shift,813e130450d25f9b245f517b4311d9139f647db771b46e6b45af6d41eb7ba092,06235fcd653726752f2d9de25dc8f59753d3b002913d92358e52ce341b7d04bf,burst,0.22959183673469388,0.288265306122449,0.19387755102040816,0.288265306122449,calibration_shift,0.06819129206072258,0.11931309523675832,0.0018925257094209336,0.8106030869930999,calibration_shift,0.010169778096006372,0.008311969665425334,9.98985841132529e-05,0.9814183536544551
20261232,68,2176,2207,normal,813e130450d25f9b245f517b4311d9139f647db771b46e6b45af6d41eb7ba092,06235fcd653726752f2d9de25dc8f59753d3b002913d92358e52ce341b7d04bf,burst,0.22959183673469388,0.288265306122449,0.19387755102040816,0.288265306122449,normal,0.8612487458907241,0.013671895092761673,0.011282551346547803,0.11379680766996661,calibration_shift,0.2767961164283152,0.0026132001924806967,0.0015045545441648492,0.7190861288350392
20261232,69,2208,2239,normal,813e130450d25f9b245f517b4311d9139f647db771b46e6b45af6d41eb7ba092,06235fcd653726752f2d9de25dc8f59753d3b002913d92358e52ce341b7d04bf,burst,0.22959183673469388,0.288265306122449,0.19387755102040816,0.288265306122449,normal,0.8667979597264587,0.010468843541199159,0.008061662573447136,0.11467153415889596,normal,0.8065052969397529,0.000632658128149782,0.0006129367459905831,0.19224910818610674
20261232,70,2240,2271,normal,813e130450d25f9b245f517b4311d9139f647db771b46e6b45af6d41eb7ba092,06235fcd653726752f2d9de25dc8f59753d3b002913d92358e52ce341b7d04bf,burst,0.22959183673469388,0.288265306122449,0.19387755102040816,0.288265306122449,normal,0.6669513046600302,0.05490696580108786,0.057313253726607616,0.22082847581227621,normal,0.9318655568848292,0.00181746502578048,0.002915428569971259,0.06340154951941897
20261232,71,2272,2303,normal,813e130450d25f9b245f517b4311d9139f647db771b46e6b45af6d41eb7ba092,06235fcd653726752f2d9de25dc8f59753d3b002913d92358e52ce341b7d04bf,burst,0.22959183673469388,0.288265306122449,0.19387755102040816,0.288265306122449,normal,0.43424653989013595,0.36385688904776453,0.0980970642201103,0.10379950684198756,normal,0.9574145405356714,0.017780779463714497,0.008112358885019103,0.01669232111559503
20261232,72,2304,2335,normal,813e130450d25f9b245f517b4311d9139f647db771b46e6b45af6d41eb7ba092,06235fcd653726752f2d9de25dc8f59753d3b002913d92358e52ce341b7d04bf,burst,0.22959183673469388,0.288265306122449,0.19387755102040816,0.288265306122449,normal,0.910456437598801,0.007559667473516177,0.006289516373257054,0.07569437855442467,normal,0.9967679618633829,0.0003161356058476688,0.0003157705786914657,0.002600131952078106
20261232,73,2336,2367,normal,813e130450d25f9b245f517b4311d9139f647db771b46e6b45af6d41eb7ba092,06235fcd653726752f2d9de25dc8f59753d3b002913d92358e52ce341b7d04bf,burst,0.22959183673469388,0.288265306122449,0.19387755102040816,0.288265306122449,calibration_shift,0.2986674283015778,0.06999253589339638,0.02377984426553089,0.6075601915394951,normal,0.963162237544381,0.00403326155572578,0.0022406189037589438,0.03056388199613443
20261232,74,2368,2399,normal,813e130450d25f9b245f517b4311d9139f647db771b46e6b45af6d41eb7ba092,06235fcd653726752f2d9de25dc8f59753d3b002913d92358e52ce341b7d04bf,burst,0.22959183673469388,0.288265306122449,0.19387755102040816,0.288265306122449,burst,0.04931258853010827,0.41592669271076305,0.14018887477917333,0.39457184397995687,normal,0.607914097376621,0.12283945673640033,0.06052350232525595,0.20872294356172277
20261232,75,2400,2431,normal,813e130450d25f9b245f517b4311d9139f647db771b46e6b45af6d41eb7ba092,06235fcd653726752f2d9de25dc8f59753d3b002913d92358e52ce341b7d04bf,burst,0.22959183673469388,0.288265306122449,0.19387755102040816,0.288265306122449,normal,0.7193335156401783,0.08508584054050813,0.028302925975190803,0.16727771784412104,normal,0.910260764665498,0.021086309922050937,0.0064631436159783805,0.062189781796472755
20261232,76,2432,2463,normal,813e130450d25f9b245f517b4311d9139f647db771b46e6b45af6d41eb7ba092,06235fcd653726752f2d9de25dc8f59753d3b002913d92358e52ce341b7d04bf,burst,0.22959183673469388,0.288265306122449,0.19387755102040816,0.288265306122449,calibration_shift,0.2904934203251987,0.1823966956503204,0.05208589844542353,0.4750239855790565,normal,0.8642839909771074,0.023728033780284655,0.007024772158581616,0.10496320308402632
20261232,77,2464,2495,normal,813e130450d25f9b245f517b4311d9139f647db771b46e6b45af6d41eb7ba092,06235fcd653726752f2d9de25dc8f59753d3b002913d92358e52ce341b7d04bf,burst,0.22959183673469388,0.288265306122449,0.19387755102040816,0.288265306122449,normal,0.4323573954503479,0.21061877967032697,0.1593947921796757,0.19762903269964813,normal,0.9131798750854571,0.021726952486336493,0.016340892588840004,0.048752279839366364
20261232,78,2496,2527,normal,813e130450d25f9b245f517b4311d9139f647db771b46e6b45af6d41eb7ba092,06235fcd653726752f2d9de25dc8f59753d3b002913d92358e52ce341b7d04bf,burst,0.22959183673469388,0.288265306122449,0.19387755102040816,0.288265306122449,calibration_shift,0.20233879538325178,0.2385200550816564,0.013766982397830767,0.5453741671372628,normal,0.8157684975278469,0.04263408843653896,0.003419392157221755,0.13817802187839223
20261232,79,2528,2559,normal,813e130450d25f9b245f517b4311d9139f647db771b46e6b45af6d41eb7ba092,06235fcd653726752f2d9de25dc8f59753d3b002913d92358e52ce341b7d04bf,burst,0.22959183673469388,0.288265306122449,0.19387755102040816,0.288265306122449,calibration_shift,0.050316042758105764,0.028570136920572066,0.0011938027549862457,0.9199200175663347,calibration_shift,0.2587473399521357,0.010449239886880998,0.0002681085783090564,0.7305353115826742
20261232,80,2560,2591,normal,813e130450d25f9b245f517b4311d9139f647db771b46e6b45af6d41eb7ba092,06235fcd653726752f2d9de25dc8f59753d3b002913d92358e52ce341b7d04bf,burst,0.22959183673469388,0.288265306122449,0.19387755102040816,0.288265306122449,burst,0.09365355275275142,0.6765398984070399,0.18056911908866166,0.049237429751548545,calibration_shift,0.3497049229747983,0.24256453929243066,0.05165014948625781,0.3560803882465131
20261232,81,2592,2623,burst,813e130450d25f9b245f517b4311d9139f647db771b46e6b45af6d41eb7ba092,06235fcd653726752f2d9de25dc8f59753d3b002913d92358e52ce341b7d04bf,burst,0.22959183673469388,0.288265306122449,0.19387755102040816,0.288265306122449,leakage,0.003164602121542453,0.24531731788591668,0.6591385833553546,0.0923794966371858,leakage,0.008342742317315395,0.35846611703659936,0.4460657117636915,0.18712542888239395
20261232,82,2624,2655,burst,813e130450d25f9b245f517b4311d9139f647db771b46e6b45af6d41eb7ba092,06235fcd653726752f2d9de25dc8f59753d3b002913d92358e52ce341b7d04bf,burst,0.22959183673469388,0.288265306122449,0.19387755102040816,0.288265306122449,normal,0.5646643733372176,0.14150165450364574,0.09082536140604117,0.20300861075309654,leakage,0.14894423679557292,0.2775641475972789,0.33429241171074103,0.23919920389640717
20261232,83,2656,2687,burst,813e130450d25f9b245f517b4311d9139f647db771b46e6b45af6d41eb7ba092,06235fcd653726752f2d9de25dc8f59753d3b002913d92358e52ce341b7d04bf,burst,0.22959183673469388,0.288265306122449,0.19387755102040816,0.288265306122449,leakage,0.005943471603109137,0.17646123885231488,0.7889971773381135,0.028598112206462068,leakage,0.0028759527323717385,0.10793099065643015,0.8733569894750653,0.015836067136132843
20261232,84,2688,2719,burst,813e130450d25f9b245f517b4311d9139f647db771b46e6b45af6d41eb7ba092,06235fcd653726752f2d9de25dc8f59753d3b002913d92358e52ce341b7d04bf,burst,0.22959183673469388,0.288265306122449,0.19387755102040816,0.288265306122449,burst,0.2511896639274774,0.4677676159224634,0.11252124161342068,0.16852147853664018,leakage,0.03731278334658791,0.27249808898929917,0.6487452575707127,0.04144387009340012
20261232,85,2720,2751,burst,813e130450d25f9b245f517b4311d9139f647db771b46e6b45af6d41eb7ba092,06235fcd653726752f2d9de25dc8f59753d3b002913d92358e52ce341b7d04bf,burst,0.22959183673469388,0.288265306122449,0.19387755102040816,0.288265306122449,leakage,0.011776321861939916,0.3539500005872734,0.5931179739892103,0.04115570356157604,leakage,0.0015033866159823884,0.1481102025280128,0.8454929807346553,0.00489343012134944
20261232,86,2752,2783,burst,813e130450d25f9b245f517b4311d9139f647db771b46e6b45af6d41eb7ba092,06235fcd653726752f2d9de25dc8f59753d3b002913d92358e52ce341b7d04bf,burst,0.22959183673469388,0.288265306122449,0.19387755102040816,0.288265306122449,burst,0.1733938283786024,0.4309755587155705,0.09478157924201341,0.30084903366381527,leakage,0.025528602427784333,0.3472767749247062,0.5682290540512526,0.05896556859625686
20261232,87,2784,2815,burst,813e130450d25f9b245f517b4311d9139f647db771b46e6b45af6d41eb7ba092,06235fcd653726752f2d9de25dc8f59753d3b002913d92358e52ce341b7d04bf,burst,0.22959183673469388,0.288265306122449,0.19387755102040816,0.288265306122449,calibration_shift,0.1356268393642366,0.2849591034067106,0.02840371611270781,0.5510103411163437,burst,0.05185296244871654,0.533954538642357,0.12901393157297997,0.2851785673359464
20261232,88,2816,2847,burst,813e130450d25f9b245f517b4311d9139f647db771b46e6b45af6d41eb7ba092,06235fcd653726752f2d9de25dc8f59753d3b002913d92358e52ce341b7d04bf,burst,0.22959183673469388,0.288265306122449,0.19387755102040816,0.288265306122449,burst,0.20110140173688698,0.2919262083676636,0.24543992773298656,0.2615324621624627,burst,0.07206631628422576,0.493118674239284,0.18103582995467077,0.2537791795218193
20261232,89,2848,2879,burst,813e130450d25f9b245f517b4311d9139f647db771b46e6b45af6d41eb7ba092,06235fcd653726752f2d9de25dc8f59753d3b002913d92358e52ce341b7d04bf,burst,0.22959183673469388,0.288265306122449,0.19387755102040816,0.288265306122449,burst,0.02200376941727006,0.5528515707880886,0.3590667137115477,0.06607794608309242,burst,0.00753947107174281,0.6729281362693379,0.274323497170473,0.045208895488446255
20261232,90,2880,2911,burst,813e130450d25f9b245f517b4311d9139f647db771b46e6b45af6d41eb7ba092,06235fcd653726752f2d9de25dc8f59753d3b002913d92358e52ce341b7d04bf,burst,0.22959183673469388,0.288265306122449,0.19387755102040816,0.288265306122449,burst,0.17630661543019016,0.4008311731701032,0.08415989784511943,0.33870231355458646,burst,0.02471606658150512,0.7854406516147788,0.11095585563717887,0.07888742616653716
20261232,91,2912,2943,calibration_shift,813e130450d25f9b245f517b4311d9139f647db771b46e6b45af6d41eb7ba092,06235fcd653726752f2d9de25dc8f59753d3b002913d92358e52ce341b7d04bf,burst,0.22959183673469388,0.288265306122449,0.19387755102040816,0.288265306122449,calibration_shift,0.34623620856450543,0.14252054857856025,0.0708728904611907,0.4403703523957435,burst,0.12958562027113027,0.5548916974838873,0.07320089353945963,0.24232178870552284
20261232,92,2944,2975,calibration_shift,813e130450d25f9b245f517b4311d9139f647db771b46e6b45af6d41eb7ba092,06235fcd653726752f2d9de25dc8f59753d3b002913d92358e52ce341b7d04bf,burst,0.22959183673469388,0.288265306122449,0.19387755102040816,0.288265306122449,calibration_shift,0.2519209914891596,0.024331433002023357,0.008714630760954818,0.7150329447478629,calibration_shift,0.20804811566445822,0.05236135169017089,0.005113811101465423,0.7344767215439055
20261232,93,2976,3007,calibration_shift,813e130450d25f9b245f517b4311d9139f647db771b46e6b45af6d41eb7ba092,06235fcd653726752f2d9de25dc8f59753d3b002913d92358e52ce341b7d04bf,burst,0.22959183673469388,0.288265306122449,0.19387755102040816,0.288265306122449,calibration_shift,0.38626255941810966,0.19984058491701787,0.01799143902180429,0.3959054166430689,calibration_shift,0.28304000854609207,0.038273974082585455,0.001685015928547084,0.6770010014427753
20261232,94,3008,3039,calibration_shift,813e130450d25f9b245f517b4311d9139f647db771b46e6b45af6d41eb7ba092,06235fcd653726752f2d9de25dc8f59753d3b002913d92358e52ce341b7d04bf,burst,0.22959183673469388,0.288265306122449,0.19387755102040816,0.288265306122449,calibration_shift,0.13832012318230305,0.11338036541462444,0.012095279501959365,0.7362042319011123,calibration_shift,0.09996156322186482,0.013660318176842158,0.0007288024243012496,0.8856493161769917
20261232,95,3040,3071,calibration_shift,813e130450d25f9b245f517b4311d9139f647db771b46e6b45af6d41eb7ba092,06235fcd653726752f2d9de25dc8f59753d3b002913d92358e52ce341b7d04bf,burst,0.22959183673469388,0.288265306122449,0.19387755102040816,0.288265306122449,normal,0.5260725609704374,0.1718070660132056,0.17864357487243462,0.12347679814392289,calibration_shift,0.43450690018757016,0.030851079865570823,0.022144207800370956,0.512497812146488
20261232,96,3072,3103,calibration_shift,813e130450d25f9b245f517b4311d9139f647db771b46e6b45af6d41eb7ba092,06235fcd653726752f2d9de25dc8f59753d3b002913d92358e52ce341b7d04bf,burst,0.22959183673469388,0.288265306122449,0.19387755102040816,0.288265306122449,normal,0.5806167498059855,0.02311000885548517,0.020177859960826112,0.37609538137770465,normal,0.6330479330855762,0.0026205857842080587,0.0028481339962171145,0.3614833471339988
20261232,97,3104,3135,calibration_shift,813e130450d25f9b245f517b4311d9139f647db771b46e6b45af6d41eb7ba092,06235fcd653726752f2d9de25dc8f59753d3b002913d92358e52ce341b7d04bf,burst,0.22959183673469388,0.288265306122449,0.19387755102040816,0.288265306122449,burst,0.23771589625509643,0.416353424369102,0.1508598955484503,0.19507078382735235,normal,0.6837258752966722,0.040291424739548255,0.02191020464310921,0.2540724953206702
20261232,98,3136,3167,calibration_shift,813e130450d25f9b245f517b4311d9139f647db771b46e6b45af6d41eb7ba092,06235fcd653726752f2d9de25dc8f59753d3b002913d92358e52ce341b7d04bf,burst,0.22959183673469388,0.288265306122449,0.19387755102040816,0.288265306122449,normal,0.545180703776495,0.07030472492158953,0.031815750812098365,0.3526988204898187,normal,0.8225040086229014,0.008646858979654944,0.004324580316006743,0.16452455208143696
20261232,99,3168,3199,calibration_shift,813e130450d25f9b245f517b4311d9139f647db771b46e6b45af6d41eb7ba092,06235fcd653726752f2d9de25dc8f59753d3b002913d92358e52ce341b7d04bf,burst,0.22959183673469388,0.288265306122449,0.19387755102040816,0.288265306122449,calibration_shift,0.19356224575799186,0.019350367805995212,0.0006093054964028857,0.7864780809396111,normal,0.5804708399131416,0.0019966263944229314,8.206950874272422e-05,0.41745046418369275
20261232,100,3200,3231,calibration_shift,813e130450d25f9b245f517b4311d9139f647db771b46e6b45af6d41eb7ba092,06235fcd653726752f2d9de25dc8f59753d3b002913d92358e52ce341b7d04bf,burst,0.22959183673469388,0.288265306122449,0.19387755102040816,0.288265306122449,calibration_shift,0.12297818204684018,0.29374183717856095,0.007236593763940766,0.5760433870106567,calibration_shift,0.26992531564573613,0.02240025028216788,0.0006921009099397382,0.7069823331621562
20261232,101,3232,3263,calibration_shift,813e130450d25f9b245f517b4311d9139f647db771b46e6b45af6d41eb7ba092,06235fcd653726752f2d9de25dc8f59753d3b002913d92358e52ce341b7d04bf,burst,0.22959183673469388,0.288265306122449,0.19387755102040816,0.288265306122449,calibration_shift,0.00945836001092999,0.10518889065786771,0.007586530965505069,0.877766218365696,calibration_shift,0.00587106233560931,0.008407015233876327,0.0003701481325882952,0.9853517742979261
20261232,102,3264,3295,normal,813e130450d25f9b245f517b4311d9139f647db771b46e6b45af6d41eb7ba092,06235fcd653726752f2d9de25dc8f59753d3b002913d92358e52ce341b7d04bf,burst,0.22959183673469388,0.288265306122449,0.19387755102040816,0.288265306122449,normal,0.9505878700485484,0.00323812636397046,0.006495513485954068,0.03967849010152876,normal,0.5070761325205152,0.0012034404681338115,0.0017416849880065833,0.4899787420233444
20261232,103,3296,3327,normal,813e130450d25f9b245f517b4311d9139f647db771b46e6b45af6d41eb7ba092,06235fcd653726752f2d9de25dc8f59753d3b002913d92358e52ce341b7d04bf,burst,0.22959183673469388,0.288265306122449,0.19387755102040816,0.288265306122449,burst,0.2131701024572156,0.355001026439784,0.09650995337851832,0.3353189177244832,calibration_shift,0.4461944306707213,0.02748928870145145,0.011112062826643069,0.5152042178011841
20261232,104,3328,3359,normal,813e130450d25f9b245f517b4311d9139f647db771b46e6b45af6d41eb7ba092,06235fcd653726752f2d9de25dc8f59753d3b002913d92358e52ce341b7d04bf,burst,0.22959183673469388,0.288265306122449,0.19387755102040816,0.288265306122449,calibration_shift,0.3502175737345769,0.26534614868016365,0.03397738721195686,0.3504588903733033,normal,0.5139336866880055,0.03706152997037513,0.004666200694917462,0.44433858264670195
20261232,105,3360,3391,normal,813e130450d25f9b245f517b4311d9139f647db771b46e6b45af6d41eb7ba092,06235fcd653726752f2d9de25dc8f59753d3b002913d92358e52ce341b7d04bf,burst,0.22959183673469388,0.288265306122449,0.19387755102040816,0.288265306122449,normal,0.7567293853237573,0.08411315288710117,0.04628733885546668,0.11287012293367411,normal,0.8977783592862667,0.009903926262700896,0.0035960938248246854,0.08872162062620781
20261232,106,3392,3423,normal,813e130450d25f9b245f517b4311d9139f647db771b46e6b45af6d41eb7ba092,06235fcd653726752f2d9de25dc8f59753d3b002913d92358e52ce341b7d04bf,burst,0.22959183673469388,0.288265306122449,0.19387755102040816,0.288265306122449,normal,0.8554283104992485,0.011719470380219844,0.005320145505510783,0.12753207361502203,normal,0.984910376182434,0.0004429736271633499,0.0002470735872842327,0.014399576603118424
20261232,107,3424,3455,normal,813e130450d25f9b245f517b4311d9139f647db771b46e6b45af6d41eb7ba092,06235fcd653726752f2d9de25dc8f59753d3b002913d92358e52ce341b7d04bf,burst,0.22959183673469388,0.288265306122449,0.19387755102040816,0.288265306122449,burst,0.1130854415118024,0.6447435847934108,0.21614501097033192,0.026025962724454985,normal,0.8559737714048298,0.09030665089398965,0.04830466027379226,0.005414917427388221
20261232,108,3456,3487,normal,813e130450d25f9b245f517b4311d9139f647db771b46e6b45af6d41eb7ba092,06235fcd653726752f2d9de25dc8f59753d3b002913d92358e52ce341b7d04bf,burst,0.22959183673469388,0.288265306122449,0.19387755102040816,0.288265306122449,calibration_shift,0.39060802437348136,0.11822347799559751,0.02834352907868429,0.46282496855223587,normal,0.9325209772216807,0.031753728329791356,0.007791943597350267,0.02793335085117761
20261232,109,3488,3519,normal,813e130450d25f9b245f517b4311d9139f647db771b46e6b45af6d41eb7ba092,06235fcd653726752f2d9de25dc8f59753d3b002913d92358e52ce341b7d04bf,burst,0.22959183673469388,0.288265306122449,0.19387755102040816,0.288265306122449,normal,0.8092419803222325,0.10229329793382355,0.05554926571873324,0.032915456025210676,normal,0.9885608974763946,0.00655450016508859,0.0031629181405844592,0.0017216842179322313
20261232,110,3520,3551,normal,813e130450d25f9b245f517b4311d9139f647db771b46e6b45af6d41eb7ba092,06235fcd653726752f2d9de25dc8f59753d3b002913d92358e52ce341b7d04bf,burst,0.22959183673469388,0.288265306122449,0.19387755102040816,0.288265306122449,burst,0.00882586619265228,0.4881700310645787,0.08738918032696234,0.41561492241580655,burst,0.28690036099162325,0.40818389005314953,0.10138061841439026,0.20353513054083694
20261232,111,3552,3583,normal,813e130450d25f9b245f517b4311d9139f647db771b46e6b45af6d41eb7ba092,06235fcd653726752f2d9de25dc8f59753d3b002913d92358e52ce341b7d04bf,burst,0.22959183673469388,0.288265306122449,0.19387755102040816,0.288265306122449,normal,0.9351550277874454,0.002106606059631466,0.003995574277586795,0.05874279187533637,normal,0.9615580744010354,0.002248142057987207,0.002018928856516064,0.03417485468446146
20261232,112,3584,3615,normal,813e130450d25f9b245f517b4311d9139f647db771b46e6b45af6d41eb7ba092,06235fcd653726752f2d9de25dc8f59753d3b002913d92358e52ce341b7d04bf,burst,0.22959183673469388,0.288265306122449,0.19387755102040816,0.288265306122449,normal,0.7648713894995117,0.0444675672385177,0.04114607254178667,0.1495149707201838,normal,0.9880147888715437,0.0012544085916860181,0.001838670767389325,0.008892131769380945
20261232,113,3616,3647,normal,813e130450d25f9b245f517b4311d9139f647db771b46e6b45af6d41eb7ba092,06235fcd653726752f2d9de25dc8f59753d3b002913d92358e52ce341b7d04bf,burst,0.22959183673469388,0.288265306122449,0.19387755102040816,0.288265306122449,normal,0.976472744246734,0.0031071080556715285,0.011702066940871572,0.008718080756724597,normal,0.9993404625833541,6.252676727830517e-05,0.00039694398850651386,0.00020006666086112073
20261232,114,3648,3679,normal,813e130450d25f9b245f517b4311d9139f647db771b46e6b45af6d41eb7ba092,06235fcd653726752f2d9de25dc8f59753d3b002913d92358e52ce341b7d04bf,burst,0.22959183673469388,0.288265306122449,0.19387755102040816,0.288265306122449,normal,0.7025577564399307,0.06437689591518812,0.022633950774601383,0.2104313968702803,normal,0.9938089086393717,0.0015694624374039167,0.0009373521645986583,0.0036842767586257852
20261232,115,3680,3711,normal,813e130450d25f9b245f517b4311d9139f647db771b46e6b45af6d41eb7ba092,06235fcd653726752f2d9de25dc8f59753d3b002913d92358e52ce341b7d04bf,burst,0.22959183673469388,0.288265306122449,0.19387755102040816,0.288265306122449,calibration_shift,0.13680586945445028,0.15509806097487241,0.0016976810037071983,0.7063983885669706,normal,0.900517429773584,0.020262894301275623,0.00034574636945288725,0.07887392955568762
20261232,116,3712,3743,normal,813e130450d25f9b245f517b4311d9139f647db771b46e6b45af6d41eb7ba092,06235fcd653726752f2d9de25dc8f59753d3b002913d92358e52ce341b7d04bf,burst,0.22959183673469388,0.288265306122449,0.19387755102040816,0.288265306122449,normal,0.7694351861175551,0.03074431355731584,0.023017854320664877,0.17680264600446413,normal,0.9773391078519521,0.0016884214063466324,0.0009615315041038363,0.02001093923759742
20261232,117,3744,3775,normal,813e130450d25f9b245f517b4311d9139f647db771b46e6b45af6d41eb7ba092,06235fcd653726752f2d9de25dc8f59753d3b002913d92358e52ce341b7d04bf,burst,0.22959183673469388,0.288265306122449,0.19387755102040816,0.288265306122449,normal,0.7189165292520516,0.056320173852405425,0.022281872981580627,0.20248142391396207,normal,0.9882770983669875,0.001593962205404523,0.0009705683164391886,0.009158371111168814
20261232,118,3776,3807,normal,813e130450d25f9b245f517b4311d9139f647db771b46e6b45af6d41eb7ba092,06235fcd653726752f2d9de25dc8f59753d3b002913d92358e52ce341b7d04bf,burst,0.22959183673469388,0.288265306122449,0.19387755102040816,0.288265306122449,normal,0.7496208484827411,0.17999977543440931,0.04865880942140427,0.0217205666614456,normal,0.9925457905191136,0.004789129424784397,0.00201463234014895,0.0006504477159531222
20261232,119,3808,3839,normal,813e130450d25f9b245f517b4311d9139f647db771b46e6b45af6d41eb7ba092,06235fcd653726752f2d9de25dc8f59753d3b002913d92358e52ce341b7d04bf,burst,0.22959183673469388,0.288265306122449,0.19387755102040816,0.288265306122449,normal,0.5799785742218753,0.29044400718554814,0.12162978709187836,0.007947631500697149,normal,0.981346432512121,0.011625152742729381,0.006847373885394278,0.00018104085975521853
20261232,120,3840,3871,normal,813e130450d25f9b245f517b4311d9139f647db771b46e6b45af6d41eb7ba092,06235fcd653726752f2d9de25dc8f59753d3b002913d92358e52ce341b7d04bf,burst,0.22959183673469388,0.288265306122449,0.19387755102040816,0.288265306122449,normal,0.9249320738184815,0.018965589865822502,0.02418803225787859,0.03191430405781861,normal,0.9978016271899975,0.0006359130894118937,0.0011062792635723037,0.00045618045701840493
20261232,121,3872,3903,normal,813e130450d25f9b245f517b4311d9139f647db771b46e6b45af6d41eb7ba092,06235fcd653726752f2d9de25dc8f59753d3b002913d92358e52ce341b7d04bf,burst,0.22959183673469388,0.288265306122449,0.19387755102040816,0.288265306122449,calibration_shift,0.41910642411793364,0.06582004120500083,0.02964192596125312,0.4854316087158112,normal,0.9803551830503207,0.002825483202422751,0.0021551753716527147,0.01466415837560375
20261232,122,3904,3935,burst,813e130450d25f9b245f517b4311d9139f647db771b46e6b45af6d41eb7ba092,06235fcd653726752f2d9de25dc8f59753d3b002913d92358e52ce341b7d04bf,burst,0.22959183673469388,0.288265306122449,0.19387755102040816,0.288265306122449,burst,0.0023021421092196516,0.6656133743742181,0.09165442143700434,0.24043006207955808,burst,0.08590544587478373,0.5450880535190545,0.11677002370775433,0.25223647689840745
20261232,123,3936,3967,burst,813e130450d25f9b245f517b4311d9139f647db771b46e6b45af6d41eb7ba092,06235fcd653726752f2d9de25dc8f59753d3b002913d92358e52ce341b7d04bf,burst,0.22959183673469388,0.288265306122449,0.19387755102040816,0.288265306122449,burst,0.004429518983167154,0.7659380045109692,0.09228483454958417,0.1373476419562779,burst,0.0014673697696248491,0.877061499367494,0.04192483323572945,0.0795462976271517
20261232,124,3968,3999,burst,813e130450d25f9b245f517b4311d9139f647db771b46e6b45af6d41eb7ba092,06235fcd653726752f2d9de25dc8f59753d3b002913d92358e52ce341b7d04bf,burst,0.22959183673469388,0.288265306122449,0.19387755102040816,0.288265306122449,burst,0.17188879185859415,0.5778413587740974,0.048185079757197116,0.2020847696101113,burst,0.01160640465459577,0.9389838581145169,0.008697079200027729,0.04071265803085954
20261232,125,4000,4031,burst,813e130450d25f9b245f517b4311d9139f647db771b46e6b45af6d41eb7ba092,06235fcd653726752f2d9de25dc8f59753d3b002913d92358e52ce341b7d04bf,burst,0.22959183673469388,0.288265306122449,0.19387755102040816,0.288265306122449,normal,0.3824826585581879,0.3544786032466371,0.1528883784004396,0.11015035979473545,burst,0.05563676019514246,0.9075304699299643,0.016805587604188488,0.020027182270704717
20261232,126,4032,4063,burst,813e130450d25f9b245f517b4311d9139f647db771b46e6b45af6d41eb7ba092,06235fcd653726752f2d9de25dc8f59753d3b002913d92358e52ce341b7d04bf,burst,0.22959183673469388,0.288265306122449,0.19387755102040816,0.288265306122449,burst,0.1011075543263988,0.4961360654690427,0.06159372279981663,0.341162657404741,burst,0.024568988428785965,0.9361946140266647,0.007292774854654374,0.03194362268989492
20261232,127,4064,4095,burst,813e130450d25f9b245f517b4311d9139f647db771b46e6b45af6d41eb7ba092,06235fcd653726752f2d9de25dc8f59753d3b002913d92358e52ce341b7d04bf,burst,0.22959183673469388,0.288265306122449,0.19387755102040816,0.288265306122449,burst,0.20546562094298312,0.6084289444554392,0.1101883101845694,0.07591712441700896,burst,0.02529697293145567,0.9602744226251787,0.007090888399785459,0.007337716043580094
20261233,0,0,31,calibration_shift,3699fe857f9a2f7427e43286d3ecbf46dc851126f5ebfab38b201c78804517db,1d173964ccdc370700a14ab82de12797ba5ae71747afed234ab43ba8a219b901,burst,0.22959183673469388,0.288265306122449,0.19387755102040816,0.288265306122449,calibration_shift,0.17854109996628878,0.3106847061300915,0.05922523939087931,0.45154895451274,calibration_shift,0.1523256236214901,0.30545090503517797,0.08927849076645455,0.4529449805768774
20261233,1,32,63,calibration_shift,3699fe857f9a2f7427e43286d3ecbf46dc851126f5ebfab38b201c78804517db,1d173964ccdc370700a14ab82de12797ba5ae71747afed234ab43ba8a219b901,burst,0.22959183673469388,0.288265306122449,0.19387755102040816,0.288265306122449,calibration_shift,0.13812446790355842,0.14826429901738225,0.014606016154140866,0.6990052169249186,calibration_shift,0.08209845932772755,0.11810671702858577,0.006360538342081828,0.7934342853016049
20261233,2,64,95,calibration_shift,3699fe857f9a2f7427e43286d3ecbf46dc851126f5ebfab38b201c78804517db,1d173964ccdc370700a14ab82de12797ba5ae71747afed234ab43ba8a219b901,burst,0.22959183673469388,0.288265306122449,0.19387755102040816,0.288265306122449,calibration_shift,0.00446453336429942,0.042034908289718745,0.00042011761845487104,0.9530804407275287,calibration_shift,0.0009032709810923453,0.008129476112954474,2.195249820678008e-05,0.9909453004077463
20261233,3,96,127,calibration_shift,3699fe857f9a2f7427e43286d3ecbf46dc851126f5ebfab38b201c78804517db,1d173964ccdc370700a14ab82de12797ba5ae71747afed234ab43ba8a219b901,burst,0.22959183673469388,0.288265306122449,0.19387755102040816,0.288265306122449,burst,0.016696783693554235,0.5371902038146812,0.06692650957082465,0.37918650292093964,calibration_shift,0.0013808988707607775,0.03963593734931645,0.0033474411718313266,0.9556357226080915
20261233,4,128,159,calibration_shift,3699fe857f9a2f7427e43286d3ecbf46dc851126f5ebfab38b201c78804517db,1d173964ccdc370700a14ab82de12797ba5ae71747afed234ab43ba8a219b901,burst,0.22959183673469388,0.288265306122449,0.19387755102040816,0.288265306122449,calibration_shift,0.10535649727782041,0.18461548574946826,0.062356220715682316,0.6476717962570285,calibration_shift,0.005768021111756443,0.01885623935558047,0.002841156984443945,0.9725345825482191
20261233,5,160,191,calibration_shift,3699fe857f9a2f7427e43286d3ecbf46dc851126f5ebfab38b201c78804517db,1d173964ccdc370700a14ab82de12797ba5ae71747afed234ab43ba8a219b901,burst,0.22959183673469388,0.288265306122449,0.19387755102040816,0.288265306122449,normal,0.3189900516168189,0.27715415580186203,0.21073613816179965,0.19311965441951812,calibration_shift,0.062499521763697795,0.05346886704185854,0.026804404880173122,0.8572272063142706
20261233,6,192,223,calibration_shift,3699fe857f9a2f7427e43286d3ecbf46dc851126f5ebfab38b201c78804517db,1d173964ccdc370700a14ab82de12797ba5ae71747afed234ab43ba8a219b901,burst,0.22959183673469388,0.288265306122449,0.19387755102040816,0.288265306122449,normal,0.6443270707657522,0.02836546203322505,0.02111340647182723,0.3061940607291954,calibration_shift,0.23591593170994313,0.006669339238688282,0.004568251701960603,0.7528464773494079
20261233,7,224,255,calibration_shift,3699fe857f9a2f7427e43286d3ecbf46dc851126f5ebfab38b201c78804517db,1d173964ccdc370700a14ab82de12797ba5ae71747afed234ab43ba8a219b901,burst,0.22959183673469388,0.288265306122449,0.19387755102040816,0.288265306122449,calibration_shift,0.020925316963368686,0.00237505658680824,0.0010890616349830938,0.9756105648148385,calibration_shift,0.009840979278631841,0.0001004642353734358,5.7143961526742794e-05,0.990001412524468
20261233,8,256,287,calibration_shift,3699fe857f9a2f7427e43286d3ecbf46dc851126f5ebfab38b201c78804517db,1d173964ccdc370700a14ab82de12797ba5ae71747afed234ab43ba8a219b901,burst,0.22959183673469388,0.288265306122449,0.19387755102040816,0.288265306122449,calibration_shift,0.009631562540945823,0.05773462117520097,0.008724461029092913,0.9239093552547591,calibration_shift,0.0005133193524174841,0.0010997583888481988,0.00019215830671439303,0.9981947639520199
20261233,9,288,319,calibration_shift,3699fe857f9a2f7427e43286d3ecbf46dc851126f5ebfab38b201c78804517db,1d173964ccdc370700a14ab82de12797ba5ae71747afed234ab43ba8a219b901,burst,0.22959183673469388,0.288265306122449,0.19387755102040816,0.288265306122449,burst,0.15339725207707822,0.4629336165196961,0.2705808576662912,0.11308827373693604,calibration_shift,0.03619610276338251,0.06696073403329769,0.04118391857899821,0.8556592446243216
20261233,10,320,351,calibration_shift,3699fe857f9a2f7427e43286d3ecbf46dc851126f5ebfab38b201c78804517db,1d173964ccdc370700a14ab82de12797ba5ae71747afed234ab43ba8a219b901,burst,0.22959183673469388,0.288265306122449,0.19387755102040816,0.288265306122449,calibration_shift,0.22598938011215197,0.2957057353387785,0.11488055264514603,0.3634243319039249,calibration_shift,0.0557644173492444,0.07611125920978615,0.030450843590863023,0.8376734798501063
20261233,11,352,383,calibration_shift,3699fe857f9a2f7427e43286d3ecbf46dc851126f5ebfab38b201c78804517db,1d173964ccdc370700a14ab82de12797ba5ae71747afed234ab43ba8a219b901,burst,0.22959183673469388,0.288265306122449,0.19387755102040816,0.288265306122449,calibration_shift,0.10916712776345014,0.12555853812746193,0.033012325933933176,0.7322620081751555,calibration_shift,0.02020336760141543,0.020573163358948113,0.004191780009717211,0.9550316890299192
20261233,12,384,415,leakage,3699fe857f9a2f7427e43286d3ecbf46dc851126f5ebfab38b201c78804517db,1d173964ccdc370700a14ab82de12797ba5ae71747afed234ab43ba8a219b901,burst,0.22959183673469388,0.288265306122449,0.19387755102040816,0.288265306122449,leakage,1.9878802739360662e-06,0.0006649515676438026,0.9993281344555238,4.926096557404251e-06,leakage,4.164929706214618e-06,0.0009396462977881686,0.9989078422373022,0.00014834653520335073
20261233,13,416,447,leakage,3699fe857f9a2f7427e43286d3ecbf46dc851126f5ebfab38b201c78804517db,1d173964ccdc370700a14ab82de12797ba5ae71747afed234ab43ba8a219b901,burst,0.22959183673469388,0.288265306122449,0.19387755102040816,0.288265306122449,calibration_shift,0.18351344585850404,0.24077601068912408,0.22572914029628885,0.34998140315608217,leakage,0.011971974250547973,0.013116144001097415,0.9420437400590399,0.03286814168931484
20261233,14,448,479,leakage,3699fe857f9a2f7427e43286d3ecbf46dc851126f5ebfab38b201c78804517db,1d173964ccdc370700a14ab82de12797ba5ae71747afed234ab43ba8a219b901,burst,0.22959183673469388,0.288265306122449,0.19387755102040816,0.288265306122449,leakage,0.14535458706675203,0.2139675770980709,0.5888956970506697,0.05178213878450681,leakage,0.008038712073640595,0.009217820061262661,0.9781370333549972,0.004606434510099561
20261233,15,480,511,leakage,3699fe857f9a2f7427e43286d3ecbf46dc851126f5ebfab38b201c78804517db,1d173964ccdc370700a14ab82de12797ba5ae71747afed234ab43ba8a219b901,burst,0.22959183673469388,0.288265306122449,0.19387755102040816,0.288265306122449,burst,0.07208302261882128,0.46696476590829494,0.37031577088788115,0.09063644058500323,leakage,0.005057214179604609,0.025935799548690498,0.9623041794339681,0.0067028068377369575
20261233,16,512,543,leakage,3699fe857f9a2f7427e43286d3ecbf46dc851126f5ebfab38b201c78804517db,1d173964ccdc370700a14ab82de12797ba5ae71747afed234ab43ba8a219b901,burst,0.22959183673469388,0.288265306122449,0.19387755102040816,0.288265306122449,burst,0.18721283878275602,0.46554561750638196,0.24542226181646246,0.101819281894401,leakage,0.01705790322171855,0.06001095441030913,0.9112050820615261,0.011726060306446136
20261233,17,544,575,leakage,3699fe857f9a2f7427e43286d3ecbf46dc851126f5ebfab38b201c78804517db,1d173964ccdc370700a14ab82de12797ba5ae71747afed234ab43ba8a219b901,burst,0.22959183673469388,0.288265306122449,0.19387755102040816,0.288265306122449,leakage,1.81560240838287e-06,0.012403259608823323,0.9873440196817382,0.0002509051070291481,leakage,7.433677791912663e-08,0.0007876851176750686,0.9992027129158173,9.527629729661397e-06
20261233,18,576,607,leakage,3699fe857f9a2f7427e43286d3ecbf46dc851126f5ebfab38b201c78804517db,1d173964ccdc370700a14ab82de12797ba5ae71747afed234ab43ba8a219b901,burst,0.22959183673469388,0.288265306122449,0.19387755102040816,0.288265306122449,leakage,0.01653790884513841,0.13910830931078494,0.8014081721486946,0.04294560969538299,leakage,0.00032035220400477383,0.0022237873848496618,0.996271591817622,0.0011842685935234806
20261233,19,608,639,leakage,3699fe857f9a2f7427e43286d3ecbf46dc851126f5ebfab38b201c78804517db,1d173964ccdc370700a14ab82de12797ba5ae71747afed234ab43ba8a219b901,burst,0.22959183673469388,0.288265306122449,0.19387755102040816,0.288265306122449,leakage,0.0005764808283268985,0.021020154633273787,0.9773728649218119,0.0010304996165880914,leakage,9.745140395253726e-06,0.00031230394594517565,0.9996525507822747,2.5400131384866488e-05
20261233,20,640,671,leakage,3699fe857f9a2f7427e43286d3ecbf46dc851126f5ebfab38b201c78804517db,1d173964ccdc370700a14ab82de12797ba5ae71747afed234ab43ba8a219b901,burst,0.22959183673469388,0.288265306122449,0.19387755102040816,0.288265306122449,normal,0.2886557739754178,0.2813293047238944,0.26167118028872444,0.16834374101196534,leakage,0.016464869801195745,0.01259411744705885,0.9572658995390281,0.013675113212717417
20261233,21,672,703,leakage,3699fe857f9a2f7427e43286d3ecbf46dc851126f5ebfab38b201c78804517db,1d173964ccdc370700a14ab82de12797ba5ae71747afed234ab43ba8a219b901,burst,0.22959183673469388,0.288265306122449,0.19387755102040816,0.288265306122449,burst,0.12446266270118905,0.6285469342872765,0.13221780552841572,0.11477259748311966,leakage,0.029322918720349343,0.10008821382177192,0.843203431420253,0.027385436037625697
20261233,22,704,735,leakage,3699fe857f9a2f7427e43286d3ecbf46dc851126f5ebfab38b201c78804517db,1d173964ccdc370700a14ab82de12797ba5ae71747afed234ab43ba8a219b901,burst,0.22959183673469388,0.288265306122449,0.19387755102040816,0.288265306122449,burst,0.07551939548916764,0.5505690060013432,0.1306283215534527,0.24328327695603755,leakage,0.021789560843592303,0.26940030390194475,0.643327673624264,0.06548246163019897
20261233,23,736,767,leakage,3699fe857f9a2f7427e43286d3ecbf46dc851126f5ebfab38b201c78804517db,1d173964ccdc370700a14ab82de12797ba5ae71747afed234ab43ba8a219b901,burst,0.22959183673469388,0.288265306122449,0.19387755102040816,0.288265306122449,burst,0.016744976429141165,0.707747873369634,0.2366453456989799,0.038861804502245294,leakage,0.002563360659693489,0.4614041199177919,0.5265680124548914,0.00946450696762339
20261233,24,768,799,leakage,3699fe857f9a2f7427e43286d3ecbf46dc851126f5ebfab38b201c78804517db,1d173964ccdc370700a14ab82de12797ba5ae71747afed234ab43ba8a219b901,burst,0.22959183673469388,0.288265306122449,0.19387755102040816,0.288265306122449,burst,0.07224772598847853,0.49809794846836736,0.25444938142170914,0.17520494412144674,burst,0.00591473744876022,0.516458072719927,0.46056739746559844,0.017059792365714296
20261233,25,800,831,leakage,3699fe857f9a2f7427e43286d3ecbf46dc851126f5ebfab38b201c78804517db,1d173964ccdc370700a14ab82de12797ba5ae71747afed234ab43ba8a219b901,burst,0.22959183673469388,0.288265306122449,0.19387755102040816,0.288265306122449,burst,0.13372562951149514,0.6738526048710531,0.12677797822866535,0.06564378738878753,burst,0.012966597032037801,0.7766702144896834,0.2027654705918577,0.00759771788642111
20261233,26,832,863,leakage,3699fe857f9a2f7427e43286d3ecbf46dc851126f5ebfab38b201c78804517db,1d173964ccdc370700a14ab82de12797ba5ae71747afed234ab43ba8a219b901,burst,0.22959183673469388,0.288265306122449,0.19387755102040816,0.288265306122449,burst,0.016514443516052787,0.44270980726376674,0.1361219034404997,0.4046538457796816,burst,0.0022798710940524643,0.8457840416586873,0.11638784789170899,0.035548239355551334
20261233,27,864,895,leakage,3699fe857f9a2f7427e43286d3ecbf46dc851126f5ebfab38b201c78804517db,1d173964ccdc370700a14ab82de12797ba5ae71747afed234ab43ba8a219b901,burst,0.22959183673469388,0.288265306122449,0.19387755102040816,0.288265306122449,leakage,4.304611139939316e-05,0.034186512848937124,0.9630590488383743,0.002711392201288775,leakage,6.930706294234921e-06,0.12229774287522983,0.8769439738812386,0.0007513525372373246
20261233,28,896,927,normal,3699fe857f9a2f7427e43286d3ecbf46dc851126f5ebfab38b201c78804517db,1d173964ccdc370700a14ab82de12797ba5ae71747afed234ab43ba8a219b901,burst,0.22959183673469388,0.288265306122449,0.19387755102040816,0.288265306122449,calibration_shift,0.020325774663332987,0.2493375088874929,0.010535805866909519,0.7198009105822658,burst,0.007123507204706428,0.47858551400011345,0.18270364296052968,0.3315873358346504
20261233,29,928,959,normal,3699fe857f9a2f7427e43286d3ecbf46dc851126f5ebfab38b201c78804517db,1d173964ccdc370700a14ab82de12797ba5ae71747afed234ab43ba8a219b901,burst,0.22959183673469388,0.288265306122449,0.19387755102040816,0.288265306122449,calibration_shift,0.1603527870191329,0.16236136839728701,0.015847993978296417,0.6614378506052844,calibration_shift,0.02438362725260404,0.24175724170158136,0.015215817002157545,0.7186433140436571
20261233,30,960,991,normal,3699fe857f9a2f7427e43286d3ecbf46dc851126f5ebfab38b201c78804517db,1d173964ccdc370700a14ab82de12797ba5ae71747afed234ab43ba8a219b901,burst,0.22959183673469388,0.288265306122449,0.19387755102040816,0.288265306122449,normal,0.8667471665911725,0.04558353295471,0.022406180237121685,0.06526312021699457,normal,0.520886244294572,0.09650338249349648,0.009720296515570425,0.37289007669636115
20261233,31,992,1023,normal,3699fe857f9a2f7427e43286d3ecbf46dc851126f5ebfab38b201c78804517db,1d173964ccdc370700a14ab82de12797ba5ae71747afed234ab43ba8a219b901,burst,0.22959183673469388,0.288265306122449,0.19387755102040816,0.288265306122449,normal,0.7443066420908042,0.034408120592754436,0.025975472253342947,0.19530976506309808,normal,0.8636437513995117,0.007428148724499327,0.002425903317101322,0.12650219655888786
20261233,32,1024,1055,normal,3699fe857f9a2f7427e43286d3ecbf46dc851126f5ebfab38b201c78804517db,1d173964ccdc370700a14ab82de12797ba5ae71747afed234ab43ba8a219b901,burst,0.22959183673469388,0.288265306122449,0.19387755102040816,0.288265306122449,normal,0.7340806134332966,0.10656825270871967,0.04147690720033793,0.11787422665764674,normal,0.9723052295511573,0.0044183451051644255,0.0021504378369997133,0.021125987506678774
20261233,33,1056,1087,normal,3699fe857f9a2f7427e43286d3ecbf46dc851126f5ebfab38b201c78804517db,1d173964ccdc370700a14ab82de12797ba5ae71747afed234ab43ba8a219b901,burst,0.22959183673469388,0.288265306122449,0.19387755102040816,0.288265306122449,burst,0.21215337626049116,0.4973040491689246,0.04195452043839912,0.24858805413218407,normal,0.9062895907283953,0.051157417134174675,0.006180442010469857,0.036372550126960085
20261233,34,1088,1119,normal,3699fe857f9a2f7427e43286d3ecbf46dc851126f5ebfab38b201c78804517db,1d173964ccdc370700a14ab82de12797ba5ae71747afed234ab43ba8a219b901,burst,0.22959183673469388,0.288265306122449,0.19387755102040816,0.288265306122449,calibration_shift,0.3153742731299073,0.0028506448878981255,0.002123949303189934,0.6796511326790035,normal,0.8985594897691028,0.0005829830974271476,0.00027271980426336564,0.1005848073292065
20261233,35,1120,1151,normal,3699fe857f9a2f7427e43286d3ecbf46dc851126f5ebfab38b201c78804517db,1d173964ccdc370700a14ab82de12797ba5ae71747afed234ab43ba8a219b901,burst,0.22959183673469388,0.288265306122449,0.19387755102040816,0.288265306122449,normal,0.848714513075961,0.031054826402203785,0.027942719785857075,0.09228794073597708,normal,0.9866408989139491,0.0007614283596512424,0.0010520556309361443,0.011545617095463628
20261233,36,1152,1183,normal,3699fe857f9a2f7427e43286d3ecbf46dc851126f5ebfab38b201c78804517db,1d173964ccdc370700a14ab82de12797ba5ae71747afed234ab43ba8a219b901,burst,0.22959183673469388,0.288265306122449,0.19387755102040816,0.288265306122449,calibration_shift,0.3222341464072066,0.034487602259767235,0.00975250525955728,0.6335257460734672,normal,0.9506313508050028,0.0019313862733287654,0.0009064947326747839,0.04653076818899359
20261233,37,1184,1215,normal,3699fe857f9a2f7427e43286d3ecbf46dc851126f5ebfab38b201c78804517db,1d173964ccdc370700a14ab82de12797ba5ae71747afed234ab43ba8a219b901,burst,0.22959183673469388,0.288265306122449,0.19387755102040816,0.288265306122449,normal,0.5693775151062029,0.07386753567852733,0.03271700688738845,0.3240379423278819,normal,0.9641474617640876,0.002716601639810805,0.0018008314212379693,0.03133510517486359
20261233,38,1216,1247,normal,3699fe857f9a2f7427e43286d3ecbf46dc851126f5ebfab38b201c78804517db,1d173964ccdc370700a14ab82de12797ba5ae71747afed234ab43ba8a219b901,burst,0.22959183673469388,0.288265306122449,0.19387755102040816,0.288265306122449,normal,0.475689410372768,0.11408985391639558,0.04459892348157198,0.3656218122292631,normal,0.9597333757580683,0.005142785099267899,0.0030640057527038843,0.03205983338995996
20261233,39,1248,1279,normal,3699fe857f9a2f7427e43286d3ecbf46dc851126f5ebfab38b201c78804517db,1d173964ccdc370700a14ab82de12797ba5ae71747afed234ab43ba8a219b901,burst,0.22959183673469388,0.288265306122449,0.19387755102040816,0.288265306122449,normal,0.7982293103300745,0.03393302675968118,0.023543646350747387,0.14429401655949725,normal,0.9899030340797258,0.0010668880586546033,0.0010743723136342823,0.007955705547985272
20261233,40,1280,1311,normal,3699fe857f9a2f7427e43286d3ecbf46dc851126f5ebfab38b201c78804517db,1d173964ccdc370700a14ab82de12797ba5ae71747afed234ab43ba8a219b901,burst,0.22959183673469388,0.288265306122449,0.19387755102040816,0.288265306122449,burst,0.24989947247702216,0.5631453996643386,0.043467152741559774,0.14348797511707914,normal,0.9422497754915502,0.0410195793526314,0.0051504889584994265,0.011580156197319124
20261233,41,1312,1343,normal,3699fe857f9a2f7427e43286d3ecbf46dc851126f5ebfab38b201c78804517db,1d173964ccdc370700a14ab82de12797ba5ae71747afed234ab43ba8a219b901,burst,0.22959183673469388,0.288265306122449,0.19387755102040816,0.288265306122449,normal,0.6516050497495395,0.13502430101145285,0.07626315679729666,0.13710749244171008,normal,0.9775354682302688,0.012144993298557966,0.004743413062985274,0.005576125408187921
20261233,42,1344,1375,normal,3699fe857f9a2f7427e43286d3ecbf46dc851126f5ebfab38b201c78804517db,1d173964ccdc370700a14ab82de12797ba5ae71747afed234ab43ba8a219b901,burst,0.22959183673469388,0.288265306122449,0.19387755102040816,0.288265306122449,normal,0.5173814448714421,0.21923509153772303,0.08959891432152331,0.17378454926931128,normal,0.9738105401777953,0.013127282835699368,0.006594342071485248,0.006467834915019886
20261233,43,1376,1407,normal,3699fe857f9a2f7427e43286d3ecbf46dc851126f5ebfab38b201c78804517db,1d173964ccdc370700a14ab82de12797ba5ae71747afed234ab43ba8a219b901,burst,0.22959183673469388,0.288265306122449,0.19387755102040816,0.288265306122449,normal,0.5168059302237924,0.18367429262327556,0.12847856825547893,0.17104120889745347,normal,0.9716449513939924,0.01137937031529873,0.010256105383923499,0.006719572906785368
20261233,44,1408,1439,normal,3699fe857f9a2f7427e43286d3ecbf46dc851126f5ebfab38b201c78804517db,1d173964ccdc370700a14ab82de12797ba5ae71747afed234ab43ba8a219b901,burst,0.22959183673469388,0.288265306122449,0.19387755102040816,0.288265306122449,normal,0.7159678969743761,0.1751351209953773,0.042237270879375316,0.0666597111508717,normal,0.9876263528041253,0.0075841464773553635,0.002825618662333535,0.0019638820561859683
20261233,45,1440,1471,burst,3699fe857f9a2f7427e43286d3ecbf46dc851126f5ebfab38b201c78804517db,1d173964ccdc370700a14ab82de12797ba5ae71747afed234ab43ba8a219b901,burst,0.22959183673469388,0.288265306122449,0.19387755102040816,0.288265306122449,burst,0.0033409050153668553,0.8492561782193019,0.042767967799976325,0.10463494896535527,burst,0.11431521709194062,0.7792525862021639,0.051373133483921966,0.055059063221973514
20261233,46,1472,1503,burst,3699fe857f9a2f7427e43286d3ecbf46dc851126f5ebfab38b201c78804517db,1d173964ccdc370700a14ab82de12797ba5ae71747afed234ab43ba8a219b901,burst,0.22959183673469388,0.288265306122449,0.19387755102040816,0.288265306122449,burst,0.016001675731230708,0.62099482378224,0.15231911643125423,0.2106843840552749,burst,0.005981443633905901,0.9256418908592805,0.03425299234075183,0.034123673166061824
20261233,47,1504,1535,burst,3699fe857f9a2f7427e43286d3ecbf46dc851126f5ebfab38b201c78804517db,1d173964ccdc370700a14ab82de12797ba5ae71747afed234ab43ba8a219b901,burst,0.22959183673469388,0.288265306122449,0.19387755102040816,0.288265306122449,burst,0.10186483309292274,0.7280557526387933,0.07899233889994273,0.09108707536834001,burst,0.006526820033046405,0.9757685571552596,0.009671209214226328,0.008033413597467858
20261233,48,1536,1567,burst,3699fe857f9a2f7427e43286d3ecbf46dc851126f5ebfab38b201c78804517db,1d173964ccdc370700a14ab82de12797ba5ae71747afed234ab43ba8a219b901,burst,0.22959183673469388,0.288265306122449,0.19387755102040816,0.288265306122449,normal,0.384160319551372,0.3787688508339537,0.09352578509490957,0.14354504451976585,burst,0.04261465524928632,0.9368684715700734,0.009745272730385779,0.01077160045025465
20261233,49,1568,1599,burst,3699fe857f9a2f7427e43286d3ecbf46dc851126f5ebfab38b201c78804517db,1d173964ccdc370700a14ab82de12797ba5ae71747afed234ab43ba8a219b901,burst,0.22959183673469388,0.288265306122449,0.19387755102040816,0.288265306122449,burst,0.1362435855621271,0.4651983034965013,0.15101302029246103,0.2475450906489098,burst,0.028859611198179994,0.9391460964527505,0.014074655080611714,0.017919637268457737
20261233,50,1600,1631,burst,3699fe857f9a2f7427e43286d3ecbf46dc851126f5ebfab38b201c78804517db,1d173964ccdc370700a14ab82de12797ba5ae71747afed234ab43ba8a219b901,burst,0.22959183673469388,0.288265306122449,0.19387755102040816,0.288265306122449,calibration_shift,0.0879633966323886,0.20497725785647572,0.04076009567305615,0.6662992498380795,burst,0.030301173894773447,0.8383433782390798,0.009016496023337648,0.12233895184280917
20261233,51,1632,1663,burst,3699fe857f9a2f7427e43286d3ecbf46dc851126f5ebfab38b201c78804517db,1d173964ccdc370700a14ab82de12797ba5ae71747afed234ab43ba8a219b901,burst,0.22959183673469388,0.288265306122449,0.19387755102040816,0.288265306122449,burst,0.22565502329555476,0.4766008323121029,0.09350754142210713,0.20423660297023435,burst,0.041378982272601124,0.8820379577183495,0.00884070871210535,0.06774235129694395
20261233,52,1664,1695,burst,3699fe857f9a2f7427e43286d3ecbf46dc851126f5ebfab38b201c78804517db,1d173964ccdc370700a14ab82de12797ba5ae71747afed234ab43ba8a219b901,burst,0.22959183673469388,0.288265306122449,0.19387755102040816,0.288265306122449,calibration_shift,0.016614445299735547,0.09874551151786883,0.011058713006849005,0.873581330175548,burst,0.009443925588710985,0.504937645509707,0.0027226983902319474,0.48289573051135
20261233,53,1696,1727,burst,3699fe857f9a2f7427e43286d3ecbf46dc851126f5ebfab38b201c78804517db,1d173964ccdc370700a14ab82de12797ba5ae71747afed234ab43ba8a219b901,burst,0.22959183673469388,0.288265306122449,0.19387755102040816,0.288265306122449,burst,0.009197507851425273,0.7951760122314798,0.12302990586796654,0.07259657404912834,burst,0.0010776942610006065,0.9110101177229701,0.00823413380754985,0.07967805420847938
20261233,54,1728,1759,burst,3699fe857f9a2f7427e43286d3ecbf46dc851126f5ebfab38b201c78804517db,1d173964ccdc370700a14ab82de12797ba5ae71747afed234ab43ba8a219b901,burst,0.22959183673469388,0.288265306122449,0.19387755102040816,0.288265306122449,burst,0.02461432862236181,0.7376264969428618,0.09691392717544177,0.14084524725933614,burst,0.0012388547861100973,0.9714992825136292,0.005484820769443254,0.02177704193081756
20261233,55,1760,1791,burst,3699fe857f9a2f7427e43286d3ecbf46dc851126f5ebfab38b201c78804517db,1d173964ccdc370700a14ab82de12797ba5ae71747afed234ab43ba8a219b901,burst,0.22959183673469388,0.288265306122449,0.19387755102040816,0.288265306122449,burst,0.02488045081686509,0.6773090861055148,0.15367987921514598,0.14413058386247543,burst,0.0012541542323877349,0.9814433630852645,0.007538031924555197,0.00976445075779276
20261233,56,1792,1823,burst,3699fe857f9a2f7427e43286d3ecbf46dc851126f5ebfab38b201c78804517db,1d173964ccdc370700a14ab82de12797ba5ae71747afed234ab43ba8a219b901,burst,0.22959183673469388,0.288265306122449,0.19387755102040816,0.288265306122449,burst,0.05492876893859988,0.4929307926776837,0.2840719619368603,0.16806847644685682,burst,0.003667520650140095,0.9650207188283453,0.020761627357804797,0.010550133163709896
20261233,57,1824,1855,burst,3699fe857f9a2f7427e43286d3ecbf46dc851126f5ebfab38b201c78804517db,1d173964ccdc370700a14ab82de12797ba5ae71747afed234ab43ba8a219b901,burst,0.22959183673469388,0.288265306122449,0.19387755102040816,0.288265306122449,burst,0.08895575901084664,0.6254597045832523,0.08561560227425609,0.19996893413164546,burst,0.005594320090793469,0.9752252300407316,0.008422111230197411,0.010758338638277583
20261233,58,1856,1887,burst,3699fe857f9a2f7427e43286d3ecbf46dc851126f5ebfab38b201c78804517db,1d173964ccdc370700a14ab82de12797ba5ae71747afed234ab43ba8a219b901,burst,0.22959183673469388,0.288265306122449,0.19387755102040816,0.288265306122449,normal,0.36995030456203587,0.30171483976232205,0.10343161591279061,0.2249032397628514,burst,0.048572077595081295,0.9159232369669196,0.012476299597764555,0.023028385840234773
20261233,59,1888,1919,normal,3699fe857f9a2f7427e43286d3ecbf46dc851126f5ebfab38b201c78804517db,1d173964ccdc370700a14ab82de12797ba5ae71747afed234ab43ba8a219b901,burst,0.22959183673469388,0.288265306122449,0.19387755102040816,0.288265306122449,normal,0.7017105494214689,0.12371153114138972,0.0627129048872737,0.1118650145498677,burst,0.3817402604242542,0.575366307937717,0.01556821979988702,0.0273252118381418
20261233,60,1920,1951,normal,3699fe857f9a2f7427e43286d3ecbf46dc851126f5ebfab38b201c78804517db,1d173964ccdc370700a14ab82de12797ba5ae71747afed234ab43ba8a219b901,burst,0.22959183673469388,0.288265306122449,0.19387755102040816,0.288265306122449,calibration_shift,0.37924147504966704,0.02759445886424661,0.01632910223592723,0.5768349638501599,normal,0.8053927902960647,0.06519285637979294,0.0041827051580280725,0.12523164816611412
20261233,61,1952,1983,normal,3699fe857f9a2f7427e43286d3ecbf46dc851126f5ebfab38b201c78804517db,1d173964ccdc370700a14ab82de12797ba5ae71747afed234ab43ba8a219b901,burst,0.22959183673469388,0.288265306122449,0.19387755102040816,0.288265306122449,normal,0.7695679351980006,0.0975472233183468,0.08756107297621328,0.04532376850743789,normal,0.9749210544914112,0.011691467663716948,0.005094262204638274,0.00829321564023362
20261233,62,1984,2015,normal,3699fe857f9a2f7427e43286d3ecbf46dc851126f5ebfab38b201c78804517db,1d173964ccdc370700a14ab82de12797ba5ae71747afed234ab43ba8a219b901,burst,0.22959183673469388,0.288265306122449,0.19387755102040816,0.288265306122449,burst,0.16942679902656577,0.5142664778444632,0.04435450148543758,0.2719522216435322,normal,0.8753819132282571,0.08372963907008665,0.00913376463459231,0.031754683067063916
20261233,63,2016,2047,normal,3699fe857f9a2f7427e43286d3ecbf46dc851126f5ebfab38b201c78804517db,1d173964ccdc370700a14ab82de12797ba5ae71747afed234ab43ba8a219b901,burst,0.22959183673469388,0.288265306122449,0.19387755102040816,0.288265306122449,calibration_shift,0.008290438172930736,0.3452783504476273,0.024779380053259262,0.6216518313261848,burst,0.10839219921089963,0.4694303929007819,0.016799834292849723,0.4053775735954687
20261233,64,2048,2079,normal,3699fe857f9a2f7427e43286d3ecbf46dc851126f5ebfab38b201c78804517db,1d173964ccdc370700a14ab82de12797ba5ae71747afed234ab43ba8a219b901,burst,0.22959183673469388,0.288265306122449,0.19387755102040816,0.288265306122449,normal,0.8288485161557169,0.028169685360351356,0.026870859033678345,0.11611093945025251,normal,0.7097555874791707,0.06158929795807144,0.0074112066041131675,0.22124390795864463
20261233,65,2080,2111,normal,3699fe857f9a2f7427e43286d3ecbf46dc851126f5ebfab38b201c78804517db,1d173964ccdc370700a14ab82de12797ba5ae71747afed234ab43ba8a219b901,burst,0.22959183673469388,0.288265306122449,0.19387755102040816,0.288265306122449,normal,0.9318778912272073,0.03522716888584374,0.015378543701719323,0.017516396185231643,normal,0.9903027525807587,0.003838978782937638,0.0009504491882048452,0.004907819448098784
20261233,66,2112,2143,normal,3699fe857f9a2f7427e43286d3ecbf46dc851126f5ebfab38b201c78804517db,1d173964ccdc370700a14ab82de12797ba5ae71747afed234ab43ba8a219b901,burst,0.22959183673469388,0.288265306122449,0.19387755102040816,0.288265306122449,normal,0.632598669036446,0.10682746781891152,0.013412601879380625,0.24716126126526158,normal,0.988450518163205,0.0037919426241841197,0.0006528609935466136,0.007104678219064348
20261233,67,2144,2175,normal,3699fe857f9a2f7427e43286d3ecbf46dc851126f5ebfab38b201c78804517db,1d173964ccdc370700a14ab82de12797ba5ae71747afed234ab43ba8a219b901,burst,0.22959183673469388,0.288265306122449,0.19387755102040816,0.288265306122449,burst,0.3017254674023102,0.4712373446616987,0.09512706754707015,0.13191012038892225,normal,0.9486256288665019,0.03368302098744075,0.00913030126487286,0.008561048881184414
20261233,68,2176,2207,normal,3699fe857f9a2f7427e43286d3ecbf46dc851126f5ebfab38b201c78804517db,1d173964ccdc370700a14ab82de12797ba5ae71747afed234ab43ba8a219b901,burst,0.22959183673469388,0.288265306122449,0.19387755102040816,0.288265306122449,normal,0.7343148597888159,0.05167167307327669,0.06627663761193132,0.14773682952597675,normal,0.9872604330518663,0.0036891909601194056,0.004271659130698523,0.0047787168573157094
20261233,69,2208,2239,normal,3699fe857f9a2f7427e43286d3ecbf46dc851126f5ebfab38b201c78804517db,1d173964ccdc370700a14ab82de12797ba5ae71747afed234ab43ba8a219b901,burst,0.22959183673469388,0.288265306122449,0.19387755102040816,0.288265306122449,calibration_shift,0.11294593056142947,0.2695160206107499,0.021095425120067155,0.5964426237077547,normal,0.862695507104848,0.04676019626241328,0.00608597483635776,0.08445832179638105
20261233,70,2240,2271,normal,3699fe857f9a2f7427e43286d3ecbf46dc851126f5ebfab38b201c78804517db,1d173964ccdc370700a14ab82de12797ba5ae71747afed234ab43ba8a219b901,burst,0.22959183673469388,0.288265306122449,0.19387755102040816,0.288265306122449,normal,0.6205371633499958,0.1205597548999775,0.06624419567345807,0.19265888607656848,normal,0.9527776469156158,0.013205948707011141,0.004779301332202207,0.029237103045170777
20261233,71,2272,2303,normal,3699fe857f9a2f7427e43286d3ecbf46dc851126f5ebfab38b201c78804517db,1d173964ccdc370700a14ab82de12797ba5ae71747afed234ab43ba8a219b901,burst,0.22959183673469388,0.288265306122449,0.19387755102040816,0.288265306122449,normal,0.8316638721464973,0.13483041407238222,0.023945992718049917,0.009559721063071163,normal,0.9928881088977821,0.005472228998360913,0.001153523517075441,0.00048613858678152625
20261233,72,2304,2335,normal,3699fe857f9a2f7427e43286d3ecbf46dc851126f5ebfab38b201c78804517db,1d173964ccdc370700a14ab82de12797ba5ae71747afed234ab43ba8a219b901,burst,0.22959183673469388,0.288265306122449,0.19387755102040816,0.288265306122449,burst,0.24152143865041834,0.4299013430610292,0.15061711000724887,0.17796010828130357,normal,0.932261498827213,0.04041126788319294,0.018284869465546454,0.00904236382404772
20261233,73,2336,2367,normal,3699fe857f9a2f7427e43286d3ecbf46dc851126f5ebfab38b201c78804517db,1d173964ccdc370700a14ab82de12797ba5ae71747afed234ab43ba8a219b901,burst,0.22959183673469388,0.288265306122449,0.19387755102040816,0.288265306122449,normal,0.5349289312487496,0.06557893539850229,0.008313867547576752,0.39117826580516984,normal,0.9736914981535919,0.0071936075992747525,0.0009575952151942163,0.01815729903193922
20261233,74,2368,2399,normal,3699fe857f9a2f7427e43286d3ecbf46dc851126f5ebfab38b201c78804517db,1d173964ccdc370700a14ab82de12797ba5ae71747afed234ab43ba8a219b901,burst,0.22959183673469388,0.288265306122449,0.19387755102040816,0.288265306122449,normal,0.48872500727332446,0.330851807305516,0.08784080314396774,0.09258238227719133,normal,0.9708965582533506,0.017744179266120028,0.005563924621230607,0.0057953378592987
20261233,75,2400,2431,normal,3699fe857f9a2f7427e43286d3ecbf46dc851126f5ebfab38b201c78804517db,1d173964ccdc370700a14ab82de12797ba5ae71747afed234ab43ba8a219b901,burst,0.22959183673469388,0.288265306122449,0.19387755102040816,0.288265306122449,normal,0.7509936670329065,0.1598880230689601,0.07953895158297546,0.009579358315157284,normal,0.9876052318817455,0.007866644167578785,0.004272630692942088,0.00025549325773341943
20261233,76,2432,2463,normal,3699fe857f9a2f7427e43286d3ecbf46dc851126f5ebfab38b201c78804517db,1d173964ccdc370700a14ab82de12797ba5ae71747afed234ab43ba8a219b901,burst,0.22959183673469388,0.288265306122449,0.19387755102040816,0.288265306122449,normal,0.7894393893744979,0.03781584507607379,0.015409130996769205,0.15733563455266075,normal,0.9953774649586269,0.0012914636749581667,0.0007325602174408744,0.0025985111489742526
20261233,77,2464,2495,leakage,3699fe857f9a2f7427e43286d3ecbf46dc851126f5ebfab38b201c78804517db,1d173964ccdc370700a14ab82de12797ba5ae71747afed234ab43ba8a219b901,burst,0.22959183673469388,0.288265306122449,0.19387755102040816,0.288265306122449,leakage,0.00025030231157956634,0.008212236787148714,0.9911571556552525,0.000380305246020108,leakage,0.008200241478557958,0.005221093392381421,0.9863830817015322,0.00019558342752834334
20261233,78,2496,2527,leakage,3699fe857f9a2f7427e43286d3ecbf46dc851126f5ebfab38b201c78804517db,1d173964ccdc370700a14ab82de12797ba5ae71747afed234ab43ba8a219b901,burst,0.22959183673469388,0.288265306122449,0.19387755102040816,0.288265306122449,leakage,0.0001740241236083667,0.03507482687306985,0.964602766802637,0.00014838220068508247,leakage,4.793348487967231e-06,0.0006429086301557941,0.9993487557007235,3.5423206328222973e-06
20261233,79,2528,2559,leakage,3699fe857f9a2f7427e43286d3ecbf46dc851126f5ebfab38b201c78804517db,1d173964ccdc370700a14ab82de12797ba5ae71747afed234ab43ba8a219b901,burst,0.22959183673469388,0.288265306122449,0.19387755102040816,0.288265306122449,leakage,0.008910368380543389,0.17302277969701937,0.8139169429738882,0.0041499089485487585,leakage,0.00017022111014222688,0.002687393125493309,0.9970297622316482,0.0001126235327161418
20261233,80,2560,2591,leakage,3699fe857f9a2f7427e43286d3ecbf46dc851126f5ebfab38b201c78804517db,1d173964ccdc370700a14ab82de12797ba5ae71747afed234ab43ba8a219b901,burst,0.22959183673469388,0.288265306122449,0.19387755102040816,0.288265306122449,normal,0.5147886853459628,0.15419483245929752,0.23329802569148023,0.09771845650326019,leakage,0.03381717978612516,0.009350251756943807,0.9478920436381837,0.008940524818747108
20261233,81,2592,2623,leakage,3699fe857f9a2f7427e43286d3ecbf46dc851126f5ebfab38b201c78804517db,1d173964ccdc370700a14ab82de12797ba5ae71747afed234ab43ba8a219b901,burst,0.22959183673469388,0.288265306122449,0.19387755102040816,0.288265306122449,leakage,0.04625944571259816,0.14898312087835708,0.764649585532999,0.040107847876047334,leakage,0.0032466393642076236,0.004388996628702147,0.9906214981887899,0.0017428658183003768
20261233,82,2624,2655,leakage,3699fe857f9a2f7427e43286d3ecbf46dc851126f5ebfab38b201c78804517db,1d173964ccdc370700a14ab82de12797ba5ae71747afed234ab43ba8a219b901,burst,0.22959183673469388,0.288265306122449,0.19387755102040816,0.288265306122449,leakage,0.20173796250874354,0.19871367039840956,0.3117839928155314,0.28776437427731405,leakage,0.012907891937608423,0.01022024895602779,0.954845999414082,0.022025859692281775
20261233,83,2656,2687,leakage,3699fe857f9a2f7427e43286d3ecbf46dc851126f5ebfab38b201c78804517db,1d173964ccdc370700a14ab82de12797ba5ae71747afed234ab43ba8a219b901,burst,0.22959183673469388,0.288265306122449,0.19387755102040816,0.288265306122449,burst,0.23708123529630196,0.37701252186921463,0.24837888410528938,0.13752735872919525,leakage,0.029291660620957193,0.0321416443655007,0.9160574987138559,0.022509196299686236
20261233,84,2688,2719,leakage,3699fe857f9a2f7427e43286d3ecbf46dc851126f5ebfab38b201c78804517db,1d173964ccdc370700a14ab82de12797ba5ae71747afed234ab43ba8a219b901,burst,0.22959183673469388,0.288265306122449,0.19387755102040816,0.288265306122449,leakage,1.33992608278603e-06,0.0002861593574730048,0.999677304639062,3.519607738309296e-05,leakage,7.051639221032395e-08,1.2035109387464812e-05,0.9999862513713137,1.6430029065814324e-06
20261233,85,2720,2751,leakage,3699fe857f9a2f7427e43286d3ecbf46dc851126f5ebfab38b201c78804517db,1d173964ccdc370700a14ab82de12797ba5ae71747afed234ab43ba8a219b901,burst,0.22959183673469388,0.288265306122449,0.19387755102040816,0.288265306122449,normal,0.3620383965187055,0.14666266327657912,0.3368797859879253,0.15441915421679087,leakage,0.01615450924687668,0.004940375400709336,0.9690849660304724,0.009820149321941399
20261233,86,2752,2783,leakage,3699fe857f9a2f7427e43286d3ecbf46dc851126f5ebfab38b201c78804517db,1d173964ccdc370700a14ab82de12797ba5ae71747afed234ab43ba8a219b901,burst,0.22959183673469388,0.288265306122449,0.19387755102040816,0.288265306122449,burst,0.3106271991592141,0.3939541152013731,0.20273856608838173,0.09268011955102964,leakage,0.04961457015814505,0.03188537238531185,0.9046145158479915,0.013885541608551676
20261233,87,2784,2815,leakage,3699fe857f9a2f7427e43286d3ecbf46dc851126f5ebfab38b201c78804517db,1d173964ccdc370700a14ab82de12797ba5ae71747afed234ab43ba8a219b901,burst,0.22959183673469388,0.288265306122449,0.19387755102040816,0.288265306122449,leakage,0.0008127667268824312,0.03351752252546707,0.9651937293047386,0.0004759814429131983,leakage,6.149400498334497e-05,0.0014757776960799566,0.9984431805924925,1.954770644444924e-05
20261233,88,2816,2847,burst,3699fe857f9a2f7427e43286d3ecbf46dc851126f5ebfab38b201c78804517db,1d173964ccdc370700a14ab82de12797ba5ae71747afed234ab43ba8a219b901,burst,0.22959183673469388,0.288265306122449,0.19387755102040816,0.288265306122449,calibration_shift,0.0214512201527116,0.32536038624074787,0.01610718652870455,0.6370812070778366,leakage,0.009684033493543031,0.1267212292391781,0.45935344771984543,0.4042412895474335
20261233,89,2848,2879,burst,3699fe857f9a2f7427e43286d3ecbf46dc851126f5ebfab38b201c78804517db,1d173964ccdc370700a14ab82de12797ba5ae71747afed234ab43ba8a219b901,burst,0.22959183673469388,0.288265306122449,0.19387755102040816,0.288265306122449,burst,0.00598901897729807,0.6053224522428493,0.313293461796009,0.07539506698384417,leakage,0.000885179347574926,0.2655279389077374,0.6414351793437807,0.09215170240090689
20261233,90,2880,2911,burst,3699fe857f9a2f7427e43286d3ecbf46dc851126f5ebfab38b201c78804517db,1d173964ccdc370700a14ab82de12797ba5ae71747afed234ab43ba8a219b901,burst,0.22959183673469388,0.288265306122449,0.19387755102040816,0.288265306122449,burst,0.2004360583446464,0.5785123751323249,0.10774323078231002,0.11330833574071747,burst,0.02323346722766646,0.5629429626459975,0.36170258253938076,0.05212098758695533
20261233,91,2912,2943,burst,3699fe857f9a2f7427e43286d3ecbf46dc851126f5ebfab38b201c78804517db,1d173964ccdc370700a14ab82de12797ba5ae71747afed234ab43ba8a219b901,burst,0.22959183673469388,0.288265306122449,0.19387755102040816,0.288265306122449,burst,0.018622125083433128,0.6143740284012915,0.09590805363636015,0.271095792878916,burst,0.0031301074084300394,0.8107861512008637,0.12971870527538149,0.05636503611532457
20261233,92,2944,2975,burst,3699fe857f9a2f7427e43286d3ecbf46dc851126f5ebfab38b201c78804517db,1d173964ccdc370700a14ab82de12797ba5ae71747afed234ab43ba8a219b901,burst,0.22959183673469388,0.288265306122449,0.19387755102040816,0.288265306122449,normal,0.4825719954171949,0.19449379248373302,0.16806196621914976,0.15487224587992146,burst,0.08442323637544134,0.684245265766735,0.1721228817729313,0.05920861608489251
20261233,93,2976,3007,burst,3699fe857f9a2f7427e43286d3ecbf46dc851126f5ebfab38b201c78804517db,1d173964ccdc370700a14ab82de12797ba5ae71747afed234ab43ba8a219b901,burst,0.22959183673469388,0.288265306122449,0.19387755102040816,0.288265306122449,burst,0.07188405444510064,0.6977123539761788,0.13057705393186503,0.09982653764685676,burst,0.020884550782376905,0.8883129382327288,0.07359471916926845,0.017207791815625935
20261233,94,3008,3039,burst,3699fe857f9a2f7427e43286d3ecbf46dc851126f5ebfab38b201c78804517db,1d173964ccdc370700a14ab82de12797ba5ae71747afed234ab43ba8a219b901,burst,0.22959183673469388,0.288265306122449,0.19387755102040816,0.288265306122449,burst,0.03354146332390282,0.8460652108541423,0.06723733055299781,0.053155995268958124,burst,0.0029861605952688037,0.9808823392346805,0.013088183970887263,0.0030433161991634907
20261233,95,3040,3071,burst,3699fe857f9a2f7427e43286d3ecbf46dc851126f5ebfab38b201c78804517db,1d173964ccdc370700a14ab82de12797ba5ae71747afed234ab43ba8a219b901,burst,0.22959183673469388,0.288265306122449,0.19387755102040816,0.288265306122449,burst,0.001047545414079149,0.7482073702933043,0.1640931466278601,0.0866519376647553,burst,5.214001983703239e-05,0.9869131815779763,0.010358787987524128,0.0026758904146627132
20261233,96,3072,3103,normal,3699fe857f9a2f7427e43286d3ecbf46dc851126f5ebfab38b201c78804517db,1d173964ccdc370700a14ab82de12797ba5ae71747afed234ab43ba8a219b901,burst,0.22959183673469388,0.288265306122449,0.19387755102040816,0.288265306122449,normal,0.6346847022622787,0.051176550013115156,0.013188290778929074,0.3009504569456776,burst,0.24720761167186264,0.6587570218878206,0.0071504441133636455,0.0868849223269531
20261233,97,3104,3135,normal,3699fe857f9a2f7427e43286d3ecbf46dc851126f5ebfab38b201c78804517db,1d173964ccdc370700a14ab82de12797ba5ae71747afed234ab43ba8a219b901,burst,0.22959183673469388,0.288265306122449,0.19387755102040816,0.288265306122449,burst,0.08336162509856676,0.41888453775512513,0.36259981826063714,0.13515401888567263,burst,0.0887650400872589,0.8172394558973234,0.04840790216494973,0.045587601850467854
20261233,98,3136,3167,normal,3699fe857f9a2f7427e43286d3ecbf46dc851126f5ebfab38b201c78804517db,1d173964ccdc370700a14ab82de12797ba5ae71747afed234ab43ba8a219b901,burst,0.22959183673469388,0.288265306122449,0.19387755102040816,0.288265306122449,normal,0.8329291223668175,0.04916347938024261,0.04572234524748279,0.07218505300545588,normal,0.7271999081142712,0.2162698375773154,0.02753676939746978,0.028993484910943727
20261233,99,3168,3199,normal,3699fe857f9a2f7427e43286d3ecbf46dc851126f5ebfab38b201c78804517db,1d173964ccdc370700a14ab82de12797ba5ae71747afed234ab43ba8a219b901,burst,0.22959183673469388,0.288265306122449,0.19387755102040816,0.288265306122449,normal,0.9427815549318452,0.016880323588464963,0.020038923595383742,0.020299197884305308,normal,0.9920793886718998,0.004646964158089102,0.002023047081312732,0.0012506000886983281
20261233,100,3200,3231,normal,3699fe857f9a2f7427e43286d3ecbf46dc851126f5ebfab38b201c78804517db,1d173964ccdc370700a14ab82de12797ba5ae71747afed234ab43ba8a219b901,burst,0.22959183673469388,0.288265306122449,0.19387755102040816,0.288265306122449,calibration_shift,0.431932799068956,0.03131071680389246,0.004171164742908567,0.5325853193842426,normal,0.9807236142640413,0.0016728878568391967,0.00031559168386612843,0.01728790619525333
20261233,101,3232,3263,normal,3699fe857f9a2f7427e43286d3ecbf46dc851126f5ebfab38b201c78804517db,1d173964ccdc370700a14ab82de12797ba5ae71747afed234ab43ba8a219b901,burst,0.22959183673469388,0.288265306122449,0.19387755102040816,0.288265306122449,calibration_shift,0.3096296029465181,0.18526731771891533,0.09019539172647367,0.4149076876080912,normal,0.9420376157718515,0.011518948375294956,0.008209208489350762,0.038234227363502876
20261233,102,3264,3295,normal,3699fe857f9a2f7427e43286d3ecbf46dc851126f5ebfab38b201c78804517db,1d173964ccdc370700a14ab82de12797ba5ae71747afed234ab43ba8a219b901,burst,0.22959183673469388,0.288265306122449,0.19387755102040816,0.288265306122449,normal,0.7315430095469106,0.06514263425507018,0.04953605964959102,0.15377829654842778,normal,0.9834238942574057,0.0028751656457295114,0.003114941885255323,0.010585998211609552
20261233,103,3296,3327,normal,3699fe857f9a2f7427e43286d3ecbf46dc851126f5ebfab38b201c78804517db,1d173964ccdc370700a14ab82de12797ba5ae71747afed234ab43ba8a219b901,burst,0.22959183673469388,0.288265306122449,0.19387755102040816,0.288265306122449,normal,0.9020565484511737,0.011632360403516158,0.012285916310147372,0.07402517483516187,normal,0.9972427745789587,0.00028175925484866184,0.0004870761306477992,0.001988390035544845
20261233,104,3328,3359,normal,3699fe857f9a2f7427e43286d3ecbf46dc851126f5ebfab38b201c78804517db,1d173964ccdc370700a14ab82de12797ba5ae71747afed234ab43ba8a219b901,burst,0.22959183673469388,0.288265306122449,0.19387755102040816,0.288265306122449,normal,0.7130370002731268,0.05688607211551041,0.0013531794802548664,0.22872374813110663,normal,0.9937867256317444,0.0014104884812885842,5.592486602589253e-05,0.004746861020941143
20261233,105,3360,3391,normal,3699fe857f9a2f7427e43286d3ecbf46dc851126f5ebfab38b201c78804517db,1d173964ccdc370700a14ab82de12797ba5ae71747afed234ab43ba8a219b901,burst,0.22959183673469388,0.288265306122449,0.19387755102040816,0.288265306122449,normal,0.7553332702608059,0.10142878909723073,0.010439601885466457,0.13279833875649874,normal,0.9938451100581192,0.0026173744361902883,0.00039207909389924145,0.0031454364117914904
20261233,106,3392,3423,normal,3699fe857f9a2f7427e43286d3ecbf46dc851126f5ebfab38b201c78804517db,1d173964ccdc370700a14ab82de12797ba5ae71747afed234ab43ba8a219b901,burst,0.22959183673469388,0.288265306122449,0.19387755102040816,0.288265306122449,normal,0.5466779416343822,0.17506149841501695,0.08002636994628202,0.19823419000431783,normal,0.9832542362146399,0.006655586149645568,0.004260179187706041,0.00582999844800855
20261233,107,3424,3455,normal,3699fe857f9a2f7427e43286d3ecbf46dc851126f5ebfab38b201c78804517db,1d173964ccdc370700a14ab82de12797ba5ae71747afed234ab43ba8a219b901,burst,0.22959183673469388,0.288265306122449,0.19387755102040816,0.288265306122449,normal,0.6411104233714598,0.019094098372296673,0.04393355769045989,0.29586192056578325,normal,0.9876458574579623,0.0007675510129435698,0.0025696481211153494,0.00901694340797872
20261233,108,3456,3487,normal,3699fe857f9a2f7427e43286d3ecbf46dc851126f5ebfab38b201c78804517db,1d173964ccdc370700a14ab82de12797ba5ae71747afed234ab43ba8a219b901,burst,0.22959183673469388,0.288265306122449,0.19387755102040816,0.288265306122449,burst,0.35703397887671073,0.40404278675978356,0.11043132526171975,0.12849190910178718,normal,0.961247675099826,0.020652748310586094,0.010286315849443992,0.007813260740143754
20261233,109,3488,3519,normal,3699fe857f9a2f7427e43286d3ecbf46dc851126f5ebfab38b201c78804517db,1d173964ccdc370700a14ab82de12797ba5ae71747afed234ab43ba8a219b901,burst,0.22959183673469388,0.288265306122449,0.19387755102040816,0.288265306122449,normal,0.8827321515956988,0.032001653134931245,0.025165314076860932,0.060100881192509524,normal,0.9955879851716536,0.0014672955976875726,0.0013946084066022249,0.0015501108240564443
20261233,110,3520,3551,calibration_shift,3699fe857f9a2f7427e43286d3ecbf46dc851126f5ebfab38b201c78804517db,1d173964ccdc370700a14ab82de12797ba5ae71747afed234ab43ba8a219b901,burst,0.22959183673469388,0.288265306122449,0.19387755102040816,0.288265306122449,calibration_shift,0.2819270362458658,0.205936104045378,0.043757717522691864,0.4683791421860644,normal,0.9584284629172561,0.013748587367201389,0.004737498191122651,0.023085451524419945
20261233,111,3552,3583,calibration_shift,3699fe857f9a2f7427e43286d3ecbf46dc851126f5ebfab38b201c78804517db,1d173964ccdc370700a14ab82de12797ba5ae71747afed234ab43ba8a219b901,burst,0.22959183673469388,0.288265306122449,0.19387755102040816,0.288265306122449,normal,0.4656840419305113,0.10365817306881835,0.07761640744076365,0.35304137755990594,normal,0.9594439883282,0.0073187701789802,0.0064002869539565525,0.026836954538863127
20261233,112,3584,3615,calibration_shift,3699fe857f9a2f7427e43286d3ecbf46dc851126f5ebfab38b201c78804517db,1d173964ccdc370700a14ab82de12797ba5ae71747afed234ab43ba8a219b901,burst,0.22959183673469388,0.288265306122449,0.19387755102040816,0.288265306122449,calibration_shift,0.24193075982042792,0.11388767399715634,0.02182892601572153,0.6223526401666939,normal,0.8926353285218092,0.011673337458839939,0.0034505555066177826,0.0922407785127332
20261233,113,3616,3647,calibration_shift,3699fe857f9a2f7427e43286d3ecbf46dc851126f5ebfab38b201c78804517db,1d173964ccdc370700a14ab82de12797ba5ae71747afed234ab43ba8a219b901,burst,0.22959183673469388,0.288265306122449,0.19387755102040816,0.288265306122449,calibration_shift,0.07079396584081915,0.35375483074209657,0.04682094017693739,0.5286302632401476,normal,0.5100410068564347,0.08903556636264352,0.01358442605556087,0.387339000725361
20261233,114,3648,3679,calibration_shift,3699fe857f9a2f7427e43286d3ecbf46dc851126f5ebfab38b201c78804517db,1d173964ccdc370700a14ab82de12797ba5ae71747afed234ab43ba8a219b901,burst,0.22959183673469388,0.288265306122449,0.19387755102040816,0.288265306122449,normal,0.6117931055439347,0.0519303328972109,0.01679889063215337,0.31947767092669954,normal,0.7544611871903228,0.011446016304965004,0.0019152054418165537,0.23217759106289568
20261233,115,3680,3711,calibration_shift,3699fe857f9a2f7427e43286d3ecbf46dc851126f5ebfab38b201c78804517db,1d173964ccdc370700a14ab82de12797ba5ae71747afed234ab43ba8a219b901,burst,0.22959183673469388,0.288265306122449,0.19387755102040816,0.288265306122449,burst,0.02593668900684237,0.5018874382473804,0.36421518439407835,0.10796068835169943,calibration_shift,0.28897894797246265,0.2283031289532965,0.17165298945569746,0.3110649336185435
20261233,116,3712,3743,calibration_shift,3699fe857f9a2f7427e43286d3ecbf46dc851126f5ebfab38b201c78804517db,1d173964ccdc370700a14ab82de12797ba5ae71747afed234ab43ba8a219b901,burst,0.22959183673469388,0.288265306122449,0.19387755102040816,0.288265306122449,burst,0.06151835876339316,0.5042596079238952,0.04617063319026791,0.38805140012244205,calibration_shift,0.084710237238251,0.43178339879833977,0.04760780169002357,0.4358985622733858
20261233,117,3744,3775,calibration_shift,3699fe857f9a2f7427e43286d3ecbf46dc851126f5ebfab38b201c78804517db,1d173964ccdc370700a14ab82de12797ba5ae71747afed234ab43ba8a219b901,burst,0.22959183673469388,0.288265306122449,0.19387755102040816,0.288265306122449,normal,0.5403885414366699,0.13882276591187018,0.15715593231880243,0.1636327603326587,normal,0.3586726337385596,0.2594634754522663,0.07332092388715973,0.3085429669220143
20261233,118,3776,3807,calibration_shift,3699fe857f9a2f7427e43286d3ecbf46dc851126f5ebfab38b201c78804517db,1d173964ccdc370700a14ab82de12797ba5ae71747afed234ab43ba8a219b901,burst,0.22959183673469388,0.288265306122449,0.19387755102040816,0.288265306122449,calibration_shift,0.011879708284535277,0.0545453413429952,0.0009895283446672432,0.9325854220278037,calibration_shift,0.017928911248874958,0.0473378481845792,0.00047932455902689454,0.934253916007519
20261233,119,3808,3839,calibration_shift,3699fe857f9a2f7427e43286d3ecbf46dc851126f5ebfab38b201c78804517db,1d173964ccdc370700a14ab82de12797ba5ae71747afed234ab43ba8a219b901,burst,0.22959183673469388,0.288265306122449,0.19387755102040816,0.288265306122449,burst,0.06488076822824086,0.6514779131622396,0.029631423424210934,0.25400989518530975,calibration_shift,0.014196880854689281,0.16569413801386054,0.002367592599532681,0.8177413885319175
20261233,120,3840,3871,calibration_shift,3699fe857f9a2f7427e43286d3ecbf46dc851126f5ebfab38b201c78804517db,1d173964ccdc370700a14ab82de12797ba5ae71747afed234ab43ba8a219b901,burst,0.22959183673469388,0.288265306122449,0.19387755102040816,0.288265306122449,calibration_shift,0.2776465437150653,0.15313277731569278,0.006010116485845065,0.5632105624833973,calibration_shift,0.03254826783103736,0.05834272949116182,0.0003427106062669853,0.9087662920715339
20261233,121,3872,3903,calibration_shift,3699fe857f9a2f7427e43286d3ecbf46dc851126f5ebfab38b201c78804517db,1d173964ccdc370700a14ab82de12797ba5ae71747afed234ab43ba8a219b901,burst,0.22959183673469388,0.288265306122449,0.19387755102040816,0.288265306122449,calibration_shift,0.048477497000909336,0.11207526265726274,0.012794001970638449,0.8266532383711911,calibration_shift,0.0054119181458582065,0.012566082952236593,0.00039437765958133753,0.9816276212423238
20261233,122,3904,3935,calibration_shift,3699fe857f9a2f7427e43286d3ecbf46dc851126f5ebfab38b201c78804517db,1d173964ccdc370700a14ab82de12797ba5ae71747afed234ab43ba8a219b901,burst,0.22959183673469388,0.288265306122449,0.19387755102040816,0.288265306122449,calibration_shift,0.020830792645373658,0.10588753043266944,0.011016681862412806,0.8622649950595445,calibration_shift,0.0010256626431812508,0.004323125251984887,0.00027891719020746414,0.9943722949146263
20261233,123,3936,3967,calibration_shift,3699fe857f9a2f7427e43286d3ecbf46dc851126f5ebfab38b201c78804517db,1d173964ccdc370700a14ab82de12797ba5ae71747afed234ab43ba8a219b901,burst,0.22959183673469388,0.288265306122449,0.19387755102040816,0.288265306122449,burst,0.022824242009590573,0.5519815609300985,0.06752060027723122,0.35767359678307814,calibration_shift,0.0020092078459749397,0.03573094510544115,0.0037437418699428904,0.9585161051786409
20261233,124,3968,3999,calibration_shift,3699fe857f9a2f7427e43286d3ecbf46dc851126f5ebfab38b201c78804517db,1d173964ccdc370700a14ab82de12797ba5ae71747afed234ab43ba8a219b901,burst,0.22959183673469388,0.288265306122449,0.19387755102040816,0.288265306122449,calibration_shift,0.016834292092213123,0.03178393367153608,0.0018154200983946738,0.949566354137858,calibration_shift,0.0006669492190244565,0.002118833381169104,5.9367028071919154e-05,0.9971548503717345
20261233,125,4000,4031,calibration_shift,3699fe857f9a2f7427e43286d3ecbf46dc851126f5ebfab38b201c78804517db,1d173964ccdc370700a14ab82de12797ba5ae71747afed234ab43ba8a219b901,burst,0.22959183673469388,0.288265306122449,0.19387755102040816,0.288265306122449,normal,0.37663659890345064,0.27553235201584303,0.02939985781932922,0.3184311912613776,calibration_shift,0.03545483250468105,0.017034175645015033,0.0017181707315708406,0.9457928211187331
20261233,126,4032,4063,calibration_shift,3699fe857f9a2f7427e43286d3ecbf46dc851126f5ebfab38b201c78804517db,1d173964ccdc370700a14ab82de12797ba5ae71747afed234ab43ba8a219b901,burst,0.22959183673469388,0.288265306122449,0.19387755102040816,0.288265306122449,normal,0.6681868916884334,0.007214537029042297,0.007981166901926542,0.3166174043805981,calibration_shift,0.16487027036650154,0.0008248557913471667,0.0005954483687895746,0.8337094254733617
20261233,127,4064,4095,calibration_shift,3699fe857f9a2f7427e43286d3ecbf46dc851126f5ebfab38b201c78804517db,1d173964ccdc370700a14ab82de12797ba5ae71747afed234ab43ba8a219b901,burst,0.22959183673469388,0.288265306122449,0.19387755102040816,0.288265306122449,normal,0.9068074182445429,0.016382307007129324,0.02724793868719867,0.04956233606112986,normal,0.8472661015401564,0.0012864017547323235,0.00269477600136462,0.14875272070374682
20261234,0,0,31,burst,e3f9b626c640e8777f592a60b1fdeef6f9ac795a1e6cca488099948914a20b34,15e8a841b1467bee9e5f5053faf95172b08e6a2d102158a15c56e4896bc0862b,burst,0.22959183673469388,0.288265306122449,0.19387755102040816,0.288265306122449,normal,0.45818176761604873,0.12387385518713122,0.057740255853172856,0.36020412134364754,normal,0.4067486623512916,0.12672280176989026,0.09056748136536856,0.3759610545134495
20261234,1,32,63,burst,e3f9b626c640e8777f592a60b1fdeef6f9ac795a1e6cca488099948914a20b34,15e8a841b1467bee9e5f5053faf95172b08e6a2d102158a15c56e4896bc0862b,burst,0.22959183673469388,0.288265306122449,0.19387755102040816,0.288265306122449,burst,0.14463289995380588,0.6497079938013891,0.08487086719849382,0.12078823904631004,burst,0.3248296609750083,0.4182610164591812,0.06436592243094343,0.1925434001348671
20261234,2,64,95,burst,e3f9b626c640e8777f592a60b1fdeef6f9ac795a1e6cca488099948914a20b34,15e8a841b1467bee9e5f5053faf95172b08e6a2d102158a15c56e4896bc0862b,burst,0.22959183673469388,0.288265306122449,0.19387755102040816,0.288265306122449,normal,0.5722989079809956,0.04570104837506955,0.04455746778577226,0.33744257585816123,normal,0.7219894328762767,0.05499781608091101,0.01780523384019772,0.20520751720261454
20261234,3,96,127,burst,e3f9b626c640e8777f592a60b1fdeef6f9ac795a1e6cca488099948914a20b34,15e8a841b1467bee9e5f5053faf95172b08e6a2d102158a15c56e4896bc0862b,burst,0.22959183673469388,0.288265306122449,0.19387755102040816,0.288265306122449,burst,0.2014560218770353,0.5163776705332984,0.12447510605767337,0.1576912015319912,normal,0.67559255142512,0.16270548614916486,0.03275299994194033,0.12894896248377463
20261234,4,128,159,burst,e3f9b626c640e8777f592a60b1fdeef6f9ac795a1e6cca488099948914a20b34,15e8a841b1467bee9e5f5053faf95172b08e6a2d102158a15c56e4896bc0862b,burst,0.22959183673469388,0.288265306122449,0.19387755102040816,0.288265306122449,burst,0.26366725792638945,0.4015883875325535,0.1359251672873577,0.1988191872536983,normal,0.6537445510152979,0.22072654635953048,0.03802576128470393,0.08750314134046758
20261234,5,160,191,burst,e3f9b626c640e8777f592a60b1fdeef6f9ac795a1e6cca488099948914a20b34,15e8a841b1467bee9e5f5053faf95172b08e6a2d102158a15c56e4896bc0862b,burst,0.22959183673469388,0.288265306122449,0.19387755102040816,0.288265306122449,burst,0.028926654022129638,0.4791484162560055,0.0446877282981755,0.4472372014236907,burst,0.12250512362556312,0.5963737976881316,0.02388496512683629,0.2572361135594689
20261234,6,192,223,burst,e3f9b626c640e8777f592a60b1fdeef6f9ac795a1e6cca488099948914a20b34,15e8a841b1467bee9e5f5053faf95172b08e6a2d102158a15c56e4896bc0862b,burst,0.22959183673469388,0.288265306122449,0.19387755102040816,0.288265306122449,burst,0.30499965351880787,0.4083315621449524,0.04502399494858192,0.24164478938765813,burst,0.16590466030328824,0.6469446634230345,0.00868374597118149,0.17846693030249572
20261234,7,224,255,burst,e3f9b626c640e8777f592a60b1fdeef6f9ac795a1e6cca488099948914a20b34,15e8a841b1467bee9e5f5053faf95172b08e6a2d102158a15c56e4896bc0862b,burst,0.22959183673469388,0.288265306122449,0.19387755102040816,0.288265306122449,burst,0.07330177027507624,0.6801906169871434,0.13881501056659898,0.10769260217118308,burst,0.039044023790483884,0.9027648000403772,0.013304086944314338,0.04488708922482455
20261234,8,256,287,burst,e3f9b626c640e8777f592a60b1fdeef6f9ac795a1e6cca488099948914a20b34,15e8a841b1467bee9e5f5053faf95172b08e6a2d102158a15c56e4896bc0862b,burst,0.22959183673469388,0.288265306122449,0.19387755102040816,0.288265306122449,normal,0.39121875786357213,0.2768922423293105,0.052048893185091254,0.27984010662202596,burst,0.11931625804610917,0.8073114973191693,0.008468436101424963,0.06490380853329657
20261234,9,288,319,burst,e3f9b626c640e8777f592a60b1fdeef6f9ac795a1e6cca488099948914a20b34,15e8a841b1467bee9e5f5053faf95172b08e6a2d102158a15c56e4896bc0862b,burst,0.22959183673469388,0.288265306122449,0.19387755102040816,0.288265306122449,calibration_shift,0.23273610118525528,0.1843592191073829,0.051299508650738956,0.5316051710566219,burst,0.1897533255471514,0.6018802997926452,0.009216839443085508,0.1991495352171178
20261234,10,320,351,burst,e3f9b626c640e8777f592a60b1fdeef6f9ac795a1e6cca488099948914a20b34,15e8a841b1467bee9e5f5053faf95172b08e6a2d102158a15c56e4896bc0862b,burst,0.22959183673469388,0.288265306122449,0.19387755102040816,0.288265306122449,burst,0.08152131973193291,0.5082867366637218,0.1693119235228332,0.24088002008151327,burst,0.060065976514020444,0.7823321258069319,0.020892739644752394,0.1367091580342952
20261234,11,352,383,burst,e3f9b626c640e8777f592a60b1fdeef6f9ac795a1e6cca488099948914a20b34,15e8a841b1467bee9e5f5053faf95172b08e6a2d102158a15c56e4896bc0862b,burst,0.22959183673469388,0.288265306122449,0.19387755102040816,0.288265306122449,burst,0.019023148041105456,0.6357817319045168,0.08752429877333388,0.25767082128104235,burst,0.004331264996913945,0.9075753594945268,0.010471938178256144,0.07762143733030304
20261234,12,384,415,burst,e3f9b626c640e8777f592a60b1fdeef6f9ac795a1e6cca488099948914a20b34,15e8a841b1467bee9e5f5053faf95172b08e6a2d102158a15c56e4896bc0862b,burst,0.22959183673469388,0.288265306122449,0.19387755102040816,0.288265306122449,burst,0.017787922930378338,0.5313438854554483,0.24069896498018187,0.21016922663399018,burst,0.0014354383398797845,0.9353362677863502,0.02037926780404875,0.04284902606972121
20261234,13,416,447,burst,e3f9b626c640e8777f592a60b1fdeef6f9ac795a1e6cca488099948914a20b34,15e8a841b1467bee9e5f5053faf95172b08e6a2d102158a15c56e4896bc0862b,burst,0.22959183673469388,0.288265306122449,0.19387755102040816,0.288265306122449,burst,0.052132489015770125,0.6389830354519205,0.1837322545446523,0.12515222098765605,burst,0.0029675096754834115,0.9650016790528884,0.017999415801147143,0.014031395470481121
20261234,14,448,479,burst,e3f9b626c640e8777f592a60b1fdeef6f9ac795a1e6cca488099948914a20b34,15e8a841b1467bee9e5f5053faf95172b08e6a2d102158a15c56e4896bc0862b,burst,0.22959183673469388,0.288265306122449,0.19387755102040816,0.288265306122449,burst,0.06239235379658192,0.7593457584652563,0.065751037630083,0.11251085010807792,burst,0.003158807624454,0.9862253413219538,0.0049628072243443405,0.005653043829247661
20261234,15,480,511,burst,e3f9b626c640e8777f592a60b1fdeef6f9ac795a1e6cca488099948914a20b34,15e8a841b1467bee9e5f5053faf95172b08e6a2d102158a15c56e4896bc0862b,burst,0.22959183673469388,0.288265306122449,0.19387755102040816,0.288265306122449,calibration_shift,0.019122993258158912,0.3864900908039557,0.039877490622307686,0.5545094253155768,burst,0.0017905329585100349,0.958648367548228,0.0031672284763019642,0.03639387101696016
20261234,16,512,543,burst,e3f9b626c640e8777f592a60b1fdeef6f9ac795a1e6cca488099948914a20b34,15e8a841b1467bee9e5f5053faf95172b08e6a2d102158a15c56e4896bc0862b,burst,0.22959183673469388,0.288265306122449,0.19387755102040816,0.288265306122449,calibration_shift,0.010166617900305985,0.28446168793732307,0.024936900067262523,0.6804347940951087,burst,0.0011393834367674886,0.8643183434475402,0.002242438656959425,0.13229983445873286
20261234,17,544,575,burst,e3f9b626c640e8777f592a60b1fdeef6f9ac795a1e6cca488099948914a20b34,15e8a841b1467bee9e5f5053faf95172b08e6a2d102158a15c56e4896bc0862b,burst,0.22959183673469388,0.288265306122449,0.19387755102040816,0.288265306122449,burst,0.3329432989860123,0.376419099341452,0.047657470461366876,0.24298013121116752,burst,0.03130819852715575,0.8626507860794917,0.003451180602991184,0.10258983479036118
20261234,18,576,607,burst,e3f9b626c640e8777f592a60b1fdeef6f9ac795a1e6cca488099948914a20b34,15e8a841b1467bee9e5f5053faf95172b08e6a2d102158a15c56e4896bc0862b,burst,0.22959183673469388,0.288265306122449,0.19387755102040816,0.288265306122449,burst,0.13249157515710913,0.546980197566182,0.25980455945319475,0.060723667823512614,burst,0.022318585514318777,0.9454392679825102,0.016406746499796888,0.01583540000337429
20261234,19,608,639,burst,e3f9b626c640e8777f592a60b1fdeef6f9ac795a1e6cca488099948914a20b34,15e8a841b1467bee9e5f5053faf95172b08e6a2d102158a15c56e4896bc0862b,burst,0.22959183673469388,0.288265306122449,0.19387755102040816,0.288265306122449,burst,0.08039732929031713,0.658052087860768,0.11225578249577838,0.14929480035313758,burst,0.00872567996508735,0.9724133372767709,0.009578778881116093,0.009282203877025733
20261234,20,640,671,burst,e3f9b626c640e8777f592a60b1fdeef6f9ac795a1e6cca488099948914a20b34,15e8a841b1467bee9e5f5053faf95172b08e6a2d102158a15c56e4896bc0862b,burst,0.22959183673469388,0.288265306122449,0.19387755102040816,0.288265306122449,burst,0.006102155501609739,0.7140235758591473,0.042012005089717155,0.2378622635495246,burst,0.00041274687855955754,0.9865794690251987,0.0024550767903257133,0.010552707305916021
20261234,21,672,703,burst,e3f9b626c640e8777f592a60b1fdeef6f9ac795a1e6cca488099948914a20b34,15e8a841b1467bee9e5f5053faf95172b08e6a2d102158a15c56e4896bc0862b,burst,0.22959183673469388,0.288265306122449,0.19387755102040816,0.288265306122449,normal,0.7516773944483722,0.018095287616594465,0.019237041133509065,0.21099027680152524,normal,0.48254229896329986,0.3679259220268848,0.010343047310725014,0.13918873169909032
20261234,22,704,735,burst,e3f9b626c640e8777f592a60b1fdeef6f9ac795a1e6cca488099948914a20b34,15e8a841b1467bee9e5f5053faf95172b08e6a2d102158a15c56e4896bc0862b,burst,0.22959183673469388,0.288265306122449,0.19387755102040816,0.288265306122449,calibration_shift,0.2613309710514537,0.23772522625617012,0.0364386460786867,0.4645051566136881,normal,0.4966148698893097,0.2715509049594603,0.006053465293678667,0.22578075985755114
20261234,23,736,767,burst,e3f9b626c640e8777f592a60b1fdeef6f9ac795a1e6cca488099948914a20b34,15e8a841b1467bee9e5f5053faf95172b08e6a2d102158a15c56e4896bc0862b,burst,0.22959183673469388,0.288265306122449,0.19387755102040816,0.288265306122449,normal,0.4884352291744021,0.18439178393630204,0.1838549868957455,0.14331799999355052,normal,0.765446508811317,0.129592068317468,0.021058762727997865,0.0839026601432172
20261234,24,768,799,normal,e3f9b626c640e8777f592a60b1fdeef6f9ac795a1e6cca488099948914a20b34,15e8a841b1467bee9e5f5053faf95172b08e6a2d102158a15c56e4896bc0862b,burst,0.22959183673469388,0.288265306122449,0.19387755102040816,0.288265306122449,normal,0.8628578533528145,0.055286329736267126,0.045619355180564876,0.03623646173035521,normal,0.9808483250456899,0.01034522042167458,0.004190718994949906,0.004615735537685643
20261234,25,800,831,normal,e3f9b626c640e8777f592a60b1fdeef6f9ac795a1e6cca488099948914a20b34,15e8a841b1467bee9e5f5053faf95172b08e6a2d102158a15c56e4896bc0862b,burst,0.22959183673469388,0.288265306122449,0.19387755102040816,0.288265306122449,normal,0.7200492115966624,0.071871660945368,0.04739547079894331,0.16068365665902656,normal,0.9904516333408814,0.002956350524826457,0.002474658409672591,0.0041173577246196615
20261234,26,832,863,normal,e3f9b626c640e8777f592a60b1fdeef6f9ac795a1e6cca488099948914a20b34,15e8a841b1467bee9e5f5053faf95172b08e6a2d102158a15c56e4896bc0862b,burst,0.22959183673469388,0.288265306122449,0.19387755102040816,0.288265306122449,normal,0.5963574481350629,0.20042806837033866,0.020967848868726005,0.18224663462587332,normal,0.9862927926822705,0.007199437787779859,0.0011896113852139316,0.005318158144735625
20261234,27,864,895,normal,e3f9b626c640e8777f592a60b1fdeef6f9ac795a1e6cca488099948914a20b34,15e8a841b1467bee9e5f5053faf95172b08e6a2d102158a15c56e4896bc0862b,burst,0.22959183673469388,0.288265306122449,0.19387755102040816,0.288265306122449,burst,0.27743761556298246,0.4647899550795018,0.026619889258918117,0.23115254009859762,normal,0.9405154449680548,0.04172006106308081,0.0028769095435591864,0.014887584425305066
20261234,28,896,927,normal,e3f9b626c640e8777f592a60b1fdeef6f9ac795a1e6cca488099948914a20b34,15e8a841b1467bee9e5f5053faf95172b08e6a2d102158a15c56e4896bc0862b,burst,0.22959183673469388,0.288265306122449,0.19387755102040816,0.288265306122449,calibration_shift,0.3457692254593573,0.07324279259676059,0.002900188221321986,0.5780877937225593,normal,0.9401211902150935,0.012080795761399636,0.00029396235939675545,0.047504051664110064
20261234,29,928,959,normal,e3f9b626c640e8777f592a60b1fdeef6f9ac795a1e6cca488099948914a20b34,15e8a841b1467bee9e5f5053faf95172b08e6a2d102158a15c56e4896bc0862b,burst,0.22959183673469388,0.288265306122449,0.19387755102040816,0.288265306122449,normal,0.7423185867701206,0.11810173688640237,0.03676851492119633,0.10281116142228,normal,0.9852324727139239,0.005218971299445857,0.001530829917908631,0.008017726068721583
20261234,30,960,991,normal,e3f9b626c640e8777f592a60b1fdeef6f9ac795a1e6cca488099948914a20b34,15e8a841b1467bee9e5f5053faf95172b08e6a2d102158a15c56e4896bc0862b,burst,0.22959183673469388,0.288265306122449,0.19387755102040816,0.288265306122449,normal,0.6036546603237914,0.20227380478235618,0.09780840320698429,0.0962631316868664,normal,0.9833297279784955,0.008059092142915444,0.005204662737282107,0.0034065171413069097
20261234,31,992,1023,normal,e3f9b626c640e8777f592a60b1fdeef6f9ac795a1e6cca488099948914a20b34,15e8a841b1467bee9e5f5053faf95172b08e6a2d102158a15c56e4896bc0862b,burst,0.22959183673469388,0.288265306122449,0.19387755102040816,0.288265306122449,normal,0.7532015551557034,0.027937400132183876,0.017624106827828664,0.20123693788428448,normal,0.9934797233367516,0.0010142488628119707,0.0009204907383568308,0.004585537062079665
20261234,32,1024,1055,normal,e3f9b626c640e8777f592a60b1fdeef6f9ac795a1e6cca488099948914a20b34,15e8a841b1467bee9e5f5053faf95172b08e6a2d102158a15c56e4896bc0862b,burst,0.22959183673469388,0.288265306122449,0.19387755102040816,0.288265306122449,normal,0.9134667140887429,0.04048003156325368,0.03785167035264471,0.00820158399535914,normal,0.9977169193504979,0.0008447017475205599,0.001277923216888147,0.00016045568509335932
20261234,33,1056,1087,normal,e3f9b626c640e8777f592a60b1fdeef6f9ac795a1e6cca488099948914a20b34,15e8a841b1467bee9e5f5053faf95172b08e6a2d102158a15c56e4896bc0862b,burst,0.22959183673469388,0.288265306122449,0.19387755102040816,0.288265306122449,normal,0.8449935078571954,0.03568759052563873,0.021849698800885744,0.09746920281627948,normal,0.9969736309063832,0.0007858711976262116,0.000810919134057728,0.0014295787619329468
20261234,34,1088,1119,normal,e3f9b626c640e8777f592a60b1fdeef6f9ac795a1e6cca488099948914a20b34,15e8a841b1467bee9e5f5053faf95172b08e6a2d102158a15c56e4896bc0862b,burst,0.22959183673469388,0.288265306122449,0.19387755102040816,0.288265306122449,normal,0.8643457813349092,0.005323689890282204,0.003958809531154992,0.12637171924365437,normal,0.9976668609739355,0.00011441921155792603,0.00013922786526514609,0.0020794919492414052
20261234,35,1120,1151,normal,e3f9b626c640e8777f592a60b1fdeef6f9ac795a1e6cca488099948914a20b34,15e8a841b1467bee9e5f5053faf95172b08e6a2d102158a15c56e4896bc0862b,burst,0.22959183673469388,0.288265306122449,0.19387755102040816,0.288265306122449,burst,0.06676122708548361,0.6283738363205689,0.09835662660019666,0.20650830999375164,normal,0.7983988191615556,0.13101181098671336,0.03367560638937691,0.036913763462354206
20261234,36,1152,1183,normal,e3f9b626c640e8777f592a60b1fdeef6f9ac795a1e6cca488099948914a20b34,15e8a841b1467bee9e5f5053faf95172b08e6a2d102158a15c56e4896bc0862b,burst,0.22959183673469388,0.288265306122449,0.19387755102040816,0.288265306122449,normal,0.7758521379644095,0.06138931498666885,0.051923623409234794,0.11083492363968525,normal,0.9727070440300358,0.012283909206476517,0.006447814998256465,0.008561231765231067
20261234,37,1184,1215,normal,e3f9b626c640e8777f592a60b1fdeef6f9ac795a1e6cca488099948914a20b34,15e8a841b1467bee9e5f5053faf95172b08e6a2d102158a15c56e4896bc0862b,burst,0.22959183673469388,0.288265306122449,0.19387755102040816,0.288265306122449,calibration_shift,0.37358289938599487,0.13327565735977967,0.008432092609123778,0.4847093506451013,normal,0.9594254222707839,0.011021912742911756,0.0009155762669037814,0.028637088719400603
20261234,38,1216,1247,normal,e3f9b626c640e8777f592a60b1fdeef6f9ac795a1e6cca488099948914a20b34,15e8a841b1467bee9e5f5053faf95172b08e6a2d102158a15c56e4896bc0862b,burst,0.22959183673469388,0.288265306122449,0.19387755102040816,0.288265306122449,normal,0.8696783122581214,0.044082502332008715,0.01023824716079422,0.07600093824907683,normal,0.9944346080462145,0.0015859327772433914,0.00037865395337709657,0.003600805223164804
20261234,39,1248,1279,calibration_shift,e3f9b626c640e8777f592a60b1fdeef6f9ac795a1e6cca488099948914a20b34,15e8a841b1467bee9e5f5053faf95172b08e6a2d102158a15c56e4896bc0862b,burst,0.22959183673469388,0.288265306122449,0.19387755102040816,0.288265306122449,calibration_shift,0.2468289644499815,0.2412885592764756,0.07637565013294549,0.4355068261405982,normal,0.9450159847389676,0.018319145878299088,0.008634215236966034,0.028030654145767275
20261234,40,1280,1311,calibration_shift,e3f9b626c640e8777f592a60b1fdeef6f9ac795a1e6cca488099948914a20b34,15e8a841b1467bee9e5f5053faf95172b08e6a2d102158a15c56e4896bc0862b,burst,0.22959183673469388,0.288265306122449,0.19387755102040816,0.288265306122449,burst,0.1587723328274652,0.512527295340862,0.09953074264784202,0.22916962918382972,normal,0.8212882782115185,0.10430183202157195,0.024389519417813497,0.05002037034909599
20261234,41,1312,1343,calibration_shift,e3f9b626c640e8777f592a60b1fdeef6f9ac795a1e6cca488099948914a20b34,15e8a841b1467bee9e5f5053faf95172b08e6a2d102158a15c56e4896bc0862b,burst,0.22959183673469388,0.288265306122449,0.19387755102040816,0.288265306122449,calibration_shift,0.09301449947414916,0.11318211076160921,0.019163900497754707,0.7746394892664861,normal,0.5626338407104965,0.0892678839363249,0.009452230073368194,0.33864604527981035
20261234,42,1344,1375,calibration_shift,e3f9b626c640e8777f592a60b1fdeef6f9ac795a1e6cca488099948914a20b34,15e8a841b1467bee9e5f5053faf95172b08e6a2d102158a15c56e4896bc0862b,burst,0.22959183673469388,0.288265306122449,0.19387755102040816,0.288265306122449,burst,0.13749539141063624,0.4034991129229979,0.10374729293955942,0.35525820272680736,calibration_shift,0.36094665662042785,0.17377703621644514,0.02046700570705108,0.444809301456076
20261234,43,1376,1407,calibration_shift,e3f9b626c640e8777f592a60b1fdeef6f9ac795a1e6cca488099948914a20b34,15e8a841b1467bee9e5f5053faf95172b08e6a2d102158a15c56e4896bc0862b,burst,0.22959183673469388,0.288265306122449,0.19387755102040816,0.288265306122449,burst,0.031736636302372244,0.4783213386153893,0.21811507044395434,0.2718269546382842,calibration_shift,0.06274851195192045,0.3849525035196401,0.06290570277028909,0.4893932817581503
20261234,44,1408,1439,calibration_shift,e3f9b626c640e8777f592a60b1fdeef6f9ac795a1e6cca488099948914a20b34,15e8a841b1467bee9e5f5053faf95172b08e6a2d102158a15c56e4896bc0862b,burst,0.22959183673469388,0.288265306122449,0.19387755102040816,0.288265306122449,calibration_shift,0.1635868738147257,0.36061231604129407,0.051613595608944976,0.42418721453503416,calibration_shift,0.05497728310832273,0.37579215268699384,0.018053064801341327,0.551177499403342
20261234,45,1440,1471,calibration_shift,e3f9b626c640e8777f592a60b1fdeef6f9ac795a1e6cca488099948914a20b34,15e8a841b1467bee9e5f5053faf95172b08e6a2d102158a15c56e4896bc0862b,burst,0.22959183673469388,0.288265306122449,0.19387755102040816,0.288265306122449,normal,0.4580834985104936,0.2617558740113672,0.03280569409212041,0.24735493338602005,calibration_shift,0.1829354349344568,0.3462936235004387,0.00674410605994654,0.4640268355051581
20261234,46,1472,1503,calibration_shift,e3f9b626c640e8777f592a60b1fdeef6f9ac795a1e6cca488099948914a20b34,15e8a841b1467bee9e5f5053faf95172b08e6a2d102158a15c56e4896bc0862b,burst,0.22959183673469388,0.288265306122449,0.19387755102040816,0.288265306122449,calibration_shift,0.010444666446104955,0.3501833959514938,0.03016614887596894,0.6092057887264322,calibration_shift,0.007006068140060698,0.3045366852180601,0.0031621646779465755,0.6852950819639326
20261234,47,1504,1535,calibration_shift,e3f9b626c640e8777f592a60b1fdeef6f9ac795a1e6cca488099948914a20b34,15e8a841b1467bee9e5f5053faf95172b08e6a2d102158a15c56e4896bc0862b,burst,0.22959183673469388,0.288265306122449,0.19387755102040816,0.288265306122449,normal,0.7615261316064217,0.006174986602020113,0.011700700443995972,0.2205981813475618,calibration_shift,0.19294184751868862,0.010555944212338166,0.0018860850547105597,0.7946161232142627
20261234,48,1536,1567,calibration_shift,e3f9b626c640e8777f592a60b1fdeef6f9ac795a1e6cca488099948914a20b34,15e8a841b1467bee9e5f5053faf95172b08e6a2d102158a15c56e4896bc0862b,burst,0.22959183673469388,0.288265306122449,0.19387755102040816,0.288265306122449,calibration_shift,0.1288654252681255,0.22648656047690663,0.02264084724370348,0.6220071670112651,calibration_shift,0.07036572993719185,0.014989250690935839,0.0013370348803160574,0.9133079844915561
20261234,49,1568,1599,calibration_shift,e3f9b626c640e8777f592a60b1fdeef6f9ac795a1e6cca488099948914a20b34,15e8a841b1467bee9e5f5053faf95172b08e6a2d102158a15c56e4896bc0862b,burst,0.22959183673469388,0.288265306122449,0.19387755102040816,0.288265306122449,calibration_shift,0.06855204365324674,0.09024817359466082,0.018005662437414145,0.8231941203146774,calibration_shift,0.01226200322924361,0.00464775767018429,0.0006388999371383135,0.9824513391634337
20261234,50,1600,1631,calibration_shift,e3f9b626c640e8777f592a60b1fdeef6f9ac795a1e6cca488099948914a20b34,15e8a841b1467bee9e5f5053faf95172b08e6a2d102158a15c56e4896bc0862b,burst,0.22959183673469388,0.288265306122449,0.19387755102040816,0.288265306122449,calibration_shift,0.1336597308922563,0.038177653146840594,0.001130813127569514,0.8270318028333342,calibration_shift,0.008664768057114271,0.0011621312615369384,3.099329940574426e-05,0.990142107381943
20261234,51,1632,1663,calibration_shift,e3f9b626c640e8777f592a60b1fdeef6f9ac795a1e6cca488099948914a20b34,15e8a841b1467bee9e5f5053faf95172b08e6a2d102158a15c56e4896bc0862b,burst,0.22959183673469388,0.288265306122449,0.19387755102040816,0.288265306122449,normal,0.6421692642757462,0.06630143878598162,0.04809872517315909,0.24343057176511354,calibration_shift,0.11030466775213536,0.004742110833983135,0.0035268546509921324,0.8814263667628893
20261234,52,1664,1695,calibration_shift,e3f9b626c640e8777f592a60b1fdeef6f9ac795a1e6cca488099948914a20b34,15e8a841b1467bee9e5f5053faf95172b08e6a2d102158a15c56e4896bc0862b,burst,0.22959183673469388,0.288265306122449,0.19387755102040816,0.288265306122449,normal,0.49784843193003303,0.20128649167081006,0.024828482608067453,0.2760365937910883,calibration_shift,0.27430152426472126,0.015963396213044337,0.002405188194748403,0.7073298913274859
20261234,53,1696,1727,calibration_shift,e3f9b626c640e8777f592a60b1fdeef6f9ac795a1e6cca488099948914a20b34,15e8a841b1467bee9e5f5053faf95172b08e6a2d102158a15c56e4896bc0862b,burst,0.22959183673469388,0.288265306122449,0.19387755102040816,0.288265306122449,burst,0.0002681191813827424,0.6112543343937442,0.01531958226373591,0.3731579641611359,calibration_shift,0.00036515124268979505,0.09047016482707221,0.0018503058910048582,0.9073143780392332
20261234,54,1728,1759,calibration_shift,e3f9b626c640e8777f592a60b1fdeef6f9ac795a1e6cca488099948914a20b34,15e8a841b1467bee9e5f5053faf95172b08e6a2d102158a15c56e4896bc0862b,burst,0.22959183673469388,0.288265306122449,0.19387755102040816,0.288265306122449,calibration_shift,0.02811568678286367,0.28834408869422073,0.053832887269533176,0.6297073372533833,calibration_shift,0.0015328848936289011,0.05583954556484148,0.002313982849750032,0.9403135866917797
20261234,55,1760,1791,leakage,e3f9b626c640e8777f592a60b1fdeef6f9ac795a1e6cca488099948914a20b34,15e8a841b1467bee9e5f5053faf95172b08e6a2d102158a15c56e4896bc0862b,burst,0.22959183673469388,0.288265306122449,0.19387755102040816,0.288265306122449,leakage,0.0012746798084465037,0.061097258907514045,0.9364930720409311,0.0011349892431088981,leakage,0.0014427769501341667,0.16001775466855872,0.8045092508203744,0.034030217560932836
20261234,56,1792,1823,leakage,e3f9b626c640e8777f592a60b1fdeef6f9ac795a1e6cca488099948914a20b34,15e8a841b1467bee9e5f5053faf95172b08e6a2d102158a15c56e4896bc0862b,burst,0.22959183673469388,0.288265306122449,0.19387755102040816,0.288265306122449,normal,0.4269881159821814,0.2333921432440255,0.15075841883161917,0.1888613219421734,leakage,0.05449774800760979,0.16832940408604893,0.720575280866292,0.05659756704004928
20261234,57,1824,1855,leakage,e3f9b626c640e8777f592a60b1fdeef6f9ac795a1e6cca488099948914a20b34,15e8a841b1467bee9e5f5053faf95172b08e6a2d102158a15c56e4896bc0862b,burst,0.22959183673469388,0.288265306122449,0.19387755102040816,0.288265306122449,leakage,0.15154317619651975,0.32137409617026635,0.46190086820341086,0.06518185942980169,leakage,0.02840060469322247,0.10497344155472994,0.8556348054815894,0.010991148270458072
20261234,58,1856,1887,leakage,e3f9b626c640e8777f592a60b1fdeef6f9ac795a1e6cca488099948914a20b34,15e8a841b1467bee9e5f5053faf95172b08e6a2d102158a15c56e4896bc0862b,burst,0.22959183673469388,0.288265306122449,0.19387755102040816,0.288265306122449,calibration_shift,0.2684883781930318,0.2685348452121005,0.18412818885184948,0.2788485877430165,leakage,0.06371238373778906,0.11469825442975552,0.7758093913823162,0.04577997045013913
20261234,59,1888,1919,leakage,e3f9b626c640e8777f592a60b1fdeef6f9ac795a1e6cca488099948914a20b34,15e8a841b1467bee9e5f5053faf95172b08e6a2d102158a15c56e4896bc0862b,burst,0.22959183673469388,0.288265306122449,0.19387755102040816,0.288265306122449,calibration_shift,0.06715693992346226,0.43901761934948025,0.04244272398618816,0.45138271674086855,burst,0.05089811314347285,0.38771567061989926,0.31097791093793703,0.25040830529869074
20261234,60,1920,1951,leakage,e3f9b626c640e8777f592a60b1fdeef6f9ac795a1e6cca488099948914a20b34,15e8a841b1467bee9e5f5053faf95172b08e6a2d102158a15c56e4896bc0862b,burst,0.22959183673469388,0.288265306122449,0.19387755102040816,0.288265306122449,leakage,0.10707898383367616,0.329867826279506,0.4924249375558363,0.07062825233098222,leakage,0.02911707521390597,0.32068935468770565,0.6020521297280257,0.0481414403703627
20261234,61,1952,1983,leakage,e3f9b626c640e8777f592a60b1fdeef6f9ac795a1e6cca488099948914a20b34,15e8a841b1467bee9e5f5053faf95172b08e6a2d102158a15c56e4896bc0862b,burst,0.22959183673469388,0.288265306122449,0.19387755102040816,0.288265306122449,burst,0.3015320706779518,0.31142728541951176,0.17953260830698092,0.20750803559555622,leakage,0.07541215414185928,0.33484710703939674,0.5306497895601745,0.059090949258569385
20261234,62,1984,2015,leakage,e3f9b626c640e8777f592a60b1fdeef6f9ac795a1e6cca488099948914a20b34,15e8a841b1467bee9e5f5053faf95172b08e6a2d102158a15c56e4896bc0862b,burst,0.22959183673469388,0.288265306122449,0.19387755102040816,0.288265306122449,normal,0.44999514604183305,0.16492813842661452,0.21139139448421482,0.1736853210473359,leakage,0.20260716641669163,0.18507211416769576,0.5569495629465371,0.055371156469075554
20261234,63,2016,2047,leakage,e3f9b626c640e8777f592a60b1fdeef6f9ac795a1e6cca488099948914a20b34,15e8a841b1467bee9e5f5053faf95172b08e6a2d102158a15c56e4896bc0862b,burst,0.22959183673469388,0.288265306122449,0.19387755102040816,0.288265306122449,leakage,0.087659945714374,0.23706538748267303,0.490063778788774,0.1852108880141796,leakage,0.05041194955612676,0.09680399440239904,0.8183673831124704,0.03441667292900385
20261234,64,2048,2079,leakage,e3f9b626c640e8777f592a60b1fdeef6f9ac795a1e6cca488099948914a20b34,15e8a841b1467bee9e5f5053faf95172b08e6a2d102158a15c56e4896bc0862b,burst,0.22959183673469388,0.288265306122449,0.19387755102040816,0.288265306122449,burst,0.2907149640534409,0.3311412309939973,0.2856501970131659,0.09249360793939565,leakage,0.06961246753524757,0.09502730723571633,0.8188179827177983,0.016542242511237804
20261234,65,2080,2111,leakage,e3f9b626c640e8777f592a60b1fdeef6f9ac795a1e6cca488099948914a20b34,15e8a841b1467bee9e5f5053faf95172b08e6a2d102158a15c56e4896bc0862b,burst,0.22959183673469388,0.288265306122449,0.19387755102040816,0.288265306122449,burst,0.010669093179842366,0.7295021914872134,0.25120212837741107,0.008626586955534712,leakage,0.0033907231874814475,0.22167587414491488,0.7737120562475562,0.0012213464200475895
20261234,66,2112,2143,burst,e3f9b626c640e8777f592a60b1fdeef6f9ac795a1e6cca488099948914a20b34,15e8a841b1467bee9e5f5053faf95172b08e6a2d102158a15c56e4896bc0862b,burst,0.22959183673469388,0.288265306122449,0.19387755102040816,0.288265306122449,leakage,0.05713147444272357,0.41800322284784597,0.465198723774169,0.059666578935262074,leakage,0.0031509744617407315,0.1552726347869582,0.8383436884401131,0.003232702311188113
20261234,67,2144,2175,burst,e3f9b626c640e8777f592a60b1fdeef6f9ac795a1e6cca488099948914a20b34,15e8a841b1467bee9e5f5053faf95172b08e6a2d102158a15c56e4896bc0862b,burst,0.22959183673469388,0.288265306122449,0.19387755102040816,0.288265306122449,burst,0.05603594236334862,0.4887497892744928,0.10647686612817654,0.3487374022339833,leakage,0.008170505694011117,0.3670289241988942,0.5672349764239256,0.05756559368316905
20261234,68,2176,2207,burst,e3f9b626c640e8777f592a60b1fdeef6f9ac795a1e6cca488099948914a20b34,15e8a841b1467bee9e5f5053faf95172b08e6a2d102158a15c56e4896bc0862b,burst,0.22959183673469388,0.288265306122449,0.19387755102040816,0.288265306122449,burst,0.17973874776178758,0.3935236703547366,0.046879235995640714,0.3798583458878363,burst,0.036280464131202006,0.6323617164341753,0.1735199222771352,0.15783789715748753
20261234,69,2208,2239,burst,e3f9b626c640e8777f592a60b1fdeef6f9ac795a1e6cca488099948914a20b34,15e8a841b1467bee9e5f5053faf95172b08e6a2d102158a15c56e4896bc0862b,burst,0.22959183673469388,0.288265306122449,0.19387755102040816,0.288265306122449,burst,0.02552693950120688,0.7454065393234409,0.2170861577801811,0.011980363395171584,burst,0.004358384645315463,0.8703044464327174,0.12113472039055175,0.004202448531415507
20261234,70,2240,2271,burst,e3f9b626c640e8777f592a60b1fdeef6f9ac795a1e6cca488099948914a20b34,15e8a841b1467bee9e5f5053faf95172b08e6a2d102158a15c56e4896bc0862b,burst,0.22959183673469388,0.288265306122449,0.19387755102040816,0.288265306122449,burst,0.25036470897542146,0.5192416465341202,0.18603873430811035,0.0443549101823485,burst,0.020400015972468762,0.8951257933314898,0.08195075247317926,0.002523438222861959
20261234,71,2272,2303,burst,e3f9b626c640e8777f592a60b1fdeef6f9ac795a1e6cca488099948914a20b34,15e8a841b1467bee9e5f5053faf95172b08e6a2d102158a15c56e4896bc0862b,burst,0.22959183673469388,0.288265306122449,0.19387755102040816,0.288265306122449,burst,0.01073285846424454,0.5516513524603005,0.037221609439512776,0.4003941796359412,burst,0.001405662842935774,0.9669257835933073,0.011806762080325918,0.019861791483431097
20261234,72,2304,2335,burst,e3f9b626c640e8777f592a60b1fdeef6f9ac795a1e6cca488099948914a20b34,15e8a841b1467bee9e5f5053faf95172b08e6a2d102158a15c56e4896bc0862b,burst,0.22959183673469388,0.288265306122449,0.19387755102040816,0.288265306122449,burst,0.04937883017847139,0.5420261211133836,0.12741668450063878,0.28117836420750514,burst,0.003117529269333974,0.9637609503146012,0.010531044776218001,0.02259047563984684
20261234,73,2336,2367,burst,e3f9b626c640e8777f592a60b1fdeef6f9ac795a1e6cca488099948914a20b34,15e8a841b1467bee9e5f5053faf95172b08e6a2d102158a15c56e4896bc0862b,burst,0.22959183673469388,0.288265306122449,0.19387755102040816,0.288265306122449,normal,0.3372583988613202,0.2472581072369471,0.19201333067833964,0.22347016322339117,burst,0.04750869330268699,0.8832809031764157,0.03047219993748205,0.0387382035834151
20261234,74,2368,2399,burst,e3f9b626c640e8777f592a60b1fdeef6f9ac795a1e6cca488099948914a20b34,15e8a841b1467bee9e5f5053faf95172b08e6a2d102158a15c56e4896bc0862b,burst,0.22959183673469388,0.288265306122449,0.19387755102040816,0.288265306122449,burst,0.06437516909053033,0.7226369533632699,0.17648497390617526,0.0365029036400254,burst,0.010357495534011484,0.9645009151876304,0.021485186640839992,0.0036564026375182513
20261234,75,2400,2431,burst,e3f9b626c640e8777f592a60b1fdeef6f9ac795a1e6cca488099948914a20b34,15e8a841b1467bee9e5f5053faf95172b08e6a2d102158a15c56e4896bc0862b,burst,0.22959183673469388,0.288265306122449,0.19387755102040816,0.288265306122449,burst,0.12200631685477208,0.6732228706002433,0.08722947906368517,0.11754133348129825,burst,0.00925598390596697,0.9782068190680719,0.008202442122078662,0.004334754903882327
20261234,76,2432,2463,burst,e3f9b626c640e8777f592a60b1fdeef6f9ac795a1e6cca488099948914a20b34,15e8a841b1467bee9e5f5053faf95172b08e6a2d102158a15c56e4896bc0862b,burst,0.22959183673469388,0.288265306122449,0.19387755102040816,0.288265306122449,leakage,0.13190719448563717,0.3643420671531911,0.3895251893726562,0.11422554898851468,burst,0.01670711847158023,0.936597230968893,0.03928675431403155,0.007408896245495298
20261234,77,2464,2495,burst,e3f9b626c640e8777f592a60b1fdeef6f9ac795a1e6cca488099948914a20b34,15e8a841b1467bee9e5f5053faf95172b08e6a2d102158a15c56e4896bc0862b,burst,0.22959183673469388,0.288265306122449,0.19387755102040816,0.288265306122449,leakage,0.12917478908576474,0.3678956540555878,0.430823956492388,0.07210560036625827,burst,0.019966177784032504,0.872888771773671,0.10157466878333231,0.005570381658964306
20261234,78,2496,2527,burst,e3f9b626c640e8777f592a60b1fdeef6f9ac795a1e6cca488099948914a20b34,15e8a841b1467bee9e5f5053faf95172b08e6a2d102158a15c56e4896bc0862b,burst,0.22959183673469388,0.288265306122449,0.19387755102040816,0.288265306122449,calibration_shift,0.036477586286893765,0.403547287692622,0.062297849624854934,0.49767727639562825,burst,0.006358672399590525,0.9225975972680115,0.0314853837607523,0.03955834657164559
20261234,79,2528,2559,burst,e3f9b626c640e8777f592a60b1fdeef6f9ac795a1e6cca488099948914a20b34,15e8a841b1467bee9e5f5053faf95172b08e6a2d102158a15c56e4896bc0862b,burst,0.22959183673469388,0.288265306122449,0.19387755102040816,0.288265306122449,burst,0.22139466340644445,0.4129635137820917,0.16002691298520666,0.20561490982625602,burst,0.023871175879180227,0.912617633284145,0.03068072198387564,0.03283046885279903
20261234,80,2560,2591,burst,e3f9b626c640e8777f592a60b1fdeef6f9ac795a1e6cca488099948914a20b34,15e8a841b1467bee9e5f5053faf95172b08e6a2d102158a15c56e4896bc0862b,burst,0.22959183673469388,0.288265306122449,0.19387755102040816,0.288265306122449,burst,0.08208316083431928,0.5830647001561355,0.21608372576383353,0.11876841324571105,burst,0.01059710991272721,0.946186924682021,0.030617501492055207,0.012598463913196727
20261234,81,2592,2623,burst,e3f9b626c640e8777f592a60b1fdeef6f9ac795a1e6cca488099948914a20b34,15e8a841b1467bee9e5f5053faf95172b08e6a2d102158a15c56e4896bc0862b,burst,0.22959183673469388,0.288265306122449,0.19387755102040816,0.288265306122449,burst,0.062355554347247114,0.5038901759155319,0.3414897598033717,0.09226450993384806,burst,0.006280339639153485,0.9346803857290096,0.052445597194815924,0.0065936774370209785
20261234,82,2624,2655,burst,e3f9b626c640e8777f592a60b1fdeef6f9ac795a1e6cca488099948914a20b34,15e8a841b1467bee9e5f5053faf95172b08e6a2d102158a15c56e4896bc0862b,burst,0.22959183673469388,0.288265306122449,0.19387755102040816,0.288265306122449,normal,0.7937766679583773,0.07158689607657245,0.05664484272476343,0.07799159324028644,burst,0.31636533504597114,0.6043960885302188,0.058279539962306434,0.02095903646150361
20261234,83,2656,2687,burst,e3f9b626c640e8777f592a60b1fdeef6f9ac795a1e6cca488099948914a20b34,15e8a841b1467bee9e5f5053faf95172b08e6a2d102158a15c56e4896bc0862b,burst,0.22959183673469388,0.288265306122449,0.19387755102040816,0.288265306122449,calibration_shift,0.16810626460663458,0.307411118161938,0.016060768739352218,0.5084218484920761,burst,0.25854521282860454,0.6487336020950695,0.0073974101773203165,0.08532377489900568
20261234,84,2688,2719,burst,e3f9b626c640e8777f592a60b1fdeef6f9ac795a1e6cca488099948914a20b34,15e8a841b1467bee9e5f5053faf95172b08e6a2d102158a15c56e4896bc0862b,burst,0.22959183673469388,0.288265306122449,0.19387755102040816,0.288265306122449,burst,0.1460910876118988,0.6264390372875592,0.06637645511551306,0.1610934199850278,burst,0.11306860273966517,0.843114733495346,0.0063024688672920805,0.03751419489769661
20261234,85,2720,2751,burst,e3f9b626c640e8777f592a60b1fdeef6f9ac795a1e6cca488099948914a20b34,15e8a841b1467bee9e5f5053faf95172b08e6a2d102158a15c56e4896bc0862b,burst,0.22959183673469388,0.288265306122449,0.19387755102040816,0.288265306122449,burst,0.06974928138012512,0.6103060934521877,0.2527363087540888,0.06720831641359692,burst,0.024838257621017823,0.9487814636756191,0.018460422158187082,0.007919856545176133
20261234,86,2752,2783,burst,e3f9b626c640e8777f592a60b1fdeef6f9ac795a1e6cca488099948914a20b34,15e8a841b1467bee9e5f5053faf95172b08e6a2d102158a15c56e4896bc0862b,burst,0.22959183673469388,0.288265306122449,0.19387755102040816,0.288265306122449,burst,0.10147605053457556,0.47972309064446866,0.20202722446689492,0.21677363435405975,burst,0.01538411474568317,0.9465258707371038,0.024428858912841512,0.013661155604371391
20261234,87,2784,2815,burst,e3f9b626c640e8777f592a60b1fdeef6f9ac795a1e6cca488099948914a20b34,15e8a841b1467bee9e5f5053faf95172b08e6a2d102158a15c56e4896bc0862b,burst,0.22959183673469388,0.288265306122449,0.19387755102040816,0.288265306122449,normal,0.3252073855780081,0.25819787002813144,0.1559062823738964,0.2606884620199638,burst,0.06751359266658752,0.8606250070927729,0.037416699817005336,0.03444470042363424
20261234,88,2816,2847,burst,e3f9b626c640e8777f592a60b1fdeef6f9ac795a1e6cca488099948914a20b34,15e8a841b1467bee9e5f5053faf95172b08e6a2d102158a15c56e4896bc0862b,burst,0.22959183673469388,0.288265306122449,0.19387755102040816,0.288265306122449,calibration_shift,0.17432167030374832,0.24800604053641387,0.09358370557087183,0.48408858358896706,burst,0.0845984671383301,0.7746622810691612,0.0315643930283636,0.1091748587641451
20261234,89,2848,2879,calibration_shift,e3f9b626c640e8777f592a60b1fdeef6f9ac795a1e6cca488099948914a20b34,15e8a841b1467bee9e5f5053faf95172b08e6a2d102158a15c56e4896bc0862b,burst,0.22959183673469388,0.288265306122449,0.19387755102040816,0.288265306122449,calibration_shift,0.1684207757651077,0.015558577906203746,0.005906254445873956,0.8101143918828156,calibration_shift,0.17520570861128154,0.07970946126242721,0.003298957900873741,0.7417858722254175
20261234,90,2880,2911,calibration_shift,e3f9b626c640e8777f592a60b1fdeef6f9ac795a1e6cca488099948914a20b34,15e8a841b1467bee9e5f5053faf95172b08e6a2d102158a15c56e4896bc0862b,burst,0.22959183673469388,0.288265306122449,0.19387755102040816,0.288265306122449,calibration_shift,0.1820928016322574,0.27011318326714057,0.15802772648410676,0.3897662886164957,calibration_shift,0.13317245784081322,0.07938431029298433,0.015112481495125724,0.7723307503710767
20261234,91,2912,2943,calibration_shift,e3f9b626c640e8777f592a60b1fdeef6f9ac795a1e6cca488099948914a20b34,15e8a841b1467bee9e5f5053faf95172b08e6a2d102158a15c56e4896bc0862b,burst,0.22959183673469388,0.288265306122449,0.19387755102040816,0.288265306122449,calibration_shift,0.05208638429800547,0.015135093907990975,0.002813715544246747,0.9299648062497552,calibration_shift,0.01570230651079676,0.002265515220331052,0.0002218335004005426,0.9818103447684717
20261234,92,2944,2975,calibration_shift,e3f9b626c640e8777f592a60b1fdeef6f9ac795a1e6cca488099948914a20b34,15e8a841b1467bee9e5f5053faf95172b08e6a2d102158a15c56e4896bc0862b,burst,0.22959183673469388,0.288265306122449,0.19387755102040816,0.288265306122449,leakage,0.01973591964826453,0.3050784071360047,0.5644825698062284,0.11070310340950151,calibration_shift,0.008984680422712584,0.05132654487168973,0.09351455655848556,0.8461742181471121
20261234,93,2976,3007,calibration_shift,e3f9b626c640e8777f592a60b1fdeef6f9ac795a1e6cca488099948914a20b34,15e8a841b1467bee9e5f5053faf95172b08e6a2d102158a15c56e4896bc0862b,burst,0.22959183673469388,0.288265306122449,0.19387755102040816,0.288265306122449,calibration_shift,0.02733219034388987,0.2924198759913003,0.02227597944473564,0.6579719542200739,calibration_shift,0.0023628882789910413,0.0394171904355144,0.006843352911973736,0.9513765683735207
20261234,94,3008,3039,calibration_shift,e3f9b626c640e8777f592a60b1fdeef6f9ac795a1e6cca488099948914a20b34,15e8a841b1467bee9e5f5053faf95172b08e6a2d102158a15c56e4896bc0862b,burst,0.22959183673469388,0.288265306122449,0.19387755102040816,0.288265306122449,normal,0.6318405906519459,0.09350868172379882,0.022396678264793815,0.2522540493594616,calibration_shift,0.08676010584883326,0.022465087623605547,0.0030039396661493433,0.8877708668614119
20261234,95,3040,3071,calibration_shift,e3f9b626c640e8777f592a60b1fdeef6f9ac795a1e6cca488099948914a20b34,15e8a841b1467bee9e5f5053faf95172b08e6a2d102158a15c56e4896bc0862b,burst,0.22959183673469388,0.288265306122449,0.19387755102040816,0.288265306122449,calibration_shift,0.06306176363818174,0.40520874323007994,0.029484299987269976,0.5022451931444697,calibration_shift,0.02106412318041413,0.041174071420198174,0.001970851633862235,0.9357909537655256
20261234,96,3072,3103,calibration_shift,e3f9b626c640e8777f592a60b1fdeef6f9ac795a1e6cca488099948914a20b34,15e8a841b1467bee9e5f5053faf95172b08e6a2d102158a15c56e4896bc0862b,burst,0.22959183673469388,0.288265306122449,0.19387755102040816,0.288265306122449,calibration_shift,0.016327609798929943,0.3036139357352699,0.044032226510491344,0.6360262279553095,calibration_shift,0.0018028063589092108,0.033123134013409876,0.0019363039774551007,0.9631377556502259
20261234,97,3104,3135,calibration_shift,e3f9b626c640e8777f592a60b1fdeef6f9ac795a1e6cca488099948914a20b34,15e8a841b1467bee9e5f5053faf95172b08e6a2d102158a15c56e4896bc0862b,burst,0.22959183673469388,0.288265306122449,0.19387755102040816,0.288265306122449,calibration_shift,0.10469506999554086,0.15599144666969306,0.010793529210569858,0.7285199541241951,calibration_shift,0.005209565439542477,0.012644082906508477,0.00038879052798473235,0.9817575611259645
20261234,98,3136,3167,calibration_shift,e3f9b626c640e8777f592a60b1fdeef6f9ac795a1e6cca488099948914a20b34,15e8a841b1467bee9e5f5053faf95172b08e6a2d102158a15c56e4896bc0862b,burst,0.22959183673469388,0.288265306122449,0.19387755102040816,0.288265306122449,calibration_shift,0.0024873341952813184,0.02645372146971491,0.0026914942169334244,0.9683674501180695,calibration_shift,0.0001085716827102707,0.0009682522025401588,6.085690155990228e-05,0.9988623192131898
20261234,99,3168,3199,calibration_shift,e3f9b626c640e8777f592a60b1fdeef6f9ac795a1e6cca488099948914a20b34,15e8a841b1467bee9e5f5053faf95172b08e6a2d102158a15c56e4896bc0862b,burst,0.22959183673469388,0.288265306122449,0.19387755102040816,0.288265306122449,calibration_shift,0.062280731263180435,0.13233024846528382,0.01379100602675632,0.7915980142447797,calibration_shift,0.002337053010094555,0.003128411729016304,0.0003380694469121377,0.994196465813977
20261234,100,3200,3231,calibration_shift,e3f9b626c640e8777f592a60b1fdeef6f9ac795a1e6cca488099948914a20b34,15e8a841b1467bee9e5f5053faf95172b08e6a2d102158a15c56e4896bc0862b,burst,0.22959183673469388,0.288265306122449,0.19387755102040816,0.288265306122449,calibration_shift,0.042192965462995065,0.1798035801122082,0.07145840238050509,0.7065450520442917,calibration_shift,0.002112813727366825,0.00567737045756827,0.002099922728670239,0.9901098930863946
20261234,101,3232,3263,calibration_shift,e3f9b626c640e8777f592a60b1fdeef6f9ac795a1e6cca488099948914a20b34,15e8a841b1467bee9e5f5053faf95172b08e6a2d102158a15c56e4896bc0862b,burst,0.22959183673469388,0.288265306122449,0.19387755102040816,0.288265306122449,calibration_shift,0.07288055930690045,0.24074263892318154,0.029687368535050284,0.6566894332348688,calibration_shift,0.003899700806348678,0.009495098176247893,0.0011490920146823534,0.9854561090027211
20261234,102,3264,3295,calibration_shift,e3f9b626c640e8777f592a60b1fdeef6f9ac795a1e6cca488099948914a20b34,15e8a841b1467bee9e5f5053faf95172b08e6a2d102158a15c56e4896bc0862b,burst,0.22959183673469388,0.288265306122449,0.19387755102040816,0.288265306122449,calibration_shift,0.09603586417095943,0.07491066897406776,0.0029067083059720502,0.8261467585490021,calibration_shift,0.004568320267318067,0.002828664739665809,8.320416439586176e-05,0.9925198108286203
20261234,103,3296,3327,calibration_shift,e3f9b626c640e8777f592a60b1fdeef6f9ac795a1e6cca488099948914a20b34,15e8a841b1467bee9e5f5053faf95172b08e6a2d102158a15c56e4896bc0862b,burst,0.22959183673469388,0.288265306122449,0.19387755102040816,0.288265306122449,calibration_shift,0.019891774699351196,0.3480465399286728,0.03298984798385237,0.5990718373881248,calibration_shift,0.0013133437786500468,0.012710933173464948,0.001098000236912579,0.9848777228109723
20261234,104,3328,3359,calibration_shift,e3f9b626c640e8777f592a60b1fdeef6f9ac795a1e6cca488099948914a20b34,15e8a841b1467bee9e5f5053faf95172b08e6a2d102158a15c56e4896bc0862b,burst,0.22959183673469388,0.288265306122449,0.19387755102040816,0.288265306122449,calibration_shift,0.18514753832468206,0.16259002887589452,0.009318652557354588,0.6429437802420673,calibration_shift,0.009691308812542326,0.008754920587690248,0.0003350848710819703,0.9812186857286853
20261234,105,3360,3391,calibration_shift,e3f9b626c640e8777f592a60b1fdeef6f9ac795a1e6cca488099948914a20b34,15e8a841b1467bee9e5f5053faf95172b08e6a2d102158a15c56e4896bc0862b,burst,0.22959183673469388,0.288265306122449,0.19387755102040816,0.288265306122449,calibration_shift,0.41064078670215054,0.08834832486326702,0.014002485606232165,0.48700840282834995,calibration_shift,0.04029537220957669,0.005333435478875934,0.000601981438604439,0.953769210872943
20261234,106,3392,3423,leakage,e3f9b626c640e8777f592a60b1fdeef6f9ac795a1e6cca488099948914a20b34,15e8a841b1467bee9e5f5053faf95172b08e6a2d102158a15c56e4896bc0862b,burst,0.22959183673469388,0.288265306122449,0.19387755102040816,0.288265306122449,burst,0.0185560358499727,0.47305818610773687,0.42461915901548714,0.08376661902680287,calibration_shift,0.01688017401462987,0.12094950776382793,0.0966014135202276,0.7655689047013147
20261234,107,3424,3455,leakage,e3f9b626c640e8777f592a60b1fdeef6f9ac795a1e6cca488099948914a20b34,15e8a841b1467bee9e5f5053faf95172b08e6a2d102158a15c56e4896bc0862b,burst,0.22959183673469388,0.288265306122449,0.19387755102040816,0.288265306122449,burst,0.03473726699923289,0.5852517056749729,0.10325160977708413,0.27675941754870914,calibration_shift,0.006951985210268166,0.2723469498473415,0.05961053113706032,0.66109053380533
20261234,108,3456,3487,leakage,e3f9b626c640e8777f592a60b1fdeef6f9ac795a1e6cca488099948914a20b34,15e8a841b1467bee9e5f5053faf95172b08e6a2d102158a15c56e4896bc0862b,burst,0.22959183673469388,0.288265306122449,0.19387755102040816,0.288265306122449,calibration_shift,0.03487978186141316,0.34966623093862564,0.25415510736872743,0.3612988798312346,calibration_shift,0.004532116352223392,0.2733946972357154,0.08545548868913719,0.636617697722924
20261234,109,3488,3519,leakage,e3f9b626c640e8777f592a60b1fdeef6f9ac795a1e6cca488099948914a20b34,15e8a841b1467bee9e5f5053faf95172b08e6a2d102158a15c56e4896bc0862b,burst,0.22959183673469388,0.288265306122449,0.19387755102040816,0.288265306122449,burst,0.03913162372932195,0.675668419655278,0.11491186513437915,0.17028809148102214,burst,0.005319073925805858,0.6053299948483242,0.0581806731951829,0.331170258030687
20261234,110,3520,3551,leakage,e3f9b626c640e8777f592a60b1fdeef6f9ac795a1e6cca488099948914a20b34,15e8a841b1467bee9e5f5053faf95172b08e6a2d102158a15c56e4896bc0862b,burst,0.22959183673469388,0.288265306122449,0.19387755102040816,0.288265306122449,burst,0.034552759414929454,0.6613957145560098,0.11089098978354296,0.19316053624551782,burst,0.0032834502320459712,0.8283881253582357,0.028350468946630163,0.13997795546308806
20261234,111,3552,3583,leakage,e3f9b626c640e8777f592a60b1fdeef6f9ac795a1e6cca488099948914a20b34,15e8a841b1467bee9e5f5053faf95172b08e6a2d102158a15c56e4896bc0862b,burst,0.22959183673469388,0.288265306122449,0.19387755102040816,0.288265306122449,calibration_shift,0.05802183944128331,0.40856134273911954,0.07807747391440721,0.4553393439051892,burst,0.0055972536089697,0.7992250708529041,0.013911685030531192,0.18126599050759507
20261234,112,3584,3615,leakage,e3f9b626c640e8777f592a60b1fdeef6f9ac795a1e6cca488099948914a20b34,15e8a841b1467bee9e5f5053faf95172b08e6a2d102158a15c56e4896bc0862b,burst,0.22959183673469388,0.288265306122449,0.19387755102040816,0.288265306122449,burst,0.2537361518380395,0.4069051967336535,0.20528644291828707,0.1340722085100185,burst,0.03063914674147573,0.8671429849462786,0.02781924120296326,0.07439862710928233
20261234,113,3616,3647,leakage,e3f9b626c640e8777f592a60b1fdeef6f9ac795a1e6cca488099948914a20b34,15e8a841b1467bee9e5f5053faf95172b08e6a2d102158a15c56e4896bc0862b,burst,0.22959183673469388,0.288265306122449,0.19387755102040816,0.288265306122449,leakage,0.0013278396315508452,0.031164864245987148,0.9620694366636005,0.005437859458859883,leakage,0.0011003495813802454,0.2687217163761885,0.7245962451917863,0.005581688850644968
20261234,114,3648,3679,leakage,e3f9b626c640e8777f592a60b1fdeef6f9ac795a1e6cca488099948914a20b34,15e8a841b1467bee9e5f5053faf95172b08e6a2d102158a15c56e4896bc0862b,burst,0.22959183673469388,0.288265306122449,0.19387755102040816,0.288265306122449,leakage,0.008520948257853784,0.17984408858556034,0.8043296427875544,0.007305320369031358,leakage,0.0002910486408318183,0.05487455836298497,0.9445115752469984,0.00032281774918493114
20261234,115,3680,3711,leakage,e3f9b626c640e8777f592a60b1fdeef6f9ac795a1e6cca488099948914a20b34,15e8a841b1467bee9e5f5053faf95172b08e6a2d102158a15c56e4896bc0862b,burst,0.22959183673469388,0.288265306122449,0.19387755102040816,0.288265306122449,leakage,0.0017069487382523,0.1449878452871756,0.8481945607442636,0.005110645230310278,leakage,3.695384895688979e-05,0.0095066210353293,0.9903114550973809,0.00014497001833290395
20261234,116,3712,3743,leakage,e3f9b626c640e8777f592a60b1fdeef6f9ac795a1e6cca488099948914a20b34,15e8a841b1467bee9e5f5053faf95172b08e6a2d102158a15c56e4896bc0862b,burst,0.22959183673469388,0.288265306122449,0.19387755102040816,0.288265306122449,burst,0.12441634986079678,0.4220386791968026,0.24253357474239165,0.21101139620000753,leakage,0.007801285075752383,0.034250403039709755,0.9393159462874088,0.018632365597129233
20261234,117,3744,3775,leakage,e3f9b626c640e8777f592a60b1fdeef6f9ac795a1e6cca488099948914a20b34,15e8a841b1467bee9e5f5053faf95172b08e6a2d102158a15c56e4896bc0862b,burst,0.22959183673469388,0.288265306122449,0.19387755102040816,0.288265306122449,leakage,0.002154758213974227,0.04524225103778038,0.9382295847616082,0.014373405986638397,leakage,6.626029497760025e-05,0.002024159334429398,0.9972624830930588,0.0006470972775342575
20261234,118,3776,3807,leakage,e3f9b626c640e8777f592a60b1fdeef6f9ac795a1e6cca488099948914a20b34,15e8a841b1467bee9e5f5053faf95172b08e6a2d102158a15c56e4896bc0862b,burst,0.22959183673469388,0.288265306122449,0.19387755102040816,0.288265306122449,leakage,0.001660203235919579,0.34970751913593273,0.6419703883671475,0.00666188926099865,leakage,4.0879511096047286e-05,0.007714689058529401,0.9920040265964507,0.0002404048339236595
20261234,119,3808,3839,leakage,e3f9b626c640e8777f592a60b1fdeef6f9ac795a1e6cca488099948914a20b34,15e8a841b1467bee9e5f5053faf95172b08e6a2d102158a15c56e4896bc0862b,burst,0.22959183673469388,0.288265306122449,0.19387755102040816,0.288265306122449,burst,0.27461089080647977,0.4882853205502683,0.0897438116286386,0.147359977014615,leakage,0.041372911334575595,0.0887478881981552,0.83833054439315,0.031548656074119136
20261234,120,3840,3871,leakage,e3f9b626c640e8777f592a60b1fdeef6f9ac795a1e6cca488099948914a20b34,15e8a841b1467bee9e5f5053faf95172b08e6a2d102158a15c56e4896bc0862b,burst,0.22959183673469388,0.288265306122449,0.19387755102040816,0.288265306122449,leakage,0.14449455736636876,0.34516159688176895,0.37384500601965015,0.1364988397322122,leakage,0.024500261557959556,0.07444173610108423,0.8821824020432502,0.018875600297705884
20261234,121,3872,3903,normal,e3f9b626c640e8777f592a60b1fdeef6f9ac795a1e6cca488099948914a20b34,15e8a841b1467bee9e5f5053faf95172b08e6a2d102158a15c56e4896bc0862b,burst,0.22959183673469388,0.288265306122449,0.19387755102040816,0.288265306122449,normal,0.9473984555850785,0.019125860631511785,0.009005708871088718,0.024469974912321012,normal,0.8047848279203661,0.024507951827470967,0.15204921058766455,0.018658009664498612
20261234,122,3904,3935,normal,e3f9b626c640e8777f592a60b1fdeef6f9ac795a1e6cca488099948914a20b34,15e8a841b1467bee9e5f5053faf95172b08e6a2d102158a15c56e4896bc0862b,burst,0.22959183673469388,0.288265306122449,0.19387755102040816,0.288265306122449,normal,0.6569362701217109,0.2745398880178523,0.03964754730482389,0.028876294555614607,normal,0.9602429956211936,0.02163308280858132,0.016224462825660958,0.00189945874456397
20261234,123,3936,3967,normal,e3f9b626c640e8777f592a60b1fdeef6f9ac795a1e6cca488099948914a20b34,15e8a841b1467bee9e5f5053faf95172b08e6a2d102158a15c56e4896bc0862b,burst,0.22959183673469388,0.288265306122449,0.19387755102040816,0.288265306122449,normal,0.3695972373512357,0.35769851293151445,0.04380600366067631,0.22889824605657216,normal,0.9456686377273361,0.03805352929358868,0.006530307849379908,0.009747525129695386
20261234,124,3968,3999,normal,e3f9b626c640e8777f592a60b1fdeef6f9ac795a1e6cca488099948914a20b34,15e8a841b1467bee9e5f5053faf95172b08e6a2d102158a15c56e4896bc0862b,burst,0.22959183673469388,0.288265306122449,0.19387755102040816,0.288265306122449,normal,0.49903231846479873,0.06331350231210683,0.054069385171780907,0.3835847940513132,normal,0.969566074825981,0.007027387673992906,0.004593052658357658,0.018813484841668438
20261234,125,4000,4031,normal,e3f9b626c640e8777f592a60b1fdeef6f9ac795a1e6cca488099948914a20b34,15e8a841b1467bee9e5f5053faf95172b08e6a2d102158a15c56e4896bc0862b,burst,0.22959183673469388,0.288265306122449,0.19387755102040816,0.288265306122449,normal,0.5463208973207225,0.18705805792519822,0.04651783631516924,0.2201032084389084,normal,0.9749448739215812,0.009031973932796589,0.003256129958461982,0.012767022187160006
20261234,126,4032,4063,normal,e3f9b626c640e8777f592a60b1fdeef6f9ac795a1e6cca488099948914a20b34,15e8a841b1467bee9e5f5053faf95172b08e6a2d102158a15c56e4896bc0862b,burst,0.22959183673469388,0.288265306122449,0.19387755102040816,0.288265306122449,normal,0.5807041790329431,0.2692691166822698,0.025903169218793123,0.12412353506599419,normal,0.9796882078670335,0.01311618271119603,0.0015972987428883526,0.005598310678882047
20261234,127,4064,4095,normal,e3f9b626c640e8777f592a60b1fdeef6f9ac795a1e6cca488099948914a20b34,15e8a841b1467bee9e5f5053faf95172b08e6a2d102158a15c56e4896bc0862b,burst,0.22959183673469388,0.288265306122449,0.19387755102040816,0.288265306122449,burst,0.38240682970960116,0.3982698319811083,0.1398573559128126,0.07946598239647752,normal,0.9522954400418093,0.032322625236283126,0.011510063256924311,0.003871871464983512
20261235,0,0,31,calibration_shift,ae2c30fa10850c7d859e9d441e1e76f5a1946a0dd33a86764a2e430a59cef714,849544dd157f3158d43bdfc43440a86fac201ecf637e2258867d20b1c52a816e,burst,0.22959183673469388,0.288265306122449,0.19387755102040816,0.288265306122449,calibration_shift,0.3357296808801926,0.07265279364384944,0.021209757650745408,0.5704077678252125,calibration_shift,0.2977463694194342,0.07424989397949895,0.033235154311197695,0.5947685822898691
20261235,1,32,63,calibration_shift,ae2c30fa10850c7d859e9d441e1e76f5a1946a0dd33a86764a2e430a59cef714,849544dd157f3158d43bdfc43440a86fac201ecf637e2258867d20b1c52a816e,burst,0.22959183673469388,0.288265306122449,0.19387755102040816,0.288265306122449,burst,0.016894791119039965,0.480744222699581,0.09968161631953092,0.4026793698618465,calibration_shift,0.023235211111077694,0.1649204678122514,0.03004655979644207,0.7817977612802289
20261235,2,64,95,calibration_shift,ae2c30fa10850c7d859e9d441e1e76f5a1946a0dd33a86764a2e430a59cef714,849544dd157f3158d43bdfc43440a86fac201ecf637e2258867d20b1c52a816e,burst,0.22959183673469388,0.288265306122449,0.19387755102040816,0.288265306122449,calibration_shift,0.24561904180982394,0.32060993638659246,0.04932026792741178,0.38445075387617217,calibration_shift,0.047140869401266244,0.16063231676683074,0.010241390070613613,0.7819854237612894
20261235,3,96,127,calibration_shift,ae2c30fa10850c7d859e9d441e1e76f5a1946a0dd33a86764a2e430a59cef714,849544dd157f3158d43bdfc43440a86fac201ecf637e2258867d20b1c52a816e,burst,0.22959183673469388,0.288265306122449,0.19387755102040816,0.288265306122449,calibration_shift,0.055310570566286806,0.24777743902758756,0.012219498445533272,0.684692491960594,calibration_shift,0.010102415289555942,0.07949445611746254,0.0009614258027865033,0.909441702790195
20261235,4,128,159,calibration_shift,ae2c30fa10850c7d859e9d441e1e76f5a1946a0dd33a86764a2e430a59cef714,849544dd157f3158d43bdfc43440a86fac201ecf637e2258867d20b1c52a816e,burst,0.22959183673469388,0.288265306122449,0.19387755102040816,0.288265306122449,calibration_shift,0.09546987179771511,0.011088587604173817,0.0015296322357548871,0.8919119083623579,calibration_shift,0.006037537527719908,0.0014512870264877767,4.589477757296013e-05,0.9924652806682193
20261235,5,160,191,calibration_shift,ae2c30fa10850c7d859e9d441e1e76f5a1946a0dd33a86764a2e430a59cef714,849544dd157f3158d43bdfc43440a86fac201ecf637e2258867d20b1c52a816e,burst,0.22959183673469388,0.288265306122449,0.19387755102040816,0.288265306122449,calibration_shift,0.1822817316878423,0.3447914722826604,0.053929634846839686,0.41899716118265673,calibration_shift,0.017926172639203528,0.015940732170470245,0.0024956226228023434,0.963637472567524
20261235,6,192,223,calibration_shift,ae2c30fa10850c7d859e9d441e1e76f5a1946a0dd33a86764a2e430a59cef714,849544dd157f3158d43bdfc43440a86fac201ecf637e2258867d20b1c52a816e,burst,0.22959183673469388,0.288265306122449,0.19387755102040816,0.288265306122449,calibration_shift,0.008123164986405427,0.005179961392810135,0.001099632302331089,0.9855972413184538,calibration_shift,0.0005360596917882345,0.0002143243056608539,3.212070319774189e-05,0.9992174952993531
20261235,7,224,255,calibration_shift,ae2c30fa10850c7d859e9d441e1e76f5a1946a0dd33a86764a2e430a59cef714,849544dd157f3158d43bdfc43440a86fac201ecf637e2258867d20b1c52a816e,burst,0.22959183673469388,0.288265306122449,0.19387755102040816,0.288265306122449,calibration_shift,0.2580811915973952,0.1159481300918481,0.00857132576903829,0.6173993525417172,calibration_shift,0.012794432211789497,0.0032037425166470336,0.0002647638282482425,0.9837370614433153
20261235,8,256,287,calibration_shift,ae2c30fa10850c7d859e9d441e1e76f5a1946a0dd33a86764a2e430a59cef714,849544dd157f3158d43bdfc43440a86fac201ecf637e2258867d20b1c52a816e,burst,0.22959183673469388,0.288265306122449,0.19387755102040816,0.288265306122449,calibration_shift,0.05325852051618581,0.29863404081458056,0.04376372861160122,0.6043437100576312,calibration_shift,0.004746821161204415,0.0113146087991232,0.001540847818542043,0.9823977222211304
20261235,9,288,319,calibration_shift,ae2c30fa10850c7d859e9d441e1e76f5a1946a0dd33a86764a2e430a59cef714,849544dd157f3158d43bdfc43440a86fac201ecf637e2258867d20b1c52a816e,burst,0.22959183673469388,0.288265306122449,0.19387755102040816,0.288265306122449,calibration_shift,0.14885374636788606,0.3840661854927398,0.03451197496884888,0.4325680931705266,calibration_shift,0.013630682258453515,0.028739207871976154,0.0019079945013809063,0.9557221153681894
20261235,10,320,351,calibration_shift,ae2c30fa10850c7d859e9d441e1e76f5a1946a0dd33a86764a2e430a59cef714,849544dd157f3158d43bdfc43440a86fac201ecf637e2258867d20b1c52a816e,burst,0.22959183673469388,0.288265306122449,0.19387755102040816,0.288265306122449,calibration_shift,0.07347727886009375,0.01767087081240247,0.0042841309492662625,0.9045677193782363,calibration_shift,0.0047636304478780415,0.001090196945666739,0.00013013041182871588,0.9940160421946265
20261235,11,352,383,calibration_shift,ae2c30fa10850c7d859e9d441e1e76f5a1946a0dd33a86764a2e430a59cef714,849544dd157f3158d43bdfc43440a86fac201ecf637e2258867d20b1c52a816e,burst,0.22959183673469388,0.288265306122449,0.19387755102040816,0.288265306122449,calibration_shift,0.1028398001125301,0.3675724996368639,0.01268711739895354,0.516900582851654,calibration_shift,0.007851708051884199,0.013496960495463764,0.00048838358368718,0.978162947868965
20261235,12,384,415,calibration_shift,ae2c30fa10850c7d859e9d441e1e76f5a1946a0dd33a86764a2e430a59cef714,849544dd157f3158d43bdfc43440a86fac201ecf637e2258867d20b1c52a816e,burst,0.22959183673469388,0.288265306122449,0.19387755102040816,0.288265306122449,normal,0.5611891088040678,0.14457755234804218,0.03664516345377792,0.2575881753941132,calibration_shift,0.09143646082711532,0.018320342198314892,0.0028431324904583644,0.8874000644841116
20261235,13,416,447,calibration_shift,ae2c30fa10850c7d859e9d441e1e76f5a1946a0dd33a86764a2e430a59cef714,849544dd157f3158d43bdfc43440a86fac201ecf637e2258867d20b1c52a816e,burst,0.22959183673469388,0.288265306122449,0.19387755102040816,0.288265306122449,calibration_shift,0.23199627281636484,0.21477244605377954,0.06263663029191359,0.4905946508379405,calibration_shift,0.07902460713772338,0.019370911832498634,0.0040747633243817015,0.8975297177053962
20261235,14,448,479,calibration_shift,ae2c30fa10850c7d859e9d441e1e76f5a1946a0dd33a86764a2e430a59cef714,849544dd157f3158d43bdfc43440a86fac201ecf637e2258867d20b1c52a816e,burst,0.22959183673469388,0.288265306122449,0.19387755102040816,0.288265306122449,calibration_shift,0.06249178297944777,0.03672426140155198,0.01379847815706282,0.8869854774619377,calibration_shift,0.011513625948228714,0.0020368729321596874,0.0005787603308631122,0.9858707407887486
20261235,15,480,511,calibration_shift,ae2c30fa10850c7d859e9d441e1e76f5a1946a0dd33a86764a2e430a59cef714,849544dd157f3158d43bdfc43440a86fac201ecf637e2258867d20b1c52a816e,burst,0.22959183673469388,0.288265306122449,0.19387755102040816,0.288265306122449,burst,0.005335586788167354,0.5033736815475655,0.14036628064346035,0.35092445102080744,calibration_shift,0.0007679649424564743,0.029560647838110667,0.008644652837124466,0.9610267343823083
20261235,16,512,543,calibration_shift,ae2c30fa10850c7d859e9d441e1e76f5a1946a0dd33a86764a2e430a59cef714,849544dd157f3158d43bdfc43440a86fac201ecf637e2258867d20b1c52a816e,burst,0.22959183673469388,0.288265306122449,0.19387755102040816,0.288265306122449,calibration_shift,0.0139757298641933,0.23742182262010864,0.03613933246573778,0.712463115049961,calibration_shift,0.0006651239354920333,0.018391446194844917,0.002035481505310429,0.9789079483643526
20261235,17,544,575,calibration_shift,ae2c30fa10850c7d859e9d441e1e76f5a1946a0dd33a86764a2e430a59cef714,849544dd157f3158d43bdfc43440a86fac201ecf637e2258867d20b1c52a816e,burst,0.22959183673469388,0.288265306122449,0.19387755102040816,0.288265306122449,burst,0.1739029927721383,0.5123996771567156,0.036509197304069346,0.2771881327670779,calibration_shift,0.018857090028387962,0.07093512510031606,0.0031211211310423286,0.9070866637402536
20261235,18,576,607,burst,ae2c30fa10850c7d859e9d441e1e76f5a1946a0dd33a86764a2e430a59cef714,849544dd157f3158d43bdfc43440a86fac201ecf637e2258867d20b1c52a816e,burst,0.22959183673469388,0.288265306122449,0.19387755102040816,0.288265306122449,burst,0.22859701256798384,0.5023940861151952,0.16422016789276173,0.10478873342405833,calibration_shift,0.09107904271034079,0.30106761025331213,0.030034692633256903,0.5778186544030902
20261235,19,608,639,burst,ae2c30fa10850c7d859e9d441e1e76f5a1946a0dd33a86764a2e430a59cef714,849544dd157f3158d43bdfc43440a86fac201ecf637e2258867d20b1c52a816e,burst,0.22959183673469388,0.288265306122449,0.19387755102040816,0.288265306122449,burst,0.35752240503623106,0.4613745766983076,0.11721560867519341,0.06388740959026691,burst,0.2329226113837799,0.5833570314213932,0.037967626774481164,0.1457527304203456
20261235,20,640,671,burst,ae2c30fa10850c7d859e9d441e1e76f5a1946a0dd33a86764a2e430a59cef714,849544dd157f3158d43bdfc43440a86fac201ecf637e2258867d20b1c52a816e,burst,0.22959183673469388,0.288265306122449,0.19387755102040816,0.288265306122449,burst,0.070749566272947,0.5056038497943292,0.07542388414959196,0.3482226997831325,burst,0.06230609515179715,0.7634309580984147,0.0191992145969605,0.15506373215282768
20261235,21,672,703,burst,ae2c30fa10850c7d859e9d441e1e76f5a1946a0dd33a86764a2e430a59cef714,849544dd157f3158d43bdfc43440a86fac201ecf637e2258867d20b1c52a816e,burst,0.22959183673469388,0.288265306122449,0.19387755102040816,0.288265306122449,burst,0.09602783466158014,0.5882161909134505,0.3112239168714892,0.004532057553482092,burst,0.025487855241117536,0.9322271113973214,0.040564652996500555,0.001720380365060432
20261235,22,704,735,burst,ae2c30fa10850c7d859e9d441e1e76f5a1946a0dd33a86764a2e430a59cef714,849544dd157f3158d43bdfc43440a86fac201ecf637e2258867d20b1c52a816e,burst,0.22959183673469388,0.288265306122449,0.19387755102040816,0.288265306122449,burst,0.05862280840164545,0.6770399526042477,0.10252414513336917,0.16181309386073775,burst,0.006677883688100009,0.9725960522031493,0.015081854669682137,0.005644209439068438
20261235,23,736,767,burst,ae2c30fa10850c7d859e9d441e1e76f5a1946a0dd33a86764a2e430a59cef714,849544dd157f3158d43bdfc43440a86fac201ecf637e2258867d20b1c52a816e,burst,0.22959183673469388,0.288265306122449,0.19387755102040816,0.288265306122449,normal,0.46804880303314267,0.19690583807030865,0.10531720620819751,0.2297281526883501,burst,0.09222283643633107,0.8562477719567253,0.02399082259384427,0.0275385690130993
20261235,24,768,799,burst,ae2c30fa10850c7d859e9d441e1e76f5a1946a0dd33a86764a2e430a59cef714,849544dd157f3158d43bdfc43440a86fac201ecf637e2258867d20b1c52a816e,burst,0.22959183673469388,0.288265306122449,0.19387755102040816,0.288265306122449,burst,0.022592422046078083,0.5155123275264246,0.0758930474329426,0.38600220299455384,burst,0.00796159776665168,0.9363226569265926,0.011434682037020265,0.04428106326973552
20261235,25,800,831,burst,ae2c30fa10850c7d859e9d441e1e76f5a1946a0dd33a86764a2e430a59cef714,849544dd157f3158d43bdfc43440a86fac201ecf637e2258867d20b1c52a816e,burst,0.22959183673469388,0.288265306122449,0.19387755102040816,0.288265306122449,normal,0.3839739137139353,0.32442203904100314,0.10054232819196901,0.1910617190530912,burst,0.05358947506324593,0.8933547434906017,0.013384936295908976,0.03967084515024344
20261235,26,832,863,burst,ae2c30fa10850c7d859e9d441e1e76f5a1946a0dd33a86764a2e430a59cef714,849544dd157f3158d43bdfc43440a86fac201ecf637e2258867d20b1c52a816e,burst,0.22959183673469388,0.288265306122449,0.19387755102040816,0.288265306122449,burst,0.03542406272307642,0.7014587422211851,0.2231009298436151,0.0400162652121237,burst,0.006292489547827903,0.9719181060007341,0.017668712558615643,0.004120691892822262
20261235,27,864,895,burst,ae2c30fa10850c7d859e9d441e1e76f5a1946a0dd33a86764a2e430a59cef714,849544dd157f3158d43bdfc43440a86fac201ecf637e2258867d20b1c52a816e,burst,0.22959183673469388,0.288265306122449,0.19387755102040816,0.288265306122449,calibration_shift,0.08655669328491652,0.42747382844559517,0.0487477627120374,0.43722171555745054,burst,0.008674616592738915,0.9599715195757879,0.006247081464924663,0.02510678236654856
20261235,28,896,927,burst,ae2c30fa10850c7d859e9d441e1e76f5a1946a0dd33a86764a2e430a59cef714,849544dd157f3158d43bdfc43440a86fac201ecf637e2258867d20b1c52a816e,burst,0.22959183673469388,0.288265306122449,0.19387755102040816,0.288265306122449,burst,0.0393182646244667,0.7716573139471601,0.11804337386564767,0.0709810475627239,burst,0.002514134113563914,0.987290653909611,0.005518273629719521,0.004676938347105702
20261235,29,928,959,burst,ae2c30fa10850c7d859e9d441e1e76f5a1946a0dd33a86764a2e430a59cef714,849544dd157f3158d43bdfc43440a86fac201ecf637e2258867d20b1c52a816e,burst,0.22959183673469388,0.288265306122449,0.19387755102040816,0.288265306122449,burst,0.0330562826418417,0.6137355820877664,0.08070062392547456,0.2725075113449185,burst,0.0019248476555327712,0.9828460557525747,0.00426925177393329,0.010959844817959174
20261235,30,960,991,burst,ae2c30fa10850c7d859e9d441e1e76f5a1946a0dd33a86764a2e430a59cef714,849544dd157f3158d43bdfc43440a86fac201ecf637e2258867d20b1c52a816e,burst,0.22959183673469388,0.288265306122449,0.19387755102040816,0.288265306122449,burst,0.03814832388000863,0.4941894492927934,0.13061371404841504,0.3370485127787841,burst,0.0026519621019186358,0.9675184774404367,0.007857072990050094,0.021972487467594465
20261235,31,992,1023,burst,ae2c30fa10850c7d859e9d441e1e76f5a1946a0dd33a86764a2e430a59cef714,849544dd157f3158d43bdfc43440a86fac201ecf637e2258867d20b1c52a816e,burst,0.22959183673469388,0.288265306122449,0.19387755102040816,0.288265306122449,burst,0.0676792971261683,0.6255611839591115,0.10617781097064984,0.20058170794406854,burst,0.004028186888086543,0.974707695754579,0.0064463246980086646,0.01481779265932588
20261235,32,1024,1055,burst,ae2c30fa10850c7d859e9d441e1e76f5a1946a0dd33a86764a2e430a59cef714,849544dd157f3158d43bdfc43440a86fac201ecf637e2258867d20b1c52a816e,burst,0.22959183673469388,0.288265306122449,0.19387755102040816,0.288265306122449,calibration_shift,0.1002860144691401,0.2706039406205751,0.07952675108635193,0.549583293823932,burst,0.013561371774881644,0.9059677607427779,0.009533002954625353,0.07093786452771521
20261235,33,1056,1087,burst,ae2c30fa10850c7d859e9d441e1e76f5a1946a0dd33a86764a2e430a59cef714,849544dd157f3158d43bdfc43440a86fac201ecf637e2258867d20b1c52a816e,burst,0.22959183673469388,0.288265306122449,0.19387755102040816,0.288265306122449,burst,0.14509499129000547,0.4113468141009402,0.39883905784250995,0.0447191367665455,burst,0.02061739937140136,0.9263671818758585,0.04207902340973888,0.010936395343001186
20261235,34,1088,1119,burst,ae2c30fa10850c7d859e9d441e1e76f5a1946a0dd33a86764a2e430a59cef714,849544dd157f3158d43bdfc43440a86fac201ecf637e2258867d20b1c52a816e,burst,0.22959183673469388,0.288265306122449,0.19387755102040816,0.288265306122449,burst,0.0585423636544457,0.5121144919532552,0.2521749499471755,0.17716819444512508,burst,0.007723763447780534,0.931519833045108,0.048537348315815826,0.012219055191295815
20261235,35,1120,1151,burst,ae2c30fa10850c7d859e9d441e1e76f5a1946a0dd33a86764a2e430a59cef714,849544dd157f3158d43bdfc43440a86fac201ecf637e2258867d20b1c52a816e,burst,0.22959183673469388,0.288265306122449,0.19387755102040816,0.288265306122449,burst,0.18826578160424937,0.48642261537670334,0.1736408799734651,0.15167072304558102,burst,0.018134546851809378,0.9319088329922397,0.038503093246339236,0.011453526909611825
20261235,36,1152,1183,burst,ae2c30fa10850c7d859e9d441e1e76f5a1946a0dd33a86764a2e430a59cef714,849544dd157f3158d43bdfc43440a86fac201ecf637e2258867d20b1c52a816e,burst,0.22959183673469388,0.288265306122449,0.19387755102040816,0.288265306122449,calibration_shift,0.11516034394844925,0.3173550394275553,0.09589457495362369,0.4715900416703724,burst,0.02221054705750978,0.899917518849775,0.026838619212953906,0.051033314879761156
20261235,37,1184,1215,burst,ae2c30fa10850c7d859e9d441e1e76f5a1946a0dd33a86764a2e430a59cef714,849544dd157f3158d43bdfc43440a86fac201ecf637e2258867d20b1c52a816e,burst,0.22959183673469388,0.288265306122449,0.19387755102040816,0.288265306122449,burst,0.1988769781574427,0.4021991048928693,0.012825749815683489,0.386098167134004,burst,0.03441773429922173,0.8885030462690138,0.002309819604661271,0.07476939982710332
20261235,38,1216,1247,burst,ae2c30fa10850c7d859e9d441e1e76f5a1946a0dd33a86764a2e430a59cef714,849544dd157f3158d43bdfc43440a86fac201ecf637e2258867d20b1c52a816e,burst,0.22959183673469388,0.288265306122449,0.19387755102040816,0.288265306122449,calibration_shift,0.029883244516471393,0.3321773129852193,0.022318688032873197,0.6156207544654351,burst,0.0072856862012560105,0.8171673045061908,0.0017801997054078277,0.17376680958714547
20261235,39,1248,1279,burst,ae2c30fa10850c7d859e9d441e1e76f5a1946a0dd33a86764a2e430a59cef714,849544dd157f3158d43bdfc43440a86fac201ecf637e2258867d20b1c52a816e,burst,0.22959183673469388,0.288265306122449,0.19387755102040816,0.288265306122449,normal,0.614503076777998,0.17589282458783495,0.048992599621356034,0.16061149901281224,burst,0.14218172755488984,0.6959316903626016,0.00639945170272513,0.1554871303797834
20261235,40,1280,1311,burst,ae2c30fa10850c7d859e9d441e1e76f5a1946a0dd33a86764a2e430a59cef714,849544dd157f3158d43bdfc43440a86fac201ecf637e2258867d20b1c52a816e,burst,0.22959183673469388,0.288265306122449,0.19387755102040816,0.288265306122449,calibration_shift,0.2588008673583799,0.24709041150918565,0.07338127089535205,0.42072745023708247,burst,0.1917991696056242,0.5527505205151986,0.009818019540380498,0.2456322903387967
20261235,41,1312,1343,normal,ae2c30fa10850c7d859e9d441e1e76f5a1946a0dd33a86764a2e430a59cef714,849544dd157f3158d43bdfc43440a86fac201ecf637e2258867d20b1c52a816e,burst,0.22959183673469388,0.288265306122449,0.19387755102040816,0.288265306122449,normal,0.8666480251602725,0.028101929824990192,0.05361640002458863,0.05163364499014998,normal,0.8872985788856442,0.0549956275035353,0.009368724584513337,0.048337069026306974
20261235,42,1344,1375,normal,ae2c30fa10850c7d859e9d441e1e76f5a1946a0dd33a86764a2e430a59cef714,849544dd157f3158d43bdfc43440a86fac201ecf637e2258867d20b1c52a816e,burst,0.22959183673469388,0.288265306122449,0.19387755102040816,0.288265306122449,normal,0.7672258782894619,0.045622263400784055,0.03346387209638126,0.15368798621337412,normal,0.9806747562795827,0.00448649087622429,0.002211383871132883,0.012627368973060105
20261235,43,1376,1407,normal,ae2c30fa10850c7d859e9d441e1e76f5a1946a0dd33a86764a2e430a59cef714,849544dd157f3158d43bdfc43440a86fac201ecf637e2258867d20b1c52a816e,burst,0.22959183673469388,0.288265306122449,0.19387755102040816,0.288265306122449,normal,0.8543578377112147,0.024235782272197828,0.06928353079755872,0.0521228492190305,normal,0.9949678950489721,0.0006731953651017388,0.0027642228723977836,0.0015946867135285536
20261235,44,1408,1439,normal,ae2c30fa10850c7d859e9d441e1e76f5a1946a0dd33a86764a2e430a59cef714,849544dd157f3158d43bdfc43440a86fac201ecf637e2258867d20b1c52a816e,burst,0.22959183673469388,0.288265306122449,0.19387755102040816,0.288265306122449,normal,0.4520373556628874,0.14561231443092815,0.025816430146231528,0.376533899759954,normal,0.9802616195372635,0.0058591325602240915,0.0019362629489446577,0.011942984953567524
20261235,45,1440,1471,normal,ae2c30fa10850c7d859e9d441e1e76f5a1946a0dd33a86764a2e430a59cef714,849544dd157f3158d43bdfc43440a86fac201ecf637e2258867d20b1c52a816e,burst,0.22959183673469388,0.288265306122449,0.19387755102040816,0.288265306122449,calibration_shift,0.2845834930214264,0.01153745990027959,0.0021564277006908845,0.7017226193776066,normal,0.9393710621286641,0.0009656134948638125,0.0002401046309661857,0.059423219745505795
20261235,46,1472,1503,normal,ae2c30fa10850c7d859e9d441e1e76f5a1946a0dd33a86764a2e430a59cef714,849544dd157f3158d43bdfc43440a86fac201ecf637e2258867d20b1c52a816e,burst,0.22959183673469388,0.288265306122449,0.19387755102040816,0.288265306122449,normal,0.6126470036657813,0.17911802664433124,0.19000852899265125,0.01822644069723723,normal,0.9826046731029189,0.005927842773960002,0.009459327455390722,0.0020081566677302536
20261235,47,1504,1535,normal,ae2c30fa10850c7d859e9d441e1e76f5a1946a0dd33a86764a2e430a59cef714,849544dd157f3158d43bdfc43440a86fac201ecf637e2258867d20b1c52a816e,burst,0.22959183673469388,0.288265306122449,0.19387755102040816,0.288265306122449,normal,0.9313000513832911,0.007876516679173691,0.01636288439942103,0.04446054753811279,normal,0.9982148449965705,0.0002141215732845861,0.0008166616988801942,0.0007543717312646608
20261235,48,1536,1567,normal,ae2c30fa10850c7d859e9d441e1e76f5a1946a0dd33a86764a2e430a59cef714,849544dd157f3158d43bdfc43440a86fac201ecf637e2258867d20b1c52a816e,burst,0.22959183673469388,0.288265306122449,0.19387755102040816,0.288265306122449,calibration_shift,0.3038196039553425,0.025457410606896932,0.008681682448195048,0.6620413029895666,normal,0.9696025171036814,0.0014316337396393134,0.0008422385370625264,0.02812361061961684
20261235,49,1568,1599,normal,ae2c30fa10850c7d859e9d441e1e76f5a1946a0dd33a86764a2e430a59cef714,849544dd157f3158d43bdfc43440a86fac201ecf637e2258867d20b1c52a816e,burst,0.22959183673469388,0.288265306122449,0.19387755102040816,0.288265306122449,normal,0.7739720162459734,0.046894348299483996,0.06418516447952585,0.11494847097501648,normal,0.9902420464902275,0.0012285941412997715,0.002601629332440836,0.005927730036032003
20261235,50,1600,1631,leakage,ae2c30fa10850c7d859e9d441e1e76f5a1946a0dd33a86764a2e430a59cef714,849544dd157f3158d43bdfc43440a86fac201ecf637e2258867d20b1c52a816e,burst,0.22959183673469388,0.288265306122449,0.19387755102040816,0.288265306122449,burst,0.30991828786367104,0.3857178839141321,0.133710911900497,0.17065291632169935,normal,0.9524026296034764,0.023179956814871987,0.014194247539856437,0.010223166041795139
20261235,51,1632,1663,leakage,ae2c30fa10850c7d859e9d441e1e76f5a1946a0dd33a86764a2e430a59cef714,849544dd157f3158d43bdfc43440a86fac201ecf637e2258867d20b1c52a816e,burst,0.22959183673469388,0.288265306122449,0.19387755102040816,0.288265306122449,leakage,0.00339645615504611,0.11212296077107511,0.8806690595912178,0.003811523482660457,leakage,0.0590862590876708,0.08483618014399966,0.8543712595882604,0.0017063011800692875
20261235,52,1664,1695,leakage,ae2c30fa10850c7d859e9d441e1e76f5a1946a0dd33a86764a2e430a59cef714,849544dd157f3158d43bdfc43440a86fac201ecf637e2258867d20b1c52a816e,burst,0.22959183673469388,0.288265306122449,0.19387755102040816,0.288265306122449,burst,0.1561506799004199,0.6247896973392297,0.118274199539194,0.10078542322115568,leakage,0.07240068305417018,0.28601032022392914,0.6261995380965921,0.015389458625308654
20261235,53,1696,1727,leakage,ae2c30fa10850c7d859e9d441e1e76f5a1946a0dd33a86764a2e430a59cef714,849544dd157f3158d43bdfc43440a86fac201ecf637e2258867d20b1c52a816e,burst,0.22959183673469388,0.288265306122449,0.19387755102040816,0.288265306122449,burst,0.1492725844281201,0.47680701479622867,0.208358077044322,0.1655623237313282,leakage,0.053719111267396175,0.38763425159137094,0.534994490751026,0.02365214639020696
20261235,54,1728,1759,leakage,ae2c30fa10850c7d859e9d441e1e76f5a1946a0dd33a86764a2e430a59cef714,849544dd157f3158d43bdfc43440a86fac201ecf637e2258867d20b1c52a816e,burst,0.22959183673469388,0.288265306122449,0.19387755102040816,0.288265306122449,leakage,0.07079754446578732,0.19742519134521122,0.6796643114501469,0.05211295273885471,leakage,0.012097311018959287,0.12062847817082728,0.8623619933254055,0.0049122174848077816
20261235,55,1760,1791,leakage,ae2c30fa10850c7d859e9d441e1e76f5a1946a0dd33a86764a2e430a59cef714,849544dd157f3158d43bdfc43440a86fac201ecf637e2258867d20b1c52a816e,burst,0.22959183673469388,0.288265306122449,0.19387755102040816,0.288265306122449,normal,0.42673224127854126,0.17568234435206603,0.08139963659607398,0.3161857777733172,leakage,0.12628543262952469,0.1542557615187285,0.6391577542688007,0.08030105158294608
20261235,56,1792,1823,leakage,ae2c30fa10850c7d859e9d441e1e76f5a1946a0dd33a86764a2e430a59cef714,849544dd157f3158d43bdfc43440a86fac201ecf637e2258867d20b1c52a816e,burst,0.22959183673469388,0.288265306122449,0.19387755102040816,0.288265306122449,burst,0.23279490502514721,0.35747444242780946,0.11472226197889603,0.29500839056814654,leakage,0.18138690362827634,0.24840064845609294,0.4312289123446299,0.1389835355710008
20261235,57,1824,1855,leakage,ae2c30fa10850c7d859e9d441e1e76f5a1946a0dd33a86764a2e430a59cef714,849544dd157f3158d43bdfc43440a86fac201ecf637e2258867d20b1c52a816e,burst,0.22959183673469388,0.288265306122449,0.19387755102040816,0.288265306122449,leakage,0.022700995736544268,0.0423215892685276,0.9324651775035366,0.002512237491391363,leakage,0.009526143967137104,0.017558413961768417,0.9722357538284891,0.0006796882426052665
20261235,58,1856,1887,leakage,ae2c30fa10850c7d859e9d441e1e76f5a1946a0dd33a86764a2e430a59cef714,849544dd157f3158d43bdfc43440a86fac201ecf637e2258867d20b1c52a816e,burst,0.22959183673469388,0.288265306122449,0.19387755102040816,0.288265306122449,burst,0.01609669649299945,0.47651580644807146,0.41422531299704207,0.09316218406188563,leakage,0.0010783271414158808,0.03106039558412392,0.9626156317766806,0.005245645497779423
20261235,59,1888,1919,leakage,ae2c30fa10850c7d859e9d441e1e76f5a1946a0dd33a86764a2e430a59cef714,849544dd157f3158d43bdfc43440a86fac201ecf637e2258867d20b1c52a816e,burst,0.22959183673469388,0.288265306122449,0.19387755102040816,0.288265306122449,burst,0.0004952216964008259,0.6759161094319823,0.19955530020791493,0.12403336866370143,leakage,4.182119630139126e-05,0.11302456606524647,0.8709327173312895,0.01600089540716261
20261235,60,1920,1951,leakage,ae2c30fa10850c7d859e9d441e1e76f5a1946a0dd33a86764a2e430a59cef714,849544dd157f3158d43bdfc43440a86fac201ecf637e2258867d20b1c52a816e,burst,0.22959183673469388,0.288265306122449,0.19387755102040816,0.288265306122449,leakage,1.21931834686904e-07,0.004024394427945041,0.9959743977107405,1.0859294824190647e-06,leakage,2.5615953873060045e-09,0.00042385918007350587,0.9995760915786801,4.667965080442963e-08
20261235,61,1952,1983,leakage,ae2c30fa10850c7d859e9d441e1e76f5a1946a0dd33a86764a2e430a59cef714,849544dd157f3158d43bdfc43440a86fac201ecf637e2258867d20b1c52a816e,burst,0.22959183673469388,0.288265306122449,0.19387755102040816,0.288265306122449,burst,0.01567753220613057,0.4839871211896216,0.42662821862762645,0.0737071279766203,leakage,0.0005611125844014064,0.013801070945129067,0.9818845661887708,0.0037532502816987117
20261235,62,1984,2015,normal,ae2c30fa10850c7d859e9d441e1e76f5a1946a0dd33a86764a2e430a59cef714,849544dd157f3158d43bdfc43440a86fac201ecf637e2258867d20b1c52a816e,burst,0.22959183673469388,0.288265306122449,0.19387755102040816,0.288265306122449,normal,0.582186638721775,0.1276275134149502,0.04483799495906097,0.2453478529042129,leakage,0.1584063611548902,0.048471892669539045,0.6895770682438093,0.10354467793176132
20261235,63,2016,2047,normal,ae2c30fa10850c7d859e9d441e1e76f5a1946a0dd33a86764a2e430a59cef714,849544dd157f3158d43bdfc43440a86fac201ecf637e2258867d20b1c52a816e,burst,0.22959183673469388,0.288265306122449,0.19387755102040816,0.288265306122449,normal,0.7256563341297045,0.2529244044784589,0.010829537474384698,0.010589723917453378,normal,0.8425049386155812,0.09511057265588042,0.054927905984064995,0.0074565827444733725
20261235,64,2048,2079,normal,ae2c30fa10850c7d859e9d441e1e76f5a1946a0dd33a86764a2e430a59cef714,849544dd157f3158d43bdfc43440a86fac201ecf637e2258867d20b1c52a816e,burst,0.22959183673469388,0.288265306122449,0.19387755102040816,0.288265306122449,normal,0.6570368680728957,0.11790150020309985,0.04915915123174774,0.175902480492258,normal,0.9630071958167444,0.020524343719741177,0.009143142416473288,0.007325318047040944
20261235,65,2080,2111,normal,ae2c30fa10850c7d859e9d441e1e76f5a1946a0dd33a86764a2e430a59cef714,849544dd157f3158d43bdfc43440a86fac201ecf637e2258867d20b1c52a816e,burst,0.22959183673469388,0.288265306122449,0.19387755102040816,0.288265306122449,burst,0.3111000443985306,0.45103082681380996,0.02988219447691849,0.20798693431073953,normal,0.9276122027060546,0.0543705340223358,0.0042060953436388335,0.01381116792797081
20261235,66,2112,2143,normal,ae2c30fa10850c7d859e9d441e1e76f5a1946a0dd33a86764a2e430a59cef714,849544dd157f3158d43bdfc43440a86fac201ecf637e2258867d20b1c52a816e,burst,0.22959183673469388,0.288265306122449,0.19387755102040816,0.288265306122449,normal,0.8265932533049385,0.011515848365333712,0.005011690835968985,0.15687920749376025,normal,0.9931288967909383,0.0010062374197498342,0.00024300548007253196,0.0056218603092393704
20261235,67,2144,2175,normal,ae2c30fa10850c7d859e9d441e1e76f5a1946a0dd33a86764a2e430a59cef714,849544dd157f3158d43bdfc43440a86fac201ecf637e2258867d20b1c52a816e,burst,0.22959183673469388,0.288265306122449,0.19387755102040816,0.288265306122449,normal,0.6798610295445334,0.10862310114146395,0.052666032299974096,0.15884983701402744,normal,0.9903598060818067,0.0030205304649239687,0.002239774854934306,0.004379888598335145
20261235,68,2176,2207,normal,ae2c30fa10850c7d859e9d441e1e76f5a1946a0dd33a86764a2e430a59cef714,849544dd157f3158d43bdfc43440a86fac201ecf637e2258867d20b1c52a816e,burst,0.22959183673469388,0.288265306122449,0.19387755102040816,0.288265306122449,normal,0.5573672433396021,0.1872548124355915,0.09926515272107166,0.15611279150373575,normal,0.9819623166403706,0.007190580221577671,0.005920418638289517,0.004926684499762175
20261235,69,2208,2239,normal,ae2c30fa10850c7d859e9d441e1e76f5a1946a0dd33a86764a2e430a59cef714,849544dd157f3158d43bdfc43440a86fac201ecf637e2258867d20b1c52a816e,burst,0.22959183673469388,0.288265306122449,0.19387755102040816,0.288265306122449,burst,0.2735569268220585,0.38422913884771875,0.09873535830813554,0.24347857602208828,normal,0.9353077976779974,0.03509290851832715,0.013805195271327576,0.015794098532347995
20261235,70,2240,2271,normal,ae2c30fa10850c7d859e9d441e1e76f5a1946a0dd33a86764a2e430a59cef714,849544dd157f3158d43bdfc43440a86fac201ecf637e2258867d20b1c52a816e,burst,0.22959183673469388,0.288265306122449,0.19387755102040816,0.288265306122449,calibration_shift,0.40305283773020406,0.056989508578053426,0.028588861544771336,0.511368792146973,normal,0.9504187508706218,0.007434254702045529,0.0037899135611964598,0.038357080866136345
20261235,71,2272,2303,normal,ae2c30fa10850c7d859e9d441e1e76f5a1946a0dd33a86764a2e430a59cef714,849544dd157f3158d43bdfc43440a86fac201ecf637e2258867d20b1c52a816e,burst,0.22959183673469388,0.288265306122449,0.19387755102040816,0.288265306122449,normal,0.6058486106246788,0.12435841977511254,0.02396175249476369,0.24583121710544525,normal,0.972950359938667,0.005631424373207414,0.0014847195620248967,0.019933496126100562
20261235,72,2304,2335,leakage,ae2c30fa10850c7d859e9d441e1e76f5a1946a0dd33a86764a2e430a59cef714,849544dd157f3158d43bdfc43440a86fac201ecf637e2258867d20b1c52a816e,burst,0.22959183673469388,0.288265306122449,0.19387755102040816,0.288265306122449,normal,0.5625816758441576,0.2268606668970846,0.08036824878727006,0.13018940847148908,normal,0.9778703063723065,0.010008575692946409,0.004621547157674474,0.007499570777072606
20261235,73,2336,2367,leakage,ae2c30fa10850c7d859e9d441e1e76f5a1946a0dd33a86764a2e430a59cef714,849544dd157f3158d43bdfc43440a86fac201ecf637e2258867d20b1c52a816e,burst,0.22959183673469388,0.288265306122449,0.19387755102040816,0.288265306122449,burst,0.09886938832694712,0.5123384867379661,0.2515128787119095,0.13727924622317597,normal,0.7793909824060006,0.12005556490124639,0.07708927339125916,0.02346417930149396
20261235,74,2368,2399,leakage,ae2c30fa10850c7d859e9d441e1e76f5a1946a0dd33a86764a2e430a59cef714,849544dd157f3158d43bdfc43440a86fac201ecf637e2258867d20b1c52a816e,burst,0.22959183673469388,0.288265306122449,0.19387755102040816,0.288265306122449,burst,0.02994950253085351,0.3660174004317456,0.2859275016696601,0.3181055953677411,burst,0.1983218522319351,0.3705234767759875,0.325099554303345,0.10605511668873231
20261235,75,2400,2431,leakage,ae2c30fa10850c7d859e9d441e1e76f5a1946a0dd33a86764a2e430a59cef714,849544dd157f3158d43bdfc43440a86fac201ecf637e2258867d20b1c52a816e,burst,0.22959183673469388,0.288265306122449,0.19387755102040816,0.288265306122449,normal,0.49043657873462965,0.23059780762281823,0.19001433471549734,0.0889512789270548,normal,0.41832966194343285,0.2559356506477306,0.2891986929159844,0.03653599449285208
20261235,76,2432,2463,leakage,ae2c30fa10850c7d859e9d441e1e76f5a1946a0dd33a86764a2e430a59cef714,849544dd157f3158d43bdfc43440a86fac201ecf637e2258867d20b1c52a816e,burst,0.22959183673469388,0.288265306122449,0.19387755102040816,0.288265306122449,burst,0.24202008191079066,0.44249187552724717,0.2098741666788723,0.10561387588309072,normal,0.3680767037856061,0.33669460862628703,0.2748106301539878,0.02041805743411919
20261235,77,2464,2495,leakage,ae2c30fa10850c7d859e9d441e1e76f5a1946a0dd33a86764a2e430a59cef714,849544dd157f3158d43bdfc43440a86fac201ecf637e2258867d20b1c52a816e,burst,0.22959183673469388,0.288265306122449,0.19387755102040816,0.288265306122449,burst,0.1317924150200196,0.5578534088836906,0.1254248633906146,0.1849293127056742,burst,0.1987837368654548,0.5975877061328646,0.17384332315762688,0.02978523384405377
20261235,78,2496,2527,leakage,ae2c30fa10850c7d859e9d441e1e76f5a1946a0dd33a86764a2e430a59cef714,849544dd157f3158d43bdfc43440a86fac201ecf637e2258867d20b1c52a816e,burst,0.22959183673469388,0.288265306122449,0.19387755102040816,0.288265306122449,burst,0.031200551568318642,0.615720604898018,0.14581602523351378,0.20726281830014945,burst,0.021358248341766122,0.8466819689154929,0.10269458114032341,0.029265201602417575
20261235,79,2528,2559,leakage,ae2c30fa10850c7d859e9d441e1e76f5a1946a0dd33a86764a2e430a59cef714,849544dd157f3158d43bdfc43440a86fac201ecf637e2258867d20b1c52a816e,burst,0.22959183673469388,0.288265306122449,0.19387755102040816,0.288265306122449,burst,0.034041355456461024,0.6319713211208801,0.1710993974018869,0.16288792602077257,burst,0.004077103460547155,0.9219462647768774,0.057543051039829526,0.016433580722745967
20261235,80,2560,2591,leakage,ae2c30fa10850c7d859e9d441e1e76f5a1946a0dd33a86764a2e430a59cef714,849544dd157f3158d43bdfc43440a86fac201ecf637e2258867d20b1c52a816e,burst,0.22959183673469388,0.288265306122449,0.19387755102040816,0.288265306122449,leakage,0.0011046365659091524,0.02720594942937024,0.9681134732333302,0.003575940771391215,leakage,0.00031195379330202787,0.17464020795328594,0.8240018431163351,0.0010459951370768747
20261235,81,2592,2623,leakage,ae2c30fa10850c7d859e9d441e1e76f5a1946a0dd33a86764a2e430a59cef714,849544dd157f3158d43bdfc43440a86fac201ecf637e2258867d20b1c52a816e,burst,0.22959183673469388,0.288265306122449,0.19387755102040816,0.288265306122449,normal,0.4731866155244189,0.251433996559419,0.12445304992986028,0.1509263379863015,leakage,0.0606411234744007,0.22151594548918585,0.6939819207398634,0.023861010296550054
20261235,82,2624,2655,leakage,ae2c30fa10850c7d859e9d441e1e76f5a1946a0dd33a86764a2e430a59cef714,849544dd157f3158d43bdfc43440a86fac201ecf637e2258867d20b1c52a816e,burst,0.22959183673469388,0.288265306122449,0.19387755102040816,0.288265306122449,leakage,0.0006810500185310893,0.02813128372001298,0.970455112014856,0.0007325542465994283,leakage,7.824168423820447e-05,0.006624105113199454,0.9932521749050406,4.547829752175109e-05
20261235,83,2656,2687,leakage,ae2c30fa10850c7d859e9d441e1e76f5a1946a0dd33a86764a2e430a59cef714,849544dd157f3158d43bdfc43440a86fac201ecf637e2258867d20b1c52a816e,burst,0.22959183673469388,0.288265306122449,0.19387755102040816,0.288265306122449,leakage,0.006903038347275807,0.24841692588817404,0.7141355157594391,0.030544520005109196,leakage,0.00015498523650314566,0.006390726379347123,0.9924990582628053,0.0009552301213445385
20261235,84,2688,2719,leakage,ae2c30fa10850c7d859e9d441e1e76f5a1946a0dd33a86764a2e430a59cef714,849544dd157f3158d43bdfc43440a86fac201ecf637e2258867d20b1c52a816e,burst,0.22959183673469388,0.288265306122449,0.19387755102040816,0.288265306122449,leakage,0.016213328813487388,0.2551930137697373,0.656317600055503,0.072276057361271,leakage,0.0004010638931457654,0.007070625181392453,0.9899181051285327,0.0026102057969291286
20261235,85,2720,2751,leakage,ae2c30fa10850c7d859e9d441e1e76f5a1946a0dd33a86764a2e430a59cef714,849544dd157f3158d43bdfc43440a86fac201ecf637e2258867d20b1c52a816e,burst,0.22959183673469388,0.288265306122449,0.19387755102040816,0.288265306122449,leakage,0.000816448697065527,0.02709423251128213,0.9691393658328662,0.002949952958787575,leakage,1.4336478539454066e-05,0.0005324140309756353,0.9993742512673989,7.899822308603981e-05
20261235,86,2752,2783,leakage,ae2c30fa10850c7d859e9d441e1e76f5a1946a0dd33a86764a2e430a59cef714,849544dd157f3158d43bdfc43440a86fac201ecf637e2258867d20b1c52a816e,burst,0.22959183673469388,0.288265306122449,0.19387755102040816,0.288265306122449,leakage,0.002042140610123676,0.05768499245099267,0.9394300291608862,0.000842837777996624,leakage,3.395637571281879e-05,0.0007696588195707912,0.9991763540775562,2.0030727160183226e-05
20261235,87,2784,2815,leakage,ae2c30fa10850c7d859e9d441e1e76f5a1946a0dd33a86764a2e430a59cef714,849544dd157f3158d43bdfc43440a86fac201ecf637e2258867d20b1c52a816e,burst,0.22959183673469388,0.288265306122449,0.19387755102040816,0.288265306122449,leakage,0.0003301920530077292,0.008981567520892552,0.988725083198765,0.0019631572273346716,leakage,5.244233401752887e-06,0.00011664312038500971,0.999834007716404,4.4104929809152554e-05
20261235,88,2816,2847,leakage,ae2c30fa10850c7d859e9d441e1e76f5a1946a0dd33a86764a2e430a59cef714,849544dd157f3158d43bdfc43440a86fac201ecf637e2258867d20b1c52a816e,burst,0.22959183673469388,0.288265306122449,0.19387755102040816,0.288265306122449,burst,0.059338161913936475,0.5614098803158912,0.2071166455558205,0.17213531221435216,leakage,0.004223846683063692,0.03064202480118372,0.9476185742425954,0.017515554273157086
20261235,89,2848,2879,leakage,ae2c30fa10850c7d859e9d441e1e76f5a1946a0dd33a86764a2e430a59cef714,849544dd157f3158d43bdfc43440a86fac201ecf637e2258867d20b1c52a816e,burst,0.22959183673469388,0.288265306122449,0.19387755102040816,0.288265306122449,leakage,0.00040482785105138406,0.012606447133047403,0.986404816593384,0.0005839084225171216,leakage,9.978448194555432e-06,0.0004973222362826531,0.9994684170489624,2.4282266560265183e-05
20261235,90,2880,2911,leakage,ae2c30fa10850c7d859e9d441e1e76f5a1946a0dd33a86764a2e430a59cef714,849544dd157f3158d43bdfc43440a86fac201ecf637e2258867d20b1c52a816e,burst,0.22959183673469388,0.288265306122449,0.19387755102040816,0.288265306122449,leakage,4.562674608575399e-05,0.007935038183382637,0.991901092192005,0.00011824287852771886,leakage,7.178865401892599e-07,9.993488125910967e-05,0.9998966995838049,2.647648395841041e-06
20261235,91,2912,2943,leakage,ae2c30fa10850c7d859e9d441e1e76f5a1946a0dd33a86764a2e430a59cef714,849544dd157f3158d43bdfc43440a86fac201ecf637e2258867d20b1c52a816e,burst,0.22959183673469388,0.288265306122449,0.19387755102040816,0.288265306122449,normal,0.40562219451469184,0.37528617396206854,0.19207848257901372,0.02701314894422593,leakage,0.030959537531085563,0.021942757236500198,0.9441606758019646,0.0029370294304496523
20261235,92,2944,2975,leakage,ae2c30fa10850c7d859e9d441e1e76f5a1946a0dd33a86764a2e430a59cef714,849544dd157f3158d43bdfc43440a86fac201ecf637e2258867d20b1c52a816e,burst,0.22959183673469388,0.288265306122449,0.19387755102040816,0.288265306122449,burst,0.1704017163867497,0.5166760559171482,0.12130430607482647,0.19161792162127586,leakage,0.05787933249608696,0.11117275124848373,0.7960275460625063,0.03492037019292297
20261235,93,2976,3007,normal,ae2c30fa10850c7d859e9d441e1e76f5a1946a0dd33a86764a2e430a59cef714,849544dd157f3158d43bdfc43440a86fac201ecf637e2258867d20b1c52a816e,burst,0.22959183673469388,0.288265306122449,0.19387755102040816,0.288265306122449,normal,0.6338333607810553,0.15459668268579452,0.05065298858993735,0.16091696794321436,normal,0.4314113989293012,0.127913282633038,0.36586522852362097,0.07481008991403988
20261235,94,3008,3039,normal,ae2c30fa10850c7d859e9d441e1e76f5a1946a0dd33a86764a2e430a59cef714,849544dd157f3158d43bdfc43440a86fac201ecf637e2258867d20b1c52a816e,burst,0.22959183673469388,0.288265306122449,0.19387755102040816,0.288265306122449,normal,0.6599219802617237,0.05759471057060877,0.023050700177464453,0.2594326089902017,normal,0.8796192668969842,0.02124713282830526,0.03180677409536502,0.06732682617934554
20261235,95,3040,3071,normal,ae2c30fa10850c7d859e9d441e1e76f5a1946a0dd33a86764a2e430a59cef714,849544dd157f3158d43bdfc43440a86fac201ecf637e2258867d20b1c52a816e,burst,0.22959183673469388,0.288265306122449,0.19387755102040816,0.288265306122449,normal,0.858756336303084,0.07679112108138461,0.0373820257388047,0.02707051687672747,normal,0.9895705840129135,0.004054912992989494,0.003790550251122005,0.002583952742974887
20261235,96,3072,3103,normal,ae2c30fa10850c7d859e9d441e1e76f5a1946a0dd33a86764a2e430a59cef714,849544dd157f3158d43bdfc43440a86fac201ecf637e2258867d20b1c52a816e,burst,0.22959183673469388,0.288265306122449,0.19387755102040816,0.288265306122449,calibration_shift,0.32067383793348364,0.17410078668423476,0.05937554176633755,0.4458498336159442,normal,0.9600238118690897,0.01199682234829501,0.0065389407514091025,0.021440425031206224
20261235,97,3104,3135,normal,ae2c30fa10850c7d859e9d441e1e76f5a1946a0dd33a86764a2e430a59cef714,849544dd157f3158d43bdfc43440a86fac201ecf637e2258867d20b1c52a816e,burst,0.22959183673469388,0.288265306122449,0.19387755102040816,0.288265306122449,calibration_shift,0.23502521794040956,0.12695665719465687,0.04439083816420929,0.5936272867007227,normal,0.896696955246941,0.01574884841070063,0.007296686362611142,0.0802575099797471
20261235,98,3136,3167,normal,ae2c30fa10850c7d859e9d441e1e76f5a1946a0dd33a86764a2e430a59cef714,849544dd157f3158d43bdfc43440a86fac201ecf637e2258867d20b1c52a816e,burst,0.22959183673469388,0.288265306122449,0.19387755102040816,0.288265306122449,normal,0.6948128474753023,0.0033415427665522725,0.004957179521788505,0.2968884302363555,normal,0.9620012820641267,0.00018087154009177172,0.0003253927834167656,0.037492453612364855
20261235,99,3168,3199,normal,ae2c30fa10850c7d859e9d441e1e76f5a1946a0dd33a86764a2e430a59cef714,849544dd157f3158d43bdfc43440a86fac201ecf637e2258867d20b1c52a816e,burst,0.22959183673469388,0.288265306122449,0.19387755102040816,0.288265306122449,normal,0.46669905918140625,0.25943215426578997,0.009445739753038794,0.26442304679976375,normal,0.9628804675337851,0.00999986415675213,0.0005952008173105718,0.026524467492152305
20261235,100,3200,3231,normal,ae2c30fa10850c7d859e9d441e1e76f5a1946a0dd33a86764a2e430a59cef714,849544dd157f3158d43bdfc43440a86fac201ecf637e2258867d20b1c52a816e,burst,0.22959183673469388,0.288265306122449,0.19387755102040816,0.288265306122449,normal,0.688506359882212,0.057619358091726774,0.004815218239814996,0.24905906378624637,normal,0.983285015518287,0.0024921513329871038,0.00021603583841286415,0.014006797310313021
20261235,101,3232,3263,normal,ae2c30fa10850c7d859e9d441e1e76f5a1946a0dd33a86764a2e430a59cef714,849544dd157f3158d43bdfc43440a86fac201ecf637e2258867d20b1c52a816e,burst,0.22959183673469388,0.288265306122449,0.19387755102040816,0.288265306122449,normal,0.396057968819173,0.18617858782408944,0.102259512472046,0.3155039308846914,normal,0.9621097277743635,0.009672051753889927,0.00733721502461313,0.02088100544713329
20261235,102,3264,3295,normal,ae2c30fa10850c7d859e9d441e1e76f5a1946a0dd33a86764a2e430a59cef714,849544dd157f3158d43bdfc43440a86fac201ecf637e2258867d20b1c52a816e,burst,0.22959183673469388,0.288265306122449,0.19387755102040816,0.288265306122449,burst,0.09339512290205311,0.5551541924933333,0.2963067606822078,0.055143923922405316,normal,0.7461705248184142,0.13357249689921685,0.10490085472267395,0.015356123559694864
20261235,103,3296,3327,normal,ae2c30fa10850c7d859e9d441e1e76f5a1946a0dd33a86764a2e430a59cef714,849544dd157f3158d43bdfc43440a86fac201ecf637e2258867d20b1c52a816e,burst,0.22959183673469388,0.288265306122449,0.19387755102040816,0.288265306122449,normal,0.6258515806709036,0.08405401438624122,0.017637320974473104,0.27245708396838253,normal,0.9535268318378397,0.022167324349583555,0.006014757532035273,0.01829108628054147
20261235,104,3328,3359,normal,ae2c30fa10850c7d859e9d441e1e76f5a1946a0dd33a86764a2e430a59cef714,849544dd157f3158d43bdfc43440a86fac201ecf637e2258867d20b1c52a816e,burst,0.22959183673469388,0.288265306122449,0.19387755102040816,0.288265306122449,normal,0.7233883146568575,0.043164695883327414,0.0273456821450895,0.20610130731472628,normal,0.9866571617527736,0.002499085998531264,0.00158561812993487,0.009258134118760177
20261235,105,3360,3391,normal,ae2c30fa10850c7d859e9d441e1e76f5a1946a0dd33a86764a2e430a59cef714,849544dd157f3158d43bdfc43440a86fac201ecf637e2258867d20b1c52a816e,burst,0.22959183673469388,0.288265306122449,0.19387755102040816,0.288265306122449,burst,0.08836306526588092,0.3527811451632633,0.2717466245070404,0.28710916506381645,normal,0.7937612852179667,0.06753729340843939,0.07982240492319184,0.058879016450402014
20261235,106,3392,3423,normal,ae2c30fa10850c7d859e9d441e1e76f5a1946a0dd33a86764a2e430a59cef714,849544dd157f3158d43bdfc43440a86fac201ecf637e2258867d20b1c52a816e,burst,0.22959183673469388,0.288265306122449,0.19387755102040816,0.288265306122449,calibration_shift,0.20160799083454317,0.19932615464663597,0.04598660019248559,0.553079254326334,normal,0.7283794298081554,0.07139069773820467,0.028809821751063402,0.1714200507025765
20261235,107,3424,3455,normal,ae2c30fa10850c7d859e9d441e1e76f5a1946a0dd33a86764a2e430a59cef714,849544dd157f3158d43bdfc43440a86fac201ecf637e2258867d20b1c52a816e,burst,0.22959183673469388,0.288265306122449,0.19387755102040816,0.288265306122449,normal,0.5001761639690208,0.19944020292120976,0.1817711214730691,0.11861251163670145,normal,0.8853000379293394,0.039259893511469,0.03171416484897823,0.04372590371021334
20261235,108,3456,3487,normal,ae2c30fa10850c7d859e9d441e1e76f5a1946a0dd33a86764a2e430a59cef714,849544dd157f3158d43bdfc43440a86fac201ecf637e2258867d20b1c52a816e,burst,0.22959183673469388,0.288265306122449,0.19387755102040816,0.288265306122449,burst,0.025055677534856716,0.56262206101872,0.06419816238109018,0.34812409906533187,burst,0.2869381100024278,0.40489366867423027,0.06426125505929853,0.24390696626404326
20261235,109,3488,3519,normal,ae2c30fa10850c7d859e9d441e1e76f5a1946a0dd33a86764a2e430a59cef714,849544dd157f3158d43bdfc43440a86fac201ecf637e2258867d20b1c52a816e,burst,0.22959183673469388,0.288265306122449,0.19387755102040816,0.288265306122449,calibration_shift,0.4392810693814868,0.03246179955588096,0.020570871087887833,0.5076862599747444,normal,0.5405706389248319,0.04111968438184913,0.008857784969620247,0.4094518917236987
20261235,110,3520,3551,normal,ae2c30fa10850c7d859e9d441e1e76f5a1946a0dd33a86764a2e430a59cef714,849544dd157f3158d43bdfc43440a86fac201ecf637e2258867d20b1c52a816e,burst,0.22959183673469388,0.288265306122449,0.19387755102040816,0.288265306122449,normal,0.8020890375942307,0.08954434914904806,0.022731675573786192,0.08563493768293393,normal,0.9292363049626482,0.01049850341315842,0.0019803291982143827,0.05828486242597905
20261235,111,3552,3583,normal,ae2c30fa10850c7d859e9d441e1e76f5a1946a0dd33a86764a2e430a59cef714,849544dd157f3158d43bdfc43440a86fac201ecf637e2258867d20b1c52a816e,burst,0.22959183673469388,0.288265306122449,0.19387755102040816,0.288265306122449,normal,0.5941491043812456,0.13757414989137007,0.05616829773139385,0.21210844799598974,normal,0.9657769875622945,0.007196347662552458,0.0032708184908318396,0.023755846284321223
20261235,112,3584,3615,normal,ae2c30fa10850c7d859e9d441e1e76f5a1946a0dd33a86764a2e430a59cef714,849544dd157f3158d43bdfc43440a86fac201ecf637e2258867d20b1c52a816e,burst,0.22959183673469388,0.288265306122449,0.19387755102040816,0.288265306122449,normal,0.7651300289473029,0.05404583602256723,0.023686529964247797,0.1571376050658807,normal,0.9894408718567435,0.001912176695777747,0.0011323545374210871,0.007514596910057912
20261235,113,3616,3647,normal,ae2c30fa10850c7d859e9d441e1e76f5a1946a0dd33a86764a2e430a59cef714,849544dd157f3158d43bdfc43440a86fac201ecf637e2258867d20b1c52a816e,burst,0.22959183673469388,0.288265306122449,0.19387755102040816,0.288265306122449,normal,0.8663115673318219,0.0521828574570646,0.056084909837078936,0.025420665374035922,normal,0.996120470800093,0.0012280893236892992,0.0020371726188448238,0.0006142672573728478
20261235,114,3648,3679,burst,ae2c30fa10850c7d859e9d441e1e76f5a1946a0dd33a86764a2e430a59cef714,849544dd157f3158d43bdfc43440a86fac201ecf637e2258867d20b1c52a816e,burst,0.22959183673469388,0.288265306122449,0.19387755102040816,0.288265306122449,burst,0.05411777680738508,0.6488620793259763,0.05184728067996399,0.24517286318667555,normal,0.7557910077799247,0.17480877528042027,0.02398110172254388,0.04541911521711116
20261235,115,3680,3711,burst,ae2c30fa10850c7d859e9d441e1e76f5a1946a0dd33a86764a2e430a59cef714,849544dd157f3158d43bdfc43440a86fac201ecf637e2258867d20b1c52a816e,burst,0.22959183673469388,0.288265306122449,0.19387755102040816,0.288265306122449,burst,0.09205378497938031,0.5436627001138935,0.07827665454375506,0.28600686036297035,burst,0.391762734577723,0.489482691752778,0.02889582117655418,0.08985875249294477
20261235,116,3712,3743,burst,ae2c30fa10850c7d859e9d441e1e76f5a1946a0dd33a86764a2e430a59cef714,849544dd157f3158d43bdfc43440a86fac201ecf637e2258867d20b1c52a816e,burst,0.22959183673469388,0.288265306122449,0.19387755102040816,0.288265306122449,burst,0.0979557326621163,0.7394365653724186,0.10462790997635403,0.057979791989111566,burst,0.11949340504710886,0.844105215033497,0.020800356475348183,0.015601023444046007
20261235,117,3744,3775,burst,ae2c30fa10850c7d859e9d441e1e76f5a1946a0dd33a86764a2e430a59cef714,849544dd157f3158d43bdfc43440a86fac201ecf637e2258867d20b1c52a816e,burst,0.22959183673469388,0.288265306122449,0.19387755102040816,0.288265306122449,calibration_shift,0.1886045077367441,0.2854337312972777,0.20235414609440763,0.323607614871572,burst,0.12424336978400484,0.7889803621723277,0.04381715348726723,0.04295911455640026
20261235,118,3776,3807,burst,ae2c30fa10850c7d859e9d441e1e76f5a1946a0dd33a86764a2e430a59cef714,849544dd157f3158d43bdfc43440a86fac201ecf637e2258867d20b1c52a816e,burst,0.22959183673469388,0.288265306122449,0.19387755102040816,0.288265306122449,leakage,0.002170171646372346,0.3041835212212639,0.6681072548713787,0.025539052260985018,burst,0.0014431497028832858,0.7674277299125543,0.22527272075967653,0.005856399624885977
20261235,119,3808,3839,burst,ae2c30fa10850c7d859e9d441e1e76f5a1946a0dd33a86764a2e430a59cef714,849544dd157f3158d43bdfc43440a86fac201ecf637e2258867d20b1c52a816e,burst,0.22959183673469388,0.288265306122449,0.19387755102040816,0.288265306122449,burst,0.019541697755858803,0.5943449391903782,0.17881138656107362,0.20730197649268897,burst,0.001308691157543186,0.8575923271721031,0.12798761790357924,0.013111363766774473
20261235,120,3840,3871,burst,ae2c30fa10850c7d859e9d441e1e76f5a1946a0dd33a86764a2e430a59cef714,849544dd157f3158d43bdfc43440a86fac201ecf637e2258867d20b1c52a816e,burst,0.22959183673469388,0.288265306122449,0.19387755102040816,0.288265306122449,burst,0.04863138603998553,0.689675040919181,0.1606358542186181,0.10105771882221692,burst,0.0027077875485551884,0.9319176295029326,0.058948234425499034,0.00642634852301346
20261235,121,3872,3903,burst,ae2c30fa10850c7d859e9d441e1e76f5a1946a0dd33a86764a2e430a59cef714,849544dd157f3158d43bdfc43440a86fac201ecf637e2258867d20b1c52a816e,burst,0.22959183673469388,0.288265306122449,0.19387755102040816,0.288265306122449,normal,0.6851929105662941,0.15688290710815403,0.0632054441036109,0.09471873822194081,burst,0.1406927499587549,0.8009343206079814,0.04297389022589515,0.015399039207368511
20261235,122,3904,3935,burst,ae2c30fa10850c7d859e9d441e1e76f5a1946a0dd33a86764a2e430a59cef714,849544dd157f3158d43bdfc43440a86fac201ecf637e2258867d20b1c52a816e,burst,0.22959183673469388,0.288265306122449,0.19387755102040816,0.288265306122449,burst,0.03922330848498009,0.45744922582088504,0.26783099227726515,0.23549647341687216,burst,0.021688497146169446,0.8871881064154283,0.06752097510795653,0.02360242133044591
20261235,123,3936,3967,burst,ae2c30fa10850c7d859e9d441e1e76f5a1946a0dd33a86764a2e430a59cef714,849544dd157f3158d43bdfc43440a86fac201ecf637e2258867d20b1c52a816e,burst,0.22959183673469388,0.288265306122449,0.19387755102040816,0.288265306122449,burst,0.007145173392089707,0.8467194402790847,0.06300440797058704,0.08313097835823943,burst,0.0006500735144137363,0.9823041728379407,0.011503135480342574,0.00554261816730308
20261235,124,3968,3999,burst,ae2c30fa10850c7d859e9d441e1e76f5a1946a0dd33a86764a2e430a59cef714,849544dd157f3158d43bdfc43440a86fac201ecf637e2258867d20b1c52a816e,burst,0.22959183673469388,0.288265306122449,0.19387755102040816,0.288265306122449,burst,0.18263946338906256,0.45842129605519455,0.08144571031126102,0.27749353024448126,burst,0.012480770013504039,0.9642500594575543,0.0076556620974659335,0.015613508431475928
20261235,125,4000,4031,burst,ae2c30fa10850c7d859e9d441e1e76f5a1946a0dd33a86764a2e430a59cef714,849544dd157f3158d43bdfc43440a86fac201ecf637e2258867d20b1c52a816e,burst,0.22959183673469388,0.288265306122449,0.19387755102040816,0.288265306122449,burst,0.4071192002486684,0.4566610176415051,0.01554217999401149,0.1206776021158137,burst,0.04699119851364091,0.9417355299027934,0.0012587600959480469,0.010014511487617476
20261235,126,4032,4063,burst,ae2c30fa10850c7d859e9d441e1e76f5a1946a0dd33a86764a2e430a59cef714,849544dd157f3158d43bdfc43440a86fac201ecf637e2258867d20b1c52a816e,burst,0.22959183673469388,0.288265306122449,0.19387755102040816,0.288265306122449,burst,0.2329845629789199,0.48837748523263924,0.1979510819793336,0.08068686980910586,burst,0.04926954324953971,0.9351277873853873,0.010342055319205177,0.005260614045867859
20261235,127,4064,4095,burst,ae2c30fa10850c7d859e9d441e1e76f5a1946a0dd33a86764a2e430a59cef714,849544dd157f3158d43bdfc43440a86fac201ecf637e2258867d20b1c52a816e,burst,0.22959183673469388,0.288265306122449,0.19387755102040816,0.288265306122449,burst,0.06498533393773395,0.4485861098792885,0.09880523223455635,0.38762332394842236,burst,0.015806595117788508,0.9508067254965314,0.009962441933490789,0.02342423745218935
20261236,0,0,31,calibration_shift,f227d3d3b7eed658c880c21b3e4eeca55e50f65aeef7213904d85b95ea9f09c3,84500c2ad659fb0a2698ce949d6ffbd96b01975244d2ac88219956a1ebab100b,burst,0.22959183673469388,0.288265306122449,0.19387755102040816,0.288265306122449,calibration_shift,0.13589513332099235,0.10549398179298108,0.007152185626992524,0.7514586992590351,calibration_shift,0.11780011968634349,0.1053795391319267,0.010954331051974004,0.7658660101297559
20261236,1,32,63,calibration_shift,f227d3d3b7eed658c880c21b3e4eeca55e50f65aeef7213904d85b95ea9f09c3,84500c2ad659fb0a2698ce949d6ffbd96b01975244d2ac88219956a1ebab100b,burst,0.22959183673469388,0.288265306122449,0.19387755102040816,0.288265306122449,calibration_shift,0.3892999774081634,0.13583932456821637,0.04084191773240929,0.4340187802912097,calibration_shift,0.18146688216713602,0.04266766467481835,0.004717280792831362,0.7711481723652143
20261236,2,64,95,calibration_shift,f227d3d3b7eed658c880c21b3e4eeca55e50f65aeef7213904d85b95ea9f09c3,84500c2ad659fb0a2698ce949d6ffbd96b01975244d2ac88219956a1ebab100b,burst,0.22959183673469388,0.288265306122449,0.19387755102040816,0.288265306122449,calibration_shift,0.01629067509658139,0.02638391443870213,0.0010777585197446252,0.9562476519449719,calibration_shift,0.006165322190259066,0.0025471464673926135,5.5969258273583495e-05,0.9912315620840748
20261236,3,96,127,calibration_shift,f227d3d3b7eed658c880c21b3e4eeca55e50f65aeef7213904d85b95ea9f09c3,84500c2ad659fb0a2698ce949d6ffbd96b01975244d2ac88219956a1ebab100b,burst,0.22959183673469388,0.288265306122449,0.19387755102040816,0.288265306122449,burst,0.12856099875462898,0.42786104202743774,0.08341221392330889,0.36016574529462464,calibration_shift,0.014714971575814282,0.024851486439631938,0.004483557845986686,0.955949984138567
20261236,4,128,159,calibration_shift,f227d3d3b7eed658c880c21b3e4eeca55e50f65aeef7213904d85b95ea9f09c3,84500c2ad659fb0a2698ce949d6ffbd96b01975244d2ac88219956a1ebab100b,burst,0.22959183673469388,0.288265306122449,0.19387755102040816,0.288265306122449,burst,0.021969041661403177,0.7160258414363135,0.037332841321331925,0.22467227558095285,calibration_shift,0.00505197426862505,0.14020016700508656,0.004742377606743714,0.8500054811195445
20261236,5,160,191,calibration_shift,f227d3d3b7eed658c880c21b3e4eeca55e50f65aeef7213904d85b95ea9f09c3,84500c2ad659fb0a2698ce949d6ffbd96b01975244d2ac88219956a1ebab100b,burst,0.22959183673469388,0.288265306122449,0.19387755102040816,0.288265306122449,leakage,0.16339156991384635,0.07046030886357388,0.680137626632264,0.0860104945903161,calibration_shift,0.06247815992694764,0.10300948781022468,0.1974057490599764,0.6371066032028513
20261236,6,192,223,calibration_shift,f227d3d3b7eed658c880c21b3e4eeca55e50f65aeef7213904d85b95ea9f09c3,84500c2ad659fb0a2698ce949d6ffbd96b01975244d2ac88219956a1ebab100b,burst,0.22959183673469388,0.288265306122449,0.19387755102040816,0.288265306122449,burst,0.02316865236719886,0.6737023940388756,0.14729497473772013,0.1558339788562038,calibration_shift,0.012201086737654276,0.36817374255210716,0.2061895436556232,0.41343562705461545
20261236,7,224,255,calibration_shift,f227d3d3b7eed658c880c21b3e4eeca55e50f65aeef7213904d85b95ea9f09c3,84500c2ad659fb0a2698ce949d6ffbd96b01975244d2ac88219956a1ebab100b,burst,0.22959183673469388,0.288265306122449,0.19387755102040816,0.288265306122449,calibration_shift,0.07219110694180017,0.330622052789257,0.0330268996478065,0.564159940621136,calibration_shift,0.010850482846649545,0.3279474145538929,0.029832028410558164,0.6313700741888995
20261236,8,256,287,calibration_shift,f227d3d3b7eed658c880c21b3e4eeca55e50f65aeef7213904d85b95ea9f09c3,84500c2ad659fb0a2698ce949d6ffbd96b01975244d2ac88219956a1ebab100b,burst,0.22959183673469388,0.288265306122449,0.19387755102040816,0.288265306122449,calibration_shift,0.007388585698164089,0.3171343559112555,0.011794901705996744,0.6636821566845849,calibration_shift,0.0007677329123366843,0.20685353815798824,0.0017468913425021523,0.7906318375871729
20261236,9,288,319,calibration_shift,f227d3d3b7eed658c880c21b3e4eeca55e50f65aeef7213904d85b95ea9f09c3,84500c2ad659fb0a2698ce949d6ffbd96b01975244d2ac88219956a1ebab100b,burst,0.22959183673469388,0.288265306122449,0.19387755102040816,0.288265306122449,calibration_shift,0.17598098089821484,0.27967236175809235,0.0681495041515821,0.47619715319210937,calibration_shift,0.013865903054267924,0.14462191378000888,0.004046766892550496,0.8374654162731727
20261236,10,320,351,calibration_shift,f227d3d3b7eed658c880c21b3e4eeca55e50f65aeef7213904d85b95ea9f09c3,84500c2ad659fb0a2698ce949d6ffbd96b01975244d2ac88219956a1ebab100b,burst,0.22959183673469388,0.288265306122449,0.19387755102040816,0.288265306122449,normal,0.6651881756130609,0.024446401619907004,0.024365558720166318,0.28599986404686495,calibration_shift,0.1378390943204824,0.014863699301384767,0.0027878532217711456,0.8445093531563618
20261236,11,352,383,calibration_shift,f227d3d3b7eed658c880c21b3e4eeca55e50f65aeef7213904d85b95ea9f09c3,84500c2ad659fb0a2698ce949d6ffbd96b01975244d2ac88219956a1ebab100b,burst,0.22959183673469388,0.288265306122449,0.19387755102040816,0.288265306122449,calibration_shift,0.10316607242333635,0.2453722949224474,0.023541751243152283,0.6279198814110638,calibration_shift,0.04125164715948908,0.017568460094071772,0.0013667913097268453,0.9398131014367124
20261236,12,384,415,calibration_shift,f227d3d3b7eed658c880c21b3e4eeca55e50f65aeef7213904d85b95ea9f09c3,84500c2ad659fb0a2698ce949d6ffbd96b01975244d2ac88219956a1ebab100b,burst,0.22959183673469388,0.288265306122449,0.19387755102040816,0.288265306122449,calibration_shift,0.07737746854573813,0.19621790596560845,0.043664952954349606,0.682739672534305,calibration_shift,0.011382685750101785,0.012459674506967597,0.0017360381404425507,0.974421601602488
20261236,13,416,447,calibration_shift,f227d3d3b7eed658c880c21b3e4eeca55e50f65aeef7213904d85b95ea9f09c3,84500c2ad659fb0a2698ce949d6ffbd96b01975244d2ac88219956a1ebab100b,burst,0.22959183673469388,0.288265306122449,0.19387755102040816,0.288265306122449,calibration_shift,0.16786999211685288,0.03704246710458424,0.013172463476292369,0.7819150773022691,calibration_shift,0.011347280696309785,0.001675796246531699,0.00043538933603896093,0.9865415337211196
20261236,14,448,479,calibration_shift,f227d3d3b7eed658c880c21b3e4eeca55e50f65aeef7213904d85b95ea9f09c3,84500c2ad659fb0a2698ce949d6ffbd96b01975244d2ac88219956a1ebab100b,burst,0.22959183673469388,0.288265306122449,0.19387755102040816,0.288265306122449,calibration_shift,0.05978110540190931,0.21959501096390116,0.018814337396058204,0.7018095462381302,calibration_shift,0.004396402869889117,0.006442695706482675,0.0005832688384074351,0.9885776325852208
20261236,15,480,511,calibration_shift,f227d3d3b7eed658c880c21b3e4eeca55e50f65aeef7213904d85b95ea9f09c3,84500c2ad659fb0a2698ce949d6ffbd96b01975244d2ac88219956a1ebab100b,burst,0.22959183673469388,0.288265306122449,0.19387755102040816,0.288265306122449,calibration_shift,0.010557423721682588,0.2595862386811758,0.03185181545847904,0.6980045221386635,calibration_shift,0.0006015860238071657,0.01006695373072674,0.0009982247473855107,0.9883332354980807
20261236,16,512,543,calibration_shift,f227d3d3b7eed658c880c21b3e4eeca55e50f65aeef7213904d85b95ea9f09c3,84500c2ad659fb0a2698ce949d6ffbd96b01975244d2ac88219956a1ebab100b,burst,0.22959183673469388,0.288265306122449,0.19387755102040816,0.288265306122449,calibration_shift,0.2641499989151108,0.19950045575475833,0.02788959699022022,0.508459948339912,calibration_shift,0.016273541426513764,0.012126440618530366,0.0012276595995518401,0.9703723583554039
20261236,17,544,575,calibration_shift,f227d3d3b7eed658c880c21b3e4eeca55e50f65aeef7213904d85b95ea9f09c3,84500c2ad659fb0a2698ce949d6ffbd96b01975244d2ac88219956a1ebab100b,burst,0.22959183673469388,0.288265306122449,0.19387755102040816,0.288265306122449,normal,0.47491958299402337,0.058700924156106546,0.016489034281276658,0.44989045856859244,calibration_shift,0.060902990706929394,0.004354961244403778,0.0008652275919389408,0.9338768204567278
20261236,18,576,607,normal,f227d3d3b7eed658c880c21b3e4eeca55e50f65aeef7213904d85b95ea9f09c3,84500c2ad659fb0a2698ce949d6ffbd96b01975244d2ac88219956a1ebab100b,burst,0.22959183673469388,0.288265306122449,0.19387755102040816,0.288265306122449,burst,0.09518183298706819,0.7312305839782838,0.11548453590299053,0.05810304713165762,calibration_shift,0.13391282477607072,0.2147855915303413,0.033227911273134764,0.6180736724204532
20261236,19,608,639,normal,f227d3d3b7eed658c880c21b3e4eeca55e50f65aeef7213904d85b95ea9f09c3,84500c2ad659fb0a2698ce949d6ffbd96b01975244d2ac88219956a1ebab100b,burst,0.22959183673469388,0.288265306122449,0.19387755102040816,0.288265306122449,normal,0.5777122410490356,0.12230700471971448,0.041345422637684606,0.2586353315935664,calibration_shift,0.3973652616622523,0.09183686347733767,0.011479374506261375,0.4993185003541486
20261236,20,640,671,normal,f227d3d3b7eed658c880c21b3e4eeca55e50f65aeef7213904d85b95ea9f09c3,84500c2ad659fb0a2698ce949d6ffbd96b01975244d2ac88219956a1ebab100b,burst,0.22959183673469388,0.288265306122449,0.19387755102040816,0.288265306122449,normal,0.5291899141631097,0.31838864323835464,0.0881474422640191,0.06427400033451845,normal,0.7892680415103733,0.10782677351025963,0.013756650588105409,0.0891485343912615
20261236,21,672,703,normal,f227d3d3b7eed658c880c21b3e4eeca55e50f65aeef7213904d85b95ea9f09c3,84500c2ad659fb0a2698ce949d6ffbd96b01975244d2ac88219956a1ebab100b,burst,0.22959183673469388,0.288265306122449,0.19387755102040816,0.288265306122449,calibration_shift,0.02349560117082498,0.17545498521127673,0.00240444101873935,0.7986449725991581,calibration_shift,0.16959786480849193,0.17571411432083045,0.0011392472487224373,0.6535487736219553
20261236,22,704,735,normal,f227d3d3b7eed658c880c21b3e4eeca55e50f65aeef7213904d85b95ea9f09c3,84500c2ad659fb0a2698ce949d6ffbd96b01975244d2ac88219956a1ebab100b,burst,0.22959183673469388,0.288265306122449,0.19387755102040816,0.288265306122449,normal,0.9395385893090732,0.005610372382254539,0.01674240148207915,0.03810863682659436,normal,0.9038789070010324,0.004140528430360463,0.001877772870105131,0.09010279169850191
20261236,23,736,767,normal,f227d3d3b7eed658c880c21b3e4eeca55e50f65aeef7213904d85b95ea9f09c3,84500c2ad659fb0a2698ce949d6ffbd96b01975244d2ac88219956a1ebab100b,burst,0.22959183673469388,0.288265306122449,0.19387755102040816,0.288265306122449,burst,0.21298610724567926,0.3774387218238747,0.282433460888787,0.12714171004165734,normal,0.8673131759691781,0.039920113098214936,0.041863322426378635,0.05090338850622827
20261236,24,768,799,normal,f227d3d3b7eed658c880c21b3e4eeca55e50f65aeef7213904d85b95ea9f09c3,84500c2ad659fb0a2698ce949d6ffbd96b01975244d2ac88219956a1ebab100b,burst,0.22959183673469388,0.288265306122449,0.19387755102040816,0.288265306122449,normal,0.6241734953241448,0.19304400858235743,0.16642344850286497,0.016359047590634224,normal,0.9526023060070933,0.01911957458357344,0.026540765836643533,0.0017373535726897694
20261236,25,800,831,normal,f227d3d3b7eed658c880c21b3e4eeca55e50f65aeef7213904d85b95ea9f09c3,84500c2ad659fb0a2698ce949d6ffbd96b01975244d2ac88219956a1ebab100b,burst,0.22959183673469388,0.288265306122449,0.19387755102040816,0.288265306122449,burst,0.08120286751324671,0.5677611404240447,0.10452246601373581,0.24651352604897228,normal,0.7022413712842114,0.1948773612931371,0.06677457493968528,0.03610669248296618
20261236,26,832,863,normal,f227d3d3b7eed658c880c21b3e4eeca55e50f65aeef7213904d85b95ea9f09c3,84500c2ad659fb0a2698ce949d6ffbd96b01975244d2ac88219956a1ebab100b,burst,0.22959183673469388,0.288265306122449,0.19387755102040816,0.288265306122449,burst,0.40094841809162307,0.44994279861411507,0.08523107986517439,0.06387770342908823,normal,0.754177218970146,0.2100591828032749,0.02726726779395811,0.008496330432620807
20261236,27,864,895,normal,f227d3d3b7eed658c880c21b3e4eeca55e50f65aeef7213904d85b95ea9f09c3,84500c2ad659fb0a2698ce949d6ffbd96b01975244d2ac88219956a1ebab100b,burst,0.22959183673469388,0.288265306122449,0.19387755102040816,0.288265306122449,calibration_shift,0.3062685708077499,0.015476119623085115,0.0016836233825578504,0.6765716861866063,normal,0.9217723452997378,0.011486320079402514,0.000467341525963463,0.06627399309489611
20261236,28,896,927,normal,f227d3d3b7eed658c880c21b3e4eeca55e50f65aeef7213904d85b95ea9f09c3,84500c2ad659fb0a2698ce949d6ffbd96b01975244d2ac88219956a1ebab100b,burst,0.22959183673469388,0.288265306122449,0.19387755102040816,0.288265306122449,normal,0.40640339257327146,0.23170905952835075,0.0263633933336335,0.3355241545647454,normal,0.9224365699882028,0.017590113683937748,0.0019429371207777724,0.058030379207081796
20261236,29,928,959,normal,f227d3d3b7eed658c880c21b3e4eeca55e50f65aeef7213904d85b95ea9f09c3,84500c2ad659fb0a2698ce949d6ffbd96b01975244d2ac88219956a1ebab100b,burst,0.22959183673469388,0.288265306122449,0.19387755102040816,0.288265306122449,burst,0.021554974680338696,0.59185139735764,0.1096905135524511,0.27690311440956894,burst,0.316326792411189,0.34397417850576023,0.058047119515219396,0.2816519095678313
20261236,30,960,991,normal,f227d3d3b7eed658c880c21b3e4eeca55e50f65aeef7213904d85b95ea9f09c3,84500c2ad659fb0a2698ce949d6ffbd96b01975244d2ac88219956a1ebab100b,burst,0.22959183673469388,0.288265306122449,0.19387755102040816,0.288265306122449,normal,0.5710028193303678,0.03958799076670914,0.023185669485788027,0.3662235204171344,normal,0.6638175590831729,0.03768885180091347,0.008123458071279337,0.29037013104463427
20261236,31,992,1023,normal,f227d3d3b7eed658c880c21b3e4eeca55e50f65aeef7213904d85b95ea9f09c3,84500c2ad659fb0a2698ce949d6ffbd96b01975244d2ac88219956a1ebab100b,burst,0.22959183673469388,0.288265306122449,0.19387755102040816,0.288265306122449,normal,0.6143634954693429,0.20346223483018352,0.08896287064188897,0.09321139905858601,normal,0.917684410872071,0.024359601943127092,0.008322790258835559,0.04963319692596628
20261236,32,1024,1055,normal,f227d3d3b7eed658c880c21b3e4eeca55e50f65aeef7213904d85b95ea9f09c3,84500c2ad659fb0a2698ce949d6ffbd96b01975244d2ac88219956a1ebab100b,burst,0.22959183673469388,0.288265306122449,0.19387755102040816,0.288265306122449,normal,0.7888986563848114,0.03903763113284679,0.011292409682373985,0.16077130279996737,normal,0.9844364844783873,0.002265202704578983,0.0006799884737463265,0.012618324343287475
20261236,33,1056,1087,normal,f227d3d3b7eed658c880c21b3e4eeca55e50f65aeef7213904d85b95ea9f09c3,84500c2ad659fb0a2698ce949d6ffbd96b01975244d2ac88219956a1ebab100b,burst,0.22959183673469388,0.288265306122449,0.19387755102040816,0.288265306122449,calibration_shift,0.44621056493076067,0.04649207129146118,0.0012573676913348224,0.5060399960864442,normal,0.969236704135391,0.0021290488531110316,8.397735413534082e-05,0.028550269657362633
20261236,34,1088,1119,normal,f227d3d3b7eed658c880c21b3e4eeca55e50f65aeef7213904d85b95ea9f09c3,84500c2ad659fb0a2698ce949d6ffbd96b01975244d2ac88219956a1ebab100b,burst,0.22959183673469388,0.288265306122449,0.19387755102040816,0.288265306122449,calibration_shift,0.3203182485407724,0.024165611968368167,0.0005022030240790764,0.6550139364667814,normal,0.9218827278501923,0.0014870760336315111,4.275505429619965e-05,0.07658744106188005
20261236,35,1120,1151,normal,f227d3d3b7eed658c880c21b3e4eeca55e50f65aeef7213904d85b95ea9f09c3,84500c2ad659fb0a2698ce949d6ffbd96b01975244d2ac88219956a1ebab100b,burst,0.22959183673469388,0.288265306122449,0.19387755102040816,0.288265306122449,normal,0.7038964268844985,0.07113355870983264,0.012602297175725993,0.21236771722994413,normal,0.9724667949218642,0.0021497354156239596,0.0005375530884609434,0.024845916574050934
20261236,36,1152,1183,normal,f227d3d3b7eed658c880c21b3e4eeca55e50f65aeef7213904d85b95ea9f09c3,84500c2ad659fb0a2698ce949d6ffbd96b01975244d2ac88219956a1ebab100b,burst,0.22959183673469388,0.288265306122449,0.19387755102040816,0.288265306122449,normal,0.674907465586808,0.03826243513033843,0.013505399933364163,0.2733246993494911,normal,0.9833410312294392,0.0011890432173296483,0.0006066780496396764,0.014863247503591553
20261236,37,1184,1215,normal,f227d3d3b7eed658c880c21b3e4eeca55e50f65aeef7213904d85b95ea9f09c3,84500c2ad659fb0a2698ce949d6ffbd96b01975244d2ac88219956a1ebab100b,burst,0.22959183673469388,0.288265306122449,0.19387755102040816,0.288265306122449,normal,0.8355767277025341,0.05075529701438816,0.04068406019878461,0.07298391508429462,normal,0.9948921758720365,0.0011906861777842281,0.001481667588975867,0.002435470361203492
20261236,38,1216,1247,leakage,f227d3d3b7eed658c880c21b3e4eeca55e50f65aeef7213904d85b95ea9f09c3,84500c2ad659fb0a2698ce949d6ffbd96b01975244d2ac88219956a1ebab100b,burst,0.22959183673469388,0.288265306122449,0.19387755102040816,0.288265306122449,burst,0.17241140239684444,0.4365493667504434,0.30801732077689065,0.08302191007581991,normal,0.8979399416023239,0.043880845294781666,0.0514458279408239,0.006733385162070388
20261236,39,1248,1279,leakage,f227d3d3b7eed658c880c21b3e4eeca55e50f65aeef7213904d85b95ea9f09c3,84500c2ad659fb0a2698ce949d6ffbd96b01975244d2ac88219956a1ebab100b,burst,0.22959183673469388,0.288265306122449,0.19387755102040816,0.288265306122449,normal,0.7249909123298458,0.06969873839233082,0.1371524658308759,0.06815788344694693,normal,0.9704558155589958,0.00616398080846855,0.021073757357922374,0.002306446274613398
20261236,40,1280,1311,leakage,f227d3d3b7eed658c880c21b3e4eeca55e50f65aeef7213904d85b95ea9f09c3,84500c2ad659fb0a2698ce949d6ffbd96b01975244d2ac88219956a1ebab100b,burst,0.22959183673469388,0.288265306122449,0.19387755102040816,0.288265306122449,leakage,0.012604201958723452,0.16334138138668283,0.7830672951703633,0.0409871214842311,leakage,0.18480902412941716,0.0625860467984487,0.7424510121831887,0.010153916888945633
20261236,41,1312,1343,leakage,f227d3d3b7eed658c880c21b3e4eeca55e50f65aeef7213904d85b95ea9f09c3,84500c2ad659fb0a2698ce949d6ffbd96b01975244d2ac88219956a1ebab100b,burst,0.22959183673469388,0.288265306122449,0.19387755102040816,0.288265306122449,leakage,0.0022687874818733316,0.21483285823882295,0.7287895520176589,0.054108802261643864,leakage,0.000726237670672372,0.023223022985724564,0.972979677832956,0.0030710615106472497
20261236,42,1344,1375,leakage,f227d3d3b7eed658c880c21b3e4eeca55e50f65aeef7213904d85b95ea9f09c3,84500c2ad659fb0a2698ce949d6ffbd96b01975244d2ac88219956a1ebab100b,burst,0.22959183673469388,0.288265306122449,0.19387755102040816,0.288265306122449,leakage,0.13938763570733656,0.26223146386850227,0.43787059216197866,0.16051030826218363,leakage,0.00563876915707001,0.018572315689173127,0.9662223877013896,0.009566527452367309
20261236,43,1376,1407,leakage,f227d3d3b7eed658c880c21b3e4eeca55e50f65aeef7213904d85b95ea9f09c3,84500c2ad659fb0a2698ce949d6ffbd96b01975244d2ac88219956a1ebab100b,burst,0.22959183673469388,0.288265306122449,0.19387755102040816,0.288265306122449,burst,0.08403819635756953,0.5243375011060689,0.25973144208785004,0.13189286044851145,leakage,0.007477128513024187,0.05420716790090627,0.9226190196110093,0.015696683975060178
20261236,44,1408,1439,leakage,f227d3d3b7eed658c880c21b3e4eeca55e50f65aeef7213904d85b95ea9f09c3,84500c2ad659fb0a2698ce949d6ffbd96b01975244d2ac88219956a1ebab100b,burst,0.22959183673469388,0.288265306122449,0.19387755102040816,0.288265306122449,burst,0.2613626149186286,0.4794566447845716,0.08325699332093188,0.17592374697586818,leakage,0.06109070293129692,0.21972448826718685,0.6624048676933669,0.056779941108149184
20261236,45,1440,1471,leakage,f227d3d3b7eed658c880c21b3e4eeca55e50f65aeef7213904d85b95ea9f09c3,84500c2ad659fb0a2698ce949d6ffbd96b01975244d2ac88219956a1ebab100b,burst,0.22959183673469388,0.288265306122449,0.19387755102040816,0.288265306122449,burst,0.026361666999280657,0.4636042802744516,0.37551662951419834,0.134517423212071,leakage,0.006236588031643582,0.22059167731570992,0.746949295814572,0.026222438838074433
20261236,46,1472,1503,leakage,f227d3d3b7eed658c880c21b3e4eeca55e50f65aeef7213904d85b95ea9f09c3,84500c2ad659fb0a2698ce949d6ffbd96b01975244d2ac88219956a1ebab100b,burst,0.22959183673469388,0.288265306122449,0.19387755102040816,0.288265306122449,leakage,0.02251709701590376,0.17458644633407494,0.7423784044671183,0.060518052182901884,leakage,0.0010652231843187889,0.04741582010446759,0.9469518986888229,0.004567058022390721
20261236,47,1504,1535,leakage,f227d3d3b7eed658c880c21b3e4eeca55e50f65aeef7213904d85b95ea9f09c3,84500c2ad659fb0a2698ce949d6ffbd96b01975244d2ac88219956a1ebab100b,burst,0.22959183673469388,0.288265306122449,0.19387755102040816,0.288265306122449,normal,0.620587344016544,0.1020176241111623,0.05763606561874111,0.2197589662535528,leakage,0.15151608873143904,0.06355242902841617,0.705937783603962,0.07899369863618291
20261236,48,1536,1567,leakage,f227d3d3b7eed658c880c21b3e4eeca55e50f65aeef7213904d85b95ea9f09c3,84500c2ad659fb0a2698ce949d6ffbd96b01975244d2ac88219956a1ebab100b,burst,0.22959183673469388,0.288265306122449,0.19387755102040816,0.288265306122449,leakage,0.0033141654352361804,0.13163827452939067,0.8551014042732497,0.009946155762123876,leakage,0.0008238505165855426,0.013106052605318996,0.9847712576452676,0.0012988392328278627
20261236,49,1568,1599,leakage,f227d3d3b7eed658c880c21b3e4eeca55e50f65aeef7213904d85b95ea9f09c3,84500c2ad659fb0a2698ce949d6ffbd96b01975244d2ac88219956a1ebab100b,burst,0.22959183673469388,0.288265306122449,0.19387755102040816,0.288265306122449,burst,0.140045125596983,0.5593587316700288,0.1737170993187291,0.12687904341426007,leakage,0.01303561800374237,0.06971646182635012,0.9010334083284203,0.0162145118414872
20261236,50,1600,1631,leakage,f227d3d3b7eed658c880c21b3e4eeca55e50f65aeef7213904d85b95ea9f09c3,84500c2ad659fb0a2698ce949d6ffbd96b01975244d2ac88219956a1ebab100b,burst,0.22959183673469388,0.288265306122449,0.19387755102040816,0.288265306122449,burst,0.005172708806952218,0.7396607309331271,0.024190021249182972,0.23097653901073606,burst,0.0022058942368302914,0.6051702641276516,0.28034457031661547,0.11227927131890272
20261236,51,1632,1663,leakage,f227d3d3b7eed658c880c21b3e4eeca55e50f65aeef7213904d85b95ea9f09c3,84500c2ad659fb0a2698ce949d6ffbd96b01975244d2ac88219956a1ebab100b,burst,0.22959183673469388,0.288265306122449,0.19387755102040816,0.288265306122449,leakage,0.0197632089730199,0.33715512889764687,0.6383405419162552,0.00474112021307738,leakage,0.0015525086045893252,0.4094639536232542,0.5875783259330348,0.0014052118391218074
20261236,52,1664,1695,leakage,f227d3d3b7eed658c880c21b3e4eeca55e50f65aeef7213904d85b95ea9f09c3,84500c2ad659fb0a2698ce949d6ffbd96b01975244d2ac88219956a1ebab100b,burst,0.22959183673469388,0.288265306122449,0.19387755102040816,0.288265306122449,leakage,0.12345378176619486,0.29178804322439655,0.4606477070797762,0.12411046792963061,leakage,0.007682421077738501,0.22326794299304956,0.7615143876014273,0.0075352483277847165
20261236,53,1696,1727,leakage,f227d3d3b7eed658c880c21b3e4eeca55e50f65aeef7213904d85b95ea9f09c3,84500c2ad659fb0a2698ce949d6ffbd96b01975244d2ac88219956a1ebab100b,burst,0.22959183673469388,0.288265306122449,0.19387755102040816,0.288265306122449,leakage,0.0018476499938922316,0.4311522481267752,0.5604874363942381,0.0065126654850957266,leakage,0.00010740542698475275,0.13952561020733295,0.859980012941613,0.0003869714240691831
20261236,54,1728,1759,leakage,f227d3d3b7eed658c880c21b3e4eeca55e50f65aeef7213904d85b95ea9f09c3,84500c2ad659fb0a2698ce949d6ffbd96b01975244d2ac88219956a1ebab100b,burst,0.22959183673469388,0.288265306122449,0.19387755102040816,0.288265306122449,leakage,4.8593550766547116e-05,0.004720918525190615,0.99517399421867,5.649370537118025e-05,leakage,1.0301965234809585e-06,0.0005955542192110063,0.999401919328543,1.4962557224484382e-06
20261236,55,1760,1791,burst,f227d3d3b7eed658c880c21b3e4eeca55e50f65aeef7213904d85b95ea9f09c3,84500c2ad659fb0a2698ce949d6ffbd96b01975244d2ac88219956a1ebab100b,burst,0.22959183673469388,0.288265306122449,0.19387755102040816,0.288265306122449,burst,0.2298587643608938,0.45030843133847165,0.17642045096213535,0.14341235333850078,leakage,0.018953552145893195,0.030086214556646496,0.9341457082584727,0.016814525038987792
20261236,56,1792,1823,burst,f227d3d3b7eed658c880c21b3e4eeca55e50f65aeef7213904d85b95ea9f09c3,84500c2ad659fb0a2698ce949d6ffbd96b01975244d2ac88219956a1ebab100b,burst,0.22959183673469388,0.288265306122449,0.19387755102040816,0.288265306122449,calibration_shift,0.23087895259121918,0.17168053810200734,0.19317434006058293,0.4042661692461892,leakage,0.04187799503731657,0.02994551758241443,0.8547090306134514,0.07346745676681758
20261236,57,1824,1855,burst,f227d3d3b7eed658c880c21b3e4eeca55e50f65aeef7213904d85b95ea9f09c3,84500c2ad659fb0a2698ce949d6ffbd96b01975244d2ac88219956a1ebab100b,burst,0.22959183673469388,0.288265306122449,0.19387755102040816,0.288265306122449,normal,0.8089579365429131,0.06482606693003308,0.06124228371564457,0.06497371281141003,leakage,0.44964859916153566,0.022366829665133245,0.48120072734624897,0.04678384382708218
20261236,58,1856,1887,burst,f227d3d3b7eed658c880c21b3e4eeca55e50f65aeef7213904d85b95ea9f09c3,84500c2ad659fb0a2698ce949d6ffbd96b01975244d2ac88219956a1ebab100b,burst,0.22959183673469388,0.288265306122449,0.19387755102040816,0.288265306122449,normal,0.44583979204514,0.2985258606018594,0.03930868150029276,0.2163256658527076,normal,0.8052686248727068,0.04771193623992442,0.0913417848245411,0.055677654062827764
20261236,59,1888,1919,burst,f227d3d3b7eed658c880c21b3e4eeca55e50f65aeef7213904d85b95ea9f09c3,84500c2ad659fb0a2698ce949d6ffbd96b01975244d2ac88219956a1ebab100b,burst,0.22959183673469388,0.288265306122449,0.19387755102040816,0.288265306122449,burst,0.009219535556979306,0.48703661897164535,0.17502959098570617,0.32871425448566904,burst,0.08606264837038963,0.3549507400190215,0.3084150994083453,0.2505715122022436
20261236,60,1920,1951,burst,f227d3d3b7eed658c880c21b3e4eeca55e50f65aeef7213904d85b95ea9f09c3,84500c2ad659fb0a2698ce949d6ffbd96b01975244d2ac88219956a1ebab100b,burst,0.22959183673469388,0.288265306122449,0.19387755102040816,0.288265306122449,burst,0.07194491265964953,0.5055340670790107,0.19616210647856197,0.22635891378277748,burst,0.0315083618527161,0.5194414663533012,0.2727102084485163,0.17633996334546637
20261236,61,1952,1983,burst,f227d3d3b7eed658c880c21b3e4eeca55e50f65aeef7213904d85b95ea9f09c3,84500c2ad659fb0a2698ce949d6ffbd96b01975244d2ac88219956a1ebab100b,burst,0.22959183673469388,0.288265306122449,0.19387755102040816,0.288265306122449,normal,0.5266854468266258,0.2445743183945843,0.2083078825053463,0.020432352273443435,burst,0.16631929326085063,0.47327191330709983,0.34457617581483563,0.015832617617213884
20261236,62,1984,2015,burst,f227d3d3b7eed658c880c21b3e4eeca55e50f65aeef7213904d85b95ea9f09c3,84500c2ad659fb0a2698ce949d6ffbd96b01975244d2ac88219956a1ebab100b,burst,0.22959183673469388,0.288265306122449,0.19387755102040816,0.288265306122449,burst,0.009173677472769742,0.7409737424322665,0.07032351104506084,0.17952906904990243,burst,0.005767974507775235,0.8760774588245002,0.09626413627058786,0.021890430397136944
20261236,63,2016,2047,burst,f227d3d3b7eed658c880c21b3e4eeca55e50f65aeef7213904d85b95ea9f09c3,84500c2ad659fb0a2698ce949d6ffbd96b01975244d2ac88219956a1ebab100b,burst,0.22959183673469388,0.288265306122449,0.19387755102040816,0.288265306122449,normal,0.6038940000365269,0.12627072003155923,0.04307296121575236,0.22676231871616143,burst,0.17067451839918207,0.70658525805502,0.05063797433687869,0.07210224920891907
20261236,64,2048,2079,burst,f227d3d3b7eed658c880c21b3e4eeca55e50f65aeef7213904d85b95ea9f09c3,84500c2ad659fb0a2698ce949d6ffbd96b01975244d2ac88219956a1ebab100b,burst,0.22959183673469388,0.288265306122449,0.19387755102040816,0.288265306122449,burst,0.16592196420527386,0.4685170830260311,0.09881170464940259,0.26674924811929257,burst,0.10671051743832417,0.799541605144802,0.028122423519768527,0.06562545389710522
20261236,65,2080,2111,burst,f227d3d3b7eed658c880c21b3e4eeca55e50f65aeef7213904d85b95ea9f09c3,84500c2ad659fb0a2698ce949d6ffbd96b01975244d2ac88219956a1ebab100b,burst,0.22959183673469388,0.288265306122449,0.19387755102040816,0.288265306122449,burst,0.35925977771177803,0.3685878729897205,0.06205352450839193,0.21009882479010977,burst,0.172730226327365,0.7631448164764407,0.012703882843376478,0.05142107435281777
20261236,66,2112,2143,burst,f227d3d3b7eed658c880c21b3e4eeca55e50f65aeef7213904d85b95ea9f09c3,84500c2ad659fb0a2698ce949d6ffbd96b01975244d2ac88219956a1ebab100b,burst,0.22959183673469388,0.288265306122449,0.19387755102040816,0.288265306122449,burst,0.047664573136694,0.7532245168138672,0.126242340046388,0.07286857000305189,burst,0.021364608977605906,0.9577535846734644,0.011292553551925724,0.009589252797003822
20261236,67,2144,2175,normal,f227d3d3b7eed658c880c21b3e4eeca55e50f65aeef7213904d85b95ea9f09c3,84500c2ad659fb0a2698ce949d6ffbd96b01975244d2ac88219956a1ebab100b,burst,0.22959183673469388,0.288265306122449,0.19387755102040816,0.288265306122449,normal,0.8223286229221516,0.09063668658380401,0.019487386340379807,0.06754730415366311,burst,0.382243175356095,0.5968758354639387,0.006042142478589413,0.014838846701376777
20261236,68,2176,2207,normal,f227d3d3b7eed658c880c21b3e4eeca55e50f65aeef7213904d85b95ea9f09c3,84500c2ad659fb0a2698ce949d6ffbd96b01975244d2ac88219956a1ebab100b,burst,0.22959183673469388,0.288265306122449,0.19387755102040816,0.288265306122449,calibration_shift,0.05806833962859471,0.14878568251707386,0.0033504621756550185,0.789795515678676,burst,0.20139493920821014,0.5936433710260571,0.0009930187381556534,0.20396867102757713
20261236,69,2208,2239,normal,f227d3d3b7eed658c880c21b3e4eeca55e50f65aeef7213904d85b95ea9f09c3,84500c2ad659fb0a2698ce949d6ffbd96b01975244d2ac88219956a1ebab100b,burst,0.22959183673469388,0.288265306122449,0.19387755102040816,0.288265306122449,normal,0.6369067483300054,0.10207680538722304,0.04614852857885061,0.21486791770391991,normal,0.6351182148245331,0.200110758823174,0.004733235072980136,0.16003779127931278
20261236,70,2240,2271,normal,f227d3d3b7eed658c880c21b3e4eeca55e50f65aeef7213904d85b95ea9f09c3,84500c2ad659fb0a2698ce949d6ffbd96b01975244d2ac88219956a1ebab100b,burst,0.22959183673469388,0.288265306122449,0.19387755102040816,0.288265306122449,burst,0.3177747278692383,0.4805196163026704,0.04592577127956894,0.15577988454852099,normal,0.6508469063183154,0.272881526946401,0.005372729562274697,0.07089883717300881
20261236,71,2272,2303,normal,f227d3d3b7eed658c880c21b3e4eeca55e50f65aeef7213904d85b95ea9f09c3,84500c2ad659fb0a2698ce949d6ffbd96b01975244d2ac88219956a1ebab100b,burst,0.22959183673469388,0.288265306122449,0.19387755102040816,0.288265306122449,burst,0.20083320406493876,0.38140853481991077,0.0760722560563966,0.3416860050587531,normal,0.5299380372656101,0.3551921903553615,0.011488827605938737,0.10338094477308968
20261236,72,2304,2335,normal,f227d3d3b7eed658c880c21b3e4eeca55e50f65aeef7213904d85b95ea9f09c3,84500c2ad659fb0a2698ce949d6ffbd96b01975244d2ac88219956a1ebab100b,burst,0.22959183673469388,0.288265306122449,0.19387755102040816,0.288265306122449,normal,0.5988243319938903,0.015200773373101011,0.024236653513067537,0.36173824111994257,normal,0.8857340941855804,0.012047968836938575,0.003020151341882827,0.09919778563559828
20261236,73,2336,2367,normal,f227d3d3b7eed658c880c21b3e4eeca55e50f65aeef7213904d85b95ea9f09c3,84500c2ad659fb0a2698ce949d6ffbd96b01975244d2ac88219956a1ebab100b,burst,0.22959183673469388,0.288265306122449,0.19387755102040816,0.288265306122449,normal,0.7241129516905058,0.01096269279108242,0.004188133708562066,0.2607362218098482,normal,0.9616814617884776,0.0005184559803676396,0.00022059887990244967,0.037579483351252385
20261236,74,2368,2399,normal,f227d3d3b7eed658c880c21b3e4eeca55e50f65aeef7213904d85b95ea9f09c3,84500c2ad659fb0a2698ce949d6ffbd96b01975244d2ac88219956a1ebab100b,burst,0.22959183673469388,0.288265306122449,0.19387755102040816,0.288265306122449,normal,0.7122790876158964,0.05694495067322984,0.02967460102193349,0.20110136068893986,normal,0.9837117232038392,0.0015184721276472904,0.0012397588633591065,0.013530045805154229
20261236,75,2400,2431,normal,f227d3d3b7eed658c880c21b3e4eeca55e50f65aeef7213904d85b95ea9f09c3,84500c2ad659fb0a2698ce949d6ffbd96b01975244d2ac88219956a1ebab100b,burst,0.22959183673469388,0.288265306122449,0.19387755102040816,0.288265306122449,normal,0.8308853732083149,0.011118897477584426,0.013523134680071647,0.1444725946340281,normal,0.9945672421695355,0.000268310112244439,0.0005190344689606427,0.004645413249259361
20261236,76,2432,2463,normal,f227d3d3b7eed658c880c21b3e4eeca55e50f65aeef7213904d85b95ea9f09c3,84500c2ad659fb0a2698ce949d6ffbd96b01975244d2ac88219956a1ebab100b,burst,0.22959183673469388,0.288265306122449,0.19387755102040816,0.288265306122449,normal,0.8513931990375334,0.008591185053110094,0.011385953231719015,0.12862966267763737,normal,0.9967284824342396,0.00017979818512011187,0.0003981511038826274,0.0026935682767574385
20261236,77,2464,2495,normal,f227d3d3b7eed658c880c21b3e4eeca55e50f65aeef7213904d85b95ea9f09c3,84500c2ad659fb0a2698ce949d6ffbd96b01975244d2ac88219956a1ebab100b,burst,0.22959183673469388,0.288265306122449,0.19387755102040816,0.288265306122449,normal,0.6979684422017294,0.12812283687100065,0.08527604737924867,0.08863267354802123,normal,0.9912512605613878,0.003205725510165557,0.0035657632232516494,0.0019772507051951083
20261236,78,2496,2527,normal,f227d3d3b7eed658c880c21b3e4eeca55e50f65aeef7213904d85b95ea9f09c3,84500c2ad659fb0a2698ce949d6ffbd96b01975244d2ac88219956a1ebab100b,burst,0.22959183673469388,0.288265306122449,0.19387755102040816,0.288265306122449,calibration_shift,0.2014976635030631,0.24266037851969383,0.006949507568667344,0.5488924504085766,normal,0.9351503037725934,0.024748967262642637,0.0011702927493980556,0.038930436215366175
20261236,79,2528,2559,normal,f227d3d3b7eed658c880c21b3e4eeca55e50f65aeef7213904d85b95ea9f09c3,84500c2ad659fb0a2698ce949d6ffbd96b01975244d2ac88219956a1ebab100b,burst,0.22959183673469388,0.288265306122449,0.19387755102040816,0.288265306122449,normal,0.4367334538253216,0.21905209756321417,0.1251885736870672,0.21902587492439668,normal,0.9445646253809726,0.021669639100957747,0.009176797551035417,0.02458893796703406
20261236,80,2560,2591,normal,f227d3d3b7eed658c880c21b3e4eeca55e50f65aeef7213904d85b95ea9f09c3,84500c2ad659fb0a2698ce949d6ffbd96b01975244d2ac88219956a1ebab100b,burst,0.22959183673469388,0.288265306122449,0.19387755102040816,0.288265306122449,calibration_shift,0.17517306238989155,0.008010805883105127,0.0029706535340045105,0.8138454781929988,normal,0.843954273014894,0.0016409629877328035,0.000691236786962694,0.15371352721041032
20261236,81,2592,2623,normal,f227d3d3b7eed658c880c21b3e4eeca55e50f65aeef7213904d85b95ea9f09c3,84500c2ad659fb0a2698ce949d6ffbd96b01975244d2ac88219956a1ebab100b,burst,0.22959183673469388,0.288265306122449,0.19387755102040816,0.288265306122449,normal,0.9672117874601884,0.0011857136427711962,0.0025581445052888416,0.029044354391750918,normal,0.9950228182746387,2.9685554764223784e-05,9.321861597423351e-05,0.004854277554622786
20261236,82,2624,2655,normal,f227d3d3b7eed658c880c21b3e4eeca55e50f65aeef7213904d85b95ea9f09c3,84500c2ad659fb0a2698ce949d6ffbd96b01975244d2ac88219956a1ebab100b,burst,0.22959183673469388,0.288265306122449,0.19387755102040816,0.288265306122449,normal,0.843430998159996,0.044217909433865873,0.02231989777349602,0.09003119463264309,normal,0.9964223367400781,0.0009054355343733223,0.0007540087514837542,0.0019182189740648858
20261236,83,2656,2687,calibration_shift,f227d3d3b7eed658c880c21b3e4eeca55e50f65aeef7213904d85b95ea9f09c3,84500c2ad659fb0a2698ce949d6ffbd96b01975244d2ac88219956a1ebab100b,burst,0.22959183673469388,0.288265306122449,0.19387755102040816,0.288265306122449,calibration_shift,0.1192877909095713,0.2324630589244291,0.012921956666861653,0.6353271934991394,normal,0.8935281822753262,0.032771771907117976,0.0029393815074021247,0.07076066431015378
20261236,84,2688,2719,calibration_shift,f227d3d3b7eed658c880c21b3e4eeca55e50f65aeef7213904d85b95ea9f09c3,84500c2ad659fb0a2698ce949d6ffbd96b01975244d2ac88219956a1ebab100b,burst,0.22959183673469388,0.288265306122449,0.19387755102040816,0.288265306122449,calibration_shift,0.43944014305367207,0.012940207566086758,0.004278293961254074,0.5433413554189858,normal,0.9051535802890666,0.0014868622850032565,0.0003469173235971518,0.09301264010233279
20261236,85,2720,2751,calibration_shift,f227d3d3b7eed658c880c21b3e4eeca55e50f65aeef7213904d85b95ea9f09c3,84500c2ad659fb0a2698ce949d6ffbd96b01975244d2ac88219956a1ebab100b,burst,0.22959183673469388,0.288265306122449,0.19387755102040816,0.288265306122449,calibration_shift,0.030519352512980116,0.27947828409619646,0.014199502612367104,0.6758028607784571,calibration_shift,0.2904008559262561,0.05945446031168526,0.004384702160247168,0.6457599816018116
20261236,86,2752,2783,calibration_shift,f227d3d3b7eed658c880c21b3e4eeca55e50f65aeef7213904d85b95ea9f09c3,84500c2ad659fb0a2698ce949d6ffbd96b01975244d2ac88219956a1ebab100b,burst,0.22959183673469388,0.288265306122449,0.19387755102040816,0.288265306122449,calibration_shift,0.015248545171073513,0.07069836052022427,0.001030376808997134,0.9130227174997052,calibration_shift,0.010507162008984935,0.010563431925655786,6.923241348974135e-05,0.9788601736518694
20261236,87,2784,2815,calibration_shift,f227d3d3b7eed658c880c21b3e4eeca55e50f65aeef7213904d85b95ea9f09c3,84500c2ad659fb0a2698ce949d6ffbd96b01975244d2ac88219956a1ebab100b,burst,0.22959183673469388,0.288265306122449,0.19387755102040816,0.288265306122449,normal,0.5184334958931454,0.15428371540945426,0.05611626903680085,0.2711665196605997,calibration_shift,0.08802709950017959,0.016837329790602446,0.0038930671332589283,0.8912425035759589
20261236,88,2816,2847,calibration_shift,f227d3d3b7eed658c880c21b3e4eeca55e50f65aeef7213904d85b95ea9f09c3,84500c2ad659fb0a2698ce949d6ffbd96b01975244d2ac88219956a1ebab100b,burst,0.22959183673469388,0.288265306122449,0.19387755102040816,0.288265306122449,calibration_shift,0.024327736299671575,0.21494408825084754,0.03286902561995987,0.7278591498295228,calibration_shift,0.005898396179359485,0.013623371629729862,0.0016729178542317755,0.9788053143366788
20261236,89,2848,2879,calibration_shift,f227d3d3b7eed658c880c21b3e4eeca55e50f65aeef7213904d85b95ea9f09c3,84500c2ad659fb0a2698ce949d6ffbd96b01975244d2ac88219956a1ebab100b,burst,0.22959183673469388,0.288265306122449,0.19387755102040816,0.288265306122449,calibration_shift,0.13353912678975724,0.025572773439105915,0.002657759021214675,0.8382303407499208,calibration_shift,0.006928276471824275,0.0011163445414733122,8.047842611434438e-05,0.9918749005605881
20261236,90,2880,2911,calibration_shift,f227d3d3b7eed658c880c21b3e4eeca55e50f65aeef7213904d85b95ea9f09c3,84500c2ad659fb0a2698ce949d6ffbd96b01975244d2ac88219956a1ebab100b,burst,0.22959183673469388,0.288265306122449,0.19387755102040816,0.288265306122449,calibration_shift,0.3066228148982487,0.082656091665756,0.05069635621752092,0.5600247372184755,calibration_shift,0.02359757549306201,0.0028080060129557975,0.00178881127821261,0.9718056072157697
20261236,91,2912,2943,calibration_shift,f227d3d3b7eed658c880c21b3e4eeca55e50f65aeef7213904d85b95ea9f09c3,84500c2ad659fb0a2698ce949d6ffbd96b01975244d2ac88219956a1ebab100b,burst,0.22959183673469388,0.288265306122449,0.19387755102040816,0.288265306122449,calibration_shift,0.1310351792641014,0.10739978156063607,0.002982447988301171,0.7585825911869597,calibration_shift,0.012361847592232359,0.0032621261851633106,0.00010358233967043162,0.9842724438829339
20261236,92,2944,2975,calibration_shift,f227d3d3b7eed658c880c21b3e4eeca55e50f65aeef7213904d85b95ea9f09c3,84500c2ad659fb0a2698ce949d6ffbd96b01975244d2ac88219956a1ebab100b,burst,0.22959183673469388,0.288265306122449,0.19387755102040816,0.288265306122449,calibration_shift,0.06489349479008337,0.13778171778163595,0.02211704960463064,0.7752077378236502,calibration_shift,0.004485356052977347,0.004112567704986607,0.0005942016729822812,0.9908078745690537
20261236,93,2976,3007,calibration_shift,f227d3d3b7eed658c880c21b3e4eeca55e50f65aeef7213904d85b95ea9f09c3,84500c2ad659fb0a2698ce949d6ffbd96b01975244d2ac88219956a1ebab100b,burst,0.22959183673469388,0.288265306122449,0.19387755102040816,0.288265306122449,burst,0.04610400580315484,0.668903458146512,0.11774005661147953,0.16725247943885393,calibration_shift,0.009865494639992822,0.08600244212510323,0.013816007959422474,0.8903160552754814
20261236,94,3008,3039,calibration_shift,f227d3d3b7eed658c880c21b3e4eeca55e50f65aeef7213904d85b95ea9f09c3,84500c2ad659fb0a2698ce949d6ffbd96b01975244d2ac88219956a1ebab100b,burst,0.22959183673469388,0.288265306122449,0.19387755102040816,0.288265306122449,calibration_shift,0.2509997695855488,0.02327649872195507,0.010581499204000287,0.7151422324884946,calibration_shift,0.019926837062154097,0.0040608854648579345,0.0008182665726513286,0.9751940109003366
20261236,95,3040,3071,calibration_shift,f227d3d3b7eed658c880c21b3e4eeca55e50f65aeef7213904d85b95ea9f09c3,84500c2ad659fb0a2698ce949d6ffbd96b01975244d2ac88219956a1ebab100b,burst,0.22959183673469388,0.288265306122449,0.19387755102040816,0.288265306122449,calibration_shift,0.044825283528007354,0.17750154389148504,0.010767388204283336,0.7669057843762241,calibration_shift,0.0038661264817693073,0.005736716199541663,0.0003334053524530651,0.990063751966236
20261236,96,3072,3103,calibration_shift,f227d3d3b7eed658c880c21b3e4eeca55e50f65aeef7213904d85b95ea9f09c3,84500c2ad659fb0a2698ce949d6ffbd96b01975244d2ac88219956a1ebab100b,burst,0.22959183673469388,0.288265306122449,0.19387755102040816,0.288265306122449,calibration_shift,0.23828504781486914,0.14478215425980498,0.027285979212661578,0.5896468187126656,calibration_shift,0.015445604707613789,0.0063261167950793345,0.0009615113075456906,0.9772667671897611
20261236,97,3104,3135,calibration_shift,f227d3d3b7eed658c880c21b3e4eeca55e50f65aeef7213904d85b95ea9f09c3,84500c2ad659fb0a2698ce949d6ffbd96b01975244d2ac88219956a1ebab100b,burst,0.22959183673469388,0.288265306122449,0.19387755102040816,0.288265306122449,calibration_shift,0.04183308827837569,0.20818675510762857,0.0037390188600699916,0.7462411377539258,calibration_shift,0.003311026300946647,0.007723678066452639,0.00011975893137420085,0.9888455367012264
20261236,98,3136,3167,calibration_shift,f227d3d3b7eed658c880c21b3e4eeca55e50f65aeef7213904d85b95ea9f09c3,84500c2ad659fb0a2698ce949d6ffbd96b01975244d2ac88219956a1ebab100b,burst,0.22959183673469388,0.288265306122449,0.19387755102040816,0.288265306122449,burst,0.09646654609970823,0.45805232262128803,0.05298164479115459,0.392499486487848,calibration_shift,0.008962606395054931,0.03232313862002322,0.0026509205294462553,0.9560633344554756
20261236,99,3168,3199,calibration_shift,f227d3d3b7eed658c880c21b3e4eeca55e50f65aeef7213904d85b95ea9f09c3,84500c2ad659fb0a2698ce949d6ffbd96b01975244d2ac88219956a1ebab100b,burst,0.22959183673469388,0.288265306122449,0.19387755102040816,0.288265306122449,calibration_shift,0.2893547566757858,0.11337094707066254,0.02082081258326144,0.5764534836702908,calibration_shift,0.024711440428604178,0.01137826751590451,0.0010156835228430194,0.9628946085326482
20261236,100,3200,3231,calibration_shift,f227d3d3b7eed658c880c21b3e4eeca55e50f65aeef7213904d85b95ea9f09c3,84500c2ad659fb0a2698ce949d6ffbd96b01975244d2ac88219956a1ebab100b,burst,0.22959183673469388,0.288265306122449,0.19387755102040816,0.288265306122449,calibration_shift,0.09535219853750569,0.16653620595137303,0.03262010261701788,0.7054914928941042,calibration_shift,0.010009302833482716,0.008178326186494096,0.0011482153444621044,0.980664155635561
20261236,101,3232,3263,normal,f227d3d3b7eed658c880c21b3e4eeca55e50f65aeef7213904d85b95ea9f09c3,84500c2ad659fb0a2698ce949d6ffbd96b01975244d2ac88219956a1ebab100b,burst,0.22959183673469388,0.288265306122449,0.19387755102040816,0.288265306122449,burst,0.25046122196024573,0.44122844686860807,0.03780078310688821,0.270509548064259,calibration_shift,0.04269831772798786,0.0447402896391682,0.0030917836568929683,0.909469608975951
20261236,102,3264,3295,normal,f227d3d3b7eed658c880c21b3e4eeca55e50f65aeef7213904d85b95ea9f09c3,84500c2ad659fb0a2698ce949d6ffbd96b01975244d2ac88219956a1ebab100b,burst,0.22959183673469388,0.288265306122449,0.19387755102040816,0.288265306122449,calibration_shift,0.3307803005188116,0.14290176744564193,0.03169363061414812,0.4946243014213976,calibration_shift,0.06677882473283894,0.02078327310556747,0.0019750685665758734,0.9104628335950177
20261236,103,3296,3327,normal,f227d3d3b7eed658c880c21b3e4eeca55e50f65aeef7213904d85b95ea9f09c3,84500c2ad659fb0a2698ce949d6ffbd96b01975244d2ac88219956a1ebab100b,burst,0.22959183673469388,0.288265306122449,0.19387755102040816,0.288265306122449,normal,0.8953753273579697,0.041529567364496846,0.05128399973776116,0.011811105539772564,normal,0.8933211596568124,0.014440315092481955,0.011116940688446231,0.08112158456225932
20261236,104,3328,3359,normal,f227d3d3b7eed658c880c21b3e4eeca55e50f65aeef7213904d85b95ea9f09c3,84500c2ad659fb0a2698ce949d6ffbd96b01975244d2ac88219956a1ebab100b,burst,0.22959183673469388,0.288265306122449,0.19387755102040816,0.288265306122449,normal,0.8434085513805478,0.06298434972640239,0.017451389282576234,0.07615570961047519,normal,0.9878376294275152,0.0028011421892010706,0.001107788766756563,0.008253439616527017
20261236,105,3360,3391,normal,f227d3d3b7eed658c880c21b3e4eeca55e50f65aeef7213904d85b95ea9f09c3,84500c2ad659fb0a2698ce949d6ffbd96b01975244d2ac88219956a1ebab100b,burst,0.22959183673469388,0.288265306122449,0.19387755102040816,0.288265306122449,normal,0.86722033381626,0.0031795665133801452,0.00614035033738763,0.12345974933297343,normal,0.9966049744172488,7.900323555036388e-05,0.00022309351723884727,0.003092928829962105
20261236,106,3392,3423,normal,f227d3d3b7eed658c880c21b3e4eeca55e50f65aeef7213904d85b95ea9f09c3,84500c2ad659fb0a2698ce949d6ffbd96b01975244d2ac88219956a1ebab100b,burst,0.22959183673469388,0.288265306122449,0.19387755102040816,0.288265306122449,calibration_shift,0.4346837690322432,0.057609198343958265,0.04288862861931662,0.4648184040044811,normal,0.9780751286438326,0.002255801062207316,0.0027935103170723475,0.01687555997688789
20261236,107,3424,3455,normal,f227d3d3b7eed658c880c21b3e4eeca55e50f65aeef7213904d85b95ea9f09c3,84500c2ad659fb0a2698ce949d6ffbd96b01975244d2ac88219956a1ebab100b,burst,0.22959183673469388,0.288265306122449,0.19387755102040816,0.288265306122449,normal,0.5302237712210095,0.12863272493443015,0.07104164720665404,0.27010185663790753,normal,0.9752974045020981,0.005048248483500136,0.004636336095233448,0.015018010919168268
20261236,108,3456,3487,normal,f227d3d3b7eed658c880c21b3e4eeca55e50f65aeef7213904d85b95ea9f09c3,84500c2ad659fb0a2698ce949d6ffbd96b01975244d2ac88219956a1ebab100b,burst,0.22959183673469388,0.288265306122449,0.19387755102040816,0.288265306122449,calibration_shift,0.20550413554334773,0.3043611934829266,0.02280642278604378,0.4673282481876819,normal,0.9037838924783719,0.03307919233952116,0.003913635634466346,0.059223279547640784
20261236,109,3488,3519,normal,f227d3d3b7eed658c880c21b3e4eeca55e50f65aeef7213904d85b95ea9f09c3,84500c2ad659fb0a2698ce949d6ffbd96b01975244d2ac88219956a1ebab100b,burst,0.22959183673469388,0.288265306122449,0.19387755102040816,0.288265306122449,normal,0.7674572820820085,0.018857406910450472,0.014885126080982358,0.19880018492655868,normal,0.9795772449908797,0.0013343382212644393,0.0007772874292953815,0.018311129358560375
20261236,110,3520,3551,normal,f227d3d3b7eed658c880c21b3e4eeca55e50f65aeef7213904d85b95ea9f09c3,84500c2ad659fb0a2698ce949d6ffbd96b01975244d2ac88219956a1ebab100b,burst,0.22959183673469388,0.288265306122449,0.19387755102040816,0.288265306122449,normal,0.8094278237835151,0.04128205741837719,0.02411799519075564,0.12517212360735142,normal,0.9932584990815231,0.0010147786004501926,0.0009220819267851466,0.004804640391241473
20261236,111,3552,3583,normal,f227d3d3b7eed658c880c21b3e4eeca55e50f65aeef7213904d85b95ea9f09c3,84500c2ad659fb0a2698ce949d6ffbd96b01975244d2ac88219956a1ebab100b,burst,0.22959183673469388,0.288265306122449,0.19387755102040816,0.288265306122449,calibration_shift,0.28558133858368645,0.06725769049636143,0.022646598227462983,0.6245143726924888,normal,0.9554418180004729,0.004301121793767379,0.0023430597214323047,0.03791400048432755
20261236,112,3584,3615,normal,f227d3d3b7eed658c880c21b3e4eeca55e50f65aeef7213904d85b95ea9f09c3,84500c2ad659fb0a2698ce949d6ffbd96b01975244d2ac88219956a1ebab100b,burst,0.22959183673469388,0.288265306122449,0.19387755102040816,0.288265306122449,normal,0.8003171191720059,0.013282179612066725,0.008468113341442,0.1779325878744849,normal,0.9883148507368307,0.0004022866601164529,0.000371523364840925,0.010911339238211939
20261236,113,3616,3647,normal,f227d3d3b7eed658c880c21b3e4eeca55e50f65aeef7213904d85b95ea9f09c3,84500c2ad659fb0a2698ce949d6ffbd96b01975244d2ac88219956a1ebab100b,burst,0.22959183673469388,0.288265306122449,0.19387755102040816,0.288265306122449,burst,0.28810083567277495,0.5062960455449496,0.13154587487951222,0.0740572439027638,normal,0.9505600593936547,0.030620076317567926,0.012912105226446449,0.0059077590623308925
20261236,114,3648,3679,normal,f227d3d3b7eed658c880c21b3e4eeca55e50f65aeef7213904d85b95ea9f09c3,84500c2ad659fb0a2698ce949d6ffbd96b01975244d2ac88219956a1ebab100b,burst,0.22959183673469388,0.288265306122449,0.19387755102040816,0.288265306122449,normal,0.41712560071898047,0.3438515743140274,0.1720781310626837,0.06694469390430698,normal,0.9371272966288913,0.038837874170173065,0.02081631447498068,0.0032185147259548934
20261236,115,3680,3711,normal,f227d3d3b7eed658c880c21b3e4eeca55e50f65aeef7213904d85b95ea9f09c3,84500c2ad659fb0a2698ce949d6ffbd96b01975244d2ac88219956a1ebab100b,burst,0.22959183673469388,0.288265306122449,0.19387755102040816,0.288265306122449,normal,0.7596418107305475,0.15209988886738068,0.024084628059688595,0.06417367234238344,normal,0.9847979087482508,0.01153009518752931,0.002082021428325475,0.001589974635894435
20261236,116,3712,3743,normal,f227d3d3b7eed658c880c21b3e4eeca55e50f65aeef7213904d85b95ea9f09c3,84500c2ad659fb0a2698ce949d6ffbd96b01975244d2ac88219956a1ebab100b,burst,0.22959183673469388,0.288265306122449,0.19387755102040816,0.288265306122449,burst,0.2255029709992096,0.5179026297075057,0.08990623785698049,0.1666881614363026,normal,0.9129892267365712,0.0646014478433632,0.012296560116065882,0.010112765303999688
20261236,117,3744,3775,normal,f227d3d3b7eed658c880c21b3e4eeca55e50f65aeef7213904d85b95ea9f09c3,84500c2ad659fb0a2698ce949d6ffbd96b01975244d2ac88219956a1ebab100b,burst,0.22959183673469388,0.288265306122449,0.19387755102040816,0.288265306122449,normal,0.5110952972181813,0.4418869423540001,0.007156545587307587,0.03986121484051111,normal,0.930505366031229,0.0668093949534713,0.0007167699275735194,0.001968469087726155
20261236,118,3776,3807,normal,f227d3d3b7eed658c880c21b3e4eeca55e50f65aeef7213904d85b95ea9f09c3,84500c2ad659fb0a2698ce949d6ffbd96b01975244d2ac88219956a1ebab100b,burst,0.22959183673469388,0.288265306122449,0.19387755102040816,0.288265306122449,calibration_shift,0.1428152883848219,0.22963341704146306,0.02242850517717749,0.6051227893965391,normal,0.8262667124186317,0.11020104053963137,0.0042403437889363,0.059291903252800815
20261236,119,3808,3839,normal,f227d3d3b7eed658c880c21b3e4eeca55e50f65aeef7213904d85b95ea9f09c3,84500c2ad659fb0a2698ce949d6ffbd96b01975244d2ac88219956a1ebab100b,burst,0.22959183673469388,0.288265306122449,0.19387755102040816,0.288265306122449,normal,0.724771324894498,0.028275293660125315,0.03731437756916347,0.20963900387621368,normal,0.9703129211039863,0.0051017665232793415,0.0022501212385385556,0.022335191134195746
20261236,120,3840,3871,normal,f227d3d3b7eed658c880c21b3e4eeca55e50f65aeef7213904d85b95ea9f09c3,84500c2ad659fb0a2698ce949d6ffbd96b01975244d2ac88219956a1ebab100b,burst,0.22959183673469388,0.288265306122449,0.19387755102040816,0.288265306122449,normal,0.9570413579864165,0.00613352935576438,0.006865162081748373,0.0299599505760703,normal,0.9984842362068057,0.00015944442762196295,0.0002490644398625683,0.0011072549257096407
20261236,121,3872,3903,normal,f227d3d3b7eed658c880c21b3e4eeca55e50f65aeef7213904d85b95ea9f09c3,84500c2ad659fb0a2698ce949d6ffbd96b01975244d2ac88219956a1ebab100b,burst,0.22959183673469388,0.288265306122449,0.19387755102040816,0.288265306122449,calibration_shift,0.27687528700307684,0.3001774324735935,0.013504605637748145,0.4094426748855819,normal,0.9609011083149482,0.018223951420624544,0.0013557071169749382,0.019519233147452263
20261236,122,3904,3935,burst,f227d3d3b7eed658c880c21b3e4eeca55e50f65aeef7213904d85b95ea9f09c3,84500c2ad659fb0a2698ce949d6ffbd96b01975244d2ac88219956a1ebab100b,burst,0.22959183673469388,0.288265306122449,0.19387755102040816,0.288265306122449,normal,0.406111689128726,0.27810753723273884,0.09977598550634785,0.21600478813218657,normal,0.9503828221796313,0.024944081147107194,0.007781559324879968,0.01689153734838131
20261236,123,3936,3967,burst,f227d3d3b7eed658c880c21b3e4eeca55e50f65aeef7213904d85b95ea9f09c3,84500c2ad659fb0a2698ce949d6ffbd96b01975244d2ac88219956a1ebab100b,burst,0.22959183673469388,0.288265306122449,0.19387755102040816,0.288265306122449,burst,0.31830481056102966,0.444345644777437,0.09223726384692038,0.14511228081461422,normal,0.916720796980737,0.05782096902684036,0.012132263998858675,0.01332596999356377
20261236,124,3968,3999,burst,f227d3d3b7eed658c880c21b3e4eeca55e50f65aeef7213904d85b95ea9f09c3,84500c2ad659fb0a2698ce949d6ffbd96b01975244d2ac88219956a1ebab100b,burst,0.22959183673469388,0.288265306122449,0.19387755102040816,0.288265306122449,burst,0.02019812194381537,0.5748478795366004,0.12038490681766902,0.2845690917019156,burst,0.2540401140447961,0.555266327789976,0.08263745942193337,0.10805609874329461
20261236,125,4000,4031,burst,f227d3d3b7eed658c880c21b3e4eeca55e50f65aeef7213904d85b95ea9f09c3,84500c2ad659fb0a2698ce949d6ffbd96b01975244d2ac88219956a1ebab100b,burst,0.22959183673469388,0.288265306122449,0.19387755102040816,0.288265306122449,leakage,0.0029466858128875473,0.4175304872858256,0.454893627430927,0.12462919947035839,burst,0.003285271883219132,0.7096303592882874,0.2348303046667813,0.05225406416171215
20261236,126,4032,4063,burst,f227d3d3b7eed658c880c21b3e4eeca55e50f65aeef7213904d85b95ea9f09c3,84500c2ad659fb0a2698ce949d6ffbd96b01975244d2ac88219956a1ebab100b,burst,0.22959183673469388,0.288265306122449,0.19387755102040816,0.288265306122449,burst,0.027766089445986627,0.6361354207569051,0.26067450172295153,0.07542398807415512,burst,0.0020109733000809845,0.8033873921323398,0.18298931757006984,0.011612316997509533
20261236,127,4064,4095,burst,f227d3d3b7eed658c880c21b3e4eeca55e50f65aeef7213904d85b95ea9f09c3,84500c2ad659fb0a2698ce949d6ffbd96b01975244d2ac88219956a1ebab100b,burst,0.22959183673469388,0.288265306122449,0.19387755102040816,0.288265306122449,burst,0.2673404928236485,0.46954294703783295,0.10051727987481528,0.16259928026370482,burst,0.02327813778760985,0.8864985562714944,0.07491037183146161,0.015312934109434004
20261237,0,0,31,normal,32e55736d0abe3fbcbde246f8e62b8caa89362597956265c42ee0426f4fff5d3,1bbf82f3aea99f5818bc36da574fab631424e1912dd02ff10f471898907c7e5b,burst,0.22959183673469388,0.288265306122449,0.19387755102040816,0.288265306122449,burst,0.36443729387706864,0.5644703037996505,0.0260880399246868,0.04500436239859567,burst,0.32716789191205126,0.5839501093197149,0.041380389040200895,0.04750160972803294
20261237,1,32,63,normal,32e55736d0abe3fbcbde246f8e62b8caa89362597956265c42ee0426f4fff5d3,1bbf82f3aea99f5818bc36da574fab631424e1912dd02ff10f471898907c7e5b,burst,0.22959183673469388,0.288265306122449,0.19387755102040816,0.288265306122449,calibration_shift,0.18586731869562112,0.010776977421064123,0.0023922797769650723,0.8009634241063491,normal,0.5571315686262907,0.041652662238937765,0.0016655047956132347,0.39955026433915825
20261237,2,64,95,normal,32e55736d0abe3fbcbde246f8e62b8caa89362597956265c42ee0426f4fff5d3,1bbf82f3aea99f5818bc36da574fab631424e1912dd02ff10f471898907c7e5b,burst,0.22959183673469388,0.288265306122449,0.19387755102040816,0.288265306122449,normal,0.7596960994904476,0.106789531594709,0.034336620259655996,0.09917774865518632,normal,0.9181581959032111,0.012776312631600142,0.002173625743329994,0.06689186572185858
20261237,3,96,127,normal,32e55736d0abe3fbcbde246f8e62b8caa89362597956265c42ee0426f4fff5d3,1bbf82f3aea99f5818bc36da574fab631424e1912dd02ff10f471898907c7e5b,burst,0.22959183673469388,0.288265306122449,0.19387755102040816,0.288265306122449,normal,0.5552731168695628,0.03543158332190068,0.007901582269982556,0.40139371753855313,normal,0.9446609241725467,0.0021089300763372522,0.0004929263331709494,0.052737219417944944
20261237,4,128,159,normal,32e55736d0abe3fbcbde246f8e62b8caa89362597956265c42ee0426f4fff5d3,1bbf82f3aea99f5818bc36da574fab631424e1912dd02ff10f471898907c7e5b,burst,0.22959183673469388,0.288265306122449,0.19387755102040816,0.288265306122449,burst,0.058456355899698755,0.5695291837581332,0.22070964832082351,0.15130481202134605,normal,0.6678768214709783,0.14388592599998143,0.07980149100254874,0.10843576152649155
20261237,5,160,191,normal,32e55736d0abe3fbcbde246f8e62b8caa89362597956265c42ee0426f4fff5d3,1bbf82f3aea99f5818bc36da574fab631424e1912dd02ff10f471898907c7e5b,burst,0.22959183673469388,0.288265306122449,0.19387755102040816,0.288265306122449,burst,0.304044724971248,0.3740051208013719,0.05392387707040884,0.2680262771569707,normal,0.7011328726904392,0.17560509530267795,0.025107530272539938,0.09815450173434272
20261237,6,192,223,normal,32e55736d0abe3fbcbde246f8e62b8caa89362597956265c42ee0426f4fff5d3,1bbf82f3aea99f5818bc36da574fab631424e1912dd02ff10f471898907c7e5b,burst,0.22959183673469388,0.288265306122449,0.19387755102040816,0.288265306122449,calibration_shift,0.3301224787380628,0.07644338447093475,0.042053867031981454,0.5513802697590204,normal,0.7721776363001612,0.040731131447293595,0.009328708307151181,0.17776252394539407
20261237,7,224,255,normal,32e55736d0abe3fbcbde246f8e62b8caa89362597956265c42ee0426f4fff5d3,1bbf82f3aea99f5818bc36da574fab631424e1912dd02ff10f471898907c7e5b,burst,0.22959183673469388,0.288265306122449,0.19387755102040816,0.288265306122449,burst,0.1496736448525022,0.4754378198020196,0.05428559791896661,0.32060293742651014,normal,0.5934069592246586,0.13774239696663312,0.012502902465312183,0.2563477413433961
20261237,8,256,287,calibration_shift,32e55736d0abe3fbcbde246f8e62b8caa89362597956265c42ee0426f4fff5d3,1bbf82f3aea99f5818bc36da574fab631424e1912dd02ff10f471898907c7e5b,burst,0.22959183673469388,0.288265306122449,0.19387755102040816,0.288265306122449,calibration_shift,0.017361348866767566,0.2860842837219148,0.028274766303115498,0.6682796011082032,calibration_shift,0.05438823373319864,0.1952321483777823,0.007080402983553536,0.7432992149054656
20261237,9,288,319,calibration_shift,32e55736d0abe3fbcbde246f8e62b8caa89362597956265c42ee0426f4fff5d3,1bbf82f3aea99f5818bc36da574fab631424e1912dd02ff10f471898907c7e5b,burst,0.22959183673469388,0.288265306122449,0.19387755102040816,0.288265306122449,burst,0.002700153138460495,0.6500540905436099,0.24536561961116912,0.10188013670675995,burst,0.0013760672404615857,0.6269426543215023,0.04329535630275383,0.32838592213528217
20261237,10,320,351,calibration_shift,32e55736d0abe3fbcbde246f8e62b8caa89362597956265c42ee0426f4fff5d3,1bbf82f3aea99f5818bc36da574fab631424e1912dd02ff10f471898907c7e5b,burst,0.22959183673469388,0.288265306122449,0.19387755102040816,0.288265306122449,burst,0.08472024173668737,0.5402790702504785,0.02775512520606906,0.3472455628067662,burst,0.006921240018417498,0.7277532753606475,0.005944432295860358,0.25938105232507463
20261237,11,352,383,calibration_shift,32e55736d0abe3fbcbde246f8e62b8caa89362597956265c42ee0426f4fff5d3,1bbf82f3aea99f5818bc36da574fab631424e1912dd02ff10f471898907c7e5b,burst,0.22959183673469388,0.288265306122449,0.19387755102040816,0.288265306122449,normal,0.42784249863881535,0.1830204040799809,0.01658005094454426,0.37255704633665876,burst,0.07892889099258571,0.5134484606027419,0.002315588178753131,0.4053070602259193
20261237,12,384,415,calibration_shift,32e55736d0abe3fbcbde246f8e62b8caa89362597956265c42ee0426f4fff5d3,1bbf82f3aea99f5818bc36da574fab631424e1912dd02ff10f471898907c7e5b,burst,0.22959183673469388,0.288265306122449,0.19387755102040816,0.288265306122449,burst,0.13485768314410604,0.44214291205007217,0.07100136245555674,0.3519980423502658,burst,0.05044288729675859,0.5762831619375919,0.005644437085040879,0.3676295136806085
20261237,13,416,447,calibration_shift,32e55736d0abe3fbcbde246f8e62b8caa89362597956265c42ee0426f4fff5d3,1bbf82f3aea99f5818bc36da574fab631424e1912dd02ff10f471898907c7e5b,burst,0.22959183673469388,0.288265306122449,0.19387755102040816,0.288265306122449,normal,0.6213939463759336,0.05027822880985364,0.015674559201494454,0.31265326561271917,calibration_shift,0.31726567186129506,0.13326941784219448,0.0027097355572711424,0.5467551747392393
20261237,14,448,479,calibration_shift,32e55736d0abe3fbcbde246f8e62b8caa89362597956265c42ee0426f4fff5d3,1bbf82f3aea99f5818bc36da574fab631424e1912dd02ff10f471898907c7e5b,burst,0.22959183673469388,0.288265306122449,0.19387755102040816,0.288265306122449,normal,0.533522488985228,0.10730959989362668,0.2292847346467597,0.12988317647438682,normal,0.7094178562884942,0.052206203586723336,0.025798042548454223,0.21257789757632817
20261237,15,480,511,calibration_shift,32e55736d0abe3fbcbde246f8e62b8caa89362597956265c42ee0426f4fff5d3,1bbf82f3aea99f5818bc36da574fab631424e1912dd02ff10f471898907c7e5b,burst,0.22959183673469388,0.288265306122449,0.19387755102040816,0.288265306122449,calibration_shift,0.22217639820821083,0.34701481645353316,0.011691259342608111,0.41911752599564916,normal,0.612532769758753,0.08849929450928373,0.003061028407882903,0.29590690732408026
20261237,16,512,543,calibration_shift,32e55736d0abe3fbcbde246f8e62b8caa89362597956265c42ee0426f4fff5d3,1bbf82f3aea99f5818bc36da574fab631424e1912dd02ff10f471898907c7e5b,burst,0.22959183673469388,0.288265306122449,0.19387755102040816,0.288265306122449,calibration_shift,0.17534865825692386,0.02367084946563225,0.013730052920628389,0.7872504393568167,calibration_shift,0.36012164038722044,0.007333931276559821,0.001515472850250786,0.631028955485969
20261237,17,544,575,calibration_shift,32e55736d0abe3fbcbde246f8e62b8caa89362597956265c42ee0426f4fff5d3,1bbf82f3aea99f5818bc36da574fab631424e1912dd02ff10f471898907c7e5b,burst,0.22959183673469388,0.288265306122449,0.19387755102040816,0.288265306122449,calibration_shift,0.11838176689324591,0.025680140051310404,0.005834895196007653,0.8501031978594358,calibration_shift,0.09906213932796745,0.0014207389240840146,0.0003356671550350282,0.8991814545929134
20261237,18,576,607,calibration_shift,32e55736d0abe3fbcbde246f8e62b8caa89362597956265c42ee0426f4fff5d3,1bbf82f3aea99f5818bc36da574fab631424e1912dd02ff10f471898907c7e5b,burst,0.22959183673469388,0.288265306122449,0.19387755102040816,0.288265306122449,calibration_shift,0.04325414645645632,0.12013984815878756,0.01264649800138014,0.8239595073833771,calibration_shift,0.010040692905033373,0.00351334422517602,0.0004179185221163517,0.9860280443476742
20261237,19,608,639,calibration_shift,32e55736d0abe3fbcbde246f8e62b8caa89362597956265c42ee0426f4fff5d3,1bbf82f3aea99f5818bc36da574fab631424e1912dd02ff10f471898907c7e5b,burst,0.22959183673469388,0.288265306122449,0.19387755102040816,0.288265306122449,burst,0.08980141078882271,0.5057669879350349,0.135256488893268,0.269175112382874,calibration_shift,0.015614755372507696,0.04139811703967085,0.010293574691887923,0.9326935528959335
20261237,20,640,671,calibration_shift,32e55736d0abe3fbcbde246f8e62b8caa89362597956265c42ee0426f4fff5d3,1bbf82f3aea99f5818bc36da574fab631424e1912dd02ff10f471898907c7e5b,burst,0.22959183673469388,0.288265306122449,0.19387755102040816,0.288265306122449,burst,0.05408644922552672,0.5077845034141761,0.04620659869249376,0.39192244866780185,calibration_shift,0.008029099556474047,0.08487795903251961,0.00499738451492098,0.9020955568960853
20261237,21,672,703,calibration_shift,32e55736d0abe3fbcbde246f8e62b8caa89362597956265c42ee0426f4fff5d3,1bbf82f3aea99f5818bc36da574fab631424e1912dd02ff10f471898907c7e5b,burst,0.22959183673469388,0.288265306122449,0.19387755102040816,0.288265306122449,normal,0.5233656928017099,0.09688666601464721,0.08907135893534737,0.290676282248296,calibration_shift,0.08412840917927558,0.03615890658490278,0.009922012407571288,0.8697906718282504
20261237,22,704,735,calibration_shift,32e55736d0abe3fbcbde246f8e62b8caa89362597956265c42ee0426f4fff5d3,1bbf82f3aea99f5818bc36da574fab631424e1912dd02ff10f471898907c7e5b,burst,0.22959183673469388,0.288265306122449,0.19387755102040816,0.288265306122449,calibration_shift,0.0655937078243306,0.3095256948865003,0.024496563653375537,0.6003840336357947,calibration_shift,0.018511721411530086,0.03562900025547895,0.002037505908943675,0.9438217724240473
20261237,23,736,767,calibration_shift,32e55736d0abe3fbcbde246f8e62b8caa89362597956265c42ee0426f4fff5d3,1bbf82f3aea99f5818bc36da574fab631424e1912dd02ff10f471898907c7e5b,burst,0.22959183673469388,0.288265306122449,0.19387755102040816,0.288265306122449,calibration_shift,0.037927062752666586,0.13203455659251043,0.005498898779402427,0.8245394818754194,calibration_shift,0.0030868471119275833,0.010270206748393669,0.0001889837063625231,0.9864539624333163
20261237,24,768,799,calibration_shift,32e55736d0abe3fbcbde246f8e62b8caa89362597956265c42ee0426f4fff5d3,1bbf82f3aea99f5818bc36da574fab631424e1912dd02ff10f471898907c7e5b,burst,0.22959183673469388,0.288265306122449,0.19387755102040816,0.288265306122449,calibration_shift,0.16835635525017262,0.2517342459605184,0.003589344823446194,0.5763200539658635,calibration_shift,0.010799677025636487,0.013747399238859684,0.00012701484019240784,0.9753259088953115
20261237,25,800,831,calibration_shift,32e55736d0abe3fbcbde246f8e62b8caa89362597956265c42ee0426f4fff5d3,1bbf82f3aea99f5818bc36da574fab631424e1912dd02ff10f471898907c7e5b,burst,0.22959183673469388,0.288265306122449,0.19387755102040816,0.288265306122449,calibration_shift,0.2839230160087328,0.24432083476141814,0.011097916065574977,0.4606582331642731,calibration_shift,0.03072912535238111,0.018786506407371048,0.0004927540800001374,0.9499916141602477
20261237,26,832,863,calibration_shift,32e55736d0abe3fbcbde246f8e62b8caa89362597956265c42ee0426f4fff5d3,1bbf82f3aea99f5818bc36da574fab631424e1912dd02ff10f471898907c7e5b,burst,0.22959183673469388,0.288265306122449,0.19387755102040816,0.288265306122449,calibration_shift,0.10284522602940234,0.22699279028530134,0.0014192075078557867,0.6687427761774417,calibration_shift,0.012873259501354218,0.014904109900564936,5.071323691377155e-05,0.9721719173611671
20261237,27,864,895,calibration_shift,32e55736d0abe3fbcbde246f8e62b8caa89362597956265c42ee0426f4fff5d3,1bbf82f3aea99f5818bc36da574fab631424e1912dd02ff10f471898907c7e5b,burst,0.22959183673469388,0.288265306122449,0.19387755102040816,0.288265306122449,calibration_shift,0.10443816912128573,0.014374229141659388,0.0013154083171841653,0.8798721934198696,calibration_shift,0.006616403927870076,0.0006306553706575281,3.178324627140938e-05,0.992721157455201
20261237,28,896,927,calibration_shift,32e55736d0abe3fbcbde246f8e62b8caa89362597956265c42ee0426f4fff5d3,1bbf82f3aea99f5818bc36da574fab631424e1912dd02ff10f471898907c7e5b,burst,0.22959183673469388,0.288265306122449,0.19387755102040816,0.288265306122449,burst,0.06659553742946302,0.41370535038556056,0.3090768872565425,0.2106222249284349,calibration_shift,0.012798364317007503,0.033913506956811966,0.02723337284398276,0.9260547558821978
20261237,29,928,959,burst,32e55736d0abe3fbcbde246f8e62b8caa89362597956265c42ee0426f4fff5d3,1bbf82f3aea99f5818bc36da574fab631424e1912dd02ff10f471898907c7e5b,burst,0.22959183673469388,0.288265306122449,0.19387755102040816,0.288265306122449,burst,0.27572066075414825,0.3288464217105585,0.07631136922479494,0.31912154831049855,calibration_shift,0.04580334142899653,0.05858440050480488,0.016662977132853973,0.8789492809333446
20261237,30,960,991,burst,32e55736d0abe3fbcbde246f8e62b8caa89362597956265c42ee0426f4fff5d3,1bbf82f3aea99f5818bc36da574fab631424e1912dd02ff10f471898907c7e5b,burst,0.22959183673469388,0.288265306122449,0.19387755102040816,0.288265306122449,burst,0.016536478782481306,0.6147157357860682,0.2868730245131242,0.081874760918326,calibration_shift,0.012068730942146891,0.3719851753274102,0.1143349527202749,0.5016111410101681
20261237,31,992,1023,burst,32e55736d0abe3fbcbde246f8e62b8caa89362597956265c42ee0426f4fff5d3,1bbf82f3aea99f5818bc36da574fab631424e1912dd02ff10f471898907c7e5b,burst,0.22959183673469388,0.288265306122449,0.19387755102040816,0.288265306122449,burst,0.022591282628047615,0.520009000385381,0.16369682993751777,0.2937028870490535,burst,0.003370472188953689,0.5192646375036246,0.08914983169981504,0.38821505860760674
20261237,32,1024,1055,burst,32e55736d0abe3fbcbde246f8e62b8caa89362597956265c42ee0426f4fff5d3,1bbf82f3aea99f5818bc36da574fab631424e1912dd02ff10f471898907c7e5b,burst,0.22959183673469388,0.288265306122449,0.19387755102040816,0.288265306122449,burst,0.16730564643388202,0.5699756880159386,0.09412875503675536,0.16858991051342237,burst,0.01829874985597239,0.7654796489144515,0.0413836412541099,0.17483795997546603
20261237,33,1056,1087,burst,32e55736d0abe3fbcbde246f8e62b8caa89362597956265c42ee0426f4fff5d3,1bbf82f3aea99f5818bc36da574fab631424e1912dd02ff10f471898907c7e5b,burst,0.22959183673469388,0.288265306122449,0.19387755102040816,0.288265306122449,leakage,0.007709056252235682,0.4040650521254835,0.5386259717787015,0.04959991984358066,burst,0.0013730786848986643,0.8297224131996948,0.14186394660557258,0.027040561509833964
20261237,34,1088,1119,burst,32e55736d0abe3fbcbde246f8e62b8caa89362597956265c42ee0426f4fff5d3,1bbf82f3aea99f5818bc36da574fab631424e1912dd02ff10f471898907c7e5b,burst,0.22959183673469388,0.288265306122449,0.19387755102040816,0.288265306122449,burst,0.019747839272866514,0.4761915124602178,0.18743599855280477,0.31662464971411003,burst,0.0015400467183499767,0.8560935434577218,0.10333412828508284,0.03903228153884531
20261237,35,1120,1151,burst,32e55736d0abe3fbcbde246f8e62b8caa89362597956265c42ee0426f4fff5d3,1bbf82f3aea99f5818bc36da574fab631424e1912dd02ff10f471898907c7e5b,burst,0.22959183673469388,0.288265306122449,0.19387755102040816,0.288265306122449,normal,0.5192016443711557,0.08987344527805359,0.00788685846081601,0.38303805188997575,burst,0.15292984448079372,0.6216315150328041,0.01242100791689979,0.21301763256950246
20261237,36,1152,1183,burst,32e55736d0abe3fbcbde246f8e62b8caa89362597956265c42ee0426f4fff5d3,1bbf82f3aea99f5818bc36da574fab631424e1912dd02ff10f471898907c7e5b,burst,0.22959183673469388,0.288265306122449,0.19387755102040816,0.288265306122449,burst,0.0033426778186551455,0.8511100088127859,0.09391747024274391,0.051629843125813764,burst,0.00148548104926378,0.967077832920035,0.009168149552082363,0.02226853647861881
20261237,37,1184,1215,burst,32e55736d0abe3fbcbde246f8e62b8caa89362597956265c42ee0426f4fff5d3,1bbf82f3aea99f5818bc36da574fab631424e1912dd02ff10f471898907c7e5b,burst,0.22959183673469388,0.288265306122449,0.19387755102040816,0.288265306122449,burst,0.020855906797411672,0.6750788679354235,0.12152912069540041,0.18253610457176447,burst,0.001079270966916126,0.9789543722996255,0.0073063309067041594,0.012660025826754177
20261237,38,1216,1247,burst,32e55736d0abe3fbcbde246f8e62b8caa89362597956265c42ee0426f4fff5d3,1bbf82f3aea99f5818bc36da574fab631424e1912dd02ff10f471898907c7e5b,burst,0.22959183673469388,0.288265306122449,0.19387755102040816,0.288265306122449,burst,0.09093139518830035,0.5769376773914049,0.20863946491046564,0.12349146250982815,burst,0.005202616419603886,0.974300016452923,0.01304759386394968,0.00744977326352328
20261237,39,1248,1279,burst,32e55736d0abe3fbcbde246f8e62b8caa89362597956265c42ee0426f4fff5d3,1bbf82f3aea99f5818bc36da574fab631424e1912dd02ff10f471898907c7e5b,burst,0.22959183673469388,0.288265306122449,0.19387755102040816,0.288265306122449,burst,0.09118247141512242,0.7025891562510547,0.13367610480734676,0.07255226752647702,burst,0.005426505916102831,0.9824905302667695,0.009060510375261135,0.003022453441866545
20261237,40,1280,1311,burst,32e55736d0abe3fbcbde246f8e62b8caa89362597956265c42ee0426f4fff5d3,1bbf82f3aea99f5818bc36da574fab631424e1912dd02ff10f471898907c7e5b,burst,0.22959183673469388,0.288265306122449,0.19387755102040816,0.288265306122449,calibration_shift,0.2287665793663066,0.28080396819847664,0.15099676024794995,0.3394326921872669,burst,0.03174674062765803,0.9223788542007719,0.020035530233574274,0.025838874937995866
20261237,41,1312,1343,burst,32e55736d0abe3fbcbde246f8e62b8caa89362597956265c42ee0426f4fff5d3,1bbf82f3aea99f5818bc36da574fab631424e1912dd02ff10f471898907c7e5b,burst,0.22959183673469388,0.288265306122449,0.19387755102040816,0.288265306122449,normal,0.6244812042194713,0.20384251259153835,0.08145619421338035,0.09022008897561129,burst,0.2090956045170083,0.7522051430756403,0.02010912036185642,0.018590132045494902
20261237,42,1344,1375,burst,32e55736d0abe3fbcbde246f8e62b8caa89362597956265c42ee0426f4fff5d3,1bbf82f3aea99f5818bc36da574fab631424e1912dd02ff10f471898907c7e5b,burst,0.22959183673469388,0.288265306122449,0.19387755102040816,0.288265306122449,burst,0.038022511078189686,0.5839749415112513,0.2407852541869177,0.1372172932236402,burst,0.025193573848542546,0.927778915574462,0.034240275486742425,0.012787235090252888
20261237,43,1376,1407,leakage,32e55736d0abe3fbcbde246f8e62b8caa89362597956265c42ee0426f4fff5d3,1bbf82f3aea99f5818bc36da574fab631424e1912dd02ff10f471898907c7e5b,burst,0.22959183673469388,0.288265306122449,0.19387755102040816,0.288265306122449,leakage,0.009821436013631208,0.19151598220720575,0.7804777276699628,0.01818485410920096,burst,0.002957067924817933,0.7232657321035602,0.27103091525896134,0.0027462847126605433
20261237,44,1408,1439,leakage,32e55736d0abe3fbcbde246f8e62b8caa89362597956265c42ee0426f4fff5d3,1bbf82f3aea99f5818bc36da574fab631424e1912dd02ff10f471898907c7e5b,burst,0.22959183673469388,0.288265306122449,0.19387755102040816,0.288265306122449,leakage,0.10670323722172328,0.2689086297347532,0.45526138752197526,0.1691267455215491,leakage,0.01009662577657016,0.47668678436472445,0.5007062947433669,0.01251029511533857
20261237,45,1440,1471,leakage,32e55736d0abe3fbcbde246f8e62b8caa89362597956265c42ee0426f4fff5d3,1bbf82f3aea99f5818bc36da574fab631424e1912dd02ff10f471898907c7e5b,burst,0.22959183673469388,0.288265306122449,0.19387755102040816,0.288265306122449,calibration_shift,0.07590552515249373,0.3878126910732845,0.11028522420081699,0.42599655957340526,burst,0.012847916976566934,0.6296725551203768,0.28936414160554186,0.06811538629751425
20261237,46,1472,1503,leakage,32e55736d0abe3fbcbde246f8e62b8caa89362597956265c42ee0426f4fff5d3,1bbf82f3aea99f5818bc36da574fab631424e1912dd02ff10f471898907c7e5b,burst,0.22959183673469388,0.288265306122449,0.19387755102040816,0.288265306122449,leakage,0.04426140072411982,0.0829486957037799,0.8478339282757943,0.024955975296304177,leakage,0.00550020996774562,0.11378835847461477,0.8750562455015427,0.005655186056096905
20261237,47,1504,1535,leakage,32e55736d0abe3fbcbde246f8e62b8caa89362597956265c42ee0426f4fff5d3,1bbf82f3aea99f5818bc36da574fab631424e1912dd02ff10f471898907c7e5b,burst,0.22959183673469388,0.288265306122449,0.19387755102040816,0.288265306122449,burst,0.04326912265292661,0.5300071906490144,0.32009417241257193,0.10662951428548696,leakage,0.0033015208088851226,0.1463295131953769,0.8412070351295976,0.00916193086614025
20261237,48,1536,1567,leakage,32e55736d0abe3fbcbde246f8e62b8caa89362597956265c42ee0426f4fff5d3,1bbf82f3aea99f5818bc36da574fab631424e1912dd02ff10f471898907c7e5b,burst,0.22959183673469388,0.288265306122449,0.19387755102040816,0.288265306122449,burst,0.006969428274148398,0.6210067629349034,0.33624574803316765,0.03577806075778097,leakage,0.00045766575381389884,0.19754254800542106,0.798815905566945,0.0031838806738199955
20261237,49,1568,1599,leakage,32e55736d0abe3fbcbde246f8e62b8caa89362597956265c42ee0426f4fff5d3,1bbf82f3aea99f5818bc36da574fab631424e1912dd02ff10f471898907c7e5b,burst,0.22959183673469388,0.288265306122449,0.19387755102040816,0.288265306122449,burst,0.16695945279726054,0.4836958767166081,0.16906097118430763,0.18028369930182228,leakage,0.015285953721672622,0.3284694441067259,0.6345782115136266,0.021666390657974953
20261237,50,1600,1631,leakage,32e55736d0abe3fbcbde246f8e62b8caa89362597956265c42ee0426f4fff5d3,1bbf82f3aea99f5818bc36da574fab631424e1912dd02ff10f471898907c7e5b,burst,0.22959183673469388,0.288265306122449,0.19387755102040816,0.288265306122449,leakage,2.8867918452276777e-05,0.002135916283265658,0.9977873363805563,4.78794177243014e-05,leakage,1.7094595400995567e-06,0.0007553592631965735,0.9992399453782956,2.9858989677376245e-06
20261237,51,1632,1663,leakage,32e55736d0abe3fbcbde246f8e62b8caa89362597956265c42ee0426f4fff5d3,1bbf82f3aea99f5818bc36da574fab631424e1912dd02ff10f471898907c7e5b,burst,0.22959183673469388,0.288265306122449,0.19387755102040816,0.288265306122449,leakage,0.0009759947020730187,0.04318738754189149,0.9516268499560067,0.004209767800027414,leakage,1.597687749456716e-05,0.0005813669013755928,0.9993047053020272,9.795091910254851e-05
20261237,52,1664,1695,leakage,32e55736d0abe3fbcbde246f8e62b8caa89362597956265c42ee0426f4fff5d3,1bbf82f3aea99f5818bc36da574fab631424e1912dd02ff10f471898907c7e5b,burst,0.22959183673469388,0.288265306122449,0.19387755102040816,0.288265306122449,leakage,0.0018275638763043166,0.11897173902607447,0.8720223464529098,0.007178350644710884,leakage,3.272540018019695e-05,0.0017170677223092997,0.9980662738859055,0.00018393299160501215
20261237,53,1696,1727,leakage,32e55736d0abe3fbcbde246f8e62b8caa89362597956265c42ee0426f4fff5d3,1bbf82f3aea99f5818bc36da574fab631424e1912dd02ff10f471898907c7e5b,burst,0.22959183673469388,0.288265306122449,0.19387755102040816,0.288265306122449,burst,0.0367649500204263,0.6192644937646794,0.08862760155898561,0.25534295465590817,leakage,0.005601292253313084,0.08323778948266136,0.8554445364680862,0.05571638179593927
20261237,54,1728,1759,burst,32e55736d0abe3fbcbde246f8e62b8caa89362597956265c42ee0426f4fff5d3,1bbf82f3aea99f5818bc36da574fab631424e1912dd02ff10f471898907c7e5b,burst,0.22959183673469388,0.288265306122449,0.19387755102040816,0.288265306122449,calibration_shift,0.02704937522501306,0.15210034728418026,0.09133842060780152,0.7295118568830053,leakage,0.005132951762365647,0.07992939887560231,0.5652196969262673,0.3497179524357648
20261237,55,1760,1791,burst,32e55736d0abe3fbcbde246f8e62b8caa89362597956265c42ee0426f4fff5d3,1bbf82f3aea99f5818bc36da574fab631424e1912dd02ff10f471898907c7e5b,burst,0.22959183673469388,0.288265306122449,0.19387755102040816,0.288265306122449,calibration_shift,0.03425033907275071,0.3560199896764617,0.08425424704792121,0.5254754242028649,calibration_shift,0.004700163306288438,0.12278523249391317,0.23464180030782295,0.6378728038919754
20261237,56,1792,1823,burst,32e55736d0abe3fbcbde246f8e62b8caa89362597956265c42ee0426f4fff5d3,1bbf82f3aea99f5818bc36da574fab631424e1912dd02ff10f471898907c7e5b,burst,0.22959183673469388,0.288265306122449,0.19387755102040816,0.288265306122449,normal,0.5389765166158452,0.11387641316297362,0.05400573194668503,0.29314133827449496,calibration_shift,0.09505083366103127,0.06817008299372658,0.0841857077801847,0.7525933755650575
20261237,57,1824,1855,burst,32e55736d0abe3fbcbde246f8e62b8caa89362597956265c42ee0426f4fff5d3,1bbf82f3aea99f5818bc36da574fab631424e1912dd02ff10f471898907c7e5b,burst,0.22959183673469388,0.288265306122449,0.19387755102040816,0.288265306122449,burst,0.1502221867403007,0.7045921019080371,0.11655888237911181,0.028626828972552115,burst,0.18863406333407862,0.5078702826823315,0.14498032595141272,0.15851532803217713
20261237,58,1856,1887,burst,32e55736d0abe3fbcbde246f8e62b8caa89362597956265c42ee0426f4fff5d3,1bbf82f3aea99f5818bc36da574fab631424e1912dd02ff10f471898907c7e5b,burst,0.22959183673469388,0.288265306122449,0.19387755102040816,0.288265306122449,burst,0.4209263082741093,0.4236783531917437,0.05703866020143293,0.09835667833271534,burst,0.32438606391476416,0.585335237430482,0.04034483581754449,0.0499338628372093
20261237,59,1888,1919,burst,32e55736d0abe3fbcbde246f8e62b8caa89362597956265c42ee0426f4fff5d3,1bbf82f3aea99f5818bc36da574fab631424e1912dd02ff10f471898907c7e5b,burst,0.22959183673469388,0.288265306122449,0.19387755102040816,0.288265306122449,burst,0.10909694277135855,0.6800671630335043,0.09619883558473843,0.1146370586103984,burst,0.10527123375729797,0.854218533649606,0.021364410990414282,0.019145821602681735
20261237,60,1920,1951,burst,32e55736d0abe3fbcbde246f8e62b8caa89362597956265c42ee0426f4fff5d3,1bbf82f3aea99f5818bc36da574fab631424e1912dd02ff10f471898907c7e5b,burst,0.22959183673469388,0.288265306122449,0.19387755102040816,0.288265306122449,normal,0.5443967955525724,0.07033731190111484,0.009948961243785597,0.37531693130252813,normal,0.5623554524873027,0.3393519317050321,0.0037504229245467076,0.09454219288311846
20261237,61,1952,1983,burst,32e55736d0abe3fbcbde246f8e62b8caa89362597956265c42ee0426f4fff5d3,1bbf82f3aea99f5818bc36da574fab631424e1912dd02ff10f471898907c7e5b,burst,0.22959183673469388,0.288265306122449,0.19387755102040816,0.288265306122449,leakage,0.021921596561485086,0.23110706044838852,0.6953175269839544,0.05165381600617313,burst,0.11896274831895429,0.611607037095709,0.22373591855132124,0.04569429603401564
20261237,62,1984,2015,burst,32e55736d0abe3fbcbde246f8e62b8caa89362597956265c42ee0426f4fff5d3,1bbf82f3aea99f5818bc36da574fab631424e1912dd02ff10f471898907c7e5b,burst,0.22959183673469388,0.288265306122449,0.19387755102040816,0.288265306122449,burst,0.005877983182655314,0.6025238605954412,0.35805778251879633,0.03354037370310554,burst,0.0023012150257745406,0.7252903992381988,0.2671528372209327,0.0052555485150938795
20261237,63,2016,2047,calibration_shift,32e55736d0abe3fbcbde246f8e62b8caa89362597956265c42ee0426f4fff5d3,1bbf82f3aea99f5818bc36da574fab631424e1912dd02ff10f471898907c7e5b,burst,0.22959183673469388,0.288265306122449,0.19387755102040816,0.288265306122449,burst,0.0701997915676011,0.6095024321918352,0.10676773604644631,0.2135300401941168,burst,0.005262045778094373,0.8855575578828193,0.09474075184899627,0.014439644490090308
20261237,64,2048,2079,calibration_shift,32e55736d0abe3fbcbde246f8e62b8caa89362597956265c42ee0426f4fff5d3,1bbf82f3aea99f5818bc36da574fab631424e1912dd02ff10f471898907c7e5b,burst,0.22959183673469388,0.288265306122449,0.19387755102040816,0.288265306122449,calibration_shift,0.33036462916683706,0.2547335901845587,0.05968466077023873,0.35521711987836707,burst,0.05364927629800178,0.8505488992814678,0.04084368672258477,0.05495813769794558
20261237,65,2080,2111,calibration_shift,32e55736d0abe3fbcbde246f8e62b8caa89362597956265c42ee0426f4fff5d3,1bbf82f3aea99f5818bc36da574fab631424e1912dd02ff10f471898907c7e5b,burst,0.22959183673469388,0.288265306122449,0.19387755102040816,0.288265306122449,calibration_shift,0.14884893444807634,0.05202683498213685,0.0006498510329442114,0.798474379536841,calibration_shift,0.1336451095422769,0.34426854650623834,0.0004970839166159402,0.5215892600348689
20261237,66,2112,2143,calibration_shift,32e55736d0abe3fbcbde246f8e62b8caa89362597956265c42ee0426f4fff5d3,1bbf82f3aea99f5818bc36da574fab631424e1912dd02ff10f471898907c7e5b,burst,0.22959183673469388,0.288265306122449,0.19387755102040816,0.288265306122449,burst,0.0936733167819044,0.49877336363274544,0.07668424495750273,0.3308690746278492,burst,0.0544813188832783,0.47893383544777113,0.005810115722162227,0.4607747299467883
20261237,67,2144,2175,calibration_shift,32e55736d0abe3fbcbde246f8e62b8caa89362597956265c42ee0426f4fff5d3,1bbf82f3aea99f5818bc36da574fab631424e1912dd02ff10f471898907c7e5b,burst,0.22959183673469388,0.288265306122449,0.19387755102040816,0.288265306122449,burst,0.3261330759532331,0.3517540849204603,0.22908724117306103,0.09302559795324679,burst,0.14569714511301934,0.6543094600787847,0.03350845022990612,0.16648494457828986
20261237,68,2176,2207,calibration_shift,32e55736d0abe3fbcbde246f8e62b8caa89362597956265c42ee0426f4fff5d3,1bbf82f3aea99f5818bc36da574fab631424e1912dd02ff10f471898907c7e5b,burst,0.22959183673469388,0.288265306122449,0.19387755102040816,0.288265306122449,calibration_shift,0.0729740278861887,0.0029521734323289858,0.001360488476849928,0.9227133102046322,calibration_shift,0.08672379358015925,0.009777199120130873,0.0006159667839442556,0.9028830405157656
20261237,69,2208,2239,calibration_shift,32e55736d0abe3fbcbde246f8e62b8caa89362597956265c42ee0426f4fff5d3,1bbf82f3aea99f5818bc36da574fab631424e1912dd02ff10f471898907c7e5b,burst,0.22959183673469388,0.288265306122449,0.19387755102040816,0.288265306122449,calibration_shift,0.09999979705434162,0.16264570665847466,0.014899325739773973,0.7224551705474105,calibration_shift,0.023526943657829882,0.008048541026987386,0.0005659742221459055,0.9678585410930368
20261237,70,2240,2271,calibration_shift,32e55736d0abe3fbcbde246f8e62b8caa89362597956265c42ee0426f4fff5d3,1bbf82f3aea99f5818bc36da574fab631424e1912dd02ff10f471898907c7e5b,burst,0.22959183673469388,0.288265306122449,0.19387755102040816,0.288265306122449,calibration_shift,0.037378316277735385,0.011413536641034226,0.0007390047549957657,0.9504691423262333,calibration_shift,0.0028661456495819547,0.0003686886702712992,1.8396316457718538e-05,0.996746769363689
20261237,71,2272,2303,calibration_shift,32e55736d0abe3fbcbde246f8e62b8caa89362597956265c42ee0426f4fff5d3,1bbf82f3aea99f5818bc36da574fab631424e1912dd02ff10f471898907c7e5b,burst,0.22959183673469388,0.288265306122449,0.19387755102040816,0.288265306122449,calibration_shift,0.1459818706155191,0.010325396153349185,0.003470560016475054,0.8402221732146561,calibration_shift,0.006297452841256455,0.00021813172862513537,8.04039667273443e-05,0.9934040114633911
20261237,72,2304,2335,calibration_shift,32e55736d0abe3fbcbde246f8e62b8caa89362597956265c42ee0426f4fff5d3,1bbf82f3aea99f5818bc36da574fab631424e1912dd02ff10f471898907c7e5b,burst,0.22959183673469388,0.288265306122449,0.19387755102040816,0.288265306122449,normal,0.6306625429574545,0.05090093388749357,0.017551517815230094,0.30088500533982104,calibration_shift,0.08249083645303877,0.0027426574746192965,0.001076838979013528,0.9136896670933286
20261237,73,2336,2367,calibration_shift,32e55736d0abe3fbcbde246f8e62b8caa89362597956265c42ee0426f4fff5d3,1bbf82f3aea99f5818bc36da574fab631424e1912dd02ff10f471898907c7e5b,burst,0.22959183673469388,0.288265306122449,0.19387755102040816,0.288265306122449,calibration_shift,0.1378224318465395,0.003223852836454572,0.0024144093534297657,0.8565393059635746,calibration_shift,0.026161344164809204,9.566725390297478e-05,7.968577959912578e-05,0.9736633028016886
20261237,74,2368,2399,calibration_shift,32e55736d0abe3fbcbde246f8e62b8caa89362597956265c42ee0426f4fff5d3,1bbf82f3aea99f5818bc36da574fab631424e1912dd02ff10f471898907c7e5b,burst,0.22959183673469388,0.288265306122449,0.19387755102040816,0.288265306122449,calibration_shift,0.2812250819829362,0.16885758462387218,0.06992087304881475,0.4799964603443763,calibration_shift,0.04229383887830134,0.006141651546091569,0.0029983704064593442,0.9485661391691478
20261237,75,2400,2431,calibration_shift,32e55736d0abe3fbcbde246f8e62b8caa89362597956265c42ee0426f4fff5d3,1bbf82f3aea99f5818bc36da574fab631424e1912dd02ff10f471898907c7e5b,burst,0.22959183673469388,0.288265306122449,0.19387755102040816,0.288265306122449,calibration_shift,0.05394220316540456,0.30873289986811553,0.0075409858251211615,0.6297839111413578,calibration_shift,0.008638194124893533,0.01409645019391326,0.00036720612793173435,0.9768981495532615
20261237,76,2432,2463,calibration_shift,32e55736d0abe3fbcbde246f8e62b8caa89362597956265c42ee0426f4fff5d3,1bbf82f3aea99f5818bc36da574fab631424e1912dd02ff10f471898907c7e5b,burst,0.22959183673469388,0.288265306122449,0.19387755102040816,0.288265306122449,calibration_shift,0.1895619833297775,0.21250043981191696,0.030501969921884725,0.5674356069364198,calibration_shift,0.015785729368480432,0.013644480797540529,0.0011583750502664057,0.9694114147837127
20261237,77,2464,2495,calibration_shift,32e55736d0abe3fbcbde246f8e62b8caa89362597956265c42ee0426f4fff5d3,1bbf82f3aea99f5818bc36da574fab631424e1912dd02ff10f471898907c7e5b,burst,0.22959183673469388,0.288265306122449,0.19387755102040816,0.288265306122449,calibration_shift,0.3234697136697705,0.2503922490442106,0.02981554491845912,0.39632249236755823,calibration_shift,0.046375030154527166,0.022107260942368062,0.0017577770987121217,0.9297599318043928
20261237,78,2496,2527,calibration_shift,32e55736d0abe3fbcbde246f8e62b8caa89362597956265c42ee0426f4fff5d3,1bbf82f3aea99f5818bc36da574fab631424e1912dd02ff10f471898907c7e5b,burst,0.22959183673469388,0.288265306122449,0.19387755102040816,0.288265306122449,burst,0.19697921241320768,0.3568094716854184,0.14166070846955325,0.30455060743182183,calibration_shift,0.06329328774990998,0.051865116526254314,0.011991051012366282,0.8728505447114695
20261237,79,2528,2559,calibration_shift,32e55736d0abe3fbcbde246f8e62b8caa89362597956265c42ee0426f4fff5d3,1bbf82f3aea99f5818bc36da574fab631424e1912dd02ff10f471898907c7e5b,burst,0.22959183673469388,0.288265306122449,0.19387755102040816,0.288265306122449,burst,0.09921173078158922,0.4751612427359058,0.03972979744070759,0.38589722904179735,calibration_shift,0.03273274269458835,0.09765755927678742,0.005032626804578399,0.8645770712240458
20261237,80,2560,2591,calibration_shift,32e55736d0abe3fbcbde246f8e62b8caa89362597956265c42ee0426f4fff5d3,1bbf82f3aea99f5818bc36da574fab631424e1912dd02ff10f471898907c7e5b,burst,0.22959183673469388,0.288265306122449,0.19387755102040816,0.288265306122449,calibration_shift,0.07575104362226012,0.20449697639758382,0.0053719477206343735,0.7143800322595227,calibration_shift,0.010083511173493124,0.03970236047412527,0.0002900383278177044,0.9499240900245638
20261237,81,2592,2623,calibration_shift,32e55736d0abe3fbcbde246f8e62b8caa89362597956265c42ee0426f4fff5d3,1bbf82f3aea99f5818bc36da574fab631424e1912dd02ff10f471898907c7e5b,burst,0.22959183673469388,0.288265306122449,0.19387755102040816,0.288265306122449,calibration_shift,0.06277466606139066,0.22813817484805943,0.06758863440653518,0.6414985246840132,calibration_shift,0.005070697034752431,0.023708481263388113,0.0023676787063383986,0.9688531429955212
20261237,82,2624,2655,calibration_shift,32e55736d0abe3fbcbde246f8e62b8caa89362597956265c42ee0426f4fff5d3,1bbf82f3aea99f5818bc36da574fab631424e1912dd02ff10f471898907c7e5b,burst,0.22959183673469388,0.288265306122449,0.19387755102040816,0.288265306122449,calibration_shift,0.056089523930554955,0.054130784203073684,0.01965680703925618,0.8701228848271155,calibration_shift,0.00276262124297619,0.0030447936668616866,0.0006219744880056433,0.9935706106021563
20261237,83,2656,2687,calibration_shift,32e55736d0abe3fbcbde246f8e62b8caa89362597956265c42ee0426f4fff5d3,1bbf82f3aea99f5818bc36da574fab631424e1912dd02ff10f471898907c7e5b,burst,0.22959183673469388,0.288265306122449,0.19387755102040816,0.288265306122449,calibration_shift,0.022154830001284924,0.09631242347808949,0.03673365093499702,0.8447990955856273,calibration_shift,0.0009570190980738583,0.002549611206065685,0.000947419771609072,0.9955459499242514
20261237,84,2688,2719,calibration_shift,32e55736d0abe3fbcbde246f8e62b8caa89362597956265c42ee0426f4fff5d3,1bbf82f3aea99f5818bc36da574fab631424e1912dd02ff10f471898907c7e5b,burst,0.22959183673469388,0.288265306122449,0.19387755102040816,0.288265306122449,calibration_shift,0.04641572011542091,0.44543265405717747,0.04684861383975098,0.46130301198764895,calibration_shift,0.0031944867254091263,0.02031190493550392,0.002231905777185532,0.9742617025619015
20261237,85,2720,2751,calibration_shift,32e55736d0abe3fbcbde246f8e62b8caa89362597956265c42ee0426f4fff5d3,1bbf82f3aea99f5818bc36da574fab631424e1912dd02ff10f471898907c7e5b,burst,0.22959183673469388,0.288265306122449,0.19387755102040816,0.288265306122449,calibration_shift,0.31841645187076634,0.08765138608356643,0.013472269981832367,0.580459892063835,calibration_shift,0.0208514748694724,0.006595426826553663,0.0006093508453921971,0.9719437474585817
20261237,86,2752,2783,calibration_shift,32e55736d0abe3fbcbde246f8e62b8caa89362597956265c42ee0426f4fff5d3,1bbf82f3aea99f5818bc36da574fab631424e1912dd02ff10f471898907c7e5b,burst,0.22959183673469388,0.288265306122449,0.19387755102040816,0.288265306122449,calibration_shift,0.20911585247488457,0.004030286829043038,0.003179833566158985,0.7836740271299144,calibration_shift,0.01797287044104131,0.00014473524387661655,9.397344495129624e-05,0.9817884208701307
20261237,87,2784,2815,leakage,32e55736d0abe3fbcbde246f8e62b8caa89362597956265c42ee0426f4fff5d3,1bbf82f3aea99f5818bc36da574fab631424e1912dd02ff10f471898907c7e5b,burst,0.22959183673469388,0.288265306122449,0.19387755102040816,0.288265306122449,calibration_shift,0.2029479319813082,0.13699449772571323,0.27005764272297095,0.38999992757000934,calibration_shift,0.031078377896209843,0.0060544617974132384,0.013918535253832676,0.9489486250525442
20261237,88,2816,2847,leakage,32e55736d0abe3fbcbde246f8e62b8caa89362597956265c42ee0426f4fff5d3,1bbf82f3aea99f5818bc36da574fab631424e1912dd02ff10f471898907c7e5b,burst,0.22959183673469388,0.288265306122449,0.19387755102040816,0.288265306122449,burst,0.08140361067569034,0.45734050370143425,0.23492216258266596,0.22633372304020885,calibration_shift,0.02720240591371905,0.051754979696353925,0.04827112444785685,0.8727714899420702
20261237,89,2848,2879,leakage,32e55736d0abe3fbcbde246f8e62b8caa89362597956265c42ee0426f4fff5d3,1bbf82f3aea99f5818bc36da574fab631424e1912dd02ff10f471898907c7e5b,burst,0.22959183673469388,0.288265306122449,0.19387755102040816,0.288265306122449,leakage,0.2234172783887958,0.2820041708769998,0.3892191790758186,0.10535937165838492,calibration_shift,0.10042417864733869,0.12867233430015923,0.24391393897875432,0.5269895480737478
20261237,90,2880,2911,leakage,32e55736d0abe3fbcbde246f8e62b8caa89362597956265c42ee0426f4fff5d3,1bbf82f3aea99f5818bc36da574fab631424e1912dd02ff10f471898907c7e5b,burst,0.22959183673469388,0.288265306122449,0.19387755102040816,0.288265306122449,leakage,0.050317437768619716,0.28059038516157375,0.49970066696013754,0.16939151010966896,leakage,0.02548627471185254,0.12705646226952585,0.5856539873522075,0.2618032756664141
20261237,91,2912,2943,leakage,32e55736d0abe3fbcbde246f8e62b8caa89362597956265c42ee0426f4fff5d3,1bbf82f3aea99f5818bc36da574fab631424e1912dd02ff10f471898907c7e5b,burst,0.22959183673469388,0.288265306122449,0.19387755102040816,0.288265306122449,burst,0.10639259260056178,0.5851288297414472,0.18200033530677495,0.12647824235121644,leakage,0.02635668698441484,0.30124678785305503,0.54694937564749,0.12544714951504018
20261237,92,2944,2975,leakage,32e55736d0abe3fbcbde246f8e62b8caa89362597956265c42ee0426f4fff5d3,1bbf82f3aea99f5818bc36da574fab631424e1912dd02ff10f471898907c7e5b,burst,0.22959183673469388,0.288265306122449,0.19387755102040816,0.288265306122449,burst,0.23958367637068634,0.4439800592206372,0.15844198659753114,0.15799427781114628,burst,0.056821770188732613,0.44252603290135173,0.4186342685580509,0.08201792835186486
20261237,93,2976,3007,leakage,32e55736d0abe3fbcbde246f8e62b8caa89362597956265c42ee0426f4fff5d3,1bbf82f3aea99f5818bc36da574fab631424e1912dd02ff10f471898907c7e5b,burst,0.22959183673469388,0.288265306122449,0.19387755102040816,0.288265306122449,leakage,0.0004729359128929264,0.03698619807194612,0.952449586099019,0.010091279916143515,leakage,8.612394297799441e-05,0.025772099709294696,0.9722599046545208,0.0018818716932065265
20261237,94,3008,3039,leakage,32e55736d0abe3fbcbde246f8e62b8caa89362597956265c42ee0426f4fff5d3,1bbf82f3aea99f5818bc36da574fab631424e1912dd02ff10f471898907c7e5b,burst,0.22959183673469388,0.288265306122449,0.19387755102040816,0.288265306122449,burst,0.19239996067691592,0.32813512711592524,0.250799963267932,0.22866494893922526,leakage,0.012153294015788945,0.041073813356845595,0.9251096630236371,0.02166322960372844
20261237,95,3040,3071,leakage,32e55736d0abe3fbcbde246f8e62b8caa89362597956265c42ee0426f4fff5d3,1bbf82f3aea99f5818bc36da574fab631424e1912dd02ff10f471898907c7e5b,burst,0.22959183673469388,0.288265306122449,0.19387755102040816,0.288265306122449,burst,0.1236591157668298,0.421874606087783,0.10094857133457152,0.3535177068108141,leakage,0.030146730353361583,0.1430297821181148,0.713110727945981,0.11371275958254277
20261237,96,3072,3103,leakage,32e55736d0abe3fbcbde246f8e62b8caa89362597956265c42ee0426f4fff5d3,1bbf82f3aea99f5818bc36da574fab631424e1912dd02ff10f471898907c7e5b,burst,0.22959183673469388,0.288265306122449,0.19387755102040816,0.288265306122449,burst,0.21406815479692867,0.5170150165532202,0.05425813446394916,0.2146586941859005,burst,0.08571161588012469,0.4440024937608146,0.29894557114344916,0.1713403192156115
20261237,97,3104,3135,leakage,32e55736d0abe3fbcbde246f8e62b8caa89362597956265c42ee0426f4fff5d3,1bbf82f3aea99f5818bc36da574fab631424e1912dd02ff10f471898907c7e5b,burst,0.22959183673469388,0.288265306122449,0.19387755102040816,0.288265306122449,normal,0.45096575301268566,0.2845500348574095,0.10953486805882656,0.15494934407107808,burst,0.24862205592234157,0.4524173504204439,0.1873150513531881,0.1116455423040265
20261237,98,3136,3167,leakage,32e55736d0abe3fbcbde246f8e62b8caa89362597956265c42ee0426f4fff5d3,1bbf82f3aea99f5818bc36da574fab631424e1912dd02ff10f471898907c7e5b,burst,0.22959183673469388,0.288265306122449,0.19387755102040816,0.288265306122449,leakage,0.004558636998138243,0.24108115907885103,0.7389881037705017,0.015372100152508918,leakage,0.004576576508283861,0.31180172510957727,0.677402550396475,0.006219147985663934
20261237,99,3168,3199,leakage,32e55736d0abe3fbcbde246f8e62b8caa89362597956265c42ee0426f4fff5d3,1bbf82f3aea99f5818bc36da574fab631424e1912dd02ff10f471898907c7e5b,burst,0.22959183673469388,0.288265306122449,0.19387755102040816,0.288265306122449,leakage,0.012302055508212586,0.14659510751258117,0.8184647503897238,0.02263808658948367,leakage,0.0005409401616471545,0.0535367626146861,0.9448640205396135,0.0010582766840532638
20261237,100,3200,3231,leakage,32e55736d0abe3fbcbde246f8e62b8caa89362597956265c42ee0426f4fff5d3,1bbf82f3aea99f5818bc36da574fab631424e1912dd02ff10f471898907c7e5b,burst,0.22959183673469388,0.288265306122449,0.19387755102040816,0.288265306122449,burst,0.14648072131968604,0.4737302167356069,0.21132104705416663,0.16846801489054217,leakage,0.011403576789123149,0.10699101696477542,0.8641172712417258,0.017488135004375727
20261237,101,3232,3263,leakage,32e55736d0abe3fbcbde246f8e62b8caa89362597956265c42ee0426f4fff5d3,1bbf82f3aea99f5818bc36da574fab631424e1912dd02ff10f471898907c7e5b,burst,0.22959183673469388,0.288265306122449,0.19387755102040816,0.288265306122449,leakage,0.0018888568559195767,0.024610497569409022,0.9710738138738769,0.002426831700793394,leakage,7.186960354071407e-05,0.00256967186741773,0.997247150807429,0.00011130772161262748
20261237,102,3264,3295,calibration_shift,32e55736d0abe3fbcbde246f8e62b8caa89362597956265c42ee0426f4fff5d3,1bbf82f3aea99f5818bc36da574fab631424e1912dd02ff10f471898907c7e5b,burst,0.22959183673469388,0.288265306122449,0.19387755102040816,0.288265306122449,burst,0.06247682423769695,0.5221853117741903,0.1249728371327842,0.29036502685532856,leakage,0.0070992613457070974,0.05510984505959581,0.8911918079071481,0.046599085687549016
20261237,103,3296,3327,calibration_shift,32e55736d0abe3fbcbde246f8e62b8caa89362597956265c42ee0426f4fff5d3,1bbf82f3aea99f5818bc36da574fab631424e1912dd02ff10f471898907c7e5b,burst,0.22959183673469388,0.288265306122449,0.19387755102040816,0.288265306122449,calibration_shift,0.21251339985190365,0.20107533360041416,0.02370102127424828,0.5627102452734346,calibration_shift,0.08112744025431508,0.15165123683149495,0.2947918470382522,0.4724294758759378
20261237,104,3328,3359,calibration_shift,32e55736d0abe3fbcbde246f8e62b8caa89362597956265c42ee0426f4fff5d3,1bbf82f3aea99f5818bc36da574fab631424e1912dd02ff10f471898907c7e5b,burst,0.22959183673469388,0.288265306122449,0.19387755102040816,0.288265306122449,calibration_shift,0.40501035920072886,0.03953352080125888,0.007513774837244217,0.5479423451607685,calibration_shift,0.18055628210420305,0.020891172508523972,0.010659408415037288,0.7878931369722356
20261237,105,3360,3391,calibration_shift,32e55736d0abe3fbcbde246f8e62b8caa89362597956265c42ee0426f4fff5d3,1bbf82f3aea99f5818bc36da574fab631424e1912dd02ff10f471898907c7e5b,burst,0.22959183673469388,0.288265306122449,0.19387755102040816,0.288265306122449,leakage,0.00021313129910320805,0.13799129601690924,0.8589888806709368,0.0028066920130525325,leakage,0.0011504110632916782,0.12799354132772142,0.8282406086123426,0.04261543899664428
20261237,106,3392,3423,calibration_shift,32e55736d0abe3fbcbde246f8e62b8caa89362597956265c42ee0426f4fff5d3,1bbf82f3aea99f5818bc36da574fab631424e1912dd02ff10f471898907c7e5b,burst,0.22959183673469388,0.288265306122449,0.19387755102040816,0.288265306122449,normal,0.4832650039435357,0.11108874809565014,0.038886841943749285,0.3667594060170645,leakage,0.13581343884647842,0.1511484869908945,0.432948042189302,0.2800900319733251
20261237,107,3424,3455,calibration_shift,32e55736d0abe3fbcbde246f8e62b8caa89362597956265c42ee0426f4fff5d3,1bbf82f3aea99f5818bc36da574fab631424e1912dd02ff10f471898907c7e5b,burst,0.22959183673469388,0.288265306122449,0.19387755102040816,0.288265306122449,calibration_shift,0.1896978974769303,0.027286418661926746,0.003809676091218315,0.779206007769923,calibration_shift,0.1423807955386083,0.01679459968586887,0.00893436642114193,0.8318902383543808
20261237,108,3456,3487,calibration_shift,32e55736d0abe3fbcbde246f8e62b8caa89362597956265c42ee0426f4fff5d3,1bbf82f3aea99f5818bc36da574fab631424e1912dd02ff10f471898907c7e5b,burst,0.22959183673469388,0.288265306122449,0.19387755102040816,0.288265306122449,calibration_shift,0.1059525820900967,0.1376808120879613,0.08491168101977029,0.6714549248021732,calibration_shift,0.041379773985663226,0.009965939494993288,0.006533060744605919,0.9421212257747376
20261237,109,3488,3519,calibration_shift,32e55736d0abe3fbcbde246f8e62b8caa89362597956265c42ee0426f4fff5d3,1bbf82f3aea99f5818bc36da574fab631424e1912dd02ff10f471898907c7e5b,burst,0.22959183673469388,0.288265306122449,0.19387755102040816,0.288265306122449,burst,0.09641796651491454,0.572566190162538,0.16459089942158744,0.16642494390096,calibration_shift,0.04891139679373246,0.09860971695436833,0.03207135707442707,0.8204075291774723
20261237,110,3520,3551,calibration_shift,32e55736d0abe3fbcbde246f8e62b8caa89362597956265c42ee0426f4fff5d3,1bbf82f3aea99f5818bc36da574fab631424e1912dd02ff10f471898907c7e5b,burst,0.22959183673469388,0.288265306122449,0.19387755102040816,0.288265306122449,normal,0.4668883207880348,0.1432495035954715,0.06556403638755502,0.3242981392289381,calibration_shift,0.15019868593780653,0.053682940816617675,0.01617232331014063,0.7799460499354351
20261237,111,3552,3583,calibration_shift,32e55736d0abe3fbcbde246f8e62b8caa89362597956265c42ee0426f4fff5d3,1bbf82f3aea99f5818bc36da574fab631424e1912dd02ff10f471898907c7e5b,burst,0.22959183673469388,0.288265306122449,0.19387755102040816,0.288265306122449,calibration_shift,0.07659634922251353,0.03626992245930646,0.001308822001308731,0.8858249063168717,calibration_shift,0.026020783712303475,0.004240824340721009,0.00010987929393491769,0.9696285126530406
20261237,112,3584,3615,calibration_shift,32e55736d0abe3fbcbde246f8e62b8caa89362597956265c42ee0426f4fff5d3,1bbf82f3aea99f5818bc36da574fab631424e1912dd02ff10f471898907c7e5b,burst,0.22959183673469388,0.288265306122449,0.19387755102040816,0.288265306122449,burst,0.11977410779254882,0.4688082459375672,0.06443802465288284,0.3469796216170007,calibration_shift,0.024810743584745804,0.032432024390050815,0.003856330120818444,0.938900901904385
20261237,113,3616,3647,calibration_shift,32e55736d0abe3fbcbde246f8e62b8caa89362597956265c42ee0426f4fff5d3,1bbf82f3aea99f5818bc36da574fab631424e1912dd02ff10f471898907c7e5b,burst,0.22959183673469388,0.288265306122449,0.19387755102040816,0.288265306122449,calibration_shift,0.20985436291806372,0.36177318558473015,0.05475988691830635,0.3736125645789007,calibration_shift,0.0397602867867224,0.054079666056831524,0.004427149030594275,0.9017328981258518
20261237,114,3648,3679,calibration_shift,32e55736d0abe3fbcbde246f8e62b8caa89362597956265c42ee0426f4fff5d3,1bbf82f3aea99f5818bc36da574fab631424e1912dd02ff10f471898907c7e5b,burst,0.22959183673469388,0.288265306122449,0.19387755102040816,0.288265306122449,calibration_shift,0.1494021815401196,0.06406170127891257,0.025965531069317243,0.7605705861116503,calibration_shift,0.020276280512990956,0.007410250112962035,0.0012382379048008077,0.9710752314692462
20261237,115,3680,3711,calibration_shift,32e55736d0abe3fbcbde246f8e62b8caa89362597956265c42ee0426f4fff5d3,1bbf82f3aea99f5818bc36da574fab631424e1912dd02ff10f471898907c7e5b,burst,0.22959183673469388,0.288265306122449,0.19387755102040816,0.288265306122449,calibration_shift,0.030207821273751975,0.04923355885778506,0.005675372656883948,0.9148832472115795,calibration_shift,0.0022314574851281287,0.0015972159947818748,0.00015675387864322516,0.9960145726414469
20261237,116,3712,3743,calibration_shift,32e55736d0abe3fbcbde246f8e62b8caa89362597956265c42ee0426f4fff5d3,1bbf82f3aea99f5818bc36da574fab631424e1912dd02ff10f471898907c7e5b,burst,0.22959183673469388,0.288265306122449,0.19387755102040816,0.288265306122449,calibration_shift,0.017168939126578995,0.012327070068944962,0.0037743747155824145,0.9667296160888942,calibration_shift,0.0006267883209804906,0.0002561505469248252,7.88997108232598e-05,0.9990381614212714
20261237,117,3744,3775,calibration_shift,32e55736d0abe3fbcbde246f8e62b8caa89362597956265c42ee0426f4fff5d3,1bbf82f3aea99f5818bc36da574fab631424e1912dd02ff10f471898907c7e5b,burst,0.22959183673469388,0.288265306122449,0.19387755102040816,0.288265306122449,calibration_shift,0.1156856271151589,0.3792742626137016,0.009052841786940923,0.4959872684841972,calibration_shift,0.007167614139080166,0.013072178094601903,0.00035075206084329136,0.9794094557054747
20261237,118,3776,3807,calibration_shift,32e55736d0abe3fbcbde246f8e62b8caa89362597956265c42ee0426f4fff5d3,1bbf82f3aea99f5818bc36da574fab631424e1912dd02ff10f471898907c7e5b,burst,0.22959183673469388,0.288265306122449,0.19387755102040816,0.288265306122449,calibration_shift,0.1760995311416504,0.09256239708002381,0.011938681559693912,0.7193993902186308,calibration_shift,0.011079235367080689,0.004580418771688118,0.00035919446237419244,0.9839811513988569
20261237,119,3808,3839,calibration_shift,32e55736d0abe3fbcbde246f8e62b8caa89362597956265c42ee0426f4fff5d3,1bbf82f3aea99f5818bc36da574fab631424e1912dd02ff10f471898907c7e5b,burst,0.22959183673469388,0.288265306122449,0.19387755102040816,0.288265306122449,calibration_shift,0.0477364502098952,0.04484426146711397,0.0003322343769764191,0.9070870539460145,calibration_shift,0.002730036060854023,0.0012424417653260392,7.997417736678097e-06,0.9960195247560834
20261237,120,3840,3871,calibration_shift,32e55736d0abe3fbcbde246f8e62b8caa89362597956265c42ee0426f4fff5d3,1bbf82f3aea99f5818bc36da574fab631424e1912dd02ff10f471898907c7e5b,burst,0.22959183673469388,0.288265306122449,0.19387755102040816,0.288265306122449,calibration_shift,0.02624750741586017,0.19047790468985268,0.025188531281654575,0.7580860566126323,calibration_shift,0.0012488229453453282,0.0048719068196642155,0.0006463112880722502,0.9932329589469182
20261237,121,3872,3903,normal,32e55736d0abe3fbcbde246f8e62b8caa89362597956265c42ee0426f4fff5d3,1bbf82f3aea99f5818bc36da574fab631424e1912dd02ff10f471898907c7e5b,burst,0.22959183673469388,0.288265306122449,0.19387755102040816,0.288265306122449,calibration_shift,0.17528853746779616,0.21665895979381716,0.02223965279915491,0.5858128499392329,calibration_shift,0.00982101951114937,0.009057434854530385,0.0008147281765197318,0.9803068174578006
20261237,122,3904,3935,normal,32e55736d0abe3fbcbde246f8e62b8caa89362597956265c42ee0426f4fff5d3,1bbf82f3aea99f5818bc36da574fab631424e1912dd02ff10f471898907c7e5b,burst,0.22959183673469388,0.288265306122449,0.19387755102040816,0.288265306122449,calibration_shift,0.30245793002961535,0.019771194677739995,0.021125295667778713,0.656645579624865,calibration_shift,0.022661280407867777,0.0009188195816233339,0.0007357902703555479,0.9756841097401533
20261237,123,3936,3967,normal,32e55736d0abe3fbcbde246f8e62b8caa89362597956265c42ee0426f4fff5d3,1bbf82f3aea99f5818bc36da574fab631424e1912dd02ff10f471898907c7e5b,burst,0.22959183673469388,0.288265306122449,0.19387755102040816,0.288265306122449,burst,0.07796523199208405,0.5323056904793085,0.11539613953951035,0.27433293798909886,calibration_shift,0.018812248476913263,0.03647683566198099,0.009339292595533486,0.9353716232655723
20261237,124,3968,3999,normal,32e55736d0abe3fbcbde246f8e62b8caa89362597956265c42ee0426f4fff5d3,1bbf82f3aea99f5818bc36da574fab631424e1912dd02ff10f471898907c7e5b,burst,0.22959183673469388,0.288265306122449,0.19387755102040816,0.288265306122449,normal,0.7695916202757209,0.08426092627978679,0.03398718474221038,0.11216026870228045,calibration_shift,0.3093388797124487,0.0326009886726891,0.008861118174138212,0.649199013440724
20261237,125,4000,4031,normal,32e55736d0abe3fbcbde246f8e62b8caa89362597956265c42ee0426f4fff5d3,1bbf82f3aea99f5818bc36da574fab631424e1912dd02ff10f471898907c7e5b,burst,0.22959183673469388,0.288265306122449,0.19387755102040816,0.288265306122449,normal,0.5244440306716928,0.009708844659648991,0.009068970508651441,0.45677815416000644,calibration_shift,0.4355991747041414,0.0011420172525855564,0.0008529205198897199,0.5624058875233833
20261237,126,4032,4063,normal,32e55736d0abe3fbcbde246f8e62b8caa89362597956265c42ee0426f4fff5d3,1bbf82f3aea99f5818bc36da574fab631424e1912dd02ff10f471898907c7e5b,burst,0.22959183673469388,0.288265306122449,0.19387755102040816,0.288265306122449,normal,0.7154931522525263,0.06950165375717658,0.05140023002622481,0.16360496396407295,normal,0.8149343462000022,0.0032855653583344145,0.003336846541096693,0.1784432419005669
20261237,127,4064,4095,normal,32e55736d0abe3fbcbde246f8e62b8caa89362597956265c42ee0426f4fff5d3,1bbf82f3aea99f5818bc36da574fab631424e1912dd02ff10f471898907c7e5b,burst,0.22959183673469388,0.288265306122449,0.19387755102040816,0.288265306122449,normal,0.6682486650865743,0.07178556070522152,0.02720493397084618,0.2327608402373591,normal,0.9334293773537401,0.002782916912534511,0.0016329819246072746,0.062154723809118004
20261238,0,0,31,leakage,6671b27365f997d5597aa917eefc8cbbb752a123992f2d3f3ac24be9480f1a16,6e724b2b13056a8b85a45549580f00baffc398287b57280eb78adcf5e8cf7014,burst,0.22959183673469388,0.288265306122449,0.19387755102040816,0.288265306122449,leakage,8.847844748873128e-05,0.0016737934976638203,0.9980413641522557,0.00019636390259132662,leakage,5.011068866992723e-05,0.001092399610406046,0.9987267340750027,0.00013075562592141014
20261238,1,32,63,leakage,6671b27365f997d5597aa917eefc8cbbb752a123992f2d3f3ac24be9480f1a16,6e724b2b13056a8b85a45549580f00baffc398287b57280eb78adcf5e8cf7014,burst,0.22959183673469388,0.288265306122449,0.19387755102040816,0.288265306122449,calibration_shift,0.17688999507458045,0.3526102072864925,0.09032056993220242,0.38017922770672524,leakage,0.02626491996034584,0.04389190323079294,0.849462008966159,0.08038116784270213
20261238,2,64,95,leakage,6671b27365f997d5597aa917eefc8cbbb752a123992f2d3f3ac24be9480f1a16,6e724b2b13056a8b85a45549580f00baffc398287b57280eb78adcf5e8cf7014,burst,0.22959183673469388,0.288265306122449,0.19387755102040816,0.288265306122449,leakage,0.004236369679943633,0.07194764750741733,0.9083059538667478,0.015510028945891227,leakage,0.0002545869008290006,0.0043558070591386494,0.9937318509032037,0.0016577551368286982
20261238,3,96,127,leakage,6671b27365f997d5597aa917eefc8cbbb752a123992f2d3f3ac24be9480f1a16,6e724b2b13056a8b85a45549580f00baffc398287b57280eb78adcf5e8cf7014,burst,0.22959183673469388,0.288265306122449,0.19387755102040816,0.288265306122449,calibration_shift,0.13844675933812603,0.056019357814574976,0.14642460281291197,0.6591092800343866,leakage,0.013807237636586476,0.0056008484775590525,0.8822456629457825,0.09834625094007189
20261238,4,128,159,leakage,6671b27365f997d5597aa917eefc8cbbb752a123992f2d3f3ac24be9480f1a16,6e724b2b13056a8b85a45549580f00baffc398287b57280eb78adcf5e8cf7014,burst,0.22959183673469388,0.288265306122449,0.19387755102040816,0.288265306122449,leakage,0.0007796861925672704,0.06276341327551603,0.9218267245825463,0.014630175949371367,leakage,3.2512628652425604e-05,0.0014465186966237315,0.9968180780801671,0.0017028905945568142
20261238,5,160,191,leakage,6671b27365f997d5597aa917eefc8cbbb752a123992f2d3f3ac24be9480f1a16,6e724b2b13056a8b85a45549580f00baffc398287b57280eb78adcf5e8cf7014,burst,0.22959183673469388,0.288265306122449,0.19387755102040816,0.288265306122449,burst,0.04915671373211023,0.4659659191359613,0.43320641995319314,0.051670947178735445,leakage,0.0017673269684746432,0.014459290870004677,0.9808852435999601,0.0028881385615605933
20261238,6,192,223,leakage,6671b27365f997d5597aa917eefc8cbbb752a123992f2d3f3ac24be9480f1a16,6e724b2b13056a8b85a45549580f00baffc398287b57280eb78adcf5e8cf7014,burst,0.22959183673469388,0.288265306122449,0.19387755102040816,0.288265306122449,calibration_shift,0.39032040789328964,0.06200082522088276,0.03589963293120667,0.5117791339546198,leakage,0.1298317535555642,0.02668879262960927,0.6116549681293447,0.23182448568548192
20261238,7,224,255,leakage,6671b27365f997d5597aa917eefc8cbbb752a123992f2d3f3ac24be9480f1a16,6e724b2b13056a8b85a45549580f00baffc398287b57280eb78adcf5e8cf7014,burst,0.22959183673469388,0.288265306122449,0.19387755102040816,0.288265306122449,burst,0.06586270294795912,0.5603678667257103,0.30726924491571594,0.0665001854106154,leakage,0.03883401532864428,0.08850767103012064,0.8218955766929663,0.050762736948268807
20261238,8,256,287,leakage,6671b27365f997d5597aa917eefc8cbbb752a123992f2d3f3ac24be9480f1a16,6e724b2b13056a8b85a45549580f00baffc398287b57280eb78adcf5e8cf7014,burst,0.22959183673469388,0.288265306122449,0.19387755102040816,0.288265306122449,leakage,0.02707363924066952,0.24652653082330686,0.5843702747314968,0.14202955520452756,leakage,0.0030984826047846204,0.037031823561284274,0.9424099753797165,0.017459718454214516
20261238,9,288,319,leakage,6671b27365f997d5597aa917eefc8cbbb752a123992f2d3f3ac24be9480f1a16,6e724b2b13056a8b85a45549580f00baffc398287b57280eb78adcf5e8cf7014,burst,0.22959183673469388,0.288265306122449,0.19387755102040816,0.288265306122449,burst,0.0543880591789025,0.6070182666842341,0.1938750487502032,0.14471862538665933,leakage,0.00552723102074305,0.1168901377682672,0.8513939844500831,0.026188646760906712
20261238,10,320,351,leakage,6671b27365f997d5597aa917eefc8cbbb752a123992f2d3f3ac24be9480f1a16,6e724b2b13056a8b85a45549580f00baffc398287b57280eb78adcf5e8cf7014,burst,0.22959183673469388,0.288265306122449,0.19387755102040816,0.288265306122449,burst,0.05980931598384626,0.4803776285938993,0.13921014506798443,0.3206029103542685,leakage,0.008653570448071194,0.25160465734158444,0.6592672274085639,0.08047454480178044
20261238,11,352,383,leakage,6671b27365f997d5597aa917eefc8cbbb752a123992f2d3f3ac24be9480f1a16,6e724b2b13056a8b85a45549580f00baffc398287b57280eb78adcf5e8cf7014,burst,0.22959183673469388,0.288265306122449,0.19387755102040816,0.288265306122449,leakage,0.010804743487885137,0.46950102816975686,0.4885963450399281,0.03109788330243003,leakage,0.0008291644346934303,0.20429763384332741,0.7887359896871751,0.00613721203480424
20261238,12,384,415,leakage,6671b27365f997d5597aa917eefc8cbbb752a123992f2d3f3ac24be9480f1a16,6e724b2b13056a8b85a45549580f00baffc398287b57280eb78adcf5e8cf7014,burst,0.22959183673469388,0.288265306122449,0.19387755102040816,0.288265306122449,burst,0.14626678172268764,0.3131430294689908,0.2775801610293826,0.26301002777894045,leakage,0.010740419948860517,0.16882167654701688,0.7934087995943143,0.0270291039098082
20261238,13,416,447,leakage,6671b27365f997d5597aa917eefc8cbbb752a123992f2d3f3ac24be9480f1a16,6e724b2b13056a8b85a45549580f00baffc398287b57280eb78adcf5e8cf7014,burst,0.22959183673469388,0.288265306122449,0.19387755102040816,0.288265306122449,leakage,0.0021616605847986953,0.14935910898211768,0.8451086141678809,0.0033706162652038635,leakage,0.00010081159172090167,0.027514339866846815,0.9721634138510505,0.00022143469038178988
20261238,14,448,479,leakage,6671b27365f997d5597aa917eefc8cbbb752a123992f2d3f3ac24be9480f1a16,6e724b2b13056a8b85a45549580f00baffc398287b57280eb78adcf5e8cf7014,burst,0.22959183673469388,0.288265306122449,0.19387755102040816,0.288265306122449,burst,0.07564046966318706,0.49587022152837235,0.21903517703143466,0.20945413177700617,leakage,0.005331066723329855,0.07184027598290318,0.9025992933638017,0.020229363929965306
20261238,15,480,511,leakage,6671b27365f997d5597aa917eefc8cbbb752a123992f2d3f3ac24be9480f1a16,6e724b2b13056a8b85a45549580f00baffc398287b57280eb78adcf5e8cf7014,burst,0.22959183673469388,0.288265306122449,0.19387755102040816,0.288265306122449,leakage,0.09177182435789605,0.1700228260033278,0.48510436721213923,0.25310098242663764,leakage,0.0049898096470635134,0.023902090536131713,0.9486788402447337,0.022429259572071158
20261238,16,512,543,calibration_shift,6671b27365f997d5597aa917eefc8cbbb752a123992f2d3f3ac24be9480f1a16,6e724b2b13056a8b85a45549580f00baffc398287b57280eb78adcf5e8cf7014,burst,0.22959183673469388,0.288265306122449,0.19387755102040816,0.288265306122449,calibration_shift,0.016360829572619487,0.08177105048806191,0.011573622690259721,0.8902944972490605,calibration_shift,0.00752413911082557,0.05057502536362027,0.211077109099963,0.7308237264255912
20261238,17,544,575,calibration_shift,6671b27365f997d5597aa917eefc8cbbb752a123992f2d3f3ac24be9480f1a16,6e724b2b13056a8b85a45549580f00baffc398287b57280eb78adcf5e8cf7014,burst,0.22959183673469388,0.288265306122449,0.19387755102040816,0.288265306122449,calibration_shift,0.1005212293157531,0.11815464828847438,0.03729715036505159,0.7440269720307222,calibration_shift,0.00846216605816133,0.01615578498650237,0.023241328974468786,0.9521407199808675
20261238,18,576,607,calibration_shift,6671b27365f997d5597aa917eefc8cbbb752a123992f2d3f3ac24be9480f1a16,6e724b2b13056a8b85a45549580f00baffc398287b57280eb78adcf5e8cf7014,burst,0.22959183673469388,0.288265306122449,0.19387755102040816,0.288265306122449,burst,0.09304243677996286,0.5715299681155345,0.10640488897443653,0.22902270613006723,calibration_shift,0.01773933149244939,0.09010705417652473,0.027808724667162714,0.8643448896638631
20261238,19,608,639,calibration_shift,6671b27365f997d5597aa917eefc8cbbb752a123992f2d3f3ac24be9480f1a16,6e724b2b13056a8b85a45549580f00baffc398287b57280eb78adcf5e8cf7014,burst,0.22959183673469388,0.288265306122449,0.19387755102040816,0.288265306122449,calibration_shift,0.06939115531674005,0.29563851765278026,0.02442053206302265,0.6105497949674578,calibration_shift,0.007888503696362566,0.06156311365792612,0.0032339889359290956,0.9273143937097823
20261238,20,640,671,calibration_shift,6671b27365f997d5597aa917eefc8cbbb752a123992f2d3f3ac24be9480f1a16,6e724b2b13056a8b85a45549580f00baffc398287b57280eb78adcf5e8cf7014,burst,0.22959183673469388,0.288265306122449,0.19387755102040816,0.288265306122449,burst,0.3708734932853436,0.37357395619837386,0.12563214955020224,0.12992040096608137,calibration_shift,0.10120454945196918,0.18892936643211883,0.021239250272665045,0.6886268338432469
20261238,21,672,703,calibration_shift,6671b27365f997d5597aa917eefc8cbbb752a123992f2d3f3ac24be9480f1a16,6e724b2b13056a8b85a45549580f00baffc398287b57280eb78adcf5e8cf7014,burst,0.22959183673469388,0.288265306122449,0.19387755102040816,0.288265306122449,calibration_shift,0.2942242416502065,0.27497089673498126,0.0470357549876484,0.3837691066271633,calibration_shift,0.13894544895633046,0.15672854158427119,0.00841504938511136,0.695910960074287
20261238,22,704,735,calibration_shift,6671b27365f997d5597aa917eefc8cbbb752a123992f2d3f3ac24be9480f1a16,6e724b2b13056a8b85a45549580f00baffc398287b57280eb78adcf5e8cf7014,burst,0.22959183673469388,0.288265306122449,0.19387755102040816,0.288265306122449,calibration_shift,0.020045752313117674,0.4356540670929873,0.01164340082832928,0.5326567797655641,calibration_shift,0.009995455553920963,0.1772170309282839,0.0011679304118527175,0.8116195831059424
20261238,23,736,767,calibration_shift,6671b27365f997d5597aa917eefc8cbbb752a123992f2d3f3ac24be9480f1a16,6e724b2b13056a8b85a45549580f00baffc398287b57280eb78adcf5e8cf7014,burst,0.22959183673469388,0.288265306122449,0.19387755102040816,0.288265306122449,calibration_shift,0.3900200745562143,0.08912085629928733,0.010044757728458763,0.5108143114160403,calibration_shift,0.04526913245560693,0.04011614962507935,0.0005714141749374315,0.9140433037443763
20261238,24,768,799,calibration_shift,6671b27365f997d5597aa917eefc8cbbb752a123992f2d3f3ac24be9480f1a16,6e724b2b13056a8b85a45549580f00baffc398287b57280eb78adcf5e8cf7014,burst,0.22959183673469388,0.288265306122449,0.19387755102040816,0.288265306122449,calibration_shift,0.01781671999522118,0.20524087065601038,0.0069043727059527275,0.7700380366428173,calibration_shift,0.0025532177681517705,0.01907141163291443,0.00023585540546596295,0.9781395151934679
20261238,25,800,831,calibration_shift,6671b27365f997d5597aa917eefc8cbbb752a123992f2d3f3ac24be9480f1a16,6e724b2b13056a8b85a45549580f00baffc398287b57280eb78adcf5e8cf7014,burst,0.22959183673469388,0.288265306122449,0.19387755102040816,0.288265306122449,burst,0.16348628052963796,0.484941952154492,0.058333863290804415,0.2932379040250673,calibration_shift,0.019044576901955008,0.06509784506376572,0.003886773877164077,0.9119708041571152
20261238,26,832,863,calibration_shift,6671b27365f997d5597aa917eefc8cbbb752a123992f2d3f3ac24be9480f1a16,6e724b2b13056a8b85a45549580f00baffc398287b57280eb78adcf5e8cf7014,burst,0.22959183673469388,0.288265306122449,0.19387755102040816,0.288265306122449,calibration_shift,0.13876851198587878,0.20803693423270833,0.013556643261221753,0.6396379105201907,calibration_shift,0.014906043354401051,0.03146416437082637,0.000701814930762629,0.95292797734401
20261238,27,864,895,calibration_shift,6671b27365f997d5597aa917eefc8cbbb752a123992f2d3f3ac24be9480f1a16,6e724b2b13056a8b85a45549580f00baffc398287b57280eb78adcf5e8cf7014,burst,0.22959183673469388,0.288265306122449,0.19387755102040816,0.288265306122449,normal,0.41317685767366574,0.23690336774862053,0.11439988677760633,0.23551988780010658,calibration_shift,0.09118671738365378,0.05069697461862137,0.010129862064661375,0.8479864459330635
20261238,28,896,927,calibration_shift,6671b27365f997d5597aa917eefc8cbbb752a123992f2d3f3ac24be9480f1a16,6e724b2b13056a8b85a45549580f00baffc398287b57280eb78adcf5e8cf7014,burst,0.22959183673469388,0.288265306122449,0.19387755102040816,0.288265306122449,calibration_shift,0.03002900340597639,0.014390636725942894,0.0005582459878345502,0.9550221138802446,calibration_shift,0.006100558752982495,0.0013984902320654893,3.2063282053285134e-05,0.9924688877328987
20261238,29,928,959,calibration_shift,6671b27365f997d5597aa917eefc8cbbb752a123992f2d3f3ac24be9480f1a16,6e724b2b13056a8b85a45549580f00baffc398287b57280eb78adcf5e8cf7014,burst,0.22959183673469388,0.288265306122449,0.19387755102040816,0.288265306122449,normal,0.3769599873412435,0.28351508374105827,0.07527328097071599,0.2642516479469822,calibration_shift,0.056187519237542546,0.019730381621567993,0.0052486733610722595,0.9188334257798172
20261238,30,960,991,calibration_shift,6671b27365f997d5597aa917eefc8cbbb752a123992f2d3f3ac24be9480f1a16,6e724b2b13056a8b85a45549580f00baffc398287b57280eb78adcf5e8cf7014,burst,0.22959183673469388,0.288265306122449,0.19387755102040816,0.288265306122449,burst,0.10126415772783767,0.47735234684763234,0.1158571557245312,0.3055263396999973,calibration_shift,0.037520999183023235,0.06720452059705719,0.01292557955920724,0.8823489006607125
20261238,31,992,1023,normal,6671b27365f997d5597aa917eefc8cbbb752a123992f2d3f3ac24be9480f1a16,6e724b2b13056a8b85a45549580f00baffc398287b57280eb78adcf5e8cf7014,burst,0.22959183673469388,0.288265306122449,0.19387755102040816,0.288265306122449,normal,0.4836233387080541,0.19723568142791909,0.08350045145863551,0.23564052840539132,calibration_shift,0.1632151179134076,0.06824096456846236,0.015179013748693399,0.7533649037694367
20261238,32,1024,1055,normal,6671b27365f997d5597aa917eefc8cbbb752a123992f2d3f3ac24be9480f1a16,6e724b2b13056a8b85a45549580f00baffc398287b57280eb78adcf5e8cf7014,burst,0.22959183673469388,0.288265306122449,0.19387755102040816,0.288265306122449,burst,0.01728908223466267,0.6605257803233414,0.04212880188388915,0.28005633555810533,calibration_shift,0.015800127050285162,0.2298212587009162,0.008714662120682655,0.745663952128116
20261238,33,1056,1087,normal,6671b27365f997d5597aa917eefc8cbbb752a123992f2d3f3ac24be9480f1a16,6e724b2b13056a8b85a45549580f00baffc398287b57280eb78adcf5e8cf7014,burst,0.22959183673469388,0.288265306122449,0.19387755102040816,0.288265306122449,calibration_shift,0.1600317030659355,0.08177320081403414,0.011407402774994638,0.7467876933450371,calibration_shift,0.01700430966246899,0.0354433817380803,0.0008186880324291939,0.9467336205670216
20261238,34,1088,1119,normal,6671b27365f997d5597aa917eefc8cbbb752a123992f2d3f3ac24be9480f1a16,6e724b2b13056a8b85a45549580f00baffc398287b57280eb78adcf5e8cf7014,burst,0.22959183673469388,0.288265306122449,0.19387755102040816,0.288265306122449,calibration_shift,0.2857372001166323,0.20193240407715643,0.01688486190887491,0.4954455338973365,calibration_shift,0.03535991501128692,0.024684731797995543,0.0008094839455273218,0.9391458692451902
20261238,35,1120,1151,normal,6671b27365f997d5597aa917eefc8cbbb752a123992f2d3f3ac24be9480f1a16,6e724b2b13056a8b85a45549580f00baffc398287b57280eb78adcf5e8cf7014,burst,0.22959183673469388,0.288265306122449,0.19387755102040816,0.288265306122449,normal,0.6629715534589101,0.05719583361643163,0.031003993553996814,0.2488286193706608,calibration_shift,0.19858772322813997,0.009608958986921478,0.002575459568400128,0.7892278582165385
20261238,36,1152,1183,normal,6671b27365f997d5597aa917eefc8cbbb752a123992f2d3f3ac24be9480f1a16,6e724b2b13056a8b85a45549580f00baffc398287b57280eb78adcf5e8cf7014,burst,0.22959183673469388,0.288265306122449,0.19387755102040816,0.288265306122449,normal,0.6928994842430352,0.13553936371254352,0.1229961569770583,0.04856499506736177,normal,0.8162858731382693,0.01832547649554996,0.016148584697635634,0.14924006566854514
20261238,37,1184,1215,normal,6671b27365f997d5597aa917eefc8cbbb752a123992f2d3f3ac24be9480f1a16,6e724b2b13056a8b85a45549580f00baffc398287b57280eb78adcf5e8cf7014,burst,0.22959183673469388,0.288265306122449,0.19387755102040816,0.288265306122449,normal,0.6759113758445143,0.025825759726688203,0.028335356741948797,0.2699275076868488,normal,0.9340769519608035,0.0016422714987494025,0.00264785470153044,0.06163292183891654
20261238,38,1216,1247,normal,6671b27365f997d5597aa917eefc8cbbb752a123992f2d3f3ac24be9480f1a16,6e724b2b13056a8b85a45549580f00baffc398287b57280eb78adcf5e8cf7014,burst,0.22959183673469388,0.288265306122449,0.19387755102040816,0.288265306122449,normal,0.5405345650417172,0.2051167429799309,0.0040970748300633115,0.2502516171482875,normal,0.9601066008719074,0.007961108245756335,0.0002683989055643998,0.0316638919767719
20261238,39,1248,1279,normal,6671b27365f997d5597aa917eefc8cbbb752a123992f2d3f3ac24be9480f1a16,6e724b2b13056a8b85a45549580f00baffc398287b57280eb78adcf5e8cf7014,burst,0.22959183673469388,0.288265306122449,0.19387755102040816,0.288265306122449,normal,0.6937335893836316,0.009430787641802319,0.005987393451916293,0.29084822952264866,normal,0.9812973738323133,0.0003774136030500433,0.00025903796680336983,0.018066174597833426
20261238,40,1280,1311,burst,6671b27365f997d5597aa917eefc8cbbb752a123992f2d3f3ac24be9480f1a16,6e724b2b13056a8b85a45549580f00baffc398287b57280eb78adcf5e8cf7014,burst,0.22959183673469388,0.288265306122449,0.19387755102040816,0.288265306122449,burst,0.10081194285846252,0.651458757863763,0.056431953592106614,0.19129734568566925,normal,0.8369263563309639,0.10007515108516506,0.013910542150955548,0.04908795043291546
20261238,41,1312,1343,burst,6671b27365f997d5597aa917eefc8cbbb752a123992f2d3f3ac24be9480f1a16,6e724b2b13056a8b85a45549580f00baffc398287b57280eb78adcf5e8cf7014,burst,0.22959183673469388,0.288265306122449,0.19387755102040816,0.288265306122449,burst,0.0421499221464732,0.5793600897303843,0.07575338586545699,0.30273660225768617,burst,0.3016118004239108,0.5140028969321033,0.03391796349424787,0.15046733914973792
20261238,42,1344,1375,burst,6671b27365f997d5597aa917eefc8cbbb752a123992f2d3f3ac24be9480f1a16,6e724b2b13056a8b85a45549580f00baffc398287b57280eb78adcf5e8cf7014,burst,0.22959183673469388,0.288265306122449,0.19387755102040816,0.288265306122449,burst,0.25884327752217295,0.6521250279323774,0.07213678412056658,0.01689491042488318,burst,0.23932316507572735,0.7394617749212549,0.014713230677656744,0.00650182932536108
20261238,43,1376,1407,burst,6671b27365f997d5597aa917eefc8cbbb752a123992f2d3f3ac24be9480f1a16,6e724b2b13056a8b85a45549580f00baffc398287b57280eb78adcf5e8cf7014,burst,0.22959183673469388,0.288265306122449,0.19387755102040816,0.288265306122449,normal,0.4830353790127175,0.21433420034539025,0.24860432267134863,0.05402609797054443,normal,0.4923791386529476,0.4609912309110969,0.04201414313696653,0.004615487298988871
20261238,44,1408,1439,burst,6671b27365f997d5597aa917eefc8cbbb752a123992f2d3f3ac24be9480f1a16,6e724b2b13056a8b85a45549580f00baffc398287b57280eb78adcf5e8cf7014,burst,0.22959183673469388,0.288265306122449,0.19387755102040816,0.288265306122449,normal,0.484378071714111,0.18939407282400472,0.09836575990711877,0.22786209555476575,normal,0.7476477985099509,0.21185114605345087,0.025450175316429388,0.015050880120168912
20261238,45,1440,1471,burst,6671b27365f997d5597aa917eefc8cbbb752a123992f2d3f3ac24be9480f1a16,6e724b2b13056a8b85a45549580f00baffc398287b57280eb78adcf5e8cf7014,burst,0.22959183673469388,0.288265306122449,0.19387755102040816,0.288265306122449,burst,0.2811997904776671,0.4541147754570548,0.07546321390137879,0.1892222201638995,normal,0.6868095143512916,0.27776860637590334,0.01654622415071088,0.01887565512209431
20261238,46,1472,1503,burst,6671b27365f997d5597aa917eefc8cbbb752a123992f2d3f3ac24be9480f1a16,6e724b2b13056a8b85a45549580f00baffc398287b57280eb78adcf5e8cf7014,burst,0.22959183673469388,0.288265306122449,0.19387755102040816,0.288265306122449,burst,0.06460381767949301,0.6205869376865492,0.13381763862342155,0.18099160601053657,burst,0.2184415023855267,0.7160585588947493,0.0355507729309358,0.029949165788788222
20261238,47,1504,1535,burst,6671b27365f997d5597aa917eefc8cbbb752a123992f2d3f3ac24be9480f1a16,6e724b2b13056a8b85a45549580f00baffc398287b57280eb78adcf5e8cf7014,burst,0.22959183673469388,0.288265306122449,0.19387755102040816,0.288265306122449,burst,0.12496279956723184,0.38710588572938204,0.2926848964349886,0.1952464182683991,burst,0.11393886746962387,0.7775215583285969,0.07710846745028475,0.03143110675149439
20261238,48,1536,1567,burst,6671b27365f997d5597aa917eefc8cbbb752a123992f2d3f3ac24be9480f1a16,6e724b2b13056a8b85a45549580f00baffc398287b57280eb78adcf5e8cf7014,burst,0.22959183673469388,0.288265306122449,0.19387755102040816,0.288265306122449,burst,0.20286067149095968,0.4077552245934066,0.23978312573911179,0.14960097817652274,burst,0.09780021281232648,0.7856205100118058,0.09410434968253698,0.022474927493330937
20261238,49,1568,1599,calibration_shift,6671b27365f997d5597aa917eefc8cbbb752a123992f2d3f3ac24be9480f1a16,6e724b2b13056a8b85a45549580f00baffc398287b57280eb78adcf5e8cf7014,burst,0.22959183673469388,0.288265306122449,0.19387755102040816,0.288265306122449,burst,0.16299863360464176,0.45930982844919527,0.07536067072764549,0.302330867218519,burst,0.0675809467396444,0.8621856620183326,0.033219938181191684,0.03701345306083138
20261238,50,1600,1631,calibration_shift,6671b27365f997d5597aa917eefc8cbbb752a123992f2d3f3ac24be9480f1a16,6e724b2b13056a8b85a45549580f00baffc398287b57280eb78adcf5e8cf7014,burst,0.22959183673469388,0.288265306122449,0.19387755102040816,0.288265306122449,calibration_shift,0.0011561416920870134,0.029972456528280015,0.0038655528129926064,0.9650058489666401,calibration_shift,0.0017426161761044995,0.2910831929579923,0.003743371883157606,0.7034308189827456
20261238,51,1632,1663,calibration_shift,6671b27365f997d5597aa917eefc8cbbb752a123992f2d3f3ac24be9480f1a16,6e724b2b13056a8b85a45549580f00baffc398287b57280eb78adcf5e8cf7014,burst,0.22959183673469388,0.288265306122449,0.19387755102040816,0.288265306122449,calibration_shift,0.0466844110313813,0.0758917961854211,0.0009780438414450031,0.876445748941752,calibration_shift,0.0027765962182370284,0.036939953100435366,4.7983639605531615e-05,0.9602354670417221
20261238,52,1664,1695,calibration_shift,6671b27365f997d5597aa917eefc8cbbb752a123992f2d3f3ac24be9480f1a16,6e724b2b13056a8b85a45549580f00baffc398287b57280eb78adcf5e8cf7014,burst,0.22959183673469388,0.288265306122449,0.19387755102040816,0.288265306122449,calibration_shift,0.17133543210836338,0.050878731064201266,0.014209843616118493,0.7635759932113165,calibration_shift,0.008665465025465427,0.004246498725075539,0.00039320216260539664,0.9866948340868535
20261238,53,1696,1727,calibration_shift,6671b27365f997d5597aa917eefc8cbbb752a123992f2d3f3ac24be9480f1a16,6e724b2b13056a8b85a45549580f00baffc398287b57280eb78adcf5e8cf7014,burst,0.22959183673469388,0.288265306122449,0.19387755102040816,0.288265306122449,calibration_shift,0.1168916927240739,0.04712269519145546,0.0030248854708674,0.8329607266136027,calibration_shift,0.00666110615454243,0.0013807074285263554,7.856490512219883e-05,0.9918796215118091
20261238,54,1728,1759,calibration_shift,6671b27365f997d5597aa917eefc8cbbb752a123992f2d3f3ac24be9480f1a16,6e724b2b13056a8b85a45549580f00baffc398287b57280eb78adcf5e8cf7014,burst,0.22959183673469388,0.288265306122449,0.19387755102040816,0.288265306122449,calibration_shift,0.0971723207029515,0.03524506750473096,0.003018640325923109,0.8645639714663953,calibration_shift,0.0049054101601721,0.0008115678391998118,7.054015796176464e-05,0.9942124818426663
20261238,55,1760,1791,calibration_shift,6671b27365f997d5597aa917eefc8cbbb752a123992f2d3f3ac24be9480f1a16,6e724b2b13056a8b85a45549580f00baffc398287b57280eb78adcf5e8cf7014,burst,0.22959183673469388,0.288265306122449,0.19387755102040816,0.288265306122449,normal,0.7444737095016575,0.008259726309029517,0.005944795419283791,0.24132176877002753,calibration_shift,0.11112264259935957,0.000574212693508033,0.0004393202260236546,0.8878638244811087
20261238,56,1792,1823,calibration_shift,6671b27365f997d5597aa917eefc8cbbb752a123992f2d3f3ac24be9480f1a16,6e724b2b13056a8b85a45549580f00baffc398287b57280eb78adcf5e8cf7014,burst,0.22959183673469388,0.288265306122449,0.19387755102040816,0.288265306122449,calibration_shift,0.3536864815404152,0.06358777967356738,0.04288975032851628,0.5398359884575014,calibration_shift,0.12253476472122651,0.002387810285867635,0.0019912829581207317,0.8730861420347852
20261238,57,1824,1855,calibration_shift,6671b27365f997d5597aa917eefc8cbbb752a123992f2d3f3ac24be9480f1a16,6e724b2b13056a8b85a45549580f00baffc398287b57280eb78adcf5e8cf7014,burst,0.22959183673469388,0.288265306122449,0.19387755102040816,0.288265306122449,calibration_shift,0.042733552270636056,0.4265559704665994,0.041393553769534845,0.48931692349322914,calibration_shift,0.01960497050725583,0.022847269539340076,0.002782439093587438,0.9547653208598166
20261238,58,1856,1887,calibration_shift,6671b27365f997d5597aa917eefc8cbbb752a123992f2d3f3ac24be9480f1a16,6e724b2b13056a8b85a45549580f00baffc398287b57280eb78adcf5e8cf7014,burst,0.22959183673469388,0.288265306122449,0.19387755102040816,0.288265306122449,calibration_shift,0.04725451776143968,0.10624902251357134,0.00883128352495386,0.8376651762000354,calibration_shift,0.003832769306249285,0.0062215382521965245,0.0003131133179484153,0.9896325791236057
20261238,59,1888,1919,calibration_shift,6671b27365f997d5597aa917eefc8cbbb752a123992f2d3f3ac24be9480f1a16,6e724b2b13056a8b85a45549580f00baffc398287b57280eb78adcf5e8cf7014,burst,0.22959183673469388,0.288265306122449,0.19387755102040816,0.288265306122449,calibration_shift,0.035103139347864055,0.16106386415931734,0.03021610490828543,0.7736168915845325,calibration_shift,0.0017590223596196703,0.005579709975529237,0.0008219235161470035,0.9918393441487041
20261238,60,1920,1951,calibration_shift,6671b27365f997d5597aa917eefc8cbbb752a123992f2d3f3ac24be9480f1a16,6e724b2b13056a8b85a45549580f00baffc398287b57280eb78adcf5e8cf7014,burst,0.22959183673469388,0.288265306122449,0.19387755102040816,0.288265306122449,calibration_shift,0.1102425008707103,0.36576540884976105,0.10952490621222917,0.41446718406730043,calibration_shift,0.008901603480341814,0.022120918609104565,0.005725482721918064,0.9632519951886356
20261238,61,1952,1983,calibration_shift,6671b27365f997d5597aa917eefc8cbbb752a123992f2d3f3ac24be9480f1a16,6e724b2b13056a8b85a45549580f00baffc398287b57280eb78adcf5e8cf7014,burst,0.22959183673469388,0.288265306122449,0.19387755102040816,0.288265306122449,calibration_shift,0.08900276254439755,0.06571598663363161,0.001996732325900494,0.8432845184960716,calibration_shift,0.00527731051868806,0.0037058832058434244,8.336770320555253e-05,0.9909334385722629
20261238,62,1984,2015,calibration_shift,6671b27365f997d5597aa917eefc8cbbb752a123992f2d3f3ac24be9480f1a16,6e724b2b13056a8b85a45549580f00baffc398287b57280eb78adcf5e8cf7014,burst,0.22959183673469388,0.288265306122449,0.19387755102040816,0.288265306122449,calibration_shift,0.002441499697683648,0.0003119490611104452,9.928915123104347e-05,0.9971472620899777,calibration_shift,0.00010184300182309324,7.3725511518489e-06,2.0274367589901214e-06,0.999888757010266
20261238,63,2016,2047,calibration_shift,6671b27365f997d5597aa917eefc8cbbb752a123992f2d3f3ac24be9480f1a16,6e724b2b13056a8b85a45549580f00baffc398287b57280eb78adcf5e8cf7014,burst,0.22959183673469388,0.288265306122449,0.19387755102040816,0.288265306122449,burst,0.048319766243557216,0.427365723128998,0.2611114434753376,0.26320306715210856,calibration_shift,0.00518655866040755,0.025775113191105127,0.01802786065781383,0.9510104674906734
20261238,64,2048,2079,calibration_shift,6671b27365f997d5597aa917eefc8cbbb752a123992f2d3f3ac24be9480f1a16,6e724b2b13056a8b85a45549580f00baffc398287b57280eb78adcf5e8cf7014,burst,0.22959183673469388,0.288265306122449,0.19387755102040816,0.288265306122449,burst,0.05653795317179951,0.5417999457750419,0.09324683563560275,0.30841526541755676,calibration_shift,0.0073249343880277176,0.08328149320280337,0.016136151627713435,0.8932574207814555
20261238,65,2080,2111,calibration_shift,6671b27365f997d5597aa917eefc8cbbb752a123992f2d3f3ac24be9480f1a16,6e724b2b13056a8b85a45549580f00baffc398287b57280eb78adcf5e8cf7014,burst,0.22959183673469388,0.288265306122449,0.19387755102040816,0.288265306122449,calibration_shift,0.04488002572459006,0.011742144606437395,0.0019408915226516556,0.9414369381463218,calibration_shift,0.0025256700306949304,0.001544376110791825,0.00012511843200295442,0.9958048354265103
20261238,66,2112,2143,calibration_shift,6671b27365f997d5597aa917eefc8cbbb752a123992f2d3f3ac24be9480f1a16,6e724b2b13056a8b85a45549580f00baffc398287b57280eb78adcf5e8cf7014,burst,0.22959183673469388,0.288265306122449,0.19387755102040816,0.288265306122449,calibration_shift,0.26107719694502823,0.005897106068984377,0.0057787424106416005,0.7272469545753449,calibration_shift,0.012734554869254195,0.00016035900033746514,0.00015789232549418672,0.9869471938049142
20261238,67,2144,2175,calibration_shift,6671b27365f997d5597aa917eefc8cbbb752a123992f2d3f3ac24be9480f1a16,6e724b2b13056a8b85a45549580f00baffc398287b57280eb78adcf5e8cf7014,burst,0.22959183673469388,0.288265306122449,0.19387755102040816,0.288265306122449,calibration_shift,0.138246421477678,0.20727235725488286,0.08275059457278998,0.5717306266946502,calibration_shift,0.012835864822585696,0.006364329749165511,0.002978267446124519,0.9778215379821243
20261238,68,2176,2207,calibration_shift,6671b27365f997d5597aa917eefc8cbbb752a123992f2d3f3ac24be9480f1a16,6e724b2b13056a8b85a45549580f00baffc398287b57280eb78adcf5e8cf7014,burst,0.22959183673469388,0.288265306122449,0.19387755102040816,0.288265306122449,burst,0.16743361064905132,0.4147033397743399,0.3384370912173024,0.07942595835930485,calibration_shift,0.0844760405844273,0.1055494260422417,0.08893660666349404,0.721037926709837
20261238,69,2208,2239,calibration_shift,6671b27365f997d5597aa917eefc8cbbb752a123992f2d3f3ac24be9480f1a16,6e724b2b13056a8b85a45549580f00baffc398287b57280eb78adcf5e8cf7014,burst,0.22959183673469388,0.288265306122449,0.19387755102040816,0.288265306122449,calibration_shift,0.061638853959758336,0.05141239506284221,0.002479480217695929,0.8844692707597049,calibration_shift,0.014783112411522147,0.01060999441351384,0.0006663292956775662,0.9739405638792864
20261238,70,2240,2271,normal,6671b27365f997d5597aa917eefc8cbbb752a123992f2d3f3ac24be9480f1a16,6e724b2b13056a8b85a45549580f00baffc398287b57280eb78adcf5e8cf7014,burst,0.22959183673469388,0.288265306122449,0.19387755102040816,0.288265306122449,calibration_shift,0.1465327669692889,0.025653242186179318,0.0023816971100884873,0.8254322937344433,calibration_shift,0.010362444863925568,0.0010331882751648499,6.703866790142567e-05,0.9885373281930081
20261238,71,2272,2303,normal,6671b27365f997d5597aa917eefc8cbbb752a123992f2d3f3ac24be9480f1a16,6e724b2b13056a8b85a45549580f00baffc398287b57280eb78adcf5e8cf7014,burst,0.22959183673469388,0.288265306122449,0.19387755102040816,0.288265306122449,calibration_shift,0.08124335151729598,0.14162559276891495,0.008009507339098781,0.7691215483746907,calibration_shift,0.005273339305454617,0.0035802862414567043,0.00021211584457849484,0.9909342586085101
20261238,72,2304,2335,normal,6671b27365f997d5597aa917eefc8cbbb752a123992f2d3f3ac24be9480f1a16,6e724b2b13056a8b85a45549580f00baffc398287b57280eb78adcf5e8cf7014,burst,0.22959183673469388,0.288265306122449,0.19387755102040816,0.288265306122449,normal,0.7176554864149635,0.18743587811355605,0.039730035324631506,0.0551786001468494,calibration_shift,0.33079843370442674,0.04859800384236523,0.009182295846258362,0.6114212666069496
20261238,73,2336,2367,normal,6671b27365f997d5597aa917eefc8cbbb752a123992f2d3f3ac24be9480f1a16,6e724b2b13056a8b85a45549580f00baffc398287b57280eb78adcf5e8cf7014,burst,0.22959183673469388,0.288265306122449,0.19387755102040816,0.288265306122449,normal,0.6255525400618883,0.24569010183539036,0.053182108471670465,0.07557524963105107,normal,0.809141581152565,0.054213461689825444,0.007540987159498557,0.12910396999811102
20261238,74,2368,2399,normal,6671b27365f997d5597aa917eefc8cbbb752a123992f2d3f3ac24be9480f1a16,6e724b2b13056a8b85a45549580f00baffc398287b57280eb78adcf5e8cf7014,burst,0.22959183673469388,0.288265306122449,0.19387755102040816,0.288265306122449,normal,0.5373242770884314,0.10031692353062782,0.007511851114203848,0.35484694826673735,normal,0.8978329515314039,0.013986010003591341,0.000659611481141488,0.08752142698386349
20261238,75,2400,2431,normal,6671b27365f997d5597aa917eefc8cbbb752a123992f2d3f3ac24be9480f1a16,6e724b2b13056a8b85a45549580f00baffc398287b57280eb78adcf5e8cf7014,burst,0.22959183673469388,0.288265306122449,0.19387755102040816,0.288265306122449,normal,0.5764248517756136,0.06203479735485993,0.02010515487069029,0.3414351959988361,normal,0.9411652647948977,0.0037523112261232277,0.0011100208430749922,0.05397240313590418
20261238,76,2432,2463,normal,6671b27365f997d5597aa917eefc8cbbb752a123992f2d3f3ac24be9480f1a16,6e724b2b13056a8b85a45549580f00baffc398287b57280eb78adcf5e8cf7014,burst,0.22959183673469388,0.288265306122449,0.19387755102040816,0.288265306122449,normal,0.82753080173504,0.06725830794611917,0.05736934594573548,0.047841544373104956,normal,0.9920682103648644,0.0019596413981633675,0.0022939961655861845,0.003678152071385863
20261238,77,2464,2495,normal,6671b27365f997d5597aa917eefc8cbbb752a123992f2d3f3ac24be9480f1a16,6e724b2b13056a8b85a45549580f00baffc398287b57280eb78adcf5e8cf7014,burst,0.22959183673469388,0.288265306122449,0.19387755102040816,0.288265306122449,normal,0.6759213332162591,0.07341820890114126,0.03251310545170433,0.2181473524308941,normal,0.9907194948641227,0.0021994732212329425,0.001613849931598141,0.005467181983046372
20261238,78,2496,2527,normal,6671b27365f997d5597aa917eefc8cbbb752a123992f2d3f3ac24be9480f1a16,6e724b2b13056a8b85a45549580f00baffc398287b57280eb78adcf5e8cf7014,burst,0.22959183673469388,0.288265306122449,0.19387755102040816,0.288265306122449,burst,0.2559695395371474,0.5471695766691411,0.052142696069067074,0.14471818772464523,normal,0.9417993501428313,0.04184851258305202,0.006248271635386784,0.010103865638729975
20261238,79,2528,2559,normal,6671b27365f997d5597aa917eefc8cbbb752a123992f2d3f3ac24be9480f1a16,6e724b2b13056a8b85a45549580f00baffc398287b57280eb78adcf5e8cf7014,burst,0.22959183673469388,0.288265306122449,0.19387755102040816,0.288265306122449,burst,0.2610988173489355,0.48492805234976116,0.047478984924172594,0.2064941453771322,normal,0.8764053447384669,0.09883982573869758,0.006918422987787266,0.01783640653504832
20261238,80,2560,2591,normal,6671b27365f997d5597aa917eefc8cbbb752a123992f2d3f3ac24be9480f1a16,6e724b2b13056a8b85a45549580f00baffc398287b57280eb78adcf5e8cf7014,burst,0.22959183673469388,0.288265306122449,0.19387755102040816,0.288265306122449,calibration_shift,0.30958756536250576,0.1844460501631701,0.04377522990960355,0.46219115456472026,normal,0.8844421995233042,0.06174479814152733,0.005962884538801496,0.04785011779636699
20261238,81,2592,2623,normal,6671b27365f997d5597aa917eefc8cbbb752a123992f2d3f3ac24be9480f1a16,6e724b2b13056a8b85a45549580f00baffc398287b57280eb78adcf5e8cf7014,burst,0.22959183673469388,0.288265306122449,0.19387755102040816,0.288265306122449,burst,0.009126320087917611,0.7547351494419922,0.09297640196399695,0.14316212850609344,burst,0.10692733079697726,0.7361221155364014,0.04980326069996353,0.10714729296665781
20261238,82,2624,2655,normal,6671b27365f997d5597aa917eefc8cbbb752a123992f2d3f3ac24be9480f1a16,6e724b2b13056a8b85a45549580f00baffc398287b57280eb78adcf5e8cf7014,burst,0.22959183673469388,0.288265306122449,0.19387755102040816,0.288265306122449,calibration_shift,0.1094306245266368,0.3265665124914875,0.21349739788087316,0.35050546510100417,burst,0.06113396375835461,0.7210518235745786,0.07367274145194126,0.1441414712151255
20261238,83,2656,2687,normal,6671b27365f997d5597aa917eefc8cbbb752a123992f2d3f3ac24be9480f1a16,6e724b2b13056a8b85a45549580f00baffc398287b57280eb78adcf5e8cf7014,burst,0.22959183673469388,0.288265306122449,0.19387755102040816,0.288265306122449,burst,0.1384622894423289,0.7815027247013467,0.07082159543129948,0.00921339042502664,burst,0.029538233174381662,0.9496632099316152,0.018090622292431125,0.002707934601572175
20261238,84,2688,2719,normal,6671b27365f997d5597aa917eefc8cbbb752a123992f2d3f3ac24be9480f1a16,6e724b2b13056a8b85a45549580f00baffc398287b57280eb78adcf5e8cf7014,burst,0.22959183673469388,0.288265306122449,0.19387755102040816,0.288265306122449,normal,0.7923234233496347,0.03435022648205605,0.05407566150426812,0.11925068866404162,normal,0.6205638835702035,0.3214696955570337,0.030662703637106593,0.027303717235656087
20261238,85,2720,2751,normal,6671b27365f997d5597aa917eefc8cbbb752a123992f2d3f3ac24be9480f1a16,6e724b2b13056a8b85a45549580f00baffc398287b57280eb78adcf5e8cf7014,burst,0.22959183673469388,0.288265306122449,0.19387755102040816,0.288265306122449,normal,0.4175318714008874,0.26404578423348124,0.10957949424483218,0.20884285012079976,normal,0.7503000410793924,0.20200066741741768,0.022795479113622133,0.024903812389567695
20261238,86,2752,2783,normal,6671b27365f997d5597aa917eefc8cbbb752a123992f2d3f3ac24be9480f1a16,6e724b2b13056a8b85a45549580f00baffc398287b57280eb78adcf5e8cf7014,burst,0.22959183673469388,0.288265306122449,0.19387755102040816,0.288265306122449,normal,0.7416378070845957,0.013598318382700756,0.006321715220137601,0.23844215931256485,normal,0.9786517118557274,0.0043046547012347836,0.0007079898251141456,0.016335643617923574
20261238,87,2784,2815,normal,6671b27365f997d5597aa917eefc8cbbb752a123992f2d3f3ac24be9480f1a16,6e724b2b13056a8b85a45549580f00baffc398287b57280eb78adcf5e8cf7014,burst,0.22959183673469388,0.288265306122449,0.19387755102040816,0.288265306122449,calibration_shift,0.27826793847021397,0.07488350346205033,0.029423666861679777,0.6174248912060548,normal,0.9299207567639703,0.005927777224104767,0.003054938755162437,0.06109652725676251
20261238,88,2816,2847,leakage,6671b27365f997d5597aa917eefc8cbbb752a123992f2d3f3ac24be9480f1a16,6e724b2b13056a8b85a45549580f00baffc398287b57280eb78adcf5e8cf7014,burst,0.22959183673469388,0.288265306122449,0.19387755102040816,0.288265306122449,leakage,0.018891499436636972,0.10911803703019388,0.8667013798712981,0.00528908366187168,leakage,0.34264949542505574,0.053942339574760495,0.5965729539416582,0.006835211058525614
20261238,89,2848,2879,leakage,6671b27365f997d5597aa917eefc8cbbb752a123992f2d3f3ac24be9480f1a16,6e724b2b13056a8b85a45549580f00baffc398287b57280eb78adcf5e8cf7014,burst,0.22959183673469388,0.288265306122449,0.19387755102040816,0.288265306122449,burst,0.19916818315923804,0.40883596791823934,0.2169100585046923,0.17508579041782985,leakage,0.2754206492430143,0.10299982359430297,0.5998236879574408,0.02175583920524192
20261238,90,2880,2911,leakage,6671b27365f997d5597aa917eefc8cbbb752a123992f2d3f3ac24be9480f1a16,6e724b2b13056a8b85a45549580f00baffc398287b57280eb78adcf5e8cf7014,burst,0.22959183673469388,0.288265306122449,0.19387755102040816,0.288265306122449,leakage,0.015856029392411188,0.4087999023907783,0.531686857609622,0.0436572106071893,leakage,0.010927201161350642,0.09756324252465219,0.8867820143402257,0.004727541973771516
20261238,91,2912,2943,leakage,6671b27365f997d5597aa917eefc8cbbb752a123992f2d3f3ac24be9480f1a16,6e724b2b13056a8b85a45549580f00baffc398287b57280eb78adcf5e8cf7014,burst,0.22959183673469388,0.288265306122449,0.19387755102040816,0.288265306122449,burst,0.1939313926401603,0.43340809043532613,0.2912873013728922,0.08137321555162208,leakage,0.01992700471972291,0.11710140044928227,0.8554688913589865,0.007502703472008317
20261238,92,2944,2975,leakage,6671b27365f997d5597aa917eefc8cbbb752a123992f2d3f3ac24be9480f1a16,6e724b2b13056a8b85a45549580f00baffc398287b57280eb78adcf5e8cf7014,burst,0.22959183673469388,0.288265306122449,0.19387755102040816,0.288265306122449,burst,0.13326793273301174,0.5315737927262733,0.09050468853833718,0.2446535860023789,leakage,0.03823074954380923,0.35733147715554014,0.5516400795312517,0.05279769376939889
20261238,93,2976,3007,leakage,6671b27365f997d5597aa917eefc8cbbb752a123992f2d3f3ac24be9480f1a16,6e724b2b13056a8b85a45549580f00baffc398287b57280eb78adcf5e8cf7014,burst,0.22959183673469388,0.288265306122449,0.19387755102040816,0.288265306122449,leakage,5.4123452302758517e-05,0.011484335141501281,0.9873811291364909,0.001080412269703636,leakage,5.846460110481859e-06,0.0050353706841270475,0.9948397251301793,0.00011905772558310431
20261238,94,3008,3039,leakage,6671b27365f997d5597aa917eefc8cbbb752a123992f2d3f3ac24be9480f1a16,6e724b2b13056a8b85a45549580f00baffc398287b57280eb78adcf5e8cf7014,burst,0.22959183673469388,0.288265306122449,0.19387755102040816,0.288265306122449,normal,0.39815414931513055,0.13391938070730705,0.07714204597371065,0.39078442400385316,leakage,0.06680760600822748,0.024222649489517186,0.8155823038304945,0.09338744067176077
20261238,95,3040,3071,leakage,6671b27365f997d5597aa917eefc8cbbb752a123992f2d3f3ac24be9480f1a16,6e724b2b13056a8b85a45549580f00baffc398287b57280eb78adcf5e8cf7014,burst,0.22959183673469388,0.288265306122449,0.19387755102040816,0.288265306122449,calibration_shift,0.3175247363175227,0.2922757607207447,0.0636459595755232,0.326553543386209,leakage,0.2220352835824051,0.08401286389731714,0.4411145107426161,0.25283734177766176
20261238,96,3072,3103,leakage,6671b27365f997d5597aa917eefc8cbbb752a123992f2d3f3ac24be9480f1a16,6e724b2b13056a8b85a45549580f00baffc398287b57280eb78adcf5e8cf7014,burst,0.22959183673469388,0.288265306122449,0.19387755102040816,0.288265306122449,normal,0.3050572591804945,0.28463610493861397,0.26600655672767054,0.14430007915321924,leakage,0.2754378194478477,0.09154214465872251,0.5181410692374069,0.11487896665602279
20261238,97,3104,3135,leakage,6671b27365f997d5597aa917eefc8cbbb752a123992f2d3f3ac24be9480f1a16,6e724b2b13056a8b85a45549580f00baffc398287b57280eb78adcf5e8cf7014,burst,0.22959183673469388,0.288265306122449,0.19387755102040816,0.288265306122449,leakage,0.007390180689602955,0.1576248181739123,0.8280498634020265,0.006935137734458547,leakage,0.004108761766681058,0.02782885315219047,0.9665175695568085,0.0015448155243201383
20261238,98,3136,3167,leakage,6671b27365f997d5597aa917eefc8cbbb752a123992f2d3f3ac24be9480f1a16,6e724b2b13056a8b85a45549580f00baffc398287b57280eb78adcf5e8cf7014,burst,0.22959183673469388,0.288265306122449,0.19387755102040816,0.288265306122449,leakage,3.831640442001255e-05,0.005069668206726933,0.9947830648422965,0.0001089505465562745,leakage,8.902483158704248e-07,0.00018247781598691132,0.999813839690423,2.7922452741622473e-06
20261238,99,3168,3199,leakage,6671b27365f997d5597aa917eefc8cbbb752a123992f2d3f3ac24be9480f1a16,6e724b2b13056a8b85a45549580f00baffc398287b57280eb78adcf5e8cf7014,burst,0.22959183673469388,0.288265306122449,0.19387755102040816,0.288265306122449,burst,0.07070044081746127,0.5135431754931173,0.05444872161286589,0.3613076620765557,leakage,0.01575526613138378,0.08864797562296131,0.7809408078571075,0.11465595038854717
20261238,100,3200,3231,leakage,6671b27365f997d5597aa917eefc8cbbb752a123992f2d3f3ac24be9480f1a16,6e724b2b13056a8b85a45549580f00baffc398287b57280eb78adcf5e8cf7014,burst,0.22959183673469388,0.288265306122449,0.19387755102040816,0.288265306122449,leakage,0.022696383843895628,0.27050575543183636,0.6803450611937178,0.026452799530548635,leakage,0.0015396754807734559,0.037255128523097925,0.9562118130129004,0.004993382983228346
20261238,101,3232,3263,leakage,6671b27365f997d5597aa917eefc8cbbb752a123992f2d3f3ac24be9480f1a16,6e724b2b13056a8b85a45549580f00baffc398287b57280eb78adcf5e8cf7014,burst,0.22959183673469388,0.288265306122449,0.19387755102040816,0.288265306122449,leakage,0.00016793505833984193,0.10962896606836099,0.8852653333402855,0.004937765533011973,leakage,3.828228149349445e-06,0.00530929762474527,0.9945231603023847,0.0001637138447206584
20261238,102,3264,3295,leakage,6671b27365f997d5597aa917eefc8cbbb752a123992f2d3f3ac24be9480f1a16,6e724b2b13056a8b85a45549580f00baffc398287b57280eb78adcf5e8cf7014,burst,0.22959183673469388,0.288265306122449,0.19387755102040816,0.288265306122449,burst,0.09098840664646732,0.4409987964804131,0.39251581711114497,0.07549697976197432,leakage,0.003582528927332074,0.01897715106281284,0.9731914651905234,0.0042488548193317655
20261238,103,3296,3327,leakage,6671b27365f997d5597aa917eefc8cbbb752a123992f2d3f3ac24be9480f1a16,6e724b2b13056a8b85a45549580f00baffc398287b57280eb78adcf5e8cf7014,burst,0.22959183673469388,0.288265306122449,0.19387755102040816,0.288265306122449,leakage,0.007104113512851911,0.32207052130179875,0.6368140620315044,0.034011303153846185,leakage,0.00024397049168407538,0.014449060126947267,0.9838220525400043,0.0014849168413642363
20261238,104,3328,3359,leakage,6671b27365f997d5597aa917eefc8cbbb752a123992f2d3f3ac24be9480f1a16,6e724b2b13056a8b85a45549580f00baffc398287b57280eb78adcf5e8cf7014,burst,0.22959183673469388,0.288265306122449,0.19387755102040816,0.288265306122449,leakage,7.050195071352426e-08,0.003173980199007783,0.996818788292239,7.161006802205304e-06,leakage,1.2016188794720367e-09,7.982654140396232e-05,0.9999199935163169,1.7874066031620183e-07
20261238,105,3360,3391,calibration_shift,6671b27365f997d5597aa917eefc8cbbb752a123992f2d3f3ac24be9480f1a16,6e724b2b13056a8b85a45549580f00baffc398287b57280eb78adcf5e8cf7014,burst,0.22959183673469388,0.288265306122449,0.19387755102040816,0.288265306122449,calibration_shift,0.13633885048514377,0.36468508433708324,0.03961365690534782,0.4593624082724261,leakage,0.03764342557034981,0.07693037231687273,0.7047717192019575,0.18065448291082004
20261238,106,3392,3423,calibration_shift,6671b27365f997d5597aa917eefc8cbbb752a123992f2d3f3ac24be9480f1a16,6e724b2b13056a8b85a45549580f00baffc398287b57280eb78adcf5e8cf7014,burst,0.22959183673469388,0.288265306122449,0.19387755102040816,0.288265306122449,calibration_shift,0.06927007617611883,0.008053924885119239,0.0032539340611350627,0.9194220648776268,calibration_shift,0.028747866078387804,0.003952878886224316,0.01627238148298162,0.9510268735524063
20261238,107,3424,3455,calibration_shift,6671b27365f997d5597aa917eefc8cbbb752a123992f2d3f3ac24be9480f1a16,6e724b2b13056a8b85a45549580f00baffc398287b57280eb78adcf5e8cf7014,burst,0.22959183673469388,0.288265306122449,0.19387755102040816,0.288265306122449,calibration_shift,0.4085367542944378,0.13993407099883154,0.020065384042120743,0.43146379066460877,calibration_shift,0.07198194535030568,0.007813120766298224,0.0024504251019889425,0.9177545087814072
20261238,108,3456,3487,calibration_shift,6671b27365f997d5597aa917eefc8cbbb752a123992f2d3f3ac24be9480f1a16,6e724b2b13056a8b85a45549580f00baffc398287b57280eb78adcf5e8cf7014,burst,0.22959183673469388,0.288265306122449,0.19387755102040816,0.288265306122449,calibration_shift,0.0313251162800819,0.11387521189804863,0.013604341403870686,0.8411953304179978,calibration_shift,0.005572981317457859,0.004478910237761719,0.0005183256154299062,0.9894297828293505
20261238,109,3488,3519,calibration_shift,6671b27365f997d5597aa917eefc8cbbb752a123992f2d3f3ac24be9480f1a16,6e724b2b13056a8b85a45549580f00baffc398287b57280eb78adcf5e8cf7014,burst,0.22959183673469388,0.288265306122449,0.19387755102040816,0.288265306122449,burst,0.03864510539508159,0.7566932152204275,0.13820569053185813,0.06645598885263174,calibration_shift,0.01819006855947742,0.20841239747765578,0.03374962537787186,0.7396479085849949
20261238,110,3520,3551,calibration_shift,6671b27365f997d5597aa917eefc8cbbb752a123992f2d3f3ac24be9480f1a16,6e724b2b13056a8b85a45549580f00baffc398287b57280eb78adcf5e8cf7014,burst,0.22959183673469388,0.288265306122449,0.19387755102040816,0.288265306122449,burst,0.030492080124691345,0.6645683790691721,0.06875962958963606,0.23617991121649956,calibration_shift,0.005990003312466618,0.4601582842246378,0.017424293149464743,0.5164274193134308
20261238,111,3552,3583,calibration_shift,6671b27365f997d5597aa917eefc8cbbb752a123992f2d3f3ac24be9480f1a16,6e724b2b13056a8b85a45549580f00baffc398287b57280eb78adcf5e8cf7014,burst,0.22959183673469388,0.288265306122449,0.19387755102040816,0.288265306122449,normal,0.49888747072617706,0.02675593059861027,0.034994192930322625,0.4393624057448885,calibration_shift,0.08742303683015198,0.046963195950185804,0.0074934195961925,0.8581203476234698
20261238,112,3584,3615,calibration_shift,6671b27365f997d5597aa917eefc8cbbb752a123992f2d3f3ac24be9480f1a16,6e724b2b13056a8b85a45549580f00baffc398287b57280eb78adcf5e8cf7014,burst,0.22959183673469388,0.288265306122449,0.19387755102040816,0.288265306122449,calibration_shift,0.036197973106151304,0.08764941602240249,0.002702419998436471,0.8734501908730105,calibration_shift,0.007633183172799337,0.008653705099883278,0.0001475641532565116,0.983565547574061
20261238,113,3616,3647,calibration_shift,6671b27365f997d5597aa917eefc8cbbb752a123992f2d3f3ac24be9480f1a16,6e724b2b13056a8b85a45549580f00baffc398287b57280eb78adcf5e8cf7014,burst,0.22959183673469388,0.288265306122449,0.19387755102040816,0.288265306122449,calibration_shift,0.18639866723723048,0.15540744387156905,0.010984718620188558,0.6472091702710134,calibration_shift,0.013092300520431865,0.007178540548800772,0.0003507213842864796,0.9793784375464809
20261238,114,3648,3679,calibration_shift,6671b27365f997d5597aa917eefc8cbbb752a123992f2d3f3ac24be9480f1a16,6e724b2b13056a8b85a45549580f00baffc398287b57280eb78adcf5e8cf7014,burst,0.22959183673469388,0.288265306122449,0.19387755102040816,0.288265306122449,burst,0.14398061450827337,0.41531241915047845,0.34596571500037343,0.09474125134087615,calibration_shift,0.06558606286746702,0.09818523186033849,0.06271047052443567,0.7735182347477587
20261238,115,3680,3711,calibration_shift,6671b27365f997d5597aa917eefc8cbbb752a123992f2d3f3ac24be9480f1a16,6e724b2b13056a8b85a45549580f00baffc398287b57280eb78adcf5e8cf7014,burst,0.22959183673469388,0.288265306122449,0.19387755102040816,0.288265306122449,calibration_shift,0.22856702132232268,0.10005661556203238,0.0362254558968431,0.6351509072188033,calibration_shift,0.05610991544478249,0.023702771031296685,0.009033889422305718,0.9111534241016152
20261238,116,3712,3743,calibration_shift,6671b27365f997d5597aa917eefc8cbbb752a123992f2d3f3ac24be9480f1a16,6e724b2b13056a8b85a45549580f00baffc398287b57280eb78adcf5e8cf7014,burst,0.22959183673469388,0.288265306122449,0.19387755102040816,0.288265306122449,calibration_shift,0.007639017327814307,0.010405145350230986,0.0013745824192742352,0.9805812549026807,calibration_shift,0.0010072752971646492,0.0005744873738379726,6.612958584010955e-05,0.9983521077431572
20261238,117,3744,3775,calibration_shift,6671b27365f997d5597aa917eefc8cbbb752a123992f2d3f3ac24be9480f1a16,6e724b2b13056a8b85a45549580f00baffc398287b57280eb78adcf5e8cf7014,burst,0.22959183673469388,0.288265306122449,0.19387755102040816,0.288265306122449,calibration_shift,0.014621856283686464,0.045770102806897556,0.0012721270798251852,0.9383359138295921,calibration_shift,0.0005041217040298666,0.0008848135323761893,2.6592506371482518e-05,0.9985844722572225
20261238,118,3776,3807,calibration_shift,6671b27365f997d5597aa917eefc8cbbb752a123992f2d3f3ac24be9480f1a16,6e724b2b13056a8b85a45549580f00baffc398287b57280eb78adcf5e8cf7014,burst,0.22959183673469388,0.288265306122449,0.19387755102040816,0.288265306122449,calibration_shift,0.06907446038443966,0.27544457571889797,0.03730755094714804,0.6181734129495131,calibration_shift,0.003431737711307155,0.008229606157151393,0.0011563390680318965,0.9871823170635096
20261238,119,3808,3839,calibration_shift,6671b27365f997d5597aa917eefc8cbbb752a123992f2d3f3ac24be9480f1a16,6e724b2b13056a8b85a45549580f00baffc398287b57280eb78adcf5e8cf7014,burst,0.22959183673469388,0.288265306122449,0.19387755102040816,0.288265306122449,calibration_shift,0.15508340438839457,0.3720155280076203,0.05535171988920194,0.4175493477147828,calibration_shift,0.013715521306952926,0.025383852969949876,0.0030132304010301687,0.9578873953220671
20261238,120,3840,3871,calibration_shift,6671b27365f997d5597aa917eefc8cbbb752a123992f2d3f3ac24be9480f1a16,6e724b2b13056a8b85a45549580f00baffc398287b57280eb78adcf5e8cf7014,burst,0.22959183673469388,0.288265306122449,0.19387755102040816,0.288265306122449,calibration_shift,0.003119030447294976,0.42065618971794944,0.04481011362308128,0.5314146662116725,calibration_shift,0.0003313949988381042,0.03955505566848672,0.0024358938289683603,0.9576776555037069
20261238,121,3872,3903,calibration_shift,6671b27365f997d5597aa917eefc8cbbb752a123992f2d3f3ac24be9480f1a16,6e724b2b13056a8b85a45549580f00baffc398287b57280eb78adcf5e8cf7014,burst,0.22959183673469388,0.288265306122449,0.19387755102040816,0.288265306122449,calibration_shift,0.0034893280593987965,0.44145500674700405,0.03596494249217085,0.5190907227014273,calibration_shift,0.00021263736055722693,0.054296753378739,0.0018327989545749955,0.9436578103061288
20261238,122,3904,3935,calibration_shift,6671b27365f997d5597aa917eefc8cbbb752a123992f2d3f3ac24be9480f1a16,6e724b2b13056a8b85a45549580f00baffc398287b57280eb78adcf5e8cf7014,burst,0.22959183673469388,0.288265306122449,0.19387755102040816,0.288265306122449,calibration_shift,0.05579352100338928,0.0012868199517849736,0.0003726759978273208,0.942546983047,calibration_shift,0.002004300701269291,0.000116058912019106,1.0718943421519369e-05,0.9978689214432902
20261238,123,3936,3967,burst,6671b27365f997d5597aa917eefc8cbbb752a123992f2d3f3ac24be9480f1a16,6e724b2b13056a8b85a45549580f00baffc398287b57280eb78adcf5e8cf7014,burst,0.22959183673469388,0.288265306122449,0.19387755102040816,0.288265306122449,burst,0.18840549940097312,0.44554333175588584,0.06775878724880977,0.29829238159433213,calibration_shift,0.02078602406728141,0.024427601530154382,0.0041962080762600685,0.9505901663263041
20261238,124,3968,3999,burst,6671b27365f997d5597aa917eefc8cbbb752a123992f2d3f3ac24be9480f1a16,6e724b2b13056a8b85a45549580f00baffc398287b57280eb78adcf5e8cf7014,burst,0.22959183673469388,0.288265306122449,0.19387755102040816,0.288265306122449,burst,0.13330933552182936,0.6936003578052818,0.12101457876481045,0.0520757279080768,calibration_shift,0.09321786114404611,0.35368742205038495,0.0399177447748026,0.5131769720307662
20261238,125,4000,4031,burst,6671b27365f997d5597aa917eefc8cbbb752a123992f2d3f3ac24be9480f1a16,6e724b2b13056a8b85a45549580f00baffc398287b57280eb78adcf5e8cf7014,burst,0.22959183673469388,0.288265306122449,0.19387755102040816,0.288265306122449,burst,0.025248113587328296,0.4792982865216247,0.476497253828206,0.018956346062840395,burst,0.0178130033469391,0.7440889739813396,0.19685945335068908,0.04123856932103235
20261238,126,4032,4063,burst,6671b27365f997d5597aa917eefc8cbbb752a123992f2d3f3ac24be9480f1a16,6e724b2b13056a8b85a45549580f00baffc398287b57280eb78adcf5e8cf7014,burst,0.22959183673469388,0.288265306122449,0.19387755102040816,0.288265306122449,burst,0.1998032107048757,0.5593217045749981,0.06654874620424192,0.17432633851588267,burst,0.027788069427463594,0.8958423171560815,0.048524794114814924,0.027844819301639886
20261238,127,4064,4095,burst,6671b27365f997d5597aa917eefc8cbbb752a123992f2d3f3ac24be9480f1a16,6e724b2b13056a8b85a45549580f00baffc398287b57280eb78adcf5e8cf7014,burst,0.22959183673469388,0.288265306122449,0.19387755102040816,0.288265306122449,burst,0.037110256666837226,0.5845899933618234,0.15428797152495316,0.2240117784463853,burst,0.005241239157714084,0.9422162407514478,0.03035669668085493,0.0221858234099831
