row_type,lane_id,cutoff,noise_profile,mode,cycle,time_us,metric,value
curve,cutoff12_high,12,high,measurement_feedback,0,0.0,fidelity,1.0
curve,cutoff12_high,12,high,measurement_feedback,0,0.0,code_survival,1.0
curve,cutoff12_high,12,high,measurement_feedback,0,0.0,logical_z_signal,0.9997719696551096
curve,cutoff12_high,12,high,measurement_feedback,0,0.0,conditional_logical_z,0.9997719696551096
curve,cutoff12_high,12,high,measurement_feedback,1,10.0,fidelity,0.41207681925542117
curve,cutoff12_high,12,high,measurement_feedback,1,10.0,code_survival,0.4172170054096645
curve,cutoff12_high,12,high,measurement_feedback,1,10.0,logical_z_signal,0.4071857526332468
curve,cutoff12_high,12,high,measurement_feedback,1,10.0,conditional_logical_z,0.9759567499733909
curve,cutoff12_high,12,high,measurement_feedback,2,20.0,fidelity,0.3967874761831488
curve,cutoff12_high,12,high,measurement_feedback,2,20.0,code_survival,0.4134515179479694
curve,cutoff12_high,12,high,measurement_feedback,2,20.0,logical_z_signal,0.38033967720772166
curve,cutoff12_high,12,high,measurement_feedback,2,20.0,conditional_logical_z,0.9199136070304265
curve,cutoff12_high,12,high,measurement_feedback,3,30.0,fidelity,0.3329382828014754
curve,cutoff12_high,12,high,measurement_feedback,3,30.0,code_survival,0.36903923216506984
curve,cutoff12_high,12,high,measurement_feedback,3,30.0,logical_z_signal,0.2970198808369812
curve,cutoff12_high,12,high,measurement_feedback,3,30.0,conditional_logical_z,0.8048463549374755
curve,cutoff12_high,12,high,measurement_feedback,4,40.0,fidelity,0.31258634140868663
curve,cutoff12_high,12,high,measurement_feedback,4,40.0,code_survival,0.36686553048854625
curve,cutoff12_high,12,high,measurement_feedback,4,40.0,logical_z_signal,0.2584174107740639
curve,cutoff12_high,12,high,measurement_feedback,4,40.0,conditional_logical_z,0.7043927251217509
curve,cutoff12_high,12,high,measurement_feedback,5,50.0,fidelity,0.2881272553263456
curve,cutoff12_high,12,high,measurement_feedback,5,50.0,code_survival,0.3580440943548264
curve,cutoff12_high,12,high,measurement_feedback,5,50.0,logical_z_signal,0.21826582733614636
curve,cutoff12_high,12,high,measurement_feedback,5,50.0,conditional_logical_z,0.6096059976340289
curve,cutoff12_high,12,high,measurement_feedback,6,60.0,fidelity,0.274498026967896
curve,cutoff12_high,12,high,measurement_feedback,6,60.0,code_survival,0.35809017821039735
curve,cutoff12_high,12,high,measurement_feedback,6,60.0,logical_z_signal,0.1908586847531154
curve,cutoff12_high,12,high,measurement_feedback,6,60.0,conditional_logical_z,0.5329905603860925
curve,cutoff12_high,12,high,measurement_feedback,7,70.0,fidelity,0.26157191836779403
curve,cutoff12_high,12,high,measurement_feedback,7,70.0,code_survival,0.3565946083555275
curve,cutoff12_high,12,high,measurement_feedback,7,70.0,logical_z_signal,0.16643895815608883
curve,cutoff12_high,12,high,measurement_feedback,7,70.0,conditional_logical_z,0.4667455823957606
curve,cutoff12_high,12,high,measurement_feedback,8,80.0,fidelity,0.25220381948833176
curve,cutoff12_high,12,high,measurement_feedback,8,80.0,code_survival,0.35704441431901035
curve,cutoff12_high,12,high,measurement_feedback,8,80.0,logical_z_signal,0.14716630068166525
curve,cutoff12_high,12,high,measurement_feedback,8,80.0,conditional_logical_z,0.41217925496007285
curve,cutoff12_high,12,high,measurement_feedback,9,90.0,fidelity,0.24399228869583525
curve,cutoff12_high,12,high,measurement_feedback,9,90.0,code_survival,0.3570223085916012
curve,cutoff12_high,12,high,measurement_feedback,9,90.0,logical_z_signal,0.13070745653028895
curve,cutoff12_high,12,high,measurement_feedback,9,90.0,conditional_logical_z,0.366104451696338
curve,cutoff12_high,12,high,measurement_feedback,10,100.0,fidelity,0.23745824557855108
curve,cutoff12_high,12,high,measurement_feedback,10,100.0,code_survival,0.3574628613478212
curve,cutoff12_high,12,high,measurement_feedback,10,100.0,logical_z_signal,0.1171320665569695
curve,cutoff12_high,12,high,measurement_feedback,10,100.0,conditional_logical_z,0.3276761846400507
curve,cutoff12_high,12,high,measurement_feedback,11,110.0,fidelity,0.2318613448131079
curve,cutoff12_high,12,high,measurement_feedback,11,110.0,code_survival,0.3576862271203314
curve,cutoff12_high,12,high,measurement_feedback,11,110.0,logical_z_signal,0.10566619696410695
curve,cutoff12_high,12,high,measurement_feedback,11,110.0,conditional_logical_z,0.2954158951402933
curve,cutoff12_high,12,high,measurement_feedback,12,120.0,fidelity,0.2272647486345092
curve,cutoff12_high,12,high,measurement_feedback,12,120.0,code_survival,0.3580182492135299
curve,cutoff12_high,12,high,measurement_feedback,12,120.0,logical_z_signal,0.09609086292068493
curve,cutoff12_high,12,high,measurement_feedback,12,120.0,conditional_logical_z,0.2683965499852893
curve,cutoff12_high,12,high,measurement_feedback,13,130.0,fidelity,0.22336185526071625
curve,cutoff12_high,12,high,measurement_feedback,13,130.0,code_survival,0.3582324338265283
curve,cutoff12_high,12,high,measurement_feedback,13,130.0,logical_z_signal,0.08803197634120473
curve,cutoff12_high,12,high,measurement_feedback,13,130.0,conditional_logical_z,0.24573982707504824
curve,cutoff12_high,12,high,measurement_feedback,14,140.0,fidelity,0.22011993979760258
curve,cutoff12_high,12,high,measurement_feedback,14,140.0,code_survival,0.3584631552946269
curve,cutoff12_high,12,high,measurement_feedback,14,140.0,logical_z_signal,0.08128015505992477
curve,cutoff12_high,12,high,measurement_feedback,14,140.0,conditional_logical_z,0.2267461909526496
curve,cutoff12_high,12,high,measurement_feedback,15,150.0,fidelity,0.21737996723746106
curve,cutoff12_high,12,high,measurement_feedback,15,150.0,code_survival,0.35862648258791663
curve,cutoff12_high,12,high,measurement_feedback,15,150.0,logical_z_signal,0.07560679861340978
curve,cutoff12_high,12,high,measurement_feedback,15,150.0,conditional_logical_z,0.2108232444737957
curve,cutoff12_high,12,high,measurement_feedback,16,160.0,fidelity,0.2150940268418428
curve,cutoff12_high,12,high,measurement_feedback,16,160.0,code_survival,0.3587828164300319
curve,cutoff12_high,12,high,measurement_feedback,16,160.0,logical_z_signal,0.0708510348553187
curve,cutoff12_high,12,high,measurement_feedback,16,160.0,conditional_logical_z,0.1974761098101133
curve,cutoff12_high,12,high,measurement_feedback,17,170.0,fidelity,0.21316787064701306
curve,cutoff12_high,12,high,measurement_feedback,17,170.0,code_survival,0.35889949426064544
curve,cutoff12_high,12,high,measurement_feedback,17,170.0,logical_z_signal,0.06685929514596216
curve,cutoff12_high,12,high,measurement_feedback,17,170.0,conditional_logical_z,0.18628974466430032
curve,cutoff12_high,12,high,measurement_feedback,18,180.0,fidelity,0.21155806834378033
curve,cutoff12_high,12,high,measurement_feedback,18,180.0,code_survival,0.3590048856164799
curve,cutoff12_high,12,high,measurement_feedback,18,180.0,logical_z_signal,0.0635140444220202
curve,cutoff12_high,12,high,measurement_feedback,18,180.0,conditional_logical_z,0.1769169361384998
curve,cutoff12_high,12,high,measurement_feedback,19,190.0,fidelity,0.21020464208912476
curve,cutoff12_high,12,high,measurement_feedback,19,190.0,code_survival,0.35908630842417305
curve,cutoff12_high,12,high,measurement_feedback,19,190.0,logical_z_signal,0.06070883188776991
curve,cutoff12_high,12,high,measurement_feedback,19,190.0,conditional_logical_z,0.16906473586861798
curve,cutoff12_high,12,high,measurement_feedback,20,200.0,fidelity,0.20907279512171628
curve,cutoff12_high,12,high,measurement_feedback,20,200.0,code_survival,0.3591574858411602
curve,cutoff12_high,12,high,measurement_feedback,20,200.0,logical_z_signal,0.05835915036536505
curve,cutoff12_high,12,high,measurement_feedback,20,200.0,conditional_logical_z,0.1624890268643176
curve,cutoff12_high,12,high,measurement_feedback,21,210.0,fidelity,0.20812283309109414
curve,cutoff12_high,12,high,measurement_feedback,21,210.0,code_survival,0.35921377901852264
curve,cutoff12_high,12,high,measurement_feedback,21,210.0,logical_z_signal,0.0563904693405897
curve,cutoff12_high,12,high,measurement_feedback,21,210.0,conditional_logical_z,0.15698303526848273
curve,cutoff12_high,12,high,measurement_feedback,22,220.0,fidelity,0.20732833952211568
curve,cutoff12_high,12,high,measurement_feedback,22,220.0,code_survival,0.35926202575058097
curve,cutoff12_high,12,high,measurement_feedback,22,220.0,logical_z_signal,0.054742466296244914
curve,cutoff12_high,12,high,measurement_feedback,22,220.0,conditional_logical_z,0.15237476374486092
curve,cutoff12_high,12,high,measurement_feedback,23,230.0,fidelity,0.2066624324681722
curve,cutoff12_high,12,high,measurement_feedback,23,230.0,code_survival,0.3593007970651552
curve,cutoff12_high,12,high,measurement_feedback,23,230.0,logical_z_signal,0.053362792853252364
curve,cutoff12_high,12,high,measurement_feedback,23,230.0,conditional_logical_z,0.14851843716777396
curve,cutoff12_high,12,high,measurement_feedback,24,240.0,fidelity,0.2061056350603659
curve,cutoff12_high,12,high,measurement_feedback,24,240.0,code_survival,0.35933362325116225
curve,cutoff12_high,12,high,measurement_feedback,24,240.0,logical_z_signal,0.052208583665493975
curve,cutoff12_high,12,high,measurement_feedback,24,240.0,conditional_logical_z,0.14529278722409428
curve,cutoff12_high,12,high,measurement_feedback,25,250.0,fidelity,0.20563948517486105
curve,cutoff12_high,12,high,measurement_feedback,25,250.0,code_survival,0.3593602907820431
curve,cutoff12_high,12,high,measurement_feedback,25,250.0,logical_z_signal,0.051243039664363645
curve,cutoff12_high,12,high,measurement_feedback,25,250.0,conditional_logical_z,0.14259516418146279
curve,cutoff12_high,12,high,measurement_feedback,26,260.0,fidelity,0.20524987318052335
curve,cutoff12_high,12,high,measurement_feedback,26,260.0,code_survival,0.35938270014900403
curve,cutoff12_high,12,high,measurement_feedback,26,260.0,logical_z_signal,0.05043580342133963
curve,cutoff12_high,12,high,measurement_feedback,26,260.0,conditional_logical_z,0.14034009817508852
curve,cutoff12_high,12,high,measurement_feedback,27,270.0,fidelity,0.20492401119667814
curve,cutoff12_high,12,high,measurement_feedback,27,270.0,code_survival,0.3594010410945982
curve,cutoff12_high,12,high,measurement_feedback,27,270.0,logical_z_signal,0.04976100969653712
curve,cutoff12_high,12,high,measurement_feedback,27,270.0,conditional_logical_z,0.13845538550746572
curve,cutoff12_high,12,high,measurement_feedback,28,280.0,fidelity,0.20465179233544215
curve,cutoff12_high,12,high,measurement_feedback,28,280.0,code_survival,0.35941638406231374
curve,cutoff12_high,12,high,measurement_feedback,28,280.0,logical_z_signal,0.04919721828842545
curve,cutoff12_high,12,high,measurement_feedback,28,280.0,conditional_logical_z,0.13688084480838775
curve,cutoff12_high,12,high,measurement_feedback,29,290.0,fidelity,0.20442431489686985
curve,cutoff12_high,12,high,measurement_feedback,29,290.0,code_survival,0.35942900640060216
curve,cutoff12_high,12,high,measurement_feedback,29,290.0,logical_z_signal,0.04872626006169846
curve,cutoff12_high,12,high,measurement_feedback,29,290.0,conditional_logical_z,0.1355657423134919
curve,cutoff12_high,12,high,measurement_feedback,30,300.0,fidelity,0.20423439362691945
curve,cutoff12_high,12,high,measurement_feedback,30,300.0,code_survival,0.3594395383889303
curve,cutoff12_high,12,high,measurement_feedback,30,300.0,logical_z_signal,0.04833302804330353
curve,cutoff12_high,12,high,measurement_feedback,30,300.0,conditional_logical_z,0.1344677557175275
curve,cutoff12_high,12,high,measurement_feedback,31,310.0,fidelity,0.204075815471414
curve,cutoff12_high,12,high,measurement_feedback,31,310.0,code_survival,0.35944823453199853
curve,cutoff12_high,12,high,measurement_feedback,31,310.0,logical_z_signal,0.04800477042839907
curve,cutoff12_high,12,high,measurement_feedback,31,310.0,conditional_logical_z,0.13355127614105897
curve,cutoff12_high,12,high,measurement_feedback,32,320.0,fidelity,0.20394349911567933
curve,cutoff12_high,12,high,measurement_feedback,32,320.0,code_survival,0.3594554809602085
curve,cutoff12_high,12,high,measurement_feedback,32,320.0,logical_z_signal,0.04773086448593817
curve,cutoff12_high,12,high,measurement_feedback,32,320.0,conditional_logical_z,0.13278658141040264
curve,cutoff12_high,12,high,measurement_feedback,33,330.0,fidelity,0.20383310296342338
curve,cutoff12_high,12,high,measurement_feedback,33,330.0,code_survival,0.3594614802511424
curve,cutoff12_high,12,high,measurement_feedback,33,330.0,logical_z_signal,0.04750236981907812
curve,cutoff12_high,12,high,measurement_feedback,33,330.0,conditional_logical_z,0.13214870696545838
curve,cutoff12_high,12,high,measurement_feedback,34,340.0,fidelity,0.20374104742426688
curve,cutoff12_high,12,high,measurement_feedback,34,340.0,code_survival,0.35946647683780075
curve,cutoff12_high,12,high,measurement_feedback,34,340.0,logical_z_signal,0.047311830617380764
curve,cutoff12_high,12,high,measurement_feedback,34,340.0,conditional_logical_z,0.13161680898196498
curve,cutoff12_high,12,high,measurement_feedback,35,350.0,fidelity,0.20366429795587215
curve,cutoff12_high,12,high,measurement_feedback,35,350.0,code_survival,0.3594706219023312
curve,cutoff12_high,12,high,measurement_feedback,35,350.0,logical_z_signal,0.04715298585819136
curve,cutoff12_high,12,high,measurement_feedback,35,350.0,conditional_logical_z,0.13117340607323094
curve,cutoff12_high,12,high,measurement_feedback,36,360.0,fidelity,0.2036003403497336
curve,cutoff12_high,12,high,measurement_feedback,36,360.0,code_survival,0.3594740741599817
curve,cutoff12_high,12,high,measurement_feedback,36,360.0,logical_z_signal,0.04702061135483508
curve,cutoff12_high,12,high,measurement_feedback,36,360.0,conditional_logical_z,0.1308039014071119
curve,cutoff12_high,12,high,measurement_feedback,37,370.0,fidelity,0.20354705441130416
curve,cutoff12_high,12,high,measurement_feedback,37,370.0,code_survival,0.3594769427043003
curve,cutoff12_high,12,high,measurement_feedback,37,370.0,logical_z_signal,0.046910327753463744
curve,cutoff12_high,12,high,measurement_feedback,37,370.0,conditional_logical_z,0.1304960685393705
curve,cutoff12_high,12,high,measurement_feedback,38,380.0,fidelity,0.20350267846001616
curve,cutoff12_high,12,high,measurement_feedback,38,380.0,code_survival,0.35947933255518005
curve,cutoff12_high,12,high,measurement_feedback,38,380.0,logical_z_signal,0.04681848032112508
curve,cutoff12_high,12,high,measurement_feedback,38,380.0,conditional_logical_z,0.13023969970217536
curve,cutoff12_high,12,high,measurement_feedback,39,390.0,fidelity,0.20346573224911874
curve,cutoff12_high,12,high,measurement_feedback,39,390.0,code_survival,0.3594813209825307
curve,cutoff12_high,12,high,measurement_feedback,39,390.0,logical_z_signal,0.046742009665131284
curve,cutoff12_high,12,high,measurement_feedback,39,390.0,conditional_logical_z,0.13002625431935239
curve,cutoff12_high,12,high,measurement_feedback,40,400.0,fidelity,0.2034349838931416
curve,cutoff12_high,12,high,measurement_feedback,40,400.0,code_survival,0.3594829784332622
curve,cutoff12_high,12,high,measurement_feedback,40,400.0,logical_z_signal,0.046678362840377075
curve,cutoff12_high,12,high,measurement_feedback,40,400.0,conditional_logical_z,0.12984860380264954
curve,cutoff12_high,12,high,measurement_feedback,41,410.0,fidelity,0.20340940094472074
curve,cutoff12_high,12,high,measurement_feedback,41,410.0,code_survival,0.3594843590686003
curve,cutoff12_high,12,high,measurement_feedback,41,410.0,logical_z_signal,0.04662540526791566
curve,cutoff12_high,12,high,measurement_feedback,41,410.0,conditional_logical_z,0.12970078973315816
curve,cutoff12_high,12,high,measurement_feedback,42,420.0,fidelity,0.2033881235301171
curve,cutoff12_high,12,high,measurement_feedback,42,420.0,code_survival,0.3594855106111417
curve,cutoff12_high,12,high,measurement_feedback,42,420.0,logical_z_signal,0.04658135619719618
curve,cutoff12_high,12,high,measurement_feedback,42,420.0,conditional_logical_z,0.12957784061450978
curve,cutoff12_high,12,high,measurement_feedback,43,430.0,fidelity,0.20337043233949323
curve,cutoff12_high,12,high,measurement_feedback,43,430.0,code_survival,0.3594864708090162
curve,cutoff12_high,12,high,measurement_feedback,43,430.0,logical_z_signal,0.046544728196509594
curve,cutoff12_high,12,high,measurement_feedback,43,430.0,conditional_logical_z,0.12947560471959274
curve,cutoff12_high,12,high,measurement_feedback,44,440.0,fidelity,0.2033557281495164
curve,cutoff12_high,12,high,measurement_feedback,44,440.0,code_survival,0.35948727222242466
curve,cutoff12_high,12,high,measurement_feedback,44,440.0,logical_z_signal,0.046514280868182614
curve,cutoff12_high,12,high,measurement_feedback,44,440.0,conditional_logical_z,0.12939061953604564
curve,cutoff12_high,12,high,measurement_feedback,45,450.0,fidelity,0.2033435104166715
curve,cutoff12_high,12,high,measurement_feedback,45,450.0,code_survival,0.35948794108577914
curve,cutoff12_high,12,high,measurement_feedback,45,450.0,logical_z_signal,0.046488979049728554
curve,cutoff12_high,12,high,measurement_feedback,45,450.0,conditional_logical_z,0.12931999585108642
curve,cutoff12_high,12,high,measurement_feedback,46,460.0,fidelity,0.20333336219659304
curve,cutoff12_high,12,high,measurement_feedback,46,460.0,code_survival,0.3594884997323928
curve,cutoff12_high,12,high,measurement_feedback,46,460.0,logical_z_signal,0.04646795990032566
curve,cutoff12_high,12,high,measurement_feedback,46,460.0,conditional_logical_z,0.1292613252855569
curve,cutoff12_high,12,high,measurement_feedback,47,470.0,fidelity,0.20332493561356713
curve,cutoff12_high,12,high,measurement_feedback,47,470.0,code_survival,0.3594889663750209
curve,cutoff12_high,12,high,measurement_feedback,47,470.0,logical_z_signal,0.04645050392593757
curve,cutoff12_high,12,high,measurement_feedback,47,470.0,conditional_logical_z,0.12921259974772115
curve,cutoff12_high,12,high,measurement_feedback,48,480.0,fidelity,0.20331794097749037
curve,cutoff12_high,12,high,measurement_feedback,48,480.0,code_survival,0.35948935639478824
curve,cutoff12_high,12,high,measurement_feedback,48,480.0,logical_z_signal,0.04643601171616796
curve,cutoff12_high,12,high,measurement_feedback,48,480.0,conditional_logical_z,0.12917214624060333
curve,cutoff12_high,12,high,measurement_feedback,49,490.0,fidelity,0.20331213682530283
curve,cutoff12_high,12,high,measurement_feedback,49,490.0,code_survival,0.3594896824354442
curve,cutoff12_high,12,high,measurement_feedback,49,490.0,logical_z_signal,0.04642398381829096
curve,cutoff12_high,12,high,measurement_feedback,49,490.0,conditional_logical_z,0.1291385708312438
curve,cutoff12_high,12,high,measurement_feedback,50,500.0,fidelity,0.20330732216616548
curve,cutoff12_high,12,high,measurement_feedback,50,500.0,code_survival,0.3594899551246113
curve,cutoff12_high,12,high,measurement_feedback,50,500.0,logical_z_signal,0.046414004368822384
curve,cutoff12_high,12,high,measurement_feedback,50,500.0,conditional_logical_z,0.12911071285074915
curve,cutoff12_high,12,high,measurement_feedback,51,510.0,fidelity,0.20330332961570488
curve,cutoff12_high,12,high,measurement_feedback,51,510.0,code_survival,0.3594901832455864
curve,cutoff12_high,12,high,measurement_feedback,51,510.0,logical_z_signal,0.046405727100303044
curve,cutoff12_high,12,high,measurement_feedback,51,510.0,conditional_logical_z,0.12908760590160784
curve,cutoff12_high,12,high,measurement_feedback,52,520.0,fidelity,0.20330001991593938
curve,cutoff12_high,12,high,measurement_feedback,52,520.0,code_survival,0.35949037416143514
curve,cutoff12_high,12,high,measurement_feedback,52,520.0,logical_z_signal,0.04639886386380866
curve,cutoff12_high,12,high,measurement_feedback,52,520.0,conditional_logical_z,0.12906844577421836
curve,cutoff12_high,12,high,measurement_feedback,53,530.0,fidelity,0.20329727718564766
curve,cutoff12_high,12,high,measurement_feedback,53,530.0,code_survival,0.3594905339800414
curve,cutoff12_high,12,high,measurement_feedback,53,530.0,logical_z_signal,0.04639317489724308
curve,cutoff12_high,12,high,measurement_feedback,53,530.0,conditional_logical_z,0.12905256331400033
curve,cutoff12_high,12,high,measurement_feedback,54,540.0,fidelity,0.20329500506974874
curve,cutoff12_high,12,high,measurement_feedback,54,540.0,code_survival,0.3594906678145986
curve,cutoff12_high,12,high,measurement_feedback,54,540.0,logical_z_signal,0.04638846079940685
curve,cutoff12_high,12,high,measurement_feedback,54,540.0,conditional_logical_z,0.12903940200008457
curve,cutoff12_high,12,high,measurement_feedback,55,550.0,fidelity,0.20329312344786632
curve,cutoff12_high,12,high,measurement_feedback,55,550.0,code_survival,0.35949077991787115
curve,cutoff12_high,12,high,measurement_feedback,55,550.0,logical_z_signal,0.04638455576363948
curve,cutoff12_high,12,high,measurement_feedback,55,550.0,conditional_logical_z,0.12902849907370764
curve,cutoff12_high,12,high,measurement_feedback,56,560.0,fidelity,0.20329156573968374
curve,cutoff12_high,12,high,measurement_feedback,56,560.0,code_survival,0.35949087384797773
curve,cutoff12_high,12,high,measurement_feedback,56,560.0,logical_z_signal,0.04638132197817828
curve,cutoff12_high,12,high,measurement_feedback,56,560.0,conditional_logical_z,0.1290194699011806
curve,cutoff12_high,12,high,measurement_feedback,57,570.0,fidelity,0.20329027662254676
curve,cutoff12_high,12,high,measurement_feedback,57,570.0,code_survival,0.3594909525700685
curve,cutoff12_high,12,high,measurement_feedback,57,570.0,logical_z_signal,0.04637864492430957
curve,cutoff12_high,12,high,measurement_feedback,57,570.0,conditional_logical_z,0.1290119948575615
curve,cutoff12_high,12,high,measurement_feedback,58,580.0,fidelity,0.20328921015156626
curve,cutoff12_high,12,high,measurement_feedback,58,580.0,code_survival,0.35949101856473875
curve,cutoff12_high,12,high,measurement_feedback,58,580.0,logical_z_signal,0.04637642947710789
curve,cutoff12_high,12,high,measurement_feedback,58,580.0,conditional_logical_z,0.12900580844068074
curve,cutoff12_high,12,high,measurement_feedback,59,590.0,fidelity,0.20328832817701784
curve,cutoff12_high,12,high,measurement_feedback,59,590.0,code_survival,0.3594910739022853
curve,cutoff12_high,12,high,measurement_feedback,59,590.0,logical_z_signal,0.04637459664082725
curve,cutoff12_high,12,high,measurement_feedback,59,590.0,conditional_logical_z,0.12900069016298443
curve,cutoff12_high,12,high,measurement_feedback,60,600.0,fidelity,0.2032875990360539
curve,cutoff12_high,12,high,measurement_feedback,60,600.0,code_survival,0.3594911203150291
curve,cutoff12_high,12,high,measurement_feedback,60,600.0,logical_z_signal,0.04637308083834883
curve,cutoff12_high,12,high,measurement_feedback,60,600.0,conditional_logical_z,0.12899645698539422
curve,cutoff12_high,12,high,measurement_feedback,61,610.0,fidelity,0.20328699645589998
curve,cutoff12_high,12,high,measurement_feedback,61,610.0,code_survival,0.3594911592504879
curve,cutoff12_high,12,high,measurement_feedback,61,610.0,logical_z_signal,0.04637182764665919
curve,cutoff12_high,12,high,measurement_feedback,61,610.0,conditional_logical_z,0.12899295699883404
curve,cutoff12_high,12,high,measurement_feedback,62,620.0,fidelity,0.2032864986452309
curve,cutoff12_high,12,high,measurement_feedback,62,620.0,code_survival,0.3594911919203145
curve,cutoff12_high,12,high,measurement_feedback,62,620.0,logical_z_signal,0.046370791915577046
curve,cutoff12_high,12,high,measurement_feedback,62,620.0,conditional_logical_z,0.12899006417341008
curve,cutoff12_high,12,high,measurement_feedback,63,630.0,fidelity,0.2032860875346514
curve,cutoff12_high,12,high,measurement_feedback,63,630.0,code_survival,0.3594912193379554
curve,cutoff12_high,12,high,measurement_feedback,63,630.0,logical_z_signal,0.046369936198616284
curve,cutoff12_high,12,high,measurement_feedback,63,630.0,conditional_logical_z,0.12898767397994276
curve,cutoff12_high,12,high,measurement_feedback,64,640.0,fidelity,0.2032857481467717
curve,cutoff12_high,12,high,measurement_feedback,64,640.0,code_survival,0.35949124235210433
curve,cutoff12_high,12,high,measurement_feedback,64,640.0,logical_z_signal,0.04636922944919146
curve,cutoff12_high,12,high,measurement_feedback,64,640.0,conditional_logical_z,0.1289856997511362
curve,cutoff12_high,12,high,measurement_feedback,65,650.0,fidelity,0.20328546807077097
curve,cutoff12_high,12,high,measurement_feedback,65,650.0,code_survival,0.35949126167321377
curve,cutoff12_high,12,high,measurement_feedback,65,650.0,logical_z_signal,0.0463686459345547
curve,cutoff12_high,12,high,measurement_feedback,65,650.0,conditional_logical_z,0.1289840696509194
curve,cutoff12_high,12,high,measurement_feedback,66,660.0,fidelity,0.20328523702639517
curve,cutoff12_high,12,high,measurement_feedback,66,660.0,code_survival,0.3594912778965292
curve,cutoff12_high,12,high,measurement_feedback,66,660.0,logical_z_signal,0.04636816433347841
curve,cutoff12_high,12,high,measurement_feedback,66,660.0,conditional_logical_z,0.1289827241561737
curve,cutoff12_high,12,high,measurement_feedback,67,670.0,fidelity,0.2032850465008606
curve,cutoff12_high,12,high,measurement_feedback,67,670.0,code_survival,0.3594912915206954
curve,cutoff12_high,12,high,measurement_feedback,67,670.0,logical_z_signal,0.04636776698542801
curve,cutoff12_high,12,high,measurement_feedback,67,670.0,conditional_logical_z,0.1289816139614572
curve,cutoff12_high,12,high,measurement_feedback,68,680.0,fidelity,0.20328488944753242
curve,cutoff12_high,12,high,measurement_feedback,68,680.0,code_survival,0.3594913029637007
curve,cutoff12_high,12,high,measurement_feedback,68,680.0,logical_z_signal,0.04636743926693958
curve,cutoff12_high,12,high,measurement_feedback,68,680.0,conditional_logical_z,0.12898069823853706
curve,cutoff12_high,12,high,measurement_feedback,69,690.0,fidelity,0.20328476003530851
curve,cutoff12_high,12,high,measurement_feedback,69,690.0,code_survival,0.3594913125759185
curve,cutoff12_high,12,high,measurement_feedback,69,690.0,logical_z_signal,0.046367169073175056
curve,cutoff12_high,12,high,measurement_feedback,69,690.0,conditional_logical_z,0.1289799431895398
curve,cutoff12_high,12,high,measurement_feedback,70,700.0,fidelity,0.20328465344067623
curve,cutoff12_high,12,high,measurement_feedback,70,700.0,code_survival,0.3594913206511863
curve,cutoff12_high,12,high,measurement_feedback,70,700.0,logical_z_signal,0.0463669463874848
curve,cutoff12_high,12,high,measurement_feedback,70,700.0,conditional_logical_z,0.12897932084561942
event_accounting,cutoff12_high,12,high,measurement_feedback,,700.0,full_cycles,70
event_accounting,cutoff12_high,12,high,measurement_feedback,,700.0,half_cycles,140
event_accounting,cutoff12_high,12,high,measurement_feedback,,700.0,total_physical_time_us,700.0
event_accounting,cutoff12_high,12,high,measurement_feedback,,700.0,measurement_events,140
event_accounting,cutoff12_high,12,high,measurement_feedback,,700.0,reset_events,140
event_accounting,cutoff12_high,12,high,measurement_feedback,,700.0,active_gate_applications,1260
event_accounting,cutoff12_high,12,high,measurement_feedback,,700.0,qubit_rotations,560
event_accounting,cutoff12_high,12,high,measurement_feedback,,700.0,echoed_conditional_displacements,420
event_accounting,cutoff12_high,12,high,measurement_feedback,,700.0,fixed_cavity_displacements,140
event_accounting,cutoff12_high,12,high,measurement_feedback,,700.0,virtual_rotations,140
event_accounting,cutoff12_high,12,high,measurement_feedback,,700.0,cycles_per_100us,10.0
event_accounting,cutoff12_high,12,high,measurement_feedback,,700.0,measurements_per_100us,20.0
event_accounting,cutoff12_high,12,high,measurement_feedback,,700.0,resets_per_100us,20.0
event_accounting,cutoff12_high,12,high,measurement_feedback,,700.0,active_gates_per_100us,180.0
event_accounting,cutoff12_high,12,high,measurement_feedback,,700.0,outcome_dependent_parameter_updates,0
curve,cutoff12_high,12,high,autonomous,0,0.0,fidelity,1.0
curve,cutoff12_high,12,high,autonomous,0,0.0,code_survival,1.0
curve,cutoff12_high,12,high,autonomous,0,0.0,logical_z_signal,0.9997719696551096
curve,cutoff12_high,12,high,autonomous,0,0.0,conditional_logical_z,0.9997719696551096
curve,cutoff12_high,12,high,autonomous,1,7.0,fidelity,0.4179730404903689
curve,cutoff12_high,12,high,autonomous,1,7.0,code_survival,0.4228715051520065
curve,cutoff12_high,12,high,autonomous,1,7.0,logical_z_signal,0.4133615710717001
curve,cutoff12_high,12,high,autonomous,1,7.0,conditional_logical_z,0.9775110548607716
curve,cutoff12_high,12,high,autonomous,2,14.0,fidelity,0.40598776496571065
curve,cutoff12_high,12,high,autonomous,2,14.0,code_survival,0.4220073216458281
curve,cutoff12_high,12,high,autonomous,2,14.0,logical_z_signal,0.39019626344980085
curve,cutoff12_high,12,high,autonomous,2,14.0,conditional_logical_z,0.9246196533463823
curve,cutoff12_high,12,high,autonomous,3,21.0,fidelity,0.3424332389365964
curve,cutoff12_high,12,high,autonomous,3,21.0,code_survival,0.3769963636947603
curve,cutoff12_high,12,high,autonomous,3,21.0,logical_z_signal,0.308068201673318
curve,cutoff12_high,12,high,autonomous,3,21.0,conditional_logical_z,0.8171649154758139
curve,cutoff12_high,12,high,autonomous,4,28.0,fidelity,0.322156736643276
curve,cutoff12_high,12,high,autonomous,4,28.0,code_survival,0.37411320874961523
curve,cutoff12_high,12,high,autonomous,4,28.0,logical_z_signal,0.2703225228124642
curve,cutoff12_high,12,high,autonomous,4,28.0,conditional_logical_z,0.7225687746122442
curve,cutoff12_high,12,high,autonomous,5,35.0,fidelity,0.29728171016999416
curve,cutoff12_high,12,high,autonomous,5,35.0,code_survival,0.36439782996575004
curve,cutoff12_high,12,high,autonomous,5,35.0,logical_z_signal,0.23023693734381168
curve,cutoff12_high,12,high,autonomous,5,35.0,conditional_logical_z,0.6318285083241352
curve,cutoff12_high,12,high,autonomous,6,42.0,fidelity,0.28349427842685604
curve,cutoff12_high,12,high,autonomous,6,42.0,code_survival,0.36410086166219785
curve,cutoff12_high,12,high,autonomous,6,42.0,logical_z_signal,0.20284784666664482
curve,cutoff12_high,12,high,autonomous,6,42.0,conditional_logical_z,0.5571199302869025
curve,cutoff12_high,12,high,autonomous,7,49.0,fidelity,0.270327973779384
curve,cutoff12_high,12,high,autonomous,7,49.0,code_survival,0.3621801017201549
curve,cutoff12_high,12,high,autonomous,7,49.0,logical_z_signal,0.17837106664947797
curve,cutoff12_high,12,high,autonomous,7,49.0,conditional_logical_z,0.4924927289001085
curve,cutoff12_high,12,high,autonomous,8,56.0,fidelity,0.260793153050297
curve,cutoff12_high,12,high,autonomous,8,56.0,code_survival,0.36251391432795954
curve,cutoff12_high,12,high,autonomous,8,56.0,logical_z_signal,0.15887158439678195
curve,cutoff12_high,12,high,autonomous,8,56.0,conditional_logical_z,0.43824961778723287
curve,cutoff12_high,12,high,autonomous,9,63.0,fidelity,0.2523911288009566
curve,cutoff12_high,12,high,autonomous,9,63.0,code_survival,0.36231419329013026
curve,cutoff12_high,12,high,autonomous,9,63.0,logical_z_signal,0.14220488489448915
curve,cutoff12_high,12,high,autonomous,9,63.0,conditional_logical_z,0.3924905165959529
curve,cutoff12_high,12,high,autonomous,10,70.0,fidelity,0.24567483123831
curve,cutoff12_high,12,high,autonomous,10,70.0,code_survival,0.3627235481294309
curve,cutoff12_high,12,high,autonomous,10,70.0,logical_z_signal,0.12828751746292405
curve,cutoff12_high,12,high,autonomous,10,70.0,conditional_logical_z,0.35367849185558564
curve,cutoff12_high,12,high,autonomous,11,77.0,fidelity,0.23988210934008927
curve,cutoff12_high,12,high,autonomous,11,77.0,code_survival,0.36287352895532465
curve,cutoff12_high,12,high,autonomous,11,77.0,logical_z_signal,0.11649776380692657
curve,cutoff12_high,12,high,autonomous,11,77.0,conditional_logical_z,0.321042331586742
curve,cutoff12_high,12,high,autonomous,12,84.0,fidelity,0.2350896305300072
curve,cutoff12_high,12,high,autonomous,12,84.0,code_survival,0.3631984680644115
curve,cutoff12_high,12,high,autonomous,12,84.0,logical_z_signal,0.10653010708462425
curve,cutoff12_high,12,high,autonomous,12,84.0,conditional_logical_z,0.29331100335404403
curve,cutoff12_high,12,high,autonomous,13,91.0,fidelity,0.23098793753013525
curve,cutoff12_high,12,high,autonomous,13,91.0,code_survival,0.36338189194517606
curve,cutoff12_high,12,high,autonomous,13,91.0,logical_z_signal,0.09809857433725537
curve,cutoff12_high,12,high,autonomous,13,91.0,conditional_logical_z,0.26995999666393844
curve,cutoff12_high,12,high,autonomous,14,98.0,fidelity,0.22755185900228633
curve,cutoff12_high,12,high,autonomous,14,98.0,code_survival,0.3636111116966895
curve,cutoff12_high,12,high,autonomous,14,98.0,logical_z_signal,0.09095336072572092
curve,cutoff12_high,12,high,autonomous,14,98.0,conditional_logical_z,0.25013911236461533
curve,cutoff12_high,12,high,autonomous,15,105.0,fidelity,0.22462299878205594
curve,cutoff12_high,12,high,autonomous,15,105.0,code_survival,0.3637609220466052
curve,cutoff12_high,12,high,autonomous,15,105.0,logical_z_signal,0.08491033334566256
curve,cutoff12_high,12,high,autonomous,15,105.0,conditional_logical_z,0.2334234608487819
curve,cutoff12_high,12,high,autonomous,16,112.0,fidelity,0.22215768234144814
curve,cutoff12_high,12,high,autonomous,16,112.0,code_survival,0.36391659555343814
curve,cutoff12_high,12,high,autonomous,16,112.0,logical_z_signal,0.0797909463501817
curve,cutoff12_high,12,high,autonomous,16,112.0,conditional_logical_z,0.21925613540332503
curve,cutoff12_high,12,high,autonomous,17,119.0,fidelity,0.22006210413953345
curve,cutoff12_high,12,high,autonomous,17,119.0,code_survival,0.3640268551709345
curve,cutoff12_high,12,high,autonomous,17,119.0,logical_z_signal,0.07546203547614783
curve,cutoff12_high,12,high,autonomous,17,119.0,conditional_logical_z,0.20729799025600307
curve,cutoff12_high,12,high,autonomous,18,126.0,fidelity,0.2182949465378588
curve,cutoff12_high,12,high,autonomous,18,126.0,code_survival,0.36413155117604973
curve,cutoff12_high,12,high,autonomous,18,126.0,logical_z_signal,0.07179819542628019
curve,cutoff12_high,12,high,autonomous,18,126.0,conditional_logical_z,0.19717652918125547
curve,cutoff12_high,12,high,autonomous,19,133.0,fidelity,0.21679600275605843
curve,cutoff12_high,12,high,autonomous,19,133.0,code_survival,0.3642096435679792
curve,cutoff12_high,12,high,autonomous,19,133.0,logical_z_signal,0.06870128030906685
curve,cutoff12_high,12,high,autonomous,19,133.0,conditional_logical_z,0.18863114012038468
curve,cutoff12_high,12,high,autonomous,20,140.0,fidelity,0.21553123122456697
curve,cutoff12_high,12,high,autonomous,20,140.0,code_survival,0.3642800969355572
curve,cutoff12_high,12,high,autonomous,20,140.0,logical_z_signal,0.06608275367407858
curve,cutoff12_high,12,high,autonomous,20,140.0,conditional_logical_z,0.1814064348560029
curve,cutoff12_high,12,high,autonomous,21,147.0,fidelity,0.21446025233181015
curve,cutoff12_high,12,high,autonomous,21,147.0,code_survival,0.36433451941497
curve,cutoff12_high,12,high,autonomous,21,147.0,logical_z_signal,0.06387063451479914
curve,cutoff12_high,12,high,autonomous,21,147.0,conditional_logical_z,0.17530766674911666
curve,cutoff12_high,12,high,autonomous,22,154.0,fidelity,0.2135565964428715
curve,cutoff12_high,12,high,autonomous,22,154.0,code_survival,0.36438211744461707
curve,cutoff12_high,12,high,autonomous,22,154.0,logical_z_signal,0.0620019754616748
curve,cutoff12_high,12,high,autonomous,22,154.0,conditional_logical_z,0.17015647171845244
curve,cutoff12_high,12,high,autonomous,23,161.0,fidelity,0.21279248980324544
curve,cutoff12_high,12,high,autonomous,23,161.0,code_survival,0.3644197754411198
curve,cutoff12_high,12,high,autonomous,23,161.0,logical_z_signal,0.06042438923132476
curve,cutoff12_high,12,high,autonomous,23,161.0,conditional_logical_z,0.16580985254760872
curve,cutoff12_high,12,high,autonomous,24,168.0,fidelity,0.21214797587060472
curve,cutoff12_high,12,high,autonomous,24,168.0,code_survival,0.364452081816419
curve,cutoff12_high,12,high,autonomous,24,168.0,logical_z_signal,0.05909291203334851
curve,cutoff12_high,12,high,autonomous,24,168.0,conditional_logical_z,0.1621417875810479
curve,cutoff12_high,12,high,autonomous,25,175.0,fidelity,0.21160366143936526
curve,cutoff12_high,12,high,autonomous,25,175.0,code_survival,0.3644780643882701
curve,cutoff12_high,12,high,autonomous,25,175.0,logical_z_signal,0.057969651902563174
curve,cutoff12_high,12,high,autonomous,25,175.0,conditional_logical_z,0.15904839705472493
curve,cutoff12_high,12,high,autonomous,26,182.0,fidelity,0.211144777206999
curve,cutoff12_high,12,high,autonomous,26,182.0,code_survival,0.364500089591921
curve,cutoff12_high,12,high,autonomous,26,182.0,logical_z_signal,0.057022417677340856
curve,cutoff12_high,12,high,autonomous,26,182.0,conditional_logical_z,0.15644006491515752
curve,cutoff12_high,12,high,autonomous,27,189.0,fidelity,0.2107576583858428
curve,cutoff12_high,12,high,autonomous,27,189.0,code_survival,0.3645180051825395
curve,cutoff12_high,12,high,autonomous,27,189.0,logical_z_signal,0.056223923917666625
curve,cutoff12_high,12,high,autonomous,27,189.0,conditional_logical_z,0.15424182926028962
curve,cutoff12_high,12,high,autonomous,28,196.0,fidelity,0.21043150469910005
curve,cutoff12_high,12,high,autonomous,28,196.0,code_survival,0.3645330828415554
curve,cutoff12_high,12,high,autonomous,28,196.0,logical_z_signal,0.05555111016350842
curve,cutoff12_high,12,high,autonomous,28,196.0,conditional_logical_z,0.15238976317453679
curve,cutoff12_high,12,high,autonomous,29,203.0,fidelity,0.21015663646479935
curve,cutoff12_high,12,high,autonomous,29,203.0,code_survival,0.36454544488810264
curve,cutoff12_high,12,high,autonomous,29,203.0,logical_z_signal,0.054984391820427955
curve,cutoff12_high,12,high,autonomous,29,203.0,conditional_logical_z,0.15083000649563852
curve,cutoff12_high,12,high,autonomous,30,210.0,fidelity,0.20992521970742878
curve,cutoff12_high,12,high,autonomous,30,210.0,code_survival,0.3645558060661649
curve,cutoff12_high,12,high,autonomous,30,210.0,logical_z_signal,0.05450725668685039
curve,cutoff12_high,12,high,autonomous,30,210.0,conditional_logical_z,0.1495169073701644
curve,cutoff12_high,12,high,autonomous,31,217.0,fidelity,0.20973037790031948
curve,cutoff12_high,12,high,autonomous,31,217.0,code_survival,0.3645643497507833
curve,cutoff12_high,12,high,autonomous,31,217.0,logical_z_signal,0.05410568198225212
curve,cutoff12_high,12,high,autonomous,31,217.0,conditional_logical_z,0.14841188399040894
curve,cutoff12_high,12,high,autonomous,32,224.0,fidelity,0.20956646137544854
curve,cutoff12_high,12,high,autonomous,32,224.0,code_survival,0.3645714959135852
curve,cutoff12_high,12,high,autonomous,32,224.0,logical_z_signal,0.05376785669845173
curve,cutoff12_high,12,high,autonomous,32,224.0,conditional_logical_z,0.14748233830983976
curve,cutoff12_high,12,high,autonomous,33,231.0,fidelity,0.20942857867377565
curve,cutoff12_high,12,high,autonomous,33,231.0,code_survival,0.364577413778508
curve,cutoff12_high,12,high,autonomous,33,231.0,logical_z_signal,0.0534837604290138
curve,cutoff12_high,12,high,autonomous,33,231.0,conditional_logical_z,0.14670069622444257
curve,cutoff12_high,12,high,autonomous,34,238.0,fidelity,0.20931267288212635
curve,cutoff12_high,12,high,autonomous,34,238.0,code_survival,0.36458236022233703
curve,cutoff12_high,12,high,autonomous,34,238.0,logical_z_signal,0.05324495649016077
curve,cutoff12_high,12,high,autonomous,34,238.0,conditional_logical_z,0.1460436990360418
curve,cutoff12_high,12,high,autonomous,35,245.0,fidelity,0.20921526368470802
curve,cutoff12_high,12,high,autonomous,35,245.0,code_survival,0.3645864702481371
curve,cutoff12_high,12,high,autonomous,35,245.0,logical_z_signal,0.05304429703258143
curve,cutoff12_high,12,high,autonomous,35,245.0,conditional_logical_z,0.14549167717737727
curve,cutoff12_high,12,high,autonomous,36,252.0,fidelity,0.20913344768920333
curve,cutoff12_high,12,high,autonomous,36,252.0,code_survival,0.3645899063328119
curve,cutoff12_high,12,high,autonomous,36,252.0,logical_z_signal,0.05287576496443012
curve,cutoff12_high,12,high,autonomous,36,252.0,conditional_logical_z,0.1450280549351332
curve,cutoff12_high,12,high,autonomous,37,259.0,fidelity,0.2090647496661513
curve,cutoff12_high,12,high,autonomous,37,259.0,code_survival,0.3645927693578795
curve,cutoff12_high,12,high,autonomous,37,259.0,logical_z_signal,0.05273426980639498
curve,cutoff12_high,12,high,autonomous,37,259.0,conditional_logical_z,0.14463882511787202
curve,cutoff12_high,12,high,autonomous,38,266.0,fidelity,0.20900709750947408
curve,cutoff12_high,12,high,autonomous,38,266.0,code_survival,0.3645951648364562
curve,cutoff12_high,12,high,autonomous,38,266.0,logical_z_signal,0.052615527084880806
curve,cutoff12_high,12,high,autonomous,38,266.0,conditional_logical_z,0.1443121910530058
curve,cutoff12_high,12,high,autonomous,39,273.0,fidelity,0.20895873233846535
curve,cutoff12_high,12,high,autonomous,39,273.0,code_survival,0.36459716565206957
curve,cutoff12_high,12,high,autonomous,39,273.0,logical_z_signal,0.05251591721047822
curve,cutoff12_high,12,high,autonomous,39,273.0,conditional_logical_z,0.1440381938146867
curve,cutoff12_high,12,high,autonomous,40,280.0,fidelity,0.2089181788525642
curve,cutoff12_high,12,high,autonomous,40,280.0,code_survival,0.36459884170422896
curve,cutoff12_high,12,high,autonomous,40,280.0,logical_z_signal,0.05243239446068515
curve,cutoff12_high,12,high,autonomous,40,280.0,conditional_logical_z,0.14380845044817647
curve,cutoff12_high,12,high,autonomous,41,287.0,fidelity,0.208884188647775
curve,cutoff12_high,12,high,autonomous,41,287.0,code_survival,0.3646002446997846
curve,cutoff12_high,12,high,autonomous,41,287.0,logical_z_signal,0.05236238912241759
curve,cutoff12_high,12,high,autonomous,41,287.0,conditional_logical_z,0.14361589133198002
curve,cutoff12_high,12,high,autonomous,42,294.0,fidelity,0.20885571358890537
curve,cutoff12_high,12,high,autonomous,42,294.0,code_survival,0.36460142163594683
curve,cutoff12_high,12,high,autonomous,42,294.0,logical_z_signal,0.05230373966809293
curve,cutoff12_high,12,high,autonomous,42,294.0,conditional_logical_z,0.14345456864487496
curve,cutoff12_high,12,high,autonomous,43,301.0,fidelity,0.20883186878816296
curve,cutoff12_high,12,high,autonomous,43,301.0,code_survival,0.36460240884469663
curve,cutoff12_high,12,high,autonomous,43,301.0,logical_z_signal,0.05225462458155841
curve,cutoff12_high,12,high,autonomous,43,301.0,conditional_logical_z,0.14331947160507216
curve,cutoff12_high,12,high,autonomous,44,308.0,fidelity,0.20881191107379168
curve,cutoff12_high,12,high,autonomous,44,308.0,code_survival,0.3646032382762992
curve,cutoff12_high,12,high,autonomous,44,308.0,logical_z_signal,0.052213512394961414
curve,cutoff12_high,12,high,autonomous,44,308.0,conditional_logical_z,0.14320638687085277
curve,cutoff12_high,12,high,autonomous,45,315.0,fidelity,0.20879521415038746
curve,cutoff12_high,12,high,autonomous,45,315.0,code_survival,0.364603935343368
curve,cutoff12_high,12,high,autonomous,45,315.0,logical_z_signal,0.05217911397412637
curve,cutoff12_high,12,high,autonomous,45,315.0,conditional_logical_z,0.14311176845907153
curve,cutoff12_high,12,high,autonomous,46,322.0,fidelity,0.2087812520769067
curve,cutoff12_high,12,high,autonomous,46,322.0,code_survival,0.3646045219517746
curve,cutoff12_high,12,high,autonomous,46,322.0,logical_z_signal,0.052150346063302114
curve,cutoff12_high,12,high,autonomous,46,322.0,conditional_logical_z,0.1430326365239099
curve,cutoff12_high,12,high,autonomous,47,329.0,fidelity,0.2087695822762263
curve,cutoff12_high,12,high,autonomous,47,329.0,code_survival,0.3646050158507861
curve,cutoff12_high,12,high,autonomous,47,329.0,logical_z_signal,0.05212629776184741
curve,cutoff12_high,12,high,autonomous,47,329.0,conditional_logical_z,0.1429664856371038
curve,cutoff12_high,12,high,autonomous,48,336.0,fidelity,0.20875983322654504
curve,cutoff12_high,12,high,autonomous,48,336.0,code_survival,0.36460543216173846
curve,cutoff12_high,12,high,autonomous,48,336.0,logical_z_signal,0.052106204128364995
curve,cutoff12_high,12,high,autonomous,48,336.0,conditional_logical_z,0.14291121177056615
curve,cutoff12_high,12,high,autonomous,49,343.0,fidelity,0.2087516926878568
curve,cutoff12_high,12,high,autonomous,49,343.0,code_survival,0.3646057832878254
curve,cutoff12_high,12,high,autonomous,49,343.0,logical_z_signal,0.052089422562134544
curve,cutoff12_high,12,high,autonomous,49,343.0,conditional_logical_z,0.14286504753824586
curve,cutoff12_high,12,high,autonomous,50,350.0,fidelity,0.20874489869577825
curve,cutoff12_high,12,high,autonomous,50,350.0,code_survival,0.3646060797266159
curve,cutoff12_high,12,high,autonomous,50,350.0,logical_z_signal,0.05207541380678461
curve,cutoff12_high,12,high,autonomous,50,350.0,conditional_logical_z,0.1428265097659126
curve,cutoff12_high,12,high,autonomous,51,357.0,fidelity,0.20873923133518832
curve,cutoff12_high,12,high,autonomous,51,357.0,code_survival,0.364606330160702
curve,cutoff12_high,12,high,autonomous,51,357.0,logical_z_signal,0.052063725280581535
curve,cutoff12_high,12,high,autonomous,51,357.0,conditional_logical_z,0.14279435372840127
curve,cutoff12_high,12,high,autonomous,52,364.0,fidelity,0.2087345062261683
curve,cutoff12_high,12,high,autonomous,52,364.0,code_survival,0.36460654191421216
curve,cutoff12_high,12,high,autonomous,52,364.0,logical_z_signal,0.05205397747124546
curve,cutoff12_high,12,high,autonomous,52,364.0,conditional_logical_z,0.14276753565078154
curve,cutoff12_high,12,high,autonomous,53,371.0,fidelity,0.20873056874761822
curve,cutoff12_high,12,high,autonomous,53,371.0,code_survival,0.3646067210806754
curve,cutoff12_high,12,high,autonomous,53,371.0,logical_z_signal,0.052045852160204215
curve,cutoff12_high,12,high,autonomous,53,371.0,conditional_logical_z,0.142745180357463
curve,cutoff12_high,12,high,autonomous,54,378.0,fidelity,0.20872728936228108
curve,cutoff12_high,12,high,autonomous,54,378.0,code_survival,0.3646068727934242
curve,cutoff12_high,12,high,autonomous,54,378.0,logical_z_signal,0.05203908271642491
curve,cutoff12_high,12,high,autonomous,54,378.0,conditional_logical_z,0.14272655454278496
curve,cutoff12_high,12,high,autonomous,55,385.0,fidelity,0.20872455954990682
curve,cutoff12_high,12,high,autonomous,55,385.0,code_survival,0.36460700134188834
curve,cutoff12_high,12,high,autonomous,55,385.0,logical_z_signal,0.05203344577631739
curve,cutoff12_high,12,high,autonomous,55,385.0,conditional_logical_z,0.14271104390429998
curve,cutoff12_high,12,high,autonomous,56,392.0,fidelity,0.20872228847059413
curve,cutoff12_high,12,high,autonomous,56,392.0,code_survival,0.3646071103392394
curve,cutoff12_high,12,high,autonomous,56,392.0,logical_z_signal,0.05202875434138745
curve,cutoff12_high,12,high,autonomous,56,392.0,conditional_logical_z,0.14269813414493923
curve,cutoff12_high,12,high,autonomous,57,399.0,fidelity,0.20872040009834417
curve,cutoff12_high,12,high,autonomous,57,399.0,code_survival,0.36460720281488157
curve,cutoff12_high,12,high,autonomous,57,399.0,logical_z_signal,0.05202485190180721
curve,cutoff12_high,12,high,autonomous,57,399.0,conditional_logical_z,0.1426873948187504
curve,cutoff12_high,12,high,autonomous,58,406.0,fidelity,0.20871883084937776
curve,cutoff12_high,12,high,autonomous,58,406.0,code_survival,0.3646072813222476
curve,cutoff12_high,12,high,autonomous,58,406.0,logical_z_signal,0.052021607541313554
curve,cutoff12_high,12,high,autonomous,58,406.0,conditional_logical_z,0.14267846586238567
curve,cutoff12_high,12,high,autonomous,59,413.0,fidelity,0.20871752756154985
curve,cutoff12_high,12,high,autonomous,59,413.0,code_survival,0.3646073480081411
curve,cutoff12_high,12,high,autonomous,59,413.0,logical_z_signal,0.05201891178986589
curve,cutoff12_high,12,high,autonomous,59,413.0,conditional_logical_z,0.14267104619269602
curve,cutoff12_high,12,high,autonomous,60,420.0,fidelity,0.20871644581403148
curve,cutoff12_high,12,high,autonomous,60,420.0,code_survival,0.3646074046839866
curve,cutoff12_high,12,high,autonomous,60,420.0,logical_z_signal,0.052016673160360356
curve,cutoff12_high,12,high,autonomous,60,420.0,conditional_logical_z,0.14266488417986017
curve,cutoff12_high,12,high,autonomous,61,427.0,fidelity,0.2087155485037777
curve,cutoff12_high,12,high,autonomous,61,427.0,code_survival,0.36460745287631835
curve,cutoff12_high,12,high,autonomous,61,427.0,logical_z_signal,0.05201481522468071
curve,cutoff12_high,12,high,autonomous,61,427.0,conditional_logical_z,0.14265976960796
curve,cutoff12_high,12,high,autonomous,62,434.0,fidelity,0.20871480465825568
curve,cutoff12_high,12,high,autonomous,62,434.0,code_survival,0.3646074938748426
curve,cutoff12_high,12,high,autonomous,62,434.0,logical_z_signal,0.05201327416872055
curve,cutoff12_high,12,high,autonomous,62,434.0,conditional_logical_z,0.1426555269502358
curve,cutoff12_high,12,high,autonomous,63,441.0,fidelity,0.20871418843354747
curve,cutoff12_high,12,high,autonomous,63,441.0,code_survival,0.3646075287686556
curve,cutoff12_high,12,high,autonomous,63,441.0,logical_z_signal,0.052011996733553806
curve,cutoff12_high,12,high,autonomous,63,441.0,conditional_logical_z,0.1426520097081033
curve,cutoff12_high,12,high,autonomous,64,448.0,fidelity,0.20871367827744577
curve,cutoff12_high,12,high,autonomous,64,448.0,code_survival,0.36460755847915055
curve,cutoff12_high,12,high,autonomous,64,448.0,logical_z_signal,0.05201093849283486
curve,cutoff12_high,12,high,autonomous,64,448.0,conditional_logical_z,0.14264909567366804
curve,cutoff12_high,12,high,autonomous,65,455.0,fidelity,0.208713256225219
curve,cutoff12_high,12,high,autonomous,65,455.0,code_survival,0.36460758378581526
curve,cutoff12_high,12,high,autonomous,65,455.0,logical_z_signal,0.05201006240518185
curve,cutoff12_high,12,high,autonomous,65,455.0,conditional_logical_z,0.14264668294923508
curve,cutoff12_high,12,high,autonomous,66,462.0,fidelity,0.20871290731096517
curve,cutoff12_high,12,high,autonomous,66,462.0,code_survival,0.3646076053490159
curve,cutoff12_high,12,high,autonomous,66,462.0,logical_z_signal,0.052009337602867536
curve,cutoff12_high,12,high,autonomous,66,462.0,conditional_logical_z,0.1426446866161288
curve,cutoff12_high,12,high,autonomous,67,469.0,fidelity,0.20871261907334387
curve,cutoff12_high,12,high,autonomous,67,469.0,code_survival,0.3646076237283223
curve,cutoff12_high,12,high,autonomous,67,469.0,logical_z_signal,0.052008738375528954
curve,cutoff12_high,12,high,autonomous,67,469.0,conditional_logical_z,0.1426430359401423
curve,cutoff12_high,12,high,autonomous,68,476.0,fidelity,0.2087123811424017
curve,cutoff12_high,12,high,autonomous,68,476.0,code_survival,0.3646076393984175
curve,cutoff12_high,12,high,autonomous,68,476.0,logical_z_signal,0.05200824331999514
curve,cutoff12_high,12,high,autonomous,68,476.0,conditional_logical_z,0.14264167203354783
curve,cutoff12_high,12,high,autonomous,69,483.0,fidelity,0.208712184893238
curve,cutoff12_high,12,high,autonomous,69,483.0,code_survival,0.3646076527621143
curve,cutoff12_high,12,high,autonomous,69,483.0,logical_z_signal,0.052007834627972926
curve,cutoff12_high,12,high,autonomous,69,483.0,conditional_logical_z,0.14264054589634484
curve,cutoff12_high,12,high,autonomous,70,490.0,fidelity,0.2087120231565785
curve,cutoff12_high,12,high,autonomous,70,490.0,code_survival,0.36460766416154167
curve,cutoff12_high,12,high,autonomous,70,490.0,logical_z_signal,0.052007497490456266
curve,cutoff12_high,12,high,autonomous,70,490.0,conditional_logical_z,0.14263961677836268
curve,cutoff12_high,12,high,autonomous,71,497.0,fidelity,0.2087118899765231
curve,cutoff12_high,12,high,autonomous,71,497.0,code_survival,0.364607673887402
curve,cutoff12_high,12,high,autonomous,71,497.0,logical_z_signal,0.05200721959932232
curve,cutoff12_high,12,high,autonomous,71,497.0,conditional_logical_z,0.1426388508086727
curve,cutoff12_high,12,high,autonomous,72,504.0,fidelity,0.20871178040821067
curve,cutoff12_high,12,high,autonomous,72,504.0,code_survival,0.36460768218688233
curve,cutoff12_high,12,high,autonomous,72,504.0,logical_z_signal,0.052006990730872574
curve,cutoff12_high,12,high,autonomous,72,504.0,conditional_logical_z,0.14263821985027736
curve,cutoff12_high,12,high,autonomous,73,511.0,fidelity,0.20871169034868015
curve,cutoff12_high,12,high,autonomous,73,511.0,code_survival,0.3646076892702521
curve,cutoff12_high,12,high,autonomous,73,511.0,logical_z_signal,0.05200680239772109
curve,cutoff12_high,12,high,autonomous,73,511.0,conditional_logical_z,0.14263770054276873
curve,cutoff12_high,12,high,autonomous,74,518.0,fidelity,0.20871161639570462
curve,cutoff12_high,12,high,autonomous,74,518.0,code_survival,0.36460769531648535
curve,cutoff12_high,12,high,autonomous,74,518.0,logical_z_signal,0.052006647558143104
curve,cutoff12_high,12,high,autonomous,74,518.0,conditional_logical_z,0.1426372735029646
curve,cutoff12_high,12,high,autonomous,75,525.0,fidelity,0.20871155572992764
curve,cutoff12_high,12,high,autonomous,75,525.0,code_survival,0.3646077004779774
curve,cutoff12_high,12,high,autonomous,75,525.0,logical_z_signal,0.052006520373387405
curve,cutoff12_high,12,high,autonomous,75,525.0,conditional_logical_z,0.14263692265744848
curve,cutoff12_high,12,high,autonomous,76,532.0,fidelity,0.2087115060165748
curve,cutoff12_high,12,high,autonomous,76,532.0,code_survival,0.3646077048845551
curve,cutoff12_high,12,high,autonomous,76,532.0,logical_z_signal,0.05200641600521943
curve,cutoff12_high,12,high,autonomous,76,532.0,conditional_logical_z,0.1426366346857264
curve,cutoff12_high,12,high,autonomous,77,539.0,fidelity,0.20871146532348553
curve,cutoff12_high,12,high,autonomous,77,539.0,code_survival,0.3646077086468585
curve,cutoff12_high,12,high,autonomous,77,539.0,logical_z_signal,0.052006330447054806
curve,cutoff12_high,12,high,autonomous,77,539.0,conditional_logical_z,0.14263639855575747
curve,cutoff12_high,12,high,autonomous,78,546.0,fidelity,0.20871143205282253
curve,cutoff12_high,12,high,autonomous,78,546.0,code_survival,0.36460771185921426
curve,cutoff12_high,12,high,autonomous,78,546.0,logical_z_signal,0.052006260383216346
curve,cutoff12_high,12,high,autonomous,78,546.0,conditional_logical_z,0.142636205136817
curve,cutoff12_high,12,high,autonomous,79,553.0,fidelity,0.20871140488418544
curve,cutoff12_high,12,high,autonomous,79,553.0,code_survival,0.364607714602065
curve,cutoff12_high,12,high,autonomous,79,553.0,logical_z_signal,0.052006203071667374
curve,cutoff12_high,12,high,autonomous,79,553.0,conditional_logical_z,0.14263604687692155
curve,cutoff12_high,12,high,autonomous,80,560.0,fidelity,0.20871138272726542
curve,cutoff12_high,12,high,autonomous,80,560.0,code_survival,0.36460771694403576
curve,cutoff12_high,12,high,autonomous,80,560.0,logical_z_signal,0.052006156246372004
curve,cutoff12_high,12,high,autonomous,80,560.0,conditional_logical_z,0.14263591753422628
curve,cutoff12_high,12,high,autonomous,81,567.0,fidelity,0.20871136468245136
curve,cutoff12_high,12,high,autonomous,81,567.0,code_survival,0.3646077189436843
curve,cutoff12_high,12,high,autonomous,81,567.0,logical_z_signal,0.05200611803602873
curve,cutoff12_high,12,high,autonomous,81,567.0,conditional_logical_z,0.14263581195345282
curve,cutoff12_high,12,high,autonomous,82,574.0,fidelity,0.2087113500080796
curve,cutoff12_high,12,high,autonomous,82,574.0,code_survival,0.36460772065099095
curve,cutoff12_high,12,high,autonomous,82,574.0,logical_z_signal,0.052006086896478454
curve,cutoff12_high,12,high,autonomous,82,574.0,conditional_logical_z,0.14263572587992346
curve,cutoff12_high,12,high,autonomous,83,581.0,fidelity,0.20871133809321551
curve,cutoff12_high,12,high,autonomous,83,581.0,code_survival,0.3646077221086235
curve,cutoff12_high,12,high,autonomous,83,581.0,logical_z_signal,0.05200606155450775
curve,cutoff12_high,12,high,autonomous,83,581.0,conditional_logical_z,0.14263565580493703
curve,cutoff12_high,12,high,autonomous,84,588.0,fidelity,0.2087113284350518
curve,cutoff12_high,12,high,autonomous,84,588.0,code_survival,0.364607723353014
curve,cutoff12_high,12,high,autonomous,84,588.0,logical_z_signal,0.05200604096116083
curve,cutoff12_high,12,high,autonomous,84,588.0,conditional_logical_z,0.14263559883729743
curve,cutoff12_high,12,high,autonomous,85,595.0,fidelity,0.20871132062014763
curve,cutoff12_high,12,high,autonomous,85,595.0,code_survival,0.36460772441527506
curve,cutoff12_high,12,high,autonomous,85,595.0,logical_z_signal,0.05200602425296712
curve,cutoff12_high,12,high,autonomous,85,595.0,conditional_logical_z,0.14263555259661512
curve,cutoff12_high,12,high,autonomous,86,602.0,fidelity,0.20871131430886836
curve,cutoff12_high,12,high,autonomous,86,602.0,code_survival,0.36460772532198
curve,cutoff12_high,12,high,autonomous,86,602.0,logical_z_signal,0.052006010719765954
curve,cutoff12_high,12,high,autonomous,86,602.0,conditional_logical_z,0.14263551512475545
curve,cutoff12_high,12,high,autonomous,87,609.0,fidelity,0.20871130922248682
curve,cutoff12_high,12,high,autonomous,87,609.0,code_survival,0.3646077260958269
curve,cutoff12_high,12,high,autonomous,87,609.0,logical_z_signal,0.05200599977802038
curve,cutoff12_high,12,high,autonomous,87,609.0,conditional_logical_z,0.14263548481238728
curve,cutoff12_high,12,high,autonomous,88,616.0,fidelity,0.20871130513249872
curve,cutoff12_high,12,high,autonomous,88,616.0,code_survival,0.36460772675620656
curve,cutoff12_high,12,high,autonomous,88,616.0,logical_z_signal,0.05200599094869702
curve,cutoff12_high,12,high,autonomous,88,616.0,conditional_logical_z,0.14263546033809263
curve,cutoff12_high,12,high,autonomous,89,623.0,fidelity,0.20871130185177686
curve,cutoff12_high,12,high,autonomous,89,623.0,code_survival,0.36460772731968405
curve,cutoff12_high,12,high,autonomous,89,623.0,logical_z_signal,0.05200598383894326
curve,cutoff12_high,12,high,autonomous,89,623.0,conditional_logical_z,0.14263544061792466
curve,cutoff12_high,12,high,autonomous,90,630.0,fidelity,0.20871129922725506
curve,cutoff12_high,12,high,autonomous,90,630.0,code_survival,0.3646077278004121
curve,cutoff12_high,12,high,autonomous,90,630.0,logical_z_signal,0.05200597812691984
curve,cutoff12_high,12,high,autonomous,90,630.0,conditional_logical_z,0.14263542476364666
curve,cutoff12_high,12,high,autonomous,91,637.0,fidelity,0.20871129713387912
curve,cutoff12_high,12,high,autonomous,91,637.0,code_survival,0.3646077282104818
curve,cutoff12_high,12,high,autonomous,91,637.0,logical_z_signal,0.052005973549253806
curve,cutoff12_high,12,high,autonomous,91,637.0,conditional_logical_z,0.1426354120481825
curve,cutoff12_high,12,high,autonomous,92,644.0,fidelity,0.20871129546961112
curve,cutoff12_high,12,high,autonomous,92,644.0,code_survival,0.3646077285602236
curve,cutoff12_high,12,high,autonomous,92,644.0,logical_z_signal,0.05200596989066611
curve,cutoff12_high,12,high,autonomous,92,644.0,conditional_logical_z,0.1426354018770507
curve,cutoff12_high,12,high,autonomous,93,651.0,fidelity,0.20871129415130535
curve,cutoff12_high,12,high,autonomous,93,651.0,code_survival,0.364607728858463
curve,cutoff12_high,12,high,autonomous,93,651.0,logical_z_signal,0.05200596697540307
curve,cutoff12_high,12,high,autonomous,93,651.0,conditional_logical_z,0.14263539376476372
curve,cutoff12_high,12,high,autonomous,94,658.0,fidelity,0.20871129311130793
curve,cutoff12_high,12,high,autonomous,94,658.0,code_survival,0.36460772911273975
curve,cutoff12_high,12,high,autonomous,94,658.0,logical_z_signal,0.05200596466016528
curve,cutoff12_high,12,high,autonomous,94,658.0,conditional_logical_z,0.14263538731534844
curve,cutoff12_high,12,high,autonomous,95,665.0,fidelity,0.20871129229465404
curve,cutoff12_high,12,high,autonomous,95,665.0,code_survival,0.3646077293294945
curve,cutoff12_high,12,high,autonomous,95,665.0,logical_z_signal,0.05200596282827289
curve,cutoff12_high,12,high,autonomous,95,665.0,conditional_logical_z,0.14263538220627056
curve,cutoff12_high,12,high,autonomous,96,672.0,fidelity,0.2087112916567609
curve,cutoff12_high,12,high,autonomous,96,672.0,code_survival,0.3646077295142293
curve,cutoff12_high,12,high,autonomous,96,672.0,logical_z_signal,0.05200596138485876
curve,cutoff12_high,12,high,autonomous,96,672.0,conditional_logical_z,0.142635378175188
curve,cutoff12_high,12,high,autonomous,97,679.0,fidelity,0.20871129116152964
curve,cutoff12_high,12,high,autonomous,97,679.0,code_survival,0.3646077296716431
curve,cutoff12_high,12,high,autonomous,97,679.0,logical_z_signal,0.05200596025290968
curve,cutoff12_high,12,high,autonomous,97,679.0,conditional_logical_z,0.1426353750090405
curve,cutoff12_high,12,high,autonomous,98,686.0,fidelity,0.20871129077978595
curve,cutoff12_high,12,high,autonomous,98,686.0,code_survival,0.36460772980574974
curve,cutoff12_high,12,high,autonomous,98,686.0,logical_z_signal,0.05200595937000914
curve,cutoff12_high,12,high,autonomous,98,686.0,conditional_logical_z,0.14263537253506967
curve,cutoff12_high,12,high,autonomous,99,693.0,fidelity,0.20871129048799905
curve,cutoff12_high,12,high,autonomous,99,693.0,code_survival,0.36460772991997586
curve,cutoff12_high,12,high,autonomous,99,693.0,logical_z_signal,0.0520059586856604
curve,cutoff12_high,12,high,autonomous,99,693.0,conditional_logical_z,0.14263537061343892
curve,cutoff12_high,12,high,autonomous,100,700.0,fidelity,0.2087112902672318
curve,cutoff12_high,12,high,autonomous,100,700.0,code_survival,0.36460773001724794
curve,cutoff12_high,12,high,autonomous,100,700.0,logical_z_signal,0.052005958159087325
curve,cutoff12_high,12,high,autonomous,100,700.0,conditional_logical_z,0.14263536913116778
event_accounting,cutoff12_high,12,high,autonomous,,700.0,full_cycles,100
event_accounting,cutoff12_high,12,high,autonomous,,700.0,half_cycles,200
event_accounting,cutoff12_high,12,high,autonomous,,700.0,total_physical_time_us,700.0
event_accounting,cutoff12_high,12,high,autonomous,,700.0,measurement_events,0
event_accounting,cutoff12_high,12,high,autonomous,,700.0,reset_events,200
event_accounting,cutoff12_high,12,high,autonomous,,700.0,active_gate_applications,1800
event_accounting,cutoff12_high,12,high,autonomous,,700.0,qubit_rotations,800
event_accounting,cutoff12_high,12,high,autonomous,,700.0,echoed_conditional_displacements,600
event_accounting,cutoff12_high,12,high,autonomous,,700.0,fixed_cavity_displacements,200
event_accounting,cutoff12_high,12,high,autonomous,,700.0,virtual_rotations,200
event_accounting,cutoff12_high,12,high,autonomous,,700.0,cycles_per_100us,14.285714285714286
event_accounting,cutoff12_high,12,high,autonomous,,700.0,measurements_per_100us,0.0
event_accounting,cutoff12_high,12,high,autonomous,,700.0,resets_per_100us,28.571428571428573
event_accounting,cutoff12_high,12,high,autonomous,,700.0,active_gates_per_100us,257.14285714285717
event_accounting,cutoff12_high,12,high,autonomous,,700.0,outcome_dependent_parameter_updates,0
comparison,cutoff12_high,12,high,paired,,700.0,autonomous_minus_measurement_final_fidelity,0.0054266368265555864
comparison,cutoff12_high,12,high,paired,,700.0,autonomous_minus_measurement_final_logical_z,0.005639011771602524
comparison,cutoff12_high,12,high,paired,,700.0,autonomous_to_measurement_logical_lifetime_us_ratio,0.9422708036154208
comparison,cutoff12_high,12,high,paired,,700.0,autonomous_to_measurement_logical_lifetime_protocol_cycle_ratio,1.3461011480220295
comparison,cutoff12_high,12,high,paired,,700.0,autonomous_to_measurement_reset_rate_ratio,1.4285714285714286
comparison,cutoff12_high,12,high,paired,,700.0,autonomous_to_measurement_active_gate_rate_ratio,1.4285714285714286
comparison,cutoff12_high,12,high,paired,,700.0,measurement_events_avoided_at_common_horizon,140.0
comparison,cutoff12_high,12,high,paired,,700.0,additional_autonomous_resets_at_common_horizon,60.0
comparison,cutoff12_high,12,high,paired,,700.0,additional_autonomous_active_gates_at_common_horizon,540.0
curve,cutoff12_medium,12,medium,measurement_feedback,0,0.0,fidelity,1.0
curve,cutoff12_medium,12,medium,measurement_feedback,0,0.0,code_survival,1.0
curve,cutoff12_medium,12,medium,measurement_feedback,0,0.0,logical_z_signal,0.9997719696551096
curve,cutoff12_medium,12,medium,measurement_feedback,0,0.0,conditional_logical_z,0.9997719696551096
curve,cutoff12_medium,12,medium,measurement_feedback,1,10.0,fidelity,0.4233233605031859
curve,cutoff12_medium,12,medium,measurement_feedback,1,10.0,code_survival,0.4280290125682567
curve,cutoff12_medium,12,medium,measurement_feedback,1,10.0,logical_z_signal,0.41892174541551347
curve,cutoff12_medium,12,medium,measurement_feedback,1,10.0,conditional_logical_z,0.9787227807337221
curve,cutoff12_medium,12,medium,measurement_feedback,2,20.0,fidelity,0.41343316638674643
curve,cutoff12_medium,12,medium,measurement_feedback,2,20.0,code_survival,0.4291285068240524
curve,cutoff12_medium,12,medium,measurement_feedback,2,20.0,logical_z_signal,0.3979677084949544
curve,cutoff12_medium,12,medium,measurement_feedback,2,20.0,conditional_logical_z,0.9273858580038955
curve,cutoff12_medium,12,medium,measurement_feedback,3,30.0,fidelity,0.3507514127496437
curve,cutoff12_medium,12,medium,measurement_feedback,3,30.0,code_survival,0.38446678811261664
curve,cutoff12_medium,12,medium,measurement_feedback,3,30.0,logical_z_signal,0.31724427738976835
curve,cutoff12_medium,12,medium,measurement_feedback,3,30.0,conditional_logical_z,0.8251539201790358
curve,cutoff12_medium,12,medium,measurement_feedback,4,40.0,fidelity,0.33049158086667
curve,cutoff12_medium,12,medium,measurement_feedback,4,40.0,code_survival,0.38109718230138845
curve,cutoff12_medium,12,medium,measurement_feedback,4,40.0,logical_z_signal,0.2800181303906902
curve,cutoff12_medium,12,medium,measurement_feedback,4,40.0,conditional_logical_z,0.7347683042411988
curve,cutoff12_medium,12,medium,measurement_feedback,5,50.0,fidelity,0.3053971537063684
curve,cutoff12_medium,12,medium,measurement_feedback,5,50.0,code_survival,0.3709448376436096
curve,cutoff12_medium,12,medium,measurement_feedback,5,50.0,logical_z_signal,0.23993511726795713
curve,cutoff12_medium,12,medium,measurement_feedback,5,50.0,conditional_logical_z,0.646821556520698
curve,cutoff12_medium,12,medium,measurement_feedback,6,60.0,fidelity,0.29145887172584706
curve,cutoff12_medium,12,medium,measurement_feedback,6,60.0,code_survival,0.370419241337758
curve,cutoff12_medium,12,medium,measurement_feedback,6,60.0,logical_z_signal,0.21246880412597613
curve,cutoff12_medium,12,medium,measurement_feedback,6,60.0,conditional_logical_z,0.5735900850038227
curve,cutoff12_medium,12,medium,measurement_feedback,7,70.0,fidelity,0.2780656320162803
curve,cutoff12_medium,12,medium,measurement_feedback,7,70.0,code_survival,0.36823338530070426
curve,cutoff12_medium,12,medium,measurement_feedback,7,70.0,logical_z_signal,0.18780342522070273
curve,cutoff12_medium,12,medium,measurement_feedback,7,70.0,conditional_logical_z,0.5100119454604584
curve,cutoff12_medium,12,medium,measurement_feedback,8,80.0,fidelity,0.2683599055972106
curve,cutoff12_medium,12,medium,measurement_feedback,8,80.0,code_survival,0.3684994890706828
curve,cutoff12_medium,12,medium,measurement_feedback,8,80.0,logical_z_signal,0.16802450131585206
curve,cutoff12_medium,12,medium,measurement_feedback,8,80.0,conditional_logical_z,0.4559694281791063
curve,cutoff12_medium,12,medium,measurement_feedback,9,90.0,fidelity,0.2597539375662533
curve,cutoff12_medium,12,medium,measurement_feedback,9,90.0,code_survival,0.36817807705671945
curve,cutoff12_medium,12,medium,measurement_feedback,9,90.0,logical_z_signal,0.1510696932889489
curve,cutoff12_medium,12,medium,measurement_feedback,9,90.0,conditional_logical_z,0.41031691646777746
curve,cutoff12_medium,12,medium,measurement_feedback,10,100.0,fidelity,0.25285847519025195
curve,cutoff12_medium,12,medium,measurement_feedback,10,100.0,code_survival,0.3685812130282212
curve,cutoff12_medium,12,medium,measurement_feedback,10,100.0,logical_z_signal,0.13679490638560082
curve,cutoff12_medium,12,medium,measurement_feedback,10,100.0,conditional_logical_z,0.37113911819245876
curve,cutoff12_medium,12,medium,measurement_feedback,11,110.0,fidelity,0.24686681672596808
curve,cutoff12_medium,12,medium,measurement_feedback,11,110.0,code_survival,0.3686815997905004
curve,cutoff12_medium,12,medium,measurement_feedback,11,110.0,logical_z_signal,0.12465377352823813
curve,cutoff12_medium,12,medium,measurement_feedback,11,110.0,conditional_logical_z,0.33810684774903704
curve,cutoff12_medium,12,medium,measurement_feedback,12,120.0,fidelity,0.24188919798632155
curve,cutoff12_medium,12,medium,measurement_feedback,12,120.0,code_survival,0.3690148892264032
curve,cutoff12_medium,12,medium,measurement_feedback,12,120.0,logical_z_signal,0.11430257131981805
curve,cutoff12_medium,12,medium,measurement_feedback,12,120.0,conditional_logical_z,0.3097505674078358
curve,cutoff12_medium,12,medium,measurement_feedback,13,130.0,fidelity,0.23759597334582355
curve,cutoff12_medium,12,medium,measurement_feedback,13,130.0,code_survival,0.3691807965033116
curve,cutoff12_medium,12,medium,measurement_feedback,13,130.0,logical_z_signal,0.1055019155122162
curve,cutoff12_medium,12,medium,measurement_feedback,13,130.0,conditional_logical_z,0.2857730318355544
curve,cutoff12_medium,12,medium,measurement_feedback,14,140.0,fidelity,0.2339803127540233
curve,cutoff12_medium,12,medium,measurement_feedback,14,140.0,code_survival,0.369419131792553
curve,cutoff12_medium,12,medium,measurement_feedback,14,140.0,logical_z_signal,0.09798403993370891
curve,cutoff12_medium,12,medium,measurement_feedback,14,140.0,conditional_logical_z,0.2652381306248421
curve,cutoff12_medium,12,medium,measurement_feedback,15,150.0,fidelity,0.23087499001785922
curve,cutoff12_medium,12,medium,measurement_feedback,15,150.0,code_survival,0.36956437105340567
curve,cutoff12_medium,12,medium,measurement_feedback,15,150.0,logical_z_signal,0.09158911249179033
curve,cutoff12_medium,12,medium,measurement_feedback,15,150.0,conditional_logical_z,0.24782993076612034
curve,cutoff12_medium,12,medium,measurement_feedback,16,160.0,fidelity,0.2282456567957049
curve,cutoff12_medium,12,medium,measurement_feedback,16,160.0,code_survival,0.3697270933436873
curve,cutoff12_medium,12,medium,measurement_feedback,16,160.0,logical_z_signal,0.08613085105864161
curve,cutoff12_medium,12,medium,measurement_feedback,16,160.0,conditional_logical_z,0.23295791033246496
curve,cutoff12_medium,12,medium,measurement_feedback,17,170.0,fidelity,0.22599435669023266
curve,cutoff12_medium,12,medium,measurement_feedback,17,170.0,code_survival,0.3698374863171092
curve,cutoff12_medium,12,medium,measurement_feedback,17,170.0,logical_z_signal,0.08148713304757516
curve,cutoff12_medium,12,medium,measurement_feedback,17,170.0,conditional_logical_z,0.22033227042243567
curve,cutoff12_medium,12,medium,measurement_feedback,18,180.0,fidelity,0.22408418474518702
curve,cutoff12_medium,12,medium,measurement_feedback,18,180.0,code_survival,0.3699472027987614
curve,cutoff12_medium,12,medium,measurement_feedback,18,180.0,logical_z_signal,0.07752904549827899
curve,cutoff12_medium,12,medium,measurement_feedback,18,180.0,conditional_logical_z,0.20956786512169448
curve,cutoff12_medium,12,medium,measurement_feedback,19,190.0,fidelity,0.22245260728822572
curve,cutoff12_medium,12,medium,measurement_feedback,19,190.0,code_survival,0.3700268658215216
curve,cutoff12_medium,12,medium,measurement_feedback,19,190.0,logical_z_signal,0.07416250327823555
curve,cutoff12_medium,12,medium,measurement_feedback,19,190.0,conditional_logical_z,0.2004246451499741
curve,cutoff12_medium,12,medium,measurement_feedback,20,200.0,fidelity,0.22106740013572432
curve,cutoff12_medium,12,medium,measurement_feedback,20,200.0,code_survival,0.37010086061180125
curve,cutoff12_medium,12,medium,measurement_feedback,20,200.0,logical_z_signal,0.07129692606431036
curve,cutoff12_medium,12,medium,measurement_feedback,20,200.0,conditional_logical_z,0.19264188131433094
curve,cutoff12_medium,12,medium,measurement_feedback,21,210.0,fidelity,0.2198865864172651
curve,cutoff12_medium,12,medium,measurement_feedback,21,210.0,code_survival,0.37015708906332023
curve,cutoff12_medium,12,medium,measurement_feedback,21,210.0,logical_z_signal,0.06886100968120885
curve,cutoff12_medium,12,medium,measurement_feedback,21,210.0,conditional_logical_z,0.18603185435529854
curve,cutoff12_medium,12,medium,measurement_feedback,22,220.0,fidelity,0.2188841747481688
curve,cutoff12_medium,12,medium,measurement_feedback,22,220.0,code_survival,0.3702072284283062
curve,cutoff12_medium,12,medium,measurement_feedback,22,220.0,logical_z_signal,0.06679016466297624
curve,cutoff12_medium,12,medium,measurement_feedback,22,220.0,conditional_logical_z,0.18041291345533716
curve,cutoff12_medium,12,medium,measurement_feedback,23,230.0,fidelity,0.2180311333687327
curve,cutoff12_medium,12,medium,measurement_feedback,23,230.0,code_survival,0.3702465307857846
curve,cutoff12_medium,12,medium,measurement_feedback,23,230.0,logical_z_signal,0.06503118422881697
curve,cutoff12_medium,12,medium,measurement_feedback,23,230.0,conditional_logical_z,0.17564292659488115
curve,cutoff12_medium,12,medium,measurement_feedback,24,240.0,fidelity,0.2173073252625118
curve,cutoff12_medium,12,medium,measurement_feedback,24,240.0,code_survival,0.37028070699305055
curve,cutoff12_medium,12,medium,measurement_feedback,24,240.0,logical_z_signal,0.06353755441106056
curve,cutoff12_medium,12,medium,measurement_feedback,24,240.0,conditional_logical_z,0.1715929380362046
curve,cutoff12_medium,12,medium,measurement_feedback,25,250.0,fidelity,0.2166923057287937
curve,cutoff12_medium,12,medium,measurement_feedback,25,250.0,code_survival,0.3703080743346918
curve,cutoff12_medium,12,medium,measurement_feedback,25,250.0,logical_z_signal,0.06227000905020879
curve,cutoff12_medium,12,medium,measurement_feedback,25,250.0,conditional_logical_z,0.16815730837650575
curve,cutoff12_medium,12,medium,measurement_feedback,26,260.0,fidelity,0.2161708353161216
curve,cutoff12_medium,12,medium,measurement_feedback,26,260.0,code_survival,0.3703315092481148
curve,cutoff12_medium,12,medium,measurement_feedback,26,260.0,logical_z_signal,0.06119486841838866
curve,cutoff12_medium,12,medium,measurement_feedback,26,260.0,conditional_logical_z,0.1652434829070656
curve,cutoff12_medium,12,medium,measurement_feedback,27,270.0,fidelity,0.2157283585327722
curve,cutoff12_medium,12,medium,measurement_feedback,27,270.0,code_survival,0.3703505557745179
curve,cutoff12_medium,12,medium,measurement_feedback,27,270.0,logical_z_signal,0.060283368092609375
curve,cutoff12_medium,12,medium,measurement_feedback,27,270.0,conditional_logical_z,0.16277380215222884
curve,cutoff12_medium,12,medium,measurement_feedback,28,280.0,fidelity,0.21535351257338448
curve,cutoff12_medium,12,medium,measurement_feedback,28,280.0,code_survival,0.37036671846508246
curve,cutoff12_medium,12,medium,measurement_feedback,28,280.0,logical_z_signal,0.059511065158478316
curve,cutoff12_medium,12,medium,measurement_feedback,28,280.0,conditional_logical_z,0.1606814602702724
curve,cutoff12_medium,12,medium,measurement_feedback,29,290.0,fidelity,0.21503586814465275
curve,cutoff12_medium,12,medium,measurement_feedback,29,290.0,code_survival,0.3703799936914563
curve,cutoff12_medium,12,medium,measurement_feedback,29,290.0,logical_z_signal,0.05885699317313852
curve,cutoff12_medium,12,medium,measurement_feedback,29,290.0,conditional_logical_z,0.15890975262062648
curve,cutoff12_medium,12,medium,measurement_feedback,30,300.0,fidelity,0.2147670374555993
curve,cutoff12_medium,12,medium,measurement_feedback,30,300.0,code_survival,0.3703912038578496
curve,cutoff12_medium,12,medium,measurement_feedback,30,300.0,logical_z_signal,0.058303407278985434
curve,cutoff12_medium,12,medium,measurement_feedback,30,300.0,conditional_logical_z,0.15741034525582678
curve,cutoff12_medium,12,medium,measurement_feedback,31,310.0,fidelity,0.21453952156755138
curve,cutoff12_medium,12,medium,measurement_feedback,31,310.0,code_survival,0.3704004828898193
curve,cutoff12_medium,12,medium,measurement_feedback,31,310.0,logical_z_signal,0.0578350789573251
curve,cutoff12_medium,12,medium,measurement_feedback,31,310.0,conditional_logical_z,0.15614201824496254
curve,cutoff12_medium,12,medium,measurement_feedback,32,320.0,fidelity,0.21434717285404337
curve,cutoff12_medium,12,medium,measurement_feedback,32,320.0,code_survival,0.370408301763518
curve,cutoff12_medium,12,medium,measurement_feedback,32,320.0,logical_z_signal,0.05743913715605207
curve,cutoff12_medium,12,medium,measurement_feedback,32,320.0,conditional_logical_z,0.15506978888589618
curve,cutoff12_medium,12,medium,measurement_feedback,33,330.0,fidelity,0.21418459085739353
curve,cutoff12_medium,12,medium,measurement_feedback,33,330.0,code_survival,0.3704148123889556
curve,cutoff12_medium,12,medium,measurement_feedback,33,330.0,logical_z_signal,0.05710455093532539
curve,cutoff12_medium,12,medium,measurement_feedback,33,330.0,conditional_logical_z,0.15416378888045792
curve,cutoff12_medium,12,medium,measurement_feedback,34,340.0,fidelity,0.2140472939561983
curve,cutoff12_medium,12,medium,measurement_feedback,34,340.0,code_survival,0.3704202968433714
curve,cutoff12_medium,12,medium,measurement_feedback,34,340.0,logical_z_signal,0.05682199876058034
curve,cutoff12_medium,12,medium,measurement_feedback,34,340.0,conditional_logical_z,0.15339871827975712
curve,cutoff12_medium,12,medium,measurement_feedback,35,350.0,fidelity,0.21393139174556033
curve,cutoff12_medium,12,medium,measurement_feedback,35,350.0,code_survival,0.3704248857895779
curve,cutoff12_medium,12,medium,measurement_feedback,35,350.0,logical_z_signal,0.05658350844239108
curve,cutoff12_medium,12,medium,measurement_feedback,35,350.0,conditional_logical_z,0.1527529888327581
curve,cutoff12_medium,12,medium,measurement_feedback,36,360.0,fidelity,0.21383363100684993
curve,cutoff12_medium,12,medium,measurement_feedback,36,360.0,code_survival,0.37042875497711714
curve,cutoff12_medium,12,medium,measurement_feedback,36,360.0,logical_z_signal,0.05638234191221664
curve,cutoff12_medium,12,medium,measurement_feedback,36,360.0,conditional_logical_z,0.15220832927967376
curve,cutoff12_medium,12,medium,measurement_feedback,37,370.0,fidelity,0.21375121068567624
curve,cutoff12_medium,12,medium,measurement_feedback,37,370.0,code_survival,0.37043200581794167
curve,cutoff12_medium,12,medium,measurement_feedback,37,370.0,logical_z_signal,0.05621274953474446
curve,cutoff12_medium,12,medium,measurement_feedback,37,370.0,conditional_logical_z,0.15174917029812932
curve,cutoff12_medium,12,medium,measurement_feedback,38,380.0,fidelity,0.21368177764948243
curve,cutoff12_medium,12,medium,measurement_feedback,38,380.0,code_survival,0.3704347514299308
curve,cutoff12_medium,12,medium,measurement_feedback,38,380.0,logical_z_signal,0.05606987086705908
curve,cutoff12_medium,12,medium,measurement_feedback,38,380.0,conditional_logical_z,0.15136234019789288
curve,cutoff12_medium,12,medium,measurement_feedback,39,390.0,fidelity,0.21362331743860616
curve,cutoff12_medium,12,medium,measurement_feedback,39,390.0,code_survival,0.3704370667815309
curve,cutoff12_medium,12,medium,measurement_feedback,39,390.0,logical_z_signal,0.055949567531056586
curve,cutoff12_medium,12,medium,measurement_feedback,39,390.0,conditional_logical_z,0.15103663361003078
curve,cutoff12_medium,12,medium,measurement_feedback,40,400.0,fidelity,0.21357413327172967
curve,cutoff12_medium,12,medium,measurement_feedback,40,400.0,code_survival,0.37043902655845856
curve,cutoff12_medium,12,medium,measurement_feedback,40,400.0,logical_z_signal,0.05584834115538742
curve,cutoff12_medium,12,medium,measurement_feedback,40,400.0,conditional_logical_z,0.1507625740037249
curve,cutoff12_medium,12,medium,measurement_feedback,41,410.0,fidelity,0.21353277860569006
curve,cutoff12_medium,12,medium,measurement_feedback,41,410.0,code_survival,0.3704406848215206
curve,cutoff12_medium,12,medium,measurement_feedback,41,410.0,logical_z_signal,0.055763219082501154
curve,cutoff12_medium,12,medium,measurement_feedback,41,410.0,conditional_logical_z,0.15053211314887843
curve,cutoff12_medium,12,medium,measurement_feedback,42,420.0,fidelity,0.21349803341496226
curve,cutoff12_medium,12,medium,measurement_feedback,42,420.0,code_survival,0.370442091856149
curve,cutoff12_medium,12,medium,measurement_feedback,42,420.0,logical_z_signal,0.05569168895503724
curve,cutoff12_medium,12,medium,measurement_feedback,42,420.0,conditional_logical_z,0.15033844743718697
curve,cutoff12_medium,12,medium,measurement_feedback,43,430.0,fidelity,0.21346886084950198
curve,cutoff12_medium,12,medium,measurement_feedback,43,430.0,code_survival,0.37044328616821665
curve,cutoff12_medium,12,medium,measurement_feedback,43,430.0,logical_z_signal,0.05563161986353053
curve,cutoff12_medium,12,medium,measurement_feedback,43,430.0,conditional_logical_z,0.15017580812159317
curve,cutoff12_medium,12,medium,measurement_feedback,44,440.0,fidelity,0.21344438603987634
curve,cutoff12_medium,12,medium,measurement_feedback,44,440.0,code_survival,0.37044430212963714
curve,cutoff12_medium,12,medium,measurement_feedback,44,440.0,logical_z_signal,0.05558121167364608
curve,cutoff12_medium,12,medium,measurement_feedback,44,440.0,conditional_logical_z,0.15003932130718917
curve,cutoff12_medium,12,medium,measurement_feedback,45,450.0,fidelity,0.2134238672996057
curve,cutoff12_medium,12,medium,measurement_feedback,45,450.0,code_survival,0.37044516702658425
curve,cutoff12_medium,12,medium,measurement_feedback,45,450.0,logical_z_signal,0.05553894011518296
curve,cutoff12_medium,12,medium,measurement_feedback,45,450.0,conditional_logical_z,0.1499248608396538
curve,cutoff12_medium,12,medium,measurement_feedback,46,460.0,fidelity,0.21340667890493872
curve,cutoff12_medium,12,medium,measurement_feedback,46,460.0,code_survival,0.37044590463672383
curve,cutoff12_medium,12,medium,measurement_feedback,46,460.0,logical_z_signal,0.05550351836392644
curve,cutoff12_medium,12,medium,measurement_feedback,46,460.0,conditional_logical_z,0.14982894309050526
curve,cutoff12_medium,12,medium,measurement_feedback,47,470.0,fidelity,0.21339229146972225
curve,cutoff12_medium,12,medium,measurement_feedback,47,470.0,code_survival,0.37044653428154173
curve,cutoff12_medium,12,medium,measurement_feedback,47,470.0,logical_z_signal,0.05547385848719334
curve,cutoff12_medium,12,medium,measurement_feedback,47,470.0,conditional_logical_z,0.14974862322516116
curve,cutoff12_medium,12,medium,measurement_feedback,48,480.0,fidelity,0.21338025862201854
curve,cutoff12_medium,12,medium,measurement_feedback,48,480.0,code_survival,0.3704470725740459
curve,cutoff12_medium,12,medium,measurement_feedback,48,480.0,logical_z_signal,0.05544904277812059
curve,cutoff12_medium,12,medium,measurement_feedback,48,480.0,conditional_logical_z,0.1496814170856683
curve,cutoff12_medium,12,medium,measurement_feedback,49,490.0,fidelity,0.21337020338739615
curve,cutoff12_medium,12,medium,measurement_feedback,49,490.0,code_survival,0.37044753322367374
curve,cutoff12_medium,12,medium,measurement_feedback,49,490.0,logical_z_signal,0.05542829651118648
curve,cutoff12_medium,12,medium,measurement_feedback,49,490.0,conditional_logical_z,0.14962522770456468
curve,cutoff12_medium,12,medium,measurement_feedback,50,500.0,fidelity,0.21336180816767758
curve,cutoff12_medium,12,medium,measurement_feedback,50,500.0,code_survival,0.3704479279381853
curve,cutoff12_medium,12,medium,measurement_feedback,50,500.0,logical_z_signal,0.05541096680567342
curve,cutoff12_medium,12,medium,measurement_feedback,50,500.0,conditional_logical_z,0.14957828786916458
curve,cutoff12_medium,12,medium,measurement_feedback,51,510.0,fidelity,0.21335480517982525
curve,cutoff12_medium,12,medium,measurement_feedback,51,510.0,code_survival,0.37044826648168905
curve,cutoff12_medium,12,medium,measurement_feedback,51,510.0,logical_z_signal,0.05539650328639892
curve,cutoff12_medium,12,medium,measurement_feedback,51,510.0,conditional_logical_z,0.14953910788279293
curve,cutoff12_medium,12,medium,measurement_feedback,52,520.0,fidelity,0.2133489690496801
curve,cutoff12_medium,12,medium,measurement_feedback,52,520.0,code_survival,0.37044855716958586
curve,cutoff12_medium,12,medium,measurement_feedback,52,520.0,logical_z_signal,0.05538444263715662
curve,cutoff12_medium,12,medium,measurement_feedback,52,520.0,conditional_logical_z,0.14950643366064573
curve,cutoff12_medium,12,medium,measurement_feedback,53,530.0,fidelity,0.21334411004897108
curve,cutoff12_medium,12,medium,measurement_feedback,53,530.0,code_survival,0.3704488069895879
curve,cutoff12_medium,12,medium,measurement_feedback,53,530.0,logical_z_signal,0.05537439483462165
curve,cutoff12_medium,12,medium,measurement_feedback,53,530.0,conditional_logical_z,0.14947920951511676
curve,cutoff12_medium,12,medium,measurement_feedback,54,540.0,fidelity,0.2133400686846897
curve,cutoff12_medium,12,medium,measurement_feedback,54,540.0,code_survival,0.3704490218904782
curve,cutoff12_medium,12,medium,measurement_feedback,54,540.0,logical_z_signal,0.055366031936875816
curve,cutoff12_medium,12,medium,measurement_feedback,54,540.0,conditional_logical_z,0.14945654777094963
curve,cutoff12_medium,12,medium,measurement_feedback,55,550.0,fidelity,0.21333671089571732
curve,cutoff12_medium,12,medium,measurement_feedback,55,550.0,code_survival,0.3704492069000207
curve,cutoff12_medium,12,medium,measurement_feedback,55,550.0,logical_z_signal,0.055359078271005495
curve,cutoff12_medium,12,medium,measurement_feedback,55,550.0,conditional_logical_z,0.14943770222714006
curve,cutoff12_medium,12,medium,measurement_feedback,56,560.0,fidelity,0.2133339241318393
curve,cutoff12_medium,12,medium,measurement_feedback,56,560.0,code_survival,0.3704493663028391
curve,cutoff12_medium,12,medium,measurement_feedback,56,560.0,logical_z_signal,0.055353302339223094
curve,cutoff12_medium,12,medium,measurement_feedback,56,560.0,conditional_logical_z,0.14942204623444344
curve,cutoff12_medium,12,medium,measurement_feedback,57,570.0,fidelity,0.21333161393589878
curve,cutoff12_medium,12,medium,measurement_feedback,57,570.0,code_survival,0.37044950373682045
curve,cutoff12_medium,12,medium,measurement_feedback,57,570.0,logical_z_signal,0.05534850982278201
curve,cutoff12_medium,12,medium,measurement_feedback,57,570.0,conditional_logical_z,0.14940905376972355
curve,cutoff12_medium,12,medium,measurement_feedback,58,580.0,fidelity,0.21332970111917096
curve,cutoff12_medium,12,medium,measurement_feedback,58,580.0,code_survival,0.3704496223076252
curve,cutoff12_medium,12,medium,measurement_feedback,58,580.0,logical_z_signal,0.05534453776439116
curve,cutoff12_medium,12,medium,measurement_feedback,58,580.0,conditional_logical_z,0.14939828368466385
curve,cutoff12_medium,12,medium,measurement_feedback,59,590.0,fidelity,0.21332811932862802
curve,cutoff12_medium,12,medium,measurement_feedback,59,590.0,code_survival,0.3704497246621852
curve,cutoff12_medium,12,medium,measurement_feedback,59,590.0,logical_z_signal,0.05534124958293083
curve,cutoff12_medium,12,medium,measurement_feedback,59,590.0,conditional_logical_z,0.14938936621803883
curve,cutoff12_medium,12,medium,measurement_feedback,60,600.0,fidelity,0.21332681302158876
curve,cutoff12_medium,12,medium,measurement_feedback,60,600.0,code_survival,0.3704498130649381
curve,cutoff12_medium,12,medium,measurement_feedback,60,600.0,logical_z_signal,0.055338530907582346
curve,cutoff12_medium,12,medium,measurement_feedback,60,600.0,conditional_logical_z,0.14938199171902877
curve,cutoff12_medium,12,medium,measurement_feedback,61,610.0,fidelity,0.21332573573539892
curve,cutoff12_medium,12,medium,measurement_feedback,61,610.0,code_survival,0.37044988945211205
curve,cutoff12_medium,12,medium,measurement_feedback,61,610.0,logical_z_signal,0.05533628602958639
curve,cutoff12_medium,12,medium,measurement_feedback,61,610.0,conditional_logical_z,0.1493759010467722
curve,cutoff12_medium,12,medium,measurement_feedback,62,620.0,fidelity,0.21332484864083856
curve,cutoff12_medium,12,medium,measurement_feedback,62,620.0,code_survival,0.3704499554837608
curve,cutoff12_medium,12,medium,measurement_feedback,62,620.0,logical_z_signal,0.05533443492902073
curve,cutoff12_medium,12,medium,measurement_feedback,62,620.0,conditional_logical_z,0.1493708775231487
curve,cutoff12_medium,12,medium,measurement_feedback,63,630.0,fidelity,0.21332411931314607
curve,cutoff12_medium,12,medium,measurement_feedback,63,630.0,code_survival,0.3704500125832959
curve,cutoff12_medium,12,medium,measurement_feedback,63,630.0,logical_z_signal,0.055332910753485905
curve,cutoff12_medium,12,medium,measurement_feedback,63,630.0,conditional_logical_z,0.14936674011056827
curve,cutoff12_medium,12,medium,measurement_feedback,64,640.0,fidelity,0.21332352070236177
curve,cutoff12_medium,12,medium,measurement_feedback,64,640.0,code_survival,0.37045006197367286
curve,cutoff12_medium,12,medium,measurement_feedback,64,640.0,logical_z_signal,0.05533165770259021
curve,cutoff12_medium,12,medium,measurement_feedback,64,640.0,conditional_logical_z,0.14936333768658544
curve,cutoff12_medium,12,medium,measurement_feedback,65,650.0,fidelity,0.21332303026209576
curve,cutoff12_medium,12,medium,measurement_feedback,65,650.0,code_survival,0.3704501047060363
curve,cutoff12_medium,12,medium,measurement_feedback,65,650.0,logical_z_signal,0.05533062923989138
curve,cutoff12_medium,12,medium,measurement_feedback,65,650.0,conditional_logical_z,0.14936054420553602
curve,cutoff12_medium,12,medium,measurement_feedback,66,660.0,fidelity,0.2133226292189921
curve,cutoff12_medium,12,medium,measurement_feedback,66,660.0,code_survival,0.370450141685248
curve,cutoff12_medium,12,medium,measurement_feedback,66,660.0,logical_z_signal,0.0553297865920786
curve,cutoff12_medium,12,medium,measurement_feedback,66,660.0,conditional_logical_z,0.14935825463683966
curve,cutoff12_medium,12,medium,measurement_feedback,67,670.0,fidelity,0.2133223019564999
curve,cutoff12_medium,12,medium,measurement_feedback,67,670.0,code_survival,0.3704501736906432
curve,cutoff12_medium,12,medium,measurement_feedback,67,670.0,logical_z_signal,0.05532909748377329
curve,cutoff12_medium,12,medium,measurement_feedback,67,670.0,conditional_logical_z,0.1493563815412804
curve,cutoff12_medium,12,medium,measurement_feedback,68,680.0,fidelity,0.21332203549817338
curve,cutoff12_medium,12,medium,measurement_feedback,68,680.0,code_survival,0.3704502013942465
curve,cutoff12_medium,12,medium,measurement_feedback,68,680.0,logical_z_signal,0.05532853507587913
curve,cutoff12_medium,12,medium,measurement_feedback,68,680.0,conditional_logical_z,0.14935485219778974
curve,cutoff12_medium,12,medium,measurement_feedback,69,690.0,fidelity,0.21332181907291503
curve,cutoff12_medium,12,medium,measurement_feedback,69,690.0,code_survival,0.37045022537585265
curve,cutoff12_medium,12,medium,measurement_feedback,69,690.0,logical_z_signal,0.055328077072563875
curve,cutoff12_medium,12,medium,measurement_feedback,69,690.0,conditional_logical_z,0.1493536061867122
curve,cutoff12_medium,12,medium,measurement_feedback,70,700.0,fidelity,0.21332164375065518
curve,cutoff12_medium,12,medium,measurement_feedback,70,700.0,code_survival,0.37045024613614996
curve,cutoff12_medium,12,medium,measurement_feedback,70,700.0,logical_z_signal,0.055327704972460076
curve,cutoff12_medium,12,medium,measurement_feedback,70,700.0,conditional_logical_z,0.14935259336317386
event_accounting,cutoff12_medium,12,medium,measurement_feedback,,700.0,full_cycles,70
event_accounting,cutoff12_medium,12,medium,measurement_feedback,,700.0,half_cycles,140
event_accounting,cutoff12_medium,12,medium,measurement_feedback,,700.0,total_physical_time_us,700.0
event_accounting,cutoff12_medium,12,medium,measurement_feedback,,700.0,measurement_events,140
event_accounting,cutoff12_medium,12,medium,measurement_feedback,,700.0,reset_events,140
event_accounting,cutoff12_medium,12,medium,measurement_feedback,,700.0,active_gate_applications,1260
event_accounting,cutoff12_medium,12,medium,measurement_feedback,,700.0,qubit_rotations,560
event_accounting,cutoff12_medium,12,medium,measurement_feedback,,700.0,echoed_conditional_displacements,420
event_accounting,cutoff12_medium,12,medium,measurement_feedback,,700.0,fixed_cavity_displacements,140
event_accounting,cutoff12_medium,12,medium,measurement_feedback,,700.0,virtual_rotations,140
event_accounting,cutoff12_medium,12,medium,measurement_feedback,,700.0,cycles_per_100us,10.0
event_accounting,cutoff12_medium,12,medium,measurement_feedback,,700.0,measurements_per_100us,20.0
event_accounting,cutoff12_medium,12,medium,measurement_feedback,,700.0,resets_per_100us,20.0
event_accounting,cutoff12_medium,12,medium,measurement_feedback,,700.0,active_gates_per_100us,180.0
event_accounting,cutoff12_medium,12,medium,measurement_feedback,,700.0,outcome_dependent_parameter_updates,0
curve,cutoff12_medium,12,medium,autonomous,0,0.0,fidelity,1.0
curve,cutoff12_medium,12,medium,autonomous,0,0.0,code_survival,1.0
curve,cutoff12_medium,12,medium,autonomous,0,0.0,logical_z_signal,0.9997719696551096
curve,cutoff12_medium,12,medium,autonomous,0,0.0,conditional_logical_z,0.9997719696551096
curve,cutoff12_medium,12,medium,autonomous,1,7.0,fidelity,0.4262667469561132
curve,cutoff12_medium,12,medium,autonomous,1,7.0,code_survival,0.4308411524231424
curve,cutoff12_medium,12,medium,autonomous,1,7.0,logical_z_signal,0.42201738705845054
curve,cutoff12_medium,12,medium,autonomous,1,7.0,conditional_logical_z,0.9795196783894362
curve,cutoff12_medium,12,medium,autonomous,2,14.0,fidelity,0.4183730344438776
curve,cutoff12_medium,12,medium,autonomous,2,14.0,code_survival,0.4338964883231419
curve,cutoff12_medium,12,medium,autonomous,2,14.0,logical_z_signal,0.4030853798782142
curve,cutoff12_medium,12,medium,autonomous,2,14.0,conditional_logical_z,0.9289897261810025
curve,cutoff12_medium,12,medium,autonomous,3,21.0,fidelity,0.35606806484566267
curve,cutoff12_medium,12,medium,autonomous,3,21.0,code_survival,0.38927683458038476
curve,cutoff12_medium,12,medium,autonomous,3,21.0,logical_z_signal,0.32307667140749313
curve,cutoff12_medium,12,medium,autonomous,3,21.0,conditional_logical_z,0.8299406558721864
curve,cutoff12_medium,12,medium,autonomous,4,28.0,fidelity,0.33592185046785134
curve,cutoff12_medium,12,medium,autonomous,4,28.0,code_survival,0.3856299255452312
curve,cutoff12_medium,12,medium,autonomous,4,28.0,logical_z_signal,0.2863554401699595
curve,cutoff12_medium,12,medium,autonomous,4,28.0,conditional_logical_z,0.7425654006625386
curve,cutoff12_medium,12,medium,autonomous,5,35.0,fidelity,0.3106075896220427
curve,cutoff12_medium,12,medium,autonomous,5,35.0,code_survival,0.3750681844498186
curve,cutoff12_medium,12,medium,autonomous,5,35.0,logical_z_signal,0.24624796304718025
curve,cutoff12_medium,12,medium,autonomous,5,35.0,conditional_logical_z,0.6565418589379884
curve,cutoff12_medium,12,medium,autonomous,6,42.0,fidelity,0.296561474632494
curve,cutoff12_medium,12,medium,autonomous,6,42.0,code_survival,0.3743582053616498
curve,cutoff12_medium,12,medium,autonomous,6,42.0,logical_z_signal,0.21874749296721327
curve,cutoff12_medium,12,medium,autonomous,6,42.0,conditional_logical_z,0.5843266952193331
curve,cutoff12_medium,12,medium,autonomous,7,49.0,fidelity,0.2830039986687508
curve,cutoff12_medium,12,medium,autonomous,7,49.0,code_survival,0.3719152735034264
curve,cutoff12_medium,12,medium,autonomous,7,49.0,logical_z_signal,0.19401267864482527
curve,cutoff12_medium,12,medium,autonomous,7,49.0,conditional_logical_z,0.5216582712972068
curve,cutoff12_medium,12,medium,autonomous,8,56.0,fidelity,0.2731958556030636
curve,cutoff12_medium,12,medium,autonomous,8,56.0,code_survival,0.37211829418425774
curve,cutoff12_medium,12,medium,autonomous,8,56.0,logical_z_signal,0.1740879904746527
curve,cutoff12_medium,12,medium,autonomous,8,56.0,conditional_logical_z,0.4678297014563102
curve,cutoff12_medium,12,medium,autonomous,9,63.0,fidelity,0.2644701226427086
curve,cutoff12_medium,12,medium,autonomous,9,63.0,code_survival,0.37166900752008253
curve,cutoff12_medium,12,medium,autonomous,9,63.0,logical_z_signal,0.15702105402262215
curve,cutoff12_medium,12,medium,autonomous,9,63.0,conditional_logical_z,0.42247551139743006
curve,cutoff12_medium,12,medium,autonomous,10,70.0,fidelity,0.2574799714922517
curve,cutoff12_medium,12,medium,autonomous,10,70.0,code_survival,0.3720596285219809
curve,cutoff12_medium,12,medium,autonomous,10,70.0,logical_z_signal,0.14256533835042523
curve,cutoff12_medium,12,medium,autonomous,10,70.0,conditional_logical_z,0.3831787364750396
curve,cutoff12_medium,12,medium,autonomous,11,77.0,fidelity,0.2513781697934173
curve,cutoff12_medium,12,medium,autonomous,11,77.0,code_survival,0.3720994312648456
curve,cutoff12_medium,12,medium,autonomous,11,77.0,logical_z_signal,0.13026257913770195
curve,cutoff12_medium,12,medium,autonomous,11,77.0,conditional_logical_z,0.3500746526134468
curve,cutoff12_medium,12,medium,autonomous,12,84.0,fidelity,0.24630145796079048
curve,cutoff12_medium,12,medium,autonomous,12,84.0,code_survival,0.3724320300642298
curve,cutoff12_medium,12,medium,autonomous,12,84.0,logical_z_signal,0.11971004266628767
curve,cutoff12_medium,12,medium,autonomous,12,84.0,conditional_logical_z,0.32142789288462226
curve,cutoff12_medium,12,medium,autonomous,13,91.0,fidelity,0.24190017615064724
curve,cutoff12_medium,12,medium,autonomous,13,91.0,code_survival,0.37256939713853743
curve,cutoff12_medium,12,medium,autonomous,13,91.0,logical_z_signal,0.11071918036733036
curve,cutoff12_medium,12,medium,autonomous,13,91.0,conditional_logical_z,0.29717733452530504
curve,cutoff12_medium,12,medium,autonomous,14,98.0,fidelity,0.23818349914388967
curve,cutoff12_medium,12,medium,autonomous,14,98.0,code_survival,0.37280783009499324
curve,cutoff12_medium,12,medium,autonomous,14,98.0,logical_z_signal,0.10299565416129067
curve,cutoff12_medium,12,medium,autonomous,14,98.0,conditional_logical_z,0.2762700937237474
curve,cutoff12_medium,12,medium,autonomous,15,105.0,fidelity,0.2349748603252578
curve,cutoff12_medium,12,medium,autonomous,15,105.0,code_survival,0.37293906809432925
curve,cutoff12_medium,12,medium,autonomous,15,105.0,logical_z_signal,0.09640527334613948
curve,cutoff12_medium,12,medium,autonomous,15,105.0,conditional_logical_z,0.2585014057088683
curve,cutoff12_medium,12,medium,autonomous,16,112.0,fidelity,0.23224866687378695
curve,cutoff12_medium,12,medium,autonomous,16,112.0,code_survival,0.3731008403938137
curve,cutoff12_medium,12,medium,autonomous,16,112.0,logical_z_signal,0.09075109455891424
curve,cutoff12_medium,12,medium,autonomous,16,112.0,conditional_logical_z,0.2432347631892897
curve,cutoff12_medium,12,medium,autonomous,17,119.0,fidelity,0.22990265089474018
curve,cutoff12_medium,12,medium,autonomous,17,119.0,code_survival,0.37320367178395947
curve,cutoff12_medium,12,medium,autonomous,17,119.0,logical_z_signal,0.08592280219611596
curve,cutoff12_medium,12,medium,autonomous,17,119.0,conditional_logical_z,0.23023032379449643
curve,cutoff12_medium,12,medium,autonomous,18,126.0,fidelity,0.22790437464673832
curve,cutoff12_medium,12,medium,autonomous,18,126.0,code_survival,0.37331166449202013
curve,cutoff12_medium,12,medium,autonomous,18,126.0,logical_z_signal,0.08178748499400329
curve,cutoff12_medium,12,medium,autonomous,18,126.0,conditional_logical_z,0.2190863366278542
curve,cutoff12_medium,12,medium,autonomous,19,133.0,fidelity,0.22618919081099512
curve,cutoff12_medium,12,medium,autonomous,19,133.0,code_survival,0.37338668323339724
curve,cutoff12_medium,12,medium,autonomous,19,133.0,logical_z_signal,0.07825594435089402
curve,cutoff12_medium,12,medium,autonomous,19,133.0,conditional_logical_z,0.20958418675573828
curve,cutoff12_medium,12,medium,autonomous,20,140.0,fidelity,0.224726992901463
curve,cutoff12_medium,12,medium,autonomous,20,140.0,code_survival,0.3734586708412972
curve,cutoff12_medium,12,medium,autonomous,20,140.0,logical_z_signal,0.07523605213733751
curve,cutoff12_medium,12,medium,autonomous,20,140.0,conditional_logical_z,0.20145750523840264
curve,cutoff12_medium,12,medium,autonomous,21,147.0,fidelity,0.22347461348846848
curve,cutoff12_medium,12,medium,autonomous,21,147.0,code_survival,0.37351169631664716
curve,cutoff12_medium,12,medium,autonomous,21,147.0,logical_z_signal,0.072658112079023
curve,cutoff12_medium,12,medium,autonomous,21,147.0,conditional_logical_z,0.19452700623711278
curve,cutoff12_medium,12,medium,autonomous,22,154.0,fidelity,0.22240693389189853
curve,cutoff12_medium,12,medium,autonomous,22,154.0,code_survival,0.3735598747106864
curve,cutoff12_medium,12,medium,autonomous,22,154.0,logical_z_signal,0.07045673590224395
curve,cutoff12_medium,12,medium,autonomous,22,154.0,conditional_logical_z,0.18860895045757012
curve,cutoff12_medium,12,medium,autonomous,23,161.0,fidelity,0.2214941232854865
curve,cutoff12_medium,12,medium,autonomous,23,161.0,code_survival,0.3735967949804297
curve,cutoff12_medium,12,medium,autonomous,23,161.0,logical_z_signal,0.06857884425180405
curve,cutoff12_medium,12,medium,autonomous,23,161.0,conditional_logical_z,0.1835637916952592
curve,cutoff12_medium,12,medium,autonomous,24,168.0,fidelity,0.22071627378680547
curve,cutoff12_medium,12,medium,autonomous,24,168.0,code_survival,0.3736292211298156
curve,cutoff12_medium,12,medium,autonomous,24,168.0,logical_z_signal,0.06697727556467556
curve,cutoff12_medium,12,medium,autonomous,24,168.0,conditional_logical_z,0.17926134193183096
curve,cutoff12_medium,12,medium,autonomous,25,175.0,fidelity,0.220052324168929
curve,cutoff12_medium,12,medium,autonomous,25,175.0,code_survival,0.3736547500301856
curve,cutoff12_medium,12,medium,autonomous,25,175.0,logical_z_signal,0.06561227087790632
curve,cutoff12_medium,12,medium,autonomous,25,175.0,conditional_logical_z,0.17559597696163595
curve,cutoff12_medium,12,medium,autonomous,26,182.0,fidelity,0.21948694547621012
curve,cutoff12_medium,12,medium,autonomous,26,182.0,code_survival,0.373676704535532
curve,cutoff12_medium,12,medium,autonomous,26,182.0,logical_z_signal,0.06444949615896936
curve,cutoff12_medium,12,medium,autonomous,26,182.0,conditional_logical_z,0.17247394706897234
curve,cutoff12_medium,12,medium,autonomous,27,189.0,fidelity,0.21900506999432112
curve,cutoff12_medium,12,medium,autonomous,27,189.0,code_survival,0.37369431468092934
curve,cutoff12_medium,12,medium,autonomous,27,189.0,logical_z_signal,0.06345947792948467
curve,cutoff12_medium,12,medium,autonomous,27,189.0,conditional_logical_z,0.16981654640282165
curve,cutoff12_medium,12,medium,autonomous,28,196.0,fidelity,0.21859510251687256
curve,cutoff12_medium,12,medium,autonomous,28,196.0,code_survival,0.3737092684009163
curve,cutoff12_medium,12,medium,autonomous,28,196.0,logical_z_signal,0.06261710689955076
curve,cutoff12_medium,12,medium,autonomous,28,196.0,conditional_logical_z,0.16755567012690453
curve,cutoff12_medium,12,medium,autonomous,29,203.0,fidelity,0.2182461772226464
curve,cutoff12_medium,12,medium,autonomous,29,203.0,code_survival,0.37372142254573626
curve,cutoff12_medium,12,medium,autonomous,29,203.0,logical_z_signal,0.061900677202969615
curve,cutoff12_medium,12,medium,autonomous,29,203.0,conditional_logical_z,0.16563320556073868
curve,cutoff12_medium,12,medium,autonomous,30,210.0,fidelity,0.2179496253636238
curve,cutoff12_medium,12,medium,autonomous,30,210.0,code_survival,0.3737316703066673
curve,cutoff12_medium,12,medium,autonomous,30,210.0,logical_z_signal,0.061291798202377755
curve,cutoff12_medium,12,medium,autonomous,30,210.0,conditional_logical_z,0.16399947628758482
curve,cutoff12_medium,12,medium,autonomous,31,217.0,fidelity,0.21769757580100138
curve,cutoff12_medium,12,medium,autonomous,31,217.0,code_survival,0.373740080990116
curve,cutoff12_medium,12,medium,autonomous,31,217.0,logical_z_signal,0.06077455348170279
curve,cutoff12_medium,12,medium,autonomous,31,217.0,conditional_logical_z,0.16261181653489834
curve,cutoff12_medium,12,medium,autonomous,32,224.0,fidelity,0.21748360053930177
curve,cutoff12_medium,12,medium,autonomous,32,224.0,code_survival,0.3737471491197762
curve,cutoff12_medium,12,medium,autonomous,32,224.0,logical_z_signal,0.06033547744660511
curve,cutoff12_medium,12,medium,autonomous,32,224.0,conditional_logical_z,0.16143394695773097
curve,cutoff12_medium,12,medium,autonomous,33,231.0,fidelity,0.21730198491543445
curve,cutoff12_medium,12,medium,autonomous,33,231.0,code_survival,0.3737529943876166
curve,cutoff12_medium,12,medium,autonomous,33,231.0,logical_z_signal,0.05996293480515036
curve,cutoff12_medium,12,medium,autonomous,33,231.0,conditional_logical_z,0.16043466060625916
curve,cutoff12_medium,12,medium,autonomous,34,238.0,fidelity,0.2171479913162933
curve,cutoff12_medium,12,medium,autonomous,34,238.0,code_survival,0.37375790333764625
curve,cutoff12_medium,12,medium,autonomous,34,238.0,logical_z_signal,0.059647079204437195
curve,cutoff12_medium,12,medium,autonomous,34,238.0,conditional_logical_z,0.15958747272443116
curve,cutoff12_medium,12,medium,autonomous,35,245.0,fidelity,0.2170174676530812
curve,cutoff12_medium,12,medium,autonomous,35,245.0,code_survival,0.3737619887741819
curve,cutoff12_medium,12,medium,autonomous,35,245.0,logical_z_signal,0.05937942561016741
curve,cutoff12_medium,12,medium,autonomous,35,245.0,conditional_logical_z,0.15886962129271806
curve,cutoff12_medium,12,medium,autonomous,36,252.0,fidelity,0.21690693872231157
curve,cutoff12_medium,12,medium,autonomous,36,252.0,code_survival,0.3737654238145612
curve,cutoff12_medium,12,medium,autonomous,36,252.0,logical_z_signal,0.05915278772470012
curve,cutoff12_medium,12,medium,autonomous,36,252.0,conditional_logical_z,0.15826179725508263
curve,cutoff12_medium,12,medium,autonomous,37,259.0,fidelity,0.21681338858911017
curve,cutoff12_medium,12,medium,autonomous,37,259.0,code_survival,0.3737682987333514
curve,cutoff12_medium,12,medium,autonomous,37,259.0,logical_z_signal,0.058960991046857716
curve,cutoff12_medium,12,medium,autonomous,37,259.0,conditional_logical_z,0.15774743670522162
curve,cutoff12_medium,12,medium,autonomous,38,266.0,fidelity,0.21673427806081483
curve,cutoff12_medium,12,medium,autonomous,38,266.0,code_survival,0.3737707219026514
curve,cutoff12_medium,12,medium,autonomous,38,266.0,logical_z_signal,0.058798802114486
curve,cutoff12_medium,12,medium,autonomous,38,266.0,conditional_logical_z,0.15731248776034457
curve,cutoff12_medium,12,medium,autonomous,39,273.0,fidelity,0.21666741861421582
curve,cutoff12_medium,12,medium,autonomous,39,273.0,code_survival,0.3737727606193205
curve,cutoff12_medium,12,medium,autonomous,39,273.0,logical_z_signal,0.058661736951373916
curve,cutoff12_medium,12,medium,autonomous,39,273.0,conditional_logical_z,0.15694492250899905
curve,cutoff12_medium,12,medium,autonomous,40,280.0,fidelity,0.216610961281623
curve,cutoff12_medium,12,medium,autonomous,40,280.0,code_survival,0.37377448469190994
curve,cutoff12_medium,12,medium,autonomous,40,280.0,logical_z_signal,0.0585459931192346
curve,cutoff12_medium,12,medium,autonomous,40,280.0,conditional_logical_z,0.1566345363769069
curve,cutoff12_medium,12,medium,autonomous,41,287.0,fidelity,0.21656332029581848
curve,cutoff12_medium,12,medium,autonomous,41,287.0,code_survival,0.373775942546709
curve,cutoff12_medium,12,medium,autonomous,41,287.0,logical_z_signal,0.05844832100198974
curve,cutoff12_medium,12,medium,autonomous,41,287.0,conditional_logical_z,0.15637261350678217
curve,cutoff12_medium,12,medium,autonomous,42,294.0,fidelity,0.2165231534573551
curve,cutoff12_medium,12,medium,autonomous,42,294.0,code_survival,0.37377718016960104
curve,cutoff12_medium,12,medium,autonomous,42,294.0,logical_z_signal,0.05836596454004111
curve,cutoff12_medium,12,medium,autonomous,42,294.0,conditional_logical_z,0.15615176002333156
curve,cutoff12_medium,12,medium,autonomous,43,301.0,fidelity,0.21648931385105588
curve,cutoff12_medium,12,medium,autonomous,43,301.0,code_survival,0.3737782317944316
curve,cutoff12_medium,12,medium,autonomous,43,301.0,logical_z_signal,0.05829657367956158
curve,cutoff12_medium,12,medium,autonomous,43,301.0,conditional_logical_z,0.155965673548435
curve,cutoff12_medium,12,medium,autonomous,44,308.0,fidelity,0.2164608299923919
curve,cutoff12_medium,12,medium,autonomous,44,308.0,code_survival,0.373779128253053
curve,cutoff12_medium,12,medium,autonomous,44,308.0,logical_z_signal,0.05823815571328697
curve,cutoff12_medium,12,medium,autonomous,44,308.0,conditional_logical_z,0.15580900941547232
curve,cutoff12_medium,12,medium,autonomous,45,315.0,fidelity,0.21643687411182205
curve,cutoff12_medium,12,medium,autonomous,45,315.0,code_survival,0.37377989355942276
curve,cutoff12_medium,12,medium,autonomous,45,315.0,logical_z_signal,0.05818901490696004
curve,cutoff12_medium,12,medium,autonomous,45,315.0,conditional_logical_z,0.15567722049690527
curve,cutoff12_medium,12,medium,autonomous,46,322.0,fidelity,0.2164167450410905
curve,cutoff12_medium,12,medium,autonomous,46,322.0,code_survival,0.37378054868509464
curve,cutoff12_medium,12,medium,autonomous,46,322.0,logical_z_signal,0.05814771410709602
curve,cutoff12_medium,12,medium,autonomous,46,322.0,conditional_logical_z,0.1555664528602443
curve,cutoff12_medium,12,medium,autonomous,47,329.0,fidelity,0.2163998467334824
curve,cutoff12_medium,12,medium,autonomous,47,329.0,code_survival,0.37378111044996915
curve,cutoff12_medium,12,medium,autonomous,47,329.0,logical_z_signal,0.058113032575030796
curve,cutoff12_medium,12,medium,autonomous,47,329.0,conditional_logical_z,0.15547343338210043
curve,cutoff12_medium,12,medium,autonomous,48,336.0,fidelity,0.21638567454689492
curve,cutoff12_medium,12,medium,autonomous,48,336.0,code_survival,0.3737815932975229
curve,cutoff12_medium,12,medium,autonomous,48,336.0,logical_z_signal,0.05808393650292957
curve,cutoff12_medium,12,medium,autonomous,48,336.0,conditional_logical_z,0.15539539010069947
curve,cutoff12_medium,12,medium,autonomous,49,343.0,fidelity,0.21637380036284162
curve,cutoff12_medium,12,medium,autonomous,49,343.0,code_survival,0.37378200904029907
curve,cutoff12_medium,12,medium,autonomous,49,343.0,logical_z_signal,0.05805954925535132
curve,cutoff12_medium,12,medium,autonomous,49,343.0,conditional_logical_z,0.15532997268761448
curve,cutoff12_medium,12,medium,autonomous,50,350.0,fidelity,0.21636386201743138
curve,cutoff12_medium,12,medium,autonomous,50,350.0,code_survival,0.3737823677402004
curve,cutoff12_medium,12,medium,autonomous,50,350.0,logical_z_signal,0.0580391291480003
curve,cutoff12_medium,12,medium,autonomous,50,350.0,conditional_logical_z,0.15527519261780892
curve,cutoff12_medium,12,medium,autonomous,51,357.0,fidelity,0.21635555282951002
curve,cutoff12_medium,12,medium,autonomous,51,357.0,code_survival,0.37378267773916063
curve,cutoff12_medium,12,medium,autonomous,51,357.0,logical_z_signal,0.0580220482824142
curve,cutoff12_medium,12,medium,autonomous,51,357.0,conditional_logical_z,0.1552293665221804
curve,cutoff12_medium,12,medium,autonomous,52,364.0,fidelity,0.21634861364657296
curve,cutoff12_medium,12,medium,autonomous,52,364.0,code_survival,0.37378294612417756
curve,cutoff12_medium,12,medium,autonomous,52,364.0,logical_z_signal,0.058007776020587
curve,cutoff12_medium,12,medium,autonomous,52,364.0,conditional_logical_z,0.15519107177595992
curve,cutoff12_medium,12,medium,autonomous,53,371.0,fidelity,0.21634282540140057
curve,cutoff12_medium,12,medium,autonomous,53,371.0,code_survival,0.37378317883056644
curve,cutoff12_medium,12,medium,autonomous,53,371.0,logical_z_signal,0.05799586385270306
curve,cutoff12_medium,12,medium,autonomous,53,371.0,conditional_logical_z,0.15515910596659627
curve,cutoff12_medium,12,medium,autonomous,54,378.0,fidelity,0.21633800321503954
curve,cutoff12_medium,12,medium,autonomous,54,378.0,code_survival,0.3737833809042965
curve,cutoff12_medium,12,medium,autonomous,54,378.0,logical_z_signal,0.05798593322650864
curve,cutoff12_medium,12,medium,autonomous,54,378.0,conditional_logical_z,0.15513245422047098
curve,cutoff12_medium,12,medium,autonomous,55,385.0,fidelity,0.21633399107487844
curve,cutoff12_medium,12,medium,autonomous,55,385.0,code_survival,0.373783556605492
curve,cutoff12_medium,12,medium,autonomous,55,385.0,logical_z_signal,0.05797766469505648
curve,cutoff12_medium,12,medium,autonomous,55,385.0,conditional_logical_z,0.15511026012374515
curve,cutoff12_medium,12,medium,autonomous,56,392.0,fidelity,0.21633065750671196
curve,cutoff12_medium,12,medium,autonomous,56,392.0,code_survival,0.37378370956554763
curve,cutoff12_medium,12,medium,autonomous,56,392.0,logical_z_signal,0.05797078901836887
curve,cutoff12_medium,12,medium,autonomous,56,392.0,conditional_logical_z,0.15509180184911983
curve,cutoff12_medium,12,medium,autonomous,57,399.0,fidelity,0.2163278917583413
curve,cutoff12_medium,12,medium,autonomous,57,399.0,code_survival,0.3737838428711844
curve,cutoff12_medium,12,medium,autonomous,57,399.0,logical_z_signal,0.05796507936973485
curve,cutoff12_medium,12,medium,autonomous,57,399.0,conditional_logical_z,0.1550764712687464
curve,cutoff12_medium,12,medium,autonomous,58,406.0,fidelity,0.21632560064611614
curve,cutoff12_medium,12,medium,autonomous,58,406.0,code_survival,0.373783959163277
curve,cutoff12_medium,12,medium,autonomous,58,406.0,logical_z_signal,0.057960344866676915
curve,cutoff12_medium,12,medium,autonomous,58,406.0,conditional_logical_z,0.15506375660534585
curve,cutoff12_medium,12,medium,autonomous,59,413.0,fidelity,0.2163237058155282
curve,cutoff12_medium,12,medium,autonomous,59,413.0,code_survival,0.37378406069994324
curve,cutoff12_medium,12,medium,autonomous,59,413.0,logical_z_signal,0.05795642497303023
curve,cutoff12_medium,12,medium,autonomous,59,413.0,conditional_logical_z,0.15505322742896466
curve,cutoff12_medium,12,medium,autonomous,60,420.0,fidelity,0.21632214145614434
curve,cutoff12_medium,12,medium,autonomous,60,420.0,code_survival,0.373784149421089
curve,cutoff12_medium,12,medium,autonomous,60,420.0,logical_z_signal,0.05795318481769712
curve,cutoff12_medium,12,medium,autonomous,60,420.0,conditional_logical_z,0.15504452210575034
curve,cutoff12_medium,12,medium,autonomous,61,427.0,fidelity,0.2163208523360339
curve,cutoff12_medium,12,medium,autonomous,61,427.0,code_survival,0.37378422699419833
curve,cutoff12_medium,12,medium,autonomous,61,427.0,logical_z_signal,0.05795051117706021
curve,cutoff12_medium,12,medium,autonomous,61,427.0,conditional_logical_z,0.15503733703016764
curve,cutoff12_medium,12,medium,autonomous,62,434.0,fidelity,0.2163197921533774
curve,cutoff12_medium,12,medium,autonomous,62,434.0,code_survival,0.37378429485769665
curve,cutoff12_medium,12,medium,autonomous,62,434.0,logical_z_signal,0.05794830910083873
curve,cutoff12_medium,12,medium,autonomous,62,434.0,conditional_logical_z,0.15503141757975739
curve,cutoff12_medium,12,medium,autonomous,63,441.0,fidelity,0.2163189221279796
curve,cutoff12_medium,12,medium,autonomous,63,441.0,code_survival,0.3737843542537629
curve,cutoff12_medium,12,medium,autonomous,63,441.0,logical_z_signal,0.057946499032939434
curve,cutoff12_medium,12,medium,autonomous,63,441.0,conditional_logical_z,0.15502655039862756
curve,cutoff12_medium,12,medium,autonomous,64,448.0,fidelity,0.21631820981679714
curve,cutoff12_medium,12,medium,autonomous,64,448.0,code_survival,0.3737844062581036
curve,cutoff12_medium,12,medium,autonomous,64,448.0,logical_z_signal,0.05794501438809681
curve,cutoff12_medium,12,medium,autonomous,64,448.0,conditional_logical_z,0.1550225569016513
curve,cutoff12_medium,12,medium,autonomous,65,455.0,fidelity,0.21631762810661082
curve,cutoff12_medium,12,medium,autonomous,65,455.0,code_survival,0.3737844518034221
curve,cutoff12_medium,12,medium,autonomous,65,455.0,logical_z_signal,0.05794379949264638
curve,cutoff12_medium,12,medium,autonomous,65,455.0,conditional_logical_z,0.15501928775549964
curve,cutoff12_medium,12,medium,autonomous,66,462.0,fidelity,0.21631715436596435
curve,cutoff12_medium,12,medium,autonomous,66,462.0,code_survival,0.3737844917002285
curve,cutoff12_medium,12,medium,autonomous,66,462.0,logical_z_signal,0.057942807849861416
curve,cutoff12_medium,12,medium,autonomous,66,462.0,conditional_logical_z,0.1550166182291238
curve,cutoff12_medium,12,medium,autonomous,67,469.0,fidelity,0.2163167697264758
curve,cutoff12_medium,12,medium,autonomous,67,469.0,code_survival,0.37378452665369766
curve,cutoff12_medium,12,medium,autonomous,67,469.0,logical_z_signal,0.05794200067063397
curve,cutoff12_medium,12,medium,autonomous,67,469.0,conditional_logical_z,0.1550144442557833
curve,cutoff12_medium,12,medium,autonomous,68,476.0,fidelity,0.21631645847774453
curve,cutoff12_medium,12,medium,autonomous,68,476.0,code_survival,0.3737845572784412
curve,cutoff12_medium,12,medium,autonomous,68,476.0,logical_z_signal,0.05794134563584882
curve,cutoff12_medium,12,medium,autonomous,68,476.0,conditional_logical_z,0.15501267911581193
curve,cutoff12_medium,12,medium,autonomous,69,483.0,fidelity,0.21631620755601516
curve,cutoff12_medium,12,medium,autonomous,69,483.0,code_survival,0.3737845841107077
curve,cutoff12_medium,12,medium,autonomous,69,483.0,logical_z_signal,0.05794081585079284
curve,cutoff12_medium,12,medium,autonomous,69,483.0,conditional_logical_z,0.15501125063422064
curve,cutoff12_medium,12,medium,autonomous,70,490.0,fidelity,0.21631600611393917
curve,cutoff12_medium,12,medium,autonomous,70,490.0,code_survival,0.3737846076190176
curve,cutoff12_medium,12,medium,autonomous,70,490.0,logical_z_signal,0.05794038896505726
curve,cutoff12_medium,12,medium,autonomous,70,490.0,conditional_logical_z,0.15501009882170796
curve,cutoff12_medium,12,medium,autonomous,71,497.0,fidelity,0.2163158451578853
curve,cutoff12_medium,12,medium,autonomous,71,497.0,code_survival,0.3737846282130749
curve,cutoff12_medium,12,medium,autonomous,71,497.0,logical_z_signal,0.057940046430680486
curve,cutoff12_medium,12,medium,autonomous,71,497.0,conditional_logical_z,0.15500917388623034
curve,cutoff12_medium,12,medium,autonomous,72,504.0,fidelity,0.21631571724311452
curve,cutoff12_medium,12,medium,autonomous,72,504.0,code_survival,0.3737846462515226
curve,cutoff12_medium,12,medium,autonomous,72,504.0,logical_z_signal,0.0579397728784146
curve,cutoff12_medium,12,medium,autonomous,72,504.0,conditional_logical_z,0.15500843456107738
curve,cutoff12_medium,12,medium,autonomous,73,511.0,fidelity,0.21631561621739043
curve,cutoff12_medium,12,medium,autonomous,73,511.0,code_survival,0.3737846620485172
curve,cutoff12_medium,12,medium,autonomous,73,511.0,logical_z_signal,0.057939555593069465
curve,cutoff12_medium,12,medium,autonomous,73,511.0,conditional_logical_z,0.15500784669850612
curve,cutoff12_medium,12,medium,autonomous,74,518.0,fidelity,0.2163155370058123
curve,cutoff12_medium,12,medium,autonomous,74,518.0,code_survival,0.37378467587945324
curve,cutoff12_medium,12,medium,autonomous,74,518.0,logical_z_signal,0.057939384073032625
curve,cutoff12_medium,12,medium,autonomous,74,518.0,conditional_logical_z,0.15500738208892828
curve,cutoff12_medium,12,medium,autonomous,75,525.0,fidelity,0.21631547543023194
curve,cutoff12_medium,12,medium,autonomous,75,525.0,code_survival,0.37378468798586034
curve,cutoff12_medium,12,medium,autonomous,75,525.0,logical_z_signal,0.05793924966052022
curve,cutoff12_medium,12,medium,autonomous,75,525.0,conditional_logical_z,0.1550070174696722
curve,cutoff12_medium,12,medium,autonomous,76,532.0,fidelity,0.21631542805797063
curve,cutoff12_medium,12,medium,autonomous,76,532.0,code_survival,0.37378469857967306
curve,cutoff12_medium,12,medium,autonomous,76,532.0,logical_z_signal,0.057939145231678285
curve,cutoff12_medium,12,medium,autonomous,76,532.0,conditional_logical_z,0.15500673369412532
curve,cutoff12_medium,12,medium,autonomous,77,539.0,fidelity,0.2163153920751351
curve,cutoff12_medium,12,medium,autonomous,77,539.0,code_survival,0.3737847078469119
curve,cutoff12_medium,12,medium,autonomous,77,539.0,logical_z_signal,0.057939064936992725
curve,cutoff12_medium,12,medium,autonomous,77,539.0,conditional_logical_z,0.15500651503571508
curve,cutoff12_medium,12,medium,autonomous,78,546.0,fidelity,0.2163153651806997
curve,cutoff12_medium,12,medium,autonomous,78,546.0,code_survival,0.37378471595089974
curve,cutoff12_medium,12,medium,autonomous,78,546.0,logical_z_signal,0.05793900398413759
curve,cutoff12_medium,12,medium,autonomous,78,546.0,conditional_logical_z,0.15500634860561938
curve,cutoff12_medium,12,medium,autonomous,79,553.0,fidelity,0.21631534549801779
curve,cutoff12_medium,12,medium,autonomous,79,553.0,code_survival,0.3737847230350498
curve,cutoff12_medium,12,medium,autonomous,79,553.0,logical_z_signal,0.05793895845647629
curve,cutoff12_medium,12,medium,autonomous,79,553.0,conditional_logical_z,0.15500622386603896
curve,cutoff12_medium,12,medium,autonomous,80,560.0,fidelity,0.2163153315010049
curve,cutoff12_medium,12,medium,autonomous,80,560.0,code_survival,0.3737847292253071
curve,cutoff12_medium,12,medium,autonomous,80,560.0,logical_z_signal,0.05793892516156135
curve,cutoff12_medium,12,medium,autonomous,80,560.0,conditional_logical_z,0.15500613222386989
curve,cutoff12_medium,12,medium,autonomous,81,567.0,fidelity,0.21631532195262365
curve,cutoff12_medium,12,medium,autonomous,81,567.0,code_survival,0.37378473463227674
curve,cutoff12_medium,12,medium,autonomous,81,567.0,logical_z_signal,0.05793890150480784
curve,cutoff12_medium,12,medium,autonomous,81,567.0,conditional_logical_z,0.15500606669185454
curve,cutoff12_medium,12,medium,autonomous,82,574.0,fidelity,0.21631531585369573
curve,cutoff12_medium,12,medium,autonomous,82,574.0,code_survival,0.3737847393530879
curve,cutoff12_medium,12,medium,autonomous,82,574.0,logical_z_signal,0.0579388853842984
curve,cutoff12_medium,12,medium,autonomous,82,574.0,conditional_logical_z,0.15500602160637608
curve,cutoff12_medium,12,medium,autonomous,83,581.0,fidelity,0.21631531240036125
curve,cutoff12_medium,12,medium,autonomous,83,581.0,code_survival,0.37378474347302665
curve,cutoff12_medium,12,medium,autonomous,83,581.0,logical_z_signal,0.057938875103293715
curve,cutoff12_medium,12,medium,autonomous,83,581.0,conditional_logical_z,0.1550059923927172
curve,cutoff12_medium,12,medium,autonomous,84,588.0,fidelity,0.21631531094878056
curve,cutoff12_medium,12,medium,autonomous,84,588.0,code_survival,0.3737847470669682
curve,cutoff12_medium,12,medium,autonomous,84,588.0,logical_z_signal,0.057938869297573026
curve,cutoff12_medium,12,medium,autonomous,84,588.0,conditional_logical_z,0.15500597537007726
curve,cutoff12_medium,12,medium,autonomous,85,595.0,fidelity,0.21631531098588674
curve,cutoff12_medium,12,medium,autonomous,85,595.0,code_survival,0.37378475020063445
curve,cutoff12_medium,12,medium,autonomous,85,595.0,logical_z_signal,0.05793886687517556
curve,cutoff12_medium,12,medium,autonomous,85,595.0,conditional_logical_z,0.15500596758983887
curve,cutoff12_medium,12,medium,autonomous,86,602.0,fidelity,0.21631531210519409
curve,cutoff12_medium,12,medium,autonomous,86,602.0,code_survival,0.37378475293169755
curve,cutoff12_medium,12,medium,autonomous,86,602.0,logical_z_signal,0.05793886696650632
curve,cutoff12_medium,12,medium,autonomous,86,602.0,conditional_logical_z,0.15500596670162628
curve,cutoff12_medium,12,medium,autonomous,87,609.0,fidelity,0.21631531398682324
curve,cutoff12_medium,12,medium,autonomous,87,609.0,code_survival,0.37378475531075256
curve,cutoff12_medium,12,medium,autonomous,87,609.0,logical_z_signal,0.057938868883089925
curve,cutoff12_medium,12,medium,autonomous,87,609.0,conditional_logical_z,0.15500597084255463
curve,cutoff12_medium,12,medium,autonomous,88,616.0,fidelity,0.21631531638103815
curve,cutoff12_medium,12,medium,autonomous,88,616.0,code_survival,0.3737847573821712
curve,cutoff12_medium,12,medium,autonomous,88,616.0,logical_z_signal,0.057938872083534244
curve,cutoff12_medium,12,medium,autonomous,88,616.0,conditional_logical_z,0.155005978545817
curve,cutoff12_medium,12,medium,autonomous,89,623.0,fidelity,0.21631531909470503
curve,cutoff12_medium,12,medium,autonomous,89,623.0,code_survival,0.3737847591848533
curve,cutoff12_medium,12,medium,autonomous,89,623.0,logical_z_signal,0.05793887614549516
curve,cutoff12_medium,12,medium,autonomous,89,623.0,conditional_logical_z,0.15500598866536927
curve,cutoff12_medium,12,medium,autonomous,90,630.0,fidelity,0.21631532198017886
curve,cutoff12_medium,12,medium,autonomous,90,630.0,code_survival,0.37378476075288897
curve,cutoff12_medium,12,medium,autonomous,90,630.0,logical_z_signal,0.05793888074263229
curve,cutoff12_medium,12,medium,autonomous,90,630.0,conditional_logical_z,0.1550060003140042
curve,cutoff12_medium,12,medium,autonomous,91,637.0,fidelity,0.2163153249262045
curve,cutoff12_medium,12,medium,autonomous,91,637.0,code_survival,0.3737847621161411
curve,cutoff12_medium,12,medium,autonomous,91,637.0,logical_z_signal,0.0579388856257076
curve,cutoff12_medium,12,medium,autonomous,91,637.0,conditional_logical_z,0.1550060128125422
curve,cutoff12_medium,12,medium,autonomous,92,644.0,fidelity,0.21631532785048396
curve,cutoff12_medium,12,medium,autonomous,92,644.0,code_survival,0.37378476330075855
curve,cutoff12_medium,12,medium,autonomous,92,644.0,logical_z_signal,0.05793889060711784
curve,cutoff12_medium,12,medium,autonomous,92,644.0,conditional_logical_z,0.1550060256482377
curve,cutoff12_medium,12,medium,autonomous,93,651.0,fidelity,0.21631533069362444
curve,cutoff12_medium,12,medium,autonomous,93,651.0,code_survival,0.37378476432962815
curve,cutoff12_medium,12,medium,autonomous,93,651.0,logical_z_signal,0.05793889554827134
curve,cutoff12_medium,12,medium,autonomous,93,651.0,conditional_logical_z,0.15500603844082042
curve,cutoff12_medium,12,medium,autonomous,94,658.0,fidelity,0.2163153334142233
curve,cutoff12_medium,12,medium,autonomous,94,658.0,code_survival,0.37378476522277193
curve,cutoff12_medium,12,medium,autonomous,94,658.0,logical_z_signal,0.05793890034931236
curve,cutoff12_medium,12,medium,autonomous,94,658.0,conditional_logical_z,0.15500605091483963
curve,cutoff12_medium,12,medium,autonomous,95,665.0,fidelity,0.21631533598489147
curve,cutoff12_medium,12,medium,autonomous,95,665.0,code_survival,0.37378476599769805
curve,cutoff12_medium,12,medium,autonomous,95,665.0,logical_z_signal,0.05793890494078414
curve,cutoff12_medium,12,medium,autonomous,95,665.0,conditional_logical_z,0.1550060628772146
curve,cutoff12_medium,12,medium,autonomous,96,672.0,fidelity,0.21631533838904698
curve,cutoff12_medium,12,medium,autonomous,96,672.0,code_survival,0.3737847666697083
curve,cutoff12_medium,12,medium,autonomous,96,672.0,logical_z_signal,0.05793890927688739
curve,cutoff12_medium,12,medium,autonomous,96,672.0,conditional_logical_z,0.1550060741990714
curve,cutoff12_medium,12,medium,autonomous,97,679.0,fidelity,0.21631534061834168
curve,cutoff12_medium,12,medium,autonomous,97,679.0,code_survival,0.37378476725217036
curve,cutoff12_medium,12,medium,autonomous,97,679.0,logical_z_signal,0.05793891333004856
curve,cutoff12_medium,12,medium,autonomous,97,679.0,conditional_logical_z,0.1550060848010979
curve,cutoff12_medium,12,medium,autonomous,98,686.0,fidelity,0.21631534267060468
curve,cutoff12_medium,12,medium,autonomous,98,686.0,code_survival,0.37378476775675545
curve,cutoff12_medium,12,medium,autonomous,98,686.0,logical_z_signal,0.05793891708656313
curve,cutoff12_medium,12,medium,autonomous,98,686.0,conditional_logical_z,0.15500609464179
curve,cutoff12_medium,12,medium,autonomous,99,693.0,fidelity,0.21631534454820844
curve,cutoff12_medium,12,medium,autonomous,99,693.0,code_survival,0.3737847681936496
curve,cutoff12_medium,12,medium,autonomous,99,693.0,logical_z_signal,0.05793892054311749
curve,cutoff12_medium,12,medium,autonomous,99,693.0,conditional_logical_z,0.15500610370805862
curve,cutoff12_medium,12,medium,autonomous,100,700.0,fidelity,0.21631534625677817
curve,cutoff12_medium,12,medium,autonomous,100,700.0,code_survival,0.3737847685717367
curve,cutoff12_medium,12,medium,autonomous,100,700.0,logical_z_signal,0.057938923704027
curve,cutoff12_medium,12,medium,autonomous,100,700.0,conditional_logical_z,0.15500611200776462
event_accounting,cutoff12_medium,12,medium,autonomous,,700.0,full_cycles,100
event_accounting,cutoff12_medium,12,medium,autonomous,,700.0,half_cycles,200
event_accounting,cutoff12_medium,12,medium,autonomous,,700.0,total_physical_time_us,700.0
event_accounting,cutoff12_medium,12,medium,autonomous,,700.0,measurement_events,0
event_accounting,cutoff12_medium,12,medium,autonomous,,700.0,reset_events,200
event_accounting,cutoff12_medium,12,medium,autonomous,,700.0,active_gate_applications,1800
event_accounting,cutoff12_medium,12,medium,autonomous,,700.0,qubit_rotations,800
event_accounting,cutoff12_medium,12,medium,autonomous,,700.0,echoed_conditional_displacements,600
event_accounting,cutoff12_medium,12,medium,autonomous,,700.0,fixed_cavity_displacements,200
event_accounting,cutoff12_medium,12,medium,autonomous,,700.0,virtual_rotations,200
event_accounting,cutoff12_medium,12,medium,autonomous,,700.0,cycles_per_100us,14.285714285714286
event_accounting,cutoff12_medium,12,medium,autonomous,,700.0,measurements_per_100us,0.0
event_accounting,cutoff12_medium,12,medium,autonomous,,700.0,resets_per_100us,28.571428571428573
event_accounting,cutoff12_medium,12,medium,autonomous,,700.0,active_gates_per_100us,257.14285714285717
event_accounting,cutoff12_medium,12,medium,autonomous,,700.0,outcome_dependent_parameter_updates,0
comparison,cutoff12_medium,12,medium,paired,,700.0,autonomous_minus_measurement_final_fidelity,0.0029937025061229916
comparison,cutoff12_medium,12,medium,paired,,700.0,autonomous_minus_measurement_final_logical_z,0.0026112187315669236
comparison,cutoff12_medium,12,medium,paired,,700.0,autonomous_to_measurement_logical_lifetime_us_ratio,0.9051445536122038
comparison,cutoff12_medium,12,medium,paired,,700.0,autonomous_to_measurement_logical_lifetime_protocol_cycle_ratio,1.293063648017434
comparison,cutoff12_medium,12,medium,paired,,700.0,autonomous_to_measurement_reset_rate_ratio,1.4285714285714286
comparison,cutoff12_medium,12,medium,paired,,700.0,autonomous_to_measurement_active_gate_rate_ratio,1.4285714285714286
comparison,cutoff12_medium,12,medium,paired,,700.0,measurement_events_avoided_at_common_horizon,140.0
comparison,cutoff12_medium,12,medium,paired,,700.0,additional_autonomous_resets_at_common_horizon,60.0
comparison,cutoff12_medium,12,medium,paired,,700.0,additional_autonomous_active_gates_at_common_horizon,540.0
curve,cutoff12_low,12,low,measurement_feedback,0,0.0,fidelity,1.0
curve,cutoff12_low,12,low,measurement_feedback,0,0.0,code_survival,1.0
curve,cutoff12_low,12,low,measurement_feedback,0,0.0,logical_z_signal,0.9997719696551096
curve,cutoff12_low,12,low,measurement_feedback,0,0.0,conditional_logical_z,0.9997719696551096
curve,cutoff12_low,12,low,measurement_feedback,1,10.0,fidelity,0.4257819051279207
curve,cutoff12_low,12,low,measurement_feedback,1,10.0,code_survival,0.43038808738764006
curve,cutoff12_low,12,low,measurement_feedback,1,10.0,logical_z_signal,0.4214947496588417
curve,cutoff12_low,12,low,measurement_feedback,1,10.0,conditional_logical_z,0.9793364686676648
curve,cutoff12_low,12,low,measurement_feedback,2,20.0,fidelity,0.41731571052407
curve,cutoff12_low,12,low,measurement_feedback,2,20.0,code_survival,0.4328811135557992
curve,cutoff12_low,12,low,measurement_feedback,2,20.0,logical_z_signal,0.4019860759598091
curve,cutoff12_low,12,low,measurement_feedback,2,20.0,conditional_logical_z,0.9286292780430864
curve,cutoff12_low,12,low,measurement_feedback,3,30.0,fidelity,0.35514659965520284
curve,cutoff12_low,12,low,measurement_feedback,3,30.0,code_survival,0.3885124563226257
curve,cutoff12_low,12,low,measurement_feedback,3,30.0,logical_z_signal,0.3219982482954472
curve,cutoff12_low,12,low,measurement_feedback,3,30.0,conditional_logical_z,0.8287977465207853
curve,cutoff12_low,12,low,measurement_feedback,4,40.0,fidelity,0.3349694875600108
curve,cutoff12_low,12,low,measurement_feedback,4,40.0,code_survival,0.38499422631547775
curve,cutoff12_low,12,low,measurement_feedback,4,40.0,logical_z_signal,0.2850854659566381
curve,cutoff12_low,12,low,measurement_feedback,4,40.0,conditional_logical_z,0.7404928346198861
curve,cutoff12_low,12,low,measurement_feedback,5,50.0,fidelity,0.30976578553576356
curve,cutoff12_low,12,low,measurement_feedback,5,50.0,code_survival,0.37462872233125444
curve,cutoff12_low,12,low,measurement_feedback,5,50.0,logical_z_signal,0.24500085845117647
curve,cutoff12_low,12,low,measurement_feedback,5,50.0,conditional_logical_z,0.6539831140724487
curve,cutoff12_low,12,low,measurement_feedback,6,60.0,fidelity,0.2957580877339326
curve,cutoff12_low,12,low,measurement_feedback,6,60.0,code_survival,0.3740101969592344
curve,cutoff12_low,12,low,measurement_feedback,6,60.0,logical_z_signal,0.21748611883228072
curve,cutoff12_low,12,low,measurement_feedback,6,60.0,conditional_logical_z,0.5814978324133389
curve,cutoff12_low,12,low,measurement_feedback,7,70.0,fidelity,0.28224281704244275
curve,cutoff12_low,12,low,measurement_feedback,7,70.0,code_survival,0.3716745434715694
curve,cutoff12_low,12,low,measurement_feedback,7,70.0,logical_z_signal,0.1927276105925961
curve,cutoff12_low,12,low,measurement_feedback,7,70.0,conditional_logical_z,0.5185386354213373
curve,cutoff12_low,12,low,measurement_feedback,8,80.0,fidelity,0.27245020845674245
curve,cutoff12_low,12,low,measurement_feedback,8,80.0,code_survival,0.37191387761952094
curve,cutoff12_low,12,low,measurement_feedback,8,80.0,logical_z_signal,0.172798649206632
curve,cutoff12_low,12,low,measurement_feedback,8,80.0,conditional_logical_z,0.4646200628829726
curve,cutoff12_low,12,low,measurement_feedback,9,90.0,fidelity,0.2637368622874717
curve,cutoff12_low,12,low,measurement_feedback,9,90.0,code_survival,0.37151675262842787
curve,cutoff12_low,12,low,measurement_feedback,9,90.0,logical_z_signal,0.1557043309155566
curve,cutoff12_low,12,low,measurement_feedback,9,90.0,conditional_logical_z,0.4191044678711545
curve,cutoff12_low,12,low,measurement_feedback,10,100.0,fidelity,0.2567516185998092
curve,cutoff12_low,12,low,measurement_feedback,10,100.0,code_survival,0.3719202775185404
curve,cutoff12_low,12,low,measurement_feedback,10,100.0,logical_z_signal,0.14124662796841353
curve,cutoff12_low,12,low,measurement_feedback,10,100.0,conditional_logical_z,0.3797766255467808
curve,cutoff12_low,12,low,measurement_feedback,11,110.0,fidelity,0.25065683047572085
curve,cutoff12_low,12,low,measurement_feedback,11,110.0,code_survival,0.37198618439004777
curve,cutoff12_low,12,low,measurement_feedback,11,110.0,logical_z_signal,0.12893229286768876
curve,cutoff12_low,12,low,measurement_feedback,11,110.0,conditional_logical_z,0.34660505760207544
curve,cutoff12_low,12,low,measurement_feedback,12,120.0,fidelity,0.24558584348181922
curve,cutoff12_low,12,low,measurement_feedback,12,120.0,code_survival,0.37232484557375833
curve,cutoff12_low,12,low,measurement_feedback,12,120.0,logical_z_signal,0.11838623793199904
curve,cutoff12_low,12,low,measurement_feedback,12,120.0,conditional_logical_z,0.3179649151524229
curve,cutoff12_low,12,low,measurement_feedback,13,130.0,fidelity,0.24119334186859825
curve,cutoff12_low,12,low,measurement_feedback,13,130.0,code_survival,0.37247619568825413
curve,cutoff12_low,12,low,measurement_feedback,13,130.0,logical_z_signal,0.10939971198652326
curve,cutoff12_low,12,low,measurement_feedback,13,130.0,conditional_logical_z,0.2937092712310827
curve,cutoff12_low,12,low,measurement_feedback,14,140.0,fidelity,0.23748568783901824
curve,cutoff12_low,12,low,measurement_feedback,14,140.0,code_survival,0.3727189340881626
curve,cutoff12_low,12,low,measurement_feedback,14,140.0,logical_z_signal,0.10169096918741972
curve,cutoff12_low,12,low,measurement_feedback,14,140.0,conditional_logical_z,0.27283553339247807
curve,cutoff12_low,12,low,measurement_feedback,15,150.0,fidelity,0.23428820457376445
curve,cutoff12_low,12,low,measurement_feedback,15,150.0,code_survival,0.37285841144985266
curve,cutoff12_low,12,low,measurement_feedback,15,150.0,logical_z_signal,0.09511551395065876
curve,cutoff12_low,12,low,measurement_feedback,15,150.0,conditional_logical_z,0.2550982116262416
curve,cutoff12_low,12,low,measurement_feedback,16,160.0,fidelity,0.23157346836778558
curve,cutoff12_low,12,low,measurement_feedback,16,160.0,code_survival,0.37302388899484124
curve,cutoff12_low,12,low,measurement_feedback,16,160.0,logical_z_signal,0.08948151034817238
curve,cutoff12_low,12,low,measurement_feedback,16,160.0,conditional_logical_z,0.2398814472426721
curve,cutoff12_low,12,low,measurement_feedback,17,170.0,fidelity,0.22923996192217788
curve,cutoff12_low,12,low,measurement_feedback,17,170.0,code_survival,0.3731321311965285
curve,cutoff12_low,12,low,measurement_feedback,17,170.0,logical_z_signal,0.08467367447422065
curve,cutoff12_low,12,low,measurement_feedback,17,170.0,conditional_logical_z,0.22692678382506565
curve,cutoff12_low,12,low,measurement_feedback,18,180.0,fidelity,0.2272541813883586
curve,cutoff12_low,12,low,measurement_feedback,18,180.0,code_survival,0.37324339569365417
curve,cutoff12_low,12,low,measurement_feedback,18,180.0,logical_z_signal,0.08056094863874393
curve,cutoff12_low,12,low,measurement_feedback,18,180.0,conditional_logical_z,0.21584025214706193
curve,cutoff12_low,12,low,measurement_feedback,19,190.0,fidelity,0.2255517496735024
curve,cutoff12_low,12,low,measurement_feedback,19,190.0,code_survival,0.37332230605242334
curve,cutoff12_low,12,low,measurement_feedback,19,190.0,logical_z_signal,0.07705180830694117
curve,cutoff12_low,12,low,measurement_feedback,19,190.0,conditional_logical_z,0.20639486861018494
curve,cutoff12_low,12,low,measurement_feedback,20,200.0,fidelity,0.2241019703899093
curve,cutoff12_low,12,low,measurement_feedback,20,200.0,code_survival,0.3733971230168859
curve,cutoff12_low,12,low,measurement_feedback,20,200.0,logical_z_signal,0.07405469262820881
curve,cutoff12_low,12,low,measurement_feedback,20,200.0,conditional_logical_z,0.19832689665597633
curve,cutoff12_low,12,low,measurement_feedback,21,210.0,fidelity,0.22286176847421887
curve,cutoff12_low,12,low,measurement_feedback,21,210.0,code_survival,0.3734531132757707
curve,cutoff12_low,12,low,measurement_feedback,21,210.0,logical_z_signal,0.07149884418336683
curve,cutoff12_low,12,low,measurement_feedback,21,210.0,conditional_logical_z,0.19145333548356205
curve,cutoff12_low,12,low,measurement_feedback,22,220.0,fidelity,0.22180571203144794
curve,cutoff12_low,12,low,measurement_feedback,22,220.0,code_survival,0.3735036771932565
curve,cutoff12_low,12,low,measurement_feedback,22,220.0,logical_z_signal,0.06931899296323168
curve,cutoff12_low,12,low,measurement_feedback,22,220.0,conditional_logical_z,0.18559119279397343
curve,cutoff12_low,12,low,measurement_feedback,23,230.0,fidelity,0.22090400922185957
curve,cutoff12_low,12,low,measurement_feedback,23,230.0,code_survival,0.3735429220016319
curve,cutoff12_low,12,low,measurement_feedback,23,230.0,logical_z_signal,0.06746159921873329
curve,cutoff12_low,12,low,measurement_feedback,23,230.0,conditional_logical_z,0.1805993240542209
curve,cutoff12_low,12,low,measurement_feedback,24,240.0,fidelity,0.2201365973930255
curve,cutoff12_low,12,low,measurement_feedback,24,240.0,code_survival,0.3735773180750188
curve,cutoff12_low,12,low,measurement_feedback,24,240.0,logical_z_signal,0.06587949990720106
curve,cutoff12_low,12,low,measurement_feedback,24,240.0,conditional_logical_z,0.1763476975707922
curve,cutoff12_low,12,low,measurement_feedback,25,250.0,fidelity,0.2194824457094922
curve,cutoff12_low,12,low,measurement_feedback,25,250.0,code_survival,0.3736046895621594
curve,cutoff12_low,12,low,measurement_feedback,25,250.0,logical_z_signal,0.06453276247756143
curve,cutoff12_low,12,low,measurement_feedback,25,250.0,conditional_logical_z,0.17273006544213795
curve,cutoff12_low,12,low,measurement_feedback,26,260.0,fidelity,0.2189261610331441
curve,cutoff12_low,12,low,measurement_feedback,26,260.0,code_survival,0.37362824521163507
curve,cutoff12_low,12,low,measurement_feedback,26,260.0,logical_z_signal,0.06338704631242947
curve,cutoff12_low,12,low,measurement_feedback,26,260.0,conditional_logical_z,0.1696527152986654
curve,cutoff12_low,12,low,measurement_feedback,27,270.0,fidelity,0.21845271001662506
curve,cutoff12_low,12,low,measurement_feedback,27,270.0,code_survival,0.37364731835726217
curve,cutoff12_low,12,low,measurement_feedback,27,270.0,logical_z_signal,0.062412842100233526
curve,cutoff12_low,12,low,measurement_feedback,27,270.0,conditional_logical_z,0.1670367724693734
curve,cutoff12_low,12,low,measurement_feedback,28,280.0,fidelity,0.21805048445107075
curve,cutoff12_low,12,low,measurement_feedback,28,280.0,code_survival,0.3736635577262537
curve,cutoff12_low,12,low,measurement_feedback,28,280.0,logical_z_signal,0.06158505853239498
curve,cutoff12_low,12,low,measurement_feedback,28,280.0,conditional_logical_z,0.1648141951737029
curve,cutoff12_low,12,low,measurement_feedback,29,290.0,fidelity,0.21770865785725427
curve,cutoff12_low,12,low,measurement_feedback,29,290.0,code_survival,0.37367687035705455
curve,cutoff12_low,12,low,measurement_feedback,29,290.0,logical_z_signal,0.06088201943179258
curve,cutoff12_low,12,low,measurement_feedback,29,290.0,conditional_logical_z,0.16292691429795692
curve,cutoff12_low,12,low,measurement_feedback,30,300.0,fidelity,0.2174185762942354
curve,cutoff12_low,12,low,measurement_feedback,30,300.0,code_survival,0.3736881404589128
curve,cutoff12_low,12,low,measurement_feedback,30,300.0,logical_z_signal,0.06028537625289996
curve,cutoff12_low,12,low,measurement_feedback,30,300.0,conditional_logical_z,0.16132536659810956
curve,cutoff12_low,12,low,measurement_feedback,31,310.0,fidelity,0.21717241060162246
curve,cutoff12_low,12,low,measurement_feedback,31,310.0,code_survival,0.37369746429600104
curve,cutoff12_low,12,low,measurement_feedback,31,310.0,logical_z_signal,0.059779271676231704
curve,cutoff12_low,12,low,measurement_feedback,31,310.0,conditional_logical_z,0.1599670251679345
curve,cutoff12_low,12,low,measurement_feedback,32,320.0,fidelity,0.21696376137766052
curve,cutoff12_low,12,low,measurement_feedback,32,320.0,code_survival,0.37370533882309026
curve,cutoff12_low,12,low,measurement_feedback,32,320.0,logical_z_signal,0.05935029771073772
curve,cutoff12_low,12,low,measurement_feedback,32,320.0,conditional_logical_z,0.1588157608281689
curve,cutoff12_low,12,low,measurement_feedback,33,330.0,fidelity,0.21678695589329952
curve,cutoff12_low,12,low,measurement_feedback,33,330.0,code_survival,0.37371190005247473
curve,cutoff12_low,12,low,measurement_feedback,33,330.0,logical_z_signal,0.05898688890617771
curve,cutoff12_low,12,low,measurement_feedback,33,330.0,conditional_logical_z,0.15784054213391405
curve,cutoff12_low,12,low,measurement_feedback,34,340.0,fidelity,0.21663729054781733
curve,cutoff12_low,12,low,measurement_feedback,34,340.0,code_survival,0.3737174406041194
curve,cutoff12_low,12,low,measurement_feedback,34,340.0,logical_z_signal,0.058679263289371744
curve,cutoff12_low,12,low,measurement_feedback,34,340.0,conditional_logical_z,0.15701505178488837
curve,cutoff12_low,12,low,measurement_feedback,35,350.0,fidelity,0.21651065304816042
curve,cutoff12_low,12,low,measurement_feedback,35,350.0,code_survival,0.3737220843153277
curve,cutoff12_low,12,low,measurement_feedback,35,350.0,logical_z_signal,0.05841900656530098
curve,cutoff12_low,12,low,measurement_feedback,35,350.0,conditional_logical_z,0.15631670970776773
curve,cutoff12_low,12,low,measurement_feedback,36,360.0,fidelity,0.21640360276077847
curve,cutoff12_low,12,low,measurement_feedback,36,360.0,code_survival,0.373726010932089
curve,cutoff12_low,12,low,measurement_feedback,36,360.0,logical_z_signal,0.05819899704411154
curve,cutoff12_low,12,low,measurement_feedback,36,360.0,conditional_logical_z,0.15572637531693526
curve,cutoff12_low,12,low,measurement_feedback,37,370.0,fidelity,0.2163131600625956
curve,cutoff12_low,12,low,measurement_feedback,37,370.0,code_survival,0.3737293188037315
curve,cutoff12_low,12,low,measurement_feedback,37,370.0,logical_z_signal,0.058013126718126196
curve,cutoff12_low,12,low,measurement_feedback,37,370.0,conditional_logical_z,0.1552276575565978
curve,cutoff12_low,12,low,measurement_feedback,38,380.0,fidelity,0.21623681822015053
curve,cutoff12_low,12,low,measurement_feedback,38,380.0,code_survival,0.37373212234933545
curve,cutoff12_low,12,low,measurement_feedback,38,380.0,logical_z_signal,0.05785622279232709
curve,cutoff12_low,12,low,measurement_feedback,38,380.0,conditional_logical_z,0.1548066632020665
curve,cutoff12_low,12,low,measurement_feedback,39,390.0,fidelity,0.21617242084317573
curve,cutoff12_low,12,low,measurement_feedback,39,390.0,code_survival,0.37373449505369166
curve,cutoff12_low,12,low,measurement_feedback,39,390.0,logical_z_signal,0.05772386104142866
curve,cutoff12_low,12,low,measurement_feedback,39,390.0,conditional_logical_z,0.15445152054571762
curve,cutoff12_low,12,low,measurement_feedback,40,400.0,fidelity,0.21611814800587173
curve,cutoff12_low,12,low,measurement_feedback,40,400.0,code_survival,0.37373651185986007
curve,cutoff12_low,12,low,measurement_feedback,40,400.0,logical_z_signal,0.057612293494783855
curve,cutoff12_low,12,low,measurement_feedback,40,400.0,conditional_logical_z,0.15415216781491964
curve,cutoff12_low,12,low,measurement_feedback,41,410.0,fidelity,0.21607244168804238
curve,cutoff12_low,12,low,measurement_feedback,41,410.0,code_survival,0.37373822604016255
curve,cutoff12_low,12,low,measurement_feedback,41,410.0,logical_z_signal,0.05751832259050619
curve,cutoff12_low,12,low,measurement_feedback,41,410.0,conditional_logical_z,0.1539000256942547
curve,cutoff12_low,12,low,measurement_feedback,42,420.0,fidelity,0.21603398483615877
curve,cutoff12_low,12,low,measurement_feedback,42,420.0,code_survival,0.37373968778815203
curve,cutoff12_low,12,low,measurement_feedback,42,420.0,logical_z_signal,0.057439239619189446
curve,cutoff12_low,12,low,measurement_feedback,42,420.0,conditional_logical_z,0.1536878246972473
curve,cutoff12_low,12,low,measurement_feedback,43,430.0,fidelity,0.2160016540196047
curve,cutoff12_low,12,low,measurement_feedback,43,430.0,code_survival,0.37374093516087126
curve,cutoff12_low,12,low,measurement_feedback,43,430.0,logical_z_signal,0.057372738835154174
curve,cutoff12_low,12,low,measurement_feedback,43,430.0,conditional_logical_z,0.1535093789243582
curve,cutoff12_low,12,low,measurement_feedback,44,440.0,fidelity,0.21597449900957794
curve,cutoff12_low,12,low,measurement_feedback,44,440.0,code_survival,0.3737420023696131
curve,cutoff12_low,12,low,measurement_feedback,44,440.0,logical_z_signal,0.05731686770485223
curve,cutoff12_low,12,low,measurement_feedback,44,440.0,conditional_logical_z,0.15335944941015373
curve,cutoff12_low,12,low,measurement_feedback,45,450.0,fidelity,0.21595171158378632
curve,cutoff12_low,12,low,measurement_feedback,45,450.0,code_survival,0.37374291644431834
curve,cutoff12_low,12,low,measurement_feedback,45,450.0,logical_z_signal,0.05726996752050014
curve,cutoff12_low,12,low,measurement_feedback,45,450.0,conditional_logical_z,0.15323358651275587
curve,cutoff12_low,12,low,measurement_feedback,46,460.0,fidelity,0.21593260821046256
curve,cutoff12_low,12,low,measurement_feedback,46,460.0,code_survival,0.37374370103606935
curve,cutoff12_low,12,low,measurement_feedback,46,460.0,logical_z_signal,0.057230634568952804
curve,cutoff12_low,12,low,measurement_feedback,46,460.0,conditional_logical_z,0.1531280243929237
curve,cutoff12_low,12,low,measurement_feedback,47,470.0,fidelity,0.21591660888327913
curve,cutoff12_low,12,low,measurement_feedback,47,470.0,code_survival,0.37374437533538185
curve,cutoff12_low,12,low,measurement_feedback,47,470.0,logical_z_signal,0.05719767858640107
curve,cutoff12_low,12,low,measurement_feedback,47,470.0,conditional_logical_z,0.15303957025460083
curve,cutoff12_low,12,low,measurement_feedback,48,480.0,fidelity,0.21590322337579865
curve,cutoff12_low,12,low,measurement_feedback,48,480.0,code_survival,0.3737449558907696
curve,cutoff12_low,12,low,measurement_feedback,48,480.0,logical_z_signal,0.05717009317247018
curve,cutoff12_low,12,low,measurement_feedback,48,480.0,conditional_logical_z,0.15296552440744823
curve,cutoff12_low,12,low,measurement_feedback,49,490.0,fidelity,0.21589203657152928
curve,cutoff12_low,12,low,measurement_feedback,49,490.0,code_survival,0.37374545636863643
curve,cutoff12_low,12,low,measurement_feedback,49,490.0,logical_z_signal,0.0571470264528105
curve,cutoff12_low,12,low,measurement_feedback,49,490.0,conditional_logical_z,0.15290360184725474
curve,cutoff12_low,12,low,measurement_feedback,50,500.0,fidelity,0.21588269794307927
curve,cutoff12_low,12,low,measurement_feedback,50,500.0,code_survival,0.3737458884725137
curve,cutoff12_low,12,low,measurement_feedback,50,500.0,logical_z_signal,0.05712775891714538
curve,cutoff12_low,12,low,measurement_feedback,50,500.0,conditional_logical_z,0.15285187256674454
curve,cutoff12_low,12,low,measurement_feedback,51,510.0,fidelity,0.2158749112355435
curve,cutoff12_low,12,low,measurement_feedback,51,510.0,code_survival,0.3737462619859901
curve,cutoff12_low,12,low,measurement_feedback,51,510.0,logical_z_signal,0.05711168256182113
curve,cutoff12_low,12,low,measurement_feedback,51,510.0,conditional_logical_z,0.15280870572014435
curve,cutoff12_low,12,low,measurement_feedback,52,520.0,fidelity,0.21586842658928737
curve,cutoff12_low,12,low,measurement_feedback,52,520.0,code_survival,0.37374658526827165
curve,cutoff12_low,12,low,measurement_feedback,52,520.0,logical_z_signal,0.05709828449095677
curve,cutoff12_low,12,low,measurement_feedback,52,520.0,conditional_logical_z,0.15277272553533078
curve,cutoff12_low,12,low,measurement_feedback,53,530.0,fidelity,0.21586303321820632
curve,cutoff12_low,12,low,measurement_feedback,53,530.0,code_survival,0.3737468653694692
curve,cutoff12_low,12,low,measurement_feedback,53,530.0,logical_z_signal,0.05708713202255613
curve,cutoff12_low,12,low,measurement_feedback,53,530.0,conditional_logical_z,0.15274277141059733
curve,cutoff12_low,12,low,measurement_feedback,54,540.0,fidelity,0.2158585535950896
curve,cutoff12_low,12,low,measurement_feedback,54,540.0,code_survival,0.3737471083158851
curve,cutoff12_low,12,low,measurement_feedback,54,540.0,logical_z_signal,0.057077860663389386
curve,cutoff12_low,12,low,measurement_feedback,54,540.0,conditional_logical_z,0.1527178656193056
curve,cutoff12_low,12,low,measurement_feedback,55,550.0,fidelity,0.21585483822820695
curve,cutoff12_low,12,low,measurement_feedback,55,550.0,code_survival,0.37374731922496024
curve,cutoff12_low,12,low,measurement_feedback,55,550.0,logical_z_signal,0.05707016344778347
curve,cutoff12_low,12,low,measurement_feedback,55,550.0,conditional_logical_z,0.15269718473467545
curve,cutoff12_low,12,low,measurement_feedback,56,560.0,fidelity,0.21585176141071558
curve,cutoff12_low,12,low,measurement_feedback,56,560.0,code_survival,0.3737475024795152
curve,cutoff12_low,12,low,measurement_feedback,56,560.0,logical_z_signal,0.057063782180384125
curve,cutoff12_low,12,low,measurement_feedback,56,560.0,conditional_logical_z,0.15268003612549022
curve,cutoff12_low,12,low,measurement_feedback,57,570.0,fidelity,0.2158492174850423
curve,cutoff12_low,12,low,measurement_feedback,57,570.0,code_survival,0.3737476618220948
curve,cutoff12_low,12,low,measurement_feedback,57,570.0,logical_z_signal,0.05705849979798357
curve,cutoff12_low,12,low,measurement_feedback,57,570.0,conditional_logical_z,0.15266583747925522
curve,cutoff12_low,12,low,measurement_feedback,58,580.0,fidelity,0.2158471177575153
curve,cutoff12_low,12,low,measurement_feedback,58,580.0,code_survival,0.37374780046664213
curve,cutoff12_low,12,low,measurement_feedback,58,580.0,logical_z_signal,0.05705413402696314
curve,cutoff12_low,12,low,measurement_feedback,58,580.0,conditional_logical_z,0.15265409978527847
curve,cutoff12_low,12,low,measurement_feedback,59,590.0,fidelity,0.21584538782522694
curve,cutoff12_low,12,low,measurement_feedback,59,590.0,code_survival,0.37374792117041233
curve,cutoff12_low,12,low,measurement_feedback,59,590.0,logical_z_signal,0.057050531912431444
curve,cutoff12_low,12,low,measurement_feedback,59,590.0,conditional_logical_z,0.1526444126666298
curve,cutoff12_low,12,low,measurement_feedback,60,600.0,fidelity,0.21584396534871297
curve,cutoff12_low,12,low,measurement_feedback,60,600.0,code_survival,0.37374802630823495
curve,cutoff12_low,12,low,measurement_feedback,60,600.0,logical_z_signal,0.05704756524542536
curve,cutoff12_low,12,low,measurement_feedback,60,600.0,conditional_logical_z,0.1526364321142327
curve,cutoff12_low,12,low,measurement_feedback,61,610.0,fidelity,0.2158427981404421
curve,cutoff12_low,12,low,measurement_feedback,61,610.0,code_survival,0.3737481179256151
curve,cutoff12_low,12,low,measurement_feedback,61,610.0,logical_z_signal,0.05704512664877853
curve,cutoff12_low,12,low,measurement_feedback,61,610.0,conditional_logical_z,0.15262986999209957
curve,cutoff12_low,12,low,measurement_feedback,62,620.0,fidelity,0.2158418425642193
curve,cutoff12_low,12,low,measurement_feedback,62,620.0,code_survival,0.3737481977894989
curve,cutoff12_low,12,low,measurement_feedback,62,620.0,logical_z_signal,0.057043126293368995
curve,cutoff12_low,12,low,measurement_feedback,62,620.0,conditional_logical_z,0.15262448523028496
curve,cutoff12_low,12,low,measurement_feedback,63,630.0,fidelity,0.2158410621704483
curve,cutoff12_low,12,low,measurement_feedback,63,630.0,code_survival,0.3737482674269943
curve,cutoff12_low,12,low,measurement_feedback,63,630.0,logical_z_signal,0.05704148910264733
curve,cutoff12_low,12,low,measurement_feedback,63,630.0,conditional_logical_z,0.15262007632928884
curve,cutoff12_low,12,low,measurement_feedback,64,640.0,fidelity,0.21584042655053118
curve,cutoff12_low,12,low,measurement_feedback,64,640.0,code_survival,0.3737483281608076
curve,cutoff12_low,12,low,measurement_feedback,64,640.0,logical_z_signal,0.05704015240314334
curve,cutoff12_low,12,low,measurement_feedback,64,640.0,conditional_logical_z,0.15261647505912443
curve,cutoff12_low,12,low,measurement_feedback,65,650.0,fidelity,0.21583991036463449
curve,cutoff12_low,12,low,measurement_feedback,65,650.0,code_survival,0.37374838113740205
curve,cutoff12_low,12,low,measurement_feedback,65,650.0,logical_z_signal,0.057039063932380514
curve,cutoff12_low,12,low,measurement_feedback,65,650.0,conditional_logical_z,0.1526135411176834
curve,cutoff12_low,12,low,measurement_feedback,66,660.0,fidelity,0.2158394925248211
curve,cutoff12_low,12,low,measurement_feedback,66,660.0,code_survival,0.373748427352147
curve,cutoff12_low,12,low,measurement_feedback,66,660.0,logical_z_signal,0.0570381801636834
curve,cutoff12_low,12,low,measurement_feedback,66,660.0,conditional_logical_z,0.15261115763824162
curve,cutoff12_low,12,low,measurement_feedback,67,670.0,fidelity,0.21583915550426666
curve,cutoff12_low,12,low,measurement_feedback,67,670.0,code_survival,0.3737484676698479
curve,cutoff12_low,12,low,measurement_feedback,67,670.0,logical_z_signal,0.05703746489028527
curve,cutoff12_low,12,low,measurement_feedback,67,670.0,conditional_logical_z,0.15260922739265792
curve,cutoff12_low,12,low,measurement_feedback,68,680.0,fidelity,0.21583888475692498
curve,cutoff12_low,12,low,measurement_feedback,68,680.0,code_survival,0.37374850284283945
curve,cutoff12_low,12,low,measurement_feedback,68,680.0,logical_z_signal,0.05703688803501947
curve,cutoff12_low,12,low,measurement_feedback,68,680.0,conditional_logical_z,0.15260766959915656
curve,cutoff12_low,12,low,measurement_feedback,69,690.0,fidelity,0.2158386682281966
curve,cutoff12_low,12,low,measurement_feedback,69,690.0,code_survival,0.37374853352603443
curve,cutoff12_low,12,low,measurement_feedback,69,690.0,logical_z_signal,0.05703642464689591
curve,cutoff12_low,12,low,measurement_feedback,69,690.0,conditional_logical_z,0.15260641723139468
curve,cutoff12_low,12,low,measurement_feedback,70,700.0,fidelity,0.21583849594415916
curve,cutoff12_low,12,low,measurement_feedback,70,700.0,code_survival,0.37374856029009335
curve,cutoff12_low,12,low,measurement_feedback,70,700.0,logical_z_signal,0.057036054058280584
curve,cutoff12_low,12,low,measurement_feedback,70,700.0,conditional_logical_z,0.15260541475801478
event_accounting,cutoff12_low,12,low,measurement_feedback,,700.0,full_cycles,70
event_accounting,cutoff12_low,12,low,measurement_feedback,,700.0,half_cycles,140
event_accounting,cutoff12_low,12,low,measurement_feedback,,700.0,total_physical_time_us,700.0
event_accounting,cutoff12_low,12,low,measurement_feedback,,700.0,measurement_events,140
event_accounting,cutoff12_low,12,low,measurement_feedback,,700.0,reset_events,140
event_accounting,cutoff12_low,12,low,measurement_feedback,,700.0,active_gate_applications,1260
event_accounting,cutoff12_low,12,low,measurement_feedback,,700.0,qubit_rotations,560
event_accounting,cutoff12_low,12,low,measurement_feedback,,700.0,echoed_conditional_displacements,420
event_accounting,cutoff12_low,12,low,measurement_feedback,,700.0,fixed_cavity_displacements,140
event_accounting,cutoff12_low,12,low,measurement_feedback,,700.0,virtual_rotations,140
event_accounting,cutoff12_low,12,low,measurement_feedback,,700.0,cycles_per_100us,10.0
event_accounting,cutoff12_low,12,low,measurement_feedback,,700.0,measurements_per_100us,20.0
event_accounting,cutoff12_low,12,low,measurement_feedback,,700.0,resets_per_100us,20.0
event_accounting,cutoff12_low,12,low,measurement_feedback,,700.0,active_gates_per_100us,180.0
event_accounting,cutoff12_low,12,low,measurement_feedback,,700.0,outcome_dependent_parameter_updates,0
curve,cutoff12_low,12,low,autonomous,0,0.0,fidelity,1.0
curve,cutoff12_low,12,low,autonomous,0,0.0,code_survival,1.0
curve,cutoff12_low,12,low,autonomous,0,0.0,logical_z_signal,0.9997719696551096
curve,cutoff12_low,12,low,autonomous,0,0.0,conditional_logical_z,0.9997719696551096
curve,cutoff12_low,12,low,autonomous,1,7.0,fidelity,0.42814634589617306
curve,cutoff12_low,12,low,autonomous,1,7.0,code_survival,0.43264519788208244
curve,cutoff12_low,12,low,autonomous,1,7.0,logical_z_signal,0.4239837861789463
curve,cutoff12_low,12,low,autonomous,1,7.0,conditional_logical_z,0.9799803355138664
curve,cutoff12_low,12,low,autonomous,2,14.0,fidelity,0.4213448950459036
curve,cutoff12_low,12,low,autonomous,2,14.0,code_survival,0.43679771161899733
curve,cutoff12_low,12,low,autonomous,2,14.0,logical_z_signal,0.4061326264771208
curve,cutoff12_low,12,low,autonomous,2,14.0,conditional_logical_z,0.9297956827012304
curve,cutoff12_low,12,low,autonomous,3,21.0,fidelity,0.3595334222899127
curve,cutoff12_low,12,low,autonomous,3,21.0,code_survival,0.39253993902853535
curve,cutoff12_low,12,low,autonomous,3,21.0,logical_z_signal,0.3267519500777969
curve,cutoff12_low,12,low,autonomous,3,21.0,conditional_logical_z,0.8324043430751232
curve,cutoff12_low,12,low,autonomous,4,28.0,fidelity,0.3394662313761669
curve,cutoff12_low,12,low,autonomous,4,28.0,code_survival,0.38881905770261266
curve,cutoff12_low,12,low,autonomous,4,28.0,logical_z_signal,0.29026235202881806
curve,cutoff12_low,12,low,autonomous,4,28.0,conditional_logical_z,0.7465229552889471
curve,cutoff12_low,12,low,autonomous,5,35.0,fidelity,0.31408947478585636
curve,cutoff12_low,12,low,autonomous,5,35.0,code_survival,0.37814142665778205
curve,cutoff12_low,12,low,autonomous,5,35.0,logical_z_signal,0.2501491908769336
curve,cutoff12_low,12,low,autonomous,5,35.0,conditional_logical_z,0.6615228410383044
curve,cutoff12_low,12,low,autonomous,6,42.0,fidelity,0.29999094514725844
curve,cutoff12_low,12,low,autonomous,6,42.0,code_survival,0.37737621693295603
curve,cutoff12_low,12,low,autonomous,6,42.0,logical_z_signal,0.2225974198425521
curve,cutoff12_low,12,low,autonomous,6,42.0,conditional_logical_z,0.5898554541981069
curve,cutoff12_low,12,low,autonomous,7,49.0,fidelity,0.28633546879327587
curve,cutoff12_low,12,low,autonomous,7,49.0,code_survival,0.3748279933294469
curve,cutoff12_low,12,low,autonomous,7,49.0,logical_z_signal,0.1977733025583137
curve,cutoff12_low,12,low,autonomous,7,49.0,conditional_logical_z,0.5276374926044682
curve,cutoff12_low,12,low,autonomous,8,56.0,fidelity,0.2764563293273861
curve,cutoff12_low,12,low,autonomous,8,56.0,code_survival,0.37501790347396863
curve,cutoff12_low,12,low,autonomous,8,56.0,logical_z_signal,0.17771759748416027
curve,cutoff12_low,12,low,autonomous,8,56.0,conditional_logical_z,0.47389096850544443
curve,cutoff12_low,12,low,autonomous,9,63.0,fidelity,0.2676408718193529
curve,cutoff12_low,12,low,autonomous,9,63.0,code_survival,0.37451032645689836
curve,cutoff12_low,12,low,autonomous,9,63.0,logical_z_signal,0.16052956208036906
curve,cutoff12_low,12,low,autonomous,9,63.0,conditional_logical_z,0.4286385467633937
curve,cutoff12_low,12,low,autonomous,10,70.0,fidelity,0.260578604830658
curve,cutoff12_low,12,low,autonomous,10,70.0,code_survival,0.37490609774746647
curve,cutoff12_low,12,low,autonomous,10,70.0,logical_z_signal,0.14592235016380792
curve,cutoff12_low,12,low,autonomous,10,70.0,conditional_logical_z,0.38922373106371816
curve,cutoff12_low,12,low,autonomous,11,77.0,fidelity,0.25439202419886203
curve,cutoff12_low,12,low,autonomous,11,77.0,code_survival,0.37491813659626894
curve,cutoff12_low,12,low,autonomous,11,77.0,logical_z_signal,0.13347699091297555
curve,cutoff12_low,12,low,autonomous,11,77.0,conditional_logical_z,0.35601636166433426
curve,cutoff12_low,12,low,autonomous,12,84.0,fidelity,0.2492412076493622
curve,cutoff12_low,12,low,autonomous,12,84.0,code_survival,0.3752579061344751
curve,cutoff12_low,12,low,autonomous,12,84.0,logical_z_signal,0.12276708833290666
curve,cutoff12_low,12,low,autonomous,12,84.0,conditional_logical_z,0.32715390222561386
curve,cutoff12_low,12,low,autonomous,13,91.0,fidelity,0.24475963123690406
curve,cutoff12_low,12,low,autonomous,13,91.0,code_survival,0.37538337041072933
curve,cutoff12_low,12,low,autonomous,13,91.0,logical_z_signal,0.1136262793308138
curve,cutoff12_low,12,low,autonomous,13,91.0,conditional_logical_z,0.3026939611269634
curve,cutoff12_low,12,low,autonomous,14,98.0,fidelity,0.24097007181231178
curve,cutoff12_low,12,low,autonomous,14,98.0,code_survival,0.3756269515729096
curve,cutoff12_low,12,low,autonomous,14,98.0,logical_z_signal,0.10575001841413754
curve,cutoff12_low,12,low,autonomous,14,98.0,conditional_logical_z,0.2815293683568692
curve,cutoff12_low,12,low,autonomous,15,105.0,fidelity,0.23768750254728316
curve,cutoff12_low,12,low,autonomous,15,105.0,code_survival,0.37575356736003085
curve,cutoff12_low,12,low,autonomous,15,105.0,logical_z_signal,0.09901498769411707
curve,cutoff12_low,12,low,autonomous,15,105.0,conditional_logical_z,0.26351043954093767
curve,cutoff12_low,12,low,autonomous,16,112.0,fidelity,0.2348935078598115
curve,cutoff12_low,12,low,autonomous,16,112.0,code_survival,0.3759184439317229
curve,cutoff12_low,12,low,autonomous,16,112.0,logical_z_signal,0.09322047259013791
curve,cutoff12_low,12,low,autonomous,16,112.0,conditional_logical_z,0.2479805768909527
curve,cutoff12_low,12,low,autonomous,17,119.0,fidelity,0.2324817157043906
curve,cutoff12_low,12,low,autonomous,17,119.0,code_survival,0.3760196749360179
curve,cutoff12_low,12,low,autonomous,17,119.0,logical_z_signal,0.08826085212531401
curve,cutoff12_low,12,low,autonomous,17,119.0,conditional_logical_z,0.23472402644976528
curve,cutoff12_low,12,low,autonomous,18,126.0,fidelity,0.23042321623155668
curve,cutoff12_low,12,low,autonomous,18,126.0,code_survival,0.37612940055937316
curve,cutoff12_low,12,low,autonomous,18,126.0,logical_z_signal,0.08400193581630816
curve,cutoff12_low,12,low,autonomous,18,126.0,conditional_logical_z,0.2233325437771733
curve,cutoff12_low,12,low,autonomous,19,133.0,fidelity,0.22865130535553277
curve,cutoff12_low,12,low,autonomous,19,133.0,code_survival,0.37620395540041573
curve,cutoff12_low,12,low,autonomous,19,133.0,logical_z_signal,0.08035616102312017
curve,cutoff12_low,12,low,autonomous,19,133.0,conditional_logical_z,0.21359733163249822
curve,cutoff12_low,12,low,autonomous,20,140.0,fidelity,0.22713748368294076
curve,cutoff12_low,12,low,autonomous,20,140.0,code_survival,0.3762768672850449
curve,cutoff12_low,12,low,autonomous,20,140.0,logical_z_signal,0.0772308907311943
curve,cutoff12_low,12,low,autonomous,20,140.0,conditional_logical_z,0.2052501693458843
curve,cutoff12_low,12,low,autonomous,21,147.0,fidelity,0.22583744905520578
curve,cutoff12_low,12,low,autonomous,21,147.0,code_survival,0.3763298065837985
curve,cutoff12_low,12,low,autonomous,21,147.0,logical_z_signal,0.07455665466209525
curve,cutoff12_low,12,low,autonomous,21,147.0,conditional_logical_z,0.19811519937497563
curve,cutoff12_low,12,low,autonomous,22,154.0,fidelity,0.22472671575835482
curve,cutoff12_low,12,low,autonomous,22,154.0,code_survival,0.3763784607936631
curve,cutoff12_low,12,low,autonomous,22,154.0,logical_z_signal,0.07226769347674482
curve,cutoff12_low,12,low,autonomous,22,154.0,conditional_logical_z,0.19200804776223143
curve,cutoff12_low,12,low,autonomous,23,161.0,fidelity,0.2237747365897675
curve,cutoff12_low,12,low,autonomous,23,161.0,code_survival,0.37641539587936623
curve,cutoff12_low,12,low,autonomous,23,161.0,logical_z_signal,0.07031055721223302
curve,cutoff12_low,12,low,autonomous,23,161.0,conditional_logical_z,0.18678980185700528
curve,cutoff12_low,12,low,autonomous,24,168.0,fidelity,0.222961756136011
curve,cutoff12_low,12,low,autonomous,24,168.0,code_survival,0.3764480590231708
curve,cutoff12_low,12,low,autonomous,24,168.0,logical_z_signal,0.06863767459805768
curve,cutoff12_low,12,low,autonomous,24,168.0,conditional_logical_z,0.1823297343494417
curve,cutoff12_low,12,low,autonomous,25,175.0,fidelity,0.2222662003096025
curve,cutoff12_low,12,low,autonomous,25,175.0,code_survival,0.37647361640635607
curve,cutoff12_low,12,low,autonomous,25,175.0,logical_z_signal,0.06720870454877438
curve,cutoff12_low,12,low,autonomous,25,175.0,conditional_logical_z,0.17852168550433295
curve,cutoff12_low,12,low,autonomous,26,182.0,fidelity,0.22167266629477264
curve,cutoff12_low,12,low,autonomous,26,182.0,code_survival,0.3764956860146659
curve,cutoff12_low,12,low,autonomous,26,182.0,logical_z_signal,0.06598885333621954
curve,cutoff12_low,12,low,autonomous,26,182.0,conditional_logical_z,0.17527120704817062
curve,cutoff12_low,12,low,autonomous,27,189.0,fidelity,0.22116568715914298
curve,cutoff12_low,12,low,autonomous,27,189.0,code_survival,0.3765133186781447
curve,cutoff12_low,12,low,autonomous,27,189.0,logical_z_signal,0.06494802977811673
curve,cutoff12_low,12,low,autonomous,27,189.0,conditional_logical_z,0.17249862503173846
curve,cutoff12_low,12,low,autonomous,28,196.0,fidelity,0.22073349831491484
curve,cutoff12_low,12,low,autonomous,28,196.0,code_survival,0.37652832925253166
curve,cutoff12_low,12,low,autonomous,28,196.0,logical_z_signal,0.06406064855259877
curve,cutoff12_low,12,low,autonomous,28,196.0,conditional_logical_z,0.17013500333366496
curve,cutoff12_low,12,low,autonomous,29,203.0,fidelity,0.22036491003329275
curve,cutoff12_low,12,low,autonomous,29,203.0,code_survival,0.37654050088218455
curve,cutoff12_low,12,low,autonomous,29,203.0,logical_z_signal,0.063304426704417
curve,cutoff12_low,12,low,autonomous,29,203.0,conditional_logical_z,0.16812116241440989
curve,cutoff12_low,12,low,autonomous,30,210.0,fidelity,0.22005105554002535
curve,cutoff12_low,12,low,autonomous,30,210.0,code_survival,0.3765507809976264
curve,cutoff12_low,12,low,autonomous,30,210.0,logical_z_signal,0.06266051600875708
curve,cutoff12_low,12,low,autonomous,30,210.0,conditional_logical_z,0.16640654905228322
curve,cutoff12_low,12,low,autonomous,31,217.0,fidelity,0.2197837972330586
curve,cutoff12_low,12,low,autonomous,31,217.0,code_survival,0.37655920888738004
curve,cutoff12_low,12,low,autonomous,31,217.0,logical_z_signal,0.06211249274988081
curve,cutoff12_low,12,low,autonomous,31,217.0,conditional_logical_z,0.1649474804597255
curve,cutoff12_low,12,low,autonomous,32,224.0,fidelity,0.21955651360652323
curve,cutoff12_low,12,low,autonomous,32,224.0,code_survival,0.37656630195946866
curve,cutoff12_low,12,low,autonomous,32,224.0,logical_z_signal,0.061646475777874604
curve,cutoff12_low,12,low,autonomous,32,224.0,conditional_logical_z,0.16370683052916896
curve,cutoff12_low,12,low,autonomous,33,231.0,fidelity,0.2193632709574693
curve,cutoff12_low,12,low,autonomous,33,231.0,code_survival,0.376572167701153
curve,cutoff12_low,12,low,autonomous,33,231.0,logical_z_signal,0.061250399459606746
curve,cutoff12_low,12,low,autonomous,33,231.0,conditional_logical_z,0.1626524865964469
curve,cutoff12_low,12,low,autonomous,34,238.0,fidelity,0.21919915780640678
curve,cutoff12_low,12,low,autonomous,34,238.0,code_survival,0.3765771020412081
curve,cutoff12_low,12,low,autonomous,34,238.0,logical_z_signal,0.06091405575227769
curve,cutoff12_low,12,low,autonomous,34,238.0,conditional_logical_z,0.16175719506602393
curve,cutoff12_low,12,low,autonomous,35,245.0,fidelity,0.2190598433653544
curve,cutoff12_low,12,low,autonomous,35,245.0,code_survival,0.3765812127131909
curve,cutoff12_low,12,low,autonomous,35,245.0,logical_z_signal,0.06062860328129785
curve,cutoff12_low,12,low,autonomous,35,245.0,conditional_logical_z,0.16099741897499645
curve,cutoff12_low,12,low,autonomous,36,252.0,fidelity,0.21894170369503133
curve,cutoff12_low,12,low,autonomous,36,252.0,code_survival,0.3765846764404745
curve,cutoff12_low,12,low,autonomous,36,252.0,logical_z_signal,0.06038655093229882
curve,cutoff12_low,12,low,autonomous,36,252.0,conditional_logical_z,0.1603531813962269
curve,cutoff12_low,12,low,autonomous,37,259.0,fidelity,0.21884157857941136
curve,cutoff12_low,12,low,autonomous,37,259.0,code_survival,0.3765875812381076
curve,cutoff12_low,12,low,autonomous,37,259.0,logical_z_signal,0.0601814345066804
curve,cutoff12_low,12,low,autonomous,37,259.0,conditional_logical_z,0.1598072732744447
curve,cutoff12_low,12,low,autonomous,38,266.0,fidelity,0.21875680567581723
curve,cutoff12_low,12,low,autonomous,38,266.0,code_survival,0.3765900366508748
curve,cutoff12_low,12,low,autonomous,38,266.0,logical_z_signal,0.060007770030804757
curve,cutoff12_low,12,low,autonomous,38,266.0,conditional_logical_z,0.15934508136346723
curve,cutoff12_low,12,low,autonomous,39,273.0,fidelity,0.2186850812794824
curve,cutoff12_low,12,low,autonomous,39,273.0,code_survival,0.3765921088240232
curve,cutoff12_low,12,low,autonomous,39,273.0,logical_z_signal,0.059860841545681165
curve,cutoff12_low,12,low,autonomous,39,273.0,conditional_logical_z,0.15895405172616983
curve,cutoff12_low,12,low,autonomous,40,280.0,fidelity,0.21862445685249804
curve,cutoff12_low,12,low,autonomous,40,280.0,code_survival,0.3765938677571583
curve,cutoff12_low,12,low,autonomous,40,280.0,logical_z_signal,0.05973664484420054
curve,cutoff12_low,12,low,autonomous,40,280.0,conditional_logical_z,0.15862351981450995
curve,cutoff12_low,12,low,autonomous,41,287.0,fidelity,0.21857325571745226
curve,cutoff12_low,12,low,autonomous,41,287.0,code_survival,0.3765953611848211
curve,cutoff12_low,12,low,autonomous,41,287.0,logical_z_signal,0.05963174697408859
curve,cutoff12_low,12,low,autonomous,41,287.0,conditional_logical_z,0.1583443481260068
curve,cutoff12_low,12,low,autonomous,42,294.0,fidelity,0.2185300566480071
curve,cutoff12_low,12,low,autonomous,42,294.0,code_survival,0.3765966349303186
curve,cutoff12_low,12,low,autonomous,42,294.0,logical_z_signal,0.05954323205960071
curve,cutoff12_low,12,low,autonomous,42,294.0,conditional_logical_z,0.15810877351736813
curve,cutoff12_low,12,low,autonomous,43,301.0,fidelity,0.21849364176823605
curve,cutoff12_low,12,low,autonomous,43,301.0,code_survival,0.3765977227582777
curve,cutoff12_low,12,low,autonomous,43,301.0,logical_z_signal,0.059468606869469094
curve,cutoff12_low,12,low,autonomous,43,301.0,conditional_logical_z,0.15791016056578627
curve,cutoff12_low,12,low,autonomous,44,308.0,fidelity,0.21846297782254753
curve,cutoff12_low,12,low,autonomous,44,308.0,code_survival,0.37659865525135894
curve,cutoff12_low,12,low,autonomous,44,308.0,logical_z_signal,0.05940575390717587
curve,cutoff12_low,12,low,autonomous,44,308.0,conditional_logical_z,0.15774287315902863
curve,cutoff12_low,12,low,autonomous,45,315.0,fidelity,0.21843718224394568
curve,cutoff12_low,12,low,autonomous,45,315.0,code_survival,0.37659945609099416
curve,cutoff12_low,12,low,autonomous,45,315.0,logical_z_signal,0.059352866849949414
curve,cutoff12_low,12,low,autonomous,45,315.0,conditional_logical_z,0.15760210454368936
curve,cutoff12_low,12,low,autonomous,46,322.0,fidelity,0.21841550621415728
curve,cutoff12_low,12,low,autonomous,46,322.0,code_survival,0.37660014602043695
curve,cutoff12_low,12,low,autonomous,46,322.0,logical_z_signal,0.059308412327574764
curve,cutoff12_low,12,low,autonomous,46,322.0,conditional_logical_z,0.15748377411504316
curve,cutoff12_low,12,low,autonomous,47,329.0,fidelity,0.21839731180843758
curve,cutoff12_low,12,low,autonomous,47,329.0,code_survival,0.37660074162925533
curve,cutoff12_low,12,low,autonomous,47,329.0,logical_z_signal,0.059271085071740275
curve,cutoff12_low,12,low,autonomous,47,329.0,conditional_logical_z,0.15738440879144552
curve,cutoff12_low,12,low,autonomous,48,336.0,fidelity,0.2183820580615002
curve,cutoff12_low,12,low,autonomous,48,336.0,code_survival,0.37660125719027127
curve,cutoff12_low,12,low,autonomous,48,336.0,logical_z_signal,0.0592397779362874
curve,cutoff12_low,12,low,autonomous,48,336.0,conditional_logical_z,0.1573010626099889
curve,cutoff12_low,12,low,autonomous,49,343.0,fidelity,0.21836928517371898
curve,cutoff12_low,12,low,autonomous,49,343.0,code_survival,0.37660170436857254
curve,cutoff12_low,12,low,autonomous,49,343.0,logical_z_signal,0.05921355032227875
curve,cutoff12_low,12,low,autonomous,49,343.0,conditional_logical_z,0.15723123298541325
curve,cutoff12_low,12,low,autonomous,50,350.0,fidelity,0.2183586035972714
curve,cutoff12_low,12,low,autonomous,50,350.0,code_survival,0.37660209311880594
curve,cutoff12_low,12,low,autonomous,50,350.0,logical_z_signal,0.059191605245098894
curve,cutoff12_low,12,low,autonomous,50,350.0,conditional_logical_z,0.15717279942580095
curve,cutoff12_low,12,low,autonomous,51,357.0,fidelity,0.21834968292359316
curve,cutoff12_low,12,low,autonomous,51,357.0,code_survival,0.3766024317027181
curve,cutoff12_low,12,low,autonomous,51,357.0,logical_z_signal,0.059173266881870655
curve,cutoff12_low,12,low,autonomous,51,357.0,conditional_logical_z,0.15712396389564676
curve,cutoff12_low,12,low,autonomous,52,364.0,fidelity,0.21834224357450305
curve,cutoff12_low,12,low,autonomous,52,364.0,code_survival,0.3766027271563698
curve,cutoff12_low,12,low,autonomous,52,364.0,logical_z_signal,0.059157963327480516
curve,cutoff12_low,12,low,autonomous,52,364.0,conditional_logical_z,0.15708320482479526
curve,cutoff12_low,12,low,autonomous,53,371.0,fidelity,0.2183360488909938
curve,cutoff12_low,12,low,autonomous,53,371.0,code_survival,0.37660298538759734
curve,cutoff12_low,12,low,autonomous,53,371.0,logical_z_signal,0.05914521051888415
curve,cutoff12_low,12,low,autonomous,53,371.0,conditional_logical_z,0.15704923437612234
curve,cutoff12_low,12,low,autonomous,54,378.0,fidelity,0.21833089891893892
curve,cutoff12_low,12,low,autonomous,54,378.0,code_survival,0.3766032114362716
curve,cutoff12_low,12,low,autonomous,54,378.0,logical_z_signal,0.059134599425090896
curve,cutoff12_low,12,low,autonomous,54,378.0,conditional_logical_z,0.15702096431829707
curve,cutoff12_low,12,low,autonomous,55,385.0,fidelity,0.21832662473737288
curve,cutoff12_low,12,low,autonomous,55,385.0,code_survival,0.3766034095742619
curve,cutoff12_low,12,low,autonomous,55,385.0,logical_z_signal,0.05912578448903847
curve,cutoff12_low,12,low,autonomous,55,385.0,conditional_logical_z,0.15699747529072633
curve,cutoff12_low,12,low,autonomous,56,392.0,fidelity,0.2183230838653401
curve,cutoff12_low,12,low,autonomous,56,392.0,code_survival,0.3766035834597291
curve,cutoff12_low,12,low,autonomous,56,392.0,logical_z_signal,0.059118474195477645
curve,cutoff12_low,12,low,autonomous,56,392.0,conditional_logical_z,0.15697799169189075
curve,cutoff12_low,12,low,autonomous,57,399.0,fidelity,0.21832015618099
curve,cutoff12_low,12,low,autonomous,57,399.0,code_survival,0.37660373621848137
curve,cutoff12_low,12,low,autonomous,57,399.0,logical_z_signal,0.059112422743738346
curve,cutoff12_low,12,low,autonomous,57,399.0,conditional_logical_z,0.15696185953249572
curve,cutoff12_low,12,low,autonomous,58,406.0,fidelity,0.21831774055488723
curve,cutoff12_low,12,low,autonomous,58,406.0,code_survival,0.37660387054028055
curve,cutoff12_low,12,low,autonomous,58,406.0,logical_z_signal,0.05910742314961126
curve,cutoff12_low,12,low,autonomous,58,406.0,conditional_logical_z,0.156948528077566
curve,cutoff12_low,12,low,autonomous,59,413.0,fidelity,0.2183157519099921
curve,cutoff12_low,12,low,autonomous,59,413.0,code_survival,0.37660398873975326
curve,cutoff12_low,12,low,autonomous,59,413.0,logical_z_signal,0.059103301243030995
curve,cutoff12_low,12,low,autonomous,59,413.0,conditional_logical_z,0.15693753388223797
curve,cutoff12_low,12,low,autonomous,60,420.0,fidelity,0.218314118769457
curve,cutoff12_low,12,low,autonomous,60,420.0,code_survival,0.3766040928189479
curve,cutoff12_low,12,low,autonomous,60,420.0,logical_z_signal,0.05909991065044111
curve,cutoff12_low,12,low,autonomous,60,420.0,conditional_logical_z,0.1569284874417266
curve,cutoff12_low,12,low,autonomous,61,427.0,fidelity,0.21831278113922573
curve,cutoff12_low,12,low,autonomous,61,427.0,code_survival,0.3766041845114106
curve,cutoff12_low,12,low,autonomous,61,427.0,logical_z_signal,0.059097128471302676
curve,cutoff12_low,12,low,autonomous,61,427.0,conditional_logical_z,0.15692106169232464
curve,cutoff12_low,12,low,autonomous,62,434.0,fidelity,0.21831168873101625
curve,cutoff12_low,12,low,autonomous,62,434.0,code_survival,0.3766042653240769
curve,cutoff12_low,12,low,autonomous,62,434.0,logical_z_signal,0.0590948516449913
curve,cutoff12_low,12,low,autonomous,62,434.0,conditional_logical_z,0.15691498234662524
curve,cutoff12_low,12,low,autonomous,63,441.0,fidelity,0.21831079943952736
curve,cutoff12_low,12,low,autonomous,63,441.0,code_survival,0.3766043365688043
curve,cutoff12_low,12,low,autonomous,63,441.0,logical_z_signal,0.05909299384139171
curve,cutoff12_low,12,low,autonomous,63,441.0,conditional_logical_z,0.15691001962372683
curve,cutoff12_low,12,low,autonomous,64,448.0,fidelity,0.2183100780604
curve,cutoff12_low,12,low,autonomous,64,448.0,code_survival,0.37660439939111134
curve,cutoff12_low,12,low,autonomous,64,448.0,logical_z_signal,0.059091482841036914
curve,cutoff12_low,12,low,autonomous,64,448.0,conditional_logical_z,0.15690598128055644
curve,cutoff12_low,12,low,autonomous,65,455.0,fidelity,0.2183094951974365
curve,cutoff12_low,12,low,autonomous,65,455.0,code_survival,0.37660445479274735
curve,cutoff12_low,12,low,autonomous,65,455.0,logical_z_signal,0.059090258303735224
curve,cutoff12_low,12,low,autonomous,65,455.0,conditional_logical_z,0.15690270667736453
curve,cutoff12_low,12,low,autonomous,66,462.0,fidelity,0.21830902634144408
curve,cutoff12_low,12,low,autonomous,66,462.0,code_survival,0.37660450365181897
curve,cutoff12_low,12,low,autonomous,66,462.0,logical_z_signal,0.05908926988661901
curve,cutoff12_low,12,low,autonomous,66,462.0,conditional_logical_z,0.1569000617720935
curve,cutoff12_low,12,low,autonomous,67,469.0,fidelity,0.2183086510881849
curve,cutoff12_low,12,low,autonomous,67,469.0,code_survival,0.376604546739063
curve,cutoff12_low,12,low,autonomous,67,469.0,logical_z_signal,0.05908847564713972
curve,cutoff12_low,12,low,autonomous,67,469.0,conditional_logical_z,0.15689793487299608
curve,cutoff12_low,12,low,autonomous,68,476.0,fidelity,0.21830835247913813
curve,cutoff12_low,12,low,autonomous,68,476.0,code_survival,0.3766045847322044
curve,cutoff12_low,12,low,autonomous,68,476.0,logical_z_signal,0.059087840696270835
curve,cutoff12_low,12,low,autonomous,68,476.0,conditional_logical_z,0.1568962330564482
curve,cutoff12_low,12,low,autonomous,69,483.0,fidelity,0.21830811644360618
curve,cutoff12_low,12,low,autonomous,69,483.0,code_survival,0.376604618227818
curve,cutoff12_low,12,low,autonomous,69,483.0,logical_z_signal,0.05908733605903487
curve,cutoff12_low,12,low,autonomous,69,483.0,conditional_logical_z,0.1568948791363238
curve,cutoff12_low,12,low,autonomous,70,490.0,fidelity,0.21830793132880455
curve,cutoff12_low,12,low,autonomous,70,490.0,code_survival,0.37660464775175023
curve,cutoff12_low,12,low,autonomous,70,490.0,logical_z_signal,0.059086937714351674
curve,cutoff12_low,12,low,autonomous,70,490.0,conditional_logical_z,0.15689380911013218
curve,cutoff12_low,12,low,autonomous,71,497.0,fidelity,0.21830778750329577
curve,cutoff12_low,12,low,autonomous,71,497.0,code_survival,0.3766046737678754
curve,cutoff12_low,12,low,autonomous,71,497.0,logical_z_signal,0.059086625784807806
curve,cutoff12_low,12,low,autonomous,71,497.0,conditional_logical_z,0.15689297000394245
curve,cutoff12_low,12,low,autonomous,72,504.0,fidelity,0.218307677023418
curve,cutoff12_low,12,low,autonomous,72,504.0,code_survival,0.37660469668578306
curve,cutoff12_low,12,low,autonomous,72,504.0,logical_z_signal,0.05908638385485213
curve,cutoff12_low,12,low,autonomous,72,504.0,conditional_logical_z,0.15689231805876908
curve,cutoff12_low,12,low,autonomous,73,511.0,fidelity,0.2183075933525072
curve,cutoff12_low,12,low,autonomous,73,511.0,code_survival,0.37660471686732616
curve,cutoff12_low,12,low,autonomous,73,511.0,logical_z_signal,0.05908619839685652
curve,cutoff12_low,12,low,autonomous,73,511.0,conditional_logical_z,0.1568918172038508
curve,cutoff12_low,12,low,autonomous,74,518.0,fidelity,0.21830753112513998
curve,cutoff12_low,12,low,autonomous,74,518.0,code_survival,0.3766047346323764
curve,cutoff12_low,12,low,autonomous,74,518.0,logical_z_signal,0.059086058288984826
curve,cutoff12_low,12,low,autonomous,74,518.0,conditional_logical_z,0.1568914377740413
curve,cutoff12_low,12,low,autonomous,75,525.0,fidelity,0.2183074859491989
curve,cutoff12_low,12,low,autonomous,75,525.0,code_survival,0.3766047502637808
curve,cutoff12_low,12,low,autonomous,75,525.0,logical_z_signal,0.05908595441032169
curve,cutoff12_low,12,low,autonomous,75,525.0,conditional_logical_z,0.15689115543268323
curve,cutoff12_low,12,low,autonomous,76,532.0,fidelity,0.21830745424002748
curve,cutoff12_low,12,low,autonomous,76,532.0,code_survival,0.376604764011727
curve,cutoff12_low,12,low,autonomous,76,532.0,logical_z_signal,0.05908587930146452
curve,cutoff12_low,12,low,autonomous,76,532.0,conditional_logical_z,0.1568909502685544
curve,cutoff12_low,12,low,autonomous,77,539.0,fidelity,0.21830743308156175
curve,cutoff12_low,12,low,autonomous,77,539.0,code_survival,0.37660477609753734
curve,cutoff12_low,12,low,autonomous,77,539.0,logical_z_signal,0.05908582688021869
curve,cutoff12_low,12,low,autonomous,77,539.0,conditional_logical_z,0.15689080603936892
curve,cutoff12_low,12,low,autonomous,78,546.0,fidelity,0.21830742011025928
curve,cutoff12_low,12,low,autonomous,78,546.0,code_survival,0.3766047867170164
curve,cutoff12_low,12,low,autonomous,78,546.0,logical_z_signal,0.059085792203823005
curve,cutoff12_low,12,low,autonomous,78,546.0,conditional_logical_z,0.15689070953901735
curve,cutoff12_low,12,low,autonomous,79,553.0,fidelity,0.21830741341818405
curve,cutoff12_low,12,low,autonomous,79,553.0,code_survival,0.3766047960433825
curve,cutoff12_low,12,low,autonomous,79,553.0,logical_z_signal,0.05908577127031095
curve,cutoff12_low,12,low,autonomous,79,553.0,conditional_logical_z,0.1568906500688978
curve,cutoff12_low,12,low,autonomous,80,560.0,fidelity,0.21830741147222743
curve,cutoff12_low,12,low,autonomous,80,560.0,code_survival,0.3766048042298582
curve,cutoff12_low,12,low,autonomous,80,560.0,logical_z_signal,0.05908576085282631
curve,cutoff12_low,12,low,autonomous,80,560.0,conditional_logical_z,0.1568906189968934
curve,cutoff12_low,12,low,autonomous,81,567.0,fidelity,0.2183074130468684
curve,cutoff12_low,12,low,autonomous,81,567.0,code_survival,0.3766048114119504
curve,cutoff12_low,12,low,autonomous,81,567.0,logical_z_signal,0.059085758361611604
curve,cutoff12_low,12,low,autonomous,81,567.0,conditional_logical_z,0.15689060938995933
curve,cutoff12_low,12,low,autonomous,82,574.0,fidelity,0.21830741716830757
curve,cutoff12_low,12,low,autonomous,82,574.0,code_survival,0.37660481770947213
curve,cutoff12_low,12,low,autonomous,82,574.0,logical_z_signal,0.0590857617292406
curve,cutoff12_low,12,low,autonomous,82,574.0,conditional_logical_z,0.15689061570853746
curve,cutoff12_low,12,low,autonomous,83,581.0,fidelity,0.2183074230681235
curve,cutoff12_low,12,low,autonomous,83,581.0,code_survival,0.37660482322832395
curve,cutoff12_low,12,low,autonomous,83,581.0,logical_z_signal,0.05908576931533046
curve,cutoff12_low,12,low,autonomous,83,581.0,conditional_logical_z,0.15689063355279592
curve,cutoff12_low,12,low,autonomous,84,588.0,fidelity,0.2183074301449087
curve,cutoff12_low,12,low,autonomous,84,588.0,code_survival,0.3766048280620801
curve,cutoff12_low,12,low,autonomous,84,588.0,logical_z_signal,0.05908577982757253
curve,cutoff12_low,12,low,autonomous,84,588.0,conditional_logical_z,0.15689065945228067
curve,cutoff12_low,12,low,autonomous,85,595.0,fidelity,0.21830743793256854
curve,cutoff12_low,12,low,autonomous,85,595.0,code_survival,0.37660483229338737
curve,cutoff12_low,12,low,autonomous,85,595.0,logical_z_signal,0.05908579225640873
curve,cutoff12_low,12,low,autonomous,85,595.0,conditional_logical_z,0.1568906906918788
curve,cutoff12_low,12,low,autonomous,86,602.0,fidelity,0.21830744607418834
curve,cutoff12_low,12,low,autonomous,86,602.0,code_survival,0.37660483599521116
curve,cutoff12_low,12,low,autonomous,86,602.0,logical_z_signal,0.05908580582110721
curve,cutoff12_low,12,low,autonomous,86,602.0,conditional_logical_z,0.1568907251681137
curve,cutoff12_low,12,low,autonomous,87,609.0,fidelity,0.21830745430053655
curve,cutoff12_low,12,low,autonomous,87,609.0,code_survival,0.3766048392319387
curve,cutoff12_low,12,low,autonomous,87,609.0,logical_z_signal,0.059085819925344535
curve,cutoff12_low,12,low,autonomous,87,609.0,conditional_logical_z,0.1568907612707427
curve,cutoff12_low,12,low,autonomous,88,616.0,fidelity,0.2183074624124297
curve,cutoff12_low,12,low,autonomous,88,616.0,code_survival,0.37660484206035955
curve,cutoff12_low,12,low,autonomous,88,616.0,logical_z_signal,0.05908583412070527
curve,cutoff12_low,12,low,autonomous,88,616.0,conditional_logical_z,0.15689079778542894
curve,cutoff12_low,12,low,autonomous,89,623.0,fidelity,0.2183074702663047
curve,cutoff12_low,12,low,autonomous,89,623.0,code_survival,0.376604844530536
curve,cutoff12_low,12,low,autonomous,89,623.0,logical_z_signal,0.05908584807676677
curve,cutoff12_low,12,low,autonomous,89,623.0,conditional_logical_z,0.1568908338139446
curve,cutoff12_low,12,low,autonomous,90,630.0,fidelity,0.21830747776244924
curve,cutoff12_low,12,low,autonomous,90,630.0,code_survival,0.37660484668657607
curve,cutoff12_low,12,low,autonomous,90,630.0,logical_z_signal,0.059085861556647475
curve,cutoff12_low,12,low,autonomous,90,630.0,conditional_logical_z,0.15689086870892247
curve,cutoff12_low,12,low,autonomous,91,637.0,fidelity,0.21830748483543636
curve,cutoff12_low,12,low,autonomous,91,637.0,code_survival,0.37660484856732
curve,cutoff12_low,12,low,autonomous,91,637.0,logical_z_signal,0.05908587439708515
curve,cutoff12_low,12,low,autonomous,91,637.0,conditional_logical_z,0.1568909020206713
curve,cutoff12_low,12,low,autonomous,92,644.0,fidelity,0.21830749144637643
curve,cutoff12_low,12,low,autonomous,92,644.0,code_survival,0.3766048502069496
curve,cutoff12_low,12,low,autonomous,92,644.0,logical_z_signal,0.059085886492260146
curve,cutoff12_low,12,low,autonomous,92,644.0,conditional_logical_z,0.15689093345396807
curve,cutoff12_low,12,low,autonomous,93,651.0,fidelity,0.2183074975766685
curve,cutoff12_low,12,low,autonomous,93,651.0,code_survival,0.37660485163552926
curve,cutoff12_low,12,low,autonomous,93,651.0,logical_z_signal,0.05908589778070965
curve,cutoff12_low,12,low,autonomous,93,651.0,conditional_logical_z,0.1568909628330859
curve,cutoff12_low,12,low,autonomous,94,658.0,fidelity,0.21830750322298526
curve,cutoff12_low,12,low,autonomous,94,658.0,code_survival,0.3766048528794865
curve,cutoff12_low,12,low,autonomous,94,658.0,logical_z_signal,0.05908590823478801
curve,cutoff12_low,12,low,autonomous,94,658.0,conditional_logical_z,0.1568909900736077
curve,cutoff12_low,12,low,autonomous,95,665.0,fidelity,0.21830750839326862
curve,cutoff12_low,12,low,autonomous,95,665.0,code_survival,0.3766048539620375
curve,cutoff12_low,12,low,autonomous,95,665.0,logical_z_signal,0.059085917852218305
curve,cutoff12_low,12,low,autonomous,95,665.0,conditional_logical_z,0.15689101515981596
curve,cutoff12_low,12,low,autonomous,96,672.0,fidelity,0.218307513103552
curve,cutoff12_low,12,low,autonomous,96,672.0,code_survival,0.3766048549035646
curve,cutoff12_low,12,low,autonomous,96,672.0,logical_z_signal,0.05908592664935714
curve,cutoff12_low,12,low,autonomous,96,672.0,conditional_logical_z,0.1568910381266513
curve,cutoff12_low,12,low,autonomous,97,679.0,fidelity,0.21830751737545862
curve,cutoff12_low,12,low,autonomous,97,679.0,code_survival,0.3766048557219517
curve,cutoff12_low,12,low,autonomous,97,679.0,logical_z_signal,0.059085934655860116
curve,cutoff12_low,12,low,autonomous,97,679.0,conditional_logical_z,0.1568910590454081
curve,cutoff12_low,12,low,autonomous,98,686.0,fidelity,0.2183075212342456
curve,cutoff12_low,12,low,autonomous,98,686.0,code_survival,0.3766048564328803
curve,cutoff12_low,12,low,autonomous,98,686.0,logical_z_signal,0.059085941910487404
curve,cutoff12_low,12,low,autonomous,98,686.0,conditional_logical_z,0.1568910780124735
curve,cutoff12_low,12,low,autonomous,99,693.0,fidelity,0.21830752470729398
curve,cutoff12_low,12,low,autonomous,99,693.0,code_survival,0.37660485705009195
curve,cutoff12_low,12,low,autonomous,99,693.0,logical_z_signal,0.059085948457835415
curve,cutoff12_low,12,low,autonomous,99,693.0,conditional_logical_z,0.15689109514053992
curve,cutoff12_low,12,low,autonomous,100,700.0,fidelity,0.21830752782295418
curve,cutoff12_low,12,low,autonomous,100,700.0,code_survival,0.3766048575856212
curve,cutoff12_low,12,low,autonomous,100,700.0,logical_z_signal,0.05908595434581574
curve,cutoff12_low,12,low,autonomous,100,700.0,conditional_logical_z,0.15689111055181368
event_accounting,cutoff12_low,12,low,autonomous,,700.0,full_cycles,100
event_accounting,cutoff12_low,12,low,autonomous,,700.0,half_cycles,200
event_accounting,cutoff12_low,12,low,autonomous,,700.0,total_physical_time_us,700.0
event_accounting,cutoff12_low,12,low,autonomous,,700.0,measurement_events,0
event_accounting,cutoff12_low,12,low,autonomous,,700.0,reset_events,200
event_accounting,cutoff12_low,12,low,autonomous,,700.0,active_gate_applications,1800
event_accounting,cutoff12_low,12,low,autonomous,,700.0,qubit_rotations,800
event_accounting,cutoff12_low,12,low,autonomous,,700.0,echoed_conditional_displacements,600
event_accounting,cutoff12_low,12,low,autonomous,,700.0,fixed_cavity_displacements,200
event_accounting,cutoff12_low,12,low,autonomous,,700.0,virtual_rotations,200
event_accounting,cutoff12_low,12,low,autonomous,,700.0,cycles_per_100us,14.285714285714286
event_accounting,cutoff12_low,12,low,autonomous,,700.0,measurements_per_100us,0.0
event_accounting,cutoff12_low,12,low,autonomous,,700.0,resets_per_100us,28.571428571428573
event_accounting,cutoff12_low,12,low,autonomous,,700.0,active_gates_per_100us,257.14285714285717
event_accounting,cutoff12_low,12,low,autonomous,,700.0,outcome_dependent_parameter_updates,0
comparison,cutoff12_low,12,low,paired,,700.0,autonomous_minus_measurement_final_fidelity,0.0024690318787950194
comparison,cutoff12_low,12,low,paired,,700.0,autonomous_minus_measurement_final_logical_z,0.0020499002875351557
comparison,cutoff12_low,12,low,paired,,700.0,autonomous_to_measurement_logical_lifetime_us_ratio,0.8985954852014932
comparison,cutoff12_low,12,low,paired,,700.0,autonomous_to_measurement_logical_lifetime_protocol_cycle_ratio,1.2837078360021332
comparison,cutoff12_low,12,low,paired,,700.0,autonomous_to_measurement_reset_rate_ratio,1.4285714285714286
comparison,cutoff12_low,12,low,paired,,700.0,autonomous_to_measurement_active_gate_rate_ratio,1.4285714285714286
comparison,cutoff12_low,12,low,paired,,700.0,measurement_events_avoided_at_common_horizon,140.0
comparison,cutoff12_low,12,low,paired,,700.0,additional_autonomous_resets_at_common_horizon,60.0
comparison,cutoff12_low,12,low,paired,,700.0,additional_autonomous_active_gates_at_common_horizon,540.0
curve,cutoff16_high,16,high,measurement_feedback,0,0.0,fidelity,1.0
curve,cutoff16_high,16,high,measurement_feedback,0,0.0,code_survival,1.0
curve,cutoff16_high,16,high,measurement_feedback,0,0.0,logical_z_signal,0.9999978542269834
curve,cutoff16_high,16,high,measurement_feedback,0,0.0,conditional_logical_z,0.9999978542269834
curve,cutoff16_high,16,high,measurement_feedback,1,10.0,fidelity,0.4987696918772017
curve,cutoff16_high,16,high,measurement_feedback,1,10.0,code_survival,0.5020160524883229
curve,cutoff16_high,16,high,measurement_feedback,1,10.0,logical_z_signal,0.49551190603076195
curve,cutoff16_high,16,high,measurement_feedback,1,10.0,conditional_logical_z,0.9870439472496504
curve,cutoff16_high,16,high,measurement_feedback,2,20.0,fidelity,0.5592210622032877
curve,cutoff16_high,16,high,measurement_feedback,2,20.0,code_survival,0.5746949644103333
curve,cutoff16_high,16,high,measurement_feedback,2,20.0,logical_z_signal,0.5437610064132754
curve,cutoff16_high,16,high,measurement_feedback,2,20.0,conditional_logical_z,0.9461732572708416
curve,cutoff16_high,16,high,measurement_feedback,3,30.0,fidelity,0.47747507329596756
curve,cutoff16_high,16,high,measurement_feedback,3,30.0,code_survival,0.49869064854256434
curve,cutoff16_high,16,high,measurement_feedback,3,30.0,logical_z_signal,0.456257741875482
curve,cutoff16_high,16,high,measurement_feedback,3,30.0,conditional_logical_z,0.9149113648088378
curve,cutoff16_high,16,high,measurement_feedback,4,40.0,fidelity,0.4789121391925669
curve,cutoff16_high,16,high,measurement_feedback,4,40.0,code_survival,0.5151288604763959
curve,cutoff16_high,16,high,measurement_feedback,4,40.0,logical_z_signal,0.4426924542543913
curve,cutoff16_high,16,high,measurement_feedback,4,40.0,conditional_logical_z,0.8593819687077622
curve,cutoff16_high,16,high,measurement_feedback,5,50.0,fidelity,0.4489280027118066
curve,cutoff16_high,16,high,measurement_feedback,5,50.0,code_survival,0.49656673079423086
curve,cutoff16_high,16,high,measurement_feedback,5,50.0,logical_z_signal,0.40127976147430944
curve,cutoff16_high,16,high,measurement_feedback,5,50.0,conditional_logical_z,0.808108430527524
curve,cutoff16_high,16,high,measurement_feedback,6,60.0,fidelity,0.440288274270176
curve,cutoff16_high,16,high,measurement_feedback,6,60.0,code_survival,0.500667075884878
curve,cutoff16_high,16,high,measurement_feedback,6,60.0,logical_z_signal,0.3798989453224314
curve,cutoff16_high,16,high,measurement_feedback,6,60.0,conditional_logical_z,0.7587855555530564
curve,cutoff16_high,16,high,measurement_feedback,7,70.0,fidelity,0.4240886274728122
curve,cutoff16_high,16,high,measurement_feedback,7,70.0,code_survival,0.49577079479165076
curve,cutoff16_high,16,high,measurement_feedback,7,70.0,logical_z_signal,0.35239289145536773
curve,cutoff16_high,16,high,measurement_feedback,7,70.0,conditional_logical_z,0.7107980041532337
curve,cutoff16_high,16,high,measurement_feedback,8,80.0,fidelity,0.4141888651815137
curve,cutoff16_high,16,high,measurement_feedback,8,80.0,code_survival,0.4967110771250899
curve,cutoff16_high,16,high,measurement_feedback,8,80.0,logical_z_signal,0.3316534795612097
curve,cutoff16_high,16,high,measurement_feedback,8,80.0,conditional_logical_z,0.6676989800203053
curve,cutoff16_high,16,high,measurement_feedback,9,90.0,fidelity,0.4027391398928984
curve,cutoff16_high,16,high,measurement_feedback,9,90.0,code_survival,0.4953085590846229
curve,cutoff16_high,16,high,measurement_feedback,9,90.0,logical_z_signal,0.31015575107609045
curve,cutoff16_high,16,high,measurement_feedback,9,90.0,conditional_logical_z,0.6261869402161909
curve,cutoff16_high,16,high,measurement_feedback,10,100.0,fidelity,0.39359282987072897
curve,cutoff16_high,16,high,measurement_feedback,10,100.0,code_survival,0.4954986761521821
curve,cutoff16_high,16,high,measurement_feedback,10,100.0,logical_z_signal,0.2916742296103193
curve,cutoff16_high,16,high,measurement_feedback,10,100.0,conditional_logical_z,0.5886478484167285
curve,cutoff16_high,16,high,measurement_feedback,11,110.0,fidelity,0.38442364231831927
curve,cutoff16_high,16,high,measurement_feedback,11,110.0,code_survival,0.4950402452539316
curve,cutoff16_high,16,high,measurement_feedback,11,110.0,logical_z_signal,0.27379492410454537
curve,cutoff16_high,16,high,measurement_feedback,11,110.0,conditional_logical_z,0.5530760917510896
curve,cutoff16_high,16,high,measurement_feedback,12,120.0,fidelity,0.37637429659249017
curve,cutoff16_high,16,high,measurement_feedback,12,120.0,code_survival,0.4950549984903151
curve,cutoff16_high,16,high,measurement_feedback,12,120.0,logical_z_signal,0.2576832302400165
curve,cutoff16_high,16,high,measurement_feedback,12,120.0,conditional_logical_z,0.5205143489629014
curve,cutoff16_high,16,high,measurement_feedback,13,130.0,fidelity,0.3686781333324933
curve,cutoff16_high,16,high,measurement_feedback,13,130.0,code_survival,0.49487348053560953
curve,cutoff16_high,16,high,measurement_feedback,13,130.0,logical_z_signal,0.24247395356350662
curve,cutoff16_high,16,high,measurement_feedback,13,130.0,conditional_logical_z,0.4899716050677704
curve,cutoff16_high,16,high,measurement_feedback,14,140.0,fidelity,0.36168718345148176
curve,cutoff16_high,16,high,measurement_feedback,14,140.0,code_survival,0.4948482945752039
curve,cutoff16_high,16,high,measurement_feedback,14,140.0,logical_z_signal,0.2285193771514564
curve,cutoff16_high,16,high,measurement_feedback,14,140.0,conditional_logical_z,0.46179683684193734
curve,cutoff16_high,16,high,measurement_feedback,15,150.0,fidelity,0.3551155622868992
curve,cutoff16_high,16,high,measurement_feedback,15,150.0,code_survival,0.49475821873039477
curve,cutoff16_high,16,high,measurement_feedback,15,150.0,logical_z_signal,0.21546829255340255
curve,cutoff16_high,16,high,measurement_feedback,15,150.0,conditional_logical_z,0.43550219965282927
curve,cutoff16_high,16,high,measurement_feedback,16,160.0,fidelity,0.34906684472740046
curve,cutoff16_high,16,high,measurement_feedback,16,160.0,code_survival,0.4947263332845566
curve,cutoff16_high,16,high,measurement_feedback,16,160.0,logical_z_signal,0.20340515375248405
curve,cutoff16_high,16,high,measurement_feedback,16,160.0,conditional_logical_z,0.41114680999907377
curve,cutoff16_high,16,high,measurement_feedback,17,170.0,fidelity,0.3434177168121775
curve,cutoff16_high,16,high,measurement_feedback,17,170.0,code_survival,0.49467184483949944
curve,cutoff16_high,16,high,measurement_feedback,17,170.0,logical_z_signal,0.19216379855035182
curve,cutoff16_high,16,high,measurement_feedback,17,170.0,conditional_logical_z,0.38846722439337744
curve,cutoff16_high,16,high,measurement_feedback,18,180.0,fidelity,0.33818924414967666
curve,cutoff16_high,16,high,measurement_feedback,18,180.0,code_survival,0.4946419310151187
curve,cutoff16_high,16,high,measurement_feedback,18,180.0,logical_z_signal,0.18173935352355383
curve,cutoff16_high,16,high,measurement_feedback,18,180.0,conditional_logical_z,0.3674159874610367
curve,cutoff16_high,16,high,measurement_feedback,19,190.0,fidelity,0.33331856416792083
curve,cutoff16_high,16,high,measurement_feedback,19,190.0,code_survival,0.4946043775240691
curve,cutoff16_high,16,high,measurement_feedback,19,190.0,logical_z_signal,0.17203814255684685
curve,cutoff16_high,16,high,measurement_feedback,19,190.0,conditional_logical_z,0.3478298017054548
curve,cutoff16_high,16,high,measurement_feedback,20,200.0,fidelity,0.32879905855935276
curve,cutoff16_high,16,high,measurement_feedback,20,200.0,code_survival,0.4945786188807549
curve,cutoff16_high,16,high,measurement_feedback,20,200.0,logical_z_signal,0.16302756878058175
curve,cutoff16_high,16,high,measurement_feedback,20,200.0,conditional_logical_z,0.3296292289171692
curve,cutoff16_high,16,high,measurement_feedback,21,210.0,fidelity,0.3245927619554263
curve,cutoff16_high,16,high,measurement_feedback,21,210.0,code_survival,0.49455086475296084
curve,cutoff16_high,16,high,measurement_feedback,21,210.0,logical_z_signal,0.15464540604441077
curve,cutoff16_high,16,high,measurement_feedback,21,210.0,conditional_logical_z,0.31269868696248176
curve,cutoff16_high,16,high,measurement_feedback,22,220.0,fidelity,0.3206845915508448
curve,cutoff16_high,16,high,measurement_feedback,22,220.0,code_survival,0.49452951249268345
curve,cutoff16_high,16,high,measurement_feedback,22,220.0,logical_z_signal,0.14685312067836562
curve,cutoff16_high,16,high,measurement_feedback,22,220.0,conditional_logical_z,0.29695522101026944
curve,cutoff16_high,16,high,measurement_feedback,23,230.0,fidelity,0.31704813654223263
curve,cutoff16_high,16,high,measurement_feedback,23,230.0,code_survival,0.4945083211743941
curve,cutoff16_high,16,high,measurement_feedback,23,230.0,logical_z_signal,0.13960408594222742
curve,cutoff16_high,16,high,measurement_feedback,23,230.0,conditional_logical_z,0.28230887118478726
curve,cutoff16_high,16,high,measurement_feedback,24,240.0,fidelity,0.3136667793387112
curve,cutoff16_high,16,high,measurement_feedback,24,240.0,code_survival,0.49449100813731267
curve,cutoff16_high,16,high,measurement_feedback,24,240.0,logical_z_signal,0.1328613588505373
curve,cutoff16_high,16,high,measurement_feedback,24,240.0,conditional_logical_z,0.26868306332001834
curve,cutoff16_high,16,high,measurement_feedback,25,250.0,fidelity,0.3105202851362548
curve,cutoff16_high,16,high,measurement_feedback,25,250.0,code_survival,0.4944746188776586
curve,cutoff16_high,16,high,measurement_feedback,25,250.0,logical_z_signal,0.12658739865293345
curve,cutoff16_high,16,high,measurement_feedback,25,250.0,conditional_logical_z,0.2560038348181695
curve,cutoff16_high,16,high,measurement_feedback,26,260.0,fidelity,0.30759294192644215
curve,cutoff16_high,16,high,measurement_feedback,26,260.0,code_survival,0.49446079988761016
curve,cutoff16_high,16,high,measurement_feedback,26,260.0,logical_z_signal,0.12074913628940918
curve,cutoff16_high,16,high,measurement_feedback,26,260.0,conditional_logical_z,0.24420365844340985
curve,cutoff16_high,16,high,measurement_feedback,27,270.0,fidelity,0.30486834486263015
curve,cutoff16_high,16,high,measurement_feedback,27,270.0,code_survival,0.49444809402768275
curve,cutoff16_high,16,high,measurement_feedback,27,270.0,logical_z_signal,0.115315204489328
curve,cutoff16_high,16,high,measurement_feedback,27,270.0,conditional_logical_z,0.2332200404495276
curve,cutoff16_high,16,high,measurement_feedback,28,280.0,fidelity,0.3023324355387412
curve,cutoff16_high,16,high,measurement_feedback,28,280.0,code_survival,0.4944372094909372
curve,cutoff16_high,16,high,measurement_feedback,28,280.0,logical_z_signal,0.11025677689860724
curve,cutoff16_high,16,high,measurement_feedback,28,280.0,conditional_logical_z,0.2229944971417613
curve,cutoff16_high,16,high,measurement_feedback,29,290.0,fidelity,0.29997150770595
curve,cutoff16_high,16,high,measurement_feedback,29,290.0,code_survival,0.49442739566131005
curve,cutoff16_high,16,high,measurement_feedback,29,290.0,logical_z_signal,0.10554718306690862
curve,cutoff16_high,16,high,measurement_feedback,29,290.0,conditional_logical_z,0.2134735736593568
curve,cutoff16_high,16,high,measurement_feedback,30,300.0,fidelity,0.2977732674073455
curve,cutoff16_high,16,high,measurement_feedback,30,300.0,code_survival,0.494418932861299
curve,cutoff16_high,16,high,measurement_feedback,30,300.0,logical_z_signal,0.10116155290712803
curve,cutoff16_high,16,high,measurement_feedback,30,300.0,conditional_logical_z,0.20460695613269975
curve,cutoff16_high,16,high,measurement_feedback,31,310.0,fidelity,0.29572608704128417
curve,cutoff16_high,16,high,measurement_feedback,31,310.0,code_survival,0.49441141394048244
curve,cutoff16_high,16,high,measurement_feedback,31,310.0,logical_z_signal,0.09707703345333975
curve,cutoff16_high,16,high,measurement_feedback,31,310.0,conditional_logical_z,0.19634869001027136
curve,cutoff16_high,16,high,measurement_feedback,32,320.0,fidelity,0.29381932052701165
curve,cutoff16_high,16,high,measurement_feedback,32,320.0,code_survival,0.4944049265009758
curve,cutoff16_high,16,high,measurement_feedback,32,320.0,logical_z_signal,0.09327224349732713
curve,cutoff16_high,16,high,measurement_feedback,32,320.0,conditional_logical_z,0.18865557056123516
curve,cutoff16_high,16,high,measurement_feedback,33,330.0,fidelity,0.2920430282734625
curve,cutoff16_high,16,high,measurement_feedback,33,330.0,code_survival,0.49439923554375464
curve,cutoff16_high,16,high,measurement_feedback,33,330.0,logical_z_signal,0.0897275362397327
curve,cutoff16_high,16,high,measurement_feedback,33,330.0,conditional_logical_z,0.1814880157349915
curve,cutoff16_high,16,high,measurement_feedback,34,340.0,fidelity,0.2903880280689909
curve,cutoff16_high,16,high,measurement_feedback,34,340.0,code_survival,0.4943943452216672
curve,cutoff16_high,16,high,measurement_feedback,34,340.0,logical_z_signal,0.08642454234581912
curve,cutoff16_high,16,high,measurement_feedback,34,340.0,conditional_logical_z,0.17480892162524575
curve,cutoff16_high,16,high,measurement_feedback,35,350.0,fidelity,0.28884579033433994
curve,cutoff16_high,16,high,measurement_feedback,35,350.0,code_survival,0.49439011008837297
curve,cutoff16_high,16,high,measurement_feedback,35,350.0,logical_z_signal,0.08334634699995366
curve,cutoff16_high,16,high,measurement_feedback,35,350.0,conditional_logical_z,0.16858417128339273
curve,cutoff16_high,16,high,measurement_feedback,36,360.0,fidelity,0.2874084062456958
curve,cutoff16_high,16,high,measurement_feedback,36,360.0,code_survival,0.49438650141420837
curve,cutoff16_high,16,high,measurement_feedback,36,360.0,logical_z_signal,0.0804771612207489
curve,cutoff16_high,16,high,measurement_feedback,36,360.0,conditional_logical_z,0.16278187408139463
curve,cutoff16_high,16,high,measurement_feedback,37,370.0,fidelity,0.2860685408663494
curve,cutoff16_high,16,high,measurement_feedback,37,370.0,code_survival,0.494383422661534
curve,cutoff16_high,16,high,measurement_feedback,37,370.0,logical_z_signal,0.07780241159931403
curve,cutoff16_high,16,high,measurement_feedback,37,370.0,conditional_logical_z,0.15737261411489378
curve,cutoff16_high,16,high,measurement_feedback,38,380.0,fidelity,0.2848193832592911
curve,cutoff16_high,16,high,measurement_feedback,38,380.0,code_survival,0.49438083516196574
curve,cutoff16_high,16,high,measurement_feedback,38,380.0,logical_z_signal,0.07530851546651096
curve,cutoff16_high,16,high,measurement_feedback,38,380.0,conditional_logical_z,0.15232895393657178
curve,cutoff16_high,16,high,measurement_feedback,39,390.0,fidelity,0.28365461774524064
curve,cutoff16_high,16,high,measurement_feedback,39,390.0,code_survival,0.49437867079637554
curve,cutoff16_high,16,high,measurement_feedback,39,390.0,logical_z_signal,0.0729829102235615
curve,cutoff16_high,16,high,measurement_feedback,39,390.0,conditional_logical_z,0.1476255237832088
curve,cutoff16_high,16,high,measurement_feedback,40,400.0,fidelity,0.28256837665653595
curve,cutoff16_high,16,high,measurement_feedback,40,400.0,code_survival,0.49437689090927467
curve,cutoff16_high,16,high,measurement_feedback,40,400.0,logical_z_signal,0.07081390020248311
curve,cutoff16_high,16,high,measurement_feedback,40,400.0,conditional_logical_z,0.14323869400982678
curve,cutoff16_high,16,high,measurement_feedback,41,410.0,fidelity,0.2815552169562465
curve,cutoff16_high,16,high,measurement_feedback,41,410.0,code_survival,0.4943754451187953
curve,cutoff16_high,16,high,measurement_feedback,41,410.0,logical_z_signal,0.06879065084609297
curve,cutoff16_high,16,high,measurement_feedback,41,410.0,conditional_logical_z,0.13914657680775996
curve,cutoff16_high,16,high,measurement_feedback,42,420.0,fidelity,0.28061008055061815
curve,cutoff16_high,16,high,measurement_feedback,42,420.0,code_survival,0.49437429868602945
curve,cutoff16_high,16,high,measurement_feedback,42,420.0,logical_z_signal,0.06690308207126748
curve,cutoff16_high,16,high,measurement_feedback,42,420.0,conditional_logical_z,0.13532880299215705
curve,cutoff16_high,16,high,measurement_feedback,43,430.0,fidelity,0.27972827289428187
curve,cutoff16_high,16,high,measurement_feedback,43,430.0,code_survival,0.4943734131288645
curve,cutoff16_high,16,high,measurement_feedback,43,430.0,logical_z_signal,0.06514184473953817
curve,cutoff16_high,16,high,measurement_feedback,43,430.0,conditional_logical_z,0.13176648057843302
curve,cutoff16_high,16,high,measurement_feedback,44,440.0,fidelity,0.27890543074812185
curve,cutoff16_high,16,high,measurement_feedback,44,440.0,code_survival,0.49437275877988623
curve,cutoff16_high,16,high,measurement_feedback,44,440.0,logical_z_signal,0.06349824365247307
curve,cutoff16_high,16,high,measurement_feedback,44,440.0,conditional_logical_z,0.1284420359430543
curve,cutoff16_high,16,high,measurement_feedback,45,450.0,fidelity,0.2781375022865464
curve,cutoff16_high,16,high,measurement_feedback,45,450.0,code_survival,0.49437230566035684
curve,cutoff16_high,16,high,measurement_feedback,45,450.0,logical_z_signal,0.06196420682517841
curve,cutoff16_high,16,high,measurement_feedback,45,450.0,conditional_logical_z,0.12533915455156786
curve,cutoff16_high,16,high,measurement_feedback,46,460.0,fidelity,0.27742072096383746
curve,cutoff16_high,16,high,measurement_feedback,46,460.0,code_survival,0.49437202913872236
curve,cutoff16_high,16,high,measurement_feedback,46,460.0,logical_z_signal,0.06053222756856002
curve,cutoff16_high,16,high,measurement_feedback,46,460.0,conditional_logical_z,0.12244266261183333
curve,cutoff16_high,16,high,measurement_feedback,47,470.0,fidelity,0.2767515872989042
curve,cutoff16_high,16,high,measurement_feedback,47,470.0,code_survival,0.49437190561261696
curve,cutoff16_high,16,high,measurement_feedback,47,470.0,logical_z_signal,0.059195332338926036
curve,cutoff16_high,16,high,measurement_feedback,47,470.0,conditional_logical_z,0.119738463425773
curve,cutoff16_high,16,high,measurement_feedback,48,480.0,fidelity,0.27612684749936794
curve,cutoff16_high,16,high,measurement_feedback,48,480.0,code_survival,0.4943719149859233
curve,cutoff16_high,16,high,measurement_feedback,48,480.0,logical_z_signal,0.057947035505895875
curve,cutoff16_high,16,high,measurement_feedback,48,480.0,conditional_logical_z,0.11721344548374243
curve,cutoff16_high,16,high,measurement_feedback,49,490.0,fidelity,0.27554347709499083
curve,cutoff16_high,16,high,measurement_feedback,49,490.0,code_survival,0.49437203859734175
curve,cutoff16_high,16,high,measurement_feedback,49,490.0,logical_z_signal,0.056781308667866986
curve,cutoff16_high,16,high,measurement_feedback,49,490.0,conditional_logical_z,0.1148554210892871
curve,cutoff16_high,16,high,measurement_feedback,50,500.0,fidelity,0.27499866324624933
curve,cutoff16_high,16,high,measurement_feedback,50,500.0,code_survival,0.4943722602502109
curve,cutoff16_high,16,high,measurement_feedback,50,500.0,logical_z_signal,0.05569254423276809
curve,cutoff16_high,16,high,measurement_feedback,50,500.0,conditional_logical_z,0.11265305258952246
curve,cutoff16_high,16,high,measurement_feedback,51,510.0,fidelity,0.2744897902615171
curve,cutoff16_high,16,high,measurement_feedback,51,510.0,code_survival,0.4943725651907007
curve,cutoff16_high,16,high,measurement_feedback,51,510.0,logical_z_signal,0.05467552745970956
curve,cutoff16_high,16,high,measurement_feedback,51,510.0,conditional_logical_z,0.11059579618585602
curve,cutoff16_high,16,high,measurement_feedback,52,520.0,fidelity,0.2740144247967454
curve,cutoff16_high,16,high,measurement_feedback,52,520.0,code_survival,0.49437294049215563
curve,cutoff16_high,16,high,measurement_feedback,52,520.0,logical_z_signal,0.05372540646729932
curve,cutoff16_high,16,high,measurement_feedback,52,520.0,conditional_logical_z,0.10867384127823598
curve,cutoff16_high,16,high,measurement_feedback,53,530.0,fidelity,0.2735703031767458
curve,cutoff16_high,16,high,measurement_feedback,53,530.0,code_survival,0.49437337452631236
curve,cutoff16_high,16,high,measurement_feedback,53,530.0,logical_z_signal,0.05283766739539336
curve,cutoff16_high,16,high,measurement_feedback,53,530.0,conditional_logical_z,0.10687806042552388
curve,cutoff16_high,16,high,measurement_feedback,54,540.0,fidelity,0.27315531890728256
curve,cutoff16_high,16,high,measurement_feedback,54,540.0,code_survival,0.4943738570687683
curve,cutoff16_high,16,high,measurement_feedback,54,540.0,logical_z_signal,0.052008109318159905
curve,cutoff16_high,16,high,measurement_feedback,54,540.0,conditional_logical_z,0.10519995864369802
curve,cutoff16_high,16,high,measurement_feedback,55,550.0,fidelity,0.2727675116538483
curve,cutoff16_high,16,high,measurement_feedback,55,550.0,code_survival,0.4943743790052811
curve,cutoff16_high,16,high,measurement_feedback,55,550.0,logical_z_signal,0.051232822488895255
curve,cutoff16_high,16,high,measurement_feedback,55,550.0,conditional_logical_z,0.1036316295192716
curve,cutoff16_high,16,high,measurement_feedback,56,560.0,fidelity,0.2724050566381029
curve,cutoff16_high,16,high,measurement_feedback,56,560.0,code_survival,0.494374932323546
curve,cutoff16_high,16,high,measurement_feedback,56,560.0,logical_z_signal,0.05050816713681512
curve,cutoff16_high,16,high,measurement_feedback,56,560.0,conditional_logical_z,0.10216571236617598
curve,cutoff16_high,16,high,measurement_feedback,57,570.0,fidelity,0.27206625509932963
curve,cutoff16_high,16,high,measurement_feedback,57,570.0,code_survival,0.4943755099350854
curve,cutoff16_high,16,high,measurement_feedback,57,570.0,logical_z_signal,0.049830754563809504
curve,cutoff16_high,16,high,measurement_feedback,57,570.0,conditional_logical_z,0.10079535406264885
curve,cutoff16_high,16,high,measurement_feedback,58,580.0,fidelity,0.27174952525021073
curve,cutoff16_high,16,high,measurement_feedback,58,580.0,code_survival,0.4943761056261851
curve,cutoff16_high,16,high,measurement_feedback,58,580.0,logical_z_signal,0.04919742910203009
curve,cutoff16_high,16,high,measurement_feedback,58,580.0,conditional_logical_z,0.09951417259480166
curve,cutoff16_high,16,high,measurement_feedback,59,590.0,fidelity,0.27145339404246843
curve,cutoff16_high,16,high,measurement_feedback,59,590.0,code_survival,0.4943767139397049
curve,cutoff16_high,16,high,measurement_feedback,59,590.0,logical_z_signal,0.048605251760653154
curve,cutoff16_high,16,high,measurement_feedback,59,590.0,conditional_logical_z,0.09831622402543244
curve,cutoff16_high,16,high,measurement_feedback,60,600.0,fidelity,0.2711764894280591
curve,cutoff16_high,16,high,measurement_feedback,60,600.0,code_survival,0.49437733011620383
curve,cutoff16_high,16,high,measurement_feedback,60,600.0,logical_z_signal,0.04805148480521646
curve,cutoff16_high,16,high,measurement_feedback,60,600.0,conditional_logical_z,0.09719597133210359
curve,cutoff16_high,16,high,measurement_feedback,61,610.0,fidelity,0.27091753326013496
curve,cutoff16_high,16,high,measurement_feedback,61,610.0,code_survival,0.494377950009315
curve,cutoff16_high,16,high,measurement_feedback,61,610.0,logical_z_signal,0.04753357764260804
curve,cutoff16_high,16,high,measurement_feedback,61,610.0,conditional_logical_z,0.0961482558874489
curve,cutoff16_high,16,high,measurement_feedback,62,620.0,fidelity,0.27067533465613075
curve,cutoff16_high,16,high,measurement_feedback,62,620.0,code_survival,0.4943785700294371
curve,cutoff16_high,16,high,measurement_feedback,62,620.0,logical_z_signal,0.04704915360251907
curve,cutoff16_high,16,high,measurement_feedback,62,620.0,conditional_logical_z,0.0951682707438504
curve,cutoff16_high,16,high,measurement_feedback,63,630.0,fidelity,0.27044878388088583
curve,cutoff16_high,16,high,measurement_feedback,63,630.0,code_survival,0.4943791870797729
curve,cutoff16_high,16,high,measurement_feedback,63,630.0,logical_z_signal,0.04659599776694854
curve,cutoff16_high,16,high,measurement_feedback,63,630.0,conditional_logical_z,0.09425153603691212
curve,cutoff16_high,16,high,measurement_feedback,64,640.0,fidelity,0.27023684664514375
curve,cutoff16_high,16,high,measurement_feedback,64,640.0,code_survival,0.4943797985068398
curve,cutoff16_high,16,high,measurement_feedback,64,640.0,logical_z_signal,0.04617204561636533
curve,cutoff16_high,16,high,measurement_feedback,64,640.0,conditional_logical_z,0.09339387603582781
curve,cutoff16_high,16,high,measurement_feedback,65,650.0,fidelity,0.27003855883526606
curve,cutoff16_high,16,high,measurement_feedback,65,650.0,code_survival,0.49438040205047973
curve,cutoff16_high,16,high,measurement_feedback,65,650.0,logical_z_signal,0.045775372539067716
curve,cutoff16_high,16,high,measurement_feedback,65,650.0,conditional_logical_z,0.09259139793812807
curve,cutoff16_high,16,high,measurement_feedback,66,660.0,fidelity,0.26985302160892394
curve,cutoff16_high,16,high,measurement_feedback,66,660.0,code_survival,0.49438099580203876
curve,cutoff16_high,16,high,measurement_feedback,66,660.0,logical_z_signal,0.04540418406459694
curve,cutoff16_high,16,high,measurement_feedback,66,660.0,conditional_logical_z,0.0918404721260317
curve,cutoff16_high,16,high,measurement_feedback,67,670.0,fidelity,0.26967939685312553
curve,cutoff16_high,16,high,measurement_feedback,67,670.0,code_survival,0.4943815781645712
curve,cutoff16_high,16,high,measurement_feedback,67,670.0,logical_z_signal,0.045056806820005214
curve,cutoff16_high,16,high,measurement_feedback,67,670.0,conditional_logical_z,0.09113771388343797
curve,cutoff16_high,16,high,measurement_feedback,68,680.0,fidelity,0.2695169029611436
curve,cutoff16_high,16,high,measurement_feedback,68,680.0,code_survival,0.49438214781821604
curve,cutoff16_high,16,high,measurement_feedback,68,680.0,logical_z_signal,0.04473168011894184
curve,cutoff16_high,16,high,measurement_feedback,68,680.0,conditional_logical_z,0.0904799663910794
curve,cutoff16_high,16,high,measurement_feedback,69,690.0,fidelity,0.2693648109165305
curve,cutoff16_high,16,high,measurement_feedback,69,690.0,code_survival,0.49438270368823595
curve,cutoff16_high,16,high,measurement_feedback,69,690.0,logical_z_signal,0.04442734816240712
curve,cutoff16_high,16,high,measurement_feedback,69,690.0,conditional_logical_z,0.08986428495771885
curve,cutoff16_high,16,high,measurement_feedback,70,700.0,fidelity,0.26922244065331846
curve,cutoff16_high,16,high,measurement_feedback,70,700.0,code_survival,0.49438324491668645
curve,cutoff16_high,16,high,measurement_feedback,70,700.0,logical_z_signal,0.04414245278837843
curve,cutoff16_high,16,high,measurement_feedback,70,700.0,conditional_logical_z,0.08928792236034885
event_accounting,cutoff16_high,16,high,measurement_feedback,,700.0,full_cycles,70
event_accounting,cutoff16_high,16,high,measurement_feedback,,700.0,half_cycles,140
event_accounting,cutoff16_high,16,high,measurement_feedback,,700.0,total_physical_time_us,700.0
event_accounting,cutoff16_high,16,high,measurement_feedback,,700.0,measurement_events,140
event_accounting,cutoff16_high,16,high,measurement_feedback,,700.0,reset_events,140
event_accounting,cutoff16_high,16,high,measurement_feedback,,700.0,active_gate_applications,1260
event_accounting,cutoff16_high,16,high,measurement_feedback,,700.0,qubit_rotations,560
event_accounting,cutoff16_high,16,high,measurement_feedback,,700.0,echoed_conditional_displacements,420
event_accounting,cutoff16_high,16,high,measurement_feedback,,700.0,fixed_cavity_displacements,140
event_accounting,cutoff16_high,16,high,measurement_feedback,,700.0,virtual_rotations,140
event_accounting,cutoff16_high,16,high,measurement_feedback,,700.0,cycles_per_100us,10.0
event_accounting,cutoff16_high,16,high,measurement_feedback,,700.0,measurements_per_100us,20.0
event_accounting,cutoff16_high,16,high,measurement_feedback,,700.0,resets_per_100us,20.0
event_accounting,cutoff16_high,16,high,measurement_feedback,,700.0,active_gates_per_100us,180.0
event_accounting,cutoff16_high,16,high,measurement_feedback,,700.0,outcome_dependent_parameter_updates,0
curve,cutoff16_high,16,high,autonomous,0,0.0,fidelity,1.0
curve,cutoff16_high,16,high,autonomous,0,0.0,code_survival,1.0
curve,cutoff16_high,16,high,autonomous,0,0.0,logical_z_signal,0.9999978542269834
curve,cutoff16_high,16,high,autonomous,0,0.0,conditional_logical_z,0.9999978542269834
curve,cutoff16_high,16,high,autonomous,1,7.0,fidelity,0.5101559098513619
curve,cutoff16_high,16,high,autonomous,1,7.0,code_survival,0.5133256582455697
curve,cutoff16_high,16,high,autonomous,1,7.0,logical_z_signal,0.5069727572741067
curve,cutoff16_high,16,high,autonomous,1,7.0,conditional_logical_z,0.9876240338478778
curve,cutoff16_high,16,high,autonomous,2,14.0,fidelity,0.576557800092411
curve,cutoff16_high,16,high,autonomous,2,14.0,code_survival,0.5922332814858332
curve,cutoff16_high,16,high,autonomous,2,14.0,logical_z_signal,0.5609000362196699
curve,cutoff16_high,16,high,autonomous,2,14.0,conditional_logical_z,0.9470930691575582
curve,cutoff16_high,16,high,autonomous,3,21.0,fidelity,0.49761227313636436
curve,cutoff16_high,16,high,autonomous,3,21.0,code_survival,0.5177444252018238
curve,cutoff16_high,16,high,autonomous,3,21.0,logical_z_signal,0.4774803874622266
curve,cutoff16_high,16,high,autonomous,3,21.0,conditional_logical_z,0.9222318275587386
curve,cutoff16_high,16,high,autonomous,4,28.0,fidelity,0.4997497008944326
curve,cutoff16_high,16,high,autonomous,4,28.0,code_survival,0.5347103912499751
curve,cutoff16_high,16,high,autonomous,4,28.0,logical_z_signal,0.4647883378334146
curve,cutoff16_high,16,high,autonomous,4,28.0,conditional_logical_z,0.8692337860629452
curve,cutoff16_high,16,high,autonomous,5,35.0,fidelity,0.47113741869691494
curve,cutoff16_high,16,high,autonomous,5,35.0,code_survival,0.5168542532983798
curve,cutoff16_high,16,high,autonomous,5,35.0,logical_z_signal,0.4254125134605725
curve,cutoff16_high,16,high,autonomous,5,35.0,conditional_logical_z,0.8230802218337981
curve,cutoff16_high,16,high,autonomous,6,42.0,fidelity,0.46248026848229973
curve,cutoff16_high,16,high,autonomous,6,42.0,code_survival,0.5207701178750173
curve,cutoff16_high,16,high,autonomous,6,42.0,logical_z_signal,0.4041807814717726
curve,cutoff16_high,16,high,autonomous,6,42.0,conditional_logical_z,0.7761213011242215
curve,cutoff16_high,16,high,autonomous,7,49.0,fidelity,0.4469460942046435
curve,cutoff16_high,16,high,autonomous,7,49.0,code_survival,0.5161964553621045
curve,cutoff16_high,16,high,autonomous,7,49.0,logical_z_signal,0.37768215396381716
curve,cutoff16_high,16,high,autonomous,7,49.0,conditional_logical_z,0.731663594433012
curve,cutoff16_high,16,high,autonomous,8,56.0,fidelity,0.4368914948071722
curve,cutoff16_high,16,high,autonomous,8,56.0,code_survival,0.5169030519515933
curve,cutoff16_high,16,high,autonomous,8,56.0,logical_z_signal,0.3568662116229319
curve,cutoff16_high,16,high,autonomous,8,56.0,conditional_logical_z,0.6903929281817272
curve,cutoff16_high,16,high,autonomous,9,63.0,fidelity,0.4257016571205363
curve,cutoff16_high,16,high,autonomous,9,63.0,code_survival,0.5156219584884909
curve,cutoff16_high,16,high,autonomous,9,63.0,logical_z_signal,0.33576597047883555
curve,cutoff16_high,16,high,autonomous,9,63.0,conditional_logical_z,0.6511863293470077
curve,cutoff16_high,16,high,autonomous,10,70.0,fidelity,0.41637904314606583
curve,cutoff16_high,16,high,autonomous,10,70.0,code_survival,0.5156495921127355
curve,cutoff16_high,16,high,autonomous,10,70.0,logical_z_signal,0.3170937937073033
curve,cutoff16_high,16,high,autonomous,10,70.0,conditional_logical_z,0.61494045289185
curve,cutoff16_high,16,high,autonomous,11,77.0,fidelity,0.40723469537936957
curve,cutoff16_high,16,high,autonomous,11,77.0,code_survival,0.515220551292391
curve,cutoff16_high,16,high,autonomous,11,77.0,logical_z_signal,0.2992340429405204
curve,cutoff16_high,16,high,autonomous,11,77.0,conditional_logical_z,0.5807882511478141
curve,cutoff16_high,16,high,autonomous,12,84.0,fidelity,0.39898660480345005
curve,cutoff16_high,16,high,autonomous,12,84.0,code_survival,0.5151326437895293
curve,cutoff16_high,16,high,autonomous,12,84.0,logical_z_signal,0.28282701502491375
curve,cutoff16_high,16,high,autonomous,12,84.0,conditional_logical_z,0.5490372594994583
curve,cutoff16_high,16,high,autonomous,13,91.0,fidelity,0.3911767576894554
curve,cutoff16_high,16,high,autonomous,13,91.0,code_survival,0.5149435009739513
curve,cutoff16_high,16,high,autonomous,13,91.0,logical_z_signal,0.26739739451775824
curve,cutoff16_high,16,high,autonomous,13,91.0,conditional_logical_z,0.5192752098278928
curve,cutoff16_high,16,high,autonomous,14,98.0,fidelity,0.38395648301901
curve,cutoff16_high,16,high,autonomous,14,98.0,code_survival,0.5148512720656986
curve,cutoff16_high,16,high,autonomous,14,98.0,logical_z_signal,0.2530507572328529
curve,cutoff16_high,16,high,autonomous,14,98.0,conditional_logical_z,0.49150263573702874
curve,cutoff16_high,16,high,autonomous,15,105.0,fidelity,0.37718689698625085
curve,cutoff16_high,16,high,autonomous,15,105.0,code_survival,0.5147404453863459
curve,cutoff16_high,16,high,autonomous,15,105.0,logical_z_signal,0.23962400993363753
curve,cutoff16_high,16,high,autonomous,15,105.0,conditional_logical_z,0.46552395888336356
curve,cutoff16_high,16,high,autonomous,16,112.0,fidelity,0.37087902461718775
curve,cutoff16_high,16,high,autonomous,16,112.0,code_survival,0.5146614286043266
curve,cutoff16_high,16,high,autonomous,16,112.0,logical_z_signal,0.22708930573980832
curve,cutoff16_high,16,high,autonomous,16,112.0,conditional_logical_z,0.441240188439292
curve,cutoff16_high,16,high,autonomous,17,119.0,fidelity,0.3649799960626472
curve,cutoff16_high,16,high,autonomous,17,119.0,code_survival,0.5145827701416152
curve,cutoff16_high,16,high,autonomous,17,119.0,logical_z_signal,0.21537193736591947
curve,cutoff16_high,16,high,autonomous,17,119.0,conditional_logical_z,0.4185370165166009
curve,cutoff16_high,16,high,autonomous,18,126.0,fidelity,0.35946886718430215
curve,cutoff16_high,16,high,autonomous,18,126.0,code_survival,0.5145172753374705
curve,cutoff16_high,16,high,autonomous,18,126.0,logical_z_signal,0.20441744765251088
curve,cutoff16_high,16,high,autonomous,18,126.0,conditional_logical_z,0.3972994833233423
curve,cutoff16_high,16,high,autonomous,19,133.0,fidelity,0.35431714372532047
curve,cutoff16_high,16,high,autonomous,19,133.0,code_survival,0.5144559819816108
curve,cutoff16_high,16,high,autonomous,19,133.0,logical_z_signal,0.1941775978899335
curve,cutoff16_high,16,high,autonomous,19,133.0,conditional_logical_z,0.3774425892415308
curve,cutoff16_high,16,high,autonomous,20,140.0,fidelity,0.34949951955948044
curve,cutoff16_high,16,high,autonomous,20,140.0,code_survival,0.514401914172595
curve,cutoff16_high,16,high,autonomous,20,140.0,logical_z_signal,0.18459885711092028
curve,cutoff16_high,16,high,autonomous,20,140.0,conditional_logical_z,0.3588611395582456
curve,cutoff16_high,16,high,autonomous,21,147.0,fidelity,0.3449952256884121
curve,cutoff16_high,16,high,autonomous,21,147.0,code_survival,0.5143523129398605
curve,cutoff16_high,16,high,autonomous,21,147.0,logical_z_signal,0.17564233586166908
curve,cutoff16_high,16,high,autonomous,21,147.0,conditional_logical_z,0.34148254307977743
curve,cutoff16_high,16,high,autonomous,22,154.0,fidelity,0.340781166154268
curve,cutoff16_high,16,high,autonomous,22,154.0,code_survival,0.5143076741359042
curve,cutoff16_high,16,high,autonomous,22,154.0,logical_z_signal,0.16726139037925591
curve,cutoff16_high,16,high,autonomous,22,154.0,conditional_logical_z,0.32521659463914127
curve,cutoff16_high,16,high,autonomous,23,161.0,fidelity,0.33683980339755126
curve,cutoff16_high,16,high,autonomous,23,161.0,code_survival,0.5142669923501049
curve,cutoff16_high,16,high,autonomous,23,161.0,logical_z_signal,0.15942189149253913
curve,cutoff16_high,16,high,autonomous,23,161.0,conditional_logical_z,0.3099982963402155
curve,cutoff16_high,16,high,autonomous,24,168.0,fidelity,0.333151326441105
curve,cutoff16_high,16,high,autonomous,24,168.0,code_survival,0.51423015206755
curve,cutoff16_high,16,high,autonomous,24,168.0,logical_z_signal,0.15208434873511045
curve,cutoff16_high,16,high,autonomous,24,168.0,conditional_logical_z,0.29575151928300863
curve,cutoff16_high,16,high,autonomous,25,175.0,fidelity,0.32970024094109046
curve,cutoff16_high,16,high,autonomous,25,175.0,code_survival,0.5141966647345003
curve,cutoff16_high,16,high,autonomous,25,175.0,logical_z_signal,0.1452182286006101
curve,cutoff16_high,16,high,autonomous,25,175.0,conditional_logical_z,0.2824176789936821
curve,cutoff16_high,16,high,autonomous,26,182.0,fidelity,0.32646975497541836
curve,cutoff16_high,16,high,autonomous,26,182.0,code_survival,0.5141663012449227
curve,cutoff16_high,16,high,autonomous,26,182.0,logical_z_signal,0.13879018009076663
curve,cutoff16_high,16,high,autonomous,26,182.0,conditional_logical_z,0.26993247078760624
curve,cutoff16_high,16,high,autonomous,27,189.0,fidelity,0.3234460876571518
curve,cutoff16_high,16,high,autonomous,27,189.0,code_survival,0.5141387447934817
curve,cutoff16_high,16,high,autonomous,27,189.0,logical_z_signal,0.13277293868814674
curve,cutoff16_high,16,high,autonomous,27,189.0,conditional_logical_z,0.25824340225803977
curve,cutoff16_high,16,high,autonomous,28,196.0,fidelity,0.3206149709812261
curve,cutoff16_high,16,high,autonomous,28,196.0,code_survival,0.514113772585742
curve,cutoff16_high,16,high,autonomous,28,196.0,logical_z_signal,0.12713819007307559
curve,cutoff16_high,16,high,autonomous,28,196.0,conditional_logical_z,0.247295826045726
curve,cutoff16_high,16,high,autonomous,29,203.0,fidelity,0.31796419536880277
curve,cutoff16_high,16,high,autonomous,29,203.0,code_survival,0.5140911424352195
curve,cutoff16_high,16,high,autonomous,29,203.0,logical_z_signal,0.12186174538832262
curve,cutoff16_high,16,high,autonomous,29,203.0,conditional_logical_z,0.23704307530192156
curve,cutoff16_high,16,high,autonomous,30,210.0,fidelity,0.3154815663587173
curve,cutoff16_high,16,high,autonomous,30,210.0,code_survival,0.5140706606035227
curve,cutoff16_high,16,high,autonomous,30,210.0,logical_z_signal,0.1169194068725333
curve,cutoff16_high,16,high,autonomous,30,210.0,conditional_logical_z,0.22743839676683564
curve,cutoff16_high,16,high,autonomous,31,217.0,fidelity,0.31315632305292307
curve,cutoff16_high,16,high,autonomous,31,217.0,code_survival,0.5140521301727088
curve,cutoff16_high,16,high,autonomous,31,217.0,logical_z_signal,0.11228984224890938
curve,cutoff16_high,16,high,autonomous,31,217.0,conditional_logical_z,0.21844057374333373
curve,cutoff16_high,16,high,autonomous,32,224.0,fidelity,0.3109779842135916
curve,cutoff16_high,16,high,autonomous,32,224.0,code_survival,0.5140353866000074
curve,cutoff16_high,16,high,autonomous,32,224.0,logical_z_signal,0.10795225099373534
curve,cutoff16_high,16,high,autonomous,32,224.0,conditional_logical_z,0.2100093764123238
curve,cutoff16_high,16,high,autonomous,33,231.0,fidelity,0.30893710525284757
curve,cutoff16_high,16,high,autonomous,33,231.0,code_survival,0.5140202669320832
curve,cutoff16_high,16,high,autonomous,33,231.0,logical_z_signal,0.10388790227607908
curve,cutoff16_high,16,high,autonomous,33,231.0,conditional_logical_z,0.20210857228671422
curve,cutoff16_high,16,high,autonomous,34,238.0,fidelity,0.30702463686468784
curve,cutoff16_high,16,high,autonomous,34,238.0,code_survival,0.5140066319956846
curve,cutoff16_high,16,high,autonomous,34,238.0,logical_z_signal,0.10007883461621515
curve,cutoff16_high,16,high,autonomous,34,238.0,conditional_logical_z,0.19470339172015852
curve,cutoff16_high,16,high,autonomous,35,245.0,fidelity,0.30523231282082003
curve,cutoff16_high,16,high,autonomous,35,245.0,code_survival,0.5139943463882032
curve,cutoff16_high,16,high,autonomous,35,245.0,logical_z_signal,0.09650864818922941
curve,cutoff16_high,16,high,autonomous,35,245.0,conditional_logical_z,0.18776208117343682
curve,cutoff16_high,16,high,autonomous,36,252.0,fidelity,0.3035522940660131
curve,cutoff16_high,16,high,autonomous,36,252.0,code_survival,0.5139832925259427
curve,cutoff16_high,16,high,autonomous,36,252.0,logical_z_signal,0.09316178113060405
curve,cutoff16_high,16,high,autonomous,36,252.0,conditional_logical_z,0.18125449306487298
curve,cutoff16_high,16,high,autonomous,37,259.0,fidelity,0.30197735757500405
curve,cutoff16_high,16,high,autonomous,37,259.0,code_survival,0.5139733577872977
curve,cutoff16_high,16,high,autonomous,37,259.0,logical_z_signal,0.09002389851002228
curve,cutoff16_high,16,high,autonomous,37,259.0,conditional_logical_z,0.1751528501352354
curve,cutoff16_high,16,high,autonomous,38,266.0,fidelity,0.30050069630698684
curve,cutoff16_high,16,high,autonomous,38,266.0,code_survival,0.5139644429895908
curve,cutoff16_high,16,high,autonomous,38,266.0,logical_z_signal,0.08708148476992213
curve,cutoff16_high,16,high,autonomous,38,266.0,conditional_logical_z,0.1694309518055236
curve,cutoff16_high,16,high,autonomous,39,273.0,fidelity,0.29911600396661137
curve,cutoff16_high,16,high,autonomous,39,273.0,code_survival,0.51395645441154
curve,cutoff16_high,16,high,autonomous,39,273.0,logical_z_signal,0.08432202044675538
curve,cutoff16_high,16,high,autonomous,39,273.0,conditional_logical_z,0.16406452282674566
curve,cutoff16_high,16,high,autonomous,40,280.0,fidelity,0.2978173592537961
curve,cutoff16_high,16,high,autonomous,40,280.0,code_survival,0.5139493085818518
curve,cutoff16_high,16,high,autonomous,40,280.0,logical_z_signal,0.08173374634007063
curve,cutoff16_high,16,high,autonomous,40,280.0,conditional_logical_z,0.15903075454192128
curve,cutoff16_high,16,high,autonomous,41,287.0,fidelity,0.29659925775827456
curve,cutoff16_high,16,high,autonomous,41,287.0,code_survival,0.5139429274779711
curve,cutoff16_high,16,high,autonomous,41,287.0,logical_z_signal,0.07930573171849242
curve,cutoff16_high,16,high,autonomous,41,287.0,conditional_logical_z,0.15430844064274368
curve,cutoff16_high,16,high,autonomous,42,294.0,fidelity,0.2954565418222002
curve,cutoff16_high,16,high,autonomous,42,294.0,code_survival,0.5139372410285682
curve,cutoff16_high,16,high,autonomous,42,294.0,logical_z_signal,0.07702773174320693
curve,cutoff16_high,16,high,autonomous,42,294.0,conditional_logical_z,0.1498777002208431
curve,cutoff16_high,16,high,autonomous,43,301.0,fidelity,0.29438440658263687
curve,cutoff16_high,16,high,autonomous,43,301.0,code_survival,0.513932184272102
curve,cutoff16_high,16,high,autonomous,43,301.0,logical_z_signal,0.07489020220006254
curve,cutoff16_high,16,high,autonomous,43,301.0,conditional_logical_z,0.1457200083822963
curve,cutoff16_high,16,high,autonomous,44,308.0,fidelity,0.2933783548113631
curve,cutoff16_high,16,high,autonomous,44,308.0,code_survival,0.5139276985328549
curve,cutoff16_high,16,high,autonomous,44,308.0,logical_z_signal,0.07288420808503006
curve,cutoff16_high,16,high,autonomous,44,308.0,conditional_logical_z,0.14181801894137575
curve,cutoff16_high,16,high,autonomous,45,315.0,fidelity,0.29243419104719
curve,cutoff16_high,16,high,autonomous,45,315.0,code_survival,0.513923729737333
curve,cutoff16_high,16,high,autonomous,45,315.0,logical_z_signal,0.07100141345049679
curve,cutoff16_high,16,high,autonomous,45,315.0,conditional_logical_z,0.13815554593438542
curve,cutoff16_high,16,high,autonomous,46,322.0,fidelity,0.29154799047246066
curve,cutoff16_high,16,high,autonomous,46,322.0,code_survival,0.5139202288681879
curve,cutoff16_high,16,high,autonomous,46,322.0,logical_z_signal,0.06923401873265164
curve,cutoff16_high,16,high,autonomous,46,322.0,conditional_logical_z,0.13471744220912743
curve,cutoff16_high,16,high,autonomous,47,329.0,fidelity,0.2907160881678142
curve,cutoff16_high,16,high,autonomous,47,329.0,code_survival,0.5139171509446637
curve,cutoff16_high,16,high,autonomous,47,329.0,logical_z_signal,0.06757474022423013
curve,cutoff16_high,16,high,autonomous,47,329.0,conditional_logical_z,0.13148956033091463
curve,cutoff16_high,16,high,autonomous,48,336.0,fidelity,0.28993505621742904
curve,cutoff16_high,16,high,autonomous,48,336.0,code_survival,0.5139144551095243
curve,cutoff16_high,16,high,autonomous,48,336.0,logical_z_signal,0.06601676420327696
curve,cutoff16_high,16,high,autonomous,48,336.0,conditional_logical_z,0.1284586637852162
curve,cutoff16_high,16,high,autonomous,49,343.0,fidelity,0.2892016915308627
curve,cutoff16_high,16,high,autonomous,49,343.0,code_survival,0.5139121039850263
curve,cutoff16_high,16,high,autonomous,49,343.0,logical_z_signal,0.0645537231876663
curve,cutoff16_high,16,high,autonomous,49,343.0,conditional_logical_z,0.12561238135295447
curve,cutoff16_high,16,high,autonomous,50,350.0,fidelity,0.2885129980609209
curve,cutoff16_high,16,high,autonomous,50,350.0,code_survival,0.5139100635895866
curve,cutoff16_high,16,high,autonomous,50,350.0,logical_z_signal,0.06317966045026363
curve,cutoff16_high,16,high,autonomous,50,350.0,conditional_logical_z,0.12293913843399554
curve,cutoff16_high,16,high,autonomous,51,357.0,fidelity,0.28786617480453724
curve,cutoff16_high,16,high,autonomous,51,357.0,code_survival,0.513908302907016
curve,cutoff16_high,16,high,autonomous,51,357.0,logical_z_signal,0.06188900643054878
curve,cutoff16_high,16,high,autonomous,51,357.0,conditional_logical_z,0.12042811155309681
curve,cutoff16_high,16,high,autonomous,52,364.0,fidelity,0.28725860142284293
curve,cutoff16_high,16,high,autonomous,52,364.0,code_survival,0.5139067937360828
curve,cutoff16_high,16,high,autonomous,52,364.0,logical_z_signal,0.06067655011842943
curve,cutoff16_high,16,high,autonomous,52,364.0,conditional_logical_z,0.11806917296678103
curve,cutoff16_high,16,high,autonomous,53,371.0,fidelity,0.28668782711377583
curve,cutoff16_high,16,high,autonomous,53,371.0,code_survival,0.5139055103840066
curve,cutoff16_high,16,high,autonomous,53,371.0,logical_z_signal,0.059537417091996864
curve,cutoff16_high,16,high,autonomous,53,371.0,conditional_logical_z,0.115852848216219
curve,cutoff16_high,16,high,autonomous,54,378.0,fidelity,0.28615155865911995
curve,cutoff16_high,16,high,autonomous,54,378.0,code_survival,0.513904429499867
curve,cutoff16_high,16,high,autonomous,54,378.0,logical_z_signal,0.05846704577124898
curve,cutoff16_high,16,high,autonomous,54,378.0,conditional_logical_z,0.11377027014176398
curve,cutoff16_high,16,high,autonomous,55,385.0,fidelity,0.28564765041114437
curve,cutoff16_high,16,high,autonomous,55,385.0,code_survival,0.5139035298440648
curve,cutoff16_high,16,high,autonomous,55,385.0,logical_z_signal,0.0574611676121607
curve,cutoff16_high,16,high,autonomous,55,385.0,conditional_logical_z,0.11181314055109973
curve,cutoff16_high,16,high,autonomous,56,392.0,fidelity,0.2851740941794777
curve,cutoff16_high,16,high,autonomous,56,392.0,code_survival,0.5139027921288002
curve,cutoff16_high,16,high,autonomous,56,392.0,logical_z_signal,0.056515787033849796
curve,cutoff16_high,16,high,autonomous,56,392.0,conditional_logical_z,0.10997369132737687
curve,cutoff16_high,16,high,autonomous,57,399.0,fidelity,0.28472901036124537
curve,cutoff16_high,16,high,autonomous,57,399.0,code_survival,0.5139021988371187
curve,cutoff16_high,16,high,autonomous,57,399.0,logical_z_signal,0.05562716385283408
curve,cutoff16_high,16,high,autonomous,57,399.0,conditional_logical_z,0.10824465039984214
curve,cutoff16_high,16,high,autonomous,58,406.0,fidelity,0.2843106392896214
curve,cutoff16_high,16,high,autonomous,58,406.0,code_survival,0.5139017340796378
curve,cutoff16_high,16,high,autonomous,58,406.0,logical_z_signal,0.054791796118449684
curve,cutoff16_high,16,high,autonomous,58,406.0,conditional_logical_z,0.10661920846906262
curve,cutoff16_high,16,high,autonomous,59,413.0,fidelity,0.28391733344269593
curve,cutoff16_high,16,high,autonomous,59,413.0,code_survival,0.513901383448349
curve,cutoff16_high,16,high,autonomous,59,413.0,logical_z_signal,0.054006404671760336
curve,cutoff16_high,16,high,autonomous,59,413.0,conditional_logical_z,0.10509098907142442
curve,cutoff16_high,16,high,autonomous,60,420.0,fidelity,0.2835475499919522
curve,cutoff16_high,16,high,autonomous,60,420.0,code_survival,0.5139011338920167
curve,cutoff16_high,16,high,autonomous,60,420.0,logical_z_signal,0.05326791836329324
curve,cutoff16_high,16,high,autonomous,60,420.0,conditional_logical_z,0.10365401990820697
curve,cutoff16_high,16,high,autonomous,61,427.0,fidelity,0.28319984398893333
curve,cutoff16_high,16,high,autonomous,61,427.0,code_survival,0.5139009735959545
curve,cutoff16_high,16,high,autonomous,61,427.0,logical_z_signal,0.0525734605430099
curve,cutoff16_high,16,high,autonomous,61,427.0,conditional_logical_z,0.10230270663846776
curve,cutoff16_high,16,high,autonomous,62,434.0,fidelity,0.28287286192007466
curve,cutoff16_high,16,high,autonomous,62,434.0,code_survival,0.5139008918755043
curve,cutoff16_high,16,high,autonomous,62,434.0,logical_z_signal,0.05192033627368626
curve,cutoff16_high,16,high,autonomous,62,434.0,conditional_logical_z,0.1010318080675063
curve,cutoff16_high,16,high,autonomous,63,441.0,fidelity,0.28256533576168497
curve,cutoff16_high,16,high,autonomous,63,441.0,code_survival,0.513900879076185
curve,cutoff16_high,16,high,autonomous,63,441.0,logical_z_signal,0.05130602053823547
curve,cutoff16_high,16,high,autonomous,63,441.0,conditional_logical_z,0.0998364132602105
curve,cutoff16_high,16,high,autonomous,64,448.0,fidelity,0.28227607739018595
curve,cutoff16_high,16,high,autonomous,64,448.0,code_survival,0.5139009264834817
curve,cutoff16_high,16,high,autonomous,64,448.0,logical_z_signal,0.050728147148447235
curve,cutoff16_high,16,high,autonomous,64,448.0,conditional_logical_z,0.09871192001067113
curve,cutoff16_high,16,high,autonomous,65,455.0,fidelity,0.28200397339983896
curve,cutoff16_high,16,high,autonomous,65,455.0,code_survival,0.5139010262394964
curve,cutoff16_high,16,high,autonomous,65,455.0,logical_z_signal,0.0501844984621486
curve,cutoff16_high,16,high,autonomous,65,455.0,conditional_logical_z,0.09765401487787809
curve,cutoff16_high,16,high,autonomous,66,462.0,fidelity,0.28174798024610426
curve,cutoff16_high,16,high,autonomous,66,462.0,code_survival,0.5139011712669577
curve,cutoff16_high,16,high,autonomous,66,462.0,logical_z_signal,0.04967299574466181
curve,cutoff16_high,16,high,autonomous,66,462.0,conditional_logical_z,0.09665865446891157
curve,cutoff16_high,16,high,autonomous,67,469.0,fidelity,0.28150711972952347
curve,cutoff16_high,16,high,autonomous,67,469.0,code_survival,0.5139013551994923
curve,cutoff16_high,16,high,autonomous,67,469.0,logical_z_signal,0.04919169020531719
curve,cutoff16_high,16,high,autonomous,67,469.0,conditional_logical_z,0.09572204803044619
curve,cutoff16_high,16,high,autonomous,68,476.0,fidelity,0.2812804747705814
curve,cutoff16_high,16,high,autonomous,68,476.0,code_survival,0.51390157231782
curve,cutoff16_high,16,high,autonomous,68,476.0,logical_z_signal,0.04873875461029318
curve,cutoff16_high,16,high,autonomous,68,476.0,conditional_logical_z,0.0948406411571571
curve,cutoff16_high,16,high,autonomous,69,483.0,fidelity,0.28106718547366544
curve,cutoff16_high,16,high,autonomous,69,483.0,code_survival,0.5139018174913909
curve,cutoff16_high,16,high,autonomous,69,483.0,logical_z_signal,0.04831247546842997
curve,cutoff16_high,16,high,autonomous,69,483.0,conditional_logical_z,0.09401110061113828
curve,cutoff16_high,16,high,autonomous,70,490.0,fidelity,0.2808664454476279
curve,cutoff16_high,16,high,autonomous,70,490.0,code_survival,0.5139020861249239
curve,cutoff16_high,16,high,autonomous,70,490.0,logical_z_signal,0.04791124572557118
curve,cutoff16_high,16,high,autonomous,70,490.0,conditional_logical_z,0.09323030012749253
curve,cutoff16_high,16,high,autonomous,71,497.0,fidelity,0.2806774983741526
curve,cutoff16_high,16,high,autonomous,71,497.0,code_survival,0.5139023741095754
curve,cutoff16_high,16,high,autonomous,71,497.0,logical_z_signal,0.047533557950057
curve,cutoff16_high,16,high,autonomous,71,497.0,conditional_logical_z,0.09249530717272342
curve,cutoff16_high,16,high,autonomous,72,504.0,fidelity,0.2804996348008569
curve,cutoff16_high,16,high,autonomous,72,504.0,code_survival,0.5139026777782175
curve,cutoff16_high,16,high,autonomous,72,504.0,logical_z_signal,0.047177997963747845
curve,cutoff16_high,16,high,autonomous,72,504.0,conditional_logical_z,0.09180337056758484
curve,cutoff16_high,16,high,autonomous,73,511.0,fidelity,0.2803321891480362
curve,cutoff16_high,16,high,autonomous,73,511.0,code_survival,0.5139029938646189
curve,cutoff16_high,16,high,autonomous,73,511.0,logical_z_signal,0.04684323889656582
curve,cutoff16_high,16,high,autonomous,73,511.0,conditional_logical_z,0.0911519089318753
curve,cutoff16_high,16,high,autonomous,74,518.0,fidelity,0.28017453691154354
curve,cutoff16_high,16,high,autonomous,74,518.0,code_survival,0.5139033194660887
curve,cutoff16_high,16,high,autonomous,74,518.0,logical_z_signal,0.04652803562996697
curve,cutoff16_high,16,high,autonomous,74,518.0,conditional_logical_z,0.0905384998841932
curve,cutoff16_high,16,high,autonomous,75,525.0,fidelity,0.28002609205051576
curve,cutoff16_high,16,high,autonomous,75,525.0,code_survival,0.513903652009393
curve,cutoff16_high,16,high,autonomous,75,525.0,logical_z_signal,0.0462312196069382
curve,cutoff16_high,16,high,autonomous,75,525.0,conditional_logical_z,0.08996086995329076
curve,cutoff16_high,16,high,autonomous,76,532.0,fidelity,0.27988630454598784
curve,cutoff16_high,16,high,autonomous,76,532.0,code_survival,0.5139039892195975
curve,cutoff16_high,16,high,autonomous,76,532.0,logical_z_signal,0.04595169398093455
curve,cutoff16_high,16,high,autonomous,76,532.0,conditional_logical_z,0.08941688514758508
curve,cutoff16_high,16,high,autonomous,77,539.0,fidelity,0.2797546581198065
curve,cutoff16_high,16,high,autonomous,77,539.0,code_survival,0.5139043290916486
curve,cutoff16_high,16,high,autonomous,77,539.0,logical_z_signal,0.04568842908275076
curve,cutoff16_high,16,high,autonomous,77,539.0,conditional_logical_z,0.08890454214212852
curve,cutoff16_high,16,high,autonomous,78,546.0,fidelity,0.27963066810233417
curve,cutoff16_high,16,high,autonomous,78,546.0,code_survival,0.5139046698644248
curve,cutoff16_high,16,high,autonomous,78,546.0,logical_z_signal,0.04544045818256997
curve,cutoff16_high,16,high,autonomous,78,546.0,conditional_logical_z,0.08842196003892666
curve,cutoff16_high,16,high,autonomous,79,553.0,fidelity,0.27951387943938266
curve,cutoff16_high,16,high,autonomous,79,553.0,code_survival,0.5139050099970789
curve,cutoff16_high,16,high,autonomous,79,553.0,logical_z_signal,0.04520687352823006
curve,cutoff16_high,16,high,autonomous,79,553.0,conditional_logical_z,0.08796737266384506
curve,cutoff16_high,16,high,autonomous,80,560.0,fidelity,0.27940386482868484
curve,cutoff16_high,16,high,autonomous,80,560.0,code_survival,0.51390534814746
curve,cutoff16_high,16,high,autonomous,80,560.0,logical_z_signal,0.04498682264053209
curve,cutoff16_high,16,high,autonomous,80,560.0,conditional_logical_z,0.08753912136291597
curve,cutoff16_high,16,high,autonomous,81,567.0,fidelity,0.27930022297743334
curve,cutoff16_high,16,high,autonomous,81,567.0,code_survival,0.5139056831524573
curve,cutoff16_high,16,high,autonomous,81,567.0,logical_z_signal,0.04477950484879421
curve,cutoff16_high,16,high,autonomous,81,567.0,conditional_logical_z,0.08713564826546148
curve,cutoff16_high,16,high,autonomous,82,574.0,fidelity,0.2792025769726219
curve,cutoff16_high,16,high,autonomous,82,574.0,code_survival,0.5139060140100863
curve,cutoff16_high,16,high,autonomous,82,574.0,logical_z_signal,0.04458416805029416
curve,cutoff16_high,16,high,autonomous,82,574.0,conditional_logical_z,0.08675548998229687
curve,cutoff16_high,16,high,autonomous,83,581.0,fidelity,0.27911057275675716
curve,cutoff16_high,16,high,autonomous,83,581.0,code_survival,0.5139063398631892
curve,cutoff16_high,16,high,autonomous,83,581.0,logical_z_signal,0.044400105678860165
curve,cutoff16_high,16,high,autonomous,83,581.0,conditional_logical_z,0.08639727171040591
curve,cutoff16_high,16,high,autonomous,84,588.0,fidelity,0.2790238777018388
curve,cutoff16_high,16,high,autonomous,84,588.0,code_survival,0.5139066599845942
curve,cutoff16_high,16,high,autonomous,84,588.0,logical_z_signal,0.04422665386855114
curve,cutoff16_high,16,high,autonomous,84,588.0,conditional_logical_z,0.08605970171680001
curve,cutoff16_high,16,high,autonomous,85,595.0,fidelity,0.2789421792751194
curve,cutoff16_high,16,high,autonomous,85,595.0,code_survival,0.513906973763624
curve,cutoff16_high,16,high,autonomous,85,595.0,logical_z_signal,0.04406318879955569
curve,cutoff16_high,16,high,autonomous,85,595.0,conditional_logical_z,0.08574156617657214
curve,cutoff16_high,16,high,autonomous,86,602.0,fidelity,0.2788651837905156
curve,cutoff16_high,16,high,autonomous,86,602.0,code_survival,0.5139072806938317
curve,cutoff16_high,16,high,autonomous,86,602.0,logical_z_signal,0.04390912421417127
curve,cutoff16_high,16,high,autonomous,86,602.0,conditional_logical_z,0.08544172434157596
curve,cutoff16_high,16,high,autonomous,87,609.0,fidelity,0.27879261524001875
curve,cutoff16_high,16,high,autonomous,87,609.0,code_survival,0.5139075803618611
curve,cutoff16_high,16,high,autonomous,87,609.0,logical_z_signal,0.04376390909165485
curve,cutoff16_high,16,high,autonomous,87,609.0,conditional_logical_z,0.08515910401796191
curve,cutoff16_high,16,high,autonomous,88,616.0,fidelity,0.27872421419979815
curve,cutoff16_high,16,high,autonomous,88,616.0,code_survival,0.5139078724373332
curve,cutoff16_high,16,high,autonomous,88,616.0,logical_z_signal,0.04362702547143049
curve,cutoff16_high,16,high,autonomous,88,616.0,conditional_logical_z,0.0848926973321477
curve,cutoff16_high,16,high,autonomous,89,623.0,fidelity,0.278659736806084
curve,cutoff16_high,16,high,autonomous,89,623.0,code_survival,0.5139081566636738
curve,cutoff16_high,16,high,autonomous,89,623.0,logical_z_signal,0.04349798641490597
curve,cutoff16_high,16,high,autonomous,89,623.0,conditional_logical_z,0.08464155676628644
curve,cutoff16_high,16,high,autonomous,90,630.0,fidelity,0.2785989537962268
curve,cutoff16_high,16,high,autonomous,90,630.0,code_survival,0.5139084328497986
curve,cutoff16_high,16,high,autonomous,90,630.0,logical_z_signal,0.043376334096776034
curve,cutoff16_high,16,high,autonomous,90,630.0,conditional_logical_z,0.08440479144550982
curve,cutoff16_high,16,high,autonomous,91,637.0,fidelity,0.27854164961065775
curve,cutoff16_high,16,high,autonomous,91,637.0,code_survival,0.5139087008625806
curve,cutoff16_high,16,high,autonomous,91,637.0,logical_z_signal,0.04326163801733209
curve,cutoff16_high,16,high,autonomous,91,637.0,conditional_logical_z,0.08418156366046871
curve,cutoff16_high,16,high,autonomous,92,644.0,fidelity,0.278487621551758
curve,cutoff16_high,16,high,autonomous,92,644.0,code_survival,0.5139089606200357
curve,cutoff16_high,16,high,autonomous,92,644.0,logical_z_signal,0.04315349332785681
curve,cutoff16_high,16,high,autonomous,92,644.0,conditional_logical_z,0.08397108560977755
curve,cutoff16_high,16,high,autonomous,93,651.0,fidelity,0.2784366789959146
curve,cutoff16_high,16,high,autonomous,93,651.0,code_survival,0.5139092120851585
curve,cutoff16_high,16,high,autonomous,93,651.0,logical_z_signal,0.043051519261725894
curve,cutoff16_high,16,high,autonomous,93,651.0,conditional_logical_z,0.08377261634802519
curve,cutoff16_high,16,high,autonomous,94,658.0,fidelity,0.2783886426552939
curve,cutoff16_high,16,high,autonomous,94,658.0,code_survival,0.5139094552603569
curve,cutoff16_high,16,high,autonomous,94,658.0,logical_z_signal,0.0429553576643296
curve,cutoff16_high,16,high,autonomous,94,658.0,conditional_logical_z,0.08358545892596497
curve,cutoff16_high,16,high,autonomous,95,665.0,fidelity,0.2783433438860956
curve,cutoff16_high,16,high,autonomous,95,665.0,code_survival,0.5139096901824262
curve,cutoff16_high,16,high,autonomous,95,665.0,logical_z_signal,0.042864671615394985
curve,cutoff16_high,16,high,autonomous,95,665.0,conditional_logical_z,0.08340895771040824
curve,cutoff16_high,16,high,autonomous,96,672.0,fidelity,0.2783006240402686
curve,cutoff16_high,16,high,autonomous,96,672.0,code_survival,0.5139099169180228
curve,cutoff16_high,16,high,autonomous,96,672.0,logical_z_signal,0.042779144137714845
curve,cutoff16_high,16,high,autonomous,96,672.0,conditional_logical_z,0.08324249587216825
curve,cutoff16_high,16,high,autonomous,97,679.0,fidelity,0.2782603338578704
curve,cutoff16_high,16,high,autonomous,97,679.0,code_survival,0.5139101355595855
curve,cutoff16_high,16,high,autonomous,97,679.0,logical_z_signal,0.04269847698669475
curve,cutoff16_high,16,high,autonomous,97,679.0,conditional_logical_z,0.08308549303119175
curve,cutoff16_high,16,high,autonomous,98,686.0,fidelity,0.2782223328974431
curve,cutoff16_high,16,high,autonomous,98,686.0,code_survival,0.513910346221668
curve,cutoff16_high,16,high,autonomous,98,686.0,logical_z_signal,0.042622389515500604
curve,cutoff16_high,16,high,autonomous,98,686.0,conditional_logical_z,0.0829374030487334
curve,cutoff16_high,16,high,autonomous,99,693.0,fidelity,0.27818648900195175
curve,cutoff16_high,16,high,autonomous,99,693.0,code_survival,0.5139105490376484
curve,cutoff16_high,16,high,autonomous,99,693.0,logical_z_signal,0.04255061761093523
curve,cutoff16_high,16,high,autonomous,99,693.0,conditional_logical_z,0.08279771195710176
curve,cutoff16_high,16,high,autonomous,100,700.0,fidelity,0.27815267779799685
curve,cutoff16_high,16,high,autonomous,100,700.0,code_survival,0.5139107441567745
curve,cutoff16_high,16,high,autonomous,100,700.0,logical_z_signal,0.04248291269550207
curve,cutoff16_high,16,high,autonomous,100,700.0,conditional_logical_z,0.08266593601814669
event_accounting,cutoff16_high,16,high,autonomous,,700.0,full_cycles,100
event_accounting,cutoff16_high,16,high,autonomous,,700.0,half_cycles,200
event_accounting,cutoff16_high,16,high,autonomous,,700.0,total_physical_time_us,700.0
event_accounting,cutoff16_high,16,high,autonomous,,700.0,measurement_events,0
event_accounting,cutoff16_high,16,high,autonomous,,700.0,reset_events,200
event_accounting,cutoff16_high,16,high,autonomous,,700.0,active_gate_applications,1800
event_accounting,cutoff16_high,16,high,autonomous,,700.0,qubit_rotations,800
event_accounting,cutoff16_high,16,high,autonomous,,700.0,echoed_conditional_displacements,600
event_accounting,cutoff16_high,16,high,autonomous,,700.0,fixed_cavity_displacements,200
event_accounting,cutoff16_high,16,high,autonomous,,700.0,virtual_rotations,200
event_accounting,cutoff16_high,16,high,autonomous,,700.0,cycles_per_100us,14.285714285714286
event_accounting,cutoff16_high,16,high,autonomous,,700.0,measurements_per_100us,0.0
event_accounting,cutoff16_high,16,high,autonomous,,700.0,resets_per_100us,28.571428571428573
event_accounting,cutoff16_high,16,high,autonomous,,700.0,active_gates_per_100us,257.14285714285717
event_accounting,cutoff16_high,16,high,autonomous,,700.0,outcome_dependent_parameter_updates,0
comparison,cutoff16_high,16,high,paired,,700.0,autonomous_minus_measurement_final_fidelity,0.008930237144678388
comparison,cutoff16_high,16,high,paired,,700.0,autonomous_minus_measurement_final_logical_z,-0.0016595400928763604
comparison,cutoff16_high,16,high,paired,,700.0,autonomous_to_measurement_logical_lifetime_us_ratio,0.8558673773151204
comparison,cutoff16_high,16,high,paired,,700.0,autonomous_to_measurement_logical_lifetime_protocol_cycle_ratio,1.2226676818787434
comparison,cutoff16_high,16,high,paired,,700.0,autonomous_to_measurement_reset_rate_ratio,1.4285714285714286
comparison,cutoff16_high,16,high,paired,,700.0,autonomous_to_measurement_active_gate_rate_ratio,1.4285714285714286
comparison,cutoff16_high,16,high,paired,,700.0,measurement_events_avoided_at_common_horizon,140.0
comparison,cutoff16_high,16,high,paired,,700.0,additional_autonomous_resets_at_common_horizon,60.0
comparison,cutoff16_high,16,high,paired,,700.0,additional_autonomous_active_gates_at_common_horizon,540.0
curve,cutoff16_medium,16,medium,measurement_feedback,0,0.0,fidelity,1.0
curve,cutoff16_medium,16,medium,measurement_feedback,0,0.0,code_survival,1.0
curve,cutoff16_medium,16,medium,measurement_feedback,0,0.0,logical_z_signal,0.9999978542269834
curve,cutoff16_medium,16,medium,measurement_feedback,0,0.0,conditional_logical_z,0.9999978542269834
curve,cutoff16_medium,16,medium,measurement_feedback,1,10.0,fidelity,0.5187371315612992
curve,cutoff16_medium,16,medium,measurement_feedback,1,10.0,code_survival,0.5218289025684638
curve,cutoff16_medium,16,medium,measurement_feedback,1,10.0,logical_z_signal,0.515630186502326
curve,cutoff16_medium,16,medium,measurement_feedback,1,10.0,conditional_logical_z,0.9881211714498229
curve,cutoff16_medium,16,medium,measurement_feedback,2,20.0,fidelity,0.5896927297358764
curve,cutoff16_medium,16,medium,measurement_feedback,2,20.0,code_survival,0.6056096755135368
curve,cutoff16_medium,16,medium,measurement_feedback,2,20.0,logical_z_signal,0.5737948021243431
curve,cutoff16_medium,16,medium,measurement_feedback,2,20.0,conditional_logical_z,0.9474663720287894
curve,cutoff16_medium,16,medium,measurement_feedback,3,30.0,fidelity,0.5133439619154782
curve,cutoff16_medium,16,medium,measurement_feedback,3,30.0,code_survival,0.5327593775132728
curve,cutoff16_medium,16,medium,measurement_feedback,3,30.0,logical_z_signal,0.493928195679185
curve,cutoff16_medium,16,medium,measurement_feedback,3,30.0,conditional_logical_z,0.927113095567951
curve,cutoff16_medium,16,medium,measurement_feedback,4,40.0,fidelity,0.5162333998748788
curve,cutoff16_medium,16,medium,measurement_feedback,4,40.0,code_survival,0.5503359524258018
curve,cutoff16_medium,16,medium,measurement_feedback,4,40.0,logical_z_signal,0.4821289551270626
curve,cutoff16_medium,16,medium,measurement_feedback,4,40.0,conditional_logical_z,0.8760629811697881
curve,cutoff16_medium,16,medium,measurement_feedback,5,50.0,fidelity,0.48907337125948064
curve,cutoff16_medium,16,medium,measurement_feedback,5,50.0,code_survival,0.5334707505356717
curve,cutoff16_medium,16,medium,measurement_feedback,5,50.0,logical_z_signal,0.44466574716302293
curve,cutoff16_medium,16,medium,measurement_feedback,5,50.0,conditional_logical_z,0.8335335099750504
curve,cutoff16_medium,16,medium,measurement_feedback,6,60.0,fidelity,0.4805420051542757
curve,cutoff16_medium,16,medium,measurement_feedback,6,60.0,code_survival,0.5373235020738845
curve,cutoff16_medium,16,medium,measurement_feedback,6,60.0,logical_z_signal,0.4237477833212597
curve,cutoff16_medium,16,medium,measurement_feedback,6,60.0,conditional_logical_z,0.7886269290022464
curve,cutoff16_medium,16,medium,measurement_feedback,7,70.0,fidelity,0.46575184788018686
curve,cutoff16_medium,16,medium,measurement_feedback,7,70.0,code_survival,0.5332418906290842
curve,cutoff16_medium,16,medium,measurement_feedback,7,70.0,logical_z_signal,0.39824420831442636
curve,cutoff16_medium,16,medium,measurement_feedback,7,70.0,conditional_logical_z,0.7468359393981663
curve,cutoff16_medium,16,medium,measurement_feedback,8,80.0,fidelity,0.455663867546176
curve,cutoff16_medium,16,medium,measurement_feedback,8,80.0,code_survival,0.5338021338566565
curve,cutoff16_medium,16,medium,measurement_feedback,8,80.0,logical_z_signal,0.3775071213907045
curve,cutoff16_medium,16,medium,measurement_feedback,8,80.0,conditional_logical_z,0.7072042194047835
curve,cutoff16_medium,16,medium,measurement_feedback,9,90.0,fidelity,0.44480737182094265
curve,cutoff16_medium,16,medium,measurement_feedback,9,90.0,code_survival,0.5327342649319124
curve,cutoff16_medium,16,medium,measurement_feedback,9,90.0,logical_z_signal,0.3568594546536475
curve,cutoff16_medium,16,medium,measurement_feedback,9,90.0,conditional_logical_z,0.6698639042849194
curve,cutoff16_medium,16,medium,measurement_feedback,10,100.0,fidelity,0.43541011164960847
curve,cutoff16_medium,16,medium,measurement_feedback,10,100.0,code_survival,0.5326542003074185
curve,cutoff16_medium,16,medium,measurement_feedback,10,100.0,logical_z_signal,0.3381450333723482
curve,cutoff16_medium,16,medium,measurement_feedback,10,100.0,conditional_logical_z,0.6348303142586497
curve,cutoff16_medium,16,medium,measurement_feedback,11,110.0,fidelity,0.4263690679462183
curve,cutoff16_medium,16,medium,measurement_feedback,11,110.0,code_survival,0.532307455376249
curve,cutoff16_medium,16,medium,measurement_feedback,11,110.0,logical_z_signal,0.3204088411431813
curve,cutoff16_medium,16,medium,measurement_feedback,11,110.0,conditional_logical_z,0.6019243914528829
curve,cutoff16_medium,16,medium,measurement_feedback,12,120.0,fidelity,0.4180171864962416
curve,cutoff16_medium,16,medium,measurement_feedback,12,120.0,code_survival,0.5321528936776071
curve,cutoff16_medium,16,medium,measurement_feedback,12,120.0,logical_z_signal,0.3038603059594252
curve,cutoff16_medium,16,medium,measurement_feedback,12,120.0,conditional_logical_z,0.5710018860547852
curve,cutoff16_medium,16,medium,measurement_feedback,13,130.0,fidelity,0.41017891901610287
curve,cutoff16_medium,16,medium,measurement_feedback,13,130.0,code_survival,0.5319902864622368
curve,cutoff16_medium,16,medium,measurement_feedback,13,130.0,logical_z_signal,0.288346695904456
curve,cutoff16_medium,16,medium,measurement_feedback,13,130.0,conditional_logical_z,0.542014963885857
curve,cutoff16_medium,16,medium,measurement_feedback,14,140.0,fidelity,0.40282325311074235
curve,cutoff16_medium,16,medium,measurement_feedback,14,140.0,code_survival,0.5318570211007869
curve,cutoff16_medium,16,medium,measurement_feedback,14,140.0,logical_z_signal,0.2737698155182782
curve,cutoff16_medium,16,medium,measurement_feedback,14,140.0,conditional_logical_z,0.5147432574109027
curve,cutoff16_medium,16,medium,measurement_feedback,15,150.0,fidelity,0.3959454156164348
curve,cutoff16_medium,16,medium,measurement_feedback,15,150.0,code_survival,0.5317500166001103
curve,cutoff16_medium,16,medium,measurement_feedback,15,150.0,logical_z_signal,0.2601222551987897
curve,cutoff16_medium,16,medium,measurement_feedback,15,150.0,conditional_logical_z,0.48918147076318436
curve,cutoff16_medium,16,medium,measurement_feedback,16,160.0,fidelity,0.3894718498287608
curve,cutoff16_medium,16,medium,measurement_feedback,16,160.0,code_survival,0.5316441324001568
curve,cutoff16_medium,16,medium,measurement_feedback,16,160.0,logical_z_signal,0.24728262422343025
curve,cutoff16_medium,16,medium,measurement_feedback,16,160.0,conditional_logical_z,0.46512809820179873
curve,cutoff16_medium,16,medium,measurement_feedback,17,170.0,fidelity,0.38341379813410686
curve,cutoff16_medium,16,medium,measurement_feedback,17,170.0,code_survival,0.531560359649186
curve,cutoff16_medium,16,medium,measurement_feedback,17,170.0,logical_z_signal,0.2352519452378956
curve,cutoff16_medium,16,medium,measurement_feedback,17,170.0,conditional_logical_z,0.44256863960502035
curve,cutoff16_medium,16,medium,measurement_feedback,18,180.0,fidelity,0.3777115788867969
curve,cutoff16_medium,16,medium,measurement_feedback,18,180.0,code_survival,0.5314757788336657
curve,cutoff16_medium,16,medium,measurement_feedback,18,180.0,logical_z_signal,0.22393404272026457
curve,cutoff16_medium,16,medium,measurement_feedback,18,180.0,conditional_logical_z,0.42134383473070464
curve,cutoff16_medium,16,medium,measurement_feedback,19,190.0,fidelity,0.3723679220751343
curve,cutoff16_medium,16,medium,measurement_feedback,19,190.0,code_survival,0.5314061654689476
curve,cutoff16_medium,16,medium,measurement_feedback,19,190.0,logical_z_signal,0.21331836372069735
curve,cutoff16_medium,16,medium,measurement_feedback,19,190.0,conditional_logical_z,0.40142244780402814
curve,cutoff16_medium,16,medium,measurement_feedback,20,200.0,fidelity,0.3673400858421646
curve,cutoff16_medium,16,medium,measurement_feedback,20,200.0,code_survival,0.531337495609679
curve,cutoff16_medium,16,medium,measurement_feedback,20,200.0,logical_z_signal,0.20333356704733796
curve,cutoff16_medium,16,medium,measurement_feedback,20,200.0,conditional_logical_z,0.3826825110733517
curve,cutoff16_medium,16,medium,measurement_feedback,21,210.0,fidelity,0.3626229163495096
curve,cutoff16_medium,16,medium,measurement_feedback,21,210.0,code_survival,0.5312787906060651
curve,cutoff16_medium,16,medium,measurement_feedback,21,210.0,logical_z_signal,0.19396020066436787
curve,cutoff16_medium,16,medium,measurement_feedback,21,210.0,conditional_logical_z,0.36508176892042793
curve,cutoff16_medium,16,medium,measurement_feedback,22,220.0,fidelity,0.3581857355718401
curve,cutoff16_medium,16,medium,measurement_feedback,22,220.0,code_survival,0.5312223509273324
curve,cutoff16_medium,16,medium,measurement_feedback,22,220.0,logical_z_signal,0.18514465678707967
curve,cutoff16_medium,16,medium,measurement_feedback,22,220.0,conditional_logical_z,0.348525728376979
curve,cutoff16_medium,16,medium,measurement_feedback,23,230.0,fidelity,0.35401908180233904
curve,cutoff16_medium,16,medium,measurement_feedback,23,230.0,code_survival,0.5311728096275852
curve,cutoff16_medium,16,medium,measurement_feedback,23,230.0,logical_z_signal,0.17686331257925386
curve,cutoff16_medium,16,medium,measurement_feedback,23,230.0,conditional_logical_z,0.33296755664744193
curve,cutoff16_medium,16,medium,measurement_feedback,24,240.0,fidelity,0.35010008000465614
curve,cutoff16_medium,16,medium,measurement_feedback,24,240.0,code_survival,0.5311260919937206
curve,cutoff16_medium,16,medium,measurement_feedback,24,240.0,logical_z_signal,0.16907450961342627
curve,cutoff16_medium,16,medium,measurement_feedback,24,240.0,conditional_logical_z,0.31833214779330626
curve,cutoff16_medium,16,medium,measurement_feedback,25,250.0,fidelity,0.34641758579238496
curve,cutoff16_medium,16,medium,measurement_feedback,25,250.0,code_survival,0.5310844084772073
curve,cutoff16_medium,16,medium,measurement_feedback,25,250.0,logical_z_signal,0.16175371100501812
curve,cutoff16_medium,16,medium,measurement_feedback,25,250.0,conditional_logical_z,0.3045725094224079
curve,cutoff16_medium,16,medium,measurement_feedback,26,260.0,fidelity,0.34295376984527165
curve,cutoff16_medium,16,medium,measurement_feedback,26,260.0,code_survival,0.5310456103386053
curve,cutoff16_medium,16,medium,measurement_feedback,26,260.0,logical_z_signal,0.1548674099186768
curve,cutoff16_medium,16,medium,measurement_feedback,26,260.0,conditional_logical_z,0.29162732334785757
curve,cutoff16_medium,16,medium,measurement_feedback,27,270.0,fidelity,0.339697305447617
curve,cutoff16_medium,16,medium,measurement_feedback,27,270.0,code_survival,0.5310106658181729
curve,cutoff16_medium,16,medium,measurement_feedback,27,270.0,logical_z_signal,0.14839196210087524
curve,cutoff16_medium,16,medium,measurement_feedback,27,270.0,conditional_logical_z,0.279451942593724
curve,cutoff16_medium,16,medium,measurement_feedback,28,280.0,fidelity,0.3366337526575771
curve,cutoff16_medium,16,medium,measurement_feedback,28,280.0,code_survival,0.5309784172270527
curve,cutoff16_medium,16,medium,measurement_feedback,28,280.0,logical_z_signal,0.14229964291721825
curve,cutoff16_medium,16,medium,measurement_feedback,28,280.0,conditional_logical_z,0.26799515441767796
curve,cutoff16_medium,16,medium,measurement_feedback,29,290.0,fidelity,0.33375235426272754
curve,cutoff16_medium,16,medium,measurement_feedback,29,290.0,code_survival,0.5309492266526189
curve,cutoff16_medium,16,medium,measurement_feedback,29,290.0,logical_z_signal,0.13656856158807612
curve,cutoff16_medium,16,medium,measurement_feedback,29,290.0,conditional_logical_z,0.25721585931874436
curve,cutoff16_medium,16,medium,measurement_feedback,30,300.0,fidelity,0.3310410738645664
curve,cutoff16_medium,16,medium,measurement_feedback,30,300.0,code_survival,0.5309224411076336
curve,cutoff16_medium,16,medium,measurement_feedback,30,300.0,logical_z_signal,0.13117529417320115
curve,cutoff16_medium,16,medium,measurement_feedback,30,300.0,conditional_logical_z,0.24707053990699188
curve,cutoff16_medium,16,medium,measurement_feedback,31,310.0,fidelity,0.32849004715563174
curve,cutoff16_medium,16,medium,measurement_feedback,31,310.0,code_survival,0.5308981410721548
curve,cutoff16_medium,16,medium,measurement_feedback,31,310.0,logical_z_signal,0.12610002218186958
curve,cutoff16_medium,16,medium,measurement_feedback,31,310.0,conditional_logical_z,0.2375220638882049
curve,cutoff16_medium,16,medium,measurement_feedback,32,320.0,fidelity,0.3260890405840631
curve,cutoff16_medium,16,medium,measurement_feedback,32,320.0,code_survival,0.5308759323459248
curve,cutoff16_medium,16,medium,measurement_feedback,32,320.0,logical_z_signal,0.1213226685529528
curve,cutoff16_medium,16,medium,measurement_feedback,32,320.0,conditional_logical_z,0.2285329983162574
curve,cutoff16_medium,16,medium,measurement_feedback,33,330.0,fidelity,0.3238291791637413
curve,cutoff16_medium,16,medium,measurement_feedback,33,330.0,code_survival,0.5308557734062984
curve,cutoff16_medium,16,medium,measurement_feedback,33,330.0,logical_z_signal,0.11682551849534592
curve,cutoff16_medium,16,medium,measurement_feedback,33,330.0,conditional_logical_z,0.22007016660235465
curve,cutoff16_medium,16,medium,measurement_feedback,34,340.0,fidelity,0.32170164910767757
curve,cutoff16_medium,16,medium,measurement_feedback,34,340.0,code_survival,0.5308374062462587
curve,cutoff16_medium,16,medium,measurement_feedback,34,340.0,logical_z_signal,0.11259119891335513
curve,cutoff16_medium,16,medium,measurement_feedback,34,340.0,conditional_logical_z,0.21210110212377042
curve,cutoff16_medium,16,medium,measurement_feedback,35,350.0,fidelity,0.31969854872794085
curve,cutoff16_medium,16,medium,measurement_feedback,35,350.0,code_survival,0.5308207432749554
curve,cutoff16_medium,16,medium,measurement_feedback,35,350.0,logical_z_signal,0.10860398972572852
curve,cutoff16_medium,16,medium,measurement_feedback,35,350.0,conditional_logical_z,0.20459635592928146
curve,cutoff16_medium,16,medium,measurement_feedback,36,360.0,fidelity,0.3178122247064673
curve,cutoff16_medium,16,medium,measurement_feedback,36,360.0,code_survival,0.5308056017450125
curve,cutoff16_medium,16,medium,measurement_feedback,36,360.0,logical_z_signal,0.10484876433781196
curve,cutoff16_medium,16,medium,measurement_feedback,36,360.0,conditional_logical_z,0.19752761461658244
curve,cutoff16_medium,16,medium,measurement_feedback,37,370.0,fidelity,0.31603568191691533
curve,cutoff16_medium,16,medium,measurement_feedback,37,370.0,code_survival,0.5307918827297945
curve,cutoff16_medium,16,medium,measurement_feedback,37,370.0,logical_z_signal,0.10131162857532362
curve,cutoff16_medium,16,medium,measurement_feedback,37,370.0,conditional_logical_z,0.1908688355486729
curve,cutoff16_medium,16,medium,measurement_feedback,38,380.0,fidelity,0.31436224048266853
curve,cutoff16_medium,16,medium,measurement_feedback,38,380.0,code_survival,0.5307794481532498
curve,cutoff16_medium,16,medium,measurement_feedback,38,380.0,logical_z_signal,0.09797935886907075
curve,cutoff16_medium,16,medium,measurement_feedback,38,380.0,conditional_logical_z,0.18459523858727392
curve,cutoff16_medium,16,medium,measurement_feedback,39,390.0,fidelity,0.31278572630097573
curve,cutoff16_medium,16,medium,measurement_feedback,39,390.0,code_survival,0.5307682027013136
curve,cutoff16_medium,16,medium,measurement_feedback,39,390.0,logical_z_signal,0.09483970054714638
curve,cutoff16_medium,16,medium,measurement_feedback,39,390.0,conditional_logical_z,0.17868383988427583
curve,cutoff16_medium,16,medium,measurement_feedback,40,400.0,fidelity,0.3113002900265146
curve,cutoff16_medium,16,medium,measurement_feedback,40,400.0,code_survival,0.5307580371881119
curve,cutoff16_medium,16,medium,measurement_feedback,40,400.0,logical_z_signal,0.09188106293703185
curve,cutoff16_medium,16,medium,measurement_feedback,40,400.0,conditional_logical_z,0.17311289985132577
curve,cutoff16_medium,16,medium,measurement_feedback,41,410.0,fidelity,0.3099004900099884
curve,cutoff16_medium,16,medium,measurement_feedback,41,410.0,code_survival,0.5307488656070618
curve,cutoff16_medium,16,medium,measurement_feedback,41,410.0,logical_z_signal,0.08909264777396973
curve,cutoff16_medium,16,medium,measurement_feedback,41,410.0,conditional_logical_z,0.16786215392484546
curve,cutoff16_medium,16,medium,measurement_feedback,42,420.0,fidelity,0.30858119312915877
curve,cutoff16_medium,16,medium,measurement_feedback,42,420.0,code_survival,0.5307405991038014
curve,cutoff16_medium,16,medium,measurement_feedback,42,420.0,logical_z_signal,0.0864642771103828
curve,cutoff16_medium,16,medium,measurement_feedback,42,420.0,conditional_logical_z,0.1629124986036206
curve,cutoff16_medium,16,medium,measurement_feedback,43,430.0,fidelity,0.3073376058797884
curve,cutoff16_medium,16,medium,measurement_feedback,43,430.0,code_survival,0.5307331624904674
curve,cutoff16_medium,16,medium,measurement_feedback,43,430.0,logical_z_signal,0.08398643877164104
curve,cutoff16_medium,16,medium,measurement_feedback,43,430.0,conditional_logical_z,0.1582460729936949
curve,cutoff16_medium,16,medium,measurement_feedback,44,440.0,fidelity,0.3061652168995235
curve,cutoff16_medium,16,medium,measurement_feedback,44,440.0,code_survival,0.5307264822473612
curve,cutoff16_medium,16,medium,measurement_feedback,44,440.0,logical_z_signal,0.08165018349213587
curve,cutoff16_medium,16,medium,measurement_feedback,44,440.0,conditional_logical_z,0.15384606991229868
curve,cutoff16_medium,16,medium,measurement_feedback,45,450.0,fidelity,0.30505980375379976
curve,cutoff16_medium,16,medium,measurement_feedback,45,450.0,code_survival,0.5307204937252809
curve,cutoff16_medium,16,medium,measurement_feedback,45,450.0,logical_z_signal,0.07944713117293896
curve,cutoff16_medium,16,medium,measurement_feedback,45,450.0,conditional_logical_z,0.14969674642725125
curve,cutoff16_medium,16,medium,measurement_feedback,46,460.0,fidelity,0.30401739707141184
curve,cutoff16_medium,16,medium,measurement_feedback,46,460.0,code_survival,0.5307151355481422
curve,cutoff16_medium,16,medium,measurement_feedback,46,460.0,logical_z_signal,0.07736940478118036
curve,cutoff16_medium,16,medium,measurement_feedback,46,460.0,conditional_logical_z,0.14578330181081114
curve,cutoff16_medium,16,medium,measurement_feedback,47,470.0,fidelity,0.30303427648578746
curve,cutoff16_medium,16,medium,measurement_feedback,47,470.0,code_survival,0.5307103526380483
curve,cutoff16_medium,16,medium,measurement_feedback,47,470.0,logical_z_signal,0.07540961914504098
curve,cutoff16_medium,16,medium,measurement_feedback,47,470.0,conditional_logical_z,0.14209185626433665
curve,cutoff16_medium,16,medium,measurement_feedback,48,480.0,fidelity,0.30210694633138907
curve,cutoff16_medium,16,medium,measurement_feedback,48,480.0,code_survival,0.5307060935341836
curve,cutoff16_medium,16,medium,measurement_feedback,48,480.0,logical_z_signal,0.07356083503276381
curve,cutoff16_medium,16,medium,measurement_feedback,48,480.0,conditional_logical_z,0.1386093657656969
curve,cutoff16_medium,16,medium,measurement_feedback,49,490.0,fidelity,0.30123212722336223
curve,cutoff16_medium,16,medium,measurement_feedback,49,490.0,code_survival,0.5307023115696535
curve,cutoff16_medium,16,medium,measurement_feedback,49,490.0,logical_z_signal,0.07181654109763518
curve,cutoff16_medium,16,medium,measurement_feedback,49,490.0,conditional_logical_z,0.13532358825652
curve,cutoff16_medium,16,medium,measurement_feedback,50,500.0,fidelity,0.3004067382532362
curve,cutoff16_medium,16,medium,measurement_feedback,50,500.0,code_survival,0.5306989635238305
curve,cutoff16_medium,16,medium,measurement_feedback,50,500.0,logical_z_signal,0.07017061961179641
curve,cutoff16_medium,16,medium,measurement_feedback,50,500.0,conditional_logical_z,0.13222301989411267
curve,cutoff16_medium,16,medium,measurement_feedback,51,510.0,fidelity,0.29962788726084744
curve,cutoff16_medium,16,medium,measurement_feedback,51,510.0,code_survival,0.5306960099982659
curve,cutoff16_medium,16,medium,measurement_feedback,51,510.0,logical_z_signal,0.06861732660995556
curve,cutoff16_medium,16,medium,measurement_feedback,51,510.0,conditional_logical_z,0.12929685793224593
curve,cutoff16_medium,16,medium,measurement_feedback,52,520.0,fidelity,0.2988928569435622
curve,cutoff16_medium,16,medium,measurement_feedback,52,520.0,code_survival,0.5306934146863168
curve,cutoff16_medium,16,medium,measurement_feedback,52,520.0,logical_z_signal,0.06715126482958483
curve,cutoff16_medium,16,medium,measurement_feedback,52,520.0,conditional_logical_z,0.12653495025800673
curve,cutoff16_medium,16,medium,measurement_feedback,53,530.0,fidelity,0.29819909520467835
curve,cutoff16_medium,16,medium,measurement_feedback,53,530.0,code_survival,0.5306911444144427
curve,cutoff16_medium,16,medium,measurement_feedback,53,530.0,logical_z_signal,0.06576736434968386
curve,cutoff16_medium,16,medium,measurement_feedback,53,530.0,conditional_logical_z,0.1239277591908014
curve,cutoff16_medium,16,medium,measurement_feedback,54,540.0,fidelity,0.29754420381947055
curve,cutoff16_medium,16,medium,measurement_feedback,54,540.0,code_survival,0.5306891687053793
curve,cutoff16_medium,16,medium,measurement_feedback,54,540.0,logical_z_signal,0.06446086035071777
curve,cutoff16_medium,16,medium,measurement_feedback,54,540.0,conditional_logical_z,0.12146631993257104
curve,cutoff16_medium,16,medium,measurement_feedback,55,550.0,fidelity,0.2969259294410656
curve,cutoff16_medium,16,medium,measurement_feedback,55,550.0,code_survival,0.5306874596897736
curve,cutoff16_medium,16,medium,measurement_feedback,55,550.0,logical_z_signal,0.06322727520255984
curve,cutoff16_medium,16,medium,measurement_feedback,55,550.0,conditional_logical_z,0.11914220705256706
curve,cutoff16_medium,16,medium,measurement_feedback,56,560.0,fidelity,0.2963421540797857
curve,cutoff16_medium,16,medium,measurement_feedback,56,560.0,code_survival,0.5306859918159836
curve,cutoff16_medium,16,medium,measurement_feedback,56,560.0,logical_z_signal,0.06206239970524608
curve,cutoff16_medium,16,medium,measurement_feedback,56,560.0,conditional_logical_z,0.11694749939200644
curve,cutoff16_medium,16,medium,measurement_feedback,57,570.0,fidelity,0.2957908869680843
curve,cutoff16_medium,16,medium,measurement_feedback,57,570.0,code_survival,0.5306847417203578
curve,cutoff16_medium,16,medium,measurement_feedback,57,570.0,logical_z_signal,0.06096227693942479
curve,cutoff16_medium,16,medium,measurement_feedback,57,570.0,conditional_logical_z,0.11487474982189824
curve,cutoff16_medium,16,medium,measurement_feedback,58,580.0,fidelity,0.29527025641922056
curve,cutoff16_medium,16,medium,measurement_feedback,58,580.0,code_survival,0.5306836880161286
curve,cutoff16_medium,16,medium,measurement_feedback,58,580.0,logical_z_signal,0.05992318618791593
curve,cutoff16_medium,16,medium,measurement_feedback,58,580.0,conditional_logical_z,0.11291695512995442
curve,cutoff16_medium,16,medium,measurement_feedback,59,590.0,fidelity,0.29477850257908345
curve,cutoff16_medium,16,medium,measurement_feedback,59,590.0,code_survival,0.5306828111590609
curve,cutoff16_medium,16,medium,measurement_feedback,59,590.0,logical_z_signal,0.05894162856672736
curve,cutoff16_medium,16,medium,measurement_feedback,59,590.0,conditional_logical_z,0.11106752909142342
curve,cutoff16_medium,16,medium,measurement_feedback,60,600.0,fidelity,0.2943139703901003
curve,cutoff16_medium,16,medium,measurement_feedback,60,600.0,code_survival,0.5306820932835409
curve,cutoff16_medium,16,medium,measurement_feedback,60,600.0,logical_z_signal,0.05801431311115761
curve,cutoff16_medium,16,medium,measurement_feedback,60,600.0,conditional_logical_z,0.1093202763865651
curve,cutoff16_medium,16,medium,measurement_feedback,61,610.0,fidelity,0.2938751031827858
curve,cutoff16_medium,16,medium,measurement_feedback,61,610.0,code_survival,0.5306815180777833
curve,cutoff16_medium,16,medium,measurement_feedback,61,610.0,logical_z_signal,0.057138144078328304
curve,cutoff16_medium,16,medium,measurement_feedback,61,610.0,conditional_logical_z,0.10766936878693677
curve,cutoff16_medium,16,medium,measurement_feedback,62,620.0,fidelity,0.2934604365565583
curve,cutoff16_medium,16,medium,measurement_feedback,62,620.0,code_survival,0.5306810706512756
curve,cutoff16_medium,16,medium,measurement_feedback,62,620.0,logical_z_signal,0.05631020883690896
curve,cutoff16_medium,16,medium,measurement_feedback,62,620.0,conditional_logical_z,0.10610932243692535
curve,cutoff16_medium,16,medium,measurement_feedback,63,630.0,fidelity,0.29306859273558533
curve,cutoff16_medium,16,medium,measurement_feedback,63,630.0,code_survival,0.530680737424075
curve,cutoff16_medium,16,medium,measurement_feedback,63,630.0,logical_z_signal,0.05552776668542313
curve,cutoff16_medium,16,medium,measurement_feedback,63,630.0,conditional_logical_z,0.10463497686943564
curve,cutoff16_medium,16,medium,measurement_feedback,64,640.0,fidelity,0.292698275226906
curve,cutoff16_medium,16,medium,measurement_feedback,64,640.0,code_survival,0.530680506017105
curve,cutoff16_medium,16,medium,measurement_feedback,64,640.0,logical_z_signal,0.05478823827473893
curve,cutoff16_medium,16,medium,measurement_feedback,64,640.0,conditional_logical_z,0.10324147515034778
curve,cutoff16_medium,16,medium,measurement_feedback,65,650.0,fidelity,0.29234826385843204
curve,cutoff16_medium,16,medium,measurement_feedback,65,650.0,code_survival,0.5306803651560691
curve,cutoff16_medium,16,medium,measurement_feedback,65,650.0,logical_z_signal,0.054089195777081635
curve,cutoff16_medium,16,medium,measurement_feedback,65,650.0,conditional_logical_z,0.10192424541875486
curve,cutoff16_medium,16,medium,measurement_feedback,66,660.0,fidelity,0.2920174101046149
curve,cutoff16_medium,16,medium,measurement_feedback,66,660.0,code_survival,0.5306803045795425
curve,cutoff16_medium,16,medium,measurement_feedback,66,660.0,logical_z_signal,0.05342835362666979
curve,cutoff16_medium,16,medium,measurement_feedback,66,660.0,conditional_logical_z,0.1006789834964782
curve,cutoff16_medium,16,medium,measurement_feedback,67,670.0,fidelity,0.2917046327272255
curve,cutoff16_medium,16,medium,measurement_feedback,67,670.0,code_survival,0.5306803149564879
curve,cutoff16_medium,16,medium,measurement_feedback,67,670.0,logical_z_signal,0.05280355988149523
curve,cutoff16_medium,16,medium,measurement_feedback,67,670.0,conditional_logical_z,0.09950163666015151
curve,cutoff16_medium,16,medium,measurement_feedback,68,680.0,fidelity,0.2914089136786974
curve,cutoff16_medium,16,medium,measurement_feedback,68,680.0,code_survival,0.5306803878087837
curve,cutoff16_medium,16,medium,measurement_feedback,68,680.0,logical_z_signal,0.052212788105580214
curve,cutoff16_medium,16,medium,measurement_feedback,68,680.0,conditional_logical_z,0.09838838838791547
curve,cutoff16_medium,16,medium,measurement_feedback,69,690.0,fidelity,0.2911292942728363
curve,cutoff16_medium,16,medium,measurement_feedback,69,690.0,code_survival,0.5306805154408324
curve,cutoff16_medium,16,medium,measurement_feedback,69,690.0,logical_z_signal,0.05165412977918021
curve,cutoff16_medium,16,medium,measurement_feedback,69,690.0,conditional_logical_z,0.09733564409515112
curve,cutoff16_medium,16,medium,measurement_feedback,70,700.0,fidelity,0.29086487159033575
curve,cutoff16_medium,16,medium,measurement_feedback,70,700.0,code_survival,0.5306806908740775
curve,cutoff16_medium,16,medium,measurement_feedback,70,700.0,logical_z_signal,0.05112578717397733
curve,cutoff16_medium,16,medium,measurement_feedback,70,700.0,conditional_logical_z,0.0963400177416832
event_accounting,cutoff16_medium,16,medium,measurement_feedback,,700.0,full_cycles,70
event_accounting,cutoff16_medium,16,medium,measurement_feedback,,700.0,half_cycles,140
event_accounting,cutoff16_medium,16,medium,measurement_feedback,,700.0,total_physical_time_us,700.0
event_accounting,cutoff16_medium,16,medium,measurement_feedback,,700.0,measurement_events,140
event_accounting,cutoff16_medium,16,medium,measurement_feedback,,700.0,reset_events,140
event_accounting,cutoff16_medium,16,medium,measurement_feedback,,700.0,active_gate_applications,1260
event_accounting,cutoff16_medium,16,medium,measurement_feedback,,700.0,qubit_rotations,560
event_accounting,cutoff16_medium,16,medium,measurement_feedback,,700.0,echoed_conditional_displacements,420
event_accounting,cutoff16_medium,16,medium,measurement_feedback,,700.0,fixed_cavity_displacements,140
event_accounting,cutoff16_medium,16,medium,measurement_feedback,,700.0,virtual_rotations,140
event_accounting,cutoff16_medium,16,medium,measurement_feedback,,700.0,cycles_per_100us,10.0
event_accounting,cutoff16_medium,16,medium,measurement_feedback,,700.0,measurements_per_100us,20.0
event_accounting,cutoff16_medium,16,medium,measurement_feedback,,700.0,resets_per_100us,20.0
event_accounting,cutoff16_medium,16,medium,measurement_feedback,,700.0,active_gates_per_100us,180.0
event_accounting,cutoff16_medium,16,medium,measurement_feedback,,700.0,outcome_dependent_parameter_updates,0
curve,cutoff16_medium,16,medium,autonomous,0,0.0,fidelity,1.0
curve,cutoff16_medium,16,medium,autonomous,0,0.0,code_survival,1.0
curve,cutoff16_medium,16,medium,autonomous,0,0.0,logical_z_signal,0.9999978542269834
curve,cutoff16_medium,16,medium,autonomous,0,0.0,conditional_logical_z,0.9999978542269834
curve,cutoff16_medium,16,medium,autonomous,1,7.0,fidelity,0.5245591798699683
curve,cutoff16_medium,16,medium,autonomous,1,7.0,code_survival,0.5276214948449842
curve,cutoff16_medium,16,medium,autonomous,1,7.0,logical_z_signal,0.5214805086694593
curve,cutoff16_medium,16,medium,autonomous,1,7.0,conditional_logical_z,0.9883610007637593
curve,cutoff16_medium,16,medium,autonomous,2,14.0,fidelity,0.5985646961731824
curve,cutoff16_medium,16,medium,autonomous,2,14.0,code_survival,0.6147877925299045
curve,cutoff16_medium,16,medium,autonomous,2,14.0,logical_z_signal,0.5823625138190165
curve,cutoff16_medium,16,medium,autonomous,2,14.0,conditional_logical_z,0.9472577707220646
curve,cutoff16_medium,16,medium,autonomous,3,21.0,fidelity,0.5241430699080942
curve,cutoff16_medium,16,medium,autonomous,3,21.0,code_survival,0.5431277664895798
curve,cutoff16_medium,16,medium,autonomous,3,21.0,logical_z_signal,0.5051590424610292
curve,cutoff16_medium,16,medium,autonomous,3,21.0,conditional_logical_z,0.9300924637420851
curve,cutoff16_medium,16,medium,autonomous,4,28.0,fidelity,0.5272348912366477
curve,cutoff16_medium,16,medium,autonomous,4,28.0,code_survival,0.5608891564892996
curve,cutoff16_medium,16,medium,autonomous,4,28.0,logical_z_signal,0.49357966691081845
curve,cutoff16_medium,16,medium,autonomous,4,28.0,conditional_logical_z,0.8799950243292585
curve,cutoff16_medium,16,medium,autonomous,5,35.0,fidelity,0.5011223286832943
curve,cutoff16_medium,16,medium,autonomous,5,35.0,code_survival,0.5447275349628536
curve,cutoff16_medium,16,medium,autonomous,5,35.0,logical_z_signal,0.4575077161975676
curve,cutoff16_medium,16,medium,autonomous,5,35.0,conditional_logical_z,0.8398835873585244
curve,cutoff16_medium,16,medium,autonomous,6,42.0,fidelity,0.49252370719580707
curve,cutoff16_medium,16,medium,autonomous,6,42.0,code_survival,0.5484350305041771
curve,cutoff16_medium,16,medium,autonomous,6,42.0,logical_z_signal,0.43659994741996416
curve,cutoff16_medium,16,medium,autonomous,6,42.0,conditional_logical_z,0.796083260798635
curve,cutoff16_medium,16,medium,autonomous,7,49.0,fidelity,0.4782712984537572
curve,cutoff16_medium,16,medium,autonomous,7,49.0,code_survival,0.5447267966335061
curve,cutoff16_medium,16,medium,autonomous,7,49.0,logical_z_signal,0.4117982119891815
curve,cutoff16_medium,16,medium,autonomous,7,49.0,conditional_logical_z,0.7559720111699234
curve,cutoff16_medium,16,medium,autonomous,8,56.0,fidelity,0.4680716532222506
curve,cutoff16_medium,16,medium,autonomous,8,56.0,code_survival,0.5451315792762292
curve,cutoff16_medium,16,medium,autonomous,8,56.0,logical_z_signal,0.3909928429655958
curve,cutoff16_medium,16,medium,autonomous,8,56.0,conditional_logical_z,0.7172448961491401
curve,cutoff16_medium,16,medium,autonomous,9,63.0,fidelity,0.4574551916123706
curve,cutoff16_medium,16,medium,autonomous,9,63.0,code_survival,0.5442354565167629
curve,cutoff16_medium,16,medium,autonomous,9,63.0,logical_z_signal,0.37065309144018127
curve,cutoff16_medium,16,medium,autonomous,9,63.0,conditional_logical_z,0.6810528182277019
curve,cutoff16_medium,16,medium,autonomous,10,70.0,fidelity,0.4479528819933833
curve,cutoff16_medium,16,medium,autonomous,10,70.0,code_survival,0.5440465283168893
curve,cutoff16_medium,16,medium,autonomous,10,70.0,logical_z_signal,0.351837074583861
curve,cutoff16_medium,16,medium,autonomous,10,70.0,conditional_logical_z,0.6467040156883924
curve,cutoff16_medium,16,medium,autonomous,11,77.0,fidelity,0.4389850412875881
curve,cutoff16_medium,16,medium,autonomous,11,77.0,code_survival,0.54376779206017
curve,cutoff16_medium,16,medium,autonomous,11,77.0,logical_z_signal,0.3341788777339996
curve,cutoff16_medium,16,medium,autonomous,11,77.0,conditional_logical_z,0.6145617350154152
curve,cutoff16_medium,16,medium,autonomous,12,84.0,fidelity,0.4305309953506894
curve,cutoff16_medium,16,medium,autonomous,12,84.0,code_survival,0.5435445158450332
curve,cutoff16_medium,16,medium,autonomous,12,84.0,logical_z_signal,0.31749438959282195
curve,cutoff16_medium,16,medium,autonomous,12,84.0,conditional_logical_z,0.5841184674620854
curve,cutoff16_medium,16,medium,autonomous,13,91.0,fidelity,0.4226729897317798
curve,cutoff16_medium,16,medium,autonomous,13,91.0,code_survival,0.5434025390300334
curve,cutoff16_medium,16,medium,autonomous,13,91.0,logical_z_signal,0.30192031585210477
curve,cutoff16_medium,16,medium,autonomous,13,91.0,conditional_logical_z,0.5556107934111398
curve,cutoff16_medium,16,medium,autonomous,14,98.0,fidelity,0.41520858080243556
curve,cutoff16_medium,16,medium,autonomous,14,98.0,code_survival,0.5432254428578088
curve,cutoff16_medium,16,medium,autonomous,14,98.0,logical_z_signal,0.28716946953434214
curve,cutoff16_medium,16,medium,autonomous,14,98.0,conditional_logical_z,0.5286377383643824
curve,cutoff16_medium,16,medium,autonomous,15,105.0,fidelity,0.4082572684896498
curve,cutoff16_medium,16,medium,autonomous,15,105.0,code_survival,0.5431187839405198
curve,cutoff16_medium,16,medium,autonomous,15,105.0,logical_z_signal,0.2733743062489162
curve,cutoff16_medium,16,medium,autonomous,15,105.0,conditional_logical_z,0.5033416525672126
curve,cutoff16_medium,16,medium,autonomous,16,112.0,fidelity,0.40166411650383277
curve,cutoff16_medium,16,medium,autonomous,16,112.0,code_survival,0.5429831207349309
curve,cutoff16_medium,16,medium,autonomous,16,112.0,logical_z_signal,0.2603250071064173
curve,cutoff16_medium,16,medium,autonomous,16,112.0,conditional_logical_z,0.47943480591821314
curve,cutoff16_medium,16,medium,autonomous,17,119.0,fidelity,0.3955001809763276
curve,cutoff16_medium,16,medium,autonomous,17,119.0,code_survival,0.5428914985639528
curve,cutoff16_medium,16,medium,autonomous,17,119.0,logical_z_signal,0.2480901488823646
curve,cutoff16_medium,16,medium,autonomous,17,119.0,conditional_logical_z,0.4569792482265948
curve,cutoff16_medium,16,medium,autonomous,18,126.0,fidelity,0.38966756230256344
curve,cutoff16_medium,16,medium,autonomous,18,126.0,code_survival,0.5427850765643324
curve,cutoff16_medium,16,medium,autonomous,18,126.0,logical_z_signal,0.23653305355119103
curve,cutoff16_medium,16,medium,autonomous,18,126.0,conditional_logical_z,0.4357766338167856
curve,cutoff16_medium,16,medium,autonomous,19,133.0,fidelity,0.38419805207254554
curve,cutoff16_medium,16,medium,autonomous,19,133.0,code_survival,0.5427047086045511
curve,cutoff16_medium,16,medium,autonomous,19,133.0,logical_z_signal,0.22567620509487737
curve,cutoff16_medium,16,medium,autonomous,19,133.0,conditional_logical_z,0.41583609192401405
curve,cutoff16_medium,16,medium,autonomous,20,140.0,fidelity,0.3790311331508725
curve,cutoff16_medium,16,medium,autonomous,20,140.0,code_survival,0.5426189116319307
curve,cutoff16_medium,16,medium,autonomous,20,140.0,logical_z_signal,0.2154301750575286
curve,cutoff16_medium,16,medium,autonomous,20,140.0,conditional_logical_z,0.39701929003841874
curve,cutoff16_medium,16,medium,autonomous,21,147.0,fidelity,0.374176007144609
curve,cutoff16_medium,16,medium,autonomous,21,147.0,code_survival,0.5425488583272612
curve,cutoff16_medium,16,medium,autonomous,21,147.0,logical_z_signal,0.20579206765890307
curve,cutoff16_medium,16,medium,autonomous,21,147.0,conditional_logical_z,0.37930605603591727
curve,cutoff16_medium,16,medium,autonomous,22,154.0,fidelity,0.3695938602653996
curve,cutoff16_medium,16,medium,autonomous,22,154.0,code_survival,0.542478319040355
curve,cutoff16_medium,16,medium,autonomous,22,154.0,logical_z_signal,0.19670053469875584
curve,cutoff16_medium,16,medium,autonomous,22,154.0,conditional_logical_z,0.3625961218998012
curve,cutoff16_medium,16,medium,autonomous,23,161.0,fidelity,0.3652824822847822
curve,cutoff16_medium,16,medium,autonomous,23,161.0,code_survival,0.5424178323381514
curve,cutoff16_medium,16,medium,autonomous,23,161.0,logical_z_signal,0.18814054920181564
curve,cutoff16_medium,16,medium,autonomous,23,161.0,conditional_logical_z,0.34685539078023153
curve,cutoff16_medium,16,medium,autonomous,24,168.0,fidelity,0.36121538896421185
curve,cutoff16_medium,16,medium,autonomous,24,168.0,code_survival,0.5423591388077873
curve,cutoff16_medium,16,medium,autonomous,24,168.0,logical_z_signal,0.18006741880543592
curve,cutoff16_medium,16,medium,autonomous,24,168.0,conditional_logical_z,0.33200771577530663
curve,cutoff16_medium,16,medium,autonomous,25,175.0,fidelity,0.357385203883775
curve,cutoff16_medium,16,medium,autonomous,25,175.0,code_survival,0.5423073169596675
curve,cutoff16_medium,16,medium,autonomous,25,175.0,logical_z_signal,0.17246127349607113
curve,cutoff16_medium,16,medium,autonomous,25,175.0,conditional_logical_z,0.31801391591568257
curve,cutoff16_medium,16,medium,autonomous,26,182.0,fidelity,0.3537725933540082
curve,cutoff16_medium,16,medium,autonomous,26,182.0,code_survival,0.5422581576848531
curve,cutoff16_medium,16,medium,autonomous,26,182.0,logical_z_signal,0.1652876574037327
curve,cutoff16_medium,16,medium,autonomous,26,182.0,conditional_logical_z,0.3048135930484125
curve,cutoff16_medium,16,medium,autonomous,27,189.0,fidelity,0.35036825664856497
curve,cutoff16_medium,16,medium,autonomous,27,189.0,code_survival,0.5422140148543615
curve,cutoff16_medium,16,medium,autonomous,27,189.0,logical_z_signal,0.15852559178997447
curve,cutoff16_medium,16,medium,autonomous,27,189.0,conditional_logical_z,0.2923671971713132
curve,cutoff16_medium,16,medium,autonomous,28,196.0,fidelity,0.3471572065114315
curve,cutoff16_medium,16,medium,autonomous,28,196.0,code_survival,0.5421727114191037
curve,cutoff16_medium,16,medium,autonomous,28,196.0,logical_z_signal,0.15214727595344804
curve,cutoff16_medium,16,medium,autonomous,28,196.0,conditional_logical_z,0.28062510847366684
curve,cutoff16_medium,16,medium,autonomous,29,203.0,fidelity,0.34412981790661423
curve,cutoff16_medium,16,medium,autonomous,29,203.0,code_survival,0.5421352712473613
curve,cutoff16_medium,16,medium,autonomous,29,203.0,logical_z_signal,0.14613242089775383
curve,cutoff16_medium,16,medium,autonomous,29,203.0,conditional_logical_z,0.2695497390559517
curve,cutoff16_medium,16,medium,autonomous,30,210.0,fidelity,0.3412739221973173
curve,cutoff16_medium,16,medium,autonomous,30,210.0,code_survival,0.5421005325278082
curve,cutoff16_medium,16,medium,autonomous,30,210.0,logical_z_signal,0.14045784621177804
curve,cutoff16_medium,16,medium,autonomous,30,210.0,conditional_logical_z,0.2590992588714584
curve,cutoff16_medium,16,medium,autonomous,31,217.0,fidelity,0.33858031256666
curve,cutoff16_medium,16,medium,autonomous,31,217.0,code_survival,0.5420688849455205
curve,cutoff16_medium,16,medium,autonomous,31,217.0,logical_z_signal,0.13510473841087262
curve,cutoff16_medium,16,medium,autonomous,31,217.0,conditional_logical_z,0.2492390582876769
curve,cutoff16_medium,16,medium,autonomous,32,224.0,fidelity,0.3360387854776716
curve,cutoff16_medium,16,medium,autonomous,32,224.0,code_survival,0.5420396758929504
curve,cutoff16_medium,16,medium,autonomous,32,224.0,logical_z_signal,0.1300533380762996
curve,cutoff16_medium,16,medium,autonomous,32,224.0,conditional_logical_z,0.2399332444844579
curve,cutoff16_medium,16,medium,autonomous,33,231.0,fidelity,0.33364085971417806
curve,cutoff16_medium,16,medium,autonomous,33,231.0,code_survival,0.5420130022719
curve,cutoff16_medium,16,medium,autonomous,33,231.0,logical_z_signal,0.1252865787859619
curve,cutoff16_medium,16,medium,autonomous,33,231.0,conditional_logical_z,0.23115050425139447
curve,cutoff16_medium,16,medium,autonomous,34,238.0,fidelity,0.3313777989621569
curve,cutoff16_medium,16,medium,autonomous,34,238.0,code_survival,0.5419884706178129
curve,cutoff16_medium,16,medium,autonomous,34,238.0,logical_z_signal,0.12078737709418727
curve,cutoff16_medium,16,medium,autonomous,34,238.0,conditional_logical_z,0.2228596799420875
curve,cutoff16_medium,16,medium,autonomous,35,245.0,fidelity,0.3292419405066476
curve,cutoff16_medium,16,medium,autonomous,35,245.0,code_survival,0.5419660498333032
curve,cutoff16_medium,16,medium,autonomous,35,245.0,logical_z_signal,0.11654043366021093
curve,cutoff16_medium,16,medium,autonomous,35,245.0,conditional_logical_z,0.2150327196621563
curve,cutoff16_medium,16,medium,autonomous,36,252.0,fidelity,0.3272257066685437
curve,cutoff16_medium,16,medium,autonomous,36,252.0,code_survival,0.5419454823220358
curve,cutoff16_medium,16,medium,autonomous,36,252.0,logical_z_signal,0.11253084731200849
curve,cutoff16_medium,16,medium,autonomous,36,252.0,conditional_logical_z,0.2076423754467986
curve,cutoff16_medium,16,medium,autonomous,37,259.0,fidelity,0.3253222448051012
curve,cutoff16_medium,16,medium,autonomous,37,259.0,code_survival,0.5419266869801767
curve,cutoff16_medium,16,medium,autonomous,37,259.0,logical_z_signal,0.10874499035130519
curve,cutoff16_medium,16,medium,autonomous,37,259.0,conditional_logical_z,0.20066365610683243
curve,cutoff16_medium,16,medium,autonomous,38,266.0,fidelity,0.32352493018440037
curve,cutoff16_medium,16,medium,autonomous,38,266.0,code_survival,0.5419094810744094
curve,cutoff16_medium,16,medium,autonomous,38,266.0,logical_z_signal,0.10516979350446713
curve,cutoff16_medium,16,medium,autonomous,38,266.0,conditional_logical_z,0.19407262130928893
curve,cutoff16_medium,16,medium,autonomous,39,273.0,fidelity,0.32182766749012615
curve,cutoff16_medium,16,medium,autonomous,39,273.0,code_survival,0.5418937693889779
curve,cutoff16_medium,16,medium,autonomous,39,273.0,logical_z_signal,0.10179315895534428
curve,cutoff16_medium,16,medium,autonomous,39,273.0,conditional_logical_z,0.18784707392026853
curve,cutoff16_medium,16,medium,autonomous,40,280.0,fidelity,0.32022463727456935
curve,cutoff16_medium,16,medium,autonomous,40,280.0,code_survival,0.541879413458044
curve,cutoff16_medium,16,medium,autonomous,40,280.0,logical_z_signal,0.09860358451040438
curve,cutoff16_medium,16,medium,autonomous,40,280.0,conditional_logical_z,0.1819659172529885
curve,cutoff16_medium,16,medium,autonomous,41,287.0,fidelity,0.31871043259299037
curve,cutoff16_medium,16,medium,autonomous,41,287.0,code_survival,0.5418663197111298
curve,cutoff16_medium,16,medium,autonomous,41,287.0,logical_z_signal,0.09559034831176064
curve,cutoff16_medium,16,medium,autonomous,41,287.0,conditional_logical_z,0.1764094663841076
curve,cutoff16_medium,16,medium,autonomous,42,294.0,fidelity,0.3172799261723648
curve,cutoff16_medium,16,medium,autonomous,42,294.0,code_survival,0.5418543781735452
curve,cutoff16_medium,16,medium,autonomous,42,294.0,logical_z_signal,0.09274330468952793
curve,cutoff16_medium,16,medium,autonomous,42,294.0,conditional_logical_z,0.17115909444552665
curve,cutoff16_medium,16,medium,autonomous,43,301.0,fidelity,0.315928327689918
curve,cutoff16_medium,16,medium,autonomous,43,301.0,code_survival,0.5418435032084035
curve,cutoff16_medium,16,medium,autonomous,43,301.0,logical_z_signal,0.09005295776841676
curve,cutoff16_medium,16,medium,autonomous,43,301.0,conditional_logical_z,0.16619735631264118
curve,cutoff16_medium,16,medium,autonomous,44,308.0,fidelity,0.31465111101088944
curve,cutoff16_medium,16,medium,autonomous,44,308.0,code_survival,0.5418336048016659
curve,cutoff16_medium,16,medium,autonomous,44,308.0,logical_z_signal,0.0875103447455117
curve,cutoff16_medium,16,medium,autonomous,44,308.0,conditional_logical_z,0.16150778388421333
curve,cutoff16_medium,16,medium,autonomous,45,315.0,fidelity,0.3134440339404564
curve,cutoff16_medium,16,medium,autonomous,45,315.0,code_survival,0.5418246071939609
curve,cutoff16_medium,16,medium,autonomous,45,315.0,logical_z_signal,0.08510705665172404
curve,cutoff16_medium,16,medium,autonomous,45,315.0,conditional_logical_z,0.15707491967277457
curve,cutoff16_medium,16,medium,autonomous,46,322.0,fidelity,0.3123030956778969
curve,cutoff16_medium,16,medium,autonomous,46,322.0,code_survival,0.5418164353873035
curve,cutoff16_medium,16,medium,autonomous,46,322.0,logical_z_signal,0.08283516678264018
curve,cutoff16_medium,16,medium,autonomous,46,322.0,conditional_logical_z,0.1528841898703711
curve,cutoff16_medium,16,medium,autonomous,47,329.0,fidelity,0.3112245393435621
curve,cutoff16_medium,16,medium,autonomous,47,329.0,code_survival,0.5418090235308947
curve,cutoff16_medium,16,medium,autonomous,47,329.0,logical_z_signal,0.08068722730433231
curve,cutoff16_medium,16,medium,autonomous,47,329.0,conditional_logical_z,0.1489218964617916
curve,cutoff16_medium,16,medium,autonomous,48,336.0,fidelity,0.3102048249643266
curve,cutoff16_medium,16,medium,autonomous,48,336.0,code_survival,0.5418023085189962
curve,cutoff16_medium,16,medium,autonomous,48,336.0,logical_z_signal,0.0786562216303211
curve,cutoff16_medium,16,medium,autonomous,48,336.0,conditional_logical_z,0.14517513195048212
curve,cutoff16_medium,16,medium,autonomous,49,343.0,fidelity,0.309240624531557
curve,cutoff16_medium,16,medium,autonomous,49,343.0,code_survival,0.5417962336640123
curve,cutoff16_medium,16,medium,autonomous,49,343.0,logical_z_signal,0.07673555082655688
curve,cutoff16_medium,16,medium,autonomous,49,343.0,conditional_logical_z,0.14163175389318672
curve,cutoff16_medium,16,medium,autonomous,50,350.0,fidelity,0.3083288032738353
curve,cutoff16_medium,16,medium,autonomous,50,350.0,code_survival,0.5417907455956908
curve,cutoff16_medium,16,medium,autonomous,50,350.0,logical_z_signal,0.07491899925143335
curve,cutoff16_medium,16,medium,autonomous,50,350.0,conditional_logical_z,0.13828032291149792
curve,cutoff16_medium,16,medium,autonomous,51,357.0,fidelity,0.3074664118671353
curve,cutoff16_medium,16,medium,autonomous,51,357.0,code_survival,0.5417857957876325
curve,cutoff16_medium,16,medium,autonomous,51,357.0,logical_z_signal,0.07320071742474045
curve,cutoff16_medium,16,medium,autonomous,51,357.0,conditional_logical_z,0.13511007116442275
curve,cutoff16_medium,16,medium,autonomous,52,364.0,fidelity,0.3066506723913258
curve,cutoff16_medium,16,medium,autonomous,52,364.0,code_survival,0.5417813389978899
curve,cutoff16_medium,16,medium,autonomous,52,364.0,logical_z_signal,0.07157519549052392
curve,cutoff16_medium,16,medium,autonomous,52,364.0,conditional_logical_z,0.13211085421087693
curve,cutoff16_medium,16,medium,autonomous,53,371.0,fidelity,0.30587896983049295
curve,cutoff16_medium,16,medium,autonomous,53,371.0,code_survival,0.5417773338319584
curve,cutoff16_medium,16,medium,autonomous,53,371.0,logical_z_signal,0.07003724563720504
curve,cutoff16_medium,16,medium,autonomous,53,371.0,conditional_logical_z,0.12927311879556833
curve,cutoff16_medium,16,medium,autonomous,54,378.0,fidelity,0.3051488408891172
curve,cutoff16_medium,16,medium,autonomous,54,378.0,code_survival,0.5417737419095701
curve,cutoff16_medium,16,medium,autonomous,54,378.0,logical_z_signal,0.06858198055326298
curve,cutoff16_medium,16,medium,autonomous,54,378.0,conditional_logical_z,0.12658786361910893
curve,cutoff16_medium,16,medium,autonomous,55,385.0,fidelity,0.3044579657295984
curve,cutoff16_medium,16,medium,autonomous,55,385.0,code_survival,0.541770528005867
curve,cutoff16_medium,16,medium,autonomous,55,385.0,logical_z_signal,0.0672047967480984
curve,cutoff16_medium,16,medium,autonomous,55,385.0,conditional_logical_z,0.1240466088021876
curve,cutoff16_medium,16,medium,autonomous,56,392.0,fidelity,0.3038041586953451
curve,cutoff16_medium,16,medium,autonomous,56,392.0,code_survival,0.5417676595670232
curve,cutoff16_medium,16,medium,autonomous,56,392.0,logical_z_signal,0.06590135647358256
curve,cutoff16_medium,16,medium,autonomous,56,392.0,conditional_logical_z,0.12164136287915459
curve,cutoff16_medium,16,medium,autonomous,57,399.0,fidelity,0.303185360668237
curve,cutoff16_medium,16,medium,autonomous,57,399.0,code_survival,0.5417651066754207
curve,cutoff16_medium,16,medium,autonomous,57,399.0,logical_z_signal,0.06466757246381506
curve,cutoff16_medium,16,medium,autonomous,57,399.0,conditional_logical_z,0.11936459485302058
curve,cutoff16_medium,16,medium,autonomous,58,406.0,fidelity,0.30259963117535327
curve,cutoff16_medium,16,medium,autonomous,58,406.0,code_survival,0.5417628417389581
curve,cutoff16_medium,16,medium,autonomous,58,406.0,logical_z_signal,0.06349959245153
curve,cutoff16_medium,16,medium,autonomous,58,406.0,conditional_logical_z,0.11720920587264366
curve,cutoff16_medium,16,medium,autonomous,59,413.0,fidelity,0.30204514148675765
curve,cutoff16_medium,16,medium,autonomous,59,413.0,code_survival,0.5417608393902873
curve,cutoff16_medium,16,medium,autonomous,59,413.0,logical_z_signal,0.06239378545661726
curve,cutoff16_medium,16,medium,autonomous,59,413.0,conditional_logical_z,0.11516850410752641
curve,cutoff16_medium,16,medium,autonomous,60,420.0,fidelity,0.30152016779731766
curve,cutoff16_medium,16,medium,autonomous,60,420.0,code_survival,0.5417590762678434
curve,cutoff16_medium,16,medium,autonomous,60,420.0,logical_z_signal,0.061346728362293254
curve,cutoff16_medium,16,medium,autonomous,60,420.0,conditional_logical_z,0.1132361801576236
curve,cutoff16_medium,16,medium,autonomous,61,427.0,fidelity,0.30102308506734266
curve,cutoff16_medium,16,medium,autonomous,61,427.0,code_survival,0.5417575308973026
curve,cutoff16_medium,16,medium,autonomous,61,427.0,logical_z_signal,0.060355193708769135
curve,cutoff16_medium,16,medium,autonomous,61,427.0,conditional_logical_z,0.11140628466909169
curve,cutoff16_medium,16,medium,autonomous,62,434.0,fidelity,0.300552361081155
curve,cutoff16_medium,16,medium,autonomous,62,434.0,code_survival,0.5417561835252693
curve,cutoff16_medium,16,medium,autonomous,62,434.0,logical_z_signal,0.059416137971470884
curve,cutoff16_medium,16,medium,autonomous,62,434.0,conditional_logical_z,0.10967320683788655
curve,cutoff16_medium,16,medium,autonomous,63,441.0,fidelity,0.3001065509836971
curve,cutoff16_medium,16,medium,autonomous,63,441.0,code_survival,0.5417550160031249
curve,cutoff16_medium,16,medium,autonomous,63,441.0,logical_z_signal,0.05852669074556856
curve,cutoff16_medium,16,medium,autonomous,63,441.0,conditional_logical_z,0.10803165456105526
curve,cutoff16_medium,16,medium,autonomous,64,448.0,fidelity,0.299684292076608
curve,cutoff16_medium,16,medium,autonomous,64,448.0,code_survival,0.5417540116541117
curve,cutoff16_medium,16,medium,autonomous,64,448.0,logical_z_signal,0.057684144466866226
curve,cutoff16_medium,16,medium,autonomous,64,448.0,conditional_logical_z,0.10647663556886634
curve,cutoff16_medium,16,medium,autonomous,65,455.0,fidelity,0.299284298986412
curve,cutoff16_medium,16,medium,autonomous,65,455.0,code_survival,0.5417531551672393
curve,cutoff16_medium,16,medium,autonomous,65,455.0,logical_z_signal,0.056885944850497194
curve,cutoff16_medium,16,medium,autonomous,65,455.0,conditional_logical_z,0.10500343986540603
curve,cutoff16_medium,16,medium,autonomous,66,462.0,fidelity,0.29890535909265004
curve,cutoff16_medium,16,medium,autonomous,66,462.0,code_survival,0.5417524324877141
curve,cutoff16_medium,16,medium,autonomous,66,462.0,logical_z_signal,0.05612968185347886
curve,cutoff16_medium,16,medium,autonomous,66,462.0,conditional_logical_z,0.10360762312728844
curve,cutoff16_medium,16,medium,autonomous,67,469.0,fidelity,0.29854632826022887
curve,cutoff16_medium,16,medium,autonomous,67,469.0,code_survival,0.541751830723101
curve,cutoff16_medium,16,medium,autonomous,67,469.0,logical_z_signal,0.05541308123033896
curve,cutoff16_medium,16,medium,autonomous,67,469.0,conditional_logical_z,0.10228499118568106
curve,cutoff16_medium,16,medium,autonomous,68,476.0,fidelity,0.29820612681515657
curve,cutoff16_medium,16,medium,autonomous,68,476.0,code_survival,0.5417513380514047
curve,cutoff16_medium,16,medium,autonomous,68,476.0,logical_z_signal,0.054733996573985824
curve,cutoff16_medium,16,medium,autonomous,68,476.0,conditional_logical_z,0.10103158539645789
curve,cutoff16_medium,16,medium,autonomous,69,483.0,fidelity,0.2978837357768204
curve,cutoff16_medium,16,medium,autonomous,69,483.0,code_survival,0.5417509436393909
curve,cutoff16_medium,16,medium,autonomous,69,483.0,logical_z_signal,0.05409040185974051
curve,cutoff16_medium,16,medium,autonomous,69,483.0,conditional_logical_z,0.099843668930912
curve,cutoff16_medium,16,medium,autonomous,70,490.0,fidelity,0.2975781933111473
curve,cutoff16_medium,16,medium,autonomous,70,490.0,code_survival,0.5417506375647493
curve,cutoff16_medium,16,medium,autonomous,70,490.0,logical_z_signal,0.0534803844276056
curve,cutoff16_medium,16,medium,autonomous,70,490.0,conditional_logical_z,0.09871771386925908
curve,cutoff16_medium,16,medium,autonomous,71,497.0,fidelity,0.2972885914041282
curve,cutoff16_medium,16,medium,autonomous,71,497.0,code_survival,0.5417504107455914
curve,cutoff16_medium,16,medium,autonomous,71,497.0,logical_z_signal,0.05290213839819503
curve,cutoff16_medium,16,medium,autonomous,71,497.0,conditional_logical_z,0.09765038908856154
curve,cutoff16_medium,16,medium,autonomous,72,504.0,fidelity,0.297014072732757
curve,cutoff16_medium,16,medium,autonomous,72,504.0,code_survival,0.5417502548742285
curve,cutoff16_medium,16,medium,autonomous,72,504.0,logical_z_signal,0.052353958479465966
curve,cutoff16_medium,16,medium,autonomous,72,504.0,conditional_logical_z,0.09663854886717191
curve,cutoff16_medium,16,medium,autonomous,73,511.0,fidelity,0.29675382772727626
curve,cutoff16_medium,16,medium,autonomous,73,511.0,code_survival,0.5417501623565932
curve,cutoff16_medium,16,medium,autonomous,73,511.0,logical_z_signal,0.05183423415064136
curve,cutoff16_medium,16,medium,autonomous,73,511.0,conditional_logical_z,0.09567922218087457
curve,cutoff16_medium,16,medium,autonomous,74,518.0,fidelity,0.2965070918085204
curve,cutoff16_medium,16,medium,autonomous,74,518.0,code_survival,0.5417501262557783
curve,cutoff16_medium,16,medium,autonomous,74,518.0,logical_z_signal,0.05134144419241672
curve,cutoff16_medium,16,medium,autonomous,74,518.0,conditional_logical_z,0.09476960263443798
curve,cutoff16_medium,16,medium,autonomous,75,525.0,fidelity,0.2962731427923541
curve,cutoff16_medium,16,medium,autonomous,75,525.0,code_survival,0.5417501402401252
curve,cutoff16_medium,16,medium,autonomous,75,525.0,logical_z_signal,0.05087415154698585
curve,cutoff16_medium,16,medium,autonomous,75,525.0,conditional_logical_z,0.09390703899852504
curve,cutoff16_medium,16,medium,autonomous,76,532.0,fidelity,0.2960512984488293
curve,cutoff16_medium,16,medium,autonomous,76,532.0,code_survival,0.5417501985350451
curve,cutoff16_medium,16,medium,autonomous,76,532.0,logical_z_signal,0.05043099848394168
curve,cutoff16_medium,16,medium,autonomous,76,532.0,conditional_logical_z,0.09308902630827437
curve,cutoff16_medium,16,medium,autonomous,77,539.0,fidelity,0.2958409142078134
curve,cutoff16_medium,16,medium,autonomous,77,539.0,code_survival,0.5417502958786141
curve,cutoff16_medium,16,medium,autonomous,77,539.0,logical_z_signal,0.05001070205548591
curve,cutoff16_medium,16,medium,autonomous,77,539.0,conditional_logical_z,0.09231319749328099
curve,cutoff16_medium,16,medium,autonomous,78,546.0,fidelity,0.2956413810010899
curve,cutoff16_medium,16,medium,autonomous,78,546.0,code_survival,0.5417504274804565
curve,cutoff16_medium,16,medium,autonomous,78,546.0,logical_z_signal,0.049612049821434655
curve,cutoff16_medium,16,medium,autonomous,78,546.0,conditional_logical_z,0.09157731550331706
curve,cutoff16_medium,16,medium,autonomous,79,553.0,fidelity,0.29545212323313236
curve,cutoff16_medium,16,medium,autonomous,79,553.0,code_survival,0.5417505889838145
curve,cutoff16_medium,16,medium,autonomous,79,553.0,logical_z_signal,0.04923389582849795
curve,cutoff16_medium,16,medium,autonomous,79,553.0,conditional_logical_z,0.09087926590139597
curve,cutoff16_medium,16,medium,autonomous,80,560.0,fidelity,0.295272596872178
curve,cutoff16_medium,16,medium,autonomous,80,560.0,code_survival,0.5417507764304673
curve,cutoff16_medium,16,medium,autonomous,80,560.0,logical_z_signal,0.04887515682741464
curve,cutoff16_medium,16,medium,autonomous,80,560.0,conditional_logical_z,0.09021704989413647
curve,cutoff16_medium,16,medium,autonomous,81,567.0,fidelity,0.295102287654497
curve,cutoff16_medium,16,medium,autonomous,81,567.0,code_survival,0.5417509862283653
curve,cutoff16_medium,16,medium,autonomous,81,567.0,logical_z_signal,0.048534808713860324
curve,cutoff16_medium,16,medium,autonomous,81,567.0,conditional_logical_z,0.08958877777363447
curve,cutoff16_medium,16,medium,autonomous,82,574.0,fidelity,0.2949407093947
curve,cutoff16_medium,16,medium,autonomous,82,574.0,code_survival,0.5417512151217232
curve,cutoff16_medium,16,medium,autonomous,82,574.0,logical_z_signal,0.04821188317905253
curve,cutoff16_medium,16,medium,autonomous,82,574.0,conditional_logical_z,0.08899266274505735
curve,cutoff16_medium,16,medium,autonomous,83,581.0,fidelity,0.29478740239572404
curve,cutoff16_medium,16,medium,autonomous,83,581.0,code_survival,0.5417514601634247
curve,cutoff16_medium,16,medium,autonomous,83,581.0,logical_z_signal,0.047905464557476185
curve,cutoff16_medium,16,medium,autonomous,83,581.0,conditional_logical_z,0.0884270151169044
curve,cutoff16_medium,16,medium,autonomous,84,588.0,fidelity,0.29464193195230826
curve,cutoff16_medium,16,medium,autonomous,84,588.0,code_survival,0.5417517186895464
curve,cutoff16_medium,16,medium,autonomous,84,588.0,logical_z_signal,0.04761468685953203
curve,cutoff16_medium,16,medium,autonomous,84,588.0,conditional_logical_z,0.08789023683156577
curve,cutoff16_medium,16,medium,autonomous,85,595.0,fidelity,0.29450388694231616
curve,cutoff16_medium,16,medium,autonomous,85,595.0,code_survival,0.5417519882958562
curve,cutoff16_medium,16,medium,autonomous,85,595.0,logical_z_signal,0.04733873097796184
curve,cutoff16_medium,16,medium,autonomous,85,595.0,conditional_logical_z,0.08738081631573022
curve,cutoff16_medium,16,medium,autonomous,86,602.0,fidelity,0.2943728785005145
curve,cutoff16_medium,16,medium,autonomous,86,602.0,code_survival,0.5417522668161303
curve,cutoff16_medium,16,medium,autonomous,86,602.0,logical_z_signal,0.04707682205741642
curve,cutoff16_medium,16,medium,autonomous,86,602.0,conditional_logical_z,0.0868973236311242
curve,cutoff16_medium,16,medium,autonomous,87,609.0,fidelity,0.2942485387698265
curve,cutoff16_medium,16,medium,autonomous,87,609.0,code_survival,0.5417525523021564
curve,cutoff16_medium,16,medium,autonomous,87,609.0,logical_z_signal,0.04682822701732649
curve,cutoff16_medium,16,medium,autonomous,87,609.0,conditional_logical_z,0.08643840590751582
curve,cutoff16_medium,16,medium,autonomous,88,616.0,fidelity,0.2941305197253447
curve,cutoff16_medium,16,medium,autonomous,88,616.0,code_survival,0.5417528430052985
curve,cutoff16_medium,16,medium,autonomous,88,616.0,logical_z_signal,0.046592252218770114
curve,cutoff16_medium,16,medium,autonomous,88,616.0,conditional_logical_z,0.08600278304089017
curve,cutoff16_medium,16,medium,autonomous,89,623.0,fidelity,0.29401849206671493
curve,cutoff16_medium,16,medium,autonomous,89,623.0,code_survival,0.5417531373595043
curve,cutoff16_medium,16,medium,autonomous,89,623.0,logical_z_signal,0.04636824126666952
curve,cutoff16_medium,16,medium,autonomous,89,623.0,conditional_logical_z,0.08558924364087221
curve,cutoff16_medium,16,medium,autonomous,90,630.0,fidelity,0.29391214417475636
curve,cutoff16_medium,16,medium,autonomous,90,630.0,code_survival,0.5417534339656446
curve,cutoff16_medium,16,medium,autonomous,90,630.0,logical_z_signal,0.04615557293915172
curve,cutoff16_medium,16,medium,autonomous,90,630.0,conditional_logical_z,0.08519664121239089
curve,cutoff16_medium,16,medium,autonomous,91,637.0,fidelity,0.29381118112845583
curve,cutoff16_medium,16,medium,autonomous,91,637.0,code_survival,0.5417537315770904
curve,cutoff16_medium,16,medium,autonomous,91,637.0,logical_z_signal,0.04595365923644525
curve,cutoff16_medium,16,medium,autonomous,91,637.0,conditional_logical_z,0.08482389055756073
curve,cutoff16_medium,16,medium,autonomous,92,644.0,fidelity,0.2937153237787058
curve,cutoff16_medium,16,medium,autonomous,92,644.0,code_survival,0.5417540290864297
curve,cutoff16_medium,16,medium,autonomous,92,644.0,logical_z_signal,0.045761943542136974
curve,cutoff16_medium,16,medium,autonomous,92,644.0,conditional_logical_z,0.08446996438458654
curve,cutoff16_medium,16,medium,autonomous,93,651.0,fidelity,0.29362430787538457
curve,cutoff16_medium,16,medium,autonomous,93,651.0,code_survival,0.5417543255132377
curve,cutoff16_medium,16,medium,autonomous,93,651.0,logical_z_signal,0.045579898890078706
curve,cutoff16_medium,16,medium,autonomous,93,651.0,conditional_logical_z,0.08413389011134895
curve,cutoff16_medium,16,medium,autonomous,94,658.0,fidelity,0.2935378832445917
curve,cutoff16_medium,16,medium,autonomous,94,658.0,code_survival,0.5417546199928235
curve,cutoff16_medium,16,medium,autonomous,94,658.0,logical_z_signal,0.04540702633063169
curve,cutoff16_medium,16,medium,autonomous,94,658.0,conditional_logical_z,0.08381474685205857
curve,cutoff16_medium,16,medium,autonomous,95,665.0,fidelity,0.29345581301304174
curve,cutoff16_medium,16,medium,autonomous,95,665.0,code_survival,0.5417549117658794
curve,cutoff16_medium,16,medium,autonomous,95,665.0,logical_z_signal,0.04524285339034014
curve,cutoff16_medium,16,medium,autonomous,95,665.0,conditional_logical_z,0.08351166257610589
curve,cutoff16_medium,16,medium,autonomous,96,672.0,fidelity,0.2933778728768123
curve,cutoff16_medium,16,medium,autonomous,96,672.0,code_survival,0.5417552001689595
curve,cutoff16_medium,16,medium,autonomous,96,672.0,logical_z_signal,0.04508693261948175
curve,cutoff16_medium,16,medium,autonomous,96,672.0,conditional_logical_z,0.08322381142888946
curve,cutoff16_medium,16,medium,autonomous,97,679.0,fidelity,0.2933038504118094
curve,cutoff16_medium,16,medium,autonomous,97,679.0,code_survival,0.5417554846257295
curve,cutoff16_medium,16,medium,autonomous,97,679.0,logical_z_signal,0.044938840222288924
curve,cutoff16_medium,16,medium,autonomous,97,679.0,conditional_logical_z,0.08295041120503803
curve,cutoff16_medium,16,medium,autonomous,98,686.0,fidelity,0.29323354442348004
curve,cutoff16_medium,16,medium,autonomous,98,686.0,code_survival,0.5417557646389255
curve,cutoff16_medium,16,medium,autonomous,98,686.0,logical_z_signal,0.04479817476495304
curve,cutoff16_medium,16,medium,autonomous,98,686.0,conditional_logical_z,0.0826907209650285
curve,cutoff16_medium,16,medium,autonomous,99,693.0,fidelity,0.2931667643334507
curve,cutoff16_medium,16,medium,autonomous,99,693.0,code_survival,0.5417560397829709
curve,cutoff16_medium,16,medium,autonomous,99,693.0,logical_z_signal,0.04466455595682216
curve,cutoff16_medium,16,medium,autonomous,99,693.0,conditional_logical_z,0.08244403878674783
curve,cutoff16_medium,16,medium,autonomous,100,700.0,fidelity,0.2931033296009134
curve,cutoff16_medium,16,medium,autonomous,100,700.0,code_survival,0.5417563096971957
curve,cutoff16_medium,16,medium,autonomous,100,700.0,logical_z_signal,0.04453762350048958
curve,cutoff16_medium,16,medium,autonomous,100,700.0,conditional_logical_z,0.08220969964407619
event_accounting,cutoff16_medium,16,medium,autonomous,,700.0,full_cycles,100
event_accounting,cutoff16_medium,16,medium,autonomous,,700.0,half_cycles,200
event_accounting,cutoff16_medium,16,medium,autonomous,,700.0,total_physical_time_us,700.0
event_accounting,cutoff16_medium,16,medium,autonomous,,700.0,measurement_events,0
event_accounting,cutoff16_medium,16,medium,autonomous,,700.0,reset_events,200
event_accounting,cutoff16_medium,16,medium,autonomous,,700.0,active_gate_applications,1800
event_accounting,cutoff16_medium,16,medium,autonomous,,700.0,qubit_rotations,800
event_accounting,cutoff16_medium,16,medium,autonomous,,700.0,echoed_conditional_displacements,600
event_accounting,cutoff16_medium,16,medium,autonomous,,700.0,fixed_cavity_displacements,200
event_accounting,cutoff16_medium,16,medium,autonomous,,700.0,virtual_rotations,200
event_accounting,cutoff16_medium,16,medium,autonomous,,700.0,cycles_per_100us,14.285714285714286
event_accounting,cutoff16_medium,16,medium,autonomous,,700.0,measurements_per_100us,0.0
event_accounting,cutoff16_medium,16,medium,autonomous,,700.0,resets_per_100us,28.571428571428573
event_accounting,cutoff16_medium,16,medium,autonomous,,700.0,active_gates_per_100us,257.14285714285717
event_accounting,cutoff16_medium,16,medium,autonomous,,700.0,outcome_dependent_parameter_updates,0
comparison,cutoff16_medium,16,medium,paired,,700.0,autonomous_minus_measurement_final_fidelity,0.0022384580105776486
comparison,cutoff16_medium,16,medium,paired,,700.0,autonomous_minus_measurement_final_logical_z,-0.006588163673487753
comparison,cutoff16_medium,16,medium,paired,,700.0,autonomous_to_measurement_logical_lifetime_us_ratio,0.8134318329961754
comparison,cutoff16_medium,16,medium,paired,,700.0,autonomous_to_measurement_logical_lifetime_protocol_cycle_ratio,1.1620454757088219
comparison,cutoff16_medium,16,medium,paired,,700.0,autonomous_to_measurement_reset_rate_ratio,1.4285714285714286
comparison,cutoff16_medium,16,medium,paired,,700.0,autonomous_to_measurement_active_gate_rate_ratio,1.4285714285714286
comparison,cutoff16_medium,16,medium,paired,,700.0,measurement_events_avoided_at_common_horizon,140.0
comparison,cutoff16_medium,16,medium,paired,,700.0,additional_autonomous_resets_at_common_horizon,60.0
comparison,cutoff16_medium,16,medium,paired,,700.0,additional_autonomous_active_gates_at_common_horizon,540.0
curve,cutoff16_low,16,low,measurement_feedback,0,0.0,fidelity,1.0
curve,cutoff16_low,16,low,measurement_feedback,0,0.0,code_survival,1.0
curve,cutoff16_low,16,low,measurement_feedback,0,0.0,logical_z_signal,0.9999978542269834
curve,cutoff16_low,16,low,measurement_feedback,0,0.0,conditional_logical_z,0.9999978542269834
curve,cutoff16_low,16,low,measurement_feedback,1,10.0,fidelity,0.5231307227698447
curve,cutoff16_low,16,low,measurement_feedback,1,10.0,code_survival,0.5261904566308997
curve,cutoff16_low,16,low,measurement_feedback,1,10.0,logical_z_signal,0.5200551416354552
curve,cutoff16_low,16,low,measurement_feedback,1,10.0,conditional_logical_z,0.9883401249146025
curve,cutoff16_low,16,low,measurement_feedback,2,20.0,fidelity,0.5966514050922348
curve,cutoff16_low,16,low,measurement_feedback,2,20.0,code_survival,0.6127642811360908
curve,cutoff16_low,16,low,measurement_feedback,2,20.0,logical_z_signal,0.580558648185099
curve,cutoff16_low,16,low,measurement_feedback,2,20.0,conditional_logical_z,0.9474420524458749
curve,cutoff16_low,16,low,measurement_feedback,3,30.0,fidelity,0.5218070327554011
curve,cutoff16_low,16,low,measurement_feedback,3,30.0,code_survival,0.5408794550741611
curve,cutoff16_low,16,low,measurement_feedback,3,30.0,logical_z_signal,0.5027345100567815
curve,cutoff16_low,16,low,measurement_feedback,3,30.0,conditional_logical_z,0.9294760696500304
curve,cutoff16_low,16,low,measurement_feedback,4,40.0,fidelity,0.5250645715978035
curve,cutoff16_low,16,low,measurement_feedback,4,40.0,code_survival,0.5588027587462886
curve,cutoff16_low,16,low,measurement_feedback,4,40.0,logical_z_signal,0.4913245161958476
curve,cutoff16_low,16,low,measurement_feedback,4,40.0,conditional_logical_z,0.8792449724088103
curve,cutoff16_low,16,low,measurement_feedback,5,50.0,fidelity,0.49874539802509055
curve,cutoff16_low,16,low,measurement_feedback,5,50.0,code_survival,0.5425163214606409
curve,cutoff16_low,16,low,measurement_feedback,5,50.0,logical_z_signal,0.4549639968096549
curve,cutoff16_low,16,low,measurement_feedback,5,50.0,conditional_logical_z,0.8386180817283709
curve,cutoff16_low,16,low,measurement_feedback,6,60.0,fidelity,0.49027315953881195
curve,cutoff16_low,16,low,measurement_feedback,6,60.0,code_survival,0.5463452559103303
curve,cutoff16_low,16,low,measurement_feedback,6,60.0,logical_z_signal,0.43418760704191955
curve,cutoff16_low,16,low,measurement_feedback,6,60.0,conditional_logical_z,0.7947128712932051
curve,cutoff16_low,16,low,measurement_feedback,7,70.0,fidelity,0.47591859513224555
curve,cutoff16_low,16,low,measurement_feedback,7,70.0,code_survival,0.5425589394874477
curve,cutoff16_low,16,low,measurement_feedback,7,70.0,logical_z_signal,0.4092596015520801
curve,cutoff16_low,16,low,measurement_feedback,7,70.0,conditional_logical_z,0.7543136270848385
curve,cutoff16_low,16,low,measurement_feedback,8,80.0,fidelity,0.46581215314840074
curve,cutoff16_low,16,low,measurement_feedback,8,80.0,code_survival,0.5430427905291354
curve,cutoff16_low,16,low,measurement_feedback,8,80.0,logical_z_signal,0.3885615942716705
curve,cutoff16_low,16,low,measurement_feedback,8,80.0,conditional_logical_z,0.7155266602343804
curve,cutoff16_low,16,low,measurement_feedback,9,90.0,fidelity,0.45515612876295974
curve,cutoff16_low,16,low,measurement_feedback,9,90.0,code_survival,0.5421068686933186
curve,cutoff16_low,16,low,measurement_feedback,9,90.0,logical_z_signal,0.3681825439863757
curve,cutoff16_low,16,low,measurement_feedback,9,90.0,conditional_logical_z,0.6791696716070653
curve,cutoff16_low,16,low,measurement_feedback,10,100.0,fidelity,0.445721942473094
curve,cutoff16_low,16,low,measurement_feedback,10,100.0,code_survival,0.5419674022627807
curve,cutoff16_low,16,low,measurement_feedback,10,100.0,logical_z_signal,0.3494533323530455
curve,cutoff16_low,16,low,measurement_feedback,10,100.0,conditional_logical_z,0.6447866253469023
curve,cutoff16_low,16,low,measurement_feedback,11,110.0,fidelity,0.43675095410498177
curve,cutoff16_low,16,low,measurement_feedback,11,110.0,code_survival,0.5416729883987161
curve,cutoff16_low,16,low,measurement_feedback,11,110.0,logical_z_signal,0.33180456250242657
curve,cutoff16_low,16,low,measurement_feedback,11,110.0,conditional_logical_z,0.6125551201718609
curve,cutoff16_low,16,low,measurement_feedback,12,120.0,fidelity,0.428349580478064
curve,cutoff16_low,16,low,measurement_feedback,12,120.0,code_survival,0.5414803305338425
curve,cutoff16_low,16,low,measurement_feedback,12,120.0,logical_z_signal,0.3151948301956878
curve,cutoff16_low,16,low,measurement_feedback,12,120.0,conditional_logical_z,0.582098392909192
curve,cutoff16_low,16,low,measurement_feedback,13,130.0,fidelity,0.4205081054180896
curve,cutoff16_low,16,low,measurement_feedback,13,130.0,code_survival,0.5413351093187404
curve,cutoff16_low,16,low,measurement_feedback,13,130.0,logical_z_signal,0.2996571086015918
curve,cutoff16_low,16,low,measurement_feedback,13,130.0,conditional_logical_z,0.553551955975485
curve,cutoff16_low,16,low,measurement_feedback,14,140.0,fidelity,0.41308824286219836
curve,cutoff16_low,16,low,measurement_feedback,14,140.0,code_survival,0.5411777144417768
curve,cutoff16_low,16,low,measurement_feedback,14,140.0,logical_z_signal,0.28497569104046033
curve,cutoff16_low,16,low,measurement_feedback,14,140.0,conditional_logical_z,0.5265843057384799
curve,cutoff16_low,16,low,measurement_feedback,15,150.0,fidelity,0.4061636365983238
curve,cutoff16_low,16,low,measurement_feedback,15,150.0,code_survival,0.5410735211692861
curve,cutoff16_low,16,low,measurement_feedback,15,150.0,logical_z_signal,0.27123152038107745
curve,cutoff16_low,16,low,measurement_feedback,15,150.0,conditional_logical_z,0.5012840395422289
curve,cutoff16_low,16,low,measurement_feedback,16,160.0,fidelity,0.3996109807906887
curve,cutoff16_low,16,low,measurement_feedback,16,160.0,code_survival,0.5409514478092562
curve,cutoff16_low,16,low,measurement_feedback,16,160.0,logical_z_signal,0.2582496652277898
curve,cutoff16_low,16,low,measurement_feedback,16,160.0,conditional_logical_z,0.47739897226201844
curve,cutoff16_low,16,low,measurement_feedback,17,170.0,fidelity,0.3934787333981824
curve,cutoff16_low,16,low,measurement_feedback,17,170.0,code_survival,0.5408646293930681
curve,cutoff16_low,16,low,measurement_feedback,17,170.0,logical_z_signal,0.24607342496577495
curve,cutoff16_low,16,low,measurement_feedback,17,170.0,conditional_logical_z,0.4549630565450481
curve,cutoff16_low,16,low,measurement_feedback,18,180.0,fidelity,0.3876844213651657
curve,cutoff16_low,16,low,measurement_feedback,18,180.0,code_survival,0.5407683046376641
curve,cutoff16_low,16,low,measurement_feedback,18,180.0,logical_z_signal,0.2345828886747645
curve,cutoff16_low,16,low,measurement_feedback,18,180.0,conditional_logical_z,0.43379555839897865
curve,cutoff16_low,16,low,measurement_feedback,19,190.0,fidelity,0.38224871831127627
curve,cutoff16_low,16,low,measurement_feedback,19,190.0,code_survival,0.5406934796924235
curve,cutoff16_low,16,low,measurement_feedback,19,190.0,logical_z_signal,0.22378815595317905
curve,cutoff16_low,16,low,measurement_feedback,19,190.0,conditional_logical_z,0.4138909832618699
curve,cutoff16_low,16,low,measurement_feedback,20,200.0,fidelity,0.3771185966925464
curve,cutoff16_low,16,low,measurement_feedback,20,200.0,code_survival,0.540615664732073
curve,cutoff16_low,16,low,measurement_feedback,20,200.0,logical_z_signal,0.21360778133535963
curve,cutoff16_low,16,low,measurement_feedback,20,200.0,conditional_logical_z,0.39511948186189316
curve,cutoff16_low,16,low,measurement_feedback,21,210.0,fidelity,0.372297768720508
curve,cutoff16_low,16,low,measurement_feedback,21,210.0,code_survival,0.5405511601705112
curve,cutoff16_low,16,low,measurement_feedback,21,210.0,logical_z_signal,0.2040327641478561
curve,cutoff16_low,16,low,measurement_feedback,21,210.0,conditional_logical_z,0.37745319810893774
curve,cutoff16_low,16,low,measurement_feedback,22,220.0,fidelity,0.36775104775388856
curve,cutoff16_low,16,low,measurement_feedback,22,220.0,code_survival,0.540487216793637
curve,cutoff16_low,16,low,measurement_feedback,22,220.0,logical_z_signal,0.19500552867089735
curve,cutoff16_low,16,low,measurement_feedback,22,220.0,conditional_logical_z,0.3607958201634069
curve,cutoff16_low,16,low,measurement_feedback,23,230.0,fidelity,0.36347349766308984
curve,cutoff16_low,16,low,measurement_feedback,23,230.0,code_survival,0.5404319645714707
curve,cutoff16_low,16,low,measurement_feedback,23,230.0,logical_z_signal,0.18650800539417342
curve,cutoff16_low,16,low,measurement_feedback,23,230.0,conditional_logical_z,0.3451091305120392
curve,cutoff16_low,16,low,measurement_feedback,24,240.0,fidelity,0.35944038591451294
curve,cutoff16_low,16,low,measurement_feedback,24,240.0,code_survival,0.5403788801180988
curve,cutoff16_low,16,low,measurement_feedback,24,240.0,logical_z_signal,0.17849726868690052
curve,cutoff16_low,16,low,measurement_feedback,24,240.0,conditional_logical_z,0.33031873608363505
curve,cutoff16_low,16,low,measurement_feedback,25,250.0,fidelity,0.35564297461799105
curve,cutoff16_low,16,low,measurement_feedback,25,250.0,code_survival,0.5403318554188238
curve,cutoff16_low,16,low,measurement_feedback,25,250.0,logical_z_signal,0.17095191238810187
curve,cutoff16_low,16,low,measurement_feedback,25,250.0,conditional_logical_z,0.3163831831747049
curve,cutoff16_low,16,low,measurement_feedback,26,260.0,fidelity,0.352062773066408
curve,cutoff16_low,16,low,measurement_feedback,26,260.0,code_survival,0.540287549715099
curve,cutoff16_low,16,low,measurement_feedback,26,260.0,logical_z_signal,0.16383829792940494
curve,cutoff16_low,16,low,measurement_feedback,26,260.0,conditional_logical_z,0.3032427788050995
curve,cutoff16_low,16,low,measurement_feedback,27,270.0,fidelity,0.3486897979893936
curve,cutoff16_low,16,low,measurement_feedback,27,270.0,code_survival,0.5402477367057477
curve,cutoff16_low,16,low,measurement_feedback,27,270.0,logical_z_signal,0.15713466176387603
curve,cutoff16_low,16,low,measurement_feedback,27,270.0,conditional_logical_z,0.2908566775717217
curve,cutoff16_low,16,low,measurement_feedback,28,280.0,fidelity,0.3455094669604618
curve,cutoff16_low,16,low,measurement_feedback,28,280.0,code_survival,0.5402106757845068
curve,cutoff16_low,16,low,measurement_feedback,28,280.0,logical_z_signal,0.150813576257511
curve,cutoff16_low,16,low,measurement_feedback,28,280.0,conditional_logical_z,0.2791754828586013
curve,cutoff16_low,16,low,measurement_feedback,29,290.0,fidelity,0.34251181343770326
curve,cutoff16_low,16,low,measurement_feedback,29,290.0,code_survival,0.5401771109476387
curve,cutoff16_low,16,low,measurement_feedback,29,290.0,logical_z_signal,0.14485434932260075
curve,cutoff16_low,16,low,measurement_feedback,29,290.0,conditional_logical_z,0.26816084278077085
curve,cutoff16_low,16,low,measurement_feedback,30,300.0,fidelity,0.33968486448112006
curve,cutoff16_low,16,low,measurement_feedback,30,300.0,code_survival,0.540146101820638
curve,cutoff16_low,16,low,measurement_feedback,30,300.0,logical_z_signal,0.13923397043975227
curve,cutoff16_low,16,low,measurement_feedback,30,300.0,conditional_logical_z,0.25777094376955545
curve,cutoff16_low,16,low,measurement_feedback,31,310.0,fidelity,0.3370192450925561
curve,cutoff16_low,16,low,measurement_feedback,31,310.0,code_survival,0.5401179063131825
curve,cutoff16_low,16,low,measurement_feedback,31,310.0,logical_z_signal,0.13393342156812443
curve,cutoff16_low,16,low,measurement_feedback,31,310.0,conditional_logical_z,0.24797071158471157
curve,cutoff16_low,16,low,measurement_feedback,32,320.0,fidelity,0.33450484940626335
curve,cutoff16_low,16,low,measurement_feedback,32,320.0,code_survival,0.5400919862024667
curve,cutoff16_low,16,low,measurement_feedback,32,320.0,logical_z_signal,0.1289330242273418
curve,cutoff16_low,16,low,measurement_feedback,32,320.0,conditional_logical_z,0.2387241942505107
curve,cutoff16_low,16,low,measurement_feedback,33,330.0,fidelity,0.3321331174336503
curve,cutoff16_low,16,low,measurement_feedback,33,330.0,code_survival,0.5400683791299519
curve,cutoff16_low,16,low,measurement_feedback,33,330.0,logical_z_signal,0.12421561373994515
curve,cutoff16_low,16,low,measurement_feedback,33,330.0,conditional_logical_z,0.22999978991559558
curve,cutoff16_low,16,low,measurement_feedback,34,340.0,fidelity,0.3298953659723051
curve,cutoff16_low,16,low,measurement_feedback,34,340.0,code_survival,0.5400467526234282
curve,cutoff16_low,16,low,measurement_feedback,34,340.0,logical_z_signal,0.11976415189820033
curve,cutoff16_low,16,low,measurement_feedback,34,340.0,conditional_logical_z,0.22176626619160741
curve,cutoff16_low,16,low,measurement_feedback,35,350.0,fidelity,0.3277839005259802
curve,cutoff16_low,16,low,measurement_feedback,35,350.0,code_survival,0.5400270514303507
curve,cutoff16_low,16,low,measurement_feedback,35,350.0,logical_z_signal,0.11556329998631623
curve,cutoff16_low,16,low,measurement_feedback,35,350.0,conditional_logical_z,0.21399539093500553
curve,cutoff16_low,16,low,measurement_feedback,36,360.0,fidelity,0.32579117729437096
curve,cutoff16_low,16,low,measurement_feedback,36,360.0,code_survival,0.5400090521747071
curve,cutoff16_low,16,low,measurement_feedback,36,360.0,logical_z_signal,0.11159819039245537
curve,cutoff16_low,16,low,measurement_feedback,36,360.0,conditional_logical_z,0.2066598512432907
curve,cutoff16_low,16,low,measurement_feedback,37,370.0,fidelity,0.3239103370947852
curve,cutoff16_low,16,low,measurement_feedback,37,370.0,code_survival,0.539992666277955
curve,cutoff16_low,16,low,measurement_feedback,37,370.0,logical_z_signal,0.10785518984962361
curve,cutoff16_low,16,low,measurement_feedback,37,370.0,conditional_logical_z,0.19973454564308177
curve,cutoff16_low,16,low,measurement_feedback,38,380.0,fidelity,0.32213478150330066
curve,cutoff16_low,16,low,measurement_feedback,38,380.0,code_survival,0.5399777316380768
curve,cutoff16_low,16,low,measurement_feedback,38,380.0,logical_z_signal,0.10432126110137543
curve,cutoff16_low,16,low,measurement_feedback,38,380.0,conditional_logical_z,0.193195487497061
curve,cutoff16_low,16,low,measurement_feedback,39,390.0,fidelity,0.32045842251998247
curve,cutoff16_low,16,low,measurement_feedback,39,390.0,code_survival,0.5399641532328238
curve,cutoff16_low,16,low,measurement_feedback,39,390.0,logical_z_signal,0.10098432081061193
curve,cutoff16_low,16,low,measurement_feedback,39,390.0,conditional_logical_z,0.18702041645914433
curve,cutoff16_low,16,low,measurement_feedback,40,400.0,fidelity,0.31887546453121757
curve,cutoff16_low,16,low,measurement_feedback,40,400.0,code_survival,0.5399518061639738
curve,cutoff16_low,16,low,measurement_feedback,40,400.0,logical_z_signal,0.09783290092247986
curve,cutoff16_low,16,low,measurement_feedback,40,400.0,conditional_logical_z,0.1811882094024698
curve,cutoff16_low,16,low,measurement_feedback,41,410.0,fidelity,0.3173805156297625
curve,cutoff16_low,16,low,measurement_feedback,41,410.0,code_survival,0.5399406003568966
curve,cutoff16_low,16,low,measurement_feedback,41,410.0,logical_z_signal,0.0948563062001615
curve,cutoff16_low,16,low,measurement_feedback,41,410.0,conditional_logical_z,0.17567915088708314
curve,cutoff16_low,16,low,measurement_feedback,42,420.0,fidelity,0.315968471905699
curve,cutoff16_low,16,low,measurement_feedback,42,420.0,code_survival,0.5399304355785222
curve,cutoff16_low,16,low,measurement_feedback,42,420.0,logical_z_signal,0.09204442799941627
curve,cutoff16_low,16,low,measurement_feedback,42,420.0,conditional_logical_z,0.17047460549393356
curve,cutoff16_low,16,low,measurement_feedback,43,430.0,fidelity,0.3146345623600843
curve,cutoff16_low,16,low,measurement_feedback,43,430.0,code_survival,0.5399212309057405
curve,cutoff16_low,16,low,measurement_feedback,43,430.0,logical_z_signal,0.0893878044216897
curve,cutoff16_low,16,low,measurement_feedback,43,430.0,conditional_logical_z,0.1655571207521103
curve,cutoff16_low,16,low,measurement_feedback,44,440.0,fidelity,0.3133742843445006
curve,cutoff16_low,16,low,measurement_feedback,44,440.0,code_survival,0.5399129038591932
curve,cutoff16_low,16,low,measurement_feedback,44,440.0,logical_z_signal,0.08687751214423083
curve,cutoff16_low,16,low,measurement_feedback,44,440.0,conditional_logical_z,0.16091023482351902
curve,cutoff16_low,16,low,measurement_feedback,45,450.0,fidelity,0.31218341726202936
curve,cutoff16_low,16,low,measurement_feedback,45,450.0,code_survival,0.5399053836398726
curve,cutoff16_low,16,low,measurement_feedback,45,450.0,logical_z_signal,0.08450518047613022
curve,cutoff16_low,16,low,measurement_feedback,45,450.0,conditional_logical_z,0.15651849942007026
curve,cutoff16_low,16,low,measurement_feedback,46,460.0,fidelity,0.31105798391536515
curve,cutoff16_low,16,low,measurement_feedback,46,460.0,code_survival,0.5398986014012004
curve,cutoff16_low,16,low,measurement_feedback,46,460.0,logical_z_signal,0.08226292381037573
curve,cutoff16_low,16,low,measurement_feedback,46,460.0,conditional_logical_z,0.15236735860563175
curve,cutoff16_low,16,low,measurement_feedback,47,470.0,fidelity,0.30999425006039866
curve,cutoff16_low,16,low,measurement_feedback,47,470.0,code_survival,0.5398924960665965
curve,cutoff16_low,16,low,measurement_feedback,47,470.0,logical_z_signal,0.08014333485169356
curve,cutoff16_low,16,low,measurement_feedback,47,470.0,conditional_logical_z,0.14844313531967995
curve,cutoff16_low,16,low,measurement_feedback,48,480.0,fidelity,0.3089886992175474
curve,cutoff16_low,16,low,measurement_feedback,48,480.0,code_survival,0.5398870097311304
curve,cutoff16_low,16,low,measurement_feedback,48,480.0,logical_z_signal,0.07813943884076927
curve,cutoff16_low,16,low,measurement_feedback,48,480.0,conditional_logical_z,0.14473294862138572
curve,cutoff16_low,16,low,measurement_feedback,49,490.0,fidelity,0.30803802625823595
curve,cutoff16_low,16,low,measurement_feedback,49,490.0,code_survival,0.5398820901202115
curve,cutoff16_low,16,low,measurement_feedback,49,490.0,logical_z_signal,0.07624467823089398
curve,cutoff16_low,16,low,measurement_feedback,49,490.0,conditional_logical_z,0.1412246852158351
curve,cutoff16_low,16,low,measurement_feedback,50,500.0,fidelity,0.3071391195186932
curve,cutoff16_low,16,low,measurement_feedback,50,500.0,code_survival,0.5398776883534099
curve,cutoff16_low,16,low,measurement_feedback,50,500.0,logical_z_signal,0.07445287914510881
curve,cutoff16_low,16,low,measurement_feedback,50,500.0,conditional_logical_z,0.13790693846264515
curve,cutoff16_low,16,low,measurement_feedback,51,510.0,fidelity,0.3062890522743039
curve,cutoff16_low,16,low,measurement_feedback,51,510.0,code_survival,0.5398737599021181
curve,cutoff16_low,16,low,measurement_feedback,51,510.0,logical_z_signal,0.07275823334245637
curve,cutoff16_low,16,low,measurement_feedback,51,510.0,conditional_logical_z,0.1347689751686539
curve,cutoff16_low,16,low,measurement_feedback,52,520.0,fidelity,0.3054850690737661
curve,cutoff16_low,16,low,measurement_feedback,52,520.0,code_survival,0.5398702634463787
curve,cutoff16_low,16,low,measurement_feedback,52,520.0,logical_z_signal,0.07115527201970492
curve,cutoff16_low,16,low,measurement_feedback,52,520.0,conditional_logical_z,0.13180068775314618
curve,cutoff16_low,16,low,measurement_feedback,53,530.0,fidelity,0.30472457686665233
curve,cutoff16_low,16,low,measurement_feedback,53,530.0,code_survival,0.5398671611753824
curve,cutoff16_low,16,low,measurement_feedback,53,530.0,logical_z_signal,0.06963884774847545
curve,cutoff16_low,16,low,measurement_feedback,53,530.0,conditional_logical_z,0.1289925610530929
curve,cutoff16_low,16,low,measurement_feedback,54,540.0,fidelity,0.3040051339831812
curve,cutoff16_low,16,low,measurement_feedback,54,540.0,code_survival,0.5398644181568135
curve,cutoff16_low,16,low,measurement_feedback,54,540.0,logical_z_signal,0.06820411305544885
curve,cutoff16_low,16,low,measurement_feedback,54,540.0,conditional_logical_z,0.12633563309897136
curve,cutoff16_low,16,low,measurement_feedback,55,550.0,fidelity,0.3033244416805263
curve,cutoff16_low,16,low,measurement_feedback,55,550.0,code_survival,0.5398620023600873
curve,cutoff16_low,16,low,measurement_feedback,55,550.0,logical_z_signal,0.0668465034787499
curve,cutoff16_low,16,low,measurement_feedback,55,550.0,conditional_logical_z,0.12382146397879538
curve,cutoff16_low,16,low,measurement_feedback,56,560.0,fidelity,0.3026803349336339
curve,cutoff16_low,16,low,measurement_feedback,56,560.0,code_survival,0.5398598842727317
curve,cutoff16_low,16,low,measurement_feedback,56,560.0,logical_z_signal,0.06556171952413799
curve,cutoff16_low,16,low,measurement_feedback,56,560.0,conditional_logical_z,0.12144210272719
curve,cutoff16_low,16,low,measurement_feedback,57,570.0,fidelity,0.30207077469415644
curve,cutoff16_low,16,low,measurement_feedback,57,570.0,code_survival,0.5398580368153161
curve,cutoff16_low,16,low,measurement_feedback,57,570.0,logical_z_signal,0.06434571125797098
curve,cutoff16_low,16,low,measurement_feedback,57,570.0,conditional_logical_z,0.11919005899690527
curve,cutoff16_low,16,low,measurement_feedback,58,580.0,fidelity,0.3014938400242955
curve,cutoff16_low,16,low,measurement_feedback,58,580.0,code_survival,0.5398564350829042
curve,cutoff16_low,16,low,measurement_feedback,58,580.0,logical_z_signal,0.063194662825675
curve,cutoff16_low,16,low,measurement_feedback,58,580.0,conditional_logical_z,0.11705827460585957
curve,cutoff16_low,16,low,measurement_feedback,59,590.0,fidelity,0.3009477211448287
curve,cutoff16_low,16,low,measurement_feedback,59,590.0,code_survival,0.5398550562253677
curve,cutoff16_low,16,low,measurement_feedback,59,590.0,logical_z_signal,0.06210497865969237
curve,cutoff16_low,16,low,measurement_feedback,59,590.0,conditional_logical_z,0.11504009815880292
curve,cutoff16_low,16,low,measurement_feedback,60,600.0,fidelity,0.30043071262867965
curve,cutoff16_low,16,low,measurement_feedback,60,600.0,code_survival,0.5398538792571641
curve,cutoff16_low,16,low,measurement_feedback,60,600.0,logical_z_signal,0.0610732700504089
curve,cutoff16_low,16,low,measurement_feedback,60,600.0,conditional_logical_z,0.11312926033697372
curve,cutoff16_low,16,low,measurement_feedback,61,610.0,fidelity,0.2999412072184902
curve,cutoff16_low,16,low,measurement_feedback,61,610.0,code_survival,0.5398528849340775
curve,cutoff16_low,16,low,measurement_feedback,61,610.0,logical_z_signal,0.060096342898432
curve,cutoff16_low,16,low,measurement_feedback,61,610.0,conditional_logical_z,0.11131985134389064
curve,cutoff16_low,16,low,measurement_feedback,62,620.0,fidelity,0.29947768989266516
curve,cutoff16_low,16,low,measurement_feedback,62,620.0,code_survival,0.5398520556042053
curve,cutoff16_low,16,low,measurement_feedback,62,620.0,logical_z_signal,0.059171185990475696
curve,cutoff16_low,16,low,measurement_feedback,62,620.0,conditional_logical_z,0.10960629931148634
curve,cutoff16_low,16,low,measurement_feedback,63,630.0,fidelity,0.2990387323942025
curve,cutoff16_low,16,low,measurement_feedback,63,630.0,code_survival,0.5398513750932883
curve,cutoff16_low,16,low,measurement_feedback,63,630.0,logical_z_signal,0.05829496016688572
curve,cutoff16_low,16,low,measurement_feedback,63,630.0,conditional_logical_z,0.1079833503375112
curve,cutoff16_low,16,low,measurement_feedback,64,640.0,fidelity,0.29862298803446213
curve,cutoff16_low,16,low,measurement_feedback,64,640.0,code_survival,0.5398508285833133
curve,cutoff16_low,16,low,measurement_feedback,64,640.0,logical_z_signal,0.0574649880464208
curve,cutoff16_low,16,low,measurement_feedback,64,640.0,conditional_logical_z,0.10644604954524474
curve,cutoff16_low,16,low,measurement_feedback,65,650.0,fidelity,0.29822918686273564
curve,cutoff16_low,16,low,measurement_feedback,65,650.0,code_survival,0.5398504025103872
curve,cutoff16_low,16,low,measurement_feedback,65,650.0,logical_z_signal,0.05667874446377577
curve,cutoff16_low,16,low,measurement_feedback,65,650.0,conditional_logical_z,0.10498972344970184
curve,cutoff16_low,16,low,measurement_feedback,66,660.0,fidelity,0.2978561311037945
curve,cutoff16_low,16,low,measurement_feedback,66,660.0,code_survival,0.5398500844636046
curve,cutoff16_low,16,low,measurement_feedback,66,660.0,logical_z_signal,0.05593384744256639
curve,cutoff16_low,16,low,measurement_feedback,66,660.0,conditional_logical_z,0.10360996330702124
curve,cutoff16_low,16,low,measurement_feedback,67,670.0,fidelity,0.2975026908973068
curve,cutoff16_low,16,low,measurement_feedback,67,670.0,code_survival,0.5398498630959726
curve,cutoff16_low,16,low,measurement_feedback,67,670.0,logical_z_signal,0.05522804976036216
curve,cutoff16_low,16,low,measurement_feedback,67,670.0,conditional_logical_z,0.10230260955080378
curve,cutoff16_low,16,low,measurement_feedback,68,680.0,fidelity,0.29716780028492573
curve,cutoff16_low,16,low,measurement_feedback,68,680.0,code_survival,0.5398497280391538
curve,cutoff16_low,16,low,measurement_feedback,68,680.0,logical_z_signal,0.054559231005636845
curve,cutoff16_low,16,low,measurement_feedback,68,680.0,conditional_logical_z,0.10106373713256704
curve,cutoff16_low,16,low,measurement_feedback,69,690.0,fidelity,0.2968504534532247
curve,cutoff16_low,16,low,measurement_feedback,69,690.0,code_survival,0.5398496698265901
curve,cutoff16_low,16,low,measurement_feedback,69,690.0,logical_z_signal,0.053925390138351216
curve,cutoff16_low,16,low,measurement_feedback,69,690.0,conditional_logical_z,0.09988964178800566
curve,cutoff16_low,16,low,measurement_feedback,70,700.0,fidelity,0.29654970119985036
curve,cutoff16_low,16,low,measurement_feedback,70,700.0,code_survival,0.539849679821197
curve,cutoff16_low,16,low,measurement_feedback,70,700.0,logical_z_signal,0.0533246384927119
curve,cutoff16_low,16,low,measurement_feedback,70,700.0,conditional_logical_z,0.0987768271167142
event_accounting,cutoff16_low,16,low,measurement_feedback,,700.0,full_cycles,70
event_accounting,cutoff16_low,16,low,measurement_feedback,,700.0,half_cycles,140
event_accounting,cutoff16_low,16,low,measurement_feedback,,700.0,total_physical_time_us,700.0
event_accounting,cutoff16_low,16,low,measurement_feedback,,700.0,measurement_events,140
event_accounting,cutoff16_low,16,low,measurement_feedback,,700.0,reset_events,140
event_accounting,cutoff16_low,16,low,measurement_feedback,,700.0,active_gate_applications,1260
event_accounting,cutoff16_low,16,low,measurement_feedback,,700.0,qubit_rotations,560
event_accounting,cutoff16_low,16,low,measurement_feedback,,700.0,echoed_conditional_displacements,420
event_accounting,cutoff16_low,16,low,measurement_feedback,,700.0,fixed_cavity_displacements,140
event_accounting,cutoff16_low,16,low,measurement_feedback,,700.0,virtual_rotations,140
event_accounting,cutoff16_low,16,low,measurement_feedback,,700.0,cycles_per_100us,10.0
event_accounting,cutoff16_low,16,low,measurement_feedback,,700.0,measurements_per_100us,20.0
event_accounting,cutoff16_low,16,low,measurement_feedback,,700.0,resets_per_100us,20.0
event_accounting,cutoff16_low,16,low,measurement_feedback,,700.0,active_gates_per_100us,180.0
event_accounting,cutoff16_low,16,low,measurement_feedback,,700.0,outcome_dependent_parameter_updates,0
curve,cutoff16_low,16,low,autonomous,0,0.0,fidelity,1.0
curve,cutoff16_low,16,low,autonomous,0,0.0,code_survival,1.0
curve,cutoff16_low,16,low,autonomous,0,0.0,logical_z_signal,0.9999978542269834
curve,cutoff16_low,16,low,autonomous,0,0.0,conditional_logical_z,0.9999978542269834
curve,cutoff16_low,16,low,autonomous,1,7.0,fidelity,0.5278291878934585
curve,cutoff16_low,16,low,autonomous,1,7.0,code_survival,0.530867058078259
curve,cutoff16_low,16,low,autonomous,1,7.0,logical_z_signal,0.524774492605328
curve,cutoff16_low,16,low,autonomous,1,7.0,conditional_logical_z,0.9885233687413455
curve,cutoff16_low,16,low,autonomous,2,14.0,fidelity,0.6038027246921791
curve,cutoff16_low,16,low,autonomous,2,14.0,code_survival,0.6202026869065481
curve,cutoff16_low,16,low,autonomous,2,14.0,logical_z_signal,0.5874243870802066
curve,cutoff16_low,16,low,autonomous,2,14.0,conditional_logical_z,0.9471490522077011
curve,cutoff16_low,16,low,autonomous,3,21.0,fidelity,0.5306083548805327
curve,cutoff16_low,16,low,autonomous,3,21.0,code_survival,0.5493518159727305
curve,cutoff16_low,16,low,autonomous,3,21.0,logical_z_signal,0.5118656074752187
curve,cutoff16_low,16,low,autonomous,3,21.0,conditional_logical_z,0.9317628386626238
curve,cutoff16_low,16,low,autonomous,4,28.0,fidelity,0.533994052970634
curve,cutoff16_low,16,low,autonomous,4,28.0,code_survival,0.5673997293474153
curve,cutoff16_low,16,low,autonomous,4,28.0,logical_z_signal,0.5005871953275391
curve,cutoff16_low,16,low,autonomous,4,28.0,conditional_logical_z,0.8822478570853048
curve,cutoff16_low,16,low,autonomous,5,35.0,fidelity,0.5085885476761517
curve,cutoff16_low,16,low,autonomous,5,35.0,code_survival,0.5517428238612098
curve,cutoff16_low,16,low,autonomous,5,35.0,logical_z_signal,0.4654244964561267
curve,cutoff16_low,16,low,autonomous,5,35.0,conditional_logical_z,0.8435533301529694
curve,cutoff16_low,16,low,autonomous,6,42.0,fidelity,0.500055892510181
curve,cutoff16_low,16,low,autonomous,6,42.0,code_survival,0.5554430727132438
curve,cutoff16_low,16,low,autonomous,6,42.0,logical_z_signal,0.4446554522405214
curve,cutoff16_low,16,low,autonomous,6,42.0,conditional_logical_z,0.8005418990436879
curve,cutoff16_low,16,low,autonomous,7,49.0,fidelity,0.48617695335405536
curve,cutoff16_low,16,low,autonomous,7,49.0,code_survival,0.5519975545618536
curve,cutoff16_low,16,low,autonomous,7,49.0,logical_z_signal,0.4203377339094935
curve,cutoff16_low,16,low,autonomous,7,49.0,conditional_logical_z,0.7614847754953106
curve,cutoff16_low,16,low,autonomous,8,56.0,fidelity,0.4759812901535135
curve,cutoff16_low,16,low,autonomous,8,56.0,code_survival,0.5523508016093889
curve,cutoff16_low,16,low,autonomous,8,56.0,logical_z_signal,0.3995915289056435
curve,cutoff16_low,16,low,autonomous,8,56.0,conditional_logical_z,0.7234379451271737
curve,cutoff16_low,16,low,autonomous,9,63.0,fidelity,0.46554368769655213
curve,cutoff16_low,16,low,autonomous,9,63.0,code_survival,0.5515754930384045
curve,cutoff16_low,16,low,autonomous,9,63.0,logical_z_signal,0.3794884038772759
curve,cutoff16_low,16,low,autonomous,9,63.0,conditional_logical_z,0.6880080943894534
curve,cutoff16_low,16,low,autonomous,10,70.0,fidelity,0.45602759004306814
curve,cutoff16_low,16,low,autonomous,10,70.0,code_survival,0.5513450643326444
curve,cutoff16_low,16,low,autonomous,10,70.0,logical_z_signal,0.36068602869004346
curve,cutoff16_low,16,low,autonomous,10,70.0,conditional_logical_z,0.6541929039060552
curve,cutoff16_low,16,low,autonomous,11,77.0,fidelity,0.4471310079805443
curve,cutoff16_low,16,low,autonomous,11,77.0,code_survival,0.5511168130198116
curve,cutoff16_low,16,low,autonomous,11,77.0,logical_z_signal,0.3431195901134039
curve,cutoff16_low,16,low,autonomous,11,77.0,conditional_logical_z,0.6225895890080011
curve,cutoff16_low,16,low,autonomous,12,84.0,fidelity,0.4386513392039697
curve,cutoff16_low,16,low,autonomous,12,84.0,code_survival,0.5508669638335475
curve,cutoff16_low,16,low,autonomous,12,84.0,logical_z_signal,0.3264101752906171
curve,cutoff16_low,16,low,autonomous,12,84.0,conditional_logical_z,0.5925390279698216
curve,cutoff16_low,16,low,autonomous,13,91.0,fidelity,0.43080440902607897
curve,cutoff16_low,16,low,autonomous,13,91.0,code_survival,0.5507440263914605
curve,cutoff16_low,16,low,autonomous,13,91.0,logical_z_signal,0.31083896963972707
curve,cutoff16_low,16,low,autonomous,13,91.0,conditional_logical_z,0.5643982589813648
curve,cutoff16_low,16,low,autonomous,14,98.0,fidelity,0.4233016556831357
curve,cutoff16_low,16,low,autonomous,14,98.0,code_survival,0.550550442125726
curve,cutoff16_low,16,low,autonomous,14,98.0,logical_z_signal,0.2960276985096192
curve,cutoff16_low,16,low,autonomous,14,98.0,conditional_logical_z,0.53769405282217
curve,cutoff16_low,16,low,autonomous,15,105.0,fidelity,0.41632564547533313
curve,cutoff16_low,16,low,autonomous,15,105.0,code_survival,0.5504493670369738
curve,cutoff16_low,16,low,autonomous,15,105.0,logical_z_signal,0.28217734753506396
curve,cutoff16_low,16,low,autonomous,15,105.0,conditional_logical_z,0.5126308874765407
curve,cutoff16_low,16,low,autonomous,16,112.0,fidelity,0.4096815166768793
curve,cutoff16_low,16,low,autonomous,16,112.0,code_survival,0.5503029492117647
curve,cutoff16_low,16,low,autonomous,16,112.0,logical_z_signal,0.26903665812545435
curve,cutoff16_low,16,low,autonomous,16,112.0,conditional_logical_z,0.48888827237944726
curve,cutoff16_low,16,low,autonomous,17,119.0,fidelity,0.4034701742021748
curve,cutoff16_low,16,low,autonomous,17,119.0,code_survival,0.5502112598790764
curve,cutoff16_low,16,low,autonomous,17,119.0,logical_z_signal,0.2567068797559499
curve,cutoff16_low,16,low,autonomous,17,119.0,conditional_logical_z,0.4665605713201291
curve,cutoff16_low,16,low,autonomous,18,126.0,fidelity,0.39757543818612334
curve,cutoff16_low,16,low,autonomous,18,126.0,code_survival,0.5500972291958638
curve,cutoff16_low,16,low,autonomous,18,126.0,logical_z_signal,0.24503300046433257
curve,cutoff16_low,16,low,autonomous,18,126.0,conditional_logical_z,0.4454358019990823
curve,cutoff16_low,16,low,autonomous,19,133.0,fidelity,0.3920434407688004
curve,cutoff16_low,16,low,autonomous,19,133.0,code_survival,0.5500144942461488
curve,cutoff16_low,16,low,autonomous,19,133.0,logical_z_signal,0.23405340409365769
curve,cutoff16_low,16,low,autonomous,19,133.0,conditional_logical_z,0.4255404294653214
curve,cutoff16_low,16,low,autonomous,20,140.0,fidelity,0.3868054194859883
curve,cutoff16_low,16,low,autonomous,20,140.0,code_survival,0.549922860608709
curve,cutoff16_low,16,low,autonomous,20,140.0,logical_z_signal,0.22367088008528987
curve,cutoff16_low,16,low,autonomous,20,140.0,conditional_logical_z,0.4067313729014808
curve,cutoff16_low,16,low,autonomous,21,147.0,fidelity,0.38187763664059554
curve,cutoff16_low,16,low,autonomous,21,147.0,code_survival,0.5498495986306174
curve,cutoff16_low,16,low,autonomous,21,147.0,logical_z_signal,0.21389055790548733
curve,cutoff16_low,16,low,autonomous,21,147.0,conditional_logical_z,0.38899829778574874
curve,cutoff16_low,16,low,autonomous,22,154.0,fidelity,0.3772176656165531
curve,cutoff16_low,16,low,autonomous,22,154.0,code_survival,0.5497742888714096
curve,cutoff16_low,16,low,autonomous,22,154.0,logical_z_signal,0.20464805114349024
curve,cutoff16_low,16,low,autonomous,22,154.0,conditional_logical_z,0.37224012705940995
curve,cutoff16_low,16,low,autonomous,23,161.0,fidelity,0.3728268916171551
curve,cutoff16_low,16,low,autonomous,23,161.0,code_survival,0.5497103959021388
curve,cutoff16_low,16,low,autonomous,23,161.0,logical_z_signal,0.19593259850044384
curve,cutoff16_low,16,low,autonomous,23,161.0,conditional_logical_z,0.3564287667852736
curve,cutoff16_low,16,low,autonomous,24,168.0,fidelity,0.36867734381656436
curve,cutoff16_low,16,low,autonomous,24,168.0,code_survival,0.549647635816625
curve,cutoff16_low,16,low,autonomous,24,168.0,logical_z_signal,0.18769855715311962
curve,cutoff16_low,16,low,autonomous,24,168.0,conditional_logical_z,0.34148888291723706
curve,cutoff16_low,16,low,autonomous,25,175.0,fidelity,0.36476355798631094
curve,cutoff16_low,16,low,autonomous,25,175.0,code_survival,0.5495924950057172
curve,cutoff16_low,16,low,autonomous,25,175.0,logical_z_signal,0.17992847383694688
curve,cutoff16_low,16,low,autonomous,25,175.0,conditional_logical_z,0.32738524538089836
curve,cutoff16_low,16,low,autonomous,26,182.0,fidelity,0.36106567508501797
curve,cutoff16_low,16,low,autonomous,26,182.0,code_survival,0.5495397830212307
curve,cutoff16_low,16,low,autonomous,26,182.0,logical_z_signal,0.17258782197968153
curve,cutoff16_low,16,low,autonomous,26,182.0,conditional_logical_z,0.3140588312475529
curve,cutoff16_low,16,low,autonomous,27,189.0,fidelity,0.3575754666358077
curve,cutoff16_low,16,low,autonomous,27,189.0,code_survival,0.5494925305477066
curve,cutoff16_low,16,low,autonomous,27,189.0,logical_z_signal,0.16565709039948273
curve,cutoff16_low,16,low,autonomous,27,189.0,conditional_logical_z,0.3014728703124755
curve,cutoff16_low,16,low,autonomous,28,196.0,fidelity,0.35427783918239775
curve,cutoff16_low,16,low,autonomous,28,196.0,code_survival,0.5494480834950457
curve,cutoff16_low,16,low,autonomous,28,196.0,logical_z_signal,0.15910874199817937
curve,cutoff16_low,16,low,autonomous,28,196.0,conditional_logical_z,0.28957921007947973
curve,cutoff16_low,16,low,autonomous,29,203.0,fidelity,0.3511638054511948
curve,cutoff16_low,16,low,autonomous,29,203.0,code_survival,0.5494077893829563
curve,cutoff16_low,16,low,autonomous,29,203.0,logical_z_signal,0.15292343930729796
curve,cutoff16_low,16,low,autonomous,29,203.0,conditional_logical_z,0.2783423210636444
curve,cutoff16_low,16,low,autonomous,30,210.0,fidelity,0.34822125882690247
curve,cutoff16_low,16,low,autonomous,30,210.0,code_survival,0.5493702534405839
curve,cutoff16_low,16,low,autonomous,30,210.0,logical_z_signal,0.14707835807656147
curve,cutoff16_low,16,low,autonomous,30,210.0,conditional_logical_z,0.26772173621604445
curve,cutoff16_low,16,low,autonomous,31,217.0,fidelity,0.3454413944372918
curve,cutoff16_low,16,low,autonomous,31,217.0,code_survival,0.5493360183092715
curve,cutoff16_low,16,low,autonomous,31,217.0,logical_z_signal,0.14155533530015812
curve,cutoff16_low,16,low,autonomous,31,217.0,conditional_logical_z,0.25768442370815686
curve,cutoff16_low,16,low,autonomous,32,224.0,fidelity,0.3428141248288591
curve,cutoff16_low,16,low,autonomous,32,224.0,code_survival,0.5493043164973016
curve,cutoff16_low,16,low,autonomous,32,224.0,logical_z_signal,0.1363349578979605
curve,cutoff16_low,16,low,autonomous,32,224.0,conditional_logical_z,0.2481956791588952
curve,cutoff16_low,16,low,autonomous,33,231.0,fidelity,0.3403312346675616
curve,cutoff16_low,16,low,autonomous,33,231.0,code_survival,0.5492753155072279
curve,cutoff16_low,16,low,autonomous,33,231.0,logical_z_signal,0.13140062011546713
curve,cutoff16_low,16,low,autonomous,33,231.0,conditional_logical_z,0.23922542376426534
curve,cutoff16_low,16,low,autonomous,34,238.0,fidelity,0.3379841078846401
curve,cutoff16_low,16,low,autonomous,34,238.0,code_survival,0.5492485640375218
curve,cutoff16_low,16,low,autonomous,34,238.0,logical_z_signal,0.12673553621249758
curve,cutoff16_low,16,low,autonomous,34,238.0,conditional_logical_z,0.23074350032135849
curve,cutoff16_low,16,low,autonomous,35,245.0,fidelity,0.33576526341095236
curve,cutoff16_low,16,low,autonomous,35,245.0,code_survival,0.5492240620209486
curve,cutoff16_low,16,low,autonomous,35,245.0,logical_z_signal,0.1223247386114677
curve,cutoff16_low,16,low,autonomous,35,245.0,conditional_logical_z,0.2227228322105122
curve,cutoff16_low,16,low,autonomous,36,252.0,fidelity,0.3336672280371907
curve,cutoff16_low,16,low,autonomous,36,252.0,code_survival,0.5492015215679052
curve,cutoff16_low,16,low,autonomous,36,252.0,logical_z_signal,0.11815356482016183
curve,cutoff16_low,16,low,autonomous,36,252.0,conditional_logical_z,0.21513699467337127
curve,cutoff16_low,16,low,autonomous,37,259.0,fidelity,0.33168327478102
curve,cutoff16_low,16,low,autonomous,37,259.0,code_survival,0.5491808737298244
curve,cutoff16_low,16,low,autonomous,37,259.0,logical_z_signal,0.114208625827152
curve,cutoff16_low,16,low,autonomous,37,259.0,conditional_logical_z,0.2079617686819483
curve,cutoff16_low,16,low,autonomous,38,266.0,fidelity,0.32980686136634435
curve,cutoff16_low,16,low,autonomous,38,266.0,code_survival,0.5491619188072657
curve,cutoff16_low,16,low,autonomous,38,266.0,logical_z_signal,0.11047703374062659
curve,cutoff16_low,16,low,autonomous,38,266.0,conditional_logical_z,0.20117387961017685
curve,cutoff16_low,16,low,autonomous,39,273.0,fidelity,0.3280319785630708
curve,cutoff16_low,16,low,autonomous,39,273.0,code_survival,0.5491445648527853
curve,cutoff16_low,16,low,autonomous,39,273.0,logical_z_signal,0.10694685920106166
curve,cutoff16_low,16,low,autonomous,39,273.0,conditional_logical_z,0.19475173942535876
curve,cutoff16_low,16,low,autonomous,40,280.0,fidelity,0.3263528671363238
curve,cutoff16_low,16,low,autonomous,40,280.0,code_survival,0.549128662939795
curve,cutoff16_low,16,low,autonomous,40,280.0,logical_z_signal,0.10360673045574545
curve,cutoff16_low,16,low,autonomous,40,280.0,conditional_logical_z,0.18867478142750785
curve,cutoff16_low,16,low,autonomous,41,287.0,fidelity,0.32476417692901816
curve,cutoff16_low,16,low,autonomous,41,287.0,code_survival,0.5491141186851812
curve,cutoff16_low,16,low,autonomous,41,287.0,logical_z_signal,0.10044603962393435
curve,cutoff16_low,16,low,autonomous,41,287.0,conditional_logical_z,0.1829237970869261
curve,cutoff16_low,16,low,autonomous,42,294.0,fidelity,0.3232608208202547
curve,cutoff16_low,16,low,autonomous,42,294.0,code_survival,0.5491008149003239
curve,cutoff16_low,16,low,autonomous,42,294.0,logical_z_signal,0.09745472815439041
curve,cutoff16_low,16,low,autonomous,42,294.0,conditional_logical_z,0.17748057462286043
curve,cutoff16_low,16,low,autonomous,43,301.0,fidelity,0.32183804292002255
curve,cutoff16_low,16,low,autonomous,43,301.0,code_survival,0.5490886633588526
curve,cutoff16_low,16,low,autonomous,43,301.0,logical_z_signal,0.09462337125470817
curve,cutoff16_low,16,low,autonomous,43,301.0,conditional_logical_z,0.1723280365613154
curve,cutoff16_low,16,low,autonomous,44,308.0,fidelity,0.32049134012983116
curve,cutoff16_low,16,low,autonomous,44,308.0,code_survival,0.549077568529443
curve,cutoff16_low,16,low,autonomous,44,308.0,logical_z_signal,0.0919430573551299
curve,cutoff16_low,16,low,autonomous,44,308.0,conditional_logical_z,0.16745003370174952
curve,cutoff16_low,16,low,autonomous,45,315.0,fidelity,0.31921648734705377
curve,cutoff16_low,16,low,autonomous,45,315.0,code_survival,0.5490674513853753
curve,cutoff16_low,16,low,autonomous,45,315.0,logical_z_signal,0.08940541460477326
curve,cutoff16_low,16,low,autonomous,45,315.0,conditional_logical_z,0.16283138688915302
curve,cutoff16_low,16,low,autonomous,46,322.0,fidelity,0.3180094926735434
curve,cutoff16_low,16,low,autonomous,46,322.0,code_survival,0.5490582323719725
curve,cutoff16_low,16,low,autonomous,46,322.0,logical_z_signal,0.08700253834447784
curve,cutoff16_low,16,low,autonomous,46,322.0,conditional_logical_z,0.15845776133547873
curve,cutoff16_low,16,low,autonomous,47,329.0,fidelity,0.3168666027885585
curve,cutoff16_low,16,low,autonomous,47,329.0,code_survival,0.5490498422127937
curve,cutoff16_low,16,low,autonomous,47,329.0,logical_z_signal,0.08472699098756666
curve,cutoff16_low,16,low,autonomous,47,329.0,conditional_logical_z,0.1543156640316987
curve,cutoff16_low,16,low,autonomous,48,336.0,fidelity,0.3157842752143131
curve,cutoff16_low,16,low,autonomous,48,336.0,code_survival,0.549042213855103
curve,cutoff16_low,16,low,autonomous,48,336.0,logical_z_signal,0.08257175460605798
curve,cutoff16_low,16,low,autonomous,48,336.0,conditional_logical_z,0.1503923605915107
curve,cutoff16_low,16,low,autonomous,49,343.0,fidelity,0.31475917495724615
curve,cutoff16_low,16,low,autonomous,49,343.0,code_survival,0.5490352872685854
curve,cutoff16_low,16,low,autonomous,49,343.0,logical_z_signal,0.08053021937794552
curve,cutoff16_low,16,low,autonomous,49,343.0,conditional_logical_z,0.146675853529521
curve,cutoff16_low,16,low,autonomous,50,350.0,fidelity,0.313788155709862
curve,cutoff16_low,16,low,autonomous,50,350.0,code_survival,0.5490290055753791
curve,cutoff16_low,16,low,autonomous,50,350.0,logical_z_signal,0.07859614985264607
curve,cutoff16_low,16,low,autonomous,50,350.0,conditional_logical_z,0.14315482252213207
curve,cutoff16_low,16,low,autonomous,51,357.0,fidelity,0.3128682530145982
curve,cutoff16_low,16,low,autonomous,51,357.0,code_survival,0.5490233170967014
curve,cutoff16_low,16,low,autonomous,51,357.0,logical_z_signal,0.07676366920751419
curve,cutoff16_low,16,low,autonomous,51,357.0,conditional_logical_z,0.13981859570819202
curve,cutoff16_low,16,low,autonomous,52,364.0,fidelity,0.31199667040132256
curve,cutoff16_low,16,low,autonomous,52,364.0,code_survival,0.5490181734358249
curve,cutoff16_low,16,low,autonomous,52,364.0,logical_z_signal,0.07502723342901928
curve,cutoff16_low,16,low,autonomous,52,364.0,conditional_logical_z,0.13665710364283462
curve,cutoff16_low,16,low,autonomous,53,371.0,fidelity,0.31117077151196554
curve,cutoff16_low,16,low,autonomous,53,371.0,code_survival,0.5490135302791412
curve,cutoff16_low,16,low,autonomous,53,371.0,logical_z_signal,0.07338161474321114
curve,cutoff16_low,16,low,autonomous,53,371.0,conditional_logical_z,0.13366084931622885
curve,cutoff16_low,16,low,autonomous,54,378.0,fidelity,0.310388069174065
curve,cutoff16_low,16,low,autonomous,54,378.0,code_survival,0.5490093463961989
curve,cutoff16_low,16,low,autonomous,54,378.0,logical_z_signal,0.0718218807519344
curve,cutoff16_low,16,low,autonomous,54,378.0,conditional_logical_z,0.1308208707618309
curve,cutoff16_low,16,low,autonomous,55,385.0,fidelity,0.30964621757783334
curve,cutoff16_low,16,low,autonomous,55,385.0,code_survival,0.5490055838880992
curve,cutoff16_low,16,low,autonomous,55,385.0,logical_z_signal,0.0703433785251221
curve,cutoff16_low,16,low,autonomous,55,385.0,conditional_logical_z,0.12812871232919884
curve,cutoff16_low,16,low,autonomous,56,392.0,fidelity,0.3089430032588761
curve,cutoff16_low,16,low,autonomous,56,392.0,code_survival,0.5490022076244703
curve,cutoff16_low,16,low,autonomous,56,392.0,logical_z_signal,0.06894171711946394
curve,cutoff16_low,16,low,autonomous,56,392.0,conditional_logical_z,0.125576393249445
curve,cutoff16_low,16,low,autonomous,57,399.0,fidelity,0.3082763377821933
curve,cutoff16_low,16,low,autonomous,57,399.0,code_survival,0.5489991852554179
curve,cutoff16_low,16,low,autonomous,57,399.0,logical_z_signal,0.06761275292394152
curve,cutoff16_low,16,low,autonomous,57,399.0,conditional_logical_z,0.1231563811747465
curve,cutoff16_low,16,low,autonomous,58,406.0,fidelity,0.30764425008236057
curve,cutoff16_low,16,low,autonomous,58,406.0,code_survival,0.5489964868626779
curve,cutoff16_low,16,low,autonomous,58,406.0,logical_z_signal,0.06635257468060647
curve,cutoff16_low,16,low,autonomous,58,406.0,conditional_logical_z,0.12086156518011278
curve,cutoff16_low,16,low,autonomous,59,413.0,fidelity,0.30704487981229256
curve,cutoff16_low,16,low,autonomous,59,413.0,code_survival,0.5489940848778455
curve,cutoff16_low,16,low,autonomous,59,413.0,logical_z_signal,0.06515749025551042
curve,cutoff16_low,16,low,autonomous,59,413.0,conditional_logical_z,0.11868523186366998
curve,cutoff16_low,16,low,autonomous,60,420.0,fidelity,0.30647647072396966
curve,cutoff16_low,16,low,autonomous,60,420.0,code_survival,0.5489919538437974
curve,cutoff16_low,16,low,autonomous,60,420.0,logical_z_signal,0.06402401363167551
curve,cutoff16_low,16,low,autonomous,60,420.0,conditional_logical_z,0.1166210418630143
curve,cutoff16_low,16,low,autonomous,61,427.0,fidelity,0.3059373647055091
curve,cutoff16_low,16,low,autonomous,61,427.0,code_survival,0.5489900703024682
curve,cutoff16_low,16,low,autonomous,61,427.0,logical_z_signal,0.06294885308875921
curve,cutoff16_low,16,low,autonomous,61,427.0,conditional_logical_z,0.11466300848406474
curve,cutoff16_low,16,low,autonomous,62,434.0,fidelity,0.3054259960041509
curve,cutoff16_low,16,low,autonomous,62,434.0,code_survival,0.5489884126174268
curve,cutoff16_low,16,low,autonomous,62,434.0,logical_z_signal,0.06192889982064323
curve,cutoff16_low,16,low,autonomous,62,434.0,conditional_logical_z,0.11280547712361204
curve,cutoff16_low,16,low,autonomous,63,441.0,fidelity,0.3049408859176712
curve,cutoff16_low,16,low,autonomous,63,441.0,code_survival,0.5489869608583389
curve,cutoff16_low,16,low,autonomous,63,441.0,logical_z_signal,0.060961217428433905
curve,cutoff16_low,16,low,autonomous,63,441.0,conditional_logical_z,0.11104310625724387
curve,cutoff16_low,16,low,autonomous,64,448.0,fidelity,0.3044806377236383
curve,cutoff16_low,16,low,autonomous,64,448.0,code_survival,0.5489856966608682
curve,cutoff16_low,16,low,autonomous,64,448.0,logical_z_signal,0.060043031914365635
curve,cutoff16_low,16,low,autonomous,64,448.0,conditional_logical_z,0.10937084933099227
curve,cutoff16_low,16,low,autonomous,65,455.0,fidelity,0.3040439319694946
curve,cutoff16_low,16,low,autonomous,65,455.0,code_survival,0.5489846031187
curve,cutoff16_low,16,low,autonomous,65,455.0,logical_z_signal,0.059171722365668526
curve,cutoff16_low,16,low,autonomous,65,455.0,conditional_logical_z,0.10778393789101326
curve,cutoff16_low,16,low,autonomous,66,462.0,fidelity,0.30362952200681464
curve,cutoff16_low,16,low,autonomous,66,462.0,code_survival,0.5489836646686569
curve,cutoff16_low,16,low,autonomous,66,462.0,logical_z_signal,0.05834481213420635
curve,cutoff16_low,16,low,autonomous,66,462.0,conditional_logical_z,0.10627786560720488
curve,cutoff16_low,16,low,autonomous,67,469.0,fidelity,0.30323622981899845
curve,cutoff16_low,16,low,autonomous,67,469.0,code_survival,0.5489828669939595
curve,cutoff16_low,16,low,autonomous,67,469.0,logical_z_signal,0.05755996058522896
curve,cutoff16_low,16,low,autonomous,67,469.0,conditional_logical_z,0.10484837332066012
curve,cutoff16_low,16,low,autonomous,68,476.0,fidelity,0.3028629420802384
curve,cutoff16_low,16,low,autonomous,68,476.0,code_survival,0.548982196927942
curve,cutoff16_low,16,low,autonomous,68,476.0,logical_z_signal,0.05681495530862652
curve,cutoff16_low,16,low,autonomous,68,476.0,conditional_logical_z,0.1034914349255007
curve,cutoff16_low,16,low,autonomous,69,483.0,fidelity,0.30250860646150596
curve,cutoff16_low,16,low,autonomous,69,483.0,code_survival,0.5489816423691336
curve,cutoff16_low,16,low,autonomous,69,483.0,logical_z_signal,0.056107704813193916
curve,cutoff16_low,16,low,autonomous,69,483.0,conditional_logical_z,0.10220324412135309
curve,cutoff16_low,16,low,autonomous,70,490.0,fidelity,0.3021722281478268
curve,cutoff16_low,16,low,autonomous,70,490.0,code_survival,0.5489811921996007
curve,cutoff16_low,16,low,autonomous,70,490.0,logical_z_signal,0.05543623164054297
curve,cutoff16_low,16,low,autonomous,70,490.0,conditional_logical_z,0.10098020192354284
curve,cutoff16_low,16,low,autonomous,71,497.0,fidelity,0.30185286656781535
curve,cutoff16_low,16,low,autonomous,71,497.0,code_survival,0.5489808362111787
curve,cutoff16_low,16,low,autonomous,71,497.0,logical_z_signal,0.05479866589593123
curve,cutoff16_low,16,low,autonomous,71,497.0,conditional_logical_z,0.09981890492594828
curve,cutoff16_low,16,low,autonomous,72,504.0,fidelity,0.3015496323129006
curve,cutoff16_low,16,low,autonomous,72,504.0,code_survival,0.5489805650357946
curve,cutoff16_low,16,low,autonomous,72,504.0,logical_z_signal,0.054193239154651414
curve,cutoff16_low,16,low,autonomous,72,504.0,conditional_logical_z,0.09871613424259912
curve,cutoff16_low,16,low,autonomous,73,511.0,fidelity,0.3012616842411026
curve,cutoff16_low,16,low,autonomous,73,511.0,code_survival,0.5489803700817435
curve,cutoff16_low,16,low,autonomous,73,511.0,logical_z_signal,0.05361827873181058
curve,cutoff16_low,16,low,autonomous,73,511.0,conditional_logical_z,0.09766884510611334
curve,cutoff16_low,16,low,autonomous,74,518.0,fidelity,0.3009882267496447
curve,cutoff16_low,16,low,autonomous,74,518.0,code_survival,0.5489802434740565
curve,cutoff16_low,16,low,autonomous,74,518.0,logical_z_signal,0.05307220228590887
curve,cutoff16_low,16,low,autonomous,74,518.0,conditional_logical_z,0.09667415706994734
curve,cutoff16_low,16,low,autonomous,75,525.0,fidelity,0.3007285072090996
curve,cutoff16_low,16,low,autonomous,75,525.0,code_survival,0.5489801779996267
curve,cutoff16_low,16,low,autonomous,75,525.0,logical_z_signal,0.052553512740928045
curve,cutoff16_low,16,low,autonomous,75,525.0,conditional_logical_z,0.09572934478695108
curve,cutoff16_low,16,low,autonomous,76,532.0,fidelity,0.30048181354717607
curve,cutoff16_low,16,low,autonomous,76,532.0,code_survival,0.5489801670561145
curve,cutoff16_low,16,low,autonomous,76,532.0,logical_z_signal,0.05206079350410279
curve,cutoff16_low,16,low,autonomous,76,532.0,conditional_logical_z,0.09483182932322826
curve,cutoff16_low,16,low,autonomous,77,539.0,fidelity,0.3002474719744356
curve,cutoff16_low,16,low,autonomous,77,539.0,code_survival,0.5489802046047831
curve,cutoff16_low,16,low,autonomous,77,539.0,logical_z_signal,0.05159270396378467
curve,cutoff16_low,16,low,autonomous,77,539.0,conditional_logical_z,0.0939791699792287
curve,cutoff16_low,16,low,autonomous,78,546.0,fidelity,0.30002484484237774
curve,cutoff16_low,16,low,autonomous,78,546.0,code_survival,0.5489802851267042
curve,cutoff16_low,16,low,autonomous,78,546.0,logical_z_signal,0.051147975248822364
curve,cutoff16_low,16,low,autonomous,78,546.0,conditional_logical_z,0.09316905658464121
curve,cutoff16_low,16,low,autonomous,79,553.0,fidelity,0.299813328626518
curve,cutoff16_low,16,low,autonomous,79,553.0,code_survival,0.5489804035822745
curve,cutoff16_low,16,low,autonomous,79,553.0,logical_z_signal,0.05072540623474761
curve,cutoff16_low,16,low,autonomous,79,553.0,conditional_logical_z,0.09239930224056805
curve,cutoff16_low,16,low,autonomous,80,560.0,fidelity,0.29961235202646874
curve,cutoff16_low,16,low,autonomous,80,560.0,code_survival,0.548980555373687
curve,cutoff16_low,16,low,autonomous,80,560.0,logical_z_signal,0.05032385978113278
curve,cutoff16_low,16,low,autonomous,80,560.0,conditional_logical_z,0.09166783648079796
curve,cutoff16_low,16,low,autonomous,81,567.0,fidelity,0.2994213741762556
curve,cutoff16_low,16,low,autonomous,81,567.0,code_survival,0.5489807363102173
curve,cutoff16_low,16,low,autonomous,81,567.0,logical_z_signal,0.04994225918671182
curve,cutoff16_low,16,low,autonomous,81,567.0,conditional_logical_z,0.0909726988279795
curve,cutoff16_low,16,low,autonomous,82,574.0,fidelity,0.2992398829580398
curve,cutoff16_low,16,low,autonomous,82,574.0,code_survival,0.5489809425760783
curve,cutoff16_low,16,low,autonomous,82,574.0,logical_z_signal,0.04957958484884217
curve,cutoff16_low,16,low,autonomous,82,574.0,conditional_logical_z,0.0903120327204644
curve,cutoff16_low,16,low,autonomous,83,581.0,fidelity,0.2990673934131678
curve,cutoff16_low,16,low,autonomous,83,581.0,code_survival,0.5489811707006842
curve,cutoff16_low,16,low,autonomous,83,581.0,logical_z_signal,0.04923487111529347
curve,cutoff16_low,16,low,autonomous,83,581.0,conditional_logical_z,0.08968407978811596
curve,cutoff16_low,16,low,autonomous,84,588.0,fidelity,0.2989034462446218
curve,cutoff16_low,16,low,autonomous,84,588.0,code_survival,0.5489814175311308
curve,cutoff16_low,16,low,autonomous,84,588.0,logical_z_signal,0.04890720331670486
curve,cutoff16_low,16,low,autonomous,84,588.0,conditional_logical_z,0.08908717445601244
curve,cutoff16_low,16,low,autonomous,85,595.0,fidelity,0.29874760640547227
curve,cutoff16_low,16,low,autonomous,85,595.0,code_survival,0.5489816802067482
curve,cutoff16_low,16,low,autonomous,85,595.0,logical_z_signal,0.04859571496903529
curve,cutoff16_low,16,low,autonomous,85,595.0,conditional_logical_z,0.08851973885673925
curve,cutoff16_low,16,low,autonomous,86,602.0,fidelity,0.2985994617681531
curve,cutoff16_low,16,low,autonomous,86,602.0,code_survival,0.5489819561355609
curve,cutoff16_low,16,low,autonomous,86,602.0,logical_z_signal,0.04829958513581545
curve,cutoff16_low,16,low,autonomous,86,602.0,conditional_logical_z,0.0879802780328335
curve,cutoff16_low,16,low,autonomous,87,609.0,fidelity,0.29845862186977845
curve,cutoff16_low,16,low,autonomous,87,609.0,code_survival,0.5489822429725268
curve,cutoff16_low,16,low,autonomous,87,609.0,logical_z_signal,0.04801803594075627
curve,cutoff16_low,16,low,autonomous,87,609.0,conditional_logical_z,0.08746737541228501
curve,cutoff16_low,16,low,autonomous,88,616.0,fidelity,0.29832471672896543
curve,cutoff16_low,16,low,autonomous,88,616.0,code_survival,0.5489825385994215
curve,cutoff16_low,16,low,autonomous,88,616.0,logical_z_signal,0.04775033022176939
curve,cutoff16_low,16,low,autonomous,88,616.0,conditional_logical_z,0.08697968854089835
curve,cutoff16_low,16,low,autonomous,89,623.0,fidelity,0.2981973957299342
curve,cutoff16_low,16,low,autonomous,89,623.0,code_survival,0.548982841106247
curve,cutoff16_low,16,low,autonomous,89,623.0,logical_z_signal,0.0474957693180585
curve,cutoff16_low,16,low,autonomous,89,623.0,conditional_logical_z,0.08651594505640742
curve,cutoff16_low,16,low,autonomous,90,630.0,fidelity,0.29807632656990235
curve,cutoff16_low,16,low,autonomous,90,630.0,code_survival,0.548983148774058
curve,cutoff16_low,16,low,autonomous,90,630.0,logical_z_signal,0.0472536909824168
curve,cutoff16_low,16,low,autonomous,90,630.0,conditional_logical_z,0.08607493889009105
curve,cutoff16_low,16,low,autonomous,91,637.0,fidelity,0.2979611942660398
curve,cutoff16_low,16,low,autonomous,91,637.0,code_survival,0.5489834600590966
curve,cutoff16_low,16,low,autonomous,91,637.0,logical_z_signal,0.0470234674113668
curve,cutoff16_low,16,low,autonomous,91,637.0,conditional_logical_z,0.08565552668254313
curve,cutoff16_low,16,low,autonomous,92,644.0,fidelity,0.29785170021847834
curve,cutoff16_low,16,low,autonomous,92,644.0,code_survival,0.5489837735781439
curve,cutoff16_low,16,low,autonomous,92,644.0,logical_z_signal,0.046804503386218756
curve,cutoff16_low,16,low,autonomous,92,644.0,conditional_logical_z,0.08525662440104247
curve,cutoff16_low,16,low,autonomous,93,651.0,fidelity,0.2977475613260835
curve,cutoff16_low,16,low,autonomous,93,651.0,code_survival,0.5489840880949962
curve,cutoff16_low,16,low,autonomous,93,651.0,logical_z_signal,0.046596234518548066
curve,cutoff16_low,16,low,autonomous,93,651.0,conditional_logical_z,0.08487720414673486
curve,cutoff16_low,16,low,autonomous,94,658.0,fidelity,0.2976485091518955
curve,cutoff16_low,16,low,autonomous,94,658.0,code_survival,0.5489844025079854
curve,cutoff16_low,16,low,autonomous,94,658.0,logical_z_signal,0.04639812559398801
curve,cutoff16_low,16,low,autonomous,94,658.0,conditional_logical_z,0.08451629114055406
curve,cutoff16_low,16,low,autonomous,95,665.0,fidelity,0.2975542891353382
curve,cutoff16_low,16,low,autonomous,95,665.0,code_survival,0.5489847158384646
curve,cutoff16_low,16,low,autonomous,95,665.0,logical_z_signal,0.046209669008604196
curve,cutoff16_low,16,low,autonomous,95,665.0,conditional_logical_z,0.08417296087747751
curve,cutoff16_low,16,low,autonomous,96,672.0,fidelity,0.2974646598484656
curve,cutoff16_low,16,low,autonomous,96,672.0,code_survival,0.5489850272201899
curve,cutoff16_low,16,low,autonomous,96,672.0,logical_z_signal,0.04603038329246194
curve,cutoff16_low,16,low,autonomous,96,672.0,conditional_logical_z,0.08384633643933574
curve,cutoff16_low,16,low,autonomous,97,679.0,fidelity,0.2973793922936849
curve,cutoff16_low,16,low,autonomous,97,679.0,code_survival,0.5489853358895294
curve,cutoff16_low,16,low,autonomous,97,679.0,logical_z_signal,0.045859811715326694
curve,cutoff16_low,16,low,autonomous,97,679.0,conditional_logical_z,0.08353558595698979
curve,cutoff16_low,16,low,autonomous,98,686.0,fidelity,0.2972982692405477
curve,cutoff16_low,16,low,autonomous,98,686.0,code_survival,0.5489856411764399
curve,cutoff16_low,16,low,autonomous,98,686.0,logical_z_signal,0.04569752096973917
curve,cutoff16_low,16,low,autonomous,98,686.0,conditional_logical_z,0.08323992021323619
curve,cutoff16_low,16,low,autonomous,99,693.0,fidelity,0.29722108459934754
curve,cutoff16_low,16,low,autonomous,99,693.0,code_survival,0.5489859424961556
curve,cutoff16_low,16,low,autonomous,99,693.0,logical_z_signal,0.04554309992699689
curve,cutoff16_low,16,low,autonomous,99,693.0,conditional_logical_z,0.08295859037832433
curve,cutoff16_low,16,low,autonomous,100,700.0,fidelity,0.2971476428293952
curve,cutoff16_low,16,low,autonomous,100,700.0,code_survival,0.5489862393415298
curve,cutoff16_low,16,low,autonomous,100,700.0,logical_z_signal,0.045396158461838226
curve,cutoff16_low,16,low,autonomous,100,700.0,conditional_logical_z,0.08269088587045044
event_accounting,cutoff16_low,16,low,autonomous,,700.0,full_cycles,100
event_accounting,cutoff16_low,16,low,autonomous,,700.0,half_cycles,200
event_accounting,cutoff16_low,16,low,autonomous,,700.0,total_physical_time_us,700.0
event_accounting,cutoff16_low,16,low,autonomous,,700.0,measurement_events,0
event_accounting,cutoff16_low,16,low,autonomous,,700.0,reset_events,200
event_accounting,cutoff16_low,16,low,autonomous,,700.0,active_gate_applications,1800
event_accounting,cutoff16_low,16,low,autonomous,,700.0,qubit_rotations,800
event_accounting,cutoff16_low,16,low,autonomous,,700.0,echoed_conditional_displacements,600
event_accounting,cutoff16_low,16,low,autonomous,,700.0,fixed_cavity_displacements,200
event_accounting,cutoff16_low,16,low,autonomous,,700.0,virtual_rotations,200
event_accounting,cutoff16_low,16,low,autonomous,,700.0,cycles_per_100us,14.285714285714286
event_accounting,cutoff16_low,16,low,autonomous,,700.0,measurements_per_100us,0.0
event_accounting,cutoff16_low,16,low,autonomous,,700.0,resets_per_100us,28.571428571428573
event_accounting,cutoff16_low,16,low,autonomous,,700.0,active_gates_per_100us,257.14285714285717
event_accounting,cutoff16_low,16,low,autonomous,,700.0,outcome_dependent_parameter_updates,0
comparison,cutoff16_low,16,low,paired,,700.0,autonomous_minus_measurement_final_fidelity,0.0005979416295448514
comparison,cutoff16_low,16,low,paired,,700.0,autonomous_minus_measurement_final_logical_z,-0.007928480030873673
comparison,cutoff16_low,16,low,paired,,700.0,autonomous_to_measurement_logical_lifetime_us_ratio,0.8059008252527413
comparison,cutoff16_low,16,low,paired,,700.0,autonomous_to_measurement_logical_lifetime_protocol_cycle_ratio,1.1512868932182019
comparison,cutoff16_low,16,low,paired,,700.0,autonomous_to_measurement_reset_rate_ratio,1.4285714285714286
comparison,cutoff16_low,16,low,paired,,700.0,autonomous_to_measurement_active_gate_rate_ratio,1.4285714285714286
comparison,cutoff16_low,16,low,paired,,700.0,measurement_events_avoided_at_common_horizon,140.0
comparison,cutoff16_low,16,low,paired,,700.0,additional_autonomous_resets_at_common_horizon,60.0
comparison,cutoff16_low,16,low,paired,,700.0,additional_autonomous_active_gates_at_common_horizon,540.0
