record_id,split,seed,as_of_cycle,future_start_cycle,future_end_cycle_exclusive,offline_regime_label,candidate_failures,oracle_failures,oracle_trials,fallback_score,offline_fallback_required,update_cost,source_bank_action,scope,prediction_mean_q,offline_future_target_mean_q,uncertainty_se_mean_q,prediction_mean_p,offline_future_target_mean_p,uncertainty_se_mean_p,prediction_sigma_q,offline_future_target_sigma_q,uncertainty_se_sigma_q,prediction_sigma_p,offline_future_target_sigma_p,uncertainty_se_sigma_p,prediction_rho_qp,offline_future_target_rho_qp,uncertainty_se_rho_qp,prediction_tail_rate,offline_future_target_tail_rate,uncertainty_se_tail_rate,prediction_x_e_rate,offline_future_target_x_e_rate,uncertainty_se_x_e_rate,prediction_z_e_rate,offline_future_target_z_e_rate,uncertainty_se_z_e_rate,prediction_leakage_rate,offline_future_target_leakage_rate,uncertainty_se_leakage_rate,regime_p_normal,regime_p_burst,regime_p_leakage,regime_p_calibration_shift
seed20261341-asof255,training,20261341,255,256,288,calibration_shift,1,0,32,0.9389270047052102,0,0.05,hold_active,offline_future_aligned_calibration_record,0.26373827036084374,-0.11535313058303864,0.0402506053555979,0.2219294018501139,0.06879833635245602,0.10222529132670767,0.35737061273497245,0.48689013631875633,0.04407026142601981,0.4628773143902389,0.38541198149927464,0.04162296464219563,0.15445324064149732,0.5446910939914036,0.10220928536227279,0.11328125,0.03125,0.03156593113459174,0.21484375,0.34375,0.03510454200025431,0.36328125,0.25,0.0437590782106211,0.08203125,0.0,0.044174816822546044,0.9959948728966418,0.0006397456197232426,0.00028735941410102983,0.00307802206953385
seed20261341-asof287,training,20261341,287,288,320,burst,3,5,32,0.8953072466968959,0,0.05036399418623381,hold_active,offline_future_aligned_calibration_record,0.24390077049913939,-0.21036777844053556,0.04296409097537062,0.23045055247287327,-0.11918089079624039,0.07810151270733393,0.3807647212809001,0.8129237767818318,0.04407120093960439,0.44145330719935516,0.591103319856853,0.03698865683032206,0.2279119683393011,0.1129784437728192,0.08396985125235766,0.10546875,0.375,0.03218537635046645,0.2421875,0.3125,0.03638221943992502,0.33203125,0.4375,0.03962305318099285,0.06640625,0.0,0.03805387868712639,0.9917782334952218,0.0028267717885318267,0.0009060922705802097,0.004488902445666067
seed20261341-asof319,training,20261341,319,320,352,normal,0,0,32,0.8953072466968959,0,0.0503631672146405,hold_active,offline_future_aligned_calibration_record,0.23925068421609996,0.10394343762489133,0.06388204446511989,0.2669148966788064,0.4730266955710116,0.06674163672426411,0.43320522759759905,0.4337786390245737,0.056416068359978665,0.45380731381094824,0.3413943214341127,0.03865590701906265,0.21703496411391363,0.7733716360591909,0.0869805431775662,0.15234375,0.0625,0.03626469682197671,0.24609375,0.15625,0.039460207243378904,0.35546875,0.53125,0.030921725578378204,0.06640625,0.0,0.041245282496523226,0.7928451709438452,0.11367668058506215,0.05775705540198112,0.03572109306911155
seed20261341-asof351,training,20261341,351,352,384,normal,2,1,32,0.8953072466968959,0,0.05012344086964758,hold_active,offline_future_aligned_calibration_record,0.22218498750386173,-0.2699195773441945,0.055068067395238826,0.2933484139508633,0.3688946549129306,0.06736133771315185,0.4389271049617267,0.594013670149224,0.05009449719680186,0.4535673499447157,0.3934422433030236,0.04574079382315581,0.24591988956338118,0.034408309602036016,0.08801700391714569,0.13671875,0.25,0.037079533790012525,0.25,0.46875,0.03392914793055357,0.3828125,0.25,0.03760857581780254,0.06640625,0.0,0.03808529161985411,0.9767364346792468,0.016328735328175886,0.004285510861388173,0.0026493191311891305
seed20261341-asof383,training,20261341,383,384,416,normal,1,2,30,0.7368025913671197,1,0.05034206853602005,hold_active,offline_future_aligned_calibration_record,0.17502429020324684,-0.5321772038964593,0.08145092012020969,0.2731786155051461,0.018655918245978453,0.051816933891540545,0.4983835892654358,0.39803683574899235,0.06424064133454722,0.44933644166818787,0.4655867212747205,0.035683398236673915,0.20755036365591265,0.23024814475621452,0.10706777072934195,0.14453125,0.21875,0.04315607103388471,0.28125,0.375,0.03634017169039429,0.3671875,0.15625,0.038494128903891874,0.0390625,0.0625,0.022850144843931306,0.9179043274176376,0.046219562192981914,0.027102435320454435,0.00877367506892612
seed20261341-asof415,training,20261341,415,416,448,normal,0,0,31,0.7003967238645127,0,0.05038106260939442,hold_active,offline_future_aligned_calibration_record,0.09963916948585827,0.05343934771058101,0.10515527091808731,0.28550657884016917,0.22546725659870015,0.0593490874474352,0.5775339953653539,0.44713511195974787,0.05350856956367519,0.43333376189924394,0.3349710227686633,0.043489935350329106,0.2079119468928782,0.1820083684848761,0.09477471197763578,0.16796875,0.0625,0.03586199656433389,0.296875,0.34375,0.041057493216430076,0.328125,0.25,0.03925959198898218,0.03515625,0.03125,0.02653201621995342,0.9526816376981856,0.033916545243663304,0.011273546697130963,0.002128270361020146
seed20261341-asof447,training,20261341,447,448,480,normal,1,1,32,0.7368025913671197,0,0.05016745206290617,hold_active,offline_future_aligned_calibration_record,0.000512943803660626,0.2776812533823265,0.09224347627469638,0.25219678655783273,-0.15907031547972306,0.0603854402130419,0.5708484633026997,0.5513625815082123,0.04242495943064864,0.4283414492273024,0.3929071181175603,0.03912700384779922,0.23191120655349887,0.4590493448364043,0.07530612419128492,0.16796875,0.15625,0.03633142297804657,0.30859375,0.5625,0.043675282312347366,0.3125,0.3125,0.045643571332515884,0.0390625,0.0,0.024753041060840846,0.9892469008245526,0.004602928821526497,0.0015822511894981349,0.004567919164422835
seed20261341-asof479,training,20261341,479,480,512,leakage,3,4,24,0.6730738182010497,1,0.05025008365275918,hold_active,offline_future_aligned_calibration_record,0.012674218640524204,-0.22331039041827339,0.08423698389248126,0.17913586100551337,0.056986944897704284,0.0696747302323046,0.567402472571014,0.6180737688864602,0.045888337077325245,0.4487997047599832,0.5896297293658127,0.03444224309632659,0.19988911040649318,0.9426694703607658,0.12345876299986475,0.1484375,0.375,0.03968260704519214,0.34765625,0.34375,0.04174216560190553,0.3046875,0.125,0.04365656210475748,0.01171875,0.25,0.008776135500063587,0.9299233615614583,0.012345449291405698,0.0077310477227204,0.050000141424415556
seed20261341-asof511,training,20261341,511,512,544,calibration_shift,0,2,32,0.814451205834264,0,0.05033665144149664,hold_active,offline_future_aligned_calibration_record,-0.1051155632935008,0.129669846724205,0.09109764729250663,0.14455414537006828,0.1110729994935753,0.06886860082542128,0.5910224639783762,0.4885257311660571,0.031415476763204137,0.48561796606577357,0.4114890628014132,0.03441650950512988,0.2911376034689349,0.16841567124130918,0.16813073515511662,0.19140625,0.125,0.03205766404719094,0.36328125,0.1875,0.03570308963940432,0.2890625,0.34375,0.048084577712595104,0.04296875,0.0,0.022186988570529507,0.40750667446152355,0.08162715943832197,0.4896957866642104,0.0211703794359442
seed20261341-asof543,training,20261341,543,544,576,normal,3,3,32,0.7689063883104138,0,0.05016711738913831,hold_active,offline_future_aligned_calibration_record,-0.06296713414665223,-0.2814557806149858,0.10594312809287297,0.15184222121312674,0.26730099187697154,0.07340027985270647,0.5978468249908587,0.5411147427887238,0.03634625713099404,0.48818189183618416,0.5908812482610978,0.032241830236186646,0.2375305557654224,-0.0029476861568476843,0.1317854388822602,0.203125,0.3125,0.03598167594923163,0.34375,0.4375,0.04402102989765162,0.30078125,0.34375,0.04638268015783954,0.04296875,0.0,0.02314633962842602,0.8646057877849525,0.034922412316794334,0.07034681514039003,0.03012498475786296
seed20261341-asof575,training,20261341,575,576,608,normal,4,0,32,0.7689063883104138,1,0.05017541540844573,hold_active,offline_future_aligned_calibration_record,-0.08584495632458644,0.3383371680581593,0.11599831866967257,0.18341956068708964,0.26913677292582716,0.0690997237899347,0.5750603143236865,0.3542494698082769,0.03284523718008656,0.4819513557032811,0.5970343635318511,0.03658387848823984,0.1539827577927131,0.09658914759563757,0.16142197626138682,0.1953125,0.21875,0.03770620780158946,0.359375,0.34375,0.03828113730129488,0.2890625,0.40625,0.04312892196579329,0.04296875,0.0,0.02246186417062711,0.7678166531055032,0.07974086644632626,0.12677162822406204,0.025670852224108538
seed20261341-asof607,training,20261341,607,608,640,normal,1,1,32,0.7689063883104138,0,0.05026964085115095,hold_active,offline_future_aligned_calibration_record,-0.03588898736316937,-0.30863429664951436,0.09154935244538061,0.14095214867926886,0.40081394298782547,0.058845170340130044,0.5892832938282023,0.41520419818614757,0.040974208511364595,0.49739272766886744,0.4615273865001402,0.03414300149035226,0.08986076044657747,-0.9159319795554823,0.13617424948776194,0.21484375,0.1875,0.0391866497323121,0.3828125,0.25,0.045923290075313414,0.2734375,0.5,0.054731459476911715,0.04296875,0.0,0.022313870558229795,0.88058036132714,0.030228887445483122,0.0313659138854384,0.057824837341938454
seed20261341-asof639,training,20261341,639,640,672,normal,4,4,32,0.7689063883104138,0,0.05009900365741479,hold_active,offline_future_aligned_calibration_record,-0.061600822081568474,0.3526156356781176,0.102258516444276,0.13848865765342255,0.3279565250015921,0.05314187366499107,0.5712952349796467,0.5934987187205624,0.03485535439054579,0.507007040908627,0.584973900821292,0.04169150137874021,0.10114617901349461,-0.22930384196843198,0.14027400468858964,0.20703125,0.34375,0.03585962212008406,0.35546875,0.3125,0.04331362817737055,0.3046875,0.34375,0.0501306612823538,0.04296875,0.0,0.02244298624328386,0.960948237178328,0.017335465672914184,0.014673224049089792,0.007043073099668057
seed20261341-asof671,training,20261341,671,672,704,burst,7,5,30,0.7003967238645127,1,0.050221308608428716,hold_active,offline_future_aligned_calibration_record,0.055356024225883926,0.17702511327349058,0.1182557783277712,0.1744047749774087,-1.1971764608696307,0.06356213936989791,0.5653942950322085,0.7034413302630979,0.037251176055236104,0.5217640255911322,0.9143738844775865,0.03622406037831672,0.049106639621704806,-0.08034781210777547,0.1107925036075234,0.22265625,0.40625,0.03892658141340832,0.34765625,0.40625,0.03466627669901069,0.328125,0.375,0.04875610853590515,0.03515625,0.0625,0.023566320910884685,0.9134727078765205,0.029143061956620725,0.01245499325116419,0.04492923691569465
seed20261341-asof703,training,20261341,703,704,736,normal,1,1,32,0.8499134474153599,0,0.05032457655081297,hold_active,offline_future_aligned_calibration_record,0.06548801999652643,0.2863462337378213,0.1013013493501451,0.16402147279931945,0.12596374232110108,0.08548294207123616,0.5982052782144321,0.5004075053684421,0.040227572881079435,0.5944655457277367,0.5556975026499519,0.044811269833476663,-0.006663494036070476,-0.33709468679907834,0.12293509297137765,0.265625,0.15625,0.04229480836435048,0.35546875,0.40625,0.045468497508912784,0.34375,0.4375,0.05013892688321232,0.0390625,0.0,0.02370945017529966,0.3920628312415089,0.3624905603912239,0.1512103626893716,0.09423624567789551
seed20261341-asof735,training,20261341,735,736,768,normal,0,0,32,0.8203885452017146,0,0.05016082301670568,hold_active,offline_future_aligned_calibration_record,0.07213719715405142,-0.010782781502574945,0.10280480236276897,0.22665495645517653,0.1860996711857259,0.07464102201220484,0.5924995810016018,0.5143714911682756,0.035733350483777,0.5959953415300853,0.35223879360053456,0.046340714798440354,-0.085174841819041,0.05971287644720035,0.09276957251051708,0.265625,0.0,0.03838184067677336,0.3359375,0.375,0.03648966785634404,0.359375,0.28125,0.04608029632822928,0.0390625,0.0,0.01962702444732738,0.4644498225086977,0.28799380884362885,0.11488402621192176,0.13267234243575163
seed20261341-asof767,training,20261341,767,768,800,calibration_shift,6,5,32,0.661370409678655,0,0.05032060003443786,hold_active,offline_future_aligned_calibration_record,0.0879401447720114,0.09354233466464112,0.09991433650929749,0.23595453729354343,-0.18729631200741426,0.07992966233834352,0.57206520112404,0.6629425820535422,0.03939293688163313,0.5597223756545247,0.5145261294294577,0.05337898264611716,-0.1847443824986138,-0.13374238800741822,0.1258982684023181,0.21875,0.25,0.043883437204575215,0.33984375,0.375,0.032370155214642156,0.37890625,0.40625,0.037958686337647346,0.0078125,0.0,0.006625368631851434,0.8756482335582254,0.04936711057324667,0.012479848616928406,0.06250480725159943
seed20261341-asof799,training,20261341,799,800,832,normal,10,9,32,0.7400688765402889,0,0.05016151567937286,hold_active,offline_future_aligned_calibration_record,0.08102726709541841,0.5634746444057133,0.10659603906666075,0.2059718831812416,-0.07460313241259908,0.09557263470378898,0.5937149255822624,0.7571678379796861,0.04035549664901406,0.5929524843257976,0.6908709107280088,0.04419734542311337,-0.21015234855664774,-0.011537449843228999,0.10650425024656676,0.234375,0.375,0.04325649253553303,0.36328125,0.59375,0.03096948088426749,0.38671875,0.25,0.038378290938512326,0.0078125,0.0,0.0074084728978337,0.6721451273301622,0.11461224064952664,0.034690423213672154,0.17855220880663905
seed20261341-asof831,training,20261341,831,832,864,leakage,2,3,22,0.8138976358914143,1,0.05028489007317605,hold_active,offline_future_aligned_calibration_record,0.15624901252096257,-0.9755238886855924,0.10576605352787,0.17472594107222306,0.1600574728405022,0.11644500057942105,0.6083716932903099,1.007004281215196,0.04865264667114477,0.6086008735708567,0.6176579058433139,0.04670365499310615,-0.3636500184623954,-0.10536103253150252,0.13754893116130004,0.2421875,0.375,0.0401206431516955,0.3828125,0.21875,0.03902833443560198,0.375,0.375,0.0428823066687792,0.0078125,0.3125,0.008532789271472033,0.16692352203979793,0.4580981270365188,0.1198027422686405,0.2551756086550427
seed20261341-asof863,training,20261341,863,864,896,leakage,5,5,27,0.7972019923185598,1,1.0503378945160076,stage_candidate,offline_future_aligned_calibration_record,0.09033268466539046,-0.23668223964439528,0.13306736365703162,0.16065736665746422,0.37005783589968533,0.10123422885993341,0.6786951124658455,0.6130221464663039,0.05519442099223907,0.6100958835910254,0.49466468626619364,0.048205235717767546,-0.4953274015235038,0.11820760349277783,0.13588319720184294,0.26171875,0.3125,0.04553100319364191,0.3671875,0.3125,0.045947676210016934,0.37109375,0.28125,0.03705339663346325,0.046875,0.15625,0.03689905670413533,0.0017984768747148876,0.18939315175469934,0.8019134659839837,0.006894905386602147
seed20261341-asof895,training,20261341,895,896,928,leakage,3,5,27,0.8953072466968959,1,1.051215087003311,stage_candidate,offline_future_aligned_calibration_record,0.14941225453764062,0.050270869744096114,0.13930081811922904,0.15131769343421042,-0.12443142143892083,0.106181618122704,0.6894589807313904,0.7259718110596535,0.0464241662970149,0.6122253922727445,0.814009779196901,0.047896365967118285,-0.2244659482001062,0.05815364628320427,0.1349069376953551,0.27734375,0.25,0.03787364800990896,0.375,0.4375,0.03600496497725009,0.34375,0.375,0.0354832106898492,0.06640625,0.15625,0.040187511761345884,0.005210416869387415,0.0964514940731914,0.892517122354243,0.005820966703178164
seed20261341-asof927,training,20261341,927,928,960,normal,4,3,32,0.9467019697436669,0,1.0508034900996739,stage_candidate,offline_future_aligned_calibration_record,0.10060236251389587,0.08122395313495323,0.14027430693587642,0.1114635931926411,0.14313924505336728,0.10493810909235286,0.7013351661531848,0.48416696576711465,0.06196149901190092,0.6339574270227365,0.6593535598410772,0.050104471940964006,-0.19886098357754664,-0.007214155386851706,0.11578351926498145,0.265625,0.375,0.04029885373810302,0.390625,0.59375,0.04012719827683552,0.34765625,0.21875,0.03946327607651709,0.0859375,0.0,0.03935418595468835,0.0027246959147197384,0.0505551684733938,0.9402372229451272,0.006482912666759181
seed20261341-asof959,training,20261341,959,960,992,burst,6,7,32,0.9300582175897159,0,1.050704929686252,stage_candidate,offline_future_aligned_calibration_record,0.08779705611225741,-0.20423334156584705,0.13490522615407316,0.11304157701479678,0.021338347767324573,0.08771669921086094,0.6669390541793369,0.6197441366860401,0.051865644395626985,0.5992217270328174,0.6106371893721343,0.04729438066829393,-0.1577759281805656,-0.048485201564041555,0.11942390866673198,0.26171875,0.3125,0.0399703360114974,0.4140625,0.40625,0.045249570380686006,0.328125,0.5625,0.044731711714385794,0.078125,0.0,0.03663927706644532,0.007249439590961838,0.0359051750304362,0.9466963440469683,0.010149041331633534
seed20261341-asof991,training,20261341,991,992,1024,normal,5,4,30,0.9300582175897159,1,1.0506150764129683,stage_candidate,offline_future_aligned_calibration_record,-0.0030818445321123544,-0.027893662408762232,0.14653807152011186,0.09988354997940796,0.43413865436888455,0.07590870627860814,0.6829466571487381,0.6647220106411651,0.05228332473344654,0.6070512294213822,0.4135822244341956,0.051942456436083376,-0.04968797742623295,-0.0511755188558847,0.13894666094292554,0.28125,0.34375,0.03630834334849551,0.4140625,0.3125,0.04334297541006995,0.34375,0.4375,0.038633675154274794,0.078125,0.0625,0.03621415352041086,0.007744362985382659,0.05694401427989739,0.9158751853901032,0.019436437344616714
seed20261341-asof1023,training,20261341,1023,1024,1056,calibration_shift,0,0,27,0.9467019697436669,1,1.050434436916348,stage_candidate,offline_future_aligned_calibration_record,-0.004787210493458094,-0.2572805575168192,0.10310875429056789,0.15100647344024032,0.2591755968812264,0.08368634171185627,0.7072855110077562,0.4339892599494066,0.05677871646915492,0.6341420024777501,0.4983755465139908,0.04352793089244864,-0.06115678087441223,-0.45206232748022046,0.10534296184066147,0.32421875,0.21875,0.02369955187974227,0.40625,0.28125,0.03886431114164852,0.36328125,0.40625,0.04058599031374033,0.0859375,0.15625,0.038320709740489935,0.02841662433444634,0.11053244232928063,0.8521578442230138,0.008893089113259246
seed20261341-asof1055,training,20261341,1055,1056,1088,leakage,3,1,19,0.9732584775233029,1,1.0507184289605591,stage_candidate,offline_future_aligned_calibration_record,-0.08679008908745556,0.259599256294228,0.12671873080694487,0.2243667207491702,1.0219240387720754,0.09121055309061234,0.6759408634472281,0.4099397629130564,0.05597314085806537,0.6130347743684263,1.0091748442902808,0.04206004694412702,-0.3099522249303928,-0.10825975220975181,0.15482663870723345,0.3203125,0.28125,0.030793688311684317,0.39453125,0.375,0.04458833422792853,0.36328125,0.125,0.04497895651967868,0.10546875,0.40625,0.03803597364671958,0.0712584590600616,0.06451322943025392,0.8598989387912698,0.004329372718414684
seed20261341-asof1087,training,20261341,1087,1088,1120,normal,0,0,32,0.9958619772360828,0,1.0504184102848133,stage_candidate,offline_future_aligned_calibration_record,-0.03744676336215136,-0.012964105839587958,0.10987597410194404,0.2574453432455899,0.03275162293902811,0.10869659097245606,0.6285106306008161,0.46439721879713036,0.04752406037394991,0.6316567580181426,0.34587669194245674,0.06393030589614618,-0.17717343116529008,0.4485853336273638,0.15374040903631225,0.30859375,0.03125,0.033843209865553614,0.3671875,0.375,0.04396459839154227,0.34765625,0.15625,0.04154150192359988,0.15625,0.0,0.045670095620617975,6.0206152170835556e-05,0.0001648845772385593,0.9997254652114,4.9444059190556315e-05
seed20261341-asof1119,training,20261341,1119,1120,1152,normal,0,0,32,0.9824481597866943,0,0.050534154169152794,hold_active,offline_future_aligned_calibration_record,-0.028972166040859726,0.30233195078493647,0.0823860088296452,0.2120805047627745,0.0037614070388571896,0.10219588185202422,0.5732389487516553,0.32194197472541236,0.04199098370809784,0.5992784676205616,0.34551105638746066,0.05778832882169031,-0.20817156275477283,-0.22741858193933873,0.18565631870677027,0.265625,0.09375,0.039609297265658795,0.38671875,0.34375,0.04624225297914011,0.3203125,0.0625,0.051525176954595374,0.1171875,0.0,0.051450499656668716,0.34892879714543584,0.031302231205662646,0.5289171882165412,0.09085178343236026
seed20261341-asof1151,training,20261341,1151,1152,1184,normal,3,1,32,0.9647002276405966,0,0.05022933892703368,hold_active,offline_future_aligned_calibration_record,0.058709468317263314,0.43381875324844743,0.08550386065233014,0.13747745082726648,-0.5405910165593203,0.09718817869411413,0.5450768122718647,0.3289048353717707,0.04242253820126728,0.5775188705417437,0.47511464774372875,0.053462053922756554,-0.22072852468083262,-0.27580603156977035,0.1541700984810549,0.23828125,0.28125,0.039820839557612876,0.390625,0.34375,0.04016452792808288,0.29296875,0.25,0.05390182417275453,0.09765625,0.0,0.04991591968033559,0.87696264561118,0.003521908955087038,0.012216057656737382,0.10729938777699548
seed20261341-asof1183,training,20261341,1183,1184,1216,normal,1,2,32,0.9300582175897159,0,0.05035505732948667,hold_active,offline_future_aligned_calibration_record,0.1265029546482659,-0.14473400955778581,0.09161333007220025,0.07582159093304353,-0.46694435822111613,0.10234705001065807,0.5197521382728214,0.7394506432636883,0.04675830248728459,0.5904631349159871,0.5209705134474691,0.05103998861274361,-0.33949077017805346,0.09981860694681542,0.13690800006636208,0.2421875,0.25,0.037855657723752476,0.37890625,0.46875,0.039747832336760575,0.27734375,0.34375,0.04767483327330976,0.078125,0.0,0.03981480430057462,0.4846179826574815,0.0031734810443485705,0.001083446426538023,0.511125089871632
seed20261341-asof1215,training,20261341,1215,1216,1248,normal,0,0,32,0.9300582175897159,0,0.050459970098174406,hold_active,offline_future_aligned_calibration_record,0.1189321233296885,-0.005333608402865231,0.10841827226679014,0.00363283877019982,-0.3538376958507039,0.12360252144283274,0.5504374364015813,0.3694572747973324,0.040797648287565304,0.6027942822324862,0.3131266863110501,0.06513837485080058,-0.20464042337595087,-0.21203302622192668,0.17523237947906253,0.2265625,0.0625,0.039308963298198524,0.36328125,0.21875,0.03278325421774457,0.29296875,0.34375,0.04237557391862992,0.078125,0.0,0.0398459212195092,0.1969047318545076,0.025619648542703755,0.011859807237713722,0.7656158123650749
seed20261341-asof1247,training,20261341,1247,1248,1280,leakage,1,1,27,0.9300582175897159,1,0.05024576504233928,hold_active,offline_future_aligned_calibration_record,0.1208825649762657,-0.08543777720538492,0.11639360607463037,-0.08173018716746361,-0.18418399780314876,0.12667302580822362,0.5128018263215136,0.47678924605252704,0.03736923596582908,0.5813070625655345,0.4585116563125425,0.0663642173862676,-0.23044620122935197,0.41229398309310816,0.19551456895350275,0.1953125,0.09375,0.047147413421681016,0.33984375,0.34375,0.035245697497542784,0.265625,0.28125,0.03810501086812412,0.078125,0.15625,0.0482909674292726,0.3292670783445907,0.004791304524545178,0.000682422984223467,0.6652591941466407
seed20261341-asof1279,training,20261341,1279,1280,1312,calibration_shift,2,1,32,0.9535141934822631,0,0.05029863584949676,hold_active,offline_future_aligned_calibration_record,0.10457285870416344,0.11720509236074972,0.10162076256702633,-0.16930148372641907,0.03921580257258417,0.08551493762871037,0.4955881336379846,0.5088552037862988,0.03323951652992931,0.5416196456662208,0.4324150949834399,0.04782717309352033,-0.13934757914645485,0.003186115832149256,0.14180642223175047,0.1640625,0.125,0.04051800472694287,0.34375,0.46875,0.036675616654156716,0.24609375,0.375,0.034497091293135766,0.08984375,0.0,0.03830683192935238,0.49233193916632806,0.016576321774907175,0.0196467985586606,0.4714449405001042
seed20261341-asof1311,training,20261341,1311,1312,1344,normal,1,2,29,0.9084268146158385,1,0.050246526565350724,hold_active,offline_future_aligned_calibration_record,0.1515845634303925,-0.4678575917126533,0.0909687313372846,-0.18381648311674836,-0.1597570904518244,0.07342197240332066,0.4844769611556283,0.37793124815542145,0.03479496970876792,0.5175489174087446,0.4590114499735521,0.05147168344701217,-0.06107458502123077,-0.17456792948866054,0.16190612544972194,0.15234375,0.25,0.04172434674544275,0.3671875,0.4375,0.037068917792828227,0.2421875,0.25,0.0343204015150284,0.0703125,0.09375,0.04381162839774508,0.5829912238084514,0.022364804455817015,0.025998105432235963,0.3686458663034958
seed20261341-asof1343,training,20261341,1343,1344,1376,normal,5,4,32,0.7249458373426002,0,0.05042113917710764,hold_active,offline_future_aligned_calibration_record,0.05631744869974131,-0.5311328573083902,0.11074091722157589,-0.1812020087266093,-0.13404322303972105,0.05964499299777239,0.5249782453219234,0.6730103003489077,0.03910112982733339,0.4693777575108596,0.5147294992714253,0.04335579025560814,-0.004738306009142313,0.3052935127265809,0.11357407437491009,0.1484375,0.34375,0.03080112262379267,0.375,0.65625,0.028231644321447917,0.2578125,0.15625,0.045523688268490514,0.03125,0.0,0.01654173027137076,0.9027418671832609,0.03414904859505954,0.02554859268418458,0.037560491537494925
seed20261341-asof1375,training,20261341,1375,1376,1408,normal,0,0,32,0.8116870770150494,0,0.050215373687633666,hold_active,offline_future_aligned_calibration_record,0.03533622872424469,-0.17246759260818822,0.12253190950657844,-0.21221711594962467,-0.28705729067840224,0.06601244195538833,0.569002860503066,0.43539014923614866,0.037281202917337164,0.48186513514914137,0.41417859395189977,0.04111944289605364,-0.03541635126629668,0.7268503130919565,0.12531353892330918,0.1875,0.125,0.029354108178967043,0.41015625,0.34375,0.030367484944515768,0.2578125,0.40625,0.03645833333333332,0.03125,0.0,0.01966324061000157,0.5605593986528763,0.27526400711799237,0.14683980413982584,0.01733679008930565
seed20261341-asof1407,training,20261341,1407,1408,1440,normal,4,2,32,0.7243653814392754,0,0.05014377936089061,hold_active,offline_future_aligned_calibration_record,-0.06521601641881336,0.14074150165441224,0.10126092258148167,-0.2600646444221484,-0.02594832168315686,0.07163745844798378,0.5686784940419045,0.6466898901270047,0.03916421473759383,0.4808421278031466,0.5295285519828952,0.04064751525020395,-0.01728119009086218,0.22679227677390792,0.13341134395944484,0.19140625,0.21875,0.024070232016460687,0.41015625,0.25,0.032405735010200575,0.30078125,0.28125,0.03520051836661474,0.03125,0.0,0.019512252045111596,0.8110627856499484,0.11838183245818118,0.02472494449529256,0.04583043739657798
seed20261341-asof1439,training,20261341,1439,1440,1472,burst,7,11,31,0.7173087502226767,0,0.05027649134772371,hold_active,offline_future_aligned_calibration_record,-0.13891387787122134,-0.2850369633319645,0.07373181838898094,-0.2035352872892553,0.6243825358580846,0.06691917896842983,0.5628921837651258,0.8258729911809977,0.03967739643887594,0.4801063276457797,0.6893059616786339,0.032891437314781884,0.10333186575084508,0.031181584784884597,0.1205135777181741,0.18359375,0.53125,0.024766185865507016,0.3984375,0.25,0.037647950507081626,0.3046875,0.53125,0.034778265154509234,0.03125,0.03125,0.01961699540651867,0.8223745448067588,0.10499291424194913,0.017823812333687416,0.05480872861760477
seed20261341-asof1471,training,20261341,1471,1472,1504,normal,2,2,32,0.7835139027076099,0,0.05024156446512946,hold_active,offline_future_aligned_calibration_record,-0.14435895438795665,-0.36731837148147184,0.09681705267996811,-0.1505938283883943,0.04455568485507633,0.0753039689519113,0.5695908072987284,0.4029197427494189,0.044966926414825116,0.5162553467406353,0.5416081390899354,0.046076242014725995,0.17241508800469318,0.2550256718728815,0.13113342793391267,0.21875,0.15625,0.042630580966274194,0.37109375,0.28125,0.04268203794238321,0.328125,0.28125,0.040097762559634154,0.03515625,0.0,0.021690186530768246,0.24404751069750907,0.6157826767427984,0.10662845639483516,0.03354135616485737
seed20261341-asof1503,training,20261341,1503,1504,1536,normal,2,1,31,0.7864910038589598,0,0.05025889066327748,hold_active,offline_future_aligned_calibration_record,-0.22090138662388248,-0.08304679415643035,0.08893879142302376,-0.0826802690109365,-0.11314068787153664,0.08536111795408584,0.5745463505452735,0.4792269250039805,0.04915969342474985,0.5382905430074911,0.472843918718009,0.04423673444218445,0.2382490086661794,0.20833846949565726,0.1251498818105608,0.23046875,0.125,0.04019014840970587,0.37890625,0.28125,0.03747389757887462,0.3203125,0.25,0.03808330422762331,0.03515625,0.03125,0.020714466133856163,0.38674803897768384,0.5634876599186217,0.03056129113483102,0.01920300996886351
seed20261341-asof1535,training,20261341,1535,1536,1568,calibration_shift,2,0,32,0.7520895791706939,0,0.05006547155412944,hold_active,offline_future_aligned_calibration_record,-0.22068243028169254,0.12456910077821237,0.08330313421510588,-0.07123109177761777,0.12736726354499917,0.10052744417078319,0.5749709731758254,0.478248362488843,0.05846254555819776,0.5387227504194427,0.5731801023377355,0.04628079001449525,0.20488619955884627,-0.6249504886310322,0.11381121695581464,0.234375,0.15625,0.04718364044159833,0.37109375,0.28125,0.04001504766407923,0.31640625,0.5,0.038793747403639944,0.01953125,0.0,0.009463327090237103,0.647602731962269,0.3128790115680644,0.01023062167143198,0.029287634798234576
seed20261341-asof1567,training,20261341,1567,1568,1600,normal,6,4,32,0.7228897854795594,0,0.05006918266718642,hold_active,offline_future_aligned_calibration_record,-0.21523577964634333,0.43995414097831254,0.08764225753105326,-0.0688041575215026,0.34642669994082564,0.09033399674145108,0.572756418220103,0.5129149678259702,0.04597377559140576,0.5594201438643264,0.3962114789867411,0.037565865669892486,0.19773900587031074,-0.20019670115862365,0.13610858091136288,0.23828125,0.21875,0.03679043806964773,0.34765625,0.59375,0.04102946283718293,0.33203125,0.15625,0.034624713646667166,0.01953125,0.0,0.01185679992191531,0.7313424218271422,0.20864876298006085,0.018462273383243494,0.04154654180955348
seed20261341-asof1599,training,20261341,1599,1600,1632,normal,3,0,32,0.7677277877891836,0,0.05024550921972455,hold_active,offline_future_aligned_calibration_record,-0.07995014439902293,0.017690880883645344,0.0931528411208906,0.02134235934695239,-0.014633769573300981,0.1123719032722735,0.6139686228925024,0.4309537508907084,0.05680334408965539,0.5710206378016003,0.6451932457647944,0.059271470259169415,0.2076160605393865,0.03503422913721622,0.09639184209783148,0.234375,0.1875,0.051452264937236855,0.3671875,0.3125,0.03509154917315575,0.3203125,0.625,0.04080155866669051,0.0078125,0.0,0.005734026280430949,0.5946168632596899,0.29068538251131426,0.05145572301397802,0.06324203121501784
seed20261341-asof1631,training,20261341,1631,1632,1664,leakage,6,8,28,0.7358179700803165,1,0.05015301658649713,hold_active,offline_future_aligned_calibration_record,-0.031367983578627356,-0.09323789447851971,0.07874407460375502,0.04183648834078246,-0.25507582505855364,0.09738366869041369,0.5675514781917405,0.8972113463609944,0.04847074187960823,0.5837376943281175,0.5817927335270926,0.036972868169863095,0.19833744261006545,-0.09626579033879974,0.11414609416309407,0.21484375,0.40625,0.038767204079079375,0.32421875,0.3125,0.03290861071420361,0.37890625,0.46875,0.03881817657985189,0.0078125,0.125,0.005136632108743328,0.7514511073271,0.12165759780441808,0.07513956114105884,0.05175173372742312
seed20261341-asof1663,training,20261341,1663,1664,1696,normal,3,4,32,0.8334401458163505,0,0.05034320265428951,hold_active,offline_future_aligned_calibration_record,-0.0025652588909244045,0.3401231611233866,0.10212943890777117,0.07160011591722792,-0.2263016621504681,0.09085346961819651,0.6109768503042786,0.5094845852514971,0.06465788728980379,0.5973263595412723,0.4765982917316727,0.059274571250335584,0.05972966318129896,0.4210482107888711,0.12659628282900248,0.25,0.21875,0.05841233360069328,0.3203125,0.5,0.028661682236303426,0.38671875,0.375,0.048239256656601774,0.0234375,0.0,0.013401109685907525,0.15205697561282067,0.43509512929606375,0.3290398757657297,0.0838080193253858
seed20261341-asof1695,training,20261341,1695,1696,1728,normal,0,1,31,0.8675944849748295,0,0.050151213517734564,hold_active,offline_future_aligned_calibration_record,0.03549231074073034,0.10041505506985127,0.10758445864908336,0.03555340074150504,0.02513268759955678,0.0900967650895946,0.6058670442641916,0.44786311673926876,0.051855606197454045,0.6006117166330586,0.4147494457682296,0.03898511314007353,-0.019176865318766726,-0.10863575111320199,0.09154102885152698,0.25,0.15625,0.04252111713496897,0.3515625,0.34375,0.027731228229255136,0.3984375,0.3125,0.04493295178900255,0.0234375,0.03125,0.011779948297038073,0.15729719601529588,0.3638756862242523,0.2578827892703269,0.22094432849012494
seed20261341-asof1727,training,20261341,1727,1728,1760,normal,3,4,32,0.7935593445880151,0,0.05024569003709447,hold_active,offline_future_aligned_calibration_record,0.058407168987971714,0.22630942775080154,0.08328924656573458,0.005220035939511591,-0.0715067477790936,0.09626609439873006,0.5612358121306912,0.4922061160904161,0.04507038924400227,0.5450591898051343,0.4175019484479601,0.03364625560215769,-0.02697331075273351,0.053311038031561446,0.1333378566056301,0.203125,0.1875,0.04212297621810267,0.36328125,0.3125,0.03272438587962875,0.37109375,0.34375,0.04455288494522993,0.0234375,0.0,0.015680969751112394,0.580756129510639,0.08881205744741377,0.09242202856745649,0.23800978447449075
seed20261341-asof1759,training,20261341,1759,1760,1792,normal,2,2,32,0.7890350939767353,0,0.05020891476663853,hold_active,offline_future_aligned_calibration_record,0.1487607071379513,0.01307920669319862,0.07077190234223434,-0.012770683992244347,0.042448968807330845,0.08431886617899079,0.5407950376974311,0.5916009177328038,0.0398631111904577,0.529008626283734,0.6146440724597446,0.030541293608170424,-0.060659881051797405,0.012629990857838181,0.08350621943221305,0.20703125,0.34375,0.031437809028323646,0.3671875,0.34375,0.03940430311765429,0.37890625,0.25,0.03937278912431544,0.0234375,0.0,0.012978329996668213,0.6068204038421996,0.04529621254165392,0.03444793745107907,0.31343544616506736
seed20261341-asof1791,training,20261341,1791,1792,1824,calibration_shift,11,6,32,0.8389906607466915,1,0.050249066459728965,hold_active,offline_future_aligned_calibration_record,0.16878168145414296,-0.28590408004063794,0.06351008468635864,0.008205263916016836,0.1303142969166844,0.07046369433692523,0.5489983349493002,0.561163629488387,0.03595293089316111,0.5448836039614608,0.6528024002258448,0.028376411866141003,-0.20849846125598576,0.035616346381092866,0.12163572837625966,0.234375,0.3125,0.033610884590491545,0.375,0.65625,0.034509375801228495,0.37890625,0.21875,0.03913678568625582,0.01953125,0.0,0.014015093627324539,0.40310183364059116,0.08707781483099256,0.06179436404094922,0.44802598748746714
seed20261341-asof1823,training,20261341,1823,1824,1856,leakage,4,5,23,0.8857973339914281,1,0.050198987741762624,hold_active,offline_future_aligned_calibration_record,0.12810061034999043,-0.6759480906958224,0.07551668074746186,0.004833721382120348,0.17561269747164654,0.06892186007301233,0.5791555523707491,0.7220553531397876,0.04121683601333904,0.5533282374866777,0.5486582057727712,0.028209919705716353,-0.17314858284870646,-0.0740400109487627,0.14152109315902403,0.25390625,0.34375,0.03177623598616347,0.421875,0.375,0.038854961993442856,0.34375,0.1875,0.04231980985796042,0.01953125,0.28125,0.010938212745608342,0.22590494138116193,0.3263514609367467,0.3379388495106354,0.109804748171456
seed20261341-asof1855,training,20261341,1855,1856,1888,burst,2,4,31,0.8440749731802539,0,0.05029793149958967,hold_active,offline_future_aligned_calibration_record,0.04858484223505588,0.45869773273562475,0.07210843575569773,-0.03479752294473304,-0.17319523074333887,0.05292650889843019,0.6144569779935997,0.4050322561649347,0.05099976791485337,0.5563359537378308,0.6995791139429641,0.03375557640967359,-0.2880077522251791,-0.09007910881793275,0.1298155652504118,0.26953125,0.25,0.03878384457443132,0.39453125,0.375,0.049583649804126925,0.34765625,0.5,0.04981726147248975,0.0546875,0.03125,0.03135735373524892,0.004431163645933969,0.06872270951272301,0.9236103539854448,0.0032357728558983032
seed20261341-asof1887,training,20261341,1887,1888,1920,normal,5,3,32,0.8633881488673438,0,1.0501368762229129,stage_candidate,offline_future_aligned_calibration_record,0.14729747329883258,0.010500129483656195,0.07418398139866512,-0.04649320724285588,0.0879482632475923,0.05694209891678244,0.6338382194253659,0.8208791920939863,0.05805531589894069,0.5626770145511908,0.5917301116654008,0.03403593991605233,-0.32769118184432405,0.1544805554795962,0.1412382217954676,0.27734375,0.4375,0.04096152037809338,0.40234375,0.4375,0.04782035262124071,0.33203125,0.28125,0.04229552417605653,0.05859375,0.0,0.03310884541633124,0.043420083609355065,0.10983879821662319,0.7363893305798483,0.11035178759417338
seed20261341-asof1919,training,20261341,1919,1920,1952,leakage,4,3,23,0.7689063883104138,1,0.05047949909343402,hold_active,offline_future_aligned_calibration_record,0.14811507118299017,-0.4202520114093231,0.08084926409451047,-0.008711434691504039,0.24978686205180622,0.054694543535107866,0.6285805350470506,0.6207286738702887,0.05421602508799829,0.5599712908674581,0.7961649185720291,0.03031057601454296,-0.22809380426454365,-0.14396382941443583,0.16701382348715468,0.28125,0.34375,0.0328759350818375,0.41796875,0.34375,0.039999723584870056,0.30859375,0.3125,0.04075497061774581,0.04296875,0.28125,0.029763294369182004,0.02453165064729744,0.19544160786645265,0.6330247640603323,0.14700197742591772
seed20261341-asof1951,training,20261341,1951,1952,1984,normal,2,3,31,0.9300582175897159,0,1.050361796173261,stage_candidate,offline_future_aligned_calibration_record,0.048689882014888664,0.45818556735077953,0.09376933187235797,0.04117340845952766,-0.10655801600834858,0.04437883379944378,0.6611902956638143,0.7994400353620857,0.05740275801109797,0.5881700219063769,0.45576126284412344,0.03425105916109357,-0.11454360908738609,0.02294693045068188,0.07417180638384348,0.296875,0.28125,0.03179165517424329,0.3984375,0.375,0.040962767619827666,0.30078125,0.5,0.04186704681647366,0.078125,0.03125,0.039941542688816924,0.0006102832381318468,0.027913000523298457,0.9695650137901903,0.0019117024483794457
seed20261341-asof1983,training,20261341,1983,1984,2016,burst,6,4,32,0.9300582175897159,0,1.0502659467368507,stage_candidate,offline_future_aligned_calibration_record,0.060400795137288465,0.41459760749075425,0.1204859172331849,0.015901567468715294,0.19546099047428322,0.05919137907278665,0.7202171358914179,0.8364757362538752,0.06839942819019693,0.5974218071142016,0.7557396640209825,0.03804304444493815,-0.0713430498979323,0.31226872310815545,0.0860549651135742,0.3125,0.40625,0.03073562665007058,0.40234375,0.375,0.04484696127739541,0.32421875,0.40625,0.050370864870931016,0.078125,0.0,0.04059004624845232,0.00941214902184541,0.07010371421711252,0.8822695769411013,0.03821455981994083
seed20261341-asof2015,training,20261341,2015,2016,2048,burst,9,7,29,0.9300582175897159,1,1.0503288540098015,stage_candidate,offline_future_aligned_calibration_record,0.02667241231093609,-0.7672885698844168,0.1612225733080192,0.051842949842088926,-0.29211885856656583,0.068082409170289,0.7745178345497451,0.6578890125128518,0.07129129697295318,0.6409255296360901,0.8039991348825783,0.029221442665039912,0.008423755896101287,-0.013554854124378665,0.08554512855754183,0.33984375,0.53125,0.024191304568484586,0.41015625,0.28125,0.039441933154323615,0.33203125,0.5625,0.04821979686315371,0.078125,0.09375,0.03491727147411483,0.008313186333845606,0.22591596872895142,0.735296674172902,0.030474170764300895
seed20261342-asof255,training,20261342,255,256,288,calibration_shift,1,2,32,0.9300582175897159,0,0.05,hold_active,offline_future_aligned_calibration_record,0.16968152929402347,0.16714147392364498,0.08483498754562728,-0.17056380779476865,0.24124192845136916,0.08113941860863731,0.4847175656858108,0.4735136225455957,0.07046890856060072,0.45528119208661044,0.6522099064005802,0.031373257270679064,-0.18625966146655346,-0.1891881638481033,0.17068804861820214,0.15234375,0.15625,0.03533786373449964,0.2421875,0.3125,0.04070144931124035,0.3125,0.40625,0.03959501089448095,0.078125,0.0,0.04794526757059217,0.9957052763762724,0.00031326153685476643,7.982887464515507e-05,0.0039016332122276793
seed20261342-asof287,training,20261342,287,288,320,leakage,2,2,17,0.8440749731802539,1,0.05030782357699583,hold_active,offline_future_aligned_calibration_record,0.20757143571438696,-0.7669287920741318,0.06091205809922829,-0.17122004817061787,0.44135310259492666,0.09511575168167283,0.4567282148096365,0.6204045511728545,0.05714655046740305,0.48174671707836214,0.4751326212065117,0.050795858001618927,-0.13244064806800362,0.029400293984469195,0.10434015953746367,0.14453125,0.4375,0.04316681190967056,0.25390625,0.125,0.04113944603640515,0.31640625,0.25,0.03480638265138652,0.0546875,0.46875,0.03456870762840037,0.9655985809969013,0.010090596998027135,0.00935606674830792,0.014954755256763493
seed20261342-asof319,training,20261342,319,320,352,normal,3,3,32,0.9797909971482844,0,0.050265035963293535,hold_active,offline_future_aligned_calibration_record,0.19801532044939885,-0.10902373469350901,0.060366079327388016,-0.05556201896583146,-0.15358726331649586,0.10777144453074149,0.4827970977375214,0.4929429273690127,0.06853573281809602,0.5047214450770235,0.48593245720448086,0.04711796076676904,-0.1400809784478308,0.4649719277993992,0.10187380539741134,0.171875,0.125,0.04414032149501902,0.23828125,0.375,0.04790922150515126,0.28125,0.46875,0.034435767864754406,0.11328125,0.0,0.05316435338483043,0.0009820728149617234,0.0022845999029575056,0.9967172280666334,1.6099215447246818e-05
seed20261342-asof351,training,20261342,351,352,384,normal,2,3,32,0.9797909971482844,0,0.05028406265614722,hold_active,offline_future_aligned_calibration_record,0.13921485785697385,-0.5601266648374735,0.0544032377019437,-0.008192771373766616,-0.3915673427588209,0.08278911585819317,0.48422524682721,0.6802976315768914,0.07065175211347632,0.5097321562667709,0.27152116703194595,0.048868193184587995,-0.011649357311251982,0.5923014114615637,0.11591701408422071,0.16796875,0.25,0.04281752536429285,0.2421875,0.53125,0.046366481461654105,0.3046875,0.21875,0.03891802515906966,0.11328125,0.0,0.05332356590567229,0.053787524534979994,0.027927356418138368,0.876786880108083,0.04149823893879863
seed20261342-asof383,training,20261342,383,384,416,normal,2,2,30,0.8633881488673438,1,0.05014005148670563,hold_active,offline_future_aligned_calibration_record,0.11628294507777492,0.2264008102499906,0.06123800776187918,-0.04088967185569947,-0.10966968500832519,0.08281014530540348,0.48178352394565044,0.30747428663312837,0.05773036756644568,0.49458510783169196,0.5656933850810956,0.04329491457755395,0.019640193601290615,-0.09047898538471924,0.1071607841620722,0.1484375,0.09375,0.03451661283903677,0.26171875,0.375,0.04000521065817932,0.30859375,0.34375,0.0367716605467655,0.05859375,0.0625,0.04829911691747883,0.11088905515016746,0.10798586197137591,0.5586268723867859,0.22249821049167082
seed20261342-asof415,training,20261342,415,416,448,normal,0,0,32,0.8953072466968959,0,0.050089299738850714,hold_active,offline_future_aligned_calibration_record,0.10427023476518116,-0.06126909623768961,0.08388821005993834,-0.02125919490805095,0.1047144801841231,0.08623802471269071,0.48270815812681944,0.3960838839898192,0.06808710457533264,0.5042996098468315,0.5397299295944097,0.04134553158081373,-0.0020676600216847736,0.95,0.14889368242284864,0.1484375,0.125,0.03739620760593625,0.27734375,0.375,0.04990894412733917,0.3046875,0.46875,0.044749009614204124,0.06640625,0.0,0.047683762672038,0.3637794292044274,0.040681934174556275,0.21686182096449633,0.37867681565652
seed20261342-asof447,training,20261342,447,448,480,normal,1,1,30,0.8953072466968959,0,0.05023424535407611,hold_active,offline_future_aligned_calibration_record,0.06557464190171913,0.0006766659319534796,0.0697281190699594,0.016908369959194314,-0.11464133059474024,0.08193246367495173,0.5046777407376436,0.5879207928610326,0.06306649594568513,0.5362652916065437,0.3644921996379945,0.03955199611084286,0.019579440357103312,-0.3393915046362682,0.1584525879952619,0.16015625,0.15625,0.037937544380182577,0.3046875,0.5,0.06179410945139208,0.3359375,0.21875,0.04949534063411884,0.06640625,0.0625,0.043664146489280936,0.7044968128971023,0.028416672435990664,0.09979389088516936,0.16729262378173773
seed20261342-asof479,training,20261342,479,480,512,leakage,2,4,27,0.9199473523759002,1,0.050253874230434946,hold_active,offline_future_aligned_calibration_record,0.022703858402063126,0.27843344680479887,0.09365695959842187,-0.05488408135430434,-0.6231297683224596,0.08210271529799056,0.5434330624227175,0.5828627918836982,0.05479136461241349,0.5219371961952002,0.512107167888059,0.0425981944635662,-0.004573337921792446,0.5145954542578312,0.19027588575686943,0.17578125,0.34375,0.03573280944006379,0.34765625,0.5625,0.06642220498689563,0.33203125,0.1875,0.05145391983276576,0.07421875,0.15625,0.04570554779383633,0.7330852195151052,0.031829946573946395,0.06741390889546199,0.1676709250154865
seed20261342-asof511,training,20261342,511,512,544,calibration_shift,5,4,32,0.9594795103601782,0,0.05028641411257032,hold_active,offline_future_aligned_calibration_record,0.013798476551987404,0.1114334084411297,0.10591232516560962,-0.12462192070703093,0.19243144476864837,0.09896035297649267,0.5910775797006493,0.4326291085968282,0.06652955941356233,0.5750937393400276,0.6181069842108352,0.050228557839151394,0.016545237696088254,-0.04937612193145043,0.19123705719660997,0.2109375,0.1875,0.041363979080067864,0.39453125,0.03125,0.0508551240741113,0.3203125,0.375,0.04559280065528428,0.09375,0.0,0.05105461349367973,0.22836207897706295,0.08888896499268188,0.4262587157536502,0.256490240276605
seed20261342-asof543,training,20261342,543,544,576,normal,1,1,32,0.9594795103601782,0,0.050075227391057034,hold_active,offline_future_aligned_calibration_record,0.006427918743081573,0.2745888201010116,0.07191715437088392,-0.1237524608350784,-0.20832812082902397,0.10159751915893037,0.5829711803729856,0.39179181549640574,0.06437520541284525,0.5701192984216236,0.35957419811972124,0.05179930496761679,0.055910650324459125,-0.504193692439627,0.18106914517777806,0.21484375,0.09375,0.033291397509233385,0.359375,0.25,0.0637747629169443,0.31640625,0.40625,0.05430472529466582,0.09375,0.0,0.04401690321624694,0.5689307421717686,0.06572868638453494,0.1263051222837107,0.23903544915998565
seed20261342-asof575,training,20261342,575,576,608,normal,3,2,32,0.764738764552555,0,0.050465215869957405,hold_active,offline_future_aligned_calibration_record,0.08457718770688749,0.26213544262303845,0.06946624771867423,-0.19525626620898695,-0.08160360194828664,0.0571048235452215,0.5213551895171776,0.4612889877854343,0.04390204394802939,0.5117811708433601,0.6775091408565002,0.034530088730135175,-0.003068823922526433,-0.2928339291780649,0.21133762145634016,0.171875,0.21875,0.03223783397763228,0.375,0.40625,0.05976616702569601,0.3359375,0.375,0.04990773088816369,0.03515625,0.0,0.015912513938710016,0.7435416824018015,0.00878685364400589,0.004316236009476128,0.2433552279447164
seed20261342-asof607,training,20261342,607,608,640,normal,1,1,32,0.7952621259176271,0,0.05032197399308103,hold_active,offline_future_aligned_calibration_record,0.13487148753652578,0.07733631504104643,0.06315872728233886,-0.1932047433854649,-0.37260717268443444,0.06945629691291429,0.5144026981811592,0.46240911441666066,0.04697570731931457,0.5339411741165908,0.43376294530568243,0.04048245757477603,-0.16250066155273185,-0.45770452496406844,0.16259600796112272,0.18359375,0.0625,0.03037097412796071,0.37890625,0.0625,0.06268851294223819,0.32421875,0.5,0.050263500707254896,0.03515625,0.0,0.01813247885493971,0.6391816556717982,0.01857925026171466,0.015611587998283265,0.32662750606820384
seed20261342-asof639,training,20261342,639,640,672,normal,0,1,32,0.7937797188164295,0,0.050383788743295736,hold_active,offline_future_aligned_calibration_record,0.1503900165085652,0.36224314561629467,0.047767978277124076,-0.17531595359481855,0.12043945560399938,0.06516446424434372,0.4669884517939105,0.35070384487302597,0.035737524408259655,0.5520239795649426,0.500780996888442,0.04594710004704387,-0.26782792637669645,-0.22643842711067386,0.13001425243431064,0.16015625,0.125,0.03155507927468424,0.3203125,0.21875,0.062347195039151426,0.359375,0.4375,0.04292768798060936,0.03515625,0.0,0.018018268094972364,0.7038985597732541,0.010365720645840446,0.005548597652365609,0.28018712192853984
seed20261342-asof671,training,20261342,671,672,704,leakage,1,2,25,0.7500538532130743,1,0.05012669086787184,hold_active,offline_future_aligned_calibration_record,0.17123863173224296,-0.25278951597567234,0.05629582668952295,-0.1430092099501683,0.07641396784843568,0.07194880677781783,0.4787396834660751,0.5639980088528818,0.027813251249385107,0.5534814724020208,0.5850466841408081,0.035929544223386164,-0.24979714539079056,-0.4445432529817011,0.15228628788720464,0.1640625,0.28125,0.027562587025982174,0.30078125,0.15625,0.05777549393882848,0.37109375,0.3125,0.03695685611016554,0.02734375,0.21875,0.016263015620829165,0.8099520706006705,0.004524637089793067,0.002062386300490438,0.18346090600904583
seed20261342-asof703,training,20261342,703,704,736,normal,2,1,31,0.8440749731802539,0,0.0501485704256095,hold_active,offline_future_aligned_calibration_record,0.17286811014566195,-0.03878572128444491,0.07529769794314393,-0.15022437410874767,-0.0185117213068966,0.08129089346170836,0.5074106369553616,0.5079472345789022,0.046491920565288676,0.5567203503997291,0.5462465451403733,0.04395582955914295,-0.22980982339355474,0.07832028834545039,0.10881665664544277,0.18359375,0.28125,0.03182764386444186,0.2734375,0.28125,0.0510968472603173,0.3515625,0.375,0.03367253018927045,0.0546875,0.03125,0.027038041694943962,0.6520681574131246,0.0469140217368024,0.1932051447670018,0.10781267608307116
seed20261342-asof735,training,20261342,735,736,768,leakage,0,2,21,0.8221282610147902,1,0.05015576847869921,hold_active,offline_future_aligned_calibration_record,0.16369163113648577,0.6041090287258453,0.05132462325007032,-0.14026880918939,-0.6393877144609698,0.09262468114271838,0.5005881865930689,0.5926475939339627,0.032562303440425704,0.5843390500359636,0.8483205093630627,0.039980765401451915,-0.17778575182724432,-0.006919240064055205,0.11846730848050348,0.19921875,0.46875,0.030037692072191487,0.24609375,0.125,0.039549298102580135,0.37109375,0.40625,0.035846797403336204,0.05078125,0.34375,0.02393147481454012,0.7294805667528077,0.0513423864303516,0.14173965012795572,0.07743739668888497
seed20261342-asof767,training,20261342,767,768,800,calibration_shift,7,5,28,0.9199473523759002,1,0.0501623445279798,hold_active,offline_future_aligned_calibration_record,0.1865720389701937,-0.3091873351321399,0.07889030854066847,-0.09295685913649954,0.3666491338890667,0.08295414680722708,0.5159955302684385,0.5903885661993646,0.06241942320621771,0.5947439677149048,0.6946561242913311,0.045733154386233356,-0.23290413470362484,-0.16463647303681608,0.08031453210785995,0.21484375,0.34375,0.042727809102830513,0.19140625,0.25,0.03759443512665368,0.3984375,0.4375,0.03565031710964562,0.07421875,0.125,0.04174465872828381,0.0020717549951855267,0.01599690518794759,0.9810928530074902,0.0008384868093767757
seed20261342-asof799,training,20261342,799,800,832,normal,4,6,32,0.9535141934822631,0,0.05023072614128861,hold_active,offline_future_aligned_calibration_record,0.1585974894683142,-0.4664805567877339,0.10948823745631414,-0.09245714955534523,0.3283798156360693,0.09244233879221556,0.5553843725443716,0.5802465535977231,0.052266927600333635,0.6089797099249382,0.5146279107642732,0.04775296826010701,-0.19722206786718355,0.004148139753359481,0.09148277559896385,0.234375,0.28125,0.04530469370948474,0.21875,0.34375,0.03117919651357126,0.40625,0.375,0.029793604363157377,0.08984375,0.0,0.038033436417677764,0.004529272908014826,0.027718023873981354,0.9642866274149832,0.0034660758030205943
seed20261342-asof831,training,20261342,831,832,864,burst,9,7,32,0.9535141934822631,0,0.05030128767909214,hold_active,offline_future_aligned_calibration_record,0.07435302214015649,0.21637449517482055,0.1131939564449107,0.014537984574854557,0.2459589469497463,0.11656156601131465,0.6083655279309694,0.7026959197887302,0.0494764767538378,0.6469079396836535,0.8404051948150906,0.045312258627620706,-0.24153947805928155,0.03987199335184344,0.11872772347714633,0.2578125,0.34375,0.03577044023274045,0.23046875,0.375,0.03659421550003811,0.40234375,0.3125,0.03435346581186624,0.08984375,0.0,0.04614004581673052,0.016668868852147023,0.07036387688640301,0.9002114715639936,0.012755782697456386
seed20261342-asof863,training,20261342,863,864,896,leakage,3,3,23,0.9535141934822631,1,1.0502343291067247,stage_candidate,offline_future_aligned_calibration_record,0.04620243385068057,-0.1722134926302521,0.15486920525862477,0.03754462743858311,0.6190409299206716,0.1327728964783443,0.63559392790781,0.6756204673974262,0.06265587596450388,0.6627200547773292,0.6518639400389192,0.05026643475359546,-0.15041759702947038,0.04666921116955393,0.11769101047218028,0.2734375,0.34375,0.04418865023482982,0.2265625,0.4375,0.03554203486897368,0.39453125,0.1875,0.031176222647384018,0.08984375,0.28125,0.041756986183093925,0.023560394384483277,0.18382915111479844,0.7207088355285292,0.07190161897218912
seed20261342-asof895,training,20261342,895,896,928,burst,5,5,31,0.9867851236374718,0,1.0512319427946122,stage_candidate,offline_future_aligned_calibration_record,0.012627635605714449,-0.37975771853140017,0.15428355541819683,0.19574705005778936,0.2641578808657614,0.11406980571961745,0.6703531455612511,0.5576037783868466,0.057772895046945945,0.6758868953904607,0.4396604501358306,0.05091629412747965,-0.22527219844975616,-0.18468330535455416,0.1283003741517216,0.30859375,0.28125,0.04051132600547927,0.2734375,0.46875,0.03722748409007232,0.35546875,0.40625,0.031465303388102064,0.125,0.03125,0.047031967301650296,0.0003984652946860021,0.012764184947495785,0.9861270709870754,0.0007102787707428142
seed20261342-asof927,training,20261342,927,928,960,normal,3,3,32,0.9885443184513776,0,1.051323533170612,stage_candidate,offline_future_aligned_calibration_record,-0.16746587036862293,-0.17910608637285708,0.1304285673466964,0.23131562068366396,0.43879883149658316,0.0927879755074394,0.6745620956923327,0.46858214716900565,0.058254580660881065,0.6639603402474933,0.659538378515895,0.06816742624548768,-0.38774386015251333,-0.018406104057006566,0.08888546249268553,0.328125,0.3125,0.038310437680371866,0.3046875,0.21875,0.044786880930312856,0.3515625,0.5625,0.045404530541502106,0.12890625,0.0,0.04993475638483973,0.017368381501121598,0.045128733304246015,0.9312003812011287,0.006302503993503827
seed20261342-asof959,training,20261342,959,960,992,leakage,10,8,26,0.9692666568807056,1,1.0507488618886383,stage_candidate,offline_future_aligned_calibration_record,-0.15515510293844725,0.8305194319629139,0.15187234153408694,0.28449747631833966,-0.49680361992787936,0.0827332413177753,0.6573892164288714,0.7765521634136541,0.06457509240523437,0.6733478283328099,0.6530168496504807,0.07265020516558736,-0.15186972453626804,-0.13382393746596238,0.13180518375311498,0.33203125,0.40625,0.04178018093669575,0.3125,0.34375,0.04760305953698505,0.3828125,0.40625,0.05262140533846467,0.1015625,0.1875,0.04402769195225847,0.07108492681998774,0.09791396376346949,0.8238112425123466,0.007189866904196112
seed20261342-asof991,training,20261342,991,992,1024,normal,7,5,32,0.9847654534468032,0,1.0504737662610013,stage_candidate,offline_future_aligned_calibration_record,-0.1642053120400171,-0.48380101239746076,0.1629535526069482,0.2915277742973137,-0.43519337176203143,0.08817351261967253,0.7278125976618373,0.8749935725575045,0.1021065594697506,0.7238482825613927,0.8120255653116084,0.05971167018760258,-0.08758600583290924,0.041512091120523766,0.09314931535424456,0.34765625,0.4375,0.03197403426512674,0.3203125,0.4375,0.03940511945623461,0.38671875,0.5,0.05400952331558087,0.12109375,0.0,0.049646805844373976,0.0019879510151254625,0.0776578282260052,0.9169044500270261,0.003449770731843118
seed20261342-asof1023,training,20261342,1023,1024,1056,calibration_shift,0,0,32,0.9300582175897159,0,1.0506293148111092,stage_candidate,offline_future_aligned_calibration_record,-0.25135852455927865,0.05585443887002706,0.09964657573617602,0.279771368704532,0.12740020698367394,0.1324367037031514,0.6976140845813501,0.3425249297080053,0.07573673362592526,0.7179946608342425,0.4842754019808249,0.08883196340762828,0.0650573071930249,0.2737322239331161,0.09819036061282582,0.34375,0.0625,0.0326762420144354,0.359375,0.25,0.04114018195064941,0.3984375,0.40625,0.05692477637945476,0.078125,0.0,0.038511231334343754,0.0030852177099538487,0.35089179774619755,0.635693764471669,0.010329220072179677
seed20261342-asof1055,training,20261342,1055,1056,1088,burst,1,0,30,0.8803748112282404,0,0.05055147102857979,hold_active,offline_future_aligned_calibration_record,-0.14284081547702443,0.14597807049279354,0.12550426354659353,0.23034724628345682,0.010908099442126007,0.11820256801074468,0.667623564395314,0.47812123485874763,0.0685467567096287,0.6855298438954123,0.4415561589538129,0.07411031630564226,0.0923940391777408,0.31477447043655615,0.10701586952154794,0.30859375,0.125,0.040253376159211984,0.359375,0.34375,0.04666522685574081,0.39453125,0.375,0.059290127497849524,0.0625,0.0625,0.040036037801934335,0.36915389048367403,0.2835289396085796,0.278936325374556,0.06838084453319046
seed20261342-asof1087,training,20261342,1087,1088,1120,normal,1,0,32,0.9084268146158385,0,1.0502122977224067,stage_candidate,offline_future_aligned_calibration_record,-0.036181287936276174,0.2523383343674841,0.10544838030576593,0.14838901165571272,-0.2321140802064483,0.1303009989716837,0.6437854323750448,0.4312345626512226,0.06917391114741968,0.6755031548022751,0.29493169438008787,0.06738389898122403,0.14062761730096696,0.03544946513726151,0.1244921384581645,0.2890625,0.1875,0.04214273687247501,0.359375,0.40625,0.040220645626086425,0.39453125,0.125,0.05181627379318161,0.0703125,0.0,0.041272432760587084,0.6592022842036733,0.1119694023285269,0.1265364803173484,0.10229183315045133
seed20261342-asof1119,training,20261342,1119,1120,1152,normal,0,0,32,0.9084268146158385,0,0.050545788086500155,hold_active,offline_future_aligned_calibration_record,0.003789841790450721,0.17058564331432913,0.09950261481467487,0.03634409246052228,-0.1367525658338511,0.09230357844374686,0.6153223776047131,0.26649200050190697,0.05540208111075241,0.6261955604774623,0.23021713219043016,0.05042214527371558,-0.00345206847044799,-0.14096381332073804,0.12352589436485742,0.26953125,0.0,0.039472481144392016,0.36328125,0.28125,0.0463723577132557,0.37109375,0.21875,0.05392035630361439,0.0703125,0.0,0.03453743826919347,0.8205835363477156,0.014363029615186707,0.007110465181562624,0.1579429688555351
seed20261342-asof1151,training,20261342,1151,1152,1184,normal,0,0,32,0.7003967238645127,0,0.05035955502595738,hold_active,offline_future_aligned_calibration_record,0.06107192411795137,0.15380417926816814,0.07855719699994233,-0.04276270918294789,0.05546827582369929,0.08215467127145547,0.5605320349766914,0.30931092399668847,0.055909314825956784,0.5461118211689965,0.38206972799552813,0.046322343540029,0.0022289215650478983,0.053995678464934804,0.09793205935829837,0.2265625,0.0625,0.0410871624344476,0.34375,0.09375,0.03859761030704646,0.375,0.53125,0.05203680957832898,0.03515625,0.0,0.021427845311855643,0.9712121510517516,0.0007370251591910131,6.606503754631785e-05,0.027984758751510925
seed20261342-asof1183,training,20261342,1183,1184,1216,normal,0,0,32,0.693733184814936,0,0.050285215278530845,hold_active,offline_future_aligned_calibration_record,0.11793409945796784,0.3012670742820107,0.0545376577139016,-0.06945868036076241,-0.508665519567618,0.053047934017077886,0.5068885120054306,0.34638668386564686,0.06331796094386581,0.5251397217370688,0.35520086767023434,0.05103923758660348,0.025521529567757117,-0.06074619374267087,0.0943981130801841,0.19921875,0.03125,0.043649453256787804,0.296875,0.4375,0.03717453413949629,0.390625,0.34375,0.05074095378980242,0.03125,0.0,0.02456141975332642,0.9924595530047647,0.0009633785677538459,0.0005758319127529586,0.006001236514728368
seed20261342-asof1215,training,20261342,1215,1216,1248,normal,1,1,32,0.7012140150823785,0,0.050332844960740024,hold_active,offline_future_aligned_calibration_record,0.1846757127691694,0.4471627766420241,0.04844572824325643,-0.16144757600213522,-0.30606585926236896,0.06644300017771719,0.4808887186305062,0.30505498299036793,0.054709205063629994,0.4961633004226654,0.3417284762395564,0.042700962614462705,-0.003229633259320679,0.10253908642077225,0.10112116232659613,0.1640625,0.1875,0.04435619171420032,0.32421875,0.34375,0.03562329068567399,0.36328125,0.40625,0.04064860234704089,0.03125,0.0,0.023570094380457117,0.9215567727579652,0.0022432342449688176,0.0009333025425576956,0.07526669045450819
seed20261342-asof1247,training,20261342,1247,1248,1280,burst,0,0,31,0.7808078434285132,0,0.050398458892303544,hold_active,offline_future_aligned_calibration_record,0.211987424118268,-0.1553801621663664,0.05203964595985598,-0.16629065156191603,-0.25630089086836705,0.0698607383100506,0.42984226040386064,0.40627421766606026,0.03942403000090661,0.4558141209504398,0.3597003165909587,0.03802304801226061,-0.03700700302431361,0.30466983086845006,0.12746236683729198,0.13671875,0.0625,0.03226523306272939,0.32421875,0.28125,0.04053056521368914,0.36328125,0.3125,0.03818968265679804,0.0078125,0.03125,0.006613934731481778,0.7287427543155925,0.002944100633398411,0.0010990172529863006,0.2672141277980228
seed20261342-asof1279,training,20261342,1279,1280,1312,calibration_shift,0,0,32,0.7614636401315256,0,0.05032135839896882,hold_active,offline_future_aligned_calibration_record,0.18039595503021455,-0.1422969770481226,0.049861472279641925,-0.17224196758996535,-0.15595980884406435,0.04761919784952009,0.39762563793929334,0.45086211697975925,0.033494318632675754,0.41012796943281127,0.34053242033773506,0.028818700780076627,-0.03370007646588915,0.7964590042852088,0.1400543102166653,0.08984375,0.03125,0.022245842248724647,0.3046875,0.3125,0.03518718455133258,0.33984375,0.1875,0.04110921618080588,0.01171875,0.0,0.007116664820024527,0.8980192371519039,0.003193342164538485,0.000805879580194631,0.09798154110336299
seed20261342-asof1311,training,20261342,1311,1312,1344,normal,1,0,31,0.728922866345657,0,0.05038788133276783,hold_active,offline_future_aligned_calibration_record,0.16561343936517114,-0.4780114350226419,0.055018150429168126,-0.19573192853483823,0.04736218121792124,0.04953675628851067,0.42154497621653003,0.3558351520705177,0.031345621110142455,0.3810888567431033,0.5396468400382419,0.028100249757126012,0.03365959783549385,0.440978203653132,0.1623156478788104,0.0859375,0.1875,0.023760711497987794,0.3125,0.40625,0.04361176569451941,0.3125,0.34375,0.04355780148932871,0.01171875,0.03125,0.007485715392175167,0.9638298085487752,0.002769667985135877,0.0004470833516296617,0.03295344011445922
seed20261342-asof1343,training,20261342,1343,1344,1376,normal,0,0,32,0.7196950648329057,0,0.050406458028251076,hold_active,offline_future_aligned_calibration_record,0.10257895792562688,-0.3731778908401031,0.07979892732378663,-0.19889721695647866,0.10437329388789474,0.04535564012854978,0.4601622478950251,0.49942714460826826,0.04237054130641649,0.39279715539283583,0.40988346559741257,0.02400973188157888,-0.0488151014770053,0.08892887554552836,0.13405437639599083,0.09375,0.125,0.021324454270642175,0.3203125,0.40625,0.04577707247720558,0.30859375,0.15625,0.04836238539178297,0.0078125,0.0,0.005248505210148573,0.9697035594969748,0.0158060311919361,0.0073313012358388295,0.007159108075250173
seed20261342-asof1375,training,20261342,1375,1376,1408,normal,5,3,32,0.6950838100870138,0,0.0503241560290705,hold_active,offline_future_aligned_calibration_record,0.03652036058681207,0.7331187533056849,0.08439945247541504,-0.15826470700970785,0.37535548316601286,0.05677985354860017,0.48546480260377683,0.4380787926068618,0.037955851957059104,0.4180367650465542,0.3848247837898164,0.028385924290627237,-0.06856938978212722,-0.0695374551869258,0.14974090616216393,0.0859375,0.40625,0.018995313125292946,0.3203125,0.34375,0.03199651461496847,0.3125,0.46875,0.03797184425148438,0.0078125,0.0,0.00507734989124176,0.9757318077215559,0.014804958385751528,0.004496980386344542,0.004966253506348086
seed20261342-asof1407,training,20261342,1407,1408,1440,normal,2,1,32,0.6580295969724591,0,0.05073756024267385,hold_active,offline_future_aligned_calibration_record,0.07342143385702893,-0.444638194834691,0.11691769944712262,-0.10112076900471356,0.13302946570273488,0.07631451526618306,0.5609054802430349,0.4852229383537529,0.06489141333219348,0.47307119462303565,0.39753322277404907,0.03113662586490951,0.14493140850502248,-0.0408059602213823,0.21609748960857597,0.13671875,0.1875,0.03504930271819607,0.328125,0.40625,0.045156095995503936,0.34375,0.125,0.04028457705313917,0.0078125,0.0,0.004628155993507093,0.8754442317505045,0.06505057473057842,0.008435524158743284,0.05106966936017378
seed20261342-asof1439,training,20261342,1439,1440,1472,leakage,3,4,26,0.6434488567944359,1,0.05040647211613504,hold_active,offline_future_aligned_calibration_record,-0.026327789969708748,0.35845978218383734,0.16850175947533644,-0.09133444315679906,0.0673239291399983,0.08875933108809353,0.6130291716388333,0.5267404240742779,0.06589144937128234,0.4795553454320951,0.8450922275956783,0.035221012445649305,0.012751210076116222,-0.2630436465287031,0.20702436855638792,0.15234375,0.40625,0.03046086930987087,0.3671875,0.625,0.03468112026631474,0.29296875,0.125,0.040300356252836206,0.0078125,0.1875,0.004796404973764781,0.931398904700249,0.04724321030112274,0.007652436450905405,0.013705448547722718
seed20261342-asof1471,training,20261342,1471,1472,1504,normal,1,1,32,0.7741795637594789,0,0.05031810652409826,hold_active,offline_future_aligned_calibration_record,-0.05464074662132257,-0.28817501904790943,0.13547227058278166,-0.023766913034228843,0.08246301827059344,0.09178757061406602,0.6373053202229712,0.5331954623969923,0.05609395902947727,0.49560049113510096,0.265790389347714,0.030460656540151138,0.16265964680333944,-0.10252714869301482,0.19367521026455728,0.19921875,0.09375,0.03321839452520664,0.390625,0.59375,0.034229254733510434,0.265625,0.125,0.04261784021321922,0.03125,0.0,0.014763083725829173,0.22630777523257828,0.12241232848553496,0.6150003369954615,0.03627955928642524
seed20261342-asof1503,training,20261342,1503,1504,1536,normal,1,1,32,0.822578562321424,0,0.05039512526215851,hold_active,offline_future_aligned_calibration_record,-0.20623210105045597,-0.5130053014608827,0.12319780630554605,0.042491644822915786,-0.3549533489375589,0.06615906807369729,0.6058973876845299,0.3995672751208328,0.05269473015581383,0.4697803953836072,0.37220505807560494,0.031963698960860695,0.20080090499701508,0.020698532965384736,0.12067783758479024,0.1875,0.125,0.03411585237949949,0.421875,0.3125,0.03502591849406891,0.23046875,0.59375,0.03835659095552257,0.03125,0.0,0.017597813151684134,0.5407129529251841,0.12613625636203393,0.31093610618580236,0.02221468452697971
seed20261342-asof1535,training,20261342,1535,1536,1568,calibration_shift,2,3,32,0.7939789301210334,0,0.050161296892382246,hold_active,offline_future_aligned_calibration_record,-0.2886875659696193,-0.2499083629061427,0.11402480374228068,0.033224658239104476,0.11909859549063939,0.07088466314860456,0.616831144387116,0.7038564618759015,0.0682491315163223,0.4812775748707021,0.48253390973629967,0.03820533733731653,0.16964147065027113,0.34486558347190743,0.11030235952311447,0.1953125,0.25,0.03316703138221658,0.42578125,0.6875,0.04316120068351777,0.265625,0.1875,0.041286367849835075,0.02734375,0.0,0.01859095700645008,0.6062229182645457,0.11751417382484483,0.2268866831930684,0.049376224717541176
seed20261342-asof1567,training,20261342,1567,1568,1600,normal,5,1,32,0.840976836127434,1,0.05018693011438133,hold_active,offline_future_aligned_calibration_record,-0.32015280455510475,0.17992778048351066,0.17068248910033548,0.0781208956672379,0.3054563919011066,0.07535664806968749,0.647345898682739,0.4630299739667205,0.07506144449315982,0.4919687885907658,0.569752752763032,0.03912603312310285,0.12807382263441,-0.16066246859630595,0.10949364792961751,0.22265625,0.25,0.03570293064348737,0.47265625,0.46875,0.03801910535813637,0.265625,0.28125,0.04207803112766023,0.02734375,0.0,0.0186559832875567,0.229158222060351,0.3151843870874685,0.4377411822728698,0.017916208579310797
seed20261342-asof1599,training,20261342,1599,1600,1632,leakage,4,2,26,0.8787189418958337,1,0.050258857750500985,hold_active,offline_future_aligned_calibration_record,-0.15428371836735733,0.1776605391531676,0.16919985329520393,0.1027677127819906,0.1183810657003257,0.07094150597017186,0.683898176453584,0.7053424723201289,0.05565021412031496,0.49967645699771673,0.6822191023781395,0.03561961461333092,0.21878486815831424,-0.2071205841008273,0.13170156531643987,0.23046875,0.34375,0.029423451350216692,0.48046875,0.15625,0.045618358973959626,0.2578125,0.59375,0.036823339926825016,0.0234375,0.1875,0.01669657612032673,0.3482543009126612,0.23468319227171408,0.3471618106116712,0.06990069620395356
seed20261342-asof1631,training,20261342,1631,1632,1664,leakage,7,5,28,0.7972019923185598,1,0.05023458412238949,hold_active,offline_future_aligned_calibration_record,-0.05769651758537342,0.09213664015621825,0.18024452308886008,0.1035785768129982,0.649712255993341,0.07491409716651802,0.7102747415251024,0.6719012359208377,0.05444299204089103,0.5315609077824772,0.5439096710575548,0.04113238612755089,0.32616644929535776,-0.2668833541308156,0.14277008939448124,0.2578125,0.3125,0.03403338826905729,0.44921875,0.3125,0.05216566571950145,0.3125,0.40625,0.049542150350013324,0.046875,0.125,0.02616692346846615,0.015340666549104189,0.13259402179162255,0.8474748760163279,0.004590435642945357
seed20261342-asof1663,training,20261342,1663,1664,1696,leakage,4,3,24,0.8803748112282404,1,1.050380061525572,stage_candidate,offline_future_aligned_calibration_record,-0.13570011913673397,0.15026754495231076,0.16309847120899001,0.10237458848366443,-0.19091263578817652,0.07786467474247287,0.6496708344803556,0.5434005702219972,0.047853306714068865,0.569855231428156,0.5038583467088182,0.03799825510118232,0.19931564965642304,0.011865511443463454,0.16423245145976914,0.24609375,0.28125,0.02613559314662624,0.4453125,0.25,0.055565666610746016,0.3046875,0.375,0.055709323312727925,0.0625,0.25,0.023927125686028186,0.014175714357772276,0.0907228231084102,0.8891725707897009,0.00592889174411656
seed20261342-asof1695,training,20261342,1695,1696,1728,normal,3,5,32,0.9594795103601782,0,0.05069661635922146,hold_active,offline_future_aligned_calibration_record,-0.02486745014772307,-0.09899926028147998,0.13791706655644423,0.04939879838038452,0.05144737711605507,0.09982900663241755,0.6450894271271986,0.5627300390133737,0.04192948384701748,0.5945973984846877,0.6019144089020466,0.04706767427887352,0.2461563839684481,-0.019074315895650725,0.15456906423571015,0.2578125,0.25,0.032150082390047845,0.42578125,0.375,0.056607709234948594,0.3359375,0.53125,0.054297337797431004,0.09375,0.0,0.027895933476045177,0.0031959940905323383,0.01606977246042225,0.9761522405569769,0.004581992892068531
seed20261342-asof1727,training,20261342,1727,1728,1760,normal,10,6,32,0.9084268146158385,1,0.05049923268038398,hold_active,offline_future_aligned_calibration_record,-0.09579729102693957,0.3678859822359586,0.13402639513138706,0.04896205449939206,-0.19123037957950406,0.08943982235430732,0.6271937941953765,0.565132320933909,0.037602726731216445,0.5732708706350774,0.8085193742143291,0.04220404320277197,0.4146635143965221,-0.10307282711613312,0.1759466473765116,0.23828125,0.375,0.029683655097065866,0.39453125,0.21875,0.057817400148185864,0.38671875,0.5,0.04711706240212448,0.0703125,0.0,0.03547040991596385,0.016461682482469493,0.052218438712225895,0.9147537583870278,0.016566120418276854
seed20261342-asof1759,training,20261342,1759,1760,1792,normal,2,2,32,0.9084268146158385,0,1.0506635978024792,stage_candidate,offline_future_aligned_calibration_record,0.0018254230153702533,0.17525637494155055,0.14766502182159685,0.0231329927711601,0.2886720030107759,0.1124319223264215,0.6441595311984576,0.5626451692979658,0.04742812329087675,0.645448149626818,0.6587716439750894,0.037115475648626606,0.23158832021758557,-0.0990570014479033,0.14221023904029229,0.2734375,0.25,0.029918585209137465,0.34765625,0.3125,0.06804928851149358,0.43359375,0.40625,0.05257856077645537,0.0703125,0.0,0.034598034586246884,0.012715935601324252,0.1100451389082647,0.8471413669996312,0.030097558490779962
seed20261342-asof1791,training,20261342,1791,1792,1824,calibration_shift,6,5,28,0.9084268146158385,0,0.050515847536737046,hold_active,offline_future_aligned_calibration_record,0.12364412791695534,-0.00601152059428145,0.10079877872433772,0.1554417797266976,-0.3585150427859334,0.09894058270587446,0.6133198219639378,0.7157565388241011,0.03456887772361264,0.6525903876635064,0.6204740496744338,0.03864146885629718,-0.09478770785482103,0.18442489161520248,0.14963313084958316,0.2890625,0.4375,0.020228367024763265,0.34765625,0.3125,0.055485514736822235,0.41015625,0.59375,0.043085377605588046,0.0703125,0.125,0.036516208514497286,0.04919793701355113,0.1695972335855052,0.6999470936429439,0.08125773575799981
seed20261342-asof1823,training,20261342,1823,1824,1856,burst,4,6,32,0.9467019697436669,0,0.05021581274749191,hold_active,offline_future_aligned_calibration_record,0.14042484731439653,0.022601139988418284,0.07577145509731333,0.09895849415745062,0.23133706694081746,0.12284021780009693,0.6063153197485858,0.6573043569765245,0.04419476780161324,0.6994452070030562,0.5004894107729437,0.04008744814868084,-0.18677235907401088,0.09124176902442496,0.11709174899124909,0.3125,0.1875,0.027852487761239865,0.30078125,0.4375,0.03809085576645746,0.4609375,0.25,0.033319633938525973,0.0859375,0.0,0.03069570719477699,0.005766047494903341,0.17135932687255356,0.7960247529777614,0.026849872654781778
seed20261342-asof1855,training,20261342,1855,1856,1888,burst,7,7,30,0.9467019697436669,1,0.05012554458436934,hold_active,offline_future_aligned_calibration_record,0.11832207353229207,0.3369427489390542,0.1030784611902238,0.09241115793141197,0.7149515925407208,0.11692298281160401,0.633994775598704,0.5678666623912217,0.03346630867435418,0.684279449772506,0.8050150662352136,0.0428219743651508,-0.16026422362167128,0.09427283157685365,0.1532586415179629,0.3046875,0.4375,0.030537490403564647,0.296875,0.375,0.03613296960430774,0.45703125,0.34375,0.03677577698863471,0.0859375,0.0625,0.031581273254853985,0.03163486789257774,0.23031979393556956,0.699657358534245,0.03838797963760771
seed20261342-asof1887,training,20261342,1887,1888,1920,normal,5,4,32,0.9084268146158385,0,0.05017682814582257,hold_active,offline_future_aligned_calibration_record,0.14494719043927673,0.4088077249420541,0.09445881322492965,0.12101892492718225,0.28007218830339053,0.13452503441701852,0.6221802892949418,0.5704847215881578,0.03407278980487967,0.7141174498227996,0.578755948354112,0.04521965687207803,-0.23107603394055254,-0.10308487726349509,0.15631169326869526,0.31640625,0.1875,0.026300722165207614,0.32421875,0.4375,0.03936086872515605,0.42578125,0.40625,0.035314134768114784,0.0703125,0.0,0.028554531429393463,0.025871334083570053,0.43370151770447274,0.4855426848642461,0.05488446334771094
seed20261342-asof1919,training,20261342,1919,1920,1952,burst,3,3,32,0.8440749731802539,0,1.0501090011738308,stage_candidate,offline_future_aligned_calibration_record,0.18657648827300655,0.23193911374191312,0.10389500737601526,0.06762628703945772,-0.0035922663889762507,0.13794618870682976,0.6160672260060114,0.7280494391783278,0.03669259476175395,0.6821837429191876,0.6673194669669424,0.05478675970843447,-0.23495685904423452,-0.0533664624606897,0.14544748134144697,0.30078125,0.28125,0.036138048942205035,0.33984375,0.53125,0.04680632551040671,0.42578125,0.34375,0.0436464619929962,0.0546875,0.0,0.024788180163725276,0.03979121594347763,0.4983163304175424,0.3964500940980892,0.06544235954089075
seed20261342-asof1951,training,20261342,1951,1952,1984,normal,10,9,30,0.676468263777978,1,1.0504799671237637,stage_candidate,offline_future_aligned_calibration_record,0.19688023773629948,-0.4870686874184156,0.09389168926391032,0.11967956768316546,-1.1604702845026025,0.13520283587293233,0.6384677242844182,0.8154824767846149,0.03708026727448203,0.6951655901479545,0.7713703742397506,0.04055180980370802,-0.22500312740788536,-0.036780135937552305,0.13976130002922704,0.30078125,0.53125,0.0347678172762452,0.375,0.34375,0.04689013524408876,0.421875,0.5,0.039708919687983055,0.0234375,0.0625,0.009682925814915774,0.019119210689304892,0.7395011113646217,0.1966747835606408,0.04470489438543265
seed20261342-asof1983,training,20261342,1983,1984,2016,leakage,9,5,24,0.6591332564572618,1,1.0502747999514506,stage_candidate,offline_future_aligned_calibration_record,0.22311838048989063,-0.2424938716183047,0.10640173640472136,0.13983810277441333,0.7272052985217246,0.16700694759555298,0.6719461594267084,0.8324191774392098,0.04295718981296605,0.7629632909166458,1.0167360835492871,0.06433247360906243,-0.14040438501897046,0.09430458176353303,0.10219010678197044,0.3359375,0.40625,0.03412710976955963,0.37109375,0.40625,0.045098735197441654,0.41796875,0.21875,0.03833369402982295,0.03125,0.25,0.014580592721860927,0.001934048315754668,0.9382796089338875,0.0551077821353524,0.004678560615005431
seed20261342-asof2015,training,20261342,2015,2016,2048,leakage,7,8,28,0.8803748112282404,1,1.0501874613572877,stage_candidate,offline_future_aligned_calibration_record,0.16642247165157986,-0.061549434164819505,0.1320973128399544,0.1839000467798524,0.12318526303601152,0.22400813827719826,0.708177898525282,0.642934522024595,0.058242158974994684,0.775472776665222,0.7053574571630696,0.08565570231013167,-0.08064122106422045,0.03396339381118831,0.13701331350341728,0.33984375,0.3125,0.03744803567270314,0.39453125,0.40625,0.04703679494704506,0.3828125,0.34375,0.045919045894777216,0.0625,0.125,0.02147583014035188,0.0007815174830241861,0.7230778983061049,0.27515964269037885,0.0009809415204919646
seed20261343-asof255,training,20261343,255,256,288,calibration_shift,0,0,32,0.7689063883104138,0,0.05,hold_active,offline_future_aligned_calibration_record,0.27005051578487405,0.18366186285687758,0.0442917989100684,0.0829743067775508,-0.09556052537540283,0.06402362627006665,0.4030255212587091,0.44428948288220427,0.037454075325635376,0.4504012199283988,0.38110371097404316,0.024858685518994037,0.057790637750113776,0.3044231949903223,0.08863756626082582,0.12890625,0.0,0.021485431859827975,0.28125,0.5,0.04095907197831465,0.30859375,0.1875,0.027890777838494567,0.04296875,0.0,0.03389745606471941,0.9574650661506826,0.00291518003115214,0.0017739059526630818,0.03784584786550214
seed20261343-asof287,training,20261343,287,288,320,leakage,6,4,25,0.7689063883104138,1,0.05006723088542218,hold_active,offline_future_aligned_calibration_record,0.29511280296375486,0.017411033113277297,0.04040696995772081,0.10340827696514765,0.4418307630548879,0.07704398860911058,0.4050314564506992,0.5907212161157105,0.04493776966731424,0.45020883840612547,0.6734503085025239,0.023133166676512103,0.06782300969674995,-0.0013469990206306072,0.10547509285364251,0.125,0.375,0.027748690619685153,0.32421875,0.59375,0.04052734375000002,0.296875,0.125,0.03397891357947758,0.04296875,0.21875,0.03764156686169657,0.9612195938926212,0.0027322516200959965,0.0018563943188080502,0.0341917601684748
seed20261343-asof319,training,20261343,319,320,352,normal,4,3,32,0.8953072466968959,1,0.05034085150436702,hold_active,offline_future_aligned_calibration_record,0.2862281584681614,-0.4978987386758327,0.04823899471161935,0.12889592039656317,0.4458779992661668,0.07471506399368588,0.4444742113127611,0.5076568764460079,0.04324520232125425,0.4833814238542248,0.4989162860495843,0.042335561498218356,0.04788318626855382,0.08372071257738362,0.11738882967525889,0.16015625,0.40625,0.03318847561036461,0.36328125,0.5625,0.0470132957418038,0.27734375,0.4375,0.03505659022191068,0.06640625,0.0,0.04209588007241173,0.2818853277417588,0.047690739485953655,0.6440601350421741,0.026363797730113592
seed20261343-asof351,training,20261343,351,352,384,normal,2,2,32,0.8953072466968959,0,0.05040941546499415,hold_active,offline_future_aligned_calibration_record,0.19819199680700939,-0.15372028080479305,0.08072565009639902,0.17449470422511015,0.13952615737884577,0.09257181235779476,0.5052060122062211,0.5266741751777948,0.051333755967964086,0.5045216640649757,0.43108850997372233,0.038991390373728195,0.06323167188688657,0.08135801016918859,0.14913956727888322,0.1953125,0.21875,0.044275919304208114,0.38671875,0.53125,0.06492488335388542,0.28515625,0.25,0.03841776330417203,0.06640625,0.0,0.035104326390917366,0.13340444351756772,0.14259378022609406,0.718336476523649,0.005665299732689318
seed20261343-asof383,training,20261343,383,384,416,normal,0,0,32,0.8024966679740394,0,0.050158229955426764,hold_active,offline_future_aligned_calibration_record,0.16827179496403843,-0.1877355464241106,0.06041231646433661,0.20353995449128615,0.265484423605141,0.07121493153209638,0.5108706095399789,0.4447699974063906,0.04806355891656755,0.48443918443537864,0.4431627684366635,0.038316441572085656,0.04471015922025081,0.44100780921975774,0.15751785262884624,0.1953125,0.1875,0.043864115628620075,0.43359375,0.34375,0.05705018779400599,0.26171875,0.34375,0.03383896035548709,0.02734375,0.0,0.023832593821899083,0.22074398585169216,0.16244998275688613,0.6019149166505466,0.014891114740875141
seed20261343-asof415,training,20261343,415,416,448,normal,3,3,32,0.7908353457069359,0,0.050152369808264395,hold_active,offline_future_aligned_calibration_record,0.12317553203970188,0.39073850340970995,0.07639579094686495,0.18349651707561465,0.588995847687088,0.08376589451470857,0.5020452522264475,0.7592403998836328,0.05061175771124645,0.49966982081843797,0.39824058651342736,0.038403279863254494,0.019363240699816826,0.10051579175380958,0.1474793930682982,0.203125,0.28125,0.04082399845466376,0.4453125,0.5625,0.05424503902710902,0.27734375,0.21875,0.03984748829918545,0.02734375,0.0,0.024850696203114985,0.6610635987533875,0.11556164754681583,0.20734370020148385,0.01603105349831287
seed20261343-asof447,training,20261343,447,448,480,normal,4,5,30,0.7814036927260026,0,0.05030694175573207,hold_active,offline_future_aligned_calibration_record,0.09006206401860428,0.013443723207824831,0.11147187556442796,0.22960731899251918,0.05924276537255224,0.1003507736681314,0.5633662814822232,0.710741954099864,0.044295485782231005,0.5197093651275618,0.5076066567562751,0.03991318810610006,0.055831083054373225,0.0031152862654907605,0.17318628703420214,0.22265625,0.28125,0.03965766066290852,0.46875,0.28125,0.06209944479710002,0.26953125,0.3125,0.04700363512806841,0.02734375,0.0625,0.02705853902766085,0.5829234860639929,0.21088002439483006,0.17226022333891747,0.03393626620225962
seed20261343-asof479,training,20261343,479,480,512,leakage,1,3,19,0.820391907885905,1,0.05030917307517377,hold_active,offline_future_aligned_calibration_record,8.229476108434497e-05,0.04954727287673033,0.11800751602811071,0.18812605368779955,-0.31984985410847777,0.09999319889785124,0.5955845088413064,0.6066231569865412,0.04046922158533658,0.5463083315251471,0.5978394963208585,0.03700461432552272,-0.012632453141316084,-0.08694896907592987,0.1681402333176539,0.234375,0.3125,0.03719692371850656,0.46484375,0.53125,0.04610193163017916,0.27734375,0.09375,0.03260360273891756,0.03515625,0.40625,0.02618073162433871,0.459796715812083,0.2588754956329725,0.2016111517400535,0.07971663681489083
seed20261343-asof511,training,20261343,511,512,544,calibration_shift,5,7,31,0.9467019697436669,0,0.050136175127922684,hold_active,offline_future_aligned_calibration_record,-0.06308516932920383,-0.06064429878896438,0.12290761856701174,0.20176924510349892,0.409095031852017,0.08570806381957133,0.6124844716186711,0.5447410430624483,0.03911662701380682,0.5619029040951288,0.47368941879158494,0.046157811734337396,0.01006049480661064,0.11021550729281014,0.1812094699890197,0.2578125,0.3125,0.03960361200287615,0.48828125,0.21875,0.05395371914082104,0.24609375,0.53125,0.04936583884866028,0.0859375,0.03125,0.04614722203774385,0.00025793960994589197,0.003302015485560589,0.996380379940008,5.966496448551769e-05
seed20261343-asof543,training,20261343,543,544,576,normal,1,0,32,0.9535141934822631,0,0.05022653559135742,hold_active,offline_future_aligned_calibration_record,-0.11388146169198343,0.32929541047511757,0.09385216112405845,0.29210963272644896,-0.07289441094105786,0.08047803050684074,0.6151143251226034,0.4417930777725763,0.04760559387949467,0.5580941049055699,0.45164368800415966,0.041336121132516855,0.0919020786459286,-0.5504801487228659,0.18521639814023536,0.296875,0.1875,0.029452247967948278,0.453125,0.40625,0.06403981987698144,0.2890625,0.46875,0.04715732546022801,0.08984375,0.0,0.044056907126221526,0.024460137390417937,0.028623519736085574,0.9412822680214095,0.005634074852087088
seed20261343-asof575,training,20261343,575,576,608,normal,3,4,32,0.8803748112282404,0,0.05032444194397487,hold_active,offline_future_aligned_calibration_record,-0.050659076049320406,0.14136828506829713,0.08680185771064676,0.22768780595365512,-0.20914567647825555,0.08336758983060245,0.6200047644017634,0.6348970706642689,0.04776164760007016,0.545109303333781,0.6052227791907399,0.0382395244038869,-0.0644567364889559,-0.4385416067636686,0.130868214370792,0.2734375,0.25,0.02921868441083562,0.4296875,0.28125,0.06258371589615797,0.33203125,0.4375,0.05047204007430632,0.0625,0.0,0.04430087056274175,0.1503737693313513,0.055944908278709085,0.6436360701838478,0.1500452522060918
seed20261343-asof607,training,20261343,607,608,640,normal,3,3,32,0.8803748112282404,0,0.05017608773859672,hold_active,offline_future_aligned_calibration_record,0.03461096470354175,0.1170689052880296,0.10660747669175347,0.1570046862388299,-0.49368907289785424,0.08233417338786274,0.6079985542330326,0.6054204278688922,0.043049325133808485,0.563936983706066,0.6729828900824997,0.03335943205090407,-0.06067326750722481,-0.11579302101333752,0.11743172782625995,0.25390625,0.21875,0.02491146031187299,0.39453125,0.375,0.04787192299213613,0.33203125,0.53125,0.04430599579338738,0.0625,0.0,0.04074308307000533,0.12806649928570485,0.0891595680283755,0.5347953852523668,0.24797854743355285
seed20261343-asof639,training,20261343,639,640,672,normal,1,3,32,0.8803748112282404,0,1.0502273945609064,stage_candidate,offline_future_aligned_calibration_record,0.07614924040005677,0.09152879208835407,0.10356029105118483,0.12077849553658115,-0.0002605498585053212,0.12166741457013536,0.6132406212786304,0.45242583253511964,0.03902364180496982,0.6208047357038936,0.521520966983449,0.039535592134480504,-0.1190449266627427,0.05152831287605232,0.13996606589295546,0.25390625,0.0625,0.028154326258585636,0.375,0.25,0.05670473075873289,0.3671875,0.40625,0.046284830601124594,0.0625,0.0,0.04495383442744919,0.08682849558352569,0.13177449545172426,0.5472411520999719,0.23415585686477816
seed20261343-asof671,training,20261343,671,672,704,burst,2,5,32,0.8803748112282404,0,0.051238865987101215,hold_active,offline_future_aligned_calibration_record,0.130470703613216,-0.22723701312117295,0.09746729867721281,0.06552228815516381,0.33021001032109365,0.11277533307115309,0.6001796883160917,0.6315457043534323,0.04298142215603116,0.6290879468017417,0.5042555164134828,0.03611866922787621,-0.10289630873738354,0.05351335445678013,0.11723616209013787,0.23828125,0.1875,0.03295417584613765,0.36328125,0.1875,0.05829692924306035,0.375,0.34375,0.05178485905150391,0.0625,0.0,0.03907470512449719,0.3664698839089001,0.09631327117478619,0.21135809901562563,0.32585874590068814
seed20261343-asof703,training,20261343,703,704,736,normal,0,0,32,0.8803748112282404,0,0.050128871527755234,hold_active,offline_future_aligned_calibration_record,0.08177803994144273,0.05784218357945692,0.09632936999952449,0.01637757667621509,-0.4720279430218567,0.10220684815172999,0.5932320706435359,0.33891756276530566,0.040209545952364034,0.6058019958301981,0.8160954773763396,0.04536048949772386,-0.08963092911870697,-0.01141263202656715,0.10548573455349834,0.2265625,0.21875,0.026819440005268223,0.31640625,0.25,0.05433412593761588,0.390625,0.6875,0.05017849985365493,0.0625,0.0,0.03591261397608335,0.5983970003132278,0.1152944757837066,0.10480175389144311,0.1815067700116226
seed20261343-asof735,training,20261343,735,736,768,normal,2,2,29,0.8440749731802539,1,0.050212713237853084,hold_active,offline_future_aligned_calibration_record,0.08089774041097053,-0.20709412624617807,0.08191381522496949,-0.014311846931533756,-0.2528524407564514,0.10924925984105409,0.5453887306858866,0.6111168045478936,0.03784058327784159,0.6488672415802098,0.6680030604078361,0.046502879056315116,-0.10861316153032893,0.05137644376564182,0.10237779355669804,0.21875,0.3125,0.02528061281784756,0.3125,0.28125,0.052967379813466366,0.4375,0.5,0.050595943328473,0.0546875,0.09375,0.020905505915969045,0.6447272120656976,0.08197228094386856,0.11097119573245304,0.16232931125798084
seed20261343-asof767,training,20261343,767,768,800,calibration_shift,6,6,31,0.8588353154088724,0,0.050117058323901904,hold_active,offline_future_aligned_calibration_record,0.057500746724074236,0.055182513878775596,0.09010669005820503,0.002197641683904905,0.4593453019419067,0.1626348777839371,0.5525140362969633,0.6971674083660018,0.04090173224972425,0.6522509621957857,0.5847070552355278,0.04939065696591053,-0.18225057573227624,0.06001393835090445,0.16868937172210272,0.21875,0.3125,0.034744733748768346,0.28125,0.25,0.03822182558740332,0.48828125,0.65625,0.03550906483529411,0.015625,0.03125,0.004615054322512311,0.38858235758417936,0.1809200373519085,0.14788634701294862,0.28261125805096354
seed20261343-asof799,training,20261343,799,800,832,normal,5,5,31,0.8431099192981492,0,0.050088707191505454,hold_active,offline_future_aligned_calibration_record,0.07308743604186585,-0.1854137911900855,0.08567199471639983,-0.01985796924794303,0.19623663094672583,0.1334208234557897,0.5674644877533127,0.545140765628367,0.04749905365373721,0.6658120455603412,0.39902009892241885,0.04977542470038659,-0.1733941499562352,-0.43434949595320327,0.12907508250024272,0.21875,0.25,0.035168089042175846,0.28515625,0.5,0.032897108911892195,0.50390625,0.1875,0.03339315224065347,0.015625,0.03125,0.01469010175124864,0.17329170049429074,0.4098353128538143,0.34250071285999695,0.07437227379189794
seed20261343-asof831,training,20261343,831,832,864,leakage,7,6,26,0.8495079982418001,1,0.050152432301657696,hold_active,offline_future_aligned_calibration_record,-0.006206549471398759,-0.5273875103527751,0.08894218579593403,0.05609475666598707,-0.19219396510356268,0.14480564729005857,0.5736956246050272,0.4611011619632725,0.05204429397381918,0.6617543705766016,0.6263752743336632,0.0494550937328584,-0.13468811544769915,-0.20950661519718755,0.12184247227488951,0.2265625,0.375,0.033793244373035394,0.296875,0.53125,0.04545567801469618,0.46875,0.09375,0.04774768801366961,0.01953125,0.1875,0.013367320748074195,0.20608462270298117,0.39717476752679554,0.36072019954047757,0.036020410229745684
seed20261343-asof863,training,20261343,863,864,896,leakage,6,6,28,0.7689063883104138,1,0.050122816523143515,hold_active,offline_future_aligned_calibration_record,-0.09250570364530364,-0.5829794294046287,0.09993602329557393,0.06110814302248779,0.17532060998948062,0.1476450151442533,0.5799728547762045,0.5915561378842383,0.041589217753587295,0.6631821140256672,0.5430091327193771,0.0567095866306156,-0.10018387143907113,-0.023823518194257313,0.15262600657305664,0.2421875,0.375,0.03220230371146804,0.328125,0.21875,0.047912697005658214,0.42578125,0.5,0.05507805903829213,0.04296875,0.125,0.02797579199788344,0.0402929842660309,0.22330311190543278,0.7355689308785139,0.0008349729500224468
seed20261343-asof895,training,20261343,895,896,928,burst,10,11,31,0.8633881488673438,0,0.050177865391437045,hold_active,offline_future_aligned_calibration_record,-0.16370985800198956,-0.14446596859419203,0.10615655453741941,0.1200194198316702,0.03909301955656175,0.1266955537007993,0.5919296425670348,0.6648863748276013,0.052300955168597646,0.6221011017108438,0.656817131537091,0.049814856215251224,-0.10786205810298427,-0.2308079211188677,0.15331051372553978,0.26171875,0.4375,0.040058103398697975,0.30859375,0.3125,0.049169811428383337,0.421875,0.375,0.058094428129006885,0.05859375,0.03125,0.02698150607790259,0.009105328592102236,0.14294598064767236,0.8462723744796912,0.0016763162805343232
seed20261343-asof927,training,20261343,927,928,960,normal,5,6,32,0.8803748112282404,0,1.0501691975297758,stage_candidate,offline_future_aligned_calibration_record,-0.21186475228218726,-0.4706329214908518,0.11456919924352395,0.13339739203545142,0.17666493702740627,0.13158774346436614,0.6077892188683343,0.7575259433929621,0.04698440585135047,0.6388765069546491,0.571410067283069,0.04666039510866816,-0.21667246170509782,-0.3488927498552786,0.1627905883780046,0.30859375,0.4375,0.038758222075852965,0.31640625,0.5,0.047537984423709934,0.41796875,0.40625,0.05796817487273798,0.0625,0.0,0.027911123499483333,0.009198036582955456,0.19566337948648688,0.7817996474319443,0.013338936498613422
seed20261343-asof959,training,20261343,959,960,992,burst,8,7,32,0.8803748112282404,0,1.0514294699317845,stage_candidate,offline_future_aligned_calibration_record,-0.22687845714916355,0.11064575712367253,0.1072252738604329,0.1015724738338748,0.19431922444084715,0.12229596697811014,0.6239986831876032,0.6006379029165846,0.04501737492786711,0.6425803146538311,0.5673789297006531,0.047115534653637874,-0.40297505588141297,0.1414331897596209,0.185179960239068,0.33984375,0.21875,0.034547298564991176,0.35546875,0.34375,0.044752392284696615,0.42578125,0.40625,0.05908818008391319,0.0625,0.0,0.023997799923888632,0.0070334422837734995,0.32278363360922463,0.6613345950207267,0.008848329086275262
seed20261343-asof991,training,20261343,991,992,1024,normal,10,10,32,0.8803748112282404,0,1.0507849959750704,stage_candidate,offline_future_aligned_calibration_record,-0.2688136286739742,-0.7447041058322059,0.09013411888750729,0.13407843117727913,0.27886741900697154,0.09007736357841982,0.6581081254616418,0.6989811550267097,0.039969810860610626,0.605101364628584,0.9406686735571432,0.043930114689864894,-0.16132030799605768,-0.02814536249737644,0.1807926006995208,0.33984375,0.5625,0.030424756531394825,0.3671875,0.59375,0.03603884647338727,0.390625,0.375,0.05154107599653842,0.0625,0.0,0.02638347286521053,0.04048117295678176,0.3954329021661042,0.5402323763192791,0.023853548557834916
seed20261343-asof1023,training,20261343,1023,1024,1056,calibration_shift,2,1,31,0.8221282610147902,0,1.0508170640540997,stage_candidate,offline_future_aligned_calibration_record,-0.3226594990731724,0.4009695484678668,0.09039569655371305,0.17060325829335476,-0.20150666901013659,0.0921741823630179,0.6836430189502829,0.27759371833723473,0.05075597593869041,0.6125194105687737,0.4936966089245521,0.035316616766324964,0.0461803498291124,0.02888990716845827,0.13627173081207034,0.37109375,0.15625,0.0305125088795715,0.40625,0.21875,0.04194362870161672,0.375,0.3125,0.04917531421590632,0.05078125,0.03125,0.025388761831632564,0.0025387479345829076,0.8830028497428403,0.11143203959126105,0.003026362731315816
seed20261343-asof1055,training,20261343,1055,1056,1088,burst,1,0,29,0.8221282610147902,1,1.050464115422875,stage_candidate,offline_future_aligned_calibration_record,-0.17654691711028558,0.022781341831910717,0.1812928606376188,0.07603640327457262,0.353123030566757,0.08306848611395572,0.71089053661981,0.6998766692920367,0.0555150802233037,0.6028677954536116,0.5092603224390871,0.036837554838519984,0.02913393354630312,-0.06522292217019135,0.16707768412285076,0.3515625,0.09375,0.032765240995228914,0.40234375,0.28125,0.03547510406937338,0.33203125,0.46875,0.04876542197929477,0.05078125,0.09375,0.023389575542726995,0.24514500542315396,0.5256721066942956,0.0342722356429277,0.19491065223962284
seed20261343-asof1087,training,20261343,1087,1088,1120,normal,0,0,32,0.8633881488673438,0,1.0503758570029988,stage_candidate,offline_future_aligned_calibration_record,-0.14549726841753685,0.34777599487237,0.1931282369957274,0.09384634711613082,-0.33822133323443593,0.09273870358804889,0.739565486544243,0.22931537538381797,0.05597977229781916,0.6280095215849159,0.4776924746053133,0.036399022604812405,0.0897904888718083,-0.26811643069939983,0.13853721692982593,0.33203125,0.0625,0.04308586069764538,0.375,0.09375,0.03382464228837107,0.3671875,0.46875,0.041601948203648334,0.05859375,0.0,0.023124092964703018,0.27192176418669045,0.5445726794079884,0.08759280619827242,0.09591275020704897
seed20261343-asof1119,training,20261343,1119,1120,1152,normal,1,1,32,0.7003967238645127,0,1.0504625635682272,stage_candidate,offline_future_aligned_calibration_record,0.13796216067220435,0.3670424371090697,0.14747535865623487,0.05287616617538271,0.08957394119064754,0.09820641604487715,0.680128455965289,0.3511304393730528,0.07165075910650426,0.6256759073603566,0.26439347052181705,0.034160596668813464,0.016427175463972998,-0.491662458941897,0.13827096181858547,0.29296875,0.0625,0.04134897187302498,0.3203125,0.3125,0.04182621517858955,0.4140625,0.15625,0.038630540417201494,0.03515625,0.0,0.018374325720835978,0.7234222003308043,0.1029037939050487,0.005842803789032863,0.16783120197511414
seed20261343-asof1151,training,20261343,1151,1152,1184,normal,0,0,32,0.6087920925846393,0,1.050643505303853,stage_candidate,offline_future_aligned_calibration_record,0.24502192841382864,0.10894799498514263,0.10926789526134692,0.046244152139553796,-0.204315886415666,0.10261241574495605,0.5969031689186157,0.4732052921817156,0.0696131464785703,0.5819189181591773,0.33358748487066914,0.04313328803407266,-0.06088496862167025,-0.03046320100827253,0.10078605901415658,0.25390625,0.09375,0.04554363529708778,0.33203125,0.3125,0.037057737086031536,0.37109375,0.15625,0.04156367880167882,0.01953125,0.0,0.014490509451794881,0.9104474936212031,0.004871261270150631,0.0003535711332611074,0.08432767397538525
seed20261343-asof1183,training,20261343,1183,1184,1216,normal,2,1,32,0.6108439436220553,0,0.050706648980730504,hold_active,offline_future_aligned_calibration_record,0.2505942247368387,-0.0687538665086902,0.08522915808632807,-0.006608562378568106,-0.15283671298969903,0.09149146469154214,0.564580165614728,0.4124147258858923,0.06542232776470099,0.5492595552178037,0.34505571781039324,0.04717863564367072,-0.01092140515373326,-0.2452802659672282,0.11766890298076033,0.2109375,0.125,0.04130098547026408,0.33203125,0.34375,0.03731764602643253,0.34375,0.375,0.04734014396357493,0.015625,0.0,0.01430969949549003,0.9398485889882439,0.002831293821665504,0.0007368992976173346,0.05658321789247334
seed20261343-asof1215,training,20261343,1215,1216,1248,normal,0,0,32,0.6344762165008667,0,0.050247798553297834,hold_active,offline_future_aligned_calibration_record,0.21997413850773806,0.03525238449124468,0.08549813893876983,-0.05366949556115008,-0.405971779682322,0.08066711899169376,0.5222670503181276,0.38604744065419716,0.06181481964412567,0.5178036989520608,0.3689364508653631,0.048641141166329414,-0.04300562626041286,0.19009733724101016,0.10005930567239948,0.171875,0.03125,0.03470817160531906,0.3125,0.15625,0.036541072873982304,0.33984375,0.53125,0.04039757196521252,0.015625,0.0,0.011779948297038084,0.9548376385283479,0.003451071401633903,0.0015293718439083987,0.04018191822610962
seed20261343-asof1247,training,20261343,1247,1248,1280,leakage,1,1,26,0.6658535876813853,1,0.05028292339404377,hold_active,offline_future_aligned_calibration_record,0.1989264272430722,-0.2101094574152249,0.07748535818747491,-0.13273053968574455,-0.14641515464646093,0.08776069868417485,0.49968424367642295,0.3316079853874244,0.06102035750086554,0.5010899424834779,0.5104735629498864,0.04481797264828183,0.03544628391423484,-0.020742149082237836,0.09394064474820474,0.1484375,0.21875,0.03814962710878599,0.2890625,0.0625,0.038440954722870936,0.35546875,0.46875,0.0447941472073215,0.015625,0.1875,0.011504294952521005,0.929798712538754,0.0030129912132534167,0.0013424564862434861,0.06584583976174913
seed20261343-asof1279,training,20261343,1279,1280,1312,calibration_shift,2,4,32,0.7368025913671197,0,0.05036501209745854,hold_active,offline_future_aligned_calibration_record,0.1556670345979061,-0.2164306593424039,0.08357926301351637,-0.13947503488238766,-0.5262424209000645,0.0787775012840837,0.4531524832501678,0.5800293932257324,0.037575474130294016,0.4659533128869105,0.5931576105710055,0.04030254926813587,-0.03728400378406361,0.0816503704686423,0.11331457576258876,0.10546875,0.3125,0.017719540936186693,0.22265625,0.25,0.03169198298177432,0.3671875,0.46875,0.05125819951065726,0.0390625,0.0,0.023897293079808667,0.9468872964456948,0.009537061924675317,0.020916734382217732,0.0226589072474122
seed20261343-asof1311,training,20261343,1311,1312,1344,normal,1,0,31,0.7235995187385696,0,0.050268743426653925,hold_active,offline_future_aligned_calibration_record,0.07901485142348674,-0.5599088463039547,0.11131400915203442,-0.16071246855631727,-0.12036223746367636,0.09356631130561688,0.48394122581461885,0.48707871057720903,0.040846683795388875,0.4887005419135588,0.520882436874495,0.04224839924610183,-0.028253191686381414,-0.7841725993072227,0.11312230202028974,0.125,0.15625,0.028717348078999484,0.2265625,0.40625,0.028071942481433524,0.38671875,0.25,0.04590124078529859,0.03515625,0.03125,0.023987074015183275,0.8324532141520726,0.05619568929027023,0.04968097341237704,0.06167012314528014
seed20261343-asof1343,training,20261343,1343,1344,1376,normal,0,0,32,0.7035887054657131,0,0.05023527417737103,hold_active,offline_future_aligned_calibration_record,0.030118616099221285,-0.15069248223689868,0.11573625159635087,-0.19797986200107842,-0.2034031204115767,0.06453317783691055,0.5012404881144027,0.5041220082533457,0.04587621485846258,0.4615849131250786,0.34326552701838897,0.03790016557429339,-0.03656647817386836,0.3930076637113277,0.13681455588119382,0.1328125,0.21875,0.032827840550767644,0.2421875,0.46875,0.03305759826104476,0.359375,0.21875,0.05557479222600146,0.02734375,0.0,0.02182750086255003,0.8721987517330743,0.07045237679157222,0.03454670165464923,0.022802169820704248
seed20261343-asof1375,training,20261343,1375,1376,1408,leakage,0,0,18,0.6813740071218933,1,0.05029578897298265,hold_active,offline_future_aligned_calibration_record,-0.061235326562980585,-0.19286865309254098,0.10151053958922773,-0.1833555403685736,0.05098961946829905,0.06728437105865562,0.5096668399714839,0.44000741293756385,0.04465993168676757,0.4419287548774378,0.6254024716377437,0.03679114874921415,0.06695261596383832,0.05175247556586501,0.12970317004326298,0.15234375,0.1875,0.036055381679132,0.2890625,0.15625,0.03841539906137439,0.328125,0.125,0.04645703180523607,0.02734375,0.4375,0.021525202458927483,0.926911979281765,0.045455313548957925,0.008411178136583574,0.019221529032693477
seed20261343-asof1407,training,20261343,1407,1408,1440,normal,3,2,30,0.9389270047052102,1,0.05044119551957745,hold_active,offline_future_aligned_calibration_record,-0.14279048533854888,-0.07399634791482246,0.08605921256892173,-0.21810702634150458,-1.0811661484690305,0.0596762306633379,0.4861203435989053,0.5314132907826871,0.02998412483722766,0.4724451324543044,0.8200956252568343,0.036314844155709514,-0.054262976086557925,0.17978241680678253,0.11801352824251664,0.16796875,0.46875,0.025393531269682728,0.26953125,0.28125,0.03116942417349933,0.32421875,0.625,0.04595591184470892,0.08203125,0.0625,0.0410038130194822,0.03426840074981843,0.006551786845423262,0.9587074093079149,0.0004724030968435249
seed20261343-asof1439,training,20261343,1439,1440,1472,burst,4,4,32,0.9535141934822631,0,0.05033543385361617,hold_active,offline_future_aligned_calibration_record,-0.16591185574554812,0.0006586938636710116,0.08716854286888796,-0.23365869618491786,0.07195370104387178,0.09001301754897748,0.4850415650786668,0.6310733975039917,0.03579476128436849,0.5402241081322547,0.5564175416420153,0.055423389432579344,0.03341035463525657,-0.1341232607315679,0.143212497716423,0.21484375,0.25,0.04032537428187306,0.265625,0.34375,0.04509726667596159,0.3828125,0.5,0.04527097573108617,0.08984375,0.0,0.04887828369903984,0.010683578022809314,0.06489424959163616,0.9162813620037207,0.008140810381833893
seed20261343-asof1471,training,20261343,1471,1472,1504,normal,1,1,32,0.9535141934822631,0,0.050293953187576644,hold_active,offline_future_aligned_calibration_record,-0.16878199667655824,-0.07315296541647687,0.09318989193792301,-0.2160245379090029,-0.07351036760119167,0.08686432012676104,0.5117990220648088,0.496248654361191,0.04007214939093814,0.5781184388146824,0.5279637234839495,0.04572971321654469,0.11810224389719286,0.26490240829797324,0.13406384531027205,0.23046875,0.25,0.04116110400478488,0.265625,0.46875,0.042262405198100234,0.3984375,0.3125,0.04627922944449059,0.08984375,0.0,0.04148589383588164,0.02096234333906469,0.08414273895704244,0.8634572031957806,0.03143771450811226
seed20261343-asof1503,training,20261343,1503,1504,1536,normal,3,4,32,0.9535141934822631,0,0.050265358629950505,hold_active,offline_future_aligned_calibration_record,-0.1917585751133546,-0.2338472680443331,0.0751760595339111,-0.14872985040689635,0.051932751988537085,0.11668630573441476,0.5200037264925281,0.4631397873813055,0.03359520157793722,0.5932559561022018,0.5024610637215278,0.057169573530607955,0.2576693523647426,0.036986758624447745,0.14198623493953663,0.2578125,0.21875,0.0395154097752797,0.3046875,0.34375,0.043396727125061194,0.37109375,0.34375,0.05316890893021142,0.08984375,0.0,0.04606123899701601,0.07996013749326264,0.15193049452383392,0.7055469144198683,0.06256245356303512
seed20261343-asof1535,training,20261343,1535,1536,1568,calibration_shift,3,3,32,0.8953072466968959,0,0.05010176634162947,hold_active,offline_future_aligned_calibration_record,-0.19437540004830245,0.2587999184379335,0.09713046111168364,-0.11577562831332933,-0.05557036146835004,0.10698563222808008,0.5381415938168223,0.37236812997757973,0.0325873728025538,0.5968894918322961,0.5728185996360411,0.05502916153720578,0.2910684877602962,-0.4067519353436463,0.18508972713877284,0.2578125,0.15625,0.041892574610555164,0.33984375,0.375,0.029524372991994886,0.35546875,0.40625,0.05139754986203561,0.06640625,0.0,0.03919867138429124,0.2694945947826989,0.1806403117661271,0.4965513980807091,0.053313695370464896
seed20261343-asof1567,training,20261343,1567,1568,1600,normal,1,0,32,0.8953072466968959,0,0.050290772202990754,hold_active,offline_future_aligned_calibration_record,-0.11848357198154669,0.0795343584185566,0.09644922543358994,-0.06784724386648877,0.15252184950107317,0.11872278731088763,0.5396742046310866,0.4293152286652427,0.031769483181420324,0.5766695130054439,0.5073413371055854,0.0504329468134544,0.14414445856703828,-0.2837729054855055,0.19792548544397634,0.23828125,0.15625,0.03245871095142126,0.35546875,0.1875,0.033599228973653666,0.34765625,0.59375,0.034638974136471205,0.06640625,0.0,0.041813862880503726,0.59465555923009,0.07489695333819157,0.17635220695178946,0.15409528047992907
seed20261343-asof1599,training,20261343,1599,1600,1632,leakage,4,1,25,0.8803748112282404,1,0.05026551758086191,hold_active,offline_future_aligned_calibration_record,-0.04035784789168728,-0.3041158224512295,0.06319565476176905,-0.02628519054384748,0.31253991122565794,0.08798093090196653,0.5083422054869319,0.5947955480751124,0.03163337088330253,0.5794612548508992,0.696155122680935,0.051263745496162895,0.05044002919849886,0.12360247068318486,0.12819719931660412,0.23828125,0.34375,0.035996818159664844,0.328125,0.125,0.03178927432078892,0.390625,0.3125,0.04604069424970671,0.0625,0.21875,0.04177696524580034,0.7612005943518289,0.04206334576864686,0.13120949102682566,0.06552656885269853
seed20261343-asof1631,training,20261343,1631,1632,1664,leakage,4,4,25,0.9535141934822631,1,0.0502103913763243,hold_active,offline_future_aligned_calibration_record,-0.04970366892866518,0.2007829546102493,0.0762874203587034,0.052326119979636765,0.3108908706951523,0.11562223209295558,0.5236747190139026,0.5661141691683742,0.033164348982954096,0.6242492790009133,0.6386033131368933,0.05571193852129062,0.02484450386528836,-0.024033770417466585,0.1115906062359522,0.25390625,0.25,0.039168103084486545,0.28515625,0.125,0.04246697005187568,0.40234375,0.5,0.04803091136717938,0.08984375,0.21875,0.04819934777275372,0.16378045023434418,0.06315570192874853,0.7569746916782599,0.0160891561586474
seed20261343-asof1663,training,20261343,1663,1664,1696,normal,5,7,32,0.8803748112282404,0,0.05015088844021243,hold_active,offline_future_aligned_calibration_record,0.0011504776543416195,-0.12054108980106082,0.07131205330999224,0.08177096049933086,0.8067330048880683,0.09324581513284547,0.5407919112569518,0.5142491318806179,0.03554647672798186,0.63135803483423,0.8291384396584063,0.051448391560128474,0.06745147491059769,0.12395497179178769,0.16241186154389803,0.26171875,0.4375,0.03419385689859546,0.28125,0.1875,0.04142029904654709,0.44921875,0.625,0.04342566961259568,0.0625,0.0,0.03934591505596256,0.019816680086976842,0.044039109251681204,0.9330078792854152,0.003136331375926736
seed20261343-asof1695,training,20261343,1695,1696,1728,normal,2,1,32,0.8440749731802539,0,0.05015817222421437,hold_active,offline_future_aligned_calibration_record,-0.005542030433878464,0.15934576587007854,0.07112593995947637,0.10508208825139809,-0.3215989661003411,0.088392566645504,0.5397317041858496,0.31728990174204097,0.033192975983990465,0.6211502235578815,0.6132222563695611,0.03708294591823002,-0.045155949061718346,0.24761421282900364,0.1930187536133401,0.2578125,0.125,0.032532022743568416,0.26953125,0.25,0.04420992724779928,0.44921875,0.5625,0.0406291861700369,0.0546875,0.0,0.03489000262232878,0.014230752771792034,0.07442017309140599,0.9002175975954315,0.011131476541370386
seed20261343-asof1727,training,20261343,1727,1728,1760,normal,4,3,31,0.8440749731802539,0,0.05023770840300471,hold_active,offline_future_aligned_calibration_record,0.026471679588371932,-0.3948814026372095,0.06554147666067273,0.06117025459380776,-0.3455780688531358,0.13667730198396694,0.5044642296876328,0.5553998187000623,0.03584497865867263,0.6450879426588921,0.48460839253845855,0.05272453228657518,0.008862765394192257,-0.14364003854856408,0.1984134964446938,0.2421875,0.28125,0.035410023982600645,0.2578125,0.59375,0.03782925649467244,0.45703125,0.21875,0.03620500851220792,0.0546875,0.03125,0.0413833705758469,0.1451994759814898,0.07543445183488726,0.6925271678201278,0.08683890436349513
seed20261343-asof1759,training,20261343,1759,1760,1792,normal,1,2,31,0.8633881488673438,0,0.050200801256293906,hold_active,offline_future_aligned_calibration_record,0.0006455698745311267,0.13058357711669966,0.09293371639449237,0.008326663765575892,-0.42722234272707127,0.13735435637144444,0.5269979256461648,0.5608550477120221,0.042634061271074275,0.6595727701239305,0.3982808093778255,0.05643384035123086,-0.05803143985779243,0.3135432681591881,0.16912732033812541,0.24609375,0.21875,0.02852661956026894,0.2734375,0.40625,0.03713623706337138,0.4453125,0.21875,0.03500127526206853,0.05859375,0.03125,0.04612392600556701,0.07446242597483298,0.14073443841930502,0.7565957745921013,0.02820736101376075
seed20261343-asof1791,training,20261343,1791,1792,1824,calibration_shift,2,3,24,0.8803748112282404,1,0.05018605583585449,hold_active,offline_future_aligned_calibration_record,0.04939164544447672,0.05879056823941875,0.08460395307968509,-0.1133168053168816,0.0542870625247196,0.15223785315494534,0.531250923476589,0.810383434261474,0.04679807779111342,0.6690694392976478,0.5459494863881968,0.055298558606316786,-0.009747867989696369,-0.08746053312994578,0.16392742813244968,0.24609375,0.34375,0.03520100216010045,0.28125,0.71875,0.04263413171712657,0.4296875,0.0,0.046810206283327084,0.0625,0.25,0.04134494462240633,0.1388808631444804,0.18682997488809044,0.5552033706222418,0.11908579134518747
seed20261343-asof1823,training,20261343,1823,1824,1856,burst,8,6,32,0.9594795103601782,0,0.0502211227125574,hold_active,offline_future_aligned_calibration_record,0.004832016383003124,-0.15244715427482491,0.08802556628418051,-0.09132434957358382,-0.4258672053357917,0.14011682596778385,0.570121196612823,0.6935078105416143,0.04377109617255305,0.6681051090838643,0.5960378010411764,0.060751445234241724,0.07964932747266343,0.23830405326098011,0.1435618922112634,0.26953125,0.40625,0.03415664969067084,0.32421875,0.3125,0.05490101762990344,0.37890625,0.59375,0.05428953104775226,0.09375,0.0,0.042195192383643144,0.0003561305041532737,0.010673654791711116,0.9886353528564108,0.00033486184772476706
seed20261343-asof1855,training,20261343,1855,1856,1888,burst,7,7,30,0.9594795103601782,0,0.05022847329087419,hold_active,offline_future_aligned_calibration_record,-0.02487736888934644,1.1199786050849891,0.0837927135204862,-0.19799618713530776,-0.20042003622102422,0.09247644122421658,0.6041384199308802,0.7256571184000149,0.048433397468994416,0.6777541976750998,0.7890507269109854,0.05777028592483277,0.19531199473006808,0.0032367909801704095,0.12432852775843857,0.30078125,0.59375,0.03270327379955735,0.33984375,0.53125,0.05219333476471128,0.37890625,0.28125,0.05144170912877055,0.09375,0.0625,0.04250896676266842,0.003483232314255811,0.04157454916086557,0.9329852071540868,0.02195701137079185
seed20261343-asof1887,training,20261343,1887,1888,1920,normal,4,4,32,0.9199473523759002,0,1.0502361166067424,stage_candidate,offline_future_aligned_calibration_record,0.024755868415378357,0.29017117438368567,0.08976217497850777,-0.24036641966254857,-0.07706713288703759,0.1054608549321025,0.6499252294492687,0.6057136062280924,0.050907691215517734,0.6667414529391078,0.6710108396157363,0.06505522007805922,0.11286037876154964,0.1266161851825047,0.12367401183180494,0.33203125,0.34375,0.035247791200896855,0.390625,0.53125,0.06491777167751789,0.375,0.375,0.057004763430464775,0.07421875,0.0,0.026510540803741253,0.0017012315170799274,0.25865687257888603,0.7139628672743008,0.025679028629733168
seed20261343-asof1919,training,20261343,1919,1920,1952,burst,7,6,32,0.7972019923185598,0,1.0504649214841382,stage_candidate,offline_future_aligned_calibration_record,0.032363774768008335,-0.4139796144919071,0.09817725587035783,-0.27295242723809987,-0.12873559599458395,0.09311615574547262,0.659451531666546,0.75282429011465,0.05798720118743206,0.6458629257489938,0.6133107429535982,0.06897375884585188,0.1452831132142858,-0.10771950710185815,0.14803261854810235,0.34375,0.4375,0.03781790030092324,0.44140625,0.5625,0.05531744033744658,0.359375,0.21875,0.05486185043845453,0.046875,0.0,0.024334879030428632,0.007832089643604174,0.42828315879961915,0.5217753064432017,0.042109445113575124
seed20261343-asof1951,training,20261343,1951,1952,1984,normal,6,5,32,0.7972019923185598,0,1.0506282994307348,stage_candidate,offline_future_aligned_calibration_record,0.03500058975019371,-0.28811835444832423,0.1196958506213579,-0.2635861853297923,0.15312780657246505,0.08086803015741509,0.7007903998545211,0.6215114308777594,0.0597958877671499,0.603299087562816,0.6169336616687369,0.04323511216015541,0.28412477365649613,0.25167288743639993,0.1226208094827259,0.34375,0.21875,0.03495973160593752,0.48828125,0.5,0.05040409944854372,0.30859375,0.34375,0.04723899037821209,0.046875,0.0,0.026838623752912464,0.006046507073432528,0.5915604166664907,0.3878845061366773,0.014508570123399475
seed20261343-asof1983,training,20261343,1983,1984,2016,burst,9,5,31,0.7972019923185598,1,1.050349656022472,stage_candidate,offline_future_aligned_calibration_record,-0.10258238696563193,-0.44666121677689385,0.1570579628536573,-0.21294952717886262,0.5473786125058788,0.09446828871018674,0.760889619727727,0.8580560122168525,0.06218490757385452,0.6171882003290654,0.5949497245500223,0.045583607920015694,0.1872985212162187,-0.11048547228129514,0.1579617827742788,0.35546875,0.46875,0.03821944922396364,0.51953125,0.625,0.05332154319643066,0.28125,0.34375,0.04446667009512808,0.046875,0.03125,0.027075526750754773,0.017436158315046236,0.6208441090313374,0.3476391834986442,0.014080549154972396
seed20261343-asof2015,training,20261343,2015,2016,2048,burst,4,4,31,0.7972019923185598,0,1.050203937406307,stage_candidate,offline_future_aligned_calibration_record,-0.03719138877307637,0.07572344508199236,0.21051653537983572,-0.1147490716281081,0.43025352399666494,0.10603649449977284,0.7956780038752794,0.6876074845087451,0.0896220772909086,0.6745942634924778,0.592017416952837,0.056269449964580505,0.14263421643555382,0.06497123787738829,0.10509651245885535,0.37890625,0.34375,0.04559948205316445,0.5234375,0.4375,0.05489967344479599,0.296875,0.28125,0.0497633343532745,0.046875,0.03125,0.027097950997403645,0.0028788757407229304,0.8166098536404574,0.17888613783427038,0.0016251327845491282
seed20261344-asof255,validation,20261344,255,256,288,calibration_shift,2,2,29,0.9199473523759002,1,0.05,hold_active,offline_future_aligned_calibration_record,0.08764827809098308,-0.22374373595392583,0.0890732289782054,-0.08731072856054412,0.26730678743513603,0.1020792109065991,0.48750387771841414,0.31852189163285144,0.04965928374098116,0.49317566798098855,0.2423576222596793,0.040002834760709594,-0.0683090126942334,0.013896449838980928,0.1441145416747479,0.13671875,0.0625,0.034060065172865486,0.36328125,0.28125,0.050734688415533434,0.3359375,0.28125,0.05473564260627233,0.07421875,0.09375,0.03314968335375505,0.9877187566524651,0.0011090882197805484,0.000639607565113869,0.010532547562640514
seed20261344-asof287,validation,20261344,287,288,320,leakage,1,0,27,0.9467019697436669,1,0.050511432349838466,hold_active,offline_future_aligned_calibration_record,0.1072245426339189,-0.3968110822958031,0.07746414519353773,0.015684368609732324,0.2289535281729871,0.10001569765210395,0.46601190627716615,0.41212416244089606,0.04816230511297051,0.4814634776317317,0.5095131260902359,0.04605532047092475,-0.22786327220464336,0.291889642075678,0.11918832679657329,0.12109375,0.15625,0.03233558960777954,0.36328125,0.28125,0.048272351660728956,0.3203125,0.375,0.0547903395807531,0.0859375,0.15625,0.030444962590042115,0.995543878792305,0.00145095216801394,0.0006705765719948097,0.0023345924676863227
seed20261344-asof319,validation,20261344,319,320,352,normal,3,2,29,0.9732584775233029,1,0.05044368294850221,hold_active,offline_future_aligned_calibration_record,0.011156243210280747,-0.20848472830247156,0.07829622626037169,0.08296491819728913,0.3929929774667864,0.07926141557984337,0.4964973809905196,0.514917556766274,0.05200804997591146,0.46572340098639725,0.43251593982891334,0.04395640783887019,-0.11359608389137778,0.14205645546914672,0.10141816260133164,0.12109375,0.25,0.03060730546847088,0.359375,0.25,0.04750374048686119,0.30859375,0.4375,0.05096677396061399,0.10546875,0.09375,0.030741043812774045,0.9672391062134555,0.012223586611863322,0.017551343940028084,0.0029859632346531193
seed20261344-asof351,validation,20261344,351,352,384,leakage,0,0,27,0.9797909971482844,1,0.05037635580865751,hold_active,offline_future_aligned_calibration_record,-0.019470118414806725,0.2972859424497807,0.08444185134662631,0.19100206472732895,0.3157982754149795,0.05990878219232171,0.4883710749108269,0.32754941677645744,0.049133248173205954,0.4103776066178171,0.2850373424145047,0.032974450830271035,-0.09916903937894365,0.19083676188506568,0.09912833813584115,0.12109375,0.15625,0.02903835331991086,0.328125,0.3125,0.04739000093913637,0.3125,0.25,0.046236237417948335,0.11328125,0.15625,0.03675585942195023,0.9513405108145493,0.020176571598639906,0.02577296489431336,0.0027099526924975153
seed20261344-asof383,validation,20261344,383,384,416,normal,1,1,32,0.9797909971482844,0,0.050477804067376064,hold_active,offline_future_aligned_calibration_record,0.03678662588381143,-0.3031048404385208,0.07788393567837491,0.20882332589887564,0.1118483673388202,0.045168989886541826,0.4423800338811454,0.6174218259663176,0.03464453826909077,0.37213170536498963,0.46464840038587435,0.027115855472263327,-0.031107007582157967,0.21779470894477057,0.09255903945426315,0.1015625,0.21875,0.022380846655227795,0.3125,0.75,0.04148894965685085,0.3046875,0.03125,0.042145610377637845,0.11328125,0.0,0.03433633145924471,0.9899627774346751,0.0021364670077637536,0.003300371972511536,0.004600383585049622
seed20261344-asof415,validation,20261344,415,416,448,leakage,5,3,22,0.9535141934822631,1,0.05036199361234644,hold_active,offline_future_aligned_calibration_record,-0.038250827526674414,-0.021790022814677013,0.06270426036464322,0.2270607644473377,-0.8351487502132368,0.041084451428135785,0.46662294042071123,0.45594797524503056,0.03631573287204757,0.3819924874281552,0.7578964675035971,0.028127745084694514,0.06266730119085501,0.6915254580665966,0.07948848568925988,0.12109375,0.34375,0.02335200788608423,0.3984375,0.15625,0.04726542002775967,0.24609375,0.4375,0.03855655534785584,0.08984375,0.3125,0.035850175551548166,0.7996382980953415,0.07983838480117765,0.11749002200194979,0.0030332951015311005
seed20261344-asof447,validation,20261344,447,448,480,normal,4,3,32,0.9692666568807056,0,0.05050336125426758,hold_active,offline_future_aligned_calibration_record,-0.032514559736558146,0.45591917744262145,0.08173982073545837,0.22207243499742368,0.0690675833676675,0.061304836164744324,0.4873483844452378,0.43869803479374203,0.03753027491481902,0.4561325336722359,0.5261500207055216,0.04639219068247858,0.002697226839478494,0.06889703149844592,0.08736377706822424,0.16015625,0.21875,0.029494620336821504,0.375,0.4375,0.051573042826146845,0.26953125,0.375,0.04777177659623049,0.1015625,0.0,0.03892774802965202,0.03667511437370942,0.030691760348169166,0.930736907737499,0.001896217540622421
seed20261344-asof479,validation,20261344,479,480,512,burst,1,0,32,0.9692666568807056,0,0.05019948469251413,hold_active,offline_future_aligned_calibration_record,-0.028156687830551697,0.07502820944620026,0.085365560290467,0.19643046489859062,-0.24561106272744682,0.06717419570039913,0.5127564331095711,0.39520711021117233,0.03941510543147825,0.4814334474507697,0.44385680830450625,0.059609150088071335,0.013426487513159828,-0.20934566654905123,0.10340937159887574,0.17578125,0.03125,0.03476395294266964,0.3671875,0.25,0.05423778294970542,0.2890625,0.375,0.048877044876540224,0.1015625,0.0,0.04422563227461557,0.24308057096303212,0.04851409846286184,0.4835286654361434,0.22487666513796253
seed20261344-asof511,validation,20261344,511,512,544,calibration_shift,2,0,30,0.9692666568807056,1,0.05018282320474733,hold_active,offline_future_aligned_calibration_record,-0.027661888886539865,0.08593040029591736,0.08917843240321638,0.18122116307577207,-0.4382424940796844,0.07795136669934882,0.5208590638417363,0.44167709487801443,0.027869551261619562,0.5141825993691455,0.5046322922862172,0.050374803486858404,-0.019085561491752605,-0.448284771852445,0.14396955273913364,0.1796875,0.21875,0.029312113679019862,0.33984375,0.21875,0.050348809044463746,0.3203125,0.34375,0.04306653278852484,0.1015625,0.0625,0.03714199433122225,0.6380992180051158,0.017919739527563174,0.06028257820227196,0.28369846426504897
seed20261344-asof543,validation,20261344,543,544,576,normal,3,4,32,0.9647002276405966,0,0.050319920497031496,hold_active,offline_future_aligned_calibration_record,0.031945918562828135,-0.290126628813987,0.09202769043659813,0.08956961168445998,0.281699616794566,0.12321873202529562,0.5284168334510252,0.3736036427465854,0.037297330272983896,0.5825553893982229,0.7218325850783163,0.06594213057726495,-0.008161032978607922,0.5074950785309424,0.16862314716675747,0.19921875,0.3125,0.029094599224690685,0.33203125,0.3125,0.04630669724225882,0.328125,0.46875,0.04566566216375391,0.09765625,0.0,0.03372514333044012,0.5022197211164117,0.012403372239148804,0.013936256222800762,0.47144065042163874
seed20261344-asof575,validation,20261344,575,576,608,normal,4,5,32,0.9300582175897159,0,0.05014957910329078,hold_active,offline_future_aligned_calibration_record,0.03763467727392067,0.24246385927796732,0.07895120332793,0.07983262249049039,0.2610724063865224,0.12173954551468973,0.5134399263007218,0.594154338921296,0.038684952303508525,0.6072060621117908,0.5528342750988714,0.05092863836855064,-0.05203475028634867,-0.2298417826201995,0.13302805408665747,0.21875,0.28125,0.02769551888761618,0.3359375,0.4375,0.04842963479559808,0.33984375,0.375,0.04973606353000107,0.078125,0.0,0.0387191945343731,0.7528155288281697,0.0391353894446337,0.03441416502335863,0.17363491670383807
seed20261344-asof607,validation,20261344,607,608,640,normal,0,1,32,0.8953072466968959,0,0.05024629442406044,hold_active,offline_future_aligned_calibration_record,0.08553847279983717,0.11389837312316198,0.07440850128411088,0.04353833938472329,-0.4716193661021404,0.15003497435096452,0.5172112300857861,0.4319831281288474,0.03343802095990016,0.6112729339668604,0.6781061397185187,0.058436621338051865,-0.1959571148604568,0.1849887315420008,0.1690105961817837,0.22265625,0.28125,0.029756681801403343,0.359375,0.15625,0.04554097619806971,0.33203125,0.59375,0.048106294958998375,0.06640625,0.0,0.04783510963910257,0.6345838084436463,0.09631555080195277,0.0690167219105957,0.2000839188438053
seed20261344-asof639,validation,20261344,639,640,672,normal,2,3,32,0.8342467648538214,0,0.05025680521279556,hold_active,offline_future_aligned_calibration_record,0.04779530644785113,0.4984926796129583,0.06474675478982587,-0.09757609775684739,-0.12811493034372035,0.13318163954158632,0.5212698883492023,0.5556750134544967,0.03686092051917513,0.6565702547982493,0.4667809395680796,0.048741552743651106,-0.180498769984418,-0.19347569293667605,0.1505908176234313,0.23828125,0.25,0.026858639220319766,0.33984375,0.46875,0.050982624452842414,0.375,0.3125,0.04615640597256572,0.046875,0.0,0.03844686112848061,0.4992097434990788,0.10757738718733395,0.08022820368096291,0.3129846656326242
seed20261344-asof671,validation,20261344,671,672,704,leakage,4,5,27,0.831542000127776,1,0.05017226313551138,hold_active,offline_future_aligned_calibration_record,0.11513892058379493,0.5917844512584931,0.08244344799483283,-0.15212734038795084,-0.4111807454409918,0.13038095842752292,0.5196548243710072,0.4700991066290029,0.0326482573498833,0.6468606869181937,0.6956250006964992,0.06135746793091651,-0.11694359879765691,-0.6106862842418647,0.13438283604454737,0.2421875,0.40625,0.032453114058999415,0.3046875,0.34375,0.037816048968138186,0.41015625,0.53125,0.04350651046398662,0.046875,0.15625,0.030122237766218952,0.31518975197714794,0.12049594449673551,0.06285793181344966,0.5014563717126669
seed20261344-asof703,validation,20261344,703,704,736,normal,3,3,31,0.7764020684064104,0,0.050165733585496176,hold_active,offline_future_aligned_calibration_record,0.19585848077163082,0.19793062780675985,0.08499478965078874,-0.14690966697156815,-0.18146188149000664,0.08922628605549211,0.5416083775234913,0.43929986145289873,0.03741581043939366,0.6248478652189376,0.6126393687606456,0.048360082114752755,-0.10111655522932246,0.7819173525662239,0.1528840069583991,0.25,0.25,0.02968977407160677,0.328125,0.125,0.03739544861313909,0.421875,0.8125,0.04607175436147614,0.02734375,0.03125,0.01517168061376006,0.07093634829905002,0.19046507334236235,0.16618787347899833,0.5724107048795893
seed20261344-asof735,validation,20261344,735,736,768,normal,2,4,32,0.8055080021820861,0,0.05012297429105581,hold_active,offline_future_aligned_calibration_record,0.15619779697099423,0.14250538108804167,0.09699232275708028,-0.1889440146173762,-0.33039547426898985,0.11753545658758366,0.5299467793971647,0.49199970923658803,0.04906556239841732,0.6292084209837867,0.6409281429170549,0.057055474718746634,-0.12735708841882104,-0.30122657114573026,0.12884712505872753,0.25390625,0.34375,0.042947210552701176,0.2890625,0.5,0.04862397644308062,0.4765625,0.1875,0.06115424270343709,0.03125,0.0,0.02064061720843245,0.06290717895258277,0.20302145643462388,0.5532216826820663,0.18084968193072706
seed20261344-asof767,validation,20261344,767,768,800,calibration_shift,13,11,32,0.8364183395999584,0,0.050090379691624894,hold_active,offline_future_aligned_calibration_record,0.16970681305793067,-0.03327688653758676,0.09533956981424148,-0.1927308551904683,0.4455579464034436,0.12516447841670214,0.5418978339933733,0.7829863359719066,0.047050245638090155,0.6605430102973298,0.6476070057684326,0.04661625364127322,-0.1310558378633653,0.049984586196997624,0.15335078316502032,0.29296875,0.40625,0.03300810600860394,0.3203125,0.375,0.05224667322312527,0.453125,0.4375,0.05321145596025497,0.03125,0.0,0.01649396060509554,0.047764535809049755,0.27573322992799953,0.4454989900256453,0.23100324423730542
seed20261344-asof799,validation,20261344,799,800,832,leakage,3,1,28,0.7688574570493373,1,0.05029253046942693,hold_active,offline_future_aligned_calibration_record,0.17573225329181352,0.028605614076302688,0.10011417509043123,-0.06984954216846262,-0.3989289463083304,0.1531368881167163,0.5802651298059923,0.7957508738261106,0.05444743869833865,0.6970472111105294,0.5586909173549817,0.054935065805733964,-0.05980663867516558,0.1620304761793799,0.13654575111867348,0.31640625,0.40625,0.034144238278042395,0.33984375,0.53125,0.04254958792298318,0.46484375,0.25,0.04402975483572115,0.0234375,0.125,0.015010181786073629,0.01826209233804189,0.5801224607389182,0.35314336722663275,0.04847207969640727
seed20261344-asof831,validation,20261344,831,832,864,burst,6,7,32,0.794314599427113,0,1.0502322021824109,stage_candidate,offline_future_aligned_calibration_record,0.2564368865865847,-0.4851982667250305,0.07788554949594523,-0.15916183004529816,0.6026976173699368,0.10002051315976038,0.5872427034076979,0.661488348696287,0.05001080357491892,0.6743501111092448,0.837954340787896,0.04035704789011473,0.013571861477292594,0.11972009730270988,0.14231181754787614,0.328125,0.40625,0.03191717127460731,0.3671875,0.5,0.04556876442606156,0.4375,0.46875,0.05284502641703002,0.0390625,0.0,0.019436463947883394,0.006988351936779931,0.464972110800643,0.4743735364563879,0.05366600080618907
seed20261344-asof863,validation,20261344,863,864,896,leakage,8,8,21,0.7368025913671197,1,1.0512311294415964,stage_candidate,offline_future_aligned_calibration_record,0.21661620941149673,-0.7837349885523216,0.10691522684178169,-0.2128199457329527,0.15204372595907145,0.12018104876323142,0.6279850471226436,0.5184332619597105,0.0753649252752201,0.7012736911152679,0.5719477462867691,0.05032628671650572,0.11630623348015448,0.09386610854844528,0.13593626537080242,0.34375,0.40625,0.03862113467937031,0.375,0.25,0.049150065589711585,0.44921875,0.34375,0.04942529178473256,0.0390625,0.34375,0.018846102070913744,0.0055388538666100735,0.6592085741939847,0.3250467664133866,0.010205805526018597
seed20261344-asof895,validation,20261344,895,896,928,leakage,6,5,17,0.9389270047052102,1,1.0512154596412233,stage_candidate,offline_future_aligned_calibration_record,0.18523727611113006,-0.2046487402870747,0.21034411775180356,-0.11686806561775653,-0.00341856915922234,0.1418186667009445,0.739160701316095,0.8920969055751187,0.08591866061188055,0.6905573291001389,0.5245821468774021,0.05096293646555994,0.40573859843890986,0.06928618494502169,0.18308637886051496,0.359375,0.375,0.035764938341446166,0.38671875,0.1875,0.04481522119274378,0.41796875,0.3125,0.05128300058094069,0.08203125,0.46875,0.03583048280042658,0.00018114004711558383,0.07125460959626102,0.9284469863328535,0.00011726402376984295
seed20261344-asof927,validation,20261344,927,928,960,normal,6,5,32,0.992566128407556,0,1.0505106246674665,stage_candidate,offline_future_aligned_calibration_record,0.07763289651274574,0.0705287093211795,0.1829182275018221,-0.08565068462729575,0.4442888094980175,0.14704969740313728,0.7668620481713919,0.5266954538402928,0.08662143988092098,0.7029744992024772,0.6716985972080396,0.050367098108406595,0.02618781616596132,0.40101222947206927,0.1312181800100637,0.375,0.375,0.037917189102925304,0.3515625,0.40625,0.05172954471734501,0.41796875,0.40625,0.05166248867176649,0.140625,0.0,0.059128547941183815,7.093742839730002e-07,0.00015956877606562326,0.9998384072944055,1.3145552448730787e-06
seed20261344-asof959,validation,20261344,959,960,992,burst,2,2,32,0.9847654534468032,0,1.0505249419971483,stage_candidate,offline_future_aligned_calibration_record,-0.044570177088464336,-0.12788082384803978,0.12938021977739583,0.01067435959071128,0.10545482516880611,0.17729968796157983,0.7136020292340085,0.5313734223725517,0.05043481722761959,0.708878853104139,0.6517824610690944,0.06037074144052352,0.10408913266051495,-0.13164803223179056,0.14387522685621942,0.37109375,0.28125,0.03460197213465225,0.359375,0.21875,0.04587468515349697,0.40234375,0.46875,0.0437251636827251,0.12109375,0.0,0.0546531309744715,0.009825660237760412,0.025613369309726575,0.9512047942192237,0.013356176233289396
seed20261344-asof991,validation,20261344,991,992,1024,normal,8,7,32,0.9824481597866943,0,1.0505688162154474,stage_candidate,offline_future_aligned_calibration_record,-0.14329849720895593,0.0697983526988668,0.13897987734841422,0.060346826077489535,0.42047925394450725,0.16524077195114623,0.712968534097982,0.7516024418018731,0.05808271112202078,0.7094175913121411,0.5266128838507256,0.06475557362925023,0.1591224151270897,0.1342916634875093,0.11760325066641789,0.375,0.375,0.033841588404935743,0.37109375,0.28125,0.04038988952070162,0.359375,0.46875,0.03472452307449917,0.1171875,0.0,0.05430751276831185,0.030876960266827156,0.053448682425395695,0.8863191028308278,0.02935525447694933
seed20261344-asof1023,validation,20261344,1023,1024,1056,calibration_shift,2,2,32,0.9824481597866943,0,1.0505030060768794,stage_candidate,offline_future_aligned_calibration_record,-0.20507625462013102,0.21967448486745034,0.15580705834684058,0.18313339645298377,0.04272343362771047,0.1493849926619624,0.7402161037055497,0.6593961013169856,0.058804849333335366,0.6841908147761008,0.40141880688042597,0.057886553818813045,0.10262911790387139,-0.4268974796091436,0.09070825379368698,0.37890625,0.21875,0.03379190049598153,0.34375,0.53125,0.04377550692067021,0.39453125,0.09375,0.04007925983482882,0.1171875,0.0,0.05666560815842993,0.024076084975804865,0.12343987534397659,0.8169406364434262,0.03554340323679219
seed20261344-asof1055,validation,20261344,1055,1056,1088,burst,3,3,31,0.9824481597866943,0,1.0504194506641351,stage_candidate,offline_future_aligned_calibration_record,-0.15973104569888785,-0.09349045617842822,0.14831284559873764,0.11615933857015759,0.35488510477807256,0.11050345423968336,0.740142159125496,0.4397414619380319,0.05957309816233222,0.6384078586360304,0.4768585788379331,0.061377166739280904,0.08676811091878893,-0.3373185746768585,0.0737243699751327,0.35546875,0.25,0.031715438876358595,0.36328125,0.25,0.04705481378028506,0.3515625,0.375,0.03884989693210623,0.1171875,0.03125,0.0582392550252221,0.05124865544469822,0.1377063345844675,0.727021780297151,0.08402322967368335
seed20261344-asof1087,validation,20261344,1087,1088,1120,normal,0,0,32,0.9732584775233029,0,1.0505995729272648,stage_candidate,offline_future_aligned_calibration_record,-0.15371985034574842,-0.2498305510750265,0.1259504328851862,0.21466133674656973,-0.21786883299548876,0.10104112788867842,0.6831212036367537,0.286692200629333,0.04735164911639392,0.5977952623101214,0.5176378533100376,0.043686355337061465,0.020922680920654798,0.25020958799486903,0.09661611973098214,0.3359375,0.03125,0.030175961843541908,0.328125,0.25,0.05017906549440316,0.3671875,0.375,0.0430478995021071,0.10546875,0.0,0.0490804492350754,0.23258019943141323,0.13946872232046914,0.5650003160067973,0.06295076224132039
seed20261344-asof1119,validation,20261344,1119,1120,1152,normal,3,0,32,0.9732584775233029,0,0.050627560518891994,hold_active,offline_future_aligned_calibration_record,-0.15330866659666542,0.38137416752385556,0.10848145981080466,0.14668120437015797,-0.38856910545309953,0.10021153718418221,0.6162525300150422,0.48617252472562006,0.06236067732646302,0.5797414663240157,0.3595863218359409,0.044544822545187795,-0.02477463350000011,-0.003396291899552872,0.1165843180551202,0.2890625,0.25,0.04141577616486538,0.296875,0.5,0.04428412400890099,0.35546875,0.375,0.04197068788801757,0.10546875,0.0,0.050321141061033775,0.8370705550820968,0.049122311007364125,0.06168775497416575,0.05211937893637325
seed20261344-asof1151,validation,20261344,1151,1152,1184,normal,0,0,32,0.8803748112282404,0,0.050471119222869544,hold_active,offline_future_aligned_calibration_record,-0.018376169452900104,0.03788764916390619,0.08481226654639358,0.04757642728461553,-0.3645389880597931,0.12346132600885015,0.5888435505633677,0.32109747466747157,0.04505375787506709,0.5922126271295854,0.30466002005610365,0.040942803443223943,-0.23307604690061182,0.3584402801010557,0.14410861110112427,0.26953125,0.0,0.037187613326407944,0.328125,0.09375,0.05022309049291676,0.359375,0.5625,0.04093245350960326,0.0625,0.0,0.04740660827899201,0.6168230378689569,0.02989962525413309,0.017270288357766048,0.3360070485191439
seed20261344-asof1183,validation,20261344,1183,1184,1216,normal,0,0,32,0.7542644484903223,0,0.05046978075469352,hold_active,offline_future_aligned_calibration_record,-0.0018014237990653381,0.09053671036236643,0.08051790425973943,-0.04038836642995025,-0.5358988422936466,0.10442291901338252,0.5275309540805861,0.5297358059380325,0.04136367221999941,0.5891953174726149,0.24616373239385875,0.04021280196744718,-0.360507708598433,-0.6415694500921252,0.16948184471861497,0.22265625,0.09375,0.03151667809306186,0.31640625,0.1875,0.05058229104447544,0.390625,0.5625,0.0402697784381141,0.00390625,0.0,0.003875968992248062,0.7579313395961145,0.004884825212164683,0.0009242868314545725,0.2362595483602662
seed20261344-asof1215,validation,20261344,1215,1216,1248,normal,1,1,29,0.7447963409204348,1,0.05028343087715005,hold_active,offline_future_aligned_calibration_record,0.0005437260559943979,0.06731989825594464,0.0908981582166258,-0.17530225466059757,-0.2541189895805268,0.13578531822353224,0.5282843163810256,0.3424288877690784,0.04502777726488698,0.5546970785455761,0.378216824593643,0.057697278120877896,-0.30031137239720984,0.34783359720475776,0.15404318685952,0.1875,0.15625,0.03955613925469835,0.2890625,0.21875,0.05453834174240534,0.41015625,0.375,0.0549359204544171,0.00390625,0.09375,0.003967292608643035,0.22838685045898127,0.002196996284535282,0.0008027800286166849,0.7686133732278668
seed20261344-asof1247,validation,20261344,1247,1248,1280,burst,0,0,30,0.8100458248305793,0,0.0503807370267114,hold_active,offline_future_aligned_calibration_record,0.027562101079882995,-0.2980147665717259,0.0853113561256617,-0.20922471279300225,-0.08828374030645292,0.0986598977328732,0.5016341291583948,0.36890132412003634,0.04495232594335916,0.5147152409993349,0.4757860448698663,0.06574939556560494,-0.12587708369227602,0.051359779705760465,0.17278313141106788,0.171875,0.1875,0.03695071153470011,0.2890625,0.25,0.0491762377003212,0.3984375,0.40625,0.05133138718274711,0.015625,0.0625,0.005507462342346559,0.3789050523667944,0.003597060540099657,0.0019501802149833,0.6155477068781227
seed20261344-asof1279,validation,20261344,1279,1280,1312,calibration_shift,3,3,32,0.777168624307847,0,0.05029096213765249,hold_active,offline_future_aligned_calibration_record,-0.022510628861549087,-0.3598789415342848,0.07952768366271712,-0.23661984861728236,-0.05643389194902726,0.07713141377509848,0.4749877846502433,0.5530884723085507,0.043307260351706005,0.47297903999816604,0.5914938610189254,0.0590235032830345,-0.11243680503394579,0.359109571665874,0.150474102666827,0.1484375,0.3125,0.03377873887500909,0.28515625,0.5,0.045562120054003355,0.390625,0.03125,0.04973636788945716,0.0234375,0.0,0.014783576989291962,0.7814360572217972,0.01328148476555462,0.009127124160093092,0.19615533385255524
seed20261344-asof1311,validation,20261344,1311,1312,1344,normal,0,0,32,0.7654526832128148,0,0.0502662187474365,hold_active,offline_future_aligned_calibration_record,-0.06560256888223681,-0.1583201439941384,0.07636003936593012,-0.26209379057622917,-0.17403782339056217,0.05508609854763632,0.4692597379498889,0.5251754894852316,0.03375181230377012,0.48608845497887043,0.5805040205209226,0.05650517207638466,0.019564661073544386,0.13983751694303237,0.11152628827756497,0.16015625,0.09375,0.03193400378890066,0.28125,0.5,0.03685785526691592,0.3828125,0.21875,0.04182942708333332,0.0234375,0.0,0.014339684913566665,0.8225220972262933,0.08724561746870921,0.04400851121037223,0.046223774094625275
seed20261344-asof1343,validation,20261344,1343,1344,1376,normal,3,3,30,0.7537155670623934,1,0.050406792253814836,hold_active,offline_future_aligned_calibration_record,-0.07166040102540205,0.20270539417132727,0.10464506297522484,-0.3018484576156062,0.2288779311013054,0.0550912688933153,0.48064566729402797,0.4971611142248358,0.04158553130945904,0.4566236526997923,0.4529053030903417,0.03977990494461804,0.16289571750221507,-0.32800507803867174,0.12929068431510912,0.140625,0.1875,0.03939416950728984,0.3125,0.375,0.04675536050769063,0.36328125,0.3125,0.040663309630246024,0.01953125,0.0625,0.013691790341947875,0.8083181388721443,0.10473835368667414,0.03295402679562204,0.053989480645559404
seed20261344-asof1375,validation,20261344,1375,1376,1408,normal,3,2,31,0.7330511462937768,0,0.05025332136140246,hold_active,offline_future_aligned_calibration_record,-0.0016894452857199038,-0.06556291051767382,0.08303373243665536,-0.2586174074210956,0.057267240426691624,0.07810084775396497,0.5054376818961257,0.624085983935983,0.03819856606123962,0.4797793188354325,0.5733031112250985,0.0451450988478692,0.17378394697627167,0.1835319324843436,0.15061571831041104,0.16015625,0.28125,0.03359472330400665,0.328125,0.40625,0.04354750466554565,0.35546875,0.3125,0.04692599635883711,0.02734375,0.03125,0.015018247575931377,0.8233603198649774,0.06307837349575734,0.03242397462180231,0.08113733201746279
seed20261344-asof1407,validation,20261344,1407,1408,1440,normal,1,3,32,0.7490408301703841,0,0.050259233252987756,hold_active,offline_future_aligned_calibration_record,-0.04982013017207687,0.025525418285623713,0.08059027750570961,-0.2057580208097327,0.05778760923938764,0.09157656769164854,0.5015882789900555,0.4536754347302597,0.03526680965012879,0.5101631907734971,0.6667500574927148,0.03859513795585835,0.21373096201457883,0.26184363016711065,0.15179886538681595,0.1640625,0.21875,0.033031944868289,0.31640625,0.21875,0.04327481737972725,0.34765625,0.34375,0.0591470739927807,0.03125,0.0,0.015156706832919928,0.7834822862973373,0.10715248287932355,0.05582975090336874,0.053535479919970486
seed20261344-asof1439,validation,20261344,1439,1440,1472,leakage,2,2,25,0.7193131482161913,1,0.050221099623252136,hold_active,offline_future_aligned_calibration_record,-0.056712355977108775,-0.2404869617561487,0.06801265361370236,-0.14820876490006696,0.3344320211042222,0.10646874346078557,0.5184485308734496,0.5582224446073442,0.03476334330242692,0.5521154710390326,0.704373893927092,0.040677955797916956,0.23395559780534897,0.15924994385805877,0.17334035664892616,0.19140625,0.3125,0.03392005628717666,0.33203125,0.5,0.04162300183401407,0.3203125,0.1875,0.03909794244041298,0.03125,0.21875,0.013845572969845909,0.8762906592275004,0.05451018919529421,0.022207376268764387,0.04699177530844111
seed20261344-asof1471,validation,20261344,1471,1472,1504,normal,0,0,30,0.8633881488673438,1,0.05037826527795,hold_active,offline_future_aligned_calibration_record,-0.09385516158786666,-0.4986895550037762,0.07237734834350511,-0.021630496617116135,0.3803224611018021,0.0791987691777074,0.521575627608133,0.3880717509705403,0.03641187452105458,0.5761800146002619,0.5381597691080496,0.04577729272763136,0.3571187652937488,0.5466341717040062,0.14848633628524932,0.21875,0.375,0.032034576869429295,0.37109375,0.34375,0.041872469950549336,0.2734375,0.40625,0.03706646751554179,0.05859375,0.0625,0.024047581080470143,0.2721481483852294,0.10827048527110024,0.6026385579930955,0.016942808350574937
seed20261344-asof1503,validation,20261344,1503,1504,1536,normal,3,3,32,0.847199768854538,0,0.05040686245667361,hold_active,offline_future_aligned_calibration_record,-0.1948699113069332,-0.18177846318096003,0.07787722845158236,0.08596406028419068,-0.1265841170866766,0.11583693902053367,0.5402293473346796,0.47556765671835827,0.03479671955293825,0.5986041647287621,0.5210274621578398,0.03869241654698943,0.4644522637840868,0.04042422504801684,0.17127984263100188,0.24609375,0.15625,0.027878563314775943,0.38671875,0.375,0.04489891249891589,0.27734375,0.28125,0.03783005680262673,0.0546875,0.0,0.018642996176141104,0.4161367997153008,0.25499417453292555,0.3258342118406211,0.0030348139111525626
seed20261344-asof1535,validation,20261344,1535,1536,1568,calibration_shift,3,7,32,0.801772027749132,0,0.05009705951592528,hold_active,offline_future_aligned_calibration_record,-0.17105023120806484,-0.3214402617437039,0.07782637529946196,0.08457784259846757,-0.7675482123055418,0.09141939643102774,0.5526816968714368,0.3242279341737538,0.03290650921148744,0.6066447918438604,1.0751998239606326,0.04684503022129563,0.5071278697857732,0.026315192518479864,0.15133200740639385,0.2421875,0.3125,0.03056771365395796,0.40234375,0.0625,0.03620417228191802,0.26171875,0.75,0.03732494690828576,0.046875,0.0,0.019528052658678328,0.5456597945830345,0.23529852962641915,0.19889488485713064,0.02014679093341569
seed20261344-asof1567,validation,20261344,1567,1568,1600,normal,6,4,32,0.8655225642680839,0,0.050290319901426656,hold_active,offline_future_aligned_calibration_record,-0.18165750719035323,0.5088320008979867,0.0680060046097033,0.10149778020763578,-0.10365665246949085,0.10165644886686345,0.522486453338002,0.42427835625958926,0.03982965437930926,0.6418577787130496,0.7391578020268387,0.05212197298968538,0.43018901791039754,-0.10709977074816375,0.16206148013451444,0.2421875,0.34375,0.03679676367901282,0.34765625,0.21875,0.040574053257507535,0.3515625,0.75,0.04091728803251442,0.046875,0.0,0.02061777770988681,0.40030492496942477,0.22838356418402267,0.3566084756946019,0.014703035151950742
seed20261344-asof1599,validation,20261344,1599,1600,1632,normal,2,1,32,0.8759950906218386,0,0.050810420364890106,hold_active,offline_future_aligned_calibration_record,-0.10829713321026224,0.3166546335262581,0.10026773382066581,0.12687559247607805,-0.03147623092798635,0.11223461099394352,0.5651948735691993,0.35101421859987564,0.049228028837188666,0.6541131639650303,0.5051592949093753,0.07365444501486747,0.14125805520696674,-0.1136052718760201,0.12900155353476098,0.2734375,0.1875,0.036906440391986164,0.3125,0.5,0.045881078053218255,0.41796875,0.375,0.06002153116244463,0.046875,0.0,0.020030870228140037,0.2799877823149044,0.352725075564548,0.33331346125142336,0.0339736808691243
seed20261344-asof1631,validation,20261344,1631,1632,1664,leakage,5,5,27,0.8288101139132626,1,0.05019704782000896,hold_active,offline_future_aligned_calibration_record,-0.0715961599631163,-0.5032648325248372,0.10972582839576527,0.06602736097882178,-0.13992450261652079,0.1428294343669318,0.5638355988824384,0.6294745369771427,0.038746332893255436,0.662463002989201,0.8535042347141921,0.05905424450321594,0.05394479723478915,0.5377871837764118,0.13295688351674295,0.2734375,0.40625,0.026755512710192587,0.328125,0.25,0.04831513762333196,0.42578125,0.5,0.047897094773162015,0.0390625,0.15625,0.018888925628911327,0.4924113577326377,0.1721605870910941,0.17489111552742306,0.16053693964884516
seed20261344-asof1663,validation,20261344,1663,1664,1696,normal,3,2,29,0.8440749731802539,1,0.050218556418106935,hold_active,offline_future_aligned_calibration_record,-0.10851402991557091,0.056100628626875704,0.14106053951371827,0.056385517621504455,-0.2871685761446252,0.15012456909741684,0.5780934079299089,0.4799160370921217,0.049027252573753455,0.6958109786364252,0.5019692239068343,0.06607671657046559,-0.054683511711927785,0.019575641597594402,0.16786021034485252,0.2890625,0.21875,0.04053654058430607,0.30859375,0.59375,0.04750274465434384,0.44921875,0.09375,0.06170818781903793,0.0546875,0.09375,0.023723093469408516,0.0628078971929569,0.28008741151130034,0.6309617055694046,0.026142985726338306
seed20261344-asof1695,validation,20261344,1695,1696,1728,normal,1,2,32,0.8953072466968959,0,0.050156257524650534,hold_active,offline_future_aligned_calibration_record,-0.10535156173255844,0.3694334674045825,0.11460477197623524,-0.019253472643127045,-0.04462736283853763,0.13850738067116414,0.5830466589993493,0.6136580891492983,0.04745396999672124,0.6854261311172234,0.729826658863148,0.058336638356719386,-0.14198723970217098,-0.05890011018595373,0.12150504627555296,0.2890625,0.3125,0.03759327746803527,0.35546875,0.375,0.0503381346136204,0.41796875,0.3125,0.06754179094224194,0.06640625,0.0,0.024428009409163814,0.027633379703009785,0.11890587617980192,0.8344286084362736,0.019032135680914632
seed20261344-asof1727,validation,20261344,1727,1728,1760,normal,4,4,32,0.7851764669496238,0,0.05013239126381949,hold_active,offline_future_aligned_calibration_record,-0.04084955640403831,0.3498973202728488,0.12754418978066806,-0.056223654115851396,-0.16962805789437674,0.16199976899109256,0.6040719696734106,0.6187549011434376,0.04385694229099404,0.677595587520758,0.39986277775652623,0.07951659681046987,-0.16534503574281922,-0.18435471391193647,0.11995549515368267,0.2890625,0.25,0.041292783743610256,0.33984375,0.5625,0.0417811320091107,0.43359375,0.125,0.050779908550276455,0.0390625,0.0,0.019311449214844796,0.05468119428200532,0.3213625793085734,0.549948244608963,0.07400798180045833
seed20261344-asof1759,validation,20261344,1759,1760,1792,leakage,1,1,22,0.8255612323253007,1,0.05027441486992915,hold_active,offline_future_aligned_calibration_record,0.08743619760838062,-0.10171822867237057,0.12446163453040386,-0.14664766637674664,-0.275072517798574,0.09516196734992666,0.5995172205365851,0.408918436812622,0.04586487601930341,0.6247694491989345,0.6997442185290274,0.07068553039785314,-0.09702970150923815,-0.13811842695450785,0.07249782873539477,0.2734375,0.28125,0.03665910312538616,0.3671875,0.1875,0.05286335631630417,0.3984375,0.375,0.07184163879825187,0.03125,0.3125,0.019823199323571888,0.06671243320892215,0.25901262492727206,0.45567678086452074,0.21859816099928508
seed20261344-asof1791,validation,20261344,1791,1792,1824,calibration_shift,7,9,32,0.9084268146158385,0,0.050092977384623885,hold_active,offline_future_aligned_calibration_record,0.0928445926465602,0.5077420138416973,0.13046300964539087,-0.16341497138613947,0.18592513354592866,0.076100060967095,0.5850872164955674,0.8026166256875287,0.05134127128920444,0.6493647970182862,0.6684600772033642,0.07485607725380324,-0.11689909767410507,-0.16330838071969,0.06242331369126529,0.2890625,0.34375,0.046614472921108256,0.34375,0.34375,0.05555258848956208,0.41015625,0.5,0.06414822621911026,0.0703125,0.0,0.0308815565019699,0.004048622791227062,0.02370581876008106,0.9666744021432652,0.005571156305426705
seed20261344-asof1823,validation,20261344,1823,1824,1856,leakage,3,3,19,0.9084268146158385,1,0.050217085072863016,hold_active,offline_future_aligned_calibration_record,0.2097022856563735,0.10186937520093875,0.10474888422651749,-0.12593755431790044,0.03198247999635262,0.0684083106302397,0.6043697420458527,0.7287975961350435,0.04605190507599837,0.6306817025813433,0.6484639840400951,0.0565842504631894,-0.16077409482807323,0.07753651708605404,0.0863235497382539,0.29296875,0.21875,0.038218607559813024,0.37890625,0.28125,0.047780450265293414,0.37890625,0.28125,0.060934037019721346,0.0703125,0.40625,0.033992888343536226,0.006529340728304372,0.08735853778786323,0.8845985116108991,0.021513609872933367
seed20261344-asof1855,validation,20261344,1855,1856,1888,burst,12,9,29,0.9847654534468032,1,1.0501721823728327,stage_candidate,offline_future_aligned_calibration_record,0.1348881995250364,0.5375516603322072,0.11791846654152859,-0.11024589022604192,0.14716958254395518,0.06651095564745413,0.6248303036446572,0.6971947084960963,0.05378547664977251,0.6231964412348211,0.7805770789599598,0.06421966813734613,-0.09497484819207204,0.0886478847575762,0.10890381397250079,0.27734375,0.40625,0.04181879518799687,0.38671875,0.5,0.04441131613554485,0.3203125,0.15625,0.05411396606882114,0.12109375,0.09375,0.042953951050017404,1.7729783714900413e-05,0.0006916106615393096,0.9992578913468252,3.27682079206797e-05
seed20261344-asof1887,validation,20261344,1887,1888,1920,normal,2,2,29,0.9900756849287696,1,1.0503290910035916,stage_candidate,offline_future_aligned_calibration_record,0.11016100120697847,-0.04183287509563893,0.12177115712213597,-0.11011100702467913,0.13529137980574046,0.07031287187225047,0.6819603910819556,0.569358326319672,0.037480246044102015,0.6595755794164894,0.3367015212326732,0.05774508765227741,-0.03050566777025621,-0.03453010827938596,0.11002529238093144,0.3046875,0.09375,0.03238774551599825,0.38671875,0.28125,0.052879389766065606,0.29296875,0.34375,0.05293764903441698,0.1328125,0.09375,0.051179398640291814,0.0016857928949679055,0.01787157172848795,0.9707000610240567,0.009742574352487526
seed20261344-asof1919,validation,20261344,1919,1920,1952,burst,5,6,32,0.9867851236374718,0,1.0504589050659439,stage_candidate,offline_future_aligned_calibration_record,0.13819097459411345,-0.1398592511291188,0.11245143025236813,-0.045258075119026575,-0.23145110295223725,0.08427162366375114,0.6425057987218004,0.6784980715938983,0.03762381368993745,0.6039017697723479,0.5975951639967936,0.04664773491491162,-0.08542301023200202,0.17883837663779695,0.1406844615508318,0.265625,0.375,0.029648127376422223,0.390625,0.1875,0.04890614890916052,0.2734375,0.5,0.05259234247404725,0.125,0.0,0.05150758315157893,0.085194819001949,0.042032079518235364,0.8381735937126692,0.03459950776714654
seed20261344-asof1951,validation,20261344,1951,1952,1984,normal,4,4,32,0.9797909971482844,0,1.0502410549283987,stage_candidate,offline_future_aligned_calibration_record,0.12722652377331323,0.1734842113791808,0.12404940144179936,-0.02717329469222185,0.022668806826231735,0.07981141798685874,0.6772648011837512,0.6566708434508364,0.03988938340411914,0.6121572333600923,0.6534842597071865,0.047859570570647686,-0.05284965400679399,0.047988417079762785,0.09318163760916846,0.28515625,0.28125,0.035192346627513006,0.33984375,0.34375,0.04751262238947288,0.32421875,0.28125,0.04823972736079864,0.11328125,0.0,0.04384267079229292,0.03544335252357007,0.08570021279452497,0.8348385974987207,0.04401783718318433
seed20261344-asof1983,validation,20261344,1983,1984,2016,burst,8,7,31,0.9797909971482844,0,1.0502464671365668,stage_candidate,offline_future_aligned_calibration_record,0.09682789668432723,0.6624136873575848,0.09461824541210173,-0.020760553203730936,0.24274238010220284,0.08242675924528935,0.6759990540159977,1.0703202923060238,0.04149744507885408,0.6045961074896904,0.625700202673949,0.05555091158230608,0.08553066636894585,-0.0978711615603238,0.1294430933621278,0.28125,0.34375,0.03153732454017016,0.3359375,0.5625,0.04922827111707598,0.3203125,0.3125,0.05105650364552434,0.11328125,0.03125,0.05258025219749582,0.06521728555282451,0.1966650265284865,0.6414802174438586,0.09663747047483032
seed20261344-asof2015,validation,20261344,2015,2016,2048,leakage,4,3,14,0.9824481597866943,1,1.050503050332203,stage_candidate,offline_future_aligned_calibration_record,0.060772900072369795,-1.1585978126670156,0.12743556623982438,0.05083440737609202,0.11842309571753762,0.09330511362559404,0.7057881139859216,0.6493398804740527,0.04017412473623056,0.6364882365548392,0.6303838525463058,0.057214617110033394,0.3616250290664534,-0.01007324996062618,0.14554861534246114,0.29296875,0.59375,0.030577925823088443,0.3359375,0.28125,0.0483342066969365,0.34375,0.09375,0.042544562434488,0.1171875,0.5625,0.04940553315480415,0.019248944390044216,0.33151793822294673,0.584716946302573,0.06451617108443604
seed20261345-asof255,validation,20261345,255,256,288,calibration_shift,0,0,21,0.953125,1,0.05,hold_active,offline_future_aligned_calibration_record,0.12629631961504684,-0.46717485802730385,0.08591346428310076,0.023956743911472733,-0.06110162795678109,0.07006446327914294,0.4998040402882068,0.36853345337197296,0.0474223319655454,0.43929222767756404,0.46235375805912715,0.03311346227421706,0.11517341641840925,0.5966148898352022,0.1500873021088363,0.17578125,0.15625,0.0337865244532318,0.26171875,0.34375,0.051962831152544825,0.390625,0.21875,0.04866598669275086,0.015625,0.34375,0.011964195484290186,0.9999999999999967,9.999999999999967e-16,9.999999999999967e-16,9.999999999999967e-16
seed20261345-asof287,validation,20261345,287,288,320,burst,1,0,32,0.953125,0,0.05025210748289404,hold_active,offline_future_aligned_calibration_record,0.10509692970701012,0.0787746113975043,0.117419291882409,0.05299888315958001,0.05342078958451979,0.04655297834328055,0.5547849593803692,0.5507641386933627,0.059095507686618975,0.4348630913364191,0.6046879481991989,0.020006783004891053,0.09231686501862173,0.22346778862734548,0.11371266553619,0.19140625,0.25,0.03791599139336367,0.296875,0.3125,0.04613282746285191,0.37890625,0.46875,0.048313727701073235,0.05859375,0.0,0.037031737836552774,0.9999999999999967,9.999999999999967e-16,9.999999999999967e-16,9.999999999999967e-16
seed20261345-asof319,validation,20261345,319,320,352,normal,2,2,32,0.953125,0,0.05015996366691621,hold_active,offline_future_aligned_calibration_record,0.07671779899718656,-0.04888461708299441,0.0901953114731048,0.050454080071905105,0.05585411828670672,0.05826219955407859,0.5243701384732341,0.3028754435818163,0.04776735549759771,0.44911120950115596,0.438939382385199,0.0322465576902859,0.07132641365420199,0.2768672512715177,0.1469788820573088,0.16796875,0.09375,0.031219891773041443,0.31640625,0.21875,0.051418162239418044,0.3515625,0.28125,0.05592195095004533,0.05859375,0.0,0.03756346806445745,0.9999999999999967,9.999999999999967e-16,9.999999999999967e-16,9.999999999999967e-16
seed20261345-asof351,validation,20261345,351,352,384,normal,2,1,31,0.9609375,0,0.05012616558067728,hold_active,offline_future_aligned_calibration_record,0.07961868986602405,-0.12724022700182025,0.09394023377783989,0.06783039188532736,-0.034463706878478106,0.05421605017024428,0.5013383162143003,0.45544550473848,0.047278277056444364,0.45053531689663834,0.4930588675944109,0.02773733375345739,0.1017214983188688,0.20323167499446118,0.1289498483708745,0.15625,0.125,0.0255555327568716,0.30078125,0.3125,0.04250812100309453,0.3515625,0.4375,0.03981627755794935,0.0546875,0.03125,0.03332054256082303,0.9999999999999967,9.999999999999967e-16,9.999999999999967e-16,9.999999999999967e-16
seed20261345-asof383,validation,20261345,383,384,416,normal,4,5,32,1.0,0,0.050261264631655776,hold_active,offline_future_aligned_calibration_record,0.019827057907503054,-0.7097843276592657,0.0774067612800884,0.08986507039442326,0.27050732370347497,0.05371046952199175,0.46983434365518295,0.5507830765151541,0.04323211824009231,0.4560177650922501,0.32233950162023717,0.025525338151364072,0.15212549655444826,0.2046615610556021,0.11576859238032614,0.140625,0.46875,0.027374665306585097,0.28125,0.59375,0.04020525871849392,0.3671875,0.21875,0.04130396334781744,0.046875,0.0,0.03730689490581239,0.9999999999999967,9.999999999999967e-16,9.999999999999967e-16,9.999999999999967e-16
seed20261345-asof415,validation,20261345,415,416,448,normal,2,1,32,1.0,0,0.05031596268368884,hold_active,offline_future_aligned_calibration_record,-0.07024301788813037,-0.19592672849257253,0.08072324381789571,0.11932213562797345,0.20180002628612503,0.05121623460595185,0.5248172060094729,0.4408201776022761,0.0408900326461628,0.4497698007973648,0.5210996720217134,0.027415837667068156,0.17467192361300038,0.21811194682968604,0.16211023849724907,0.19140625,0.1875,0.028761790025422666,0.3359375,0.40625,0.04154947239014342,0.3359375,0.375,0.04334856310651959,0.046875,0.0,0.03580470220277083,0.9999999999999967,9.999999999999967e-16,9.999999999999967e-16,9.999999999999967e-16
seed20261345-asof447,validation,20261345,447,448,480,normal,1,1,32,0.9609375,0,0.05015227115464091,hold_active,offline_future_aligned_calibration_record,-0.10153696752510344,-0.11172890021996351,0.07548741015767464,0.09950747059538334,-0.06635739195963253,0.0451423084704376,0.5196977450114049,0.3503507785233936,0.037998732487678655,0.4658730392725086,0.6224060619273555,0.026189483410418688,0.14603660431063456,0.023821500579122124,0.17825142870504485,0.19140625,0.1875,0.030666905862258433,0.34375,0.25,0.04247334125916216,0.34765625,0.40625,0.04504365388030398,0.046875,0.0,0.03697159892474145,0.9999999999999967,9.999999999999967e-16,9.999999999999967e-16,9.999999999999967e-16
seed20261345-asof479,validation,20261345,479,480,512,leakage,1,0,25,0.984375,1,0.05037236183795257,hold_active,offline_future_aligned_calibration_record,-0.16508671196814562,0.2772642681973789,0.0670653891716108,0.08905807316515912,-0.09397582487157785,0.047133759258520445,0.5009427118820907,0.43662882854490126,0.04553168471873859,0.4949171793362687,0.4988810670951305,0.03599554381267971,0.2653907903355508,0.008001925741261495,0.15673529888293142,0.203125,0.15625,0.02934720998391866,0.359375,0.5625,0.04290317303870931,0.34765625,0.1875,0.03374645719149078,0.046875,0.21875,0.035631629116738894,0.9999999999999967,9.999999999999967e-16,9.999999999999967e-16,9.999999999999967e-16
seed20261345-asof511,validation,20261345,511,512,544,calibration_shift,0,1,32,1.0,0,0.050292906918416924,hold_active,offline_future_aligned_calibration_record,-0.1426571155860623,-0.10000388669449856,0.08763920352158096,0.05708438419992423,-0.08521238350187721,0.05873567404560292,0.506651302285546,0.28685091812696795,0.050067045170401656,0.5101803923266889,0.6005503754663614,0.037273938177655216,0.18366978719163504,-0.5257108461536123,0.1510803137664815,0.203125,0.15625,0.0382408311787261,0.375,0.09375,0.047306876788466005,0.32421875,0.4375,0.045377017037774366,0.07421875,0.0,0.03979384011928661,0.9999999999999967,9.999999999999967e-16,9.999999999999967e-16,9.999999999999967e-16
seed20261345-asof543,validation,20261345,543,544,576,normal,2,2,32,1.0,0,0.050399530534033,hold_active,offline_future_aligned_calibration_record,-0.08596633010039145,-0.17717564818169085,0.05354612493538321,0.06146154905031875,0.07554675479842055,0.06689251997386654,0.4756106416220698,0.3286237189130738,0.04697013655198537,0.5268487236669762,0.4355892587708155,0.03105729347241629,0.023558212978935653,-0.6440008723412995,0.11574987067522954,0.203125,0.03125,0.034413836230518434,0.34375,0.1875,0.043405795522260024,0.3515625,0.03125,0.04164268166620551,0.03125,0.0,0.02010253523149176,0.9999999999999967,9.999999999999967e-16,9.999999999999967e-16,9.999999999999967e-16
seed20261345-asof575,validation,20261345,575,576,608,normal,2,1,32,1.0,0,0.05035174994308828,hold_active,offline_future_aligned_calibration_record,-0.11544432480006739,0.11172394522220297,0.053670732014914624,0.06434200891312902,-0.7741210130162802,0.06766519811309697,0.4459657191332497,0.45622116615800007,0.046122313442907154,0.5060326653121348,0.9360873824386124,0.031145909334442046,-0.0981652876910009,0.0880044014133164,0.16541802691113314,0.17578125,0.3125,0.034244508757658124,0.328125,0.21875,0.04246821763624935,0.296875,0.5625,0.03717494134311042,0.03125,0.0,0.02120414609327033,0.9999999999999967,9.999999999999967e-16,9.999999999999967e-16,9.999999999999967e-16
seed20261345-asof607,validation,20261345,607,608,640,normal,2,3,32,1.0,0,0.05043231864220338,hold_active,offline_future_aligned_calibration_record,-0.09983360299090438,0.1360007657455511,0.05818765988020099,0.058577857704414704,-0.2550284531260838,0.06953803037008544,0.47101682457495975,0.5105842855788975,0.0360862014256966,0.5586738269725561,0.6567106962170974,0.042314130542979195,-0.29978394400574926,-0.25099397189841016,0.19471686554758835,0.203125,0.21875,0.031209040850401375,0.328125,0.1875,0.046931641281061774,0.33203125,0.5,0.045898890984229695,0.03125,0.0,0.01963483197863218,0.9999999999999967,9.999999999999967e-16,9.999999999999967e-16,9.999999999999967e-16
seed20261345-asof639,validation,20261345,639,640,672,normal,4,6,32,0.9765625,0,0.05023682082693341,hold_active,offline_future_aligned_calibration_record,-0.07057253049085266,-0.23456327902397733,0.06327304340423663,0.047639445194186836,-0.009963179691016899,0.10548426677470504,0.48325673141562103,0.7225287728077248,0.04048463538032673,0.5849152388024287,0.5874653842086768,0.03811091094873565,-0.4171149576321943,-0.023816307963369553,0.18954908482281482,0.21484375,0.4375,0.0321381324915293,0.3125,0.40625,0.04521124958663447,0.33984375,0.46875,0.039564414032361744,0.02734375,0.0,0.020646116924459897,0.9999999999999967,9.999999999999967e-16,9.999999999999967e-16,9.999999999999967e-16
seed20261345-asof671,validation,20261345,671,672,704,leakage,5,5,21,0.953125,1,0.05035112187150284,hold_active,offline_future_aligned_calibration_record,-0.04016259928997923,0.5080022014697534,0.06791068790227163,-0.021741129941438286,-0.37688797408192776,0.10854167332717587,0.4660986162732349,0.39510641118717515,0.03623532558442106,0.6093878674932192,0.5647749018999617,0.04442967029159063,-0.28561083115565583,-0.3743969681070029,0.1492823695695489,0.2109375,0.28125,0.029503600591756836,0.2890625,0.4375,0.05325084210474826,0.37109375,0.1875,0.04460700275577011,0.02734375,0.34375,0.021355400094132955,0.9999999999999967,9.999999999999967e-16,9.999999999999967e-16,9.999999999999967e-16
seed20261345-asof703,validation,20261345,703,704,736,normal,1,1,32,0.984375,0,0.05034418037185556,hold_active,offline_future_aligned_calibration_record,0.04643460474946459,0.19346589438203776,0.08683623144477796,-0.10688857059428236,-0.1890710420429047,0.08845175761529328,0.49125108852357613,0.45014174466016105,0.04004271186743661,0.6173313372372562,0.49071490458429234,0.04127982497113498,-0.4269761536094342,0.23516393599327928,0.16658588998014603,0.22265625,0.1875,0.029436503308007577,0.29296875,0.3125,0.04524204265609995,0.34765625,0.34375,0.04493901549016243,0.0703125,0.0,0.04925086717254788,0.9999999999999967,9.999999999999967e-16,9.999999999999967e-16,9.999999999999967e-16
seed20261345-asof735,validation,20261345,735,736,768,normal,2,3,32,0.9765625,0,0.05037247840630534,hold_active,offline_future_aligned_calibration_record,0.09619679746124654,0.1406166206277062,0.08315699195088765,-0.12635320298187014,0.009713122540107921,0.09915717014017607,0.500407302442042,0.6462584162517363,0.03399712019860527,0.5997636941222809,0.693571674411847,0.04172283232291126,-0.28208366689165537,-0.024416827921028235,0.15074765340119048,0.22265625,0.28125,0.032441917377421595,0.30078125,0.34375,0.048111014802319566,0.33984375,0.34375,0.04637484673420997,0.0703125,0.0,0.03601421332287757,0.9999999999999967,9.999999999999967e-16,9.999999999999967e-16,9.999999999999967e-16
seed20261345-asof767,validation,20261345,767,768,800,calibration_shift,6,9,30,1.0,1,0.05012043334448607,hold_active,offline_future_aligned_calibration_record,0.0715950105271228,1.0377595053245663,0.0808099887353311,-0.12008437879088874,-0.6693919907509058,0.09251594893090803,0.5198136334810248,0.6874936387180764,0.04051679481206434,0.6259458684289054,0.587870668470213,0.04071990210064905,-0.29463188566774523,0.007483450384790908,0.19238372959338165,0.23828125,0.5625,0.03451924411296838,0.2734375,0.59375,0.04866338155648801,0.359375,0.28125,0.048404661767715865,0.04296875,0.0625,0.038063673157578505,0.9999999999999967,9.999999999999967e-16,9.999999999999967e-16,9.999999999999967e-16
seed20261345-asof799,validation,20261345,799,800,832,normal,6,5,32,1.0,0,0.05046232326297178,hold_active,offline_future_aligned_calibration_record,0.14448564518329698,-0.5848832188182004,0.08431367046778121,-0.18833723626211918,0.0812571336626493,0.11618366237413436,0.5987300583844652,0.6067041446291181,0.05334287964724051,0.6511784706667356,0.427813392548816,0.045779842567087704,-0.20073249546843214,-0.28647104071422086,0.09580058615457249,0.2890625,0.21875,0.04137920948768631,0.3359375,0.53125,0.047086973117941085,0.33984375,0.15625,0.05085508686622568,0.05078125,0.0,0.029564273970591897,0.9999999999999967,9.999999999999967e-16,9.999999999999967e-16,9.999999999999967e-16
seed20261345-asof831,validation,20261345,831,832,864,burst,8,8,30,0.9921875,0,0.05024307303302177,hold_active,offline_future_aligned_calibration_record,0.1857569312323346,-0.1814749609898405,0.1299836255263469,-0.185785042812042,0.7025316729993125,0.10290067259513537,0.6604866713286555,0.6716293544736058,0.07478397851789015,0.6506789594220026,0.7790750208670704,0.041838826430500804,-0.1127731034377659,0.09306920769601451,0.07509000145465448,0.3125,0.5,0.03784050927068873,0.37890625,0.40625,0.04441621561331754,0.35546875,0.40625,0.04377827325469377,0.05078125,0.0625,0.04129182142309616,0.9999999999999967,9.999999999999967e-16,9.999999999999967e-16,9.999999999999967e-16
seed20261345-asof863,validation,20261345,863,864,896,leakage,7,7,21,0.953125,1,0.05012793953955305,hold_active,offline_future_aligned_calibration_record,0.16257938151560225,0.25636111596958155,0.17364953812783757,-0.15007856957656274,0.6308947027122971,0.12653253781838064,0.7061214221826633,0.7041489592043945,0.07118127821990955,0.6610599862132813,0.6511824169424016,0.04918746603244481,-0.10981288344162035,0.23756986698955523,0.11177047170079836,0.3359375,0.28125,0.03925843523392117,0.40234375,0.09375,0.04562337767554914,0.3359375,0.5,0.04083136751208533,0.05859375,0.34375,0.03514246863921956,0.9999999999999967,9.999999999999967e-16,9.999999999999967e-16,9.999999999999967e-16
seed20261345-asof895,validation,20261345,895,896,928,burst,12,7,30,0.9692666568807056,1,0.050162508348030946,hold_active,offline_future_aligned_calibration_record,0.184351841186005,0.2977703151035833,0.1693022502410427,-0.07686946822588858,-0.25040597419163446,0.1463207584760403,0.7391964291706982,0.7990970623172724,0.08361020586579479,0.7012072570488933,0.816284176260824,0.06785686361829174,-0.10203542547200121,0.08422451917464328,0.12416540274638607,0.34375,0.40625,0.032064569255234786,0.390625,0.625,0.03926614629064664,0.3359375,0.28125,0.03855851834767373,0.1015625,0.0625,0.041011518876924925,0.9999999999999967,9.999999999999967e-16,9.999999999999967e-16,9.999999999999967e-16
seed20261345-asof927,validation,20261345,927,928,960,normal,5,5,32,0.976745950404165,0,0.05015678656178432,hold_active,offline_future_aligned_calibration_record,0.23989239311148514,0.08829166462071569,0.1981629498506213,-0.10593132025240082,0.2050999621336136,0.18320777935056665,0.7322398920969212,0.5251199026503254,0.08851707056184709,0.7315143453525916,0.5985494673430694,0.0751973310551451,-0.02513886426635309,0.2271042656238972,0.05823860244729861,0.33984375,0.1875,0.03896894605225067,0.41796875,0.25,0.04988801161624211,0.3125,0.375,0.042152793283555194,0.109375,0.0,0.04729291520132081,0.9999999999999967,9.999999999999967e-16,9.999999999999967e-16,9.999999999999967e-16
seed20261345-asof959,validation,20261345,959,960,992,burst,6,5,32,0.96875,0,0.050143975038506726,hold_active,offline_future_aligned_calibration_record,0.09330497179705555,-0.08231803887116551,0.16822369561638043,0.017547441857630464,-0.04189244668418568,0.20396242423437685,0.7306142012576269,0.7767738632601671,0.08249625269060656,0.7290870423500728,0.49261729272342697,0.08912314839856755,-0.03789854864381281,0.045017357054518536,0.10407231527930051,0.328125,0.1875,0.03660579624276328,0.39453125,0.46875,0.05276303686986881,0.3359375,0.40625,0.03774472867551904,0.06640625,0.0,0.0384374596721946,0.9999999999999967,9.999999999999967e-16,9.999999999999967e-16,9.999999999999967e-16
seed20261345-asof991,validation,20261345,991,992,1024,normal,5,5,32,0.9765625,0,0.05022356620895538,hold_active,offline_future_aligned_calibration_record,0.024307538847635923,0.5120478525838774,0.18522231890412605,0.05911122273036673,0.14703884066696937,0.15058549123165144,0.7882634699463165,0.6440278505314854,0.06454030959274672,0.7202079007543788,0.37030730371311266,0.0752224812372312,-0.16214464775394805,-0.1036541460994132,0.11100829219756346,0.328125,0.375,0.04048922700136437,0.4140625,0.46875,0.0493805555177121,0.34375,0.3125,0.03732149944760786,0.06640625,0.0,0.03521132150428854,0.9999999999999967,9.999999999999967e-16,9.999999999999967e-16,9.999999999999967e-16
seed20261345-asof1023,validation,20261345,1023,1024,1056,calibration_shift,0,0,32,0.8953072466968959,0,0.05026576578714239,hold_active,offline_future_aligned_calibration_record,0.09666279127501198,0.18793070855303262,0.1608350034874558,0.09309112417595689,0.04841191633368358,0.12154204999200753,0.8161611758116122,0.30204947243138947,0.07863135410158133,0.6653994903262936,0.2666298996646344,0.05333556736668162,-0.007193986914604397,-0.4142595940366705,0.16055998188645643,0.33984375,0.0,0.035771286602445586,0.4296875,0.34375,0.06679398209870532,0.33984375,0.125,0.043869464416554885,0.06640625,0.0,0.03369797668204618,0.9999999999999967,9.999999999999967e-16,9.999999999999967e-16,9.999999999999967e-16
seed20261345-asof1055,validation,20261345,1055,1056,1088,burst,2,1,29,0.8828125,1,0.05039764680120047,hold_active,offline_future_aligned_calibration_record,0.098899431436692,0.0340292611761579,0.09364891049530434,0.12453211681955745,0.5712159689185452,0.0932918330865353,0.6791015948909392,0.4059019188160511,0.05104135057210977,0.5676254603561097,0.8249291317863957,0.0548285209902616,0.025718507003512463,0.05557487451547904,0.11926140446511521,0.26953125,0.25,0.03536398466237408,0.3984375,0.1875,0.04419241833960312,0.3203125,0.46875,0.0410383166042511,0.05859375,0.09375,0.03355594957100905,0.9999999999999967,9.999999999999967e-16,9.999999999999967e-16,9.999999999999967e-16
seed20261345-asof1087,validation,20261345,1087,1088,1120,normal,0,0,32,0.9084268146158385,0,0.05028603872319105,hold_active,offline_future_aligned_calibration_record,0.13295285603555174,0.17389428206125057,0.060643888507467575,0.1522600814202455,-0.2268175137434374,0.07489770071470589,0.6062927067859335,0.30908713658128195,0.05212728666439175,0.6185143339583475,0.3802134847423294,0.05282745670108864,-0.009602336973703284,-0.17627731355010162,0.13024532712268125,0.2734375,0.125,0.03706365970700594,0.35546875,0.1875,0.05489715731754453,0.359375,0.40625,0.047892195808866826,0.0703125,0.0,0.03425373524900659,0.9999999999999967,9.999999999999967e-16,9.999999999999967e-16,9.999999999999967e-16
seed20261345-asof1119,validation,20261345,1119,1120,1152,normal,2,1,32,0.90625,0,0.050321560652643184,hold_active,offline_future_aligned_calibration_record,0.16490569842252345,0.12024744725950365,0.054324931845115915,0.05782997243527821,0.14555243379447447,0.0977535768087794,0.5496422104877159,0.4622023920688963,0.04815500502072554,0.5756350633947637,0.564002720426209,0.04547996687729976,-0.04301325044841506,-0.21472472174340138,0.16284723402895812,0.2265625,0.21875,0.02836324176417866,0.328125,0.125,0.044341215717471315,0.359375,0.4375,0.04483552561846329,0.0625,0.0,0.031657573474733414,0.9999999999999967,9.999999999999967e-16,9.999999999999967e-16,9.999999999999967e-16
seed20261345-asof1151,validation,20261345,1151,1152,1184,normal,0,0,32,0.8984375,0,0.05019127759883067,hold_active,offline_future_aligned_calibration_record,0.15259244518523496,0.0831888020009326,0.054861894445074125,0.03489320137488039,0.12037980339620846,0.07394355325703712,0.5217839285212619,0.3834606089369398,0.05159052324547782,0.5443118378918987,0.6090817614317667,0.04966051441551524,-0.07890004585420815,-0.2528677722316915,0.11909736935867381,0.21875,0.15625,0.0392715431294748,0.33203125,0.1875,0.05023454272623987,0.3515625,0.40625,0.04107813494091648,0.01953125,0.0,0.012851743422159712,0.9999999999999967,9.999999999999967e-16,9.999999999999967e-16,9.999999999999967e-16
seed20261345-asof1183,validation,20261345,1183,1184,1216,normal,2,4,32,0.90625,0,0.05027712370658175,hold_active,offline_future_aligned_calibration_record,0.13653123119359223,0.48500507986872,0.06192131142840415,0.05232305527124259,0.14603619867008755,0.07954823408350957,0.4782919128954517,0.3806269081748296,0.03508714921555556,0.5246950005917292,0.3958051984758485,0.05148594518240174,-0.13495690820702713,0.07813043676337467,0.1545958547854077,0.1875,0.25,0.034856795847999604,0.27734375,0.53125,0.04651837193993029,0.3671875,0.03125,0.036960132799389,0.01171875,0.0,0.010358192169369793,0.9999999999999967,9.999999999999967e-16,9.999999999999967e-16,9.999999999999967e-16
seed20261345-asof1215,validation,20261345,1215,1216,1248,normal,1,1,32,0.9453125,0,0.05020944606166295,hold_active,offline_future_aligned_calibration_record,0.19127134021360082,0.045184871098748136,0.06201731228918511,0.054614018900466466,-0.34560493057513886,0.071836249342358,0.47600562242826006,0.5046022103550373,0.03508329524808333,0.4987051305558465,0.4126320228700168,0.044661166668691604,-0.1710979608542909,-0.3042223367862437,0.15732413147028138,0.1953125,0.125,0.03291441759700357,0.3125,0.3125,0.04307782309786488,0.32421875,0.28125,0.034912068725521626,0.01171875,0.0,0.01085067506818707,0.9999999999999967,9.999999999999967e-16,9.999999999999967e-16,9.999999999999967e-16
seed20261345-asof1247,validation,20261345,1247,1248,1280,leakage,0,0,20,0.9140625,1,0.05023020887139745,hold_active,offline_future_aligned_calibration_record,0.1850690597031981,-0.19424967080872535,0.06109344940405713,0.011527364671718665,-0.17407026676919624,0.09932185800743087,0.45039473553238385,0.40938826216793084,0.03294242664753456,0.5089990941285983,0.5987197439472814,0.05012817921994617,-0.22808223189672722,-0.32922744481945015,0.1265164932954395,0.1875,0.15625,0.02994361988780008,0.29296875,0.28125,0.037602084844055216,0.30859375,0.09375,0.04392756889362044,0.01171875,0.375,0.011850893670031063,0.9999999999999967,9.999999999999967e-16,9.999999999999967e-16,9.999999999999967e-16
seed20261345-asof1279,validation,20261345,1279,1280,1312,calibration_shift,5,6,32,0.9375,0,0.05034578853149342,hold_active,offline_future_aligned_calibration_record,0.12378867828052775,0.3678449709626115,0.06775995488140792,-0.03311454580081752,-0.39849541112709086,0.09838912000928614,0.432932237119223,0.5225338333844588,0.036613755007147857,0.5361877040798956,0.7471730053353076,0.05277176171066121,-0.30382457214672026,0.022446238834851234,0.17324351172884797,0.16015625,0.375,0.036561521486782135,0.26953125,0.28125,0.048229684674899305,0.28125,0.5,0.045290992280255286,0.05859375,0.0,0.04149118436850581,0.9999999999999967,9.999999999999967e-16,9.999999999999967e-16,9.999999999999967e-16
seed20261345-asof1311,validation,20261345,1311,1312,1344,normal,0,0,32,0.9609375,0,0.05040568275149009,hold_active,offline_future_aligned_calibration_record,0.1359497636124487,-0.3757931128968024,0.07842208278269396,-0.07951383331802542,-0.18057762748003836,0.11337916471460066,0.4656793662561322,0.37470714269543254,0.04264417567500284,0.5999898769856691,0.3341675240104136,0.05600213720318048,-0.2556232386521625,0.03970546338857206,0.15986869114075825,0.20703125,0.125,0.03509225015379587,0.26171875,0.3125,0.04249262727104355,0.328125,0.21875,0.049525303949088634,0.05859375,0.0,0.04079056608633105,0.9999999999999967,9.999999999999967e-16,9.999999999999967e-16,9.999999999999967e-16
seed20261345-asof1343,validation,20261345,1343,1344,1376,normal,1,0,32,1.0,0,0.05055105254917453,hold_active,offline_future_aligned_calibration_record,0.08531988595465112,-0.0075594387086377335,0.08596740625096112,-0.11529879662732267,-0.2448020903973347,0.09096563087586353,0.4968611750561033,0.4103271518016777,0.03405016111891197,0.5323867018143195,0.4091528315640228,0.043865860193135944,-0.09454668230112308,0.21953837634540774,0.13970547208743636,0.19140625,0.09375,0.03380315381632768,0.27734375,0.28125,0.04137019998396677,0.296875,0.34375,0.04632340702106695,0.046875,0.0,0.037093666722883445,0.9999999999999967,9.999999999999967e-16,9.999999999999967e-16,9.999999999999967e-16
seed20261345-asof1375,validation,20261345,1375,1376,1408,normal,1,0,32,0.9765625,0,0.05019885521313752,hold_active,offline_future_aligned_calibration_record,0.05164400498511301,-0.2705026916595421,0.07710094468283304,-0.11693989534036664,0.03704440335270176,0.09315644612092842,0.508820042971192,0.36438349692855143,0.03705931102273889,0.5369690549950821,0.316679846105584,0.04670588318225308,-0.0011674493958335748,0.4341844135448266,0.12576446018220333,0.1875,0.0625,0.031539064465941964,0.2890625,0.375,0.03920407751172557,0.2890625,0.21875,0.03787169947500052,0.046875,0.0,0.03685785526691593,0.9999999999999967,9.999999999999967e-16,9.999999999999967e-16,9.999999999999967e-16
seed20261345-asof1407,validation,20261345,1407,1408,1440,normal,3,4,32,1.0,0,0.050279875079004895,hold_active,offline_future_aligned_calibration_record,-0.012068480401808745,-0.17913319098932168,0.10185773529564832,-0.11147007340349746,0.2878939459542189,0.07520838749721788,0.5090810549617336,0.3815142156582164,0.038247143815392626,0.502511662856212,0.5106120690772977,0.04376681829844914,0.10269881348938842,-0.18653005506823211,0.11202100969917962,0.16796875,0.125,0.032990903832845885,0.3203125,0.34375,0.03781790030092325,0.26171875,0.28125,0.04402395272960496,0.046875,0.0,0.044341173043588186,0.9999999999999967,9.999999999999967e-16,9.999999999999967e-16,9.999999999999967e-16
seed20261345-asof1439,validation,20261345,1439,1440,1472,leakage,1,1,20,1.0,1,0.05007920480469777,hold_active,offline_future_aligned_calibration_record,-0.058055311619022776,0.12356738373539389,0.06781658480053081,-0.08930064414044292,0.31022604944561705,0.06809002237600043,0.5100006131711114,0.509841252151652,0.033469040482511925,0.5040219145517835,0.6578069289360168,0.042524648663913665,0.11086547692746572,0.18718257611283826,0.12566576014645336,0.1640625,0.25,0.02880123640750173,0.33984375,0.21875,0.03669212275090689,0.24609375,0.34375,0.045310707662344664,0.046875,0.375,0.031952189526070124,0.9999999999999967,9.999999999999967e-16,9.999999999999967e-16,9.999999999999967e-16
seed20261345-asof1471,validation,20261345,1471,1472,1504,normal,0,0,32,1.0,0,0.050255686853212946,hold_active,offline_future_aligned_calibration_record,-0.10262739156860246,0.01961387360067368,0.05731394523543417,-0.10456814946606419,-0.2691699973908337,0.094145265449715,0.48486565469472565,0.5148906963772564,0.034560116362277654,0.5369041410473916,0.47702148992365556,0.04922432681082706,0.06685319459637679,0.1386413168614146,0.11245755001921863,0.1640625,0.125,0.024822659698827784,0.30078125,0.4375,0.04346852484778578,0.28515625,0.21875,0.0507197677426175,0.09375,0.0,0.054892917554587126,0.9999999999999967,9.999999999999967e-16,9.999999999999967e-16,9.999999999999967e-16
seed20261345-asof1503,validation,20261345,1503,1504,1536,normal,1,1,32,1.0,0,0.05013172102823809,hold_active,offline_future_aligned_calibration_record,-0.10592476074991142,-0.023273005751925258,0.05133971671471051,-0.0875561482661753,-0.008404344440569922,0.10897281724213127,0.48522599726622756,0.47638779414223,0.030384394351837915,0.5397439592483015,0.2962607239032139,0.04978271891913598,0.14678428412266134,0.05936403287505073,0.12134342285274083,0.1640625,0.09375,0.02746747800745962,0.31640625,0.59375,0.048126115190351336,0.27734375,0.125,0.049056231817880006,0.09375,0.0,0.04837024901303828,0.9999999999999967,9.999999999999967e-16,9.999999999999967e-16,9.999999999999967e-16
seed20261345-asof1535,validation,20261345,1535,1536,1568,calibration_shift,2,3,32,1.0,0,0.05018643696423968,hold_active,offline_future_aligned_calibration_record,-0.08124413606102054,-0.14089980108102496,0.05899180755640982,-0.06348124100203556,-0.40433047295273705,0.10337371273502517,0.4929359093275465,0.5806134088783795,0.033994243453973005,0.5008746433453213,0.41563508475223,0.05213596630290326,0.16802015353579733,0.08914001248254133,0.14410291884139684,0.15625,0.125,0.029098566180839412,0.35546875,0.46875,0.04021989288684117,0.28125,0.25,0.04824725800340533,0.046875,0.0,0.04660744984147575,0.9999999999999967,9.999999999999967e-16,9.999999999999967e-16,9.999999999999967e-16
seed20261345-asof1567,validation,20261345,1567,1568,1600,normal,4,3,32,1.0,0,0.050180878263267434,hold_active,offline_future_aligned_calibration_record,-0.12562517732660528,0.06870488389864904,0.058164481157466086,-0.09503802701003328,-0.04381325929779045,0.07622944622746741,0.47708772407620165,0.5037438851486802,0.027041739565949238,0.4768725777396008,0.5126137599988932,0.049875911837888705,0.16152205202294465,-0.2619261568609537,0.1148952149210449,0.125,0.1875,0.018828824782819907,0.37890625,0.28125,0.05283757807908477,0.25,0.375,0.040489227001364404,0.046875,0.0,0.0416484974801602,0.9999999999999967,9.999999999999967e-16,9.999999999999967e-16,9.999999999999967e-16
seed20261345-asof1599,validation,20261345,1599,1600,1632,normal,4,6,31,1.0,0,0.050208262035626665,hold_active,offline_future_aligned_calibration_record,-0.06418760946334645,0.5916144819754774,0.06232653168287165,-0.0726313709905877,0.5096352215039015,0.08055316505239248,0.483702536960074,0.4671126101989982,0.03336117176614807,0.49821379224267515,0.3962210234299236,0.041860446072226755,0.13067155014166748,0.03586583034171996,0.1352292011819394,0.1328125,0.34375,0.021031391921122734,0.375,0.53125,0.04404316122309508,0.26953125,0.28125,0.04548410078177804,0.046875,0.03125,0.0409764385953146,0.9999999999999967,9.999999999999967e-16,9.999999999999967e-16,9.999999999999967e-16
seed20261345-asof1631,validation,20261345,1631,1632,1664,burst,7,6,32,1.0,0,0.05041193552964997,hold_active,offline_future_aligned_calibration_record,-0.012481538505820788,0.05730027496554024,0.07246404445366637,0.03145578779661795,-0.30525249958003686,0.09419620769474905,0.5361076596839962,0.5964947297842039,0.04715363795332485,0.5299116594666118,0.6078515657988448,0.04615146814281157,0.22200044484647563,-0.013962009181943118,0.15310280484923672,0.1640625,0.3125,0.03178028499143618,0.40625,0.28125,0.05321728751637198,0.26171875,0.5625,0.04982576894661921,0.05078125,0.0,0.03628764777746982,0.9999999999999967,9.999999999999967e-16,9.999999999999967e-16,9.999999999999967e-16
seed20261345-asof1663,validation,20261345,1663,1664,1696,normal,3,2,32,1.0,0,0.050353358486184274,hold_active,offline_future_aligned_calibration_record,0.046673991318304076,0.24357418313085333,0.0902535785990765,-0.0033958606078323683,-0.19445048341358584,0.13589832337357374,0.5518728726452448,0.5118559005596253,0.0457653602545874,0.5780548068625861,0.4325487955241647,0.056232947565328796,0.15069895857996282,-0.27838031637113925,0.17983733247881628,0.1953125,0.15625,0.0335008679864712,0.39453125,0.3125,0.04487732968412186,0.3046875,0.3125,0.04602096266363335,0.05078125,0.0,0.03653045579094422,0.9999999999999967,9.999999999999967e-16,9.999999999999967e-16,9.999999999999967e-16
seed20261345-asof1695,validation,20261345,1695,1696,1728,normal,2,0,32,1.0,0,0.0502689576635098,hold_active,offline_future_aligned_calibration_record,0.12048386855559312,0.5520191630333995,0.09002863002234496,-0.07657608524168436,-0.35932017440834474,0.11604776914230887,0.5610301452855054,0.35600054820778965,0.03722623089841623,0.5572967664753022,0.5418084237339974,0.04357608438666494,0.20878622214641349,0.4192621953387348,0.13880377258308105,0.19921875,0.28125,0.03719488885915343,0.390625,0.4375,0.0518648560717777,0.30859375,0.4375,0.04823451013260887,0.05078125,0.0,0.04149734060462857,0.9999999999999967,9.999999999999967e-16,9.999999999999967e-16,9.999999999999967e-16
seed20261345-asof1727,validation,20261345,1727,1728,1760,normal,4,6,32,1.0,0,0.05026556825278213,hold_active,offline_future_aligned_calibration_record,0.20185040202262505,0.5628935551460814,0.11244519222612834,-0.1353334398958601,0.39840604373647337,0.10675916897325252,0.5673637875865263,0.5384450765789007,0.05082318001134053,0.5394423335775298,0.6364332556860645,0.04049888369189936,0.11875349041722633,-0.1714616316478052,0.1814012679331477,0.203125,0.3125,0.03772652644549057,0.41796875,0.4375,0.05731227223469783,0.3203125,0.4375,0.05048707143854231,0.00390625,0.0,0.003875968992248062,0.9999999999999967,9.999999999999967e-16,9.999999999999967e-16,9.999999999999967e-16
seed20261345-asof1759,validation,20261345,1759,1760,1792,normal,8,7,32,1.0,0,0.050236842616063114,hold_active,offline_future_aligned_calibration_record,0.27426562326138737,-0.6929495782746224,0.10341837469598797,-0.07423688884762414,-0.21069208731997824,0.10827649742545999,0.5766529290234519,0.5273692450503551,0.04869860057499653,0.5738959799861804,0.7041082193934967,0.04105973507757783,0.08676647082707312,-0.29684374678854814,0.1417149719204805,0.2265625,0.46875,0.037187969504500616,0.41796875,0.4375,0.05242138103349564,0.34765625,0.5,0.05147980282759051,0.00390625,0.0,0.004667240341114191,0.9999999999999967,9.999999999999967e-16,9.999999999999967e-16,9.999999999999967e-16
seed20261345-asof1791,validation,20261345,1791,1792,1824,calibration_shift,5,4,26,1.0,1,0.05076538036665027,hold_active,offline_future_aligned_calibration_record,0.2851330017302358,-0.10695534383847205,0.1092215693589322,-0.10814967083157723,0.5905629408680768,0.1389131658627852,0.6477982235485059,0.7442247197089168,0.06921292073603388,0.62982881697536,0.7407905273003692,0.06249863024050277,0.5333071744773803,-0.16440342840119318,0.16302767419108005,0.2734375,0.4375,0.04626127664435853,0.3984375,0.28125,0.04251524266326382,0.39453125,0.46875,0.04383611011567993,0.00390625,0.1875,0.0041101896938214935,0.9999999999999967,9.999999999999967e-16,9.999999999999967e-16,9.999999999999967e-16
seed20261345-asof1823,validation,20261345,1823,1824,1856,burst,9,8,29,1.0,0,0.05128270206966802,hold_active,offline_future_aligned_calibration_record,0.31547528407141656,0.8643492881045856,0.10930609637980897,0.011342566826065603,-0.07084920272807227,0.15812479480955882,0.6551870674687869,0.7653643673473627,0.07153472973741896,0.6732285877902155,0.4381270687182688,0.0635897337670769,-0.02299407343879702,0.07586316101753501,0.15399953166869354,0.3125,0.46875,0.04341451334862968,0.375,0.46875,0.041356704925026404,0.421875,0.3125,0.04736104394057133,0.02734375,0.09375,0.02137267122867753,0.9999999999999967,9.999999999999967e-16,9.999999999999967e-16,9.999999999999967e-16
seed20261345-asof1855,validation,20261345,1855,1856,1888,leakage,11,4,28,1.0,1,0.05044259670100373,hold_active,offline_future_aligned_calibration_record,0.40929693199743045,-0.04372823900224887,0.14724246105668828,0.0012007947973391442,-0.09400029837534607,0.15358898127332582,0.6903783863349566,0.7712914227475122,0.0809375895441278,0.6608699815856991,0.7257054546779766,0.061004919870404004,-0.2995549021277431,0.09297362784982051,0.15116880064814453,0.34765625,0.375,0.041383370575846866,0.3984375,0.21875,0.0462311215290368,0.4140625,0.59375,0.04853360924505094,0.0390625,0.125,0.02235174391125866,0.9999999999999967,9.999999999999967e-16,9.999999999999967e-16,9.999999999999967e-16
seed20261345-asof1887,validation,20261345,1887,1888,1920,leakage,3,3,25,1.0,1,0.050341316755634635,hold_active,offline_future_aligned_calibration_record,0.30847433926853784,-0.38484007754628735,0.16518417084062842,-0.1183774069832284,0.05486476142710073,0.11353675213532033,0.7375094190026387,0.7408359457067059,0.07364638114269899,0.6488957929753266,0.5511228174226989,0.05205270282752498,-0.2395271199223853,0.01063403325639695,0.1376277843318661,0.3515625,0.3125,0.03684650780792012,0.359375,0.4375,0.052725726746674736,0.453125,0.15625,0.05330223488129166,0.05078125,0.21875,0.01922503002634557,0.9999999999999967,9.999999999999967e-16,9.999999999999967e-16,9.999999999999967e-16
seed20261345-asof1919,validation,20261345,1919,1920,1952,burst,7,10,30,1.0,0,0.05013487892024299,hold_active,offline_future_aligned_calibration_record,0.3142490849858466,0.5736023232701897,0.24579923583455604,-0.06371762023700889,0.27149096125947536,0.10896211013033882,0.7849049134571412,0.6612376287198884,0.09272596962692166,0.6385925226354099,0.9817852730314058,0.058845431257956625,-0.21221669256155243,-0.09885982957176362,0.10942653281731426,0.3515625,0.5,0.040530565213689154,0.37890625,0.40625,0.04742428710497697,0.40234375,0.4375,0.05143744205488583,0.078125,0.0625,0.0337816516754932,0.9999999999999967,9.999999999999967e-16,9.999999999999967e-16,9.999999999999967e-16
seed20261345-asof1951,validation,20261345,1951,1952,1984,normal,4,3,32,1.0,0,0.050335308216277345,hold_active,offline_future_aligned_calibration_record,0.41180855162965524,0.07517949357537557,0.43254320915574723,-0.014367054804731438,0.025741670425438068,0.14239405571714708,0.8230320261605311,0.6069969201885007,0.10714055056018462,0.6966698469082001,0.44042585623564356,0.05704737041016108,-0.054365241637214984,0.3264101090464696,0.12415383473822092,0.39453125,0.21875,0.03086690873982247,0.390625,0.40625,0.04720352739552121,0.41796875,0.34375,0.051375750642314325,0.0859375,0.0,0.03098383587268168,0.9999999999999967,9.999999999999967e-16,9.999999999999967e-16,9.999999999999967e-16
seed20261345-asof1983,validation,20261345,1983,1984,2016,burst,8,6,31,1.0,0,0.050341138605091595,hold_active,offline_future_aligned_calibration_record,0.12441544382142777,0.466454183255238,0.30309909067295837,0.055295951992675674,-0.16880522695556333,0.0913524952828211,0.8789388992905222,0.6218791061913757,0.07812879828656591,0.6576859623543948,0.6240293376297293,0.05961849483355095,0.06901642988068701,0.3979435005286853,0.1292679850302029,0.38671875,0.375,0.03226710966437404,0.38671875,0.625,0.037041598246026576,0.40625,0.28125,0.04595228834728787,0.0859375,0.03125,0.0324863897197873,0.9999999999999967,9.999999999999967e-16,9.999999999999967e-16,9.999999999999967e-16
seed20261345-asof2015,validation,20261345,2015,2016,2048,leakage,4,3,13,1.0,1,0.050171637376626235,hold_active,offline_future_aligned_calibration_record,0.05083741143711129,0.649535045430057,0.2611013841404893,-0.013402136347669735,-0.3858290773753812,0.09192303364333315,0.8729148007407455,0.6591446350868527,0.08966002329442324,0.6463040115929848,0.6607070474277824,0.05792077257004332,-0.04822769083889061,-0.15842714648072892,0.14795788720671804,0.39453125,0.5,0.03539634142739022,0.41015625,0.40625,0.051770825847944256,0.38671875,0.0,0.049946274730634364,0.08984375,0.59375,0.03431643165856038,0.9999999999999967,9.999999999999967e-16,9.999999999999967e-16,9.999999999999967e-16
seed20261346-asof255,evaluation,20261346,255,256,288,calibration_shift,3,2,32,0.9375,0,0.05,hold_active,offline_future_aligned_calibration_record,0.07748334962573433,0.29158397038459394,0.08335710304808455,-0.137121047066745,0.06654197044611099,0.05858897277747038,0.42222252857911774,0.7976126173451815,0.03697654529863128,0.45579059997794447,0.5230558416770869,0.03705133380374157,-0.23677349055026053,0.14487206195681507,0.10053616057857571,0.1171875,0.3125,0.024587907219391886,0.29296875,0.4375,0.044603142405678614,0.3359375,0.375,0.03926021855040965,0.01953125,0.0,0.012099914449193921,0.9999999999999967,9.999999999999967e-16,9.999999999999967e-16,9.999999999999967e-16
seed20261346-asof287,evaluation,20261346,287,288,320,leakage,0,0,25,0.9375,1,0.05036875493605243,hold_active,offline_future_aligned_calibration_record,0.10979615916623708,-0.22744128500675864,0.06855512243321243,-0.09241106113819297,0.02976602566378106,0.05449182147246508,0.4481838628440507,0.45855525774220096,0.049126081369137126,0.4531728950686595,0.31178861942769504,0.037460475103605714,-0.13078839994788335,0.6426152823977787,0.1034030970047402,0.1328125,0.0625,0.03024742465996002,0.3125,0.3125,0.042281518909278254,0.33203125,0.15625,0.044900303222892485,0.01953125,0.21875,0.013276416458215463,0.9999999999999967,9.999999999999967e-16,9.999999999999967e-16,9.999999999999967e-16
seed20261346-asof319,evaluation,20261346,319,320,352,normal,5,4,31,0.9375,0,0.05036230717541503,hold_active,offline_future_aligned_calibration_record,0.08291515636954161,-0.5514872120883422,0.07209949400218656,-0.05704569541395199,0.4348155773734288,0.06340609172457272,0.4700842312321149,0.540315778067915,0.04470709939368476,0.4231762972200068,0.3930011671369946,0.034205334964608036,-0.029142981377541958,0.2263198869617055,0.1111252193782449,0.12109375,0.375,0.02746940683566379,0.3125,0.15625,0.04141431411767838,0.30859375,0.53125,0.05029481228080199,0.046875,0.03125,0.02551366410610996,0.9999999999999967,9.999999999999967e-16,9.999999999999967e-16,9.999999999999967e-16
seed20261346-asof351,evaluation,20261346,351,352,384,normal,4,2,32,0.984375,0,0.05038155793328865,hold_active,offline_future_aligned_calibration_record,0.0169353648026902,-0.20569420491802282,0.0727183315895578,0.026260900230154594,0.4437715711032908,0.06381002883013126,0.5227783421444889,0.6615509373986652,0.04454261294428342,0.43000853488606056,0.3921888086031668,0.02522167620340223,-0.0804588323008204,0.4004412736604864,0.12532192522130403,0.140625,0.3125,0.03551263495917733,0.31640625,0.375,0.03578271063408489,0.296875,0.375,0.03631808755435454,0.04296875,0.0,0.024396307407904622,0.9999999999999967,9.999999999999967e-16,9.999999999999967e-16,9.999999999999967e-16
seed20261346-asof383,evaluation,20261346,383,384,416,leakage,1,1,24,0.9921875,1,0.05024630278638264,hold_active,offline_future_aligned_calibration_record,0.017606703397128998,-0.06399170121132758,0.09180950896732554,0.05706775509686124,0.06706766217824245,0.07882617530933674,0.572380989067336,0.5915725623552253,0.05545071809580097,0.46041497767364103,0.5812792141617966,0.026731127188518555,-0.09703088203517345,-0.2039069744194593,0.1697891035619938,0.17578125,0.1875,0.036323349380483955,0.328125,0.46875,0.0433391771114018,0.30859375,0.21875,0.04240307145499976,0.03125,0.25,0.02427009885461323,0.9999999999999967,9.999999999999967e-16,9.999999999999967e-16,9.999999999999967e-16
seed20261346-asof415,evaluation,20261346,415,416,448,leakage,1,1,21,1.0,1,0.05021786068617819,hold_active,offline_future_aligned_calibration_record,-0.06675955892104057,-0.2140652360158799,0.11545569184669839,0.08745552296745163,-0.21272020208923714,0.09636598753582401,0.5836520823707798,0.46686715257405353,0.05065783510442223,0.49379437608560567,0.5225894695543989,0.03389746779739453,-0.08333348128403696,-0.3205296500386531,0.17041326859573586,0.1875,0.15625,0.04079654975689995,0.3359375,0.1875,0.03953092159817163,0.30078125,0.375,0.053028040290925005,0.0625,0.34375,0.042289081434516276,0.9999999999999967,9.999999999999967e-16,9.999999999999967e-16,9.999999999999967e-16
seed20261346-asof447,evaluation,20261346,447,448,480,normal,2,3,32,1.0,0,0.050078582808949695,hold_active,offline_future_aligned_calibration_record,-0.08060157650181754,0.24471973042091388,0.10436244804571222,0.1323035827904373,-0.0779236422444971,0.0704628772675438,0.5870617465983402,0.3934581694050284,0.054467302871562186,0.4979106964355146,0.721615102753608,0.03282871392857441,-0.10072205947605621,0.06907342964278505,0.16150024266971444,0.1875,0.34375,0.04347518451935329,0.3203125,0.1875,0.04336497280099156,0.32421875,0.40625,0.050524798814881096,0.10546875,0.0,0.05493078806382045,0.9999999999999967,9.999999999999967e-16,9.999999999999967e-16,9.999999999999967e-16
seed20261346-asof479,evaluation,20261346,479,480,512,burst,3,6,31,0.9921875,0,0.05024884607827204,hold_active,offline_future_aligned_calibration_record,-0.0608223004437185,-0.5905459018423064,0.07802772019686424,0.11992284106652407,-0.3266393364268668,0.07996176710124286,0.5724766673090441,0.5507566203110285,0.04512998465739602,0.5225332491866425,0.43805328677286387,0.043192098641564716,0.016294040053475324,0.3269931812089951,0.15950422290167415,0.22265625,0.375,0.0373516539398544,0.2890625,0.3125,0.042045685917119616,0.34765625,0.5,0.04858866755203905,0.10546875,0.03125,0.050285180027092834,0.9999999999999967,9.999999999999967e-16,9.999999999999967e-16,9.999999999999967e-16
seed20261346-asof511,evaluation,20261346,511,512,544,calibration_shift,2,3,27,1.0,1,0.050450707149522864,hold_active,offline_future_aligned_calibration_record,-0.18217453353280377,-0.3174932893174054,0.09057226333130164,0.08295457284053653,0.12726973602094271,0.09111317629229128,0.6219019745220061,0.6153475244614087,0.03885693566851637,0.5543357764957845,0.6844313848180746,0.04104927972854632,0.22825508476746742,0.018721813957679318,0.16539958620157363,0.265625,0.4375,0.03188680288402526,0.3046875,0.59375,0.03860834507990001,0.3671875,0.1875,0.05047687608882169,0.109375,0.15625,0.0426148209400313,0.9999999999999967,9.999999999999967e-16,9.999999999999967e-16,9.999999999999967e-16
seed20261346-asof543,evaluation,20261346,543,544,576,leakage,4,1,28,1.0,1,0.05022280013449678,hold_active,offline_future_aligned_calibration_record,-0.2167790817397901,0.10084146658453985,0.0997291138877657,0.08894955608559396,-0.3141078445263107,0.09420491390306429,0.5961121203217302,0.3817684455671725,0.038600290438588654,0.5729691976517195,0.5840980378416074,0.04536020776960115,0.13883390702217552,-0.050246937956302994,0.1187642645039219,0.28125,0.25,0.044873323918535026,0.32421875,0.28125,0.04252681281741836,0.34375,0.40625,0.05069278748341062,0.12890625,0.125,0.04055310829411502,0.9999999999999967,9.999999999999967e-16,9.999999999999967e-16,9.999999999999967e-16
seed20261346-asof575,evaluation,20261346,575,576,608,normal,2,0,30,1.0,1,0.050363620527333064,hold_active,offline_future_aligned_calibration_record,-0.1445674848638816,0.19410270598691381,0.09458588563636987,0.05767694968676107,-0.34876637314445236,0.11219281900064068,0.5993416742205826,0.5414273820117644,0.04745560351469617,0.6285326923034819,0.6162462558003609,0.03730873001241278,0.015966562823459665,-0.39306260656338426,0.1537770407383862,0.3046875,0.3125,0.035796668388297606,0.3203125,0.3125,0.047173092143348326,0.375,0.46875,0.05202862727543279,0.1171875,0.0625,0.049080410681807934,0.9999999999999967,9.999999999999967e-16,9.999999999999967e-16,9.999999999999967e-16
seed20261346-asof607,evaluation,20261346,607,608,640,normal,2,2,30,1.0,1,0.050248931793659135,hold_active,offline_future_aligned_calibration_record,-0.04984519744615756,0.2914380822939362,0.10092441644106485,-0.07972077703654179,-0.42444703118624827,0.12073851973624418,0.5861641800910397,0.5487494857041676,0.04544335646766118,0.6362274650540337,0.492706265323858,0.04089167338975578,-0.045155117558818104,0.0074093495224064575,0.2044854889439052,0.296875,0.3125,0.030758766038372836,0.33984375,0.25,0.04682831230457258,0.3671875,0.3125,0.040287207348936184,0.12109375,0.0625,0.05172855707704167,0.9999999999999967,9.999999999999967e-16,9.999999999999967e-16,9.999999999999967e-16
seed20261346-asof639,evaluation,20261346,639,640,672,leakage,4,3,27,0.9885443184513776,1,0.050604916694094705,hold_active,offline_future_aligned_calibration_record,0.006489655318727472,0.16173444637528012,0.0903186734947151,-0.2309153800060686,0.3042759628630669,0.08071600991698334,0.5813534516540214,0.6357330114446716,0.036350343456470355,0.6011640334397241,0.5084847970033274,0.03578006788576474,-0.3210546413728293,-0.1786892636832017,0.17666726655082057,0.296875,0.3125,0.0342143810425236,0.32421875,0.40625,0.056226867548013405,0.359375,0.21875,0.04653789263008307,0.12890625,0.15625,0.04344644922826357,0.9999999999999967,9.999999999999967e-16,9.999999999999967e-16,9.999999999999967e-16
seed20261346-asof671,evaluation,20261346,671,672,704,leakage,4,4,19,0.9824481597866943,1,0.05029311712101655,hold_active,offline_future_aligned_calibration_record,0.030867068794757868,-0.2568057748576589,0.10606041599437835,-0.19844371116621207,0.13571569637481118,0.09470582557726716,0.5876171572820521,0.6923179877816334,0.053523272775672155,0.6163380437171135,0.6035330484555729,0.04105619082124562,-0.22157805976164413,0.0859546940237196,0.13602638521970112,0.3125,0.28125,0.03030560996482357,0.31640625,0.53125,0.05106424883106141,0.359375,0.0,0.034073229191960853,0.1171875,0.40625,0.032569749670437936,0.9999999999999967,9.999999999999967e-16,9.999999999999967e-16,9.999999999999967e-16
seed20261346-asof703,evaluation,20261346,703,704,736,normal,3,2,32,0.9921875,0,0.05026938809083958,hold_active,offline_future_aligned_calibration_record,0.05421174498136261,0.08022363904484564,0.09145863957874042,-0.15328587746184086,-0.16855580884057053,0.13071149203308546,0.6124120596551377,0.5171828894663758,0.04694180364712558,0.6377673447607669,0.45060269243694895,0.03407502381268906,-0.1403859520424187,0.11467322747190611,0.17960874284602077,0.328125,0.125,0.028307146959473433,0.359375,0.53125,0.051128203618799786,0.3125,0.15625,0.047608425454292856,0.125,0.0,0.05010664934201575,0.9999999999999967,9.999999999999967e-16,9.999999999999967e-16,9.999999999999967e-16
seed20261346-asof735,evaluation,20261346,735,736,768,normal,4,4,32,1.0,0,0.050187688001551184,hold_active,offline_future_aligned_calibration_record,0.011127929901669109,0.0026137564545434255,0.08496836832602948,-0.1621151942133663,-0.09125535413267016,0.1269467497503656,0.623273085479328,0.6739273024414197,0.05330058690666953,0.6015730439367571,0.5443996546007387,0.033073479072390534,-0.07462523908187778,-0.343156067168698,0.13626813430053603,0.30078125,0.3125,0.03426284880334634,0.40234375,0.15625,0.0621528977966909,0.28125,0.46875,0.060096546586352155,0.125,0.0,0.04250683007445865,0.9999999999999967,9.999999999999967e-16,9.999999999999967e-16,9.999999999999967e-16
seed20261346-asof767,evaluation,20261346,767,768,800,calibration_shift,9,7,31,0.9921875,0,0.050286694546582834,hold_active,offline_future_aligned_calibration_record,0.0694981469156486,-0.056477589929004646,0.0736004061849469,-0.11533277548786058,0.5125321543348977,0.11152362987490816,0.5976607840684663,0.7689551824576801,0.03965961831152261,0.6116265808610483,0.4679960704409457,0.031897299846420875,-0.20940718301446176,0.12655714059054832,0.13954000086639481,0.29296875,0.28125,0.032494135549931746,0.3828125,0.3125,0.05586477163191681,0.27734375,0.40625,0.04501407026561485,0.12109375,0.03125,0.04258937062234745,0.9999999999999967,9.999999999999967e-16,9.999999999999967e-16,9.999999999999967e-16
seed20261346-asof799,evaluation,20261346,799,800,832,normal,5,5,32,1.0,0,0.05026427673560473,hold_active,offline_future_aligned_calibration_record,0.10075160669218852,-0.06169958638101258,0.08463146491442788,-0.050915160835693474,-0.10383804721313372,0.137901973825025,0.5992755876020751,0.6349869634116473,0.04103933829239349,0.6287970248052716,0.44680734777263903,0.04883630957146702,-0.09529299323229139,-0.10161727375432372,0.18036986061730811,0.2734375,0.125,0.027453145326848314,0.34765625,0.625,0.05469414287885839,0.3046875,0.28125,0.05838450049691904,0.10546875,0.0,0.04529667386362106,0.9999999999999967,9.999999999999967e-16,9.999999999999967e-16,9.999999999999967e-16
seed20261346-asof831,evaluation,20261346,831,832,864,leakage,2,2,24,1.0,1,0.05019780195959935,hold_active,offline_future_aligned_calibration_record,0.0806441188213125,0.28505770606886793,0.08232674647347513,-0.029319153989045388,-0.15141525612466267,0.1282398442732134,0.6390461684427892,0.5041830212857409,0.04408580729410142,0.6009250690842419,0.5944896088028021,0.04476055281445666,-0.04114916791763671,-0.373734090005782,0.15847829135537778,0.2578125,0.15625,0.027302752357652928,0.390625,0.53125,0.05370230557216081,0.2890625,0.125,0.05015009648923616,0.08984375,0.25,0.038715089228255985,0.9999999999999967,9.999999999999967e-16,9.999999999999967e-16,9.999999999999967e-16
seed20261346-asof863,evaluation,20261346,863,864,896,leakage,2,4,25,1.0,1,0.05005514577821095,hold_active,offline_future_aligned_calibration_record,0.10012793989479385,-0.04704070436516705,0.08137041521383208,-0.011668761115929849,0.13170752000246533,0.09376180693297517,0.6376244104003632,0.6291899649378164,0.043462242581799815,0.5901726454658913,0.7247326139970731,0.04026122216157278,-0.048285009809684525,0.15586174690909219,0.18614520009382587,0.23828125,0.375,0.0332622838077883,0.41796875,0.53125,0.045882397766747116,0.24609375,0.03125,0.04762940634728874,0.11328125,0.21875,0.046098689034552456,0.9999999999999967,9.999999999999967e-16,9.999999999999967e-16,9.999999999999967e-16
seed20261346-asof895,evaluation,20261346,895,896,928,leakage,4,4,19,1.0,1,0.050266826168367536,hold_active,offline_future_aligned_calibration_record,0.048012190538020194,-0.1480360632967861,0.08967965281838243,0.05892950641891215,-0.7092555589615643,0.10119074130557697,0.6440594938829431,0.6500750922738261,0.04014626967872203,0.591879315447202,0.7090891407975938,0.04424101710361831,0.12426153190386104,-0.19206465881872103,0.16703802622796518,0.24609375,0.40625,0.03378411615667245,0.453125,0.46875,0.053376200342306876,0.2109375,0.125,0.04433810041606785,0.1328125,0.40625,0.045696977184528545,0.9999999999999967,9.999999999999967e-16,9.999999999999967e-16,9.999999999999967e-16
seed20261346-asof927,evaluation,20261346,927,928,960,normal,3,3,32,1.0,0,0.05017575967427407,hold_active,offline_future_aligned_calibration_record,0.010035070128187495,-0.3131640152352,0.0729060636017212,-0.02047898732508524,-0.23686663988465284,0.09688011501691692,0.6470411204043849,0.5938202956022287,0.05154898145149142,0.6329696977574765,0.4535891785891592,0.053017775362184626,0.10283128406109601,0.380245070219968,0.12087018182715223,0.2578125,0.25,0.04232589027759523,0.4609375,0.3125,0.0660182470462157,0.19921875,0.40625,0.05357022258874512,0.1640625,0.0,0.05769818236856264,0.9999999999999967,9.999999999999967e-16,9.999999999999967e-16,9.999999999999967e-16
seed20261346-asof959,evaluation,20261346,959,960,992,burst,8,7,32,1.0,0,0.05015684138579251,hold_active,offline_future_aligned_calibration_record,-0.008384279060479116,0.7593887614498349,0.10605038070633525,-0.0843683156325028,-0.39455733353445743,0.09641762476622615,0.6406765500253326,0.6598178482251453,0.04597878554740166,0.6128818025899694,0.6461597613909165,0.05664667394108547,0.15320852241203026,0.007145014016682553,0.1349752925524224,0.25390625,0.5625,0.04179937934927511,0.43359375,0.4375,0.05423886444587459,0.25,0.34375,0.04987029554754452,0.11328125,0.0,0.051980343672557716,0.9999999999999967,9.999999999999967e-16,9.999999999999967e-16,9.999999999999967e-16
seed20261346-asof991,evaluation,20261346,991,992,1024,normal,1,1,32,1.0,0,0.05022546188946992,hold_active,offline_future_aligned_calibration_record,0.025410746434054943,0.194788590294652,0.1092065769548147,-0.0990006406988253,-0.35582639700411267,0.11895947442324174,0.702124726854447,0.5032342726375285,0.06361580604266054,0.6484672532440277,0.569872210659716,0.05403064229382982,0.11506920567287673,0.050201067007787634,0.11004946748267198,0.30859375,0.28125,0.04024434970541873,0.421875,0.1875,0.05750884141468218,0.2734375,0.40625,0.04985223157672648,0.11328125,0.0,0.05151753779490185,0.9999999999999967,9.999999999999967e-16,9.999999999999967e-16,9.999999999999967e-16
seed20261346-asof1023,evaluation,20261346,1023,1024,1056,calibration_shift,1,1,31,1.0,0,0.050132355360976155,hold_active,offline_future_aligned_calibration_record,0.0677982610929897,0.29096894191064315,0.11753402892850467,-0.14287017780704137,0.16854503571721646,0.1391541388191681,0.6786572700414515,0.3303806526514247,0.053865804685810724,0.6593530784108137,0.4064997474855392,0.0587014504031347,0.07493740387904291,-0.21659528734413336,0.10947419813388133,0.3046875,0.03125,0.04104029921737954,0.42578125,0.34375,0.04690195751589538,0.265625,0.28125,0.04210163328272258,0.11328125,0.03125,0.05706703438634011,0.9999999999999967,9.999999999999967e-16,9.999999999999967e-16,9.999999999999967e-16
seed20261346-asof1055,evaluation,20261346,1055,1056,1088,burst,4,5,32,1.0,0,0.050324575180134744,hold_active,offline_future_aligned_calibration_record,0.13952556390621185,0.31421867598708286,0.09480334031990238,-0.15602923376203148,0.1433720217890595,0.09758282807115051,0.621902632564532,0.636319008489171,0.05432190663300194,0.6082945001129942,0.5607657497867722,0.05439363649444268,-0.03172915761017072,-0.00016824274991941848,0.08748320303522994,0.2734375,0.28125,0.052213632991010124,0.4296875,0.5,0.046464321965042334,0.25,0.21875,0.04737210960052765,0.11328125,0.0,0.054576111582359456,0.9999999999999967,9.999999999999967e-16,9.999999999999967e-16,9.999999999999967e-16
seed20261346-asof1087,evaluation,20261346,1087,1088,1120,normal,1,1,32,0.9797909971482844,0,0.05015990561189013,hold_active,offline_future_aligned_calibration_record,0.18209523588541265,0.6155816174794397,0.09372998258135115,-0.12334979919080014,-0.19734653666921997,0.10355565185652006,0.6196691382163385,0.27054032751215057,0.06369132641932401,0.635205712101927,0.3724600959664788,0.05468400423856359,-0.08517032887232735,0.12503747131990664,0.06452305805948795,0.29296875,0.15625,0.042959192927850276,0.4140625,0.5,0.05298795288849096,0.2421875,0.3125,0.048599881975032025,0.11328125,0.0,0.048023149788923816,0.9999999999999967,9.999999999999967e-16,9.999999999999967e-16,9.999999999999967e-16
seed20261346-asof1119,evaluation,20261346,1119,1120,1152,normal,0,0,32,0.9609375,0,0.05015145705669346,hold_active,offline_future_aligned_calibration_record,0.2808114953834149,0.13060366685528568,0.09791184260665646,-0.138326071549004,0.2944922146340545,0.09787687139692339,0.6188121984183327,0.40749187021332695,0.06704155915740788,0.6021501548599892,0.3889477311259216,0.05518397316514475,-0.10120231410184691,-0.06558273104341293,0.08822913755749101,0.29296875,0.09375,0.04385013668380557,0.41015625,0.3125,0.049561663621082885,0.265625,0.3125,0.03907179948828792,0.08203125,0.0,0.05379946680203729,0.9999999999999967,9.999999999999967e-16,9.999999999999967e-16,9.999999999999967e-16
seed20261346-asof1151,evaluation,20261346,1151,1152,1184,normal,0,0,32,0.953125,0,0.05034863313428269,hold_active,offline_future_aligned_calibration_record,0.27978802195569386,0.08590867694151783,0.0855990264351792,-0.07542890250157441,-0.13382731572002804,0.09059416460389942,0.582222077728962,0.4207369192911026,0.06824573768550596,0.584460621000814,0.2797389600548131,0.04360733992935836,-0.2155828112515375,-0.30894761635324164,0.09283951878124155,0.2578125,0.0625,0.04473001962914051,0.3828125,0.28125,0.045397028512380706,0.30078125,0.3125,0.04166153467453505,0.0546875,0.0,0.028167294518639033,0.9999999999999967,9.999999999999967e-16,9.999999999999967e-16,9.999999999999967e-16
seed20261346-asof1183,evaluation,20261346,1183,1184,1216,normal,0,0,32,0.9375,0,0.050250719915922316,hold_active,offline_future_aligned_calibration_record,0.27534136472641757,0.33873105707500417,0.09270187907315784,-0.06498864734770571,-0.2117078265299439,0.07602615149659489,0.5457506280680952,0.3823534556320511,0.049473613093840074,0.5117292951710469,0.5527312048728797,0.03414830375225407,-0.1969222282388275,-0.21387995284988434,0.11164818183205981,0.21484375,0.15625,0.03476983091365736,0.359375,0.28125,0.036607863847025,0.32421875,0.46875,0.03713445365776574,0.00390625,0.0,0.004027879919334455,0.9999999999999967,9.999999999999967e-16,9.999999999999967e-16,9.999999999999967e-16
seed20261346-asof1215,evaluation,20261346,1215,1216,1248,normal,0,0,32,0.9296875,0,0.05037227551845502,hold_active,offline_future_aligned_calibration_record,0.32098759587393677,0.2597187629554518,0.08272955094186639,-0.055458568682695386,-0.03554183272546063,0.06946161595198964,0.4906440768695928,0.2885348114931797,0.04079233874805907,0.5222208075397106,0.3658932238317314,0.04480333083378568,-0.2567243990777221,-0.23400874574599978,0.12686744070502126,0.203125,0.0,0.04168973011943692,0.35546875,0.25,0.035300629457619706,0.33203125,0.40625,0.033360270560518095,0.00390625,0.0,0.003875968992248062,0.9999999999999967,9.999999999999967e-16,9.999999999999967e-16,9.999999999999967e-16
seed20261346-asof1247,evaluation,20261346,1247,1248,1280,burst,1,1,31,0.9296875,0,0.0503110692707791,hold_active,offline_future_aligned_calibration_record,0.28980696307639175,0.26410059896822013,0.06753016269565713,-0.03127610660781599,0.4304381036806022,0.07062301601796846,0.435089049006065,0.5481253540911445,0.03413901591099991,0.47980157494184933,0.4901556219458533,0.04483168666091858,-0.22822307909161496,-0.4108842141896726,0.12792975762663142,0.1328125,0.28125,0.033367529993587365,0.33203125,0.40625,0.045990691123053665,0.33984375,0.28125,0.04675341788525598,0.00390625,0.03125,0.004339066593778255,0.9999999999999967,9.999999999999967e-16,9.999999999999967e-16,9.999999999999967e-16
seed20261346-asof1279,evaluation,20261346,1279,1280,1312,calibration_shift,6,0,32,0.9296875,1,0.05015226819999883,hold_active,offline_future_aligned_calibration_record,0.29725029625355215,-0.316069288927158,0.059471994116882046,0.04021744821904938,-0.3970125046639861,0.06482536093661077,0.43919526160353245,0.5324767854656678,0.04163940839461027,0.479506825351651,0.38959398174777615,0.03318034241713285,-0.2565017152785213,0.07521257444009562,0.09527768683017658,0.1328125,0.1875,0.03580116120410673,0.359375,0.40625,0.03610363162020056,0.32421875,0.28125,0.03803796351185972,0.0078125,0.0,0.005206879912533906,0.9999999999999967,9.999999999999967e-16,9.999999999999967e-16,9.999999999999967e-16
seed20261346-asof1311,evaluation,20261346,1311,1312,1344,normal,5,4,32,0.8515625,0,0.05059779279974387,hold_active,offline_future_aligned_calibration_record,0.2540337840037574,-0.46835545513135823,0.06511418460608878,-0.040589638802647876,-0.3975143044392817,0.07378494970095667,0.4962987881248539,0.6103638939543152,0.03442935352785676,0.4972190557973564,0.6773691499002611,0.0395794501255432,-0.17728268404746195,0.28647370648595255,0.13696059199089303,0.15234375,0.34375,0.03163844091138472,0.3671875,0.21875,0.04815304032260015,0.32421875,0.46875,0.049829756325115486,0.00390625,0.0,0.004011403978460686,0.9999999999999967,9.999999999999967e-16,9.999999999999967e-16,9.999999999999967e-16
seed20261346-asof1343,evaluation,20261346,1343,1344,1376,normal,0,1,32,0.8671875,0,0.05036029083409131,hold_active,offline_future_aligned_calibration_record,0.21314125930132266,-0.25982512119732515,0.09607120088069594,-0.08044426456008802,-0.5415137671963336,0.09074772870896998,0.5257720049346734,0.46270451412584884,0.060234025256137594,0.5119519708101181,0.5702277615708709,0.04326915829843782,-0.09161006945774226,-0.17192955411837108,0.1135413184325014,0.16015625,0.1875,0.038019105358136386,0.33203125,0.5,0.04226540487674374,0.35546875,0.21875,0.04110148260248805,0.00390625,0.0,0.0039371299271794506,0.9999999999999967,9.999999999999967e-16,9.999999999999967e-16,9.999999999999967e-16
seed20261346-asof1375,evaluation,20261346,1375,1376,1408,normal,3,2,32,0.90625,0,0.050420957392898536,hold_active,offline_future_aligned_calibration_record,0.07299898653044101,-0.3465377734728958,0.09071935635555492,-0.09916760521129553,-0.39151069043063846,0.11706409771026459,0.5283357491324003,0.5044021468457676,0.05021271859946461,0.5548864581895898,0.45426680037133993,0.0530094373625741,0.05445963773445036,-0.21414844859291576,0.1392181852336238,0.1640625,0.3125,0.03382352343411977,0.33203125,0.53125,0.03767352449832547,0.34375,0.25,0.04235627928272939,0.00390625,0.0,0.00440012527001253,0.9999999999999967,9.999999999999967e-16,9.999999999999967e-16,9.999999999999967e-16
seed20261346-asof1407,evaluation,20261346,1407,1408,1440,normal,0,0,32,0.9453125,0,0.05044202375038902,hold_active,offline_future_aligned_calibration_record,0.009503228130814279,0.05102298197343713,0.11362941481867005,-0.20858439297729126,0.20240144093662615,0.09775648456038905,0.5585543111346469,0.49118969952785685,0.045941982317379906,0.5394500181670157,0.6925526748745301,0.046820903619260876,0.23284065460524417,0.06206111692034409,0.16372176936935864,0.19140625,0.15625,0.031509953074702446,0.359375,0.4375,0.033002315610640036,0.3359375,0.1875,0.03422748571120945,0.00390625,0.0,0.003888772283695967,0.9999999999999967,9.999999999999967e-16,9.999999999999967e-16,9.999999999999967e-16
seed20261346-asof1439,evaluation,20261346,1439,1440,1472,burst,3,2,31,0.9765625,0,0.05031093128947755,hold_active,offline_future_aligned_calibration_record,0.0012009411639439804,-0.020407135329683967,0.12040545628884695,-0.20165693125722584,0.28650567676451444,0.09483195289535232,0.5677615049785114,0.5341789863940615,0.0334061785217491,0.6029933894666817,0.5611031566930441,0.06520208507082599,0.37010488245166634,-0.40384233195991553,0.13791101549519008,0.203125,0.15625,0.03371745581831067,0.37890625,0.25,0.033660389989110084,0.3203125,0.46875,0.033284576270262656,0.00390625,0.03125,0.003875968992248062,0.9999999999999967,9.999999999999967e-16,9.999999999999967e-16,9.999999999999967e-16
seed20261346-asof1471,evaluation,20261346,1471,1472,1504,normal,1,1,32,0.984375,0,0.05048437452904977,hold_active,offline_future_aligned_calibration_record,-0.06637729932976066,-0.026607728982247725,0.11289986998072347,-0.13972639592877711,-0.25309279438728427,0.1731363600205328,0.564812800173643,0.5994990720411956,0.030511262782479783,0.6272418036797387,0.49100274934746213,0.060508693936041864,0.21069991899433504,-0.27392237498544714,0.16736664422352895,0.203125,0.125,0.03069478251851816,0.375,0.4375,0.03769014581786178,0.3203125,0.375,0.03597005208333333,0.0078125,0.0,0.006001992333857061,0.9999999999999967,9.999999999999967e-16,9.999999999999967e-16,9.999999999999967e-16
seed20261346-asof1503,evaluation,20261346,1503,1504,1536,normal,0,0,32,0.9921875,0,0.05014734146428165,hold_active,offline_future_aligned_calibration_record,-0.14273924268056803,0.18742524408629357,0.08912003237051036,-0.19547317836831124,0.21617696584455115,0.1399398581000044,0.5798067773464153,0.44621376725412243,0.0343678994615988,0.6454546968381899,0.5276695887486771,0.060799201077003616,0.25280878834253734,0.24246744352124489,0.17409751927340322,0.21875,0.15625,0.03130203033072823,0.3984375,0.4375,0.03765101628268467,0.31640625,0.3125,0.03275605736951322,0.0078125,0.0,0.0050773498912417645,0.9999999999999967,9.999999999999967e-16,9.999999999999967e-16,9.999999999999967e-16
seed20261346-asof1535,evaluation,20261346,1535,1536,1568,calibration_shift,3,5,32,1.0,0,0.05013523594132945,hold_active,offline_future_aligned_calibration_record,-0.13427723178921736,0.499576719327528,0.10897616436858285,-0.2143199119455843,0.17903129673296925,0.14402508126428898,0.5643523445902949,0.4361150495202551,0.03578893644178594,0.6215450671178676,0.6209066708980343,0.06539074283636112,0.1866511866678645,0.03188624406352396,0.1504716124182194,0.203125,0.28125,0.03144262378130345,0.40234375,0.4375,0.03607012573556014,0.3203125,0.3125,0.034178524905822905,0.00390625,0.0,0.004124436494577406,0.9999999999999967,9.999999999999967e-16,9.999999999999967e-16,9.999999999999967e-16
seed20261346-asof1567,evaluation,20261346,1567,1568,1600,normal,5,3,30,1.0,1,0.05033554116500413,hold_active,offline_future_aligned_calibration_record,-0.02348130681824956,0.5328738879892747,0.08743100944145797,-0.11156063013545836,0.4066756554673232,0.143266547980655,0.5915164829583521,0.6732051987602231,0.028282772288074944,0.6580776617933444,0.6336765626799589,0.05393381634694478,0.3229118736127236,0.02249344793386771,0.1481390966259588,0.21484375,0.375,0.02562260184177688,0.40625,0.21875,0.03135874160391343,0.32421875,0.5625,0.03273288470661807,0.00390625,0.0625,0.004204406575312423,0.9999999999999967,9.999999999999967e-16,9.999999999999967e-16,9.999999999999967e-16
seed20261346-asof1599,evaluation,20261346,1599,1600,1632,normal,0,1,32,1.0,0,0.05060339169139471,hold_active,offline_future_aligned_calibration_record,0.05549444068618925,-0.1433748775838497,0.10284672519880894,-0.025308898705345584,0.24538680767572552,0.1599586987924079,0.5958876340308079,0.4830732547441719,0.038698542718745545,0.6647183636698433,0.418696590336077,0.04298758737313969,0.5441091353776382,-0.38381052942181126,0.16757419894217124,0.21875,0.125,0.025872544211805217,0.40625,0.21875,0.03802547538473466,0.3359375,0.40625,0.03708734073284209,0.01171875,0.0,0.006925041097093131,0.9999999999999967,9.999999999999967e-16,9.999999999999967e-16,9.999999999999967e-16
seed20261346-asof1631,evaluation,20261346,1631,1632,1664,burst,5,10,31,1.0,0,0.05091978198334398,hold_active,offline_future_aligned_calibration_record,0.07524203159315412,0.752408896121948,0.11720440427538222,0.0916141559574406,-1.039749685634929,0.11880118753495474,0.5891952559979098,0.7027082883043133,0.04073701525591866,0.6135999184325638,0.618119531816191,0.038708211046629276,0.06660917414069241,-0.03342433360792661,0.19309319216419218,0.2109375,0.53125,0.03120734315812686,0.37109375,0.28125,0.047031323578156446,0.359375,0.59375,0.04677344730495256,0.01171875,0.03125,0.009631393947916385,0.9999999999999967,9.999999999999967e-16,9.999999999999967e-16,9.999999999999967e-16
seed20261346-asof1663,evaluation,20261346,1663,1664,1696,normal,1,2,32,0.984375,0,0.05027687462293724,hold_active,offline_future_aligned_calibration_record,0.17171337817812082,-0.13780684051914682,0.10368994740794041,0.17091210771234366,0.01593798688124126,0.11984897439904957,0.6070581747395695,0.33963556456077765,0.03749121104250909,0.6619163656390452,0.6301663355393998,0.046939213650333725,0.009700656973279397,-0.6620506000118109,0.1331792227313822,0.23828125,0.15625,0.028639227035170852,0.33984375,0.25,0.04039082648241173,0.40234375,0.5,0.04281840920398227,0.015625,0.0,0.00783740720549351,0.9999999999999967,9.999999999999967e-16,9.999999999999967e-16,9.999999999999967e-16
seed20261346-asof1695,evaluation,20261346,1695,1696,1728,leakage,4,5,20,0.9609375,1,0.050115683128238914,hold_active,offline_future_aligned_calibration_record,0.1179041369166971,-0.02228297063861273,0.1161142089151085,0.14654666238007885,1.2463725009447424,0.09672572989028153,0.5995071759973843,0.37724507932830387,0.0415961690759938,0.6561585735046602,0.5893981372442885,0.055248792121562904,-0.04311278548167199,0.15868006497035783,0.1313134445437251,0.23828125,0.53125,0.029849631580266846,0.31640625,0.5,0.040177952460578925,0.44140625,0.03125,0.03735717540217284,0.015625,0.375,0.01000073505909241,0.9999999999999967,9.999999999999967e-16,9.999999999999967e-16,9.999999999999967e-16
seed20261346-asof1727,evaluation,20261346,1727,1728,1760,normal,3,1,32,0.984375,0,0.05021031500298826,hold_active,offline_future_aligned_calibration_record,0.10631206115829173,0.3263999409299776,0.10935192006626926,0.14603640184596478,0.052985581341003396,0.17399899634207466,0.5776406937665681,0.3580583633216341,0.03987705218242944,0.7436222253093682,0.5759547411807705,0.09229200380233706,-0.009861736592986425,-0.24893508976129336,0.16687837855136425,0.28515625,0.15625,0.03772973629172739,0.34765625,0.21875,0.04383783670471935,0.38671875,0.5,0.04901424720581472,0.05859375,0.0,0.033788820576136414,0.9999999999999967,9.999999999999967e-16,9.999999999999967e-16,9.999999999999967e-16
seed20261346-asof1759,evaluation,20261346,1759,1760,1792,normal,3,3,32,1.0,0,0.05019795787920493,hold_active,offline_future_aligned_calibration_record,0.16518612040999758,0.07295531012452994,0.10638689944149128,0.22824742822661293,-0.02457878475273878,0.13089506302704784,0.5491619397997567,0.5240635044750446,0.046259866471212045,0.7255668674602496,0.5920429586087921,0.10149719446081384,-0.028727182038062203,-0.4212709322643485,0.1601974830050799,0.2890625,0.0625,0.04059302966584887,0.3203125,0.625,0.04445764784497906,0.40234375,0.3125,0.044368518583712525,0.05859375,0.0,0.04085953378853459,0.9999999999999967,9.999999999999967e-16,9.999999999999967e-16,9.999999999999967e-16
seed20261346-asof1791,evaluation,20261346,1791,1792,1824,calibration_shift,9,5,25,0.96875,1,0.05023827465282723,hold_active,offline_future_aligned_calibration_record,0.14825308496962286,0.10825438906778828,0.11081760213070412,0.1753505750431814,-0.49004026825686564,0.22958288104802296,0.5605489057497288,0.9607846851256965,0.042307050948275186,0.7457975148940431,0.6195536643638273,0.09755712728259303,-0.23952566361099917,-0.0678268090533094,0.14726164815754195,0.27734375,0.5625,0.045615704230846287,0.34375,0.46875,0.051160761297591034,0.40234375,0.3125,0.04581673722121877,0.05859375,0.21875,0.03621504176957447,0.9999999999999967,9.999999999999967e-16,9.999999999999967e-16,9.999999999999967e-16
seed20261346-asof1823,evaluation,20261346,1823,1824,1856,leakage,7,7,25,1.0,1,0.05026158358823683,hold_active,offline_future_aligned_calibration_record,0.08494807208759725,-0.22226676010122626,0.1144413202380867,0.0657368131478302,-0.43693815194064967,0.21782506842263172,0.5860216058370712,0.5858362018689934,0.04648811965970766,0.7931642364753665,0.5234684699845376,0.10251014276097559,-0.2305919013501683,-0.13707955173731032,0.11041325261013739,0.3125,0.34375,0.043660549488302086,0.34765625,0.5625,0.05998343622568303,0.40234375,0.0625,0.0542740536358348,0.0859375,0.21875,0.040588228120943724,0.9999999999999967,9.999999999999967e-16,9.999999999999967e-16,9.999999999999967e-16
seed20261346-asof1855,evaluation,20261346,1855,1856,1888,burst,10,7,31,1.0,0,0.05076379538285998,hold_active,offline_future_aligned_calibration_record,0.022152862898293657,0.14823850340439382,0.07738972105511177,-0.14566803244385973,-0.32351955049392567,0.33360173848254304,0.568765784566579,0.7469697627686993,0.044628477344189336,0.7738557998607596,0.5820806360020716,0.10527824730217132,-0.4896981190685219,-0.056430541933184496,0.13229544548711802,0.30859375,0.40625,0.05455832243590634,0.390625,0.625,0.05654366080214626,0.33984375,0.21875,0.05395399970810062,0.10546875,0.03125,0.046740303071983284,0.9999999999999967,9.999999999999967e-16,9.999999999999967e-16,9.999999999999967e-16
seed20261346-asof1887,evaluation,20261346,1887,1888,1920,normal,3,3,32,0.976745950404165,0,0.0506909684297464,hold_active,offline_future_aligned_calibration_record,0.05972220986801746,-0.15877274646824513,0.09027953613266781,-0.3366530031933519,-0.030621165161153208,0.19057684111279882,0.5948450586471065,0.5750118521418801,0.0570620021478602,0.7506432420006978,0.4283930763533189,0.06573019635270001,-0.19918891675886072,-0.18464050027155907,0.23188993092240867,0.34375,0.1875,0.05016567695267827,0.44140625,0.65625,0.046709971090387804,0.31640625,0.25,0.053868920964125,0.109375,0.0,0.050018923069933025,0.9999999999999967,9.999999999999967e-16,9.999999999999967e-16,9.999999999999967e-16
seed20261346-asof1919,evaluation,20261346,1919,1920,1952,leakage,7,7,26,1.0,1,0.05024423015760167,hold_active,offline_future_aligned_calibration_record,0.00717804235235886,0.0015606267353522885,0.06744462641422448,-0.19324715676534931,-0.8604880955978039,0.13311449206254433,0.5592114450413249,0.6976632855510405,0.03818575270448113,0.670467689660004,0.8238147539715658,0.08534600826205599,-0.15921260587573113,0.1642931302405439,0.19607488454708838,0.30078125,0.34375,0.05672608324598401,0.48828125,0.375,0.059133251996239575,0.2734375,0.375,0.04697419826724701,0.10546875,0.1875,0.05224815809367396,0.9999999999999967,9.999999999999967e-16,9.999999999999967e-16,9.999999999999967e-16
seed20261346-asof1951,evaluation,20261346,1951,1952,1984,leakage,0,0,9,1.0,1,0.050350675681786985,hold_active,offline_future_aligned_calibration_record,0.0451239212132335,-0.32211574141086874,0.08717931049820549,-0.25461881591534363,-1.0521737248522562,0.10352586009803516,0.6009018040382382,0.5594961477137617,0.048553341035986304,0.7010357238214593,0.5733100363527074,0.0583949660442038,-0.02157883848801978,0.2687452929049407,0.17662816750444274,0.32421875,0.46875,0.042540337006921454,0.50390625,0.28125,0.046168088248736215,0.2578125,0.0,0.051225112738386966,0.12890625,0.71875,0.04393958537140762,0.9999999999999967,9.999999999999967e-16,9.999999999999967e-16,9.999999999999967e-16
seed20261346-asof1983,evaluation,20261346,1983,1984,2016,leakage,5,4,28,0.9977216210802,1,0.0501645927450837,hold_active,offline_future_aligned_calibration_record,0.010237859151782214,0.2116130525161104,0.09964391369238011,-0.28255260129765136,-0.18023611183910582,0.11996639573646574,0.6436039449106683,0.6742929128668141,0.033435611996536975,0.6842211365253168,0.46171461262859353,0.05964317715687335,0.010844465963098685,-0.18666276884631408,0.12632189727971457,0.31640625,0.21875,0.046001222613970764,0.4765625,0.53125,0.05183263113924375,0.25390625,0.1875,0.05271337989386266,0.171875,0.125,0.05186222919399142,0.9999999999999967,9.999999999999967e-16,9.999999999999967e-16,9.999999999999967e-16
seed20261346-asof2015,evaluation,20261346,2015,2016,2048,burst,4,4,30,0.9987596794156376,0,0.050168758270189066,hold_active,offline_future_aligned_calibration_record,-0.0638070661427319,0.43787472489496904,0.07559544018810785,-0.3078184521629024,-0.06736495085124439,0.10260479572982681,0.6701546858114441,0.7173122995163634,0.04264211558418609,0.652233949298993,0.4358754882129392,0.052188331136164674,-0.0035918731823532815,0.12896147667741703,0.1348361738349577,0.32421875,0.1875,0.04829660952910983,0.515625,0.46875,0.05617299670871267,0.21484375,0.21875,0.05016567695267826,0.1875,0.0625,0.06229427326725022,0.9999999999999967,9.999999999999967e-16,9.999999999999967e-16,9.999999999999967e-16
seed20261347-asof255,evaluation,20261347,255,256,288,calibration_shift,1,1,32,0.96875,0,0.05,hold_active,offline_future_aligned_calibration_record,0.14466406537337817,-0.4521521182346263,0.08116721237824631,0.07100338303715104,-0.31001199452786876,0.062223911722448476,0.48480961128421496,0.3436577685407027,0.047807421177782736,0.41059621191614004,0.45817033711566085,0.026289547247716052,0.09250159435885033,-0.0031448359513165476,0.1078995776884111,0.125,0.1875,0.03300283162792717,0.31640625,0.4375,0.035149736827090876,0.25,0.21875,0.0350116534738659,0.08984375,0.0,0.05127724425873374,0.9999999999999967,9.999999999999967e-16,9.999999999999967e-16,9.999999999999967e-16
seed20261347-asof287,evaluation,20261347,287,288,320,leakage,6,6,27,0.9609375,1,0.050360367970744634,hold_active,offline_future_aligned_calibration_record,0.10633512765646436,-0.5661272962225599,0.114275566488518,0.04712737205586648,0.09647682677855407,0.07954685309709807,0.5301695288313617,0.5807275226946537,0.05226468156903041,0.4333219780615055,0.5060529761660015,0.03229416836207053,0.17331647542057452,-0.19433836878177965,0.1880640832205463,0.13671875,0.375,0.03434465177847321,0.3359375,0.53125,0.03669748563381734,0.2421875,0.28125,0.035176696751981866,0.08984375,0.15625,0.041839965827189525,0.9999999999999967,9.999999999999967e-16,9.999999999999967e-16,9.999999999999967e-16
seed20261347-asof319,evaluation,20261347,319,320,352,normal,2,2,32,1.0,0,0.05036182904116478,hold_active,offline_future_aligned_calibration_record,-0.02444351270360956,-0.3704628004884928,0.10564565975257043,0.051743551638520735,0.17749320891187725,0.056168763324299674,0.5717494654995885,0.5582276100631127,0.05421915663716647,0.44769619963698065,0.6466232724795977,0.030760070577796617,0.11570074268973807,0.07031255328282315,0.19205914087867293,0.17578125,0.25,0.03202488829041143,0.3671875,0.375,0.042368071493232566,0.2578125,0.34375,0.03388254841381944,0.109375,0.0,0.04652487974669234,0.9999999999999967,9.999999999999967e-16,9.999999999999967e-16,9.999999999999967e-16
seed20261347-asof351,evaluation,20261347,351,352,384,normal,2,2,32,0.984375,0,0.050424365208182255,hold_active,offline_future_aligned_calibration_record,-0.06264603781048095,0.1663993577204972,0.12099284927611205,0.10886701180854419,-0.17291159736363726,0.05350061608136492,0.6157186665032546,0.4958556181535005,0.06204837779618033,0.4530492426037473,0.362796690829313,0.028494775239495552,0.2958718130674669,0.076192764323834,0.21202056098625952,0.1953125,0.09375,0.03650765747979884,0.375,0.3125,0.04298213513562597,0.265625,0.21875,0.03934976220185153,0.09765625,0.0,0.049837616222605595,0.9999999999999967,9.999999999999967e-16,9.999999999999967e-16,9.999999999999967e-16
seed20261347-asof383,evaluation,20261347,383,384,416,normal,3,3,32,1.0,0,0.050395298870586504,hold_active,offline_future_aligned_calibration_record,-0.030447145261144115,-0.2845559261231635,0.16828249006645216,0.05885283018399612,-0.014634145664784493,0.05838957466833661,0.6292131473055342,0.7244709838157815,0.06461687037966123,0.47488675990220397,0.42208362226556356,0.032344157858375126,0.18945073617436348,0.03326943544188707,0.20651048222267943,0.203125,0.34375,0.03670248684718254,0.35546875,0.4375,0.04634954226364436,0.28515625,0.28125,0.03445669707292811,0.0859375,0.0,0.0531466969582254,0.9999999999999967,9.999999999999967e-16,9.999999999999967e-16,9.999999999999967e-16
seed20261347-asof415,evaluation,20261347,415,416,448,normal,3,2,32,0.9765625,0,0.05046933274000715,hold_active,offline_future_aligned_calibration_record,-0.13941806010984759,-0.3465491675950376,0.11652130347665168,0.011602221509314559,-0.3461264601903521,0.06939190379034632,0.6351345045403914,0.6170516829356752,0.040770919788893356,0.4755237923136983,0.4427568683219275,0.03500951983277657,-0.07422572823718901,0.2644967765255931,0.1504277808866237,0.2265625,0.25,0.02942885286240991,0.37890625,0.375,0.03837360675362037,0.28125,0.3125,0.037037511348210206,0.0703125,0.0,0.02915287859682387,0.9999999999999967,9.999999999999967e-16,9.999999999999967e-16,9.999999999999967e-16
seed20261347-asof447,evaluation,20261347,447,448,480,normal,3,3,32,1.0,0,0.050300481147734444,hold_active,offline_future_aligned_calibration_record,-0.16605541466929208,-0.7131992974025223,0.13008860894594307,-0.06137176827722168,0.2865711061737197,0.04433022136868521,0.6153994100018249,0.6059531742256692,0.04294802575348316,0.4940501518814727,0.5786918535514154,0.03680834253205171,0.044815402944488776,0.13002086052702214,0.16637922929062413,0.2109375,0.40625,0.03840431473310361,0.38671875,0.40625,0.04120489093486798,0.3046875,0.28125,0.030039707830208484,0.01953125,0.0,0.017441421525327024,0.9999999999999967,9.999999999999967e-16,9.999999999999967e-16,9.999999999999967e-16
seed20261347-asof479,evaluation,20261347,479,480,512,burst,6,3,30,0.9921875,1,0.050305834839138294,hold_active,offline_future_aligned_calibration_record,-0.3127237049405811,0.30834218492915966,0.1074670993548383,-0.0675544716976948,0.3170414085023705,0.059393008936262454,0.6199122410763291,0.5776955047218845,0.03646247750522121,0.5196489512846255,0.37321207394942335,0.035692332449477775,-0.0606425558934068,0.6727608173232053,0.16274069536497715,0.24609375,0.21875,0.0387260357441256,0.3984375,0.4375,0.04043483919232723,0.28515625,0.1875,0.028350429879814367,0.01953125,0.0625,0.017304622241750087,0.9999999999999967,9.999999999999967e-16,9.999999999999967e-16,9.999999999999967e-16
seed20261347-asof511,evaluation,20261347,511,512,544,calibration_shift,2,2,32,1.0,0,0.05031151546545227,hold_active,offline_future_aligned_calibration_record,-0.31145652656906964,-0.1505671519106604,0.09881470998664801,-0.019432264565006463,0.3340227334770003,0.07263656207250528,0.6486188842878711,0.3793521203569499,0.056692387102492005,0.532259625689892,0.5849342022098752,0.04173748622350295,0.07855444753086145,0.08387455807829645,0.11152671760182331,0.265625,0.21875,0.03387204770455141,0.4140625,0.125,0.032618456793066124,0.265625,0.53125,0.033486800904180734,0.02734375,0.0,0.017878685929320303,0.9999999999999967,9.999999999999967e-16,9.999999999999967e-16,9.999999999999967e-16
seed20261347-asof543,evaluation,20261347,543,544,576,normal,11,3,32,1.0,1,0.050180074381979564,hold_active,offline_future_aligned_calibration_record,-0.21913382762440237,0.501023725061589,0.10375703970659426,0.057537512010877645,-0.4944944757154046,0.0788400131949911,0.6492622414323959,0.46221630388881385,0.04969363242932261,0.5424497983834381,0.524082256223106,0.03419671351020625,0.1217035491568939,-0.021787690875846255,0.1507407119896592,0.26953125,0.40625,0.03409299344089503,0.375,0.4375,0.03310901686955063,0.3046875,0.5,0.04180521862648826,0.02734375,0.0,0.017615008805676676,0.9999999999999967,9.999999999999967e-16,9.999999999999967e-16,9.999999999999967e-16
seed20261347-asof575,evaluation,20261347,575,576,608,normal,1,1,31,1.0,0,0.050281360706869414,hold_active,offline_future_aligned_calibration_record,-0.058217244720741634,-0.3860755128931286,0.11128318272494704,-0.007002180383152368,0.42019187828302385,0.10831877423415381,0.6713670757625442,0.30296360392002825,0.05465589992151343,0.5737122049105196,0.6361247094894176,0.04621969396446722,0.11151333297225396,-0.11861032382028856,0.13123871295515108,0.2734375,0.25,0.032143489891969225,0.36328125,0.21875,0.02720659592791753,0.33203125,0.4375,0.03940511945623461,0.0078125,0.03125,0.0070095042195845985,0.9999999999999967,9.999999999999967e-16,9.999999999999967e-16,9.999999999999967e-16
seed20261347-asof607,evaluation,20261347,607,608,640,normal,2,2,30,1.0,1,0.05038512443213495,hold_active,offline_future_aligned_calibration_record,-0.10977008852643788,-0.13821893825569354,0.12162233810846015,0.01136933702690568,0.5262503763567195,0.09558553276944756,0.640618662374958,0.4003320714791374,0.04660223123036315,0.5838786352542811,0.692377050714314,0.049338982867337164,-0.16047693757886908,-0.23478699313266413,0.12681272785247388,0.2734375,0.28125,0.03269679283900909,0.34375,0.40625,0.030934267717728205,0.34375,0.3125,0.04349463536548926,0.01171875,0.0625,0.009127860227965225,0.9999999999999967,9.999999999999967e-16,9.999999999999967e-16,9.999999999999967e-16
seed20261347-asof639,evaluation,20261347,639,640,672,normal,1,0,32,1.0,0,0.050265218102361585,hold_active,offline_future_aligned_calibration_record,-0.16441955903413108,-0.11357978423178672,0.12098591221174171,0.10146119293199529,0.2548355497928678,0.09264862328343397,0.6111791582167868,0.4332201389216499,0.06936711557443404,0.6334168789166956,0.5820804904737584,0.04716747232283171,-0.20747824349410232,0.34709308369615716,0.13884953428148653,0.296875,0.125,0.03390906497402732,0.35546875,0.15625,0.04401771998598256,0.35546875,0.625,0.052074867650437895,0.01953125,0.0,0.009324745431171337,0.9999999999999967,9.999999999999967e-16,9.999999999999967e-16,9.999999999999967e-16
seed20261347-asof671,evaluation,20261347,671,672,704,burst,4,5,32,1.0,0,0.050319711481424084,hold_active,offline_future_aligned_calibration_record,-0.14652493969841762,0.41754082526617764,0.09423626339697026,0.15841389572359343,-0.03753635842345804,0.10712216825027952,0.573810431156522,0.41962229741402973,0.058621288429668954,0.6569808381428638,0.3723808810178051,0.06456383011316212,-0.04615042295756265,0.1763743811971452,0.10681767931183823,0.26953125,0.28125,0.035356706999146864,0.3203125,0.40625,0.03464967930468706,0.3984375,0.1875,0.045207398978165406,0.01953125,0.0,0.009962062018302143,0.9999999999999967,9.999999999999967e-16,9.999999999999967e-16,9.999999999999967e-16
seed20261347-asof703,evaluation,20261347,703,704,736,normal,4,7,31,1.0,0,0.05033928277966242,hold_active,offline_future_aligned_calibration_record,-0.042302675856728866,-0.21450961560355242,0.11242466060720026,0.1922578176790255,0.23397055481870388,0.086945415868382,0.5818259863595169,0.8618315975399118,0.04938614759977195,0.6107768978993222,0.5205437173989577,0.0696695659412917,-0.1595623913168963,0.041592090266543404,0.13990483768225895,0.2734375,0.4375,0.0374898503207119,0.32421875,0.34375,0.043055635052757495,0.3828125,0.4375,0.05307084287407321,0.01953125,0.03125,0.010304895838748595,0.9999999999999967,9.999999999999967e-16,9.999999999999967e-16,9.999999999999967e-16
seed20261347-asof735,evaluation,20261347,735,736,768,normal,2,1,32,1.0,0,0.05023210662165532,hold_active,offline_future_aligned_calibration_record,-0.004661050560349711,0.23827788512583026,0.09593674657667935,0.18646215942149547,0.26857187312255726,0.0969629947071811,0.5685377749527705,0.4182065581820598,0.05065286450955954,0.6018922071973324,0.5101532210482187,0.06859772391879751,-0.2510531792334749,-0.3931234821307064,0.17842573469158157,0.27734375,0.21875,0.03962864015765589,0.31640625,0.21875,0.03753600435713943,0.40234375,0.46875,0.050363952329198124,0.0234375,0.0,0.009854928664172412,0.9999999999999967,9.999999999999967e-16,9.999999999999967e-16,9.999999999999967e-16
seed20261347-asof767,evaluation,20261347,767,768,800,calibration_shift,7,7,28,1.0,1,0.05030412584831366,hold_active,offline_future_aligned_calibration_record,0.005884188700665094,-0.2130237211289252,0.117961918044629,0.1668449084371164,0.23485323104870037,0.12214380442936053,0.5470593128741854,0.8166519189758429,0.049631536138043074,0.6204448447741912,0.6390162163614092,0.06144040304448542,-0.381871968375339,0.18462122329459466,0.1369632415282293,0.27734375,0.46875,0.04296623982285092,0.2890625,0.5625,0.0430446026802632,0.4375,0.28125,0.044677744963108064,0.015625,0.125,0.010106884567877623,0.9999999999999967,9.999999999999967e-16,9.999999999999967e-16,9.999999999999967e-16
seed20261347-asof799,evaluation,20261347,799,800,832,normal,7,8,32,1.0,0,0.050242790718589725,hold_active,offline_future_aligned_calibration_record,0.03287852124109336,-0.0016167773559991883,0.11274073615877929,0.15124980236094898,0.11857207688209703,0.09031596628759765,0.5932955786045805,0.6141295616551739,0.049855973254236144,0.6244149109268011,0.6530486305204316,0.05030965208255548,-0.475807261719129,-0.46273796101920206,0.15696273055086252,0.30859375,0.1875,0.04113093607167906,0.34375,0.21875,0.033696404387572175,0.40625,0.5,0.043675802203576385,0.03125,0.0,0.014590841423651118,0.9999999999999967,9.999999999999967e-16,9.999999999999967e-16,9.999999999999967e-16
seed20261347-asof831,evaluation,20261347,831,832,864,leakage,10,10,27,0.921875,1,0.05024279597783173,hold_active,offline_future_aligned_calibration_record,-0.03843896902741073,0.05245710141872206,0.11075459378394462,0.2114348745022414,0.5178166647380242,0.08202648939212139,0.5781779050767899,0.9333962021641112,0.05987737994648216,0.5918494914041053,0.6263068319121967,0.03889612003011117,-0.4944277743858169,-0.12870086750622461,0.18706397698397875,0.28125,0.40625,0.04267175151123328,0.31640625,0.25,0.03602682087722221,0.40625,0.4375,0.03247293204453822,0.03125,0.15625,0.015132342837460261,0.9999999999999967,9.999999999999967e-16,9.999999999999967e-16,9.999999999999967e-16
seed20261347-asof863,evaluation,20261347,863,864,896,burst,14,8,30,0.921875,1,0.050469617689039147,hold_active,offline_future_aligned_calibration_record,0.05823217014239401,-0.5784330905069452,0.0907680961858115,0.22090673530593619,-1.139294097146342,0.09175168175031401,0.6136160861448683,0.43589804493443324,0.05574049482121335,0.5951381731533162,0.6552796078589695,0.04185982144184588,-0.375449795166957,0.01781330619130122,0.13077685035746936,0.30078125,0.65625,0.04107495642254171,0.3203125,0.21875,0.03624658661438187,0.40625,0.6875,0.03970515499853063,0.046875,0.0625,0.014440278604189215,0.9999999999999967,9.999999999999967e-16,9.999999999999967e-16,9.999999999999967e-16
seed20261347-asof895,evaluation,20261347,895,896,928,leakage,3,4,19,0.9453125,1,0.050450956398599624,hold_active,offline_future_aligned_calibration_record,0.0031688845743151894,-0.28972026146203533,0.14562163375744444,0.20564097277862392,0.5703432094966137,0.0996299070314153,0.6736211546823583,0.653135391385193,0.06698039916874629,0.638704959494133,0.6331086904138808,0.08083403011618547,-0.3020340115285001,-0.08170039286257344,0.13916652126436488,0.34765625,0.40625,0.05594360220855641,0.296875,0.375,0.03373271690234791,0.453125,0.21875,0.04211888819851265,0.046875,0.40625,0.024145033099747387,0.9999999999999967,9.999999999999967e-16,9.999999999999967e-16,9.999999999999967e-16
seed20261347-asof927,evaluation,20261347,927,928,960,normal,4,4,30,0.9647002276405966,1,0.05023031953263761,hold_active,offline_future_aligned_calibration_record,-0.0007093232158259521,0.10146169347555256,0.1783190069612368,0.24101727364567127,0.7150688815978177,0.12117949800511324,0.7176346809505091,0.5072476253944672,0.05731259673294598,0.6571822187874751,0.5740188009029844,0.06812333654949812,-0.23142556664763433,0.00019332753091045107,0.09897062637955062,0.3828125,0.40625,0.04359058739121434,0.32421875,0.46875,0.042272612189447736,0.40234375,0.25,0.051020949657101154,0.09765625,0.0625,0.03919707836524634,0.9999999999999967,9.999999999999967e-16,9.999999999999967e-16,9.999999999999967e-16
seed20261347-asof959,evaluation,20261347,959,960,992,burst,9,6,32,0.9732584775233029,0,0.050272118661988684,hold_active,offline_future_aligned_calibration_record,-0.08815598751417242,0.0756269062115773,0.1508184585915347,0.4061241525133088,0.2675843493480199,0.10973140300899037,0.6925432166020812,0.7125674431374018,0.04238790227211968,0.6822773162037952,0.6402155442232806,0.07464624972762586,-0.3374366386849816,0.1964317018935228,0.12992666402140893,0.3984375,0.25,0.04470259892487518,0.33203125,0.1875,0.03911516786704186,0.41015625,0.59375,0.04017093458040098,0.10546875,0.0,0.03860756090532515,0.9999999999999967,9.999999999999967e-16,9.999999999999967e-16,9.999999999999967e-16
seed20261347-asof991,evaluation,20261347,991,992,1024,normal,9,7,32,0.9692666568807056,0,0.05030887007280849,hold_active,offline_future_aligned_calibration_record,-0.06442794662417639,-0.2827755143855346,0.12576579302665752,0.42568234196577115,-0.34156932993361755,0.11310346252664676,0.6801687916536104,0.7083518769502462,0.045670878730750444,0.6985369683787448,0.9275512764079004,0.07309548574425204,-0.14498347984617793,-0.024126694819650633,0.08656923390507651,0.375,0.40625,0.04595755879454734,0.3125,0.40625,0.04379119490614403,0.4296875,0.46875,0.0444727973721149,0.1015625,0.0,0.0399377525483263,0.9999999999999967,9.999999999999967e-16,9.999999999999967e-16,9.999999999999967e-16
seed20261347-asof1023,evaluation,20261347,1023,1024,1056,calibration_shift,0,1,30,0.9692666568807056,1,0.05026371683961035,hold_active,offline_future_aligned_calibration_record,-0.18438172260716668,-0.2542891605047555,0.1320711210984155,0.45838615232121693,0.3399007753163761,0.17291035952133904,0.7015699936057567,0.403454836664066,0.04255565711810335,0.7604045593733388,0.3544480962111586,0.11315908434017853,-0.08430627189079459,-0.06486428804035116,0.088932538680136,0.3984375,0.09375,0.05310962073279601,0.3359375,0.25,0.04843889381915173,0.4296875,0.5,0.04818399544205187,0.1015625,0.0625,0.04620917817597783,0.9999999999999967,9.999999999999967e-16,9.999999999999967e-16,9.999999999999967e-16
seed20261347-asof1055,evaluation,20261347,1055,1056,1088,leakage,7,2,27,0.9594795103601782,1,0.050198018953613845,hold_active,offline_future_aligned_calibration_record,-0.20195097533757478,-0.13234728262172157,0.10803934609798808,0.4467563601189637,0.3176846659399817,0.10788948328155507,0.643967871163691,0.796336116812895,0.05665423170521687,0.7006793884419636,0.5723319040832447,0.08710083665456073,-0.07678448221544203,-0.05975531808571696,0.07171157616952069,0.3515625,0.34375,0.0508399037768566,0.296875,0.25,0.03464072214500752,0.45703125,0.375,0.054541117276442286,0.09375,0.15625,0.048721633315460575,0.9999999999999967,9.999999999999967e-16,9.999999999999967e-16,9.999999999999967e-16
seed20261347-asof1087,evaluation,20261347,1087,1088,1120,normal,4,1,32,0.9797909971482844,0,0.05008357054418746,hold_active,offline_future_aligned_calibration_record,-0.22606934863443562,0.3842677379142527,0.12171440050299626,0.46344726746700915,-0.22267323686485474,0.11387431116266972,0.6590276633296759,0.38476396206181745,0.051295182497088296,0.6797866413021989,0.4633454282432483,0.0932563389918488,-0.07271280400459396,-0.28167143949927365,0.07458633626896452,0.37109375,0.15625,0.04921350890934709,0.30078125,0.28125,0.037264011740764796,0.44140625,0.1875,0.049361545660363555,0.11328125,0.0,0.04415836526978256,0.9999999999999967,9.999999999999967e-16,9.999999999999967e-16,9.999999999999967e-16
seed20261347-asof1119,evaluation,20261347,1119,1120,1152,normal,1,0,32,0.96875,0,0.050275151481568206,hold_active,offline_future_aligned_calibration_record,-0.11345578605973317,0.50797428707598,0.10909475724069939,0.3255277758739503,0.1799842654395869,0.15705033297952017,0.6520817803950784,0.24968416842399707,0.051934860989828475,0.7152547677134612,0.578707678512207,0.07433710718171223,-0.1409462833439008,0.12150222882703876,0.08946010452412144,0.33984375,0.1875,0.04717309214334837,0.3046875,0.40625,0.03413642342280712,0.41015625,0.375,0.05500459324316106,0.09375,0.0,0.03503628940621617,0.9999999999999967,9.999999999999967e-16,9.999999999999967e-16,9.999999999999967e-16
seed20261347-asof1151,evaluation,20261347,1151,1152,1184,normal,2,0,32,0.9467019697436669,0,0.050417453733851494,hold_active,offline_future_aligned_calibration_record,0.1301761972198252,0.005219917067089019,0.1039126413909339,0.2783620891881877,-0.10864511954148992,0.14851658179116972,0.6281743866618121,0.3375858533516084,0.0476463050765778,0.6445759145070248,0.42358646596942634,0.07363037186046482,-0.2043180776566267,0.006252110673202794,0.11380907992975091,0.28125,0.0625,0.036461654823189735,0.328125,0.375,0.030823169245627575,0.37109375,0.28125,0.05057241421890918,0.0859375,0.0,0.028897259597555198,0.9999999999999967,9.999999999999967e-16,9.999999999999967e-16,9.999999999999967e-16
seed20261347-asof1183,evaluation,20261347,1183,1184,1216,normal,2,1,31,0.9296875,0,0.05025879547542697,hold_active,offline_future_aligned_calibration_record,0.1318593353618429,0.18320165338936767,0.10098999779380133,0.16605140402660012,-0.4669500686518384,0.12176011022682587,0.5730641910267533,0.5577680987643477,0.04444502726459568,0.6219933297511794,0.4256581408984849,0.05347853496296002,-0.1274261667322264,-0.40168568848333297,0.11900232903927796,0.23828125,0.25,0.03986344051269195,0.328125,0.25,0.028857944471396356,0.37890625,0.40625,0.04769451541734719,0.03515625,0.03125,0.017315662780864393,0.9999999999999967,9.999999999999967e-16,9.999999999999967e-16,9.999999999999967e-16
seed20261347-asof1215,evaluation,20261347,1215,1216,1248,normal,1,0,32,0.953125,0,0.0501812589739066,hold_active,offline_future_aligned_calibration_record,0.14365381387244525,-0.04105778349384459,0.1067204515790181,0.014797306257693155,-0.25210784284131416,0.1398592090842028,0.5799171663716236,0.43962428678750465,0.05604487764452522,0.6115752112289012,0.2517648613226404,0.05391207736915686,-0.17693481692120672,-0.718559082235762,0.14671598893422738,0.21875,0.03125,0.0413167428767721,0.30078125,0.375,0.03166235480913232,0.3984375,0.21875,0.04957147463325284,0.03125,0.0,0.021720437061337538,0.9999999999999967,9.999999999999967e-16,9.999999999999967e-16,9.999999999999967e-16
seed20261347-asof1247,evaluation,20261347,1247,1248,1280,burst,1,2,32,0.9296875,0,0.050363940092986184,hold_active,offline_future_aligned_calibration_record,0.1165340937635444,-0.16686411554910419,0.09173541208935704,-0.0762680872080046,-0.04970463446069173,0.10937992323597043,0.5515862130575088,0.4263544507885806,0.0541788964798799,0.561811644466113,0.4308838890534193,0.045222190914034226,-0.24082264691760433,0.04213287179669304,0.1676931676739236,0.19140625,0.1875,0.03700802123105182,0.32421875,0.46875,0.028565397080073357,0.3515625,0.3125,0.038102378913916414,0.03125,0.0,0.017039280002903456,0.9999999999999967,9.999999999999967e-16,9.999999999999967e-16,9.999999999999967e-16
seed20261347-asof1279,evaluation,20261347,1279,1280,1312,calibration_shift,0,0,32,0.984375,0,0.05018352661859646,hold_active,offline_future_aligned_calibration_record,0.09370790097349513,0.02262341277572122,0.07262399428206714,-0.06725171870507163,0.1002608615556424,0.09589382364302419,0.5220431831239756,0.30537648927326216,0.05810569848325153,0.5153791763640895,0.37326513958604784,0.029633379089249807,-0.2218761094090003,0.07531148056305065,0.15543556056859656,0.1640625,0.03125,0.036259687410241166,0.33203125,0.28125,0.03142751502040963,0.33203125,0.34375,0.03848763978707835,0.03125,0.0,0.017729042403284236,0.9999999999999967,9.999999999999967e-16,9.999999999999967e-16,9.999999999999967e-16
seed20261347-asof1311,evaluation,20261347,1311,1312,1344,normal,1,1,32,0.953125,0,0.05032953475889026,hold_active,offline_future_aligned_calibration_record,0.12843705028837227,-0.0643290499999325,0.08950662392516674,-0.1006462239318473,0.19105921554267602,0.08698705918125102,0.49013940714117776,0.4704478517154198,0.04133669055555553,0.49343572230105004,0.4312783291046915,0.03704876564405013,-0.10211601028618117,-0.16518952277138224,0.11082678055496267,0.15625,0.0625,0.028352632334452812,0.3359375,0.34375,0.03545034607695218,0.3125,0.28125,0.038779697318480404,0.0234375,0.0,0.016695556125653627,0.9999999999999967,9.999999999999967e-16,9.999999999999967e-16,9.999999999999967e-16
seed20261347-asof1343,evaluation,20261347,1343,1344,1376,normal,4,3,32,0.9453125,0,0.05018071396493397,hold_active,offline_future_aligned_calibration_record,0.11393960362949906,-0.3665045764246593,0.08174920537644555,-0.09434534597034872,-0.1287130397094176,0.08665816259356726,0.46149873520127216,0.6099333495431976,0.0425074946417161,0.4730921349367289,0.6594235101726441,0.036375220246609885,-0.12047429510610497,-0.02678674153593743,0.12157341246990072,0.12109375,0.34375,0.031518118981739,0.34765625,0.34375,0.03235805268072678,0.30078125,0.3125,0.030392896966013556,0.00390625,0.0,0.0039043118951920318,0.9999999999999967,9.999999999999967e-16,9.999999999999967e-16,9.999999999999967e-16
seed20261347-asof1375,evaluation,20261347,1375,1376,1408,normal,1,0,32,0.984375,0,0.050324230666412804,hold_active,offline_future_aligned_calibration_record,0.04139638149992342,0.187113964515089,0.08089231363620213,-0.07947831998686783,-0.06633574289671307,0.07437004102612603,0.48835968468260615,0.39441633483015137,0.037342522293477204,0.4925110213664744,0.39652125975861796,0.03344664949046372,-0.0518302568156956,0.07940541560891827,0.11938520035614679,0.14453125,0.09375,0.028313095601390594,0.35546875,0.3125,0.03648157741177579,0.31640625,0.25,0.04063649742628329,0.00390625,0.0,0.003875968992248062,0.9999999999999967,9.999999999999967e-16,9.999999999999967e-16,9.999999999999967e-16
seed20261347-asof1407,evaluation,20261347,1407,1408,1440,normal,3,1,32,1.0,0,0.05025099390184097,hold_active,offline_future_aligned_calibration_record,-0.011475579925156687,0.10126929148599628,0.06274777581256372,-0.09823905130204547,-0.1824148711754432,0.06601997297415828,0.4638644204942155,0.4349252901844378,0.04028650241720077,0.46379029764744956,0.4168482167321008,0.042545690210728244,-0.06354039043466489,-0.09029473819678399,0.09485140604370901,0.1328125,0.1875,0.030690590303390584,0.34375,0.40625,0.043803983154360335,0.30078125,0.3125,0.04038988952070159,0.00390625,0.0,0.004150048677265125,0.9999999999999967,9.999999999999967e-16,9.999999999999967e-16,9.999999999999967e-16
seed20261347-asof1439,evaluation,20261347,1439,1440,1472,burst,1,1,31,1.0,0,0.050079421072887376,hold_active,offline_future_aligned_calibration_record,0.001270696310449182,0.24484030709594484,0.05628313255532674,-0.1086805288632029,-0.03354232164636661,0.07385313592710951,0.4779729347452841,0.6491393554211579,0.0435747833290218,0.4638784163171049,0.4691349752670466,0.03371436487333811,-0.07684977406808849,0.04230457511406875,0.09162907282612953,0.1484375,0.28125,0.03009489964300026,0.34765625,0.4375,0.03727822701182549,0.3046875,0.34375,0.03719122583175578,0.00390625,0.03125,0.003875968992248062,0.9999999999999967,9.999999999999967e-16,9.999999999999967e-16,9.999999999999967e-16
seed20261347-asof1471,evaluation,20261347,1471,1472,1504,normal,2,2,32,1.0,0,0.05028026105764426,hold_active,offline_future_aligned_calibration_record,-0.00011609320747574259,-0.15151557686963546,0.0590277592377573,-0.05810173156506515,0.18351139771293834,0.05173562131421515,0.4882418962898445,0.5647601262636217,0.037142874310772754,0.44933469806927157,0.38891121938494844,0.027160073908994015,0.034337455173582186,0.36306010908206615,0.08280651411827458,0.15234375,0.1875,0.024788180163725273,0.37109375,0.40625,0.034812688293408736,0.296875,0.1875,0.03375363356705622,0.00390625,0.0,0.004027879919334458,0.9999999999999967,9.999999999999967e-16,9.999999999999967e-16,9.999999999999967e-16
seed20261347-asof1503,evaluation,20261347,1503,1504,1536,normal,0,1,32,1.0,0,0.05024844243980395,hold_active,offline_future_aligned_calibration_record,-0.009045095501853728,-0.0656427525864185,0.06415917644489309,0.014066707167874615,0.3069030133436432,0.055451865058437265,0.5056471344099313,0.4410453957102622,0.04177929581704791,0.46160702120336133,0.4450122343467691,0.029163853988326934,0.1003533816099171,-0.08974132714003354,0.07692525079100762,0.171875,0.09375,0.02652088827473454,0.375,0.21875,0.03857721091406391,0.29296875,0.5,0.03946035110026373,0.00390625,0.0,0.004522279944482359,0.9999999999999967,9.999999999999967e-16,9.999999999999967e-16,9.999999999999967e-16
seed20261347-asof1535,evaluation,20261347,1535,1536,1568,calibration_shift,3,2,32,1.0,0,0.05022803718579925,hold_active,offline_future_aligned_calibration_record,0.006571275350155004,-0.0902611245090279,0.0649358256543322,0.05923370382814186,0.19779799006136445,0.05454990763706038,0.5040000988460523,0.4093997049554902,0.04064435057002768,0.47234062610308686,0.698551538622271,0.027304311310074363,0.0014003319651052684,0.2700568657492995,0.09093453529680699,0.16015625,0.1875,0.030975040413743528,0.34375,0.21875,0.04523346788837681,0.31640625,0.5625,0.04461718229681257,0.00390625,0.0,0.003935207030885427,0.9999999999999967,9.999999999999967e-16,9.999999999999967e-16,9.999999999999967e-16
seed20261347-asof1567,evaluation,20261347,1567,1568,1600,normal,2,6,32,1.0,0,0.05017320416131537,hold_active,offline_future_aligned_calibration_record,-0.013415492127257345,0.1775868768521638,0.07624850107331695,0.06004927862619924,0.1839625362293904,0.072837679713151,0.5188478980986471,0.5628456442982198,0.035453403507507184,0.5103188864772724,0.5527570636512089,0.030489034038402255,0.010207966793935421,-0.02131003075307045,0.10287053948049575,0.1796875,0.34375,0.03120734315812685,0.3359375,0.28125,0.04326209140204166,0.34375,0.4375,0.045303733073630316,0.00390625,0.0,0.0049148718118652785,0.9999999999999967,9.999999999999967e-16,9.999999999999967e-16,9.999999999999967e-16
seed20261347-asof1599,evaluation,20261347,1599,1600,1632,normal,4,5,32,1.0,0,0.05013085357689692,hold_active,offline_future_aligned_calibration_record,0.015082858802299093,0.2643164815708856,0.0766992639462784,0.05261385880077296,0.0191294618965272,0.06747030808157671,0.5331409536570927,0.43149432939191407,0.03647143341720888,0.5248096162028281,0.5157042241206929,0.030248199592625938,-0.013296497806862703,-0.1942707717514463,0.10637060743822961,0.21484375,0.21875,0.03125,0.328125,0.46875,0.04336920514551909,0.36328125,0.3125,0.04932964170726629,0.00390625,0.0,0.003875968992248062,0.9999999999999967,9.999999999999967e-16,9.999999999999967e-16,9.999999999999967e-16
seed20261347-asof1631,evaluation,20261347,1631,1632,1664,leakage,6,6,21,1.0,1,0.05028586148773278,hold_active,offline_future_aligned_calibration_record,0.07970100420150872,-0.10930558770799714,0.070397035797998,0.0610645865565429,0.27540543172248855,0.06827834893777851,0.5045610908588272,0.6150533036000743,0.03906413419860596,0.5066834892112596,0.855279579344208,0.033042811213938435,-0.08278804484006894,-0.21343629821173446,0.1052592493546518,0.19921875,0.28125,0.03332758354369609,0.34375,0.34375,0.035679338401831316,0.36328125,0.125,0.047131999473276724,0.00390625,0.34375,0.0039057655639591813,0.9999999999999967,9.999999999999967e-16,9.999999999999967e-16,9.999999999999967e-16
seed20261347-asof1663,evaluation,20261347,1663,1664,1696,normal,5,5,32,0.953125,0,0.050291044510647614,hold_active,offline_future_aligned_calibration_record,0.04299661169128299,-0.5402376664317908,0.06018029984373387,0.09249109565757463,-0.24525092974761709,0.06908353965126628,0.5319034548471926,0.3211907982116187,0.03095693917347607,0.5504840594423673,0.4157613200549648,0.02940703298339285,-0.1634488579444127,-0.26788037492669475,0.10450461268608464,0.22265625,0.15625,0.029006079960866474,0.34765625,0.375,0.03131429929711986,0.34765625,0.5,0.053262744636360486,0.046875,0.0,0.019635988385915366,0.9999999999999967,9.999999999999967e-16,9.999999999999967e-16,9.999999999999967e-16
seed20261347-asof1695,evaluation,20261347,1695,1696,1728,normal,3,3,32,0.9765625,0,0.050394789589833705,hold_active,offline_future_aligned_calibration_record,-0.0671227225017268,-0.35573732061382213,0.09505481278738126,0.08368269375643811,-0.3910953822840686,0.07465348509769824,0.5651913488784363,0.5507641331691417,0.034087218678794516,0.5562687032714603,0.5705711665482022,0.036674382628538324,-0.018634468810390225,-0.14474445031734653,0.14475493428363048,0.21875,0.28125,0.02938863925253785,0.34375,0.65625,0.03850179645009261,0.37109375,0.09375,0.050728422267439593,0.046875,0.0,0.02779508989757787,0.9999999999999967,9.999999999999967e-16,9.999999999999967e-16,9.999999999999967e-16
seed20261347-asof1727,evaluation,20261347,1727,1728,1760,normal,3,3,32,1.0,0,0.05017286652383313,hold_active,offline_future_aligned_calibration_record,-0.12495899215274031,0.1302236923634139,0.09507542041820888,0.055630290371073476,-0.19125806086991015,0.100578610562938,0.5526217737666181,0.222655700461814,0.029530037114803627,0.5892943506586794,0.4171983245543653,0.03488775485645308,-0.010318041930435689,-0.32625549355346445,0.14392090494183493,0.21875,0.0625,0.03273843377008495,0.37109375,0.03125,0.035364894264973676,0.33984375,0.59375,0.04625239990763328,0.04296875,0.0,0.028543065010001336,0.9999999999999967,9.999999999999967e-16,9.999999999999967e-16,9.999999999999967e-16
seed20261347-asof1759,evaluation,20261347,1759,1760,1792,leakage,1,1,28,1.0,1,0.050336157086680114,hold_active,offline_future_aligned_calibration_record,-0.06239899039689023,0.0017796367672726632,0.10472833864578837,-0.025801527940024327,0.12490597237810497,0.1097175793618926,0.5194464318298183,0.6685128326732985,0.03639498248916335,0.5957897204710564,0.46661080172900504,0.043690079786784956,-0.13423497986453994,-0.10495681011190097,0.11404524415186185,0.203125,0.15625,0.03386042610402562,0.32421875,0.28125,0.041872108430129625,0.390625,0.3125,0.05757339369040283,0.04296875,0.125,0.022528232307291812,0.9999999999999967,9.999999999999967e-16,9.999999999999967e-16,9.999999999999967e-16
seed20261347-asof1791,evaluation,20261347,1791,1792,1824,calibration_shift,6,5,32,1.0,0,0.05017815133515673,hold_active,offline_future_aligned_calibration_record,-0.05681708800830365,-0.1892670102308418,0.11055321967821657,-0.05662313016530196,-0.40752025256086355,0.06971117404377244,0.5467921317067763,0.7783554310489873,0.03949374362720229,0.5840660359417048,0.45381904203687917,0.03393030769539764,-0.08147772935519222,0.28311055374412575,0.10670540671183261,0.2109375,0.3125,0.027248085471342907,0.33203125,0.5,0.0483558118317306,0.3671875,0.34375,0.05392260218971003,0.05859375,0.0,0.024224837124657977,0.9999999999999967,9.999999999999967e-16,9.999999999999967e-16,9.999999999999967e-16
seed20261347-asof1823,evaluation,20261347,1823,1824,1856,leakage,8,7,24,1.0,1,0.05021550180043473,hold_active,offline_future_aligned_calibration_record,-0.05668810294307036,-0.6527545569561478,0.11635824944904558,-0.12900351746058125,-0.17206099904335193,0.06937959810516973,0.5900447217607889,0.8420269545678971,0.04752106116381108,0.5637012658991553,0.5742352838466986,0.042335702250154074,-0.05757079075091609,-0.24156520199209772,0.11261446412012786,0.2265625,0.46875,0.03350487800009423,0.3671875,0.34375,0.04394475273838823,0.33984375,0.3125,0.05640035110247541,0.05859375,0.25,0.02952437299199487,0.9999999999999967,9.999999999999967e-16,9.999999999999967e-16,9.999999999999967e-16
seed20261347-asof1855,evaluation,20261347,1855,1856,1888,burst,6,7,32,1.0,0,0.050152000817528984,hold_active,offline_future_aligned_calibration_record,-0.10873352229107347,-0.3448536984219548,0.12300025184752159,-0.16951720844030072,-0.1700105359216424,0.07242885364200423,0.6189966110226135,0.7476018972500182,0.059064651630080504,0.5544388439817484,0.5875865109392685,0.045391885779304995,-0.042869072392019585,0.1810800758057992,0.09559811653298363,0.2421875,0.34375,0.03515883340375847,0.375,0.625,0.05525244418409834,0.32421875,0.28125,0.052744133980897244,0.08984375,0.0,0.03467740997015253,0.9999999999999967,9.999999999999967e-16,9.999999999999967e-16,9.999999999999967e-16
seed20261347-asof1887,evaluation,20261347,1887,1888,1920,normal,1,1,32,1.0,0,0.050170388223154345,hold_active,offline_future_aligned_calibration_record,-0.20500608414129107,-0.4270049413868381,0.09009541922115885,-0.1958200135829431,-0.07771088090227751,0.06391977202822641,0.6321970655332062,0.3728294032415022,0.04791869500486829,0.5583655335302943,0.49032228670323746,0.041267367821049485,0.027167365659366054,0.00041779749434451907,0.10992191307830686,0.2578125,0.125,0.034095601909773725,0.39453125,0.25,0.050026828894614066,0.3203125,0.4375,0.05047563901293251,0.08984375,0.0,0.03844297284684581,0.9999999999999967,9.999999999999967e-16,9.999999999999967e-16,9.999999999999967e-16
seed20261347-asof1919,evaluation,20261347,1919,1920,1952,leakage,6,7,27,1.0,1,0.05023585985295542,hold_active,offline_future_aligned_calibration_record,-0.2696191539267766,0.4050389150060971,0.11124280960083881,-0.19066175060851887,0.16807530376986057,0.06023374965232533,0.6016726904310451,0.5671270508906385,0.05791862157354089,0.5204835286254617,0.5681102742000157,0.03304560689733568,0.060116776550802595,0.18997855905061073,0.12131642936155951,0.23828125,0.25,0.03647971013129535,0.3828125,0.34375,0.05040890444376542,0.359375,0.34375,0.047339944110471335,0.046875,0.15625,0.027065251501010176,0.9999999999999967,9.999999999999967e-16,9.999999999999967e-16,9.999999999999967e-16
seed20261347-asof1951,evaluation,20261347,1951,1952,1984,normal,5,5,32,1.0,0,0.05035558945232564,hold_active,offline_future_aligned_calibration_record,-0.11227857495635507,-0.12977759927386945,0.10824878055492758,-0.1436131762134103,0.08529693800247973,0.07817718140104075,0.6499873277826311,0.5171911608032548,0.05812180125384202,0.5505239221393312,0.42595689590875224,0.028582468742554382,0.11461983213895263,0.1905353485856342,0.15826137516338545,0.25,0.1875,0.03533984489111423,0.37890625,0.46875,0.05423387542899381,0.33984375,0.21875,0.043224460085150594,0.06640625,0.0,0.0274872420801515,0.9999999999999967,9.999999999999967e-16,9.999999999999967e-16,9.999999999999967e-16
seed20261347-asof1983,evaluation,20261347,1983,1984,2016,burst,10,10,31,1.0,0,0.050257303977985744,hold_active,offline_future_aligned_calibration_record,-0.07633870307165203,0.9242330361213866,0.09750432547886416,-0.08116668186443077,0.07603314221342727,0.07040006454310527,0.6358970927644617,1.0968552001666494,0.050369181342306515,0.5299948426926648,0.6901706796958987,0.024355006810647725,0.19819171469671304,-0.050784683715292545,0.1464124181681139,0.23828125,0.53125,0.03131097566773709,0.35546875,0.65625,0.04852522617819351,0.35546875,0.28125,0.039530490796393834,0.06640625,0.03125,0.030421086915215757,0.9999999999999967,9.999999999999967e-16,9.999999999999967e-16,9.999999999999967e-16
seed20261347-asof2015,evaluation,20261347,2015,2016,2048,leakage,2,1,13,1.0,1,0.050312682333217174,hold_active,offline_future_aligned_calibration_record,-0.18389779884609214,-1.024590461086695,0.12274334110112595,-0.048398779254969604,0.19430344132630029,0.07891068691330028,0.7242751990499637,0.9108930658051173,0.04629144403128799,0.5616105533165527,0.7388462132619962,0.028950862486841852,0.2704260837719452,-0.024833261473527886,0.1666515974061547,0.296875,0.53125,0.0384136257837839,0.43359375,0.1875,0.04384992092443246,0.31640625,0.25,0.029177792042700962,0.0703125,0.59375,0.027257181092718748,0.9999999999999967,9.999999999999967e-16,9.999999999999967e-16,9.999999999999967e-16
seed20261348-asof255,evaluation,20261348,255,256,288,calibration_shift,2,2,32,0.9296875,0,0.05,hold_active,offline_future_aligned_calibration_record,0.1641898753519766,0.40691566624051667,0.0842719123434771,0.02961274491567556,0.2333902889653321,0.07671271845111013,0.4351799796019367,0.45904623178480236,0.030235828792948175,0.462127479927173,0.5434512929920827,0.028253045890087307,-0.1752163730055414,0.35231947190730156,0.1558202073926957,0.14453125,0.21875,0.03390415399750363,0.30859375,0.4375,0.050936024055936883,0.32421875,0.125,0.031388234376681104,0.02734375,0.0,0.016307516998838145,0.9999999999999967,9.999999999999967e-16,9.999999999999967e-16,9.999999999999967e-16
seed20261348-asof287,evaluation,20261348,287,288,320,burst,3,2,32,0.9296875,0,0.05027522206269268,hold_active,offline_future_aligned_calibration_record,0.20605056770487917,-0.17390642748848073,0.07099538700497987,0.05559800096460421,0.06805057509766077,0.07709294505049011,0.4302212788277226,0.4728810992657211,0.040900007496079756,0.4857377754310952,0.5293059892949147,0.03458719582566925,-0.08751783886417917,0.02792498817943867,0.14605266732694427,0.16015625,0.15625,0.029516168358519248,0.3359375,0.4375,0.04906625958702285,0.30078125,0.1875,0.043213908686638935,0.02734375,0.0,0.016672986966606823,0.9999999999999967,9.999999999999967e-16,9.999999999999967e-16,9.999999999999967e-16
seed20261348-asof319,evaluation,20261348,319,320,352,normal,2,1,32,0.9375,0,0.05022276947290327,hold_active,offline_future_aligned_calibration_record,0.20533558006099706,0.07720252263023308,0.07120032045134575,0.10695230711988923,0.20341760551424293,0.08666938386180269,0.4522678831514554,0.5142692293802436,0.04146753759647492,0.4911597691025952,0.3226419812332268,0.04128907745822211,-0.15303323272304842,-0.3769739060805014,0.15934103411030448,0.17578125,0.125,0.03582314144612228,0.37109375,0.375,0.05231413791020479,0.2890625,0.3125,0.046861919212805164,0.02734375,0.0,0.016501301143953373,0.9999999999999967,9.999999999999967e-16,9.999999999999967e-16,9.999999999999967e-16
seed20261348-asof351,evaluation,20261348,351,352,384,normal,1,0,32,0.9765625,0,0.050163626495173766,hold_active,offline_future_aligned_calibration_record,0.19596155026841489,-0.10148960717261213,0.08773038165432917,0.11416194226963738,0.11651812636738512,0.0792049424465066,0.48148448230168145,0.3878571486618613,0.04146403531072532,0.4840575569696383,0.3326296330224542,0.03965646336767235,-0.17126746626885903,0.5026482839394038,0.12931972416276624,0.171875,0.03125,0.03957302179091753,0.38671875,0.3125,0.04637823322031979,0.2890625,0.125,0.039241128036249046,0.0234375,0.0,0.01952029935448924,0.9999999999999967,9.999999999999967e-16,9.999999999999967e-16,9.999999999999967e-16
seed20261348-asof383,evaluation,20261348,383,384,416,normal,0,0,32,0.921875,0,0.050460693428341946,hold_active,offline_future_aligned_calibration_record,0.14561139753189978,0.12900529156538076,0.07074507691667636,0.12292126152965532,-0.013843577435149523,0.05016680251437119,0.47360710426751074,0.4604003149105993,0.04332078790213542,0.4352866598508063,0.4502838469992673,0.027050587226572803,0.01555827403175019,0.9499999999999997,0.0865283875713275,0.13671875,0.0625,0.033152936800560896,0.37890625,0.25,0.047767973943413894,0.25,0.25,0.0339536776347601,0.0234375,0.0,0.016606462825740402,0.9999999999999967,9.999999999999967e-16,9.999999999999967e-16,9.999999999999967e-16
seed20261348-asof415,evaluation,20261348,415,416,448,normal,2,2,32,0.90625,0,0.0503386305106141,hold_active,offline_future_aligned_calibration_record,0.10217924262319156,-0.47173456721949836,0.0903539331967081,0.11645827159386957,0.24989418080366543,0.06311921220321673,0.4663040339830277,0.5066724856692006,0.02864654846225445,0.4320823518770474,0.6325765328782273,0.025114430771096537,0.16376559255841808,0.05680131491659192,0.13814647833067428,0.11328125,0.375,0.030063886384335638,0.33984375,0.34375,0.04426976477778615,0.24609375,0.375,0.036892902502082076,0.0234375,0.0,0.014914067071533366,0.9999999999999967,9.999999999999967e-16,9.999999999999967e-16,9.999999999999967e-16
seed20261348-asof447,evaluation,20261348,447,448,480,burst,1,0,32,0.921875,0,0.05040529749316936,hold_active,offline_future_aligned_calibration_record,0.004741217452202795,-0.1928039923875109,0.09197482542001861,0.1439719789054419,-0.3068223514766222,0.06995507935584575,0.5108697157534577,0.5906795266031467,0.031143084538411175,0.46116112876870974,0.8220837150642415,0.03341196906562801,0.13369961416578063,0.037689135380964786,0.12706298901246996,0.15625,0.375,0.03034934719372487,0.3515625,0.40625,0.03718674830826561,0.23828125,0.46875,0.028723343521993565,0.0078125,0.0,0.00799256163640023,0.9999999999999967,9.999999999999967e-16,9.999999999999967e-16,9.999999999999967e-16
seed20261348-asof479,evaluation,20261348,479,480,512,burst,3,3,32,0.9921875,0,0.05030840769158393,hold_active,offline_future_aligned_calibration_record,-0.06978088218869383,0.31533362626842765,0.08311129257463079,0.14152735780670445,-0.21694222546252373,0.07521731113640358,0.5166415853526025,0.49886270114883785,0.04279912755917872,0.5087479358305312,0.37915030378284054,0.04570316925071715,0.22145603007950157,0.13759963859785582,0.11829793314953925,0.1796875,0.1875,0.04356557680212859,0.33984375,0.34375,0.050621181002364436,0.26171875,0.375,0.041100239570245625,0.0078125,0.0,0.007746340651932612,0.9999999999999967,9.999999999999967e-16,9.999999999999967e-16,9.999999999999967e-16
seed20261348-asof511,evaluation,20261348,511,512,544,calibration_shift,3,2,32,1.0,0,0.050348921803104504,hold_active,offline_future_aligned_calibration_record,0.010189647057675222,-0.16412087291772548,0.09799964694127541,0.0667423576585977,0.3181077946175739,0.0920357586893881,0.5564010815855162,0.4914372594077752,0.03901901362276267,0.5145190483143068,0.6926429683335977,0.04217455377348315,0.18003598831517398,-0.21320912212206908,0.1465255654787801,0.19140625,0.25,0.04009497825660041,0.36328125,0.25,0.03178790524930652,0.27734375,0.59375,0.03231914189348948,0.0,0.0,0.003875968992248062,0.9999999999999967,9.999999999999967e-16,9.999999999999967e-16,9.999999999999967e-16
seed20261348-asof543,evaluation,20261348,543,544,576,normal,5,3,32,0.96875,0,0.05026444612945707,hold_active,offline_future_aligned_calibration_record,-0.06820079686474645,0.31127788091977004,0.08705036696893576,0.06313015268473143,-0.3114402410056869,0.08619870941829848,0.5372867380496006,0.48770783166904097,0.028528536990705962,0.5308883046296381,0.6487264447352915,0.047072630076848594,0.0828709409944231,0.027464324865704045,0.12980870101467007,0.1953125,0.28125,0.03299543460900971,0.33984375,0.40625,0.03378607641105586,0.3359375,0.40625,0.04106062700331979,0.0,0.0,0.003875968992248062,0.9999999999999967,9.999999999999967e-16,9.999999999999967e-16,9.999999999999967e-16
seed20261348-asof575,evaluation,20261348,575,576,608,normal,4,4,32,0.9921875,0,0.050219322601254994,hold_active,offline_future_aligned_calibration_record,-0.0009310197004195331,0.27410876285753827,0.10117629778129099,0.03431070214002219,-0.06322204004790533,0.09766965360537205,0.5520781817070862,0.6914463835005015,0.03633815875661385,0.5539323166288578,0.7072119705515097,0.05773611848377185,0.046904628224948175,0.03166726609011273,0.1539271788012575,0.2109375,0.34375,0.046150174216106093,0.3359375,0.28125,0.032496231848098904,0.36328125,0.46875,0.04285370368883165,0.0,0.0,0.003875968992248062,0.9999999999999967,9.999999999999967e-16,9.999999999999967e-16,9.999999999999967e-16
seed20261348-asof607,evaluation,20261348,607,608,640,normal,5,7,31,0.9765625,0,0.05025524105761742,hold_active,offline_future_aligned_calibration_record,0.0071264060168800825,-0.34383535961047007,0.10596061029769421,-0.018693863371065822,-0.01905861992751534,0.10703069503707126,0.5765232819076076,0.6951884296893726,0.03262929595947068,0.5962447743222893,0.7097516723106956,0.05069193439496618,0.12775437795710204,0.1256843713826183,0.1759377760413637,0.23828125,0.46875,0.03756986497992251,0.32421875,0.53125,0.027716554049819705,0.3828125,0.40625,0.03731845730606192,0.0,0.03125,0.003875968992248062,0.9999999999999967,9.999999999999967e-16,9.999999999999967e-16,9.999999999999967e-16
seed20261348-asof639,evaluation,20261348,639,640,672,normal,3,1,32,0.9921875,0,0.05020731126428842,hold_active,offline_future_aligned_calibration_record,0.006925113020777474,0.24458602768821436,0.10322917402122007,-0.0619810643026768,-0.36417418677566127,0.13551728540159147,0.6239075301490767,0.684281831886863,0.043269561607630104,0.644388682641738,0.5933662440459545,0.0536243620613604,0.1259856654414071,-0.2953902630040783,0.12470892763961942,0.29296875,0.25,0.040336775100304506,0.3515625,0.34375,0.044315561304660585,0.41796875,0.28125,0.0331282140149963,0.00390625,0.0,0.003875968992248062,0.9999999999999967,9.999999999999967e-16,9.999999999999967e-16,9.999999999999967e-16
seed20261348-asof671,evaluation,20261348,671,672,704,leakage,7,3,27,1.0,1,0.050358565153851856,hold_active,offline_future_aligned_calibration_record,0.0018970317246360668,0.3071015894617679,0.1453441006500668,-0.1230578470487409,-0.15767318914588935,0.11292032856756415,0.6577080954922522,0.6320864145897668,0.0374230618764194,0.6754573153165497,0.766809463838574,0.05980467023168606,-0.0888510802232413,-0.08924957477776586,0.15773719952770854,0.31640625,0.3125,0.028506447679106012,0.36328125,0.34375,0.0364417213429811,0.421875,0.4375,0.034245392840549685,0.00390625,0.15625,0.0039043118951920456,0.9999999999999967,9.999999999999967e-16,9.999999999999967e-16,9.999999999999967e-16
seed20261348-asof703,evaluation,20261348,703,704,736,normal,1,3,32,0.9765625,0,0.050165144734035924,hold_active,offline_future_aligned_calibration_record,0.11522954350760939,0.27897559169299413,0.113547460770299,-0.17380650800631225,-0.30436323728835535,0.11642500126840565,0.6431530912054164,0.7155780321957839,0.036529786632634224,0.6750173525279073,0.49641469569966706,0.049763337623154776,-0.037688701968436905,0.20848465936423424,0.10809021825563858,0.30859375,0.21875,0.024528193053388308,0.36328125,0.3125,0.04063961711609734,0.4296875,0.40625,0.03595110923180443,0.0234375,0.0,0.017819319131229337,0.9999999999999967,9.999999999999967e-16,9.999999999999967e-16,9.999999999999967e-16
seed20261348-asof735,evaluation,20261348,735,736,768,normal,4,3,32,0.9609375,0,0.05012145962246242,hold_active,offline_future_aligned_calibration_record,0.17356015770721855,-0.2929426983107861,0.10933793872154915,-0.19325505026730472,-0.039094570712353116,0.09983749890975005,0.6469090786132852,0.47024762876281423,0.049904500904837876,0.6367876647506219,0.457176446877317,0.04373349504000536,-0.042997232013421205,0.05817160512642018,0.0757280723852485,0.2890625,0.1875,0.029429817313835437,0.3515625,0.28125,0.03480567591342197,0.421875,0.5,0.03209665601012322,0.0234375,0.0,0.01608036674060207,0.9999999999999967,9.999999999999967e-16,9.999999999999967e-16,9.999999999999967e-16
seed20261348-asof767,evaluation,20261348,767,768,800,calibration_shift,5,6,30,0.9765625,1,0.050190950320232096,hold_active,offline_future_aligned_calibration_record,0.04885335491820175,-0.3133519713131838,0.14187233449535908,-0.14876766635725946,0.0457564950650875,0.11009356451837218,0.6628512258592616,0.7303162835208179,0.04085164477325939,0.6529781262761567,0.7306515548685063,0.03963032886725976,-0.08699077083066435,0.2594121890717211,0.09154206228289713,0.2890625,0.34375,0.02899870747158492,0.34375,0.1875,0.039718448952153054,0.4375,0.59375,0.03948935152923934,0.0234375,0.0625,0.01938801880331748,0.9999999999999967,9.999999999999967e-16,9.999999999999967e-16,9.999999999999967e-16
seed20261348-asof799,evaluation,20261348,799,800,832,normal,5,5,32,0.984375,0,0.05012621165158525,hold_active,offline_future_aligned_calibration_record,0.06982713106242655,0.013684125515071033,0.13019061884501135,-0.17010803377651929,-0.23162401562384471,0.08285975563107219,0.6986333695205961,0.6712302744381953,0.04993009117530835,0.643570620242956,0.5976008876258105,0.033079742341393124,-0.04889653186635186,-0.12294738068208942,0.12717198911522662,0.30078125,0.25,0.029821282147027287,0.3359375,0.34375,0.03948911194355207,0.4375,0.46875,0.03892697028937432,0.03125,0.0,0.019418932382010125,0.9999999999999967,9.999999999999967e-16,9.999999999999967e-16,9.999999999999967e-16
seed20261348-asof831,evaluation,20261348,831,832,864,burst,6,6,31,1.0,0,0.05007986022823622,hold_active,offline_future_aligned_calibration_record,-0.006019930016803121,-0.18095737868310424,0.15613397693042882,-0.162578806401678,0.20669979791157211,0.07338330239157527,0.7148799321952539,0.602834421495144,0.04522516290376243,0.6354567679355012,0.49293635823810433,0.029906011433273517,-0.04103843694896915,0.12225882245845895,0.11584268527523243,0.296875,0.25,0.033966437221735986,0.328125,0.4375,0.03383269694671846,0.4453125,0.25,0.039384946136387045,0.03125,0.03125,0.019306745415185487,0.9999999999999967,9.999999999999967e-16,9.999999999999967e-16,9.999999999999967e-16
seed20261348-asof863,evaluation,20261348,863,864,896,burst,9,9,31,1.0,0,0.050133291322723705,hold_active,offline_future_aligned_calibration_record,-0.07006611301202836,0.735252774632084,0.138157566471007,-0.10789786556578562,-1.104119698248081,0.09219519372699456,0.695824969647828,0.7725032382584158,0.04540776250662915,0.6243669240402452,0.9315695561819665,0.036412696030329414,-0.06697837500430417,0.04729509625764392,0.11509447888604835,0.28515625,0.59375,0.03063301270764493,0.34765625,0.3125,0.03366308818973277,0.41796875,0.625,0.051884006368424634,0.03515625,0.03125,0.019091893012624327,0.9999999999999967,9.999999999999967e-16,9.999999999999967e-16,9.999999999999967e-16
seed20261348-asof895,evaluation,20261348,895,896,928,burst,9,9,32,1.0,0,0.05012170850374043,hold_active,offline_future_aligned_calibration_record,0.0022442200079515473,-0.549200724005178,0.1419746952413488,-0.12399406202518848,0.1580851485708028,0.09946818885868915,0.7246163356389823,0.6225092796449991,0.04083027907911787,0.6525145870957907,0.49249004395054347,0.041461934665837884,-0.0679318473171625,0.218274177936614,0.10476859089353978,0.30078125,0.375,0.03632183863713234,0.3203125,0.4375,0.03862113467937032,0.4453125,0.4375,0.054245039027109,0.03515625,0.0,0.02186431277694512,0.9999999999999967,9.999999999999967e-16,9.999999999999967e-16,9.999999999999967e-16
seed20261348-asof927,evaluation,20261348,927,928,960,leakage,2,2,13,0.984375,1,0.050145583183165116,hold_active,offline_future_aligned_calibration_record,-0.11420284098996847,-0.7428881191816504,0.16102207311086683,-0.035767242356337325,0.6305614127980641,0.0743420063059984,0.7349475729934725,0.7111242622883914,0.057891166547496944,0.6369520589963946,0.6256162077173255,0.041718601677586356,-0.07774886003958252,0.1291070465342586,0.0911079196374653,0.31640625,0.5625,0.03841145833333332,0.33203125,0.0625,0.032387920786533,0.46484375,0.21875,0.04844963519411616,0.03515625,0.59375,0.01669657612032673,0.9999999999999967,9.999999999999967e-16,9.999999999999967e-16,9.999999999999967e-16
seed20261348-asof959,evaluation,20261348,959,960,992,burst,2,3,31,1.0,0,0.050160935527739446,hold_active,offline_future_aligned_calibration_record,-0.24546836360211155,-0.1208868830644374,0.10069188418717351,0.029279622835268748,0.3300892267263056,0.10091383308136184,0.744898295377195,0.5928120238951461,0.06450156364554076,0.6542735937127375,0.559063210022914,0.04742312266944904,-0.051550961007676,0.015206921533162237,0.10699040165742472,0.34765625,0.28125,0.033652743912523285,0.296875,0.15625,0.04039677568213069,0.4375,0.4375,0.052954624780930104,0.08984375,0.03125,0.04950791673348247,0.9999999999999967,9.999999999999967e-16,9.999999999999967e-16,9.999999999999967e-16
seed20261348-asof991,evaluation,20261348,991,992,1024,normal,10,9,32,0.96875,0,0.050153954358145764,hold_active,offline_future_aligned_calibration_record,-0.2674409302836611,-0.035123333709586646,0.10876188983007692,0.14269565581032073,0.37782217163929865,0.1053925878058343,0.7065712575672551,0.6812716181824507,0.07400605031478154,0.64851542029602,0.5487429500732784,0.05150412171685551,-0.0667366393279891,-0.13249947390024988,0.12825717296557554,0.35546875,0.34375,0.04290229094525868,0.27734375,0.25,0.03865693283647861,0.44140625,0.46875,0.056953389302996274,0.09375,0.0,0.058357659282646066,0.9999999999999967,9.999999999999967e-16,9.999999999999967e-16,9.999999999999967e-16
seed20261348-asof1023,evaluation,20261348,1023,1024,1056,calibration_shift,0,0,29,0.9765625,1,0.05015938853995769,hold_active,offline_future_aligned_calibration_record,-0.22086901568082307,-0.1537840347920354,0.12773709949738615,0.2302182948428031,0.01780654813912208,0.10272131688421382,0.7490843816719486,0.28581172879994393,0.06583822533042198,0.6594753122166048,0.3579159855612789,0.049882850519157876,-0.07995958079989443,0.2996859177187557,0.08413068997051906,0.375,0.0,0.035596934784027943,0.2734375,0.21875,0.04974306332633882,0.4375,0.21875,0.05160033290817137,0.09375,0.09375,0.05917563561682877,0.9999999999999967,9.999999999999967e-16,9.999999999999967e-16,9.999999999999967e-16
seed20261348-asof1055,evaluation,20261348,1055,1056,1088,leakage,6,1,24,1.0,1,0.050208463244788205,hold_active,offline_future_aligned_calibration_record,-0.18572553198584196,0.004823956546508024,0.10156672115018198,0.18865919147719956,0.42971492048383886,0.085103796589223,0.6690300651130716,0.40680003087165933,0.06431571265294561,0.61240843519307,0.7471288618096005,0.04729119688952281,-0.09270964947920855,-0.06369671968088667,0.09071858113917235,0.33203125,0.375,0.053183000177667236,0.27734375,0.28125,0.04592394933029634,0.390625,0.21875,0.058617384246367955,0.09765625,0.25,0.05601144492693821,0.9999999999999967,9.999999999999967e-16,9.999999999999967e-16,9.999999999999967e-16
seed20261348-asof1087,evaluation,20261348,1087,1088,1120,normal,0,0,32,0.9885443184513776,0,0.05011480143232334,hold_active,offline_future_aligned_calibration_record,-0.15825481575661926,0.4476333218975945,0.09162381364769147,0.25041869390916305,-0.41286762661150544,0.0869231252946337,0.6320047605671296,0.29098386039848867,0.061740181906722626,0.6112466769068469,0.43423915592898293,0.05385403370587109,-0.08201197509440339,-0.2978522316671966,0.08937352541128168,0.34765625,0.15625,0.044752011747030536,0.26953125,0.3125,0.04627301422912113,0.359375,0.25,0.051857850768646775,0.12890625,0.0,0.0636337625352945,0.9999999999999967,9.999999999999967e-16,9.999999999999967e-16,9.999999999999967e-16
seed20261348-asof1119,evaluation,20261348,1119,1120,1152,normal,0,0,31,0.9867851236374718,0,0.050413037656641,hold_active,offline_future_aligned_calibration_record,-0.009430663739020462,0.293679950621887,0.1299866668387983,0.15081056526944714,-0.35688927854012564,0.10738442158349726,0.6467292790805031,0.22144631570167495,0.07904251329829054,0.6616206621116719,0.41444028636827507,0.054065594546045356,-0.2669448617273318,-0.327175767594361,0.1384917254408159,0.3359375,0.03125,0.05561509045647219,0.25390625,0.25,0.03741487398059598,0.359375,0.4375,0.05907335133792265,0.125,0.03125,0.06285596326929449,0.9999999999999967,9.999999999999967e-16,9.999999999999967e-16,9.999999999999967e-16
seed20261348-asof1151,evaluation,20261348,1151,1152,1184,normal,0,0,32,0.9867851236374718,0,0.05086646615546484,hold_active,offline_future_aligned_calibration_record,0.05291271429694566,0.46467620037361423,0.0925446979526991,0.05428195302717875,-0.07833494816028574,0.14778465173638375,0.573094002416858,0.2631166073951771,0.061150417755216256,0.6269730784858906,0.26531874173272935,0.06413329400153205,-0.5139877287367559,0.045829406509535806,0.1631537058668521,0.265625,0.0625,0.06065328830383767,0.24609375,0.53125,0.03360913932067787,0.3359375,0.09375,0.04276800119019477,0.125,0.0,0.07139091407306977,0.9999999999999967,9.999999999999967e-16,9.999999999999967e-16,9.999999999999967e-16
seed20261348-asof1183,evaluation,20261348,1183,1184,1216,normal,1,0,32,0.9867851236374718,0,0.050567467956077444,hold_active,offline_future_aligned_calibration_record,0.17058670977433676,0.20760596367052808,0.10612467855050225,-0.003136056870014503,-0.23002554115816687,0.11874688274123774,0.522616556001912,0.5155999025218174,0.0581982298446823,0.5919256236280055,0.25044919263122556,0.06169189688910113,-0.22441364063372585,-0.02413754786096424,0.1372394965859119,0.2265625,0.03125,0.052380648731821314,0.2578125,0.28125,0.048405287227711195,0.29296875,0.21875,0.0476084254542929,0.125,0.0,0.05344914300205964,0.9999999999999967,9.999999999999967e-16,9.999999999999967e-16,9.999999999999967e-16
seed20261348-asof1215,evaluation,20261348,1215,1216,1248,normal,0,0,32,0.921875,0,0.050413454591840254,hold_active,offline_future_aligned_calibration_record,0.19010861008694868,-0.12784209360892196,0.07213348012269906,-0.08905420957158028,-0.2035849165597441,0.09332159617468214,0.47285378345612933,0.22339386704444505,0.05190393167653226,0.5185356312844798,0.5322064262302107,0.05241810885122057,-0.22066733641900974,-0.7056242038673223,0.1189293324769551,0.16015625,0.09375,0.04800927826101909,0.28515625,0.09375,0.043869248752240145,0.29296875,0.4375,0.043883264728143634,0.05078125,0.0,0.02611567562032598,0.9999999999999967,9.999999999999967e-16,9.999999999999967e-16,9.999999999999967e-16
seed20261348-asof1247,evaluation,20261348,1247,1248,1280,burst,2,2,31,0.90625,0,0.05023831389053864,hold_active,offline_future_aligned_calibration_record,0.15528988160575508,0.033766524682215415,0.09784717328359614,-0.13712315889218996,0.3663414768306821,0.08898511097568733,0.44111023687939743,0.46753573763360967,0.040060485603396756,0.49788118818795946,0.7977921647539628,0.058383360568994874,-0.2007168113214209,-0.15634183945503644,0.14631843141113016,0.13671875,0.125,0.04702573085950364,0.27734375,0.28125,0.0413528614586331,0.29296875,0.3125,0.03804433038090638,0.046875,0.03125,0.022888453567769536,0.9999999999999967,9.999999999999967e-16,9.999999999999967e-16,9.999999999999967e-16
seed20261348-asof1279,evaluation,20261348,1279,1280,1312,calibration_shift,3,3,32,0.8828125,0,0.05012049750264528,hold_active,offline_future_aligned_calibration_record,0.1514823595172099,0.3293469953052435,0.08719461526920867,-0.1640985368757859,0.17623479681460252,0.07874498802505704,0.41847852831978966,0.4743792082614651,0.02937893458734833,0.502937015293067,0.48880362471659516,0.054500800726657445,-0.19937291385347897,0.2823362461836423,0.13277508766463894,0.109375,0.1875,0.03937572060500141,0.28125,0.375,0.030706061666470497,0.2734375,0.40625,0.035052703741806385,0.05078125,0.0,0.03085605633385301,0.9999999999999967,9.999999999999967e-16,9.999999999999967e-16,9.999999999999967e-16
seed20261348-asof1311,evaluation,20261348,1311,1312,1344,normal,3,5,32,0.8828125,0,0.05040930625099059,hold_active,offline_future_aligned_calibration_record,0.21721587831755973,-0.3483000929713156,0.08765839846138165,-0.1567565934970474,-0.1730553116205078,0.08417513514442142,0.42270520600234085,0.570467587104086,0.038761802813721574,0.5286854341657754,0.6585761785403415,0.057667703513363436,-0.059221265854204036,0.47469486874594924,0.11271205553715878,0.1328125,0.375,0.04055744744865039,0.30078125,0.28125,0.03898331624301367,0.296875,0.46875,0.04122674401131195,0.0390625,0.0,0.014144111651056562,0.9999999999999967,9.999999999999967e-16,9.999999999999967e-16,9.999999999999967e-16
seed20261348-asof1343,evaluation,20261348,1343,1344,1376,normal,2,1,32,0.9140625,0,0.05036018028643172,hold_active,offline_future_aligned_calibration_record,0.21199743580119423,-0.3015802583466958,0.09387743930373742,-0.17719786545870075,-0.2537302770076777,0.08805931232080073,0.46072644270260676,0.4785133362619547,0.038437046805244436,0.5069992557024804,0.40199253739270757,0.04728780556660314,-0.15289625214997588,-0.12564792175645229,0.12447555668351215,0.1328125,0.15625,0.03245311405899942,0.30078125,0.375,0.03401097462658976,0.328125,0.375,0.043301044703136726,0.0078125,0.0,0.004883974936035987,0.9999999999999967,9.999999999999967e-16,9.999999999999967e-16,9.999999999999967e-16
seed20261348-asof1375,evaluation,20261348,1375,1376,1408,normal,1,2,32,0.90625,0,0.05031026397293719,hold_active,offline_future_aligned_calibration_record,0.11500223567544876,-0.3015757570369684,0.09376420282830811,-0.1563757122731817,-0.018727554797486556,0.06970501873410637,0.49409096974280686,0.4775673883217931,0.04647028845362374,0.4950629119823338,0.4269612299386224,0.05003124612420005,-0.09576400843293206,0.4534209978959408,0.1488264675197183,0.1328125,0.21875,0.03639329571827121,0.30859375,0.5,0.033545967103923026,0.34375,0.25,0.03982069700303448,0.0078125,0.0,0.003875968992248062,0.9999999999999967,9.999999999999967e-16,9.999999999999967e-16,9.999999999999967e-16
seed20261348-asof1407,evaluation,20261348,1407,1408,1440,normal,1,0,29,0.9375,1,0.050371596498944654,hold_active,offline_future_aligned_calibration_record,0.017689103311863574,-0.3259086770655245,0.09512203029384145,-0.10612434988486674,-0.06631219522656928,0.058532296050503946,0.5322301017386322,0.4927418712215587,0.049886572913935896,0.49076636740997076,0.7113036870198608,0.04461013391960146,0.017508556771211315,0.2909282713946041,0.12306927761989621,0.15625,0.28125,0.03901887910420479,0.33984375,0.1875,0.042200887216654014,0.3203125,0.40625,0.044873829929709064,0.00390625,0.09375,0.003875968992248062,0.9999999999999967,9.999999999999967e-16,9.999999999999967e-16,9.999999999999967e-16
seed20261348-asof1439,evaluation,20261348,1439,1440,1472,leakage,2,5,19,0.9375,1,0.050307173947854465,hold_active,offline_future_aligned_calibration_record,-0.11049590519740615,-0.05081643103965261,0.07615510500343513,-0.11060550383766277,0.7645031811797296,0.08683843507542985,0.5206456254001862,0.6868570124334562,0.04555938189225432,0.5439933221573237,0.6787364321706622,0.05160092890075396,0.043667528176696585,-0.15483109882056276,0.1492890754799929,0.18359375,0.46875,0.0356390099210909,0.296875,0.1875,0.03575716018575217,0.359375,0.375,0.036030444732613236,0.015625,0.40625,0.00533326494082241,0.9999999999999967,9.999999999999967e-16,9.999999999999967e-16,9.999999999999967e-16
seed20261348-asof1471,evaluation,20261348,1471,1472,1504,normal,2,2,32,0.9453125,0,0.050510893650439766,hold_active,offline_future_aligned_calibration_record,-0.14349625700435387,-0.16872326818706607,0.07741442062693811,-0.03424705162463493,0.16293137770107102,0.11654618517117302,0.5266687032126792,0.45687346785452154,0.05189592149677306,0.6324224340273502,0.4739019102300806,0.051376440999245626,0.25254025876767533,0.4538532443107762,0.21403508829349074,0.23828125,0.09375,0.05172343567676151,0.28515625,0.3125,0.043007441023667665,0.37890625,0.3125,0.048190867294441914,0.06640625,0.0,0.040123850109308384,0.9999999999999967,9.999999999999967e-16,9.999999999999967e-16,9.999999999999967e-16
seed20261348-asof1503,evaluation,20261348,1503,1504,1536,normal,1,2,32,0.9375,0,0.05092702897595346,hold_active,offline_future_aligned_calibration_record,-0.15228513090684515,-0.026574384645225768,0.08557368759255102,0.033928266585471434,-0.0470701253825665,0.11133261331395057,0.557675594076284,0.468300393662349,0.04948319887790769,0.6220499650483883,0.32484298065199113,0.05792882655304451,0.5860903016004372,0.1692168248984943,0.18887506656819134,0.23828125,0.09375,0.04933930710177912,0.3125,0.28125,0.04255452388695616,0.36328125,0.1875,0.045669639864527024,0.06640625,0.0,0.03991879644797854,0.9999999999999967,9.999999999999967e-16,9.999999999999967e-16,9.999999999999967e-16
seed20261348-asof1535,evaluation,20261348,1535,1536,1568,calibration_shift,4,2,32,0.96875,0,0.05026425445736167,hold_active,offline_future_aligned_calibration_record,-0.16155848588547994,0.11701655097350794,0.09529568954872056,0.0012550765192842483,0.0069393173196570235,0.09415961515701449,0.5549611458822786,0.402321737274688,0.038762619618594917,0.5592997994525734,0.5119286934536433,0.05270545740937354,0.6034930253503837,0.3870416922331386,0.17980432156269308,0.234375,0.1875,0.05024689615582744,0.3125,0.34375,0.03935586877356864,0.34765625,0.40625,0.03678483153924347,0.0625,0.0,0.04037639486123071,0.9999999999999967,9.999999999999967e-16,9.999999999999967e-16,9.999999999999967e-16
seed20261348-asof1567,evaluation,20261348,1567,1568,1600,normal,2,2,32,0.9921875,0,0.05018307763878715,hold_active,offline_future_aligned_calibration_record,-0.17091074759554625,-0.14730042196367532,0.06732920175403254,-0.02448765420529364,0.07730652883522748,0.10447443870608711,0.5275553753376317,0.5195797476997536,0.035523002684188267,0.5576100642484733,0.4961249391298264,0.046426269073224134,0.6194899559624453,0.08717986111267356,0.1943677915156806,0.234375,0.1875,0.04266310367012456,0.30859375,0.3125,0.04693422159081002,0.34765625,0.28125,0.04226115153797252,0.0625,0.0,0.03874186362512546,0.9999999999999967,9.999999999999967e-16,9.999999999999967e-16,9.999999999999967e-16
seed20261348-asof1599,evaluation,20261348,1599,1600,1632,normal,4,2,32,1.0,0,0.05035158378069515,hold_active,offline_future_aligned_calibration_record,-0.15004581586080867,0.10503167801608515,0.07427169232115038,0.0014463997503739723,0.2892735642256088,0.10975418282131778,0.5179086409474518,0.39901975914302046,0.03350934489000331,0.5375780089826062,0.4955311414133023,0.04765220481923893,0.5075712623958851,-0.29153032521151573,0.17767439759363868,0.2109375,0.1875,0.039856557156066605,0.3125,0.15625,0.03668799692292261,0.32421875,0.625,0.038086136230149,0.0625,0.0,0.03674432597480453,0.9999999999999967,9.999999999999967e-16,9.999999999999967e-16,9.999999999999967e-16
seed20261348-asof1631,evaluation,20261348,1631,1632,1664,leakage,3,5,18,1.0,1,0.05014819711289066,hold_active,offline_future_aligned_calibration_record,-0.08833594352093854,-0.8962393068106163,0.07329719424339208,0.08593737134623747,0.23363232752429042,0.10341830328905367,0.5111307855177382,0.6833256793583541,0.035641330999417374,0.5435790746387997,0.5487011751806337,0.04266955074194593,0.5221491172796997,-0.09991409992444066,0.20505598713371326,0.21484375,0.5,0.03752536622180112,0.28515625,0.375,0.029137231934511905,0.35546875,0.125,0.048400244226381194,0.0625,0.4375,0.03874498935538385,0.9999999999999967,9.999999999999967e-16,9.999999999999967e-16,9.999999999999967e-16
seed20261348-asof1663,evaluation,20261348,1663,1664,1696,normal,7,2,32,1.0,1,0.050543746009885794,hold_active,offline_future_aligned_calibration_record,-0.08280420535806332,0.2656321206627261,0.06785409254309493,0.12422277005175708,0.21994707610718023,0.09544767906333816,0.5587990772845073,0.4784387079919401,0.04687476970152201,0.5594207329020234,0.7844408253345597,0.04691885759870691,0.4091841052919905,0.1628590651972469,0.18329728362253278,0.25,0.3125,0.04132521457893522,0.26953125,0.3125,0.03845867121841827,0.33984375,0.40625,0.05671724295687624,0.1171875,0.0,0.06285503004081926,0.9999999999999967,9.999999999999967e-16,9.999999999999967e-16,9.999999999999967e-16
seed20261348-asof1695,evaluation,20261348,1695,1696,1728,normal,7,2,31,1.0,1,0.05010153035063594,hold_active,offline_future_aligned_calibration_record,0.003036923302715655,0.5634249834766969,0.06333023102631852,0.14153070448388383,-0.4614061627820846,0.07151005961344391,0.5588363577272769,0.4973818465159526,0.05107217303161808,0.5630320891550729,0.6094934813095125,0.03623585006704776,0.42207419133639784,0.021963444164575734,0.15534056506096017,0.25390625,0.375,0.047344420617790706,0.28515625,0.625,0.03738689622954055,0.33984375,0.25,0.043855098856413886,0.10546875,0.03125,0.03687427978797527,0.9999999999999967,9.999999999999967e-16,9.999999999999967e-16,9.999999999999967e-16
seed20261348-asof1727,evaluation,20261348,1727,1728,1760,normal,1,1,31,1.0,0,0.05083164465309753,hold_active,offline_future_aligned_calibration_record,0.07013672046608632,0.025343453316400977,0.0774109367878914,0.06904276613533966,0.29560914515957104,0.07794058969353246,0.5692130013738167,0.45426352140125936,0.058110540230425424,0.5567475681532399,0.5116704023567524,0.03506135918061682,0.0470038250579535,-0.462439348501079,0.16935778748309735,0.2421875,0.21875,0.04397780950945584,0.33984375,0.125,0.03973788156527868,0.32421875,0.46875,0.04519601265174634,0.05859375,0.03125,0.04731967462360728,0.9999999999999967,9.999999999999967e-16,9.999999999999967e-16,9.999999999999967e-16
seed20261348-asof1759,evaluation,20261348,1759,1760,1792,normal,9,9,32,1.0,0,0.05027603716493088,hold_active,offline_future_aligned_calibration_record,0.10137293087439958,-0.6141193856625143,0.08020464841201808,0.08563552521400353,0.02277944611896765,0.09044552154668443,0.5596188479298003,0.7851189282399381,0.053374535789750474,0.5669940622794264,0.9008308450250946,0.03345224832753815,-0.11064469176673246,-0.14105201948498103,0.17014158040542973,0.2578125,0.375,0.03610368403070575,0.31640625,0.53125,0.041830512741840416,0.34375,0.40625,0.0546027324541735,0.0625,0.0,0.04212751300613153,0.9999999999999967,9.999999999999967e-16,9.999999999999967e-16,9.999999999999967e-16
seed20261348-asof1791,evaluation,20261348,1791,1792,1824,calibration_shift,5,5,31,1.0,0,0.050268340886783384,hold_active,offline_future_aligned_calibration_record,0.10420728316107764,0.4436179712883688,0.10196903377022296,0.12384161203074617,-0.1537508686119784,0.10153133527557119,0.6102956950012083,0.6372943424614258,0.05639098180559217,0.6273701010037093,0.5172277242162154,0.04885790053629471,-0.17791264761667672,0.22131643625980169,0.11497467199599808,0.29296875,0.25,0.036897415683954056,0.34765625,0.5,0.04501343972136936,0.37109375,0.4375,0.04514155304327891,0.0625,0.03125,0.0443930341821809,0.9999999999999967,9.999999999999967e-16,9.999999999999967e-16,9.999999999999967e-16
seed20261348-asof1823,evaluation,20261348,1823,1824,1856,leakage,4,3,26,1.0,1,0.0501194302134298,hold_active,offline_future_aligned_calibration_record,0.14090882405054783,0.32714012645182744,0.13924290831227684,0.09713040352184832,-0.19781483534410738,0.10917081457320059,0.6554719398457799,0.5827113149995129,0.06575433182636317,0.6366489315718665,0.4830356190442903,0.04249991206935399,-0.1983039779847174,0.14750625046829122,0.1360377275724192,0.30078125,0.25,0.031039787374575665,0.3671875,0.4375,0.05755498575077085,0.375,0.21875,0.05041352131237412,0.06640625,0.1875,0.047053526949600785,0.9999999999999967,9.999999999999967e-16,9.999999999999967e-16,9.999999999999967e-16
seed20261348-asof1855,evaluation,20261348,1855,1856,1888,burst,2,2,32,1.0,0,0.05011605446565559,hold_active,offline_future_aligned_calibration_record,0.2244727809041127,-0.10873975488625343,0.11504736644250495,0.041244178047990854,0.012599062219542878,0.11475942196130744,0.6517324955486362,0.6262844980455007,0.06774331674616282,0.6462283978004983,0.3992560319993583,0.04685052418495678,-0.22160448420662704,-0.3135742984404176,0.13351247976918595,0.30859375,0.1875,0.028050364341233626,0.3828125,0.34375,0.055822789349546924,0.3671875,0.1875,0.05717409960114654,0.08984375,0.0,0.04605692536027263,0.9999999999999967,9.999999999999967e-16,9.999999999999967e-16,9.999999999999967e-16
seed20261348-asof1887,evaluation,20261348,1887,1888,1920,normal,5,6,30,1.0,1,0.05019608882528555,hold_active,offline_future_aligned_calibration_record,0.21581744259760027,-0.15498686009985785,0.11592904826741719,-0.010819994528938892,0.20359148556894824,0.1204326287381955,0.6990659615409,0.7648696527267462,0.06720070019136809,0.6186951640610424,0.5444019732773134,0.047297702004895914,-0.25105994596899533,-0.07543414928750457,0.12510742864560018,0.30859375,0.21875,0.029750894598951732,0.40625,0.53125,0.047971110876797,0.3125,0.1875,0.04685170235508184,0.08984375,0.0625,0.035558215743791935,0.9999999999999967,9.999999999999967e-16,9.999999999999967e-16,9.999999999999967e-16
seed20261348-asof1919,evaluation,20261348,1919,1920,1952,leakage,1,0,28,1.0,1,0.050419953724722855,hold_active,offline_future_aligned_calibration_record,0.20649432465431006,0.3135673308240372,0.1211338585125279,-0.014370513316897204,0.038829474064804526,0.08275637706861878,0.6600810496049049,0.5120166255925034,0.05287090473962445,0.6164574548016958,0.544487955927887,0.04764860952406971,-0.4187142657033078,0.16788115795338965,0.11984004963817456,0.2734375,0.1875,0.02854412568139739,0.42578125,0.625,0.04949258799165127,0.3203125,0.0625,0.05306770519099355,0.04296875,0.125,0.018032859445608694,0.9999999999999967,9.999999999999967e-16,9.999999999999967e-16,9.999999999999967e-16
seed20261348-asof1951,evaluation,20261348,1951,1952,1984,normal,4,2,32,1.0,0,0.05008047907828991,hold_active,offline_future_aligned_calibration_record,0.21545849873971568,0.17863682566435868,0.10957072619946424,-0.018485459322023168,-0.21562857674271219,0.08602124323892425,0.667039925336021,0.44982966990616335,0.051168758063078454,0.5885434074827809,0.4794102904136964,0.04671457289787109,-0.40498815080130046,0.1557192612234209,0.18039432547712958,0.2578125,0.125,0.025773401428099606,0.46484375,0.4375,0.0614482240159634,0.27734375,0.28125,0.05971533072678351,0.05859375,0.0,0.022584186066632355,0.9999999999999967,9.999999999999967e-16,9.999999999999967e-16,9.999999999999967e-16
seed20261348-asof1983,evaluation,20261348,1983,1984,2016,burst,10,10,29,1.0,1,0.05042918665112163,hold_active,offline_future_aligned_calibration_record,0.14384108941157958,0.343310793601727,0.09063957558277373,-0.012007310845330466,0.30880112736764853,0.08168450773580929,0.6360141723372338,0.687165763869131,0.0420414564154366,0.56025014859843,0.5399748831297999,0.0441157528199554,-0.13303520432072635,0.212884705300374,0.12186667925330497,0.2265625,0.375,0.026399318128828623,0.44140625,0.34375,0.06034490021723552,0.28125,0.4375,0.06180243786166401,0.0546875,0.09375,0.01927604457545839,0.9999999999999967,9.999999999999967e-16,9.999999999999967e-16,9.999999999999967e-16
seed20261348-asof2015,evaluation,20261348,2015,2016,2048,burst,9,9,32,1.0,0,0.05017875347588252,hold_active,offline_future_aligned_calibration_record,0.1972523897038687,1.111833708430806,0.07950967134986144,-0.014444094604012525,0.43539684922913735,0.0632514860231382,0.6689344413654851,0.7124105347065286,0.05346778334719095,0.5638261113466752,0.5104970757596876,0.0381134803803347,-0.06066025048631516,-0.06544683664470984,0.16511504641088962,0.24609375,0.40625,0.03158768357350756,0.46875,0.65625,0.04487395643161106,0.27734375,0.21875,0.05379665300399531,0.0625,0.0,0.026080874038242056,0.9999999999999967,9.999999999999967e-16,9.999999999999967e-16,9.999999999999967e-16
