row_type,restart_index,restart_seed,split,cutoff,epoch,metric,value,secondary_value,checkpoint_sha256,detail_json
training_epoch,0,601,training,,1,mean_reward,0.29869653412061614,3.7495472975421933,aee37f0ca66257cda39ae5143305a583504e6068b837b04cdaca8c94a67ea076,"{""baseline"": 0.2859185409781064, ""control_residual_rms"": 0.0014941781475844684, ""control_slew_rms"": 0.0006753589531130619, ""epoch"": 1, ""gradient_norm_before_clip"": 3.7495472975421933, ""ground_outcome_fraction"": 0.7583333333333333, ""loss"": -0.641608125938952, ""mean_reward"": 0.29869653412061614, ""score_path"": 0.3429115918452227}"
training_epoch,0,601,training,,2,mean_reward,0.25572475000610073,1.7213229278457662,aee37f0ca66257cda39ae5143305a583504e6068b837b04cdaca8c94a67ea076,"{""baseline"": 0.2844088514295061, ""control_residual_rms"": 0.001583906432961476, ""control_slew_rms"": 0.0010987920455362383, ""epoch"": 2, ""gradient_norm_before_clip"": 1.7213229278457662, ""ground_outcome_fraction"": 0.5833333333333334, ""loss"": -0.8901025846800114, ""mean_reward"": 0.25572475000610073, ""score_path"": 0.6343778347110717}"
training_epoch,0,601,training,,3,mean_reward,0.2260750450228293,1.0008439860366884,aee37f0ca66257cda39ae5143305a583504e6068b837b04cdaca8c94a67ea076,"{""baseline"": 0.2814921611091723, ""control_residual_rms"": 0.00223753256140676, ""control_slew_rms"": 0.0012506628818148146, ""epoch"": 3, ""gradient_norm_before_clip"": 1.0008439860366884, ""ground_outcome_fraction"": 0.7, ""loss"": -1.0311032493943546, ""mean_reward"": 0.2260750450228293, ""score_path"": 0.8050282044372322}"
training_epoch,0,601,training,,4,mean_reward,0.3276130397029101,3.015720858778044,aee37f0ca66257cda39ae5143305a583504e6068b837b04cdaca8c94a67ea076,"{""baseline"": 0.2837982050388592, ""control_residual_rms"": 0.002721736430639124, ""control_slew_rms"": 0.0013471332859112623, ""epoch"": 4, ""gradient_norm_before_clip"": 3.015720858778044, ""ground_outcome_fraction"": 0.6916666666666667, ""loss"": -0.18727865046594808, ""mean_reward"": 0.3276130397029101, ""score_path"": -0.14033438914473587}"
training_epoch,0,601,training,,5,mean_reward,0.1932360205659537,1.5022217229236188,aee37f0ca66257cda39ae5143305a583504e6068b837b04cdaca8c94a67ea076,"{""baseline"": 0.2792700958152139, ""control_residual_rms"": 0.003024739603497787, ""control_slew_rms"": 0.0016763101999527797, ""epoch"": 5, ""gradient_norm_before_clip"": 1.5022217229236188, ""ground_outcome_fraction"": 0.6416666666666666, ""loss"": -1.514218846759278, ""mean_reward"": 0.1932360205659537, ""score_path"": 1.320982826312915}"
training_epoch,0,601,training,,6,mean_reward,0.377433576835271,3.7373093991467696,aee37f0ca66257cda39ae5143305a583504e6068b837b04cdaca8c94a67ea076,"{""baseline"": 0.28417826986621675, ""control_residual_rms"": 0.003996879757538626, ""control_slew_rms"": 0.0016426680319311818, ""epoch"": 6, ""gradient_norm_before_clip"": 3.7373093991467696, ""ground_outcome_fraction"": 0.7916666666666666, ""loss"": 0.20697022201933957, ""mean_reward"": 0.377433576835271, ""score_path"": -0.5844037986678765}"
training_epoch,0,601,training,,7,mean_reward,0.1931347473352083,1.4533929948912483,aee37f0ca66257cda39ae5143305a583504e6068b837b04cdaca8c94a67ea076,"{""baseline"": 0.27962609373966635, ""control_residual_rms"": 0.0037747181650345405, ""control_slew_rms"": 0.0022087426658806515, ""epoch"": 7, ""gradient_norm_before_clip"": 1.4533929948912483, ""ground_outcome_fraction"": 0.6166666666666667, ""loss"": -1.4429954614037983, ""mean_reward"": 0.1931347473352083, ""score_path"": 1.2498607142598603}"
training_epoch,0,601,training,,8,mean_reward,0.39485651969596447,2.6568773900316733,aee37f0ca66257cda39ae5143305a583504e6068b837b04cdaca8c94a67ea076,"{""baseline"": 0.2853876150374813, ""control_residual_rms"": 0.0046628656615437325, ""control_slew_rms"": 0.0022433198281029956, ""epoch"": 8, ""gradient_norm_before_clip"": 2.6568773900316733, ""ground_outcome_fraction"": 0.7166666666666667, ""loss"": 0.41942107991812755, ""mean_reward"": 0.39485651969596447, ""score_path"": -0.814277599346344}"
training_epoch,0,601,training,,9,mean_reward,0.3249846126703919,1.5999106336652134,aee37f0ca66257cda39ae5143305a583504e6068b837b04cdaca8c94a67ea076,"{""baseline"": 0.28736746491912685, ""control_residual_rms"": 0.004969806948399376, ""control_slew_rms"": 0.0026152820065994003, ""epoch"": 9, ""gradient_norm_before_clip"": 1.5999106336652134, ""ground_outcome_fraction"": 0.7083333333333334, ""loss"": -0.1347186312449602, ""mean_reward"": 0.3249846126703919, ""score_path"": -0.1902659811100449}"
training_epoch,0,601,training,,10,mean_reward,0.22548483850954915,1.5893980751254246,aee37f0ca66257cda39ae5143305a583504e6068b837b04cdaca8c94a67ea076,"{""baseline"": 0.284273333598648, ""control_residual_rms"": 0.004613692381782601, ""control_slew_rms"": 0.0030947195232867305, ""epoch"": 10, ""gradient_norm_before_clip"": 1.5893980751254246, ""ground_outcome_fraction"": 0.5583333333333333, ""loss"": -1.014719362895364, ""mean_reward"": 0.22548483850954915, ""score_path"": 0.7892345246944492}"
training_epoch,0,601,training,,11,mean_reward,0.18587959465709708,1.3849865220320787,aee37f0ca66257cda39ae5143305a583504e6068b837b04cdaca8c94a67ea076,"{""baseline"": 0.2793536466515704, ""control_residual_rms"": 0.005644261669922559, ""control_slew_rms"": 0.003093261648106333, ""epoch"": 11, ""gradient_norm_before_clip"": 1.3849865220320787, ""ground_outcome_fraction"": 0.6333333333333333, ""loss"": -1.3840920956785785, ""mean_reward"": 0.18587959465709708, ""score_path"": 1.198212501435741}"
training_epoch,0,601,training,,12,mean_reward,0.15257029746983164,1.6970876868604419,aee37f0ca66257cda39ae5143305a583504e6068b837b04cdaca8c94a67ea076,"{""baseline"": 0.27301447919248345, ""control_residual_rms"": 0.006991617462351475, ""control_slew_rms"": 0.0028836508861830846, ""epoch"": 12, ""gradient_norm_before_clip"": 1.6970876868604419, ""ground_outcome_fraction"": 0.7333333333333333, ""loss"": -1.5700585624894394, ""mean_reward"": 0.15257029746983164, ""score_path"": 1.4174882655915895}"
training_epoch,0,601,training,,13,mean_reward,0.2973570824540912,2.914092419526102,aee37f0ca66257cda39ae5143305a583504e6068b837b04cdaca8c94a67ea076,"{""baseline"": 0.27423160935556384, ""control_residual_rms"": 0.007145631083967492, ""control_slew_rms"": 0.0032593657417752954, ""epoch"": 13, ""gradient_norm_before_clip"": 2.914092419526102, ""ground_outcome_fraction"": 0.7333333333333333, ""loss"": -0.4405180807657807, ""mean_reward"": 0.2973570824540912, ""score_path"": 0.14316099892852457}"
training_epoch,0,601,training,,14,mean_reward,0.26948987752771664,3.129889639837427,aee37f0ca66257cda39ae5143305a583504e6068b837b04cdaca8c94a67ea076,"{""baseline"": 0.27399452276417147, ""control_residual_rms"": 0.00828960317651399, ""control_slew_rms"": 0.0031916170381599924, ""epoch"": 14, ""gradient_norm_before_clip"": 3.129889639837427, ""ground_outcome_fraction"": 0.775, ""loss"": -0.6466576963003703, ""mean_reward"": 0.26948987752771664, ""score_path"": 0.37716781956169304}"
training_epoch,0,601,training,,15,mean_reward,0.12591541673247125,3.037666058699869,aee37f0ca66257cda39ae5143305a583504e6068b837b04cdaca8c94a67ea076,"{""baseline"": 0.26659056746258647, ""control_residual_rms"": 0.007073472406011331, ""control_slew_rms"": 0.003995410081453161, ""epoch"": 15, ""gradient_norm_before_clip"": 3.037666058699869, ""ground_outcome_fraction"": 0.5583333333333333, ""loss"": -2.21528306369539, ""mean_reward"": 0.12591541673247125, ""score_path"": 2.0893676476228924}"
training_epoch,0,601,training,,16,mean_reward,0.11332805544655629,1.3798832118930857,aee37f0ca66257cda39ae5143305a583504e6068b837b04cdaca8c94a67ea076,"{""baseline"": 0.25892744186178496, ""control_residual_rms"": 0.008653106914642161, ""control_slew_rms"": 0.003954034785920685, ""epoch"": 16, ""gradient_norm_before_clip"": 1.3798832118930857, ""ground_outcome_fraction"": 0.6916666666666667, ""loss"": -1.7586315320490917, ""mean_reward"": 0.11332805544655629, ""score_path"": 1.6453034775076418}"
training_epoch,0,601,training,,17,mean_reward,0.19959192456785774,1.3470306878579072,aee37f0ca66257cda39ae5143305a583504e6068b837b04cdaca8c94a67ea076,"{""baseline"": 0.25596066599708855, ""control_residual_rms"": 0.008404679756151986, ""control_slew_rms"": 0.004283783205579609, ""epoch"": 17, ""gradient_norm_before_clip"": 1.3470306878579072, ""ground_outcome_fraction"": 0.6166666666666667, ""loss"": -0.918114068457845, ""mean_reward"": 0.19959192456785774, ""score_path"": 0.7185221447798817}"
training_epoch,0,601,training,,18,mean_reward,0.19536588190447018,1.2332241804124477,aee37f0ca66257cda39ae5143305a583504e6068b837b04cdaca8c94a67ea076,"{""baseline"": 0.25293092679245766, ""control_residual_rms"": 0.008718872389991661, ""control_slew_rms"": 0.004606542057953574, ""epoch"": 18, ""gradient_norm_before_clip"": 1.2332241804124477, ""ground_outcome_fraction"": 0.6166666666666667, ""loss"": -0.9264979424391578, ""mean_reward"": 0.19536588190447018, ""score_path"": 0.7311320615070773}"
training_epoch,0,601,training,,19,mean_reward,0.3353017571117691,2.2693143508460345,aee37f0ca66257cda39ae5143305a583504e6068b837b04cdaca8c94a67ea076,"{""baseline"": 0.25704946830842323, ""control_residual_rms"": 0.00943608921549656, ""control_slew_rms"": 0.004890806413236343, ""epoch"": 19, ""gradient_norm_before_clip"": 2.2693143508460345, ""ground_outcome_fraction"": 0.7083333333333334, ""loss"": 0.6528951224541925, ""mean_reward"": 0.3353017571117691, ""score_path"": -0.988196878436364}"
training_epoch,0,601,training,,20,mean_reward,0.23963531470874058,1.7660644347761858,aee37f0ca66257cda39ae5143305a583504e6068b837b04cdaca8c94a67ea076,"{""baseline"": 0.2561787606284391, ""control_residual_rms"": 0.011109831968199408, ""control_slew_rms"": 0.0043669457965281235, ""epoch"": 20, ""gradient_norm_before_clip"": 1.7660644347761858, ""ground_outcome_fraction"": 0.7416666666666667, ""loss"": -0.6566674594527256, ""mean_reward"": 0.23963531470874058, ""score_path"": 0.4170321461689709}"
training_epoch,0,601,training,,21,mean_reward,0.27744836250055527,1.997713100248364,aee37f0ca66257cda39ae5143305a583504e6068b837b04cdaca8c94a67ea076,"{""baseline"": 0.2572422407220449, ""control_residual_rms"": 0.010634375642361242, ""control_slew_rms"": 0.005171270051777545, ""epoch"": 21, ""gradient_norm_before_clip"": 1.997713100248364, ""ground_outcome_fraction"": 0.6833333333333333, ""loss"": -0.32510557598842105, ""mean_reward"": 0.27744836250055527, ""score_path"": 0.04765721488618557}"
training_epoch,0,601,training,,22,mean_reward,0.3428593596624744,2.604823641459816,aee37f0ca66257cda39ae5143305a583504e6068b837b04cdaca8c94a67ea076,"{""baseline"": 0.26152309666906637, ""control_residual_rms"": 0.012587927528110544, ""control_slew_rms"": 0.004716466851370325, ""epoch"": 22, ""gradient_norm_before_clip"": 2.604823641459816, ""ground_outcome_fraction"": 0.8, ""loss"": 0.37808365868266663, ""mean_reward"": 0.3428593596624744, ""score_path"": -0.7209430165381312}"
training_epoch,0,601,training,,23,mean_reward,0.18913834929527656,1.2215972325921565,aee37f0ca66257cda39ae5143305a583504e6068b837b04cdaca8c94a67ea076,"{""baseline"": 0.25790385930037685, ""control_residual_rms"": 0.01201518517826505, ""control_slew_rms"": 0.005360263471360112, ""epoch"": 23, ""gradient_norm_before_clip"": 1.2215972325921565, ""ground_outcome_fraction"": 0.6666666666666666, ""loss"": -0.910141671027339, ""mean_reward"": 0.18913834929527656, ""score_path"": 0.7210033234630334}"
training_epoch,0,601,training,,24,mean_reward,0.23817414558735087,1.826189413689511,aee37f0ca66257cda39ae5143305a583504e6068b837b04cdaca8c94a67ea076,"{""baseline"": 0.25691737361472555, ""control_residual_rms"": 0.01144884767375532, ""control_slew_rms"": 0.0060547848509993835, ""epoch"": 24, ""gradient_norm_before_clip"": 1.826189413689511, ""ground_outcome_fraction"": 0.6083333333333333, ""loss"": -0.7614459896747751, ""mean_reward"": 0.23817414558735087, ""score_path"": 0.5232718457647896}"
training_epoch,0,601,training,,25,mean_reward,0.42689907147797196,3.752261802884399,aee37f0ca66257cda39ae5143305a583504e6068b837b04cdaca8c94a67ea076,"{""baseline"": 0.26541645850788786, ""control_residual_rms"": 0.015027074389835157, ""control_slew_rms"": 0.004772874258037182, ""epoch"": 25, ""gradient_norm_before_clip"": 3.752261802884399, ""ground_outcome_fraction"": 0.8, ""loss"": 0.5567449383037049, ""mean_reward"": 0.42689907147797196, ""score_path"": -0.9836440072957437}"
training_epoch,0,601,training,,26,mean_reward,0.18222148826657839,1.7132404788086646,aee37f0ca66257cda39ae5143305a583504e6068b837b04cdaca8c94a67ea076,"{""baseline"": 0.2612567099958224, ""control_residual_rms"": 0.012932199929323068, ""control_slew_rms"": 0.006566411419285492, ""epoch"": 26, ""gradient_norm_before_clip"": 1.7132404788086646, ""ground_outcome_fraction"": 0.6, ""loss"": -1.2127942723249916, ""mean_reward"": 0.18222148826657839, ""score_path"": 1.0305727861620086}"
training_epoch,0,601,training,,27,mean_reward,0.1775745464942943,1.8984076311325961,aee37f0ca66257cda39ae5143305a583504e6068b837b04cdaca8c94a67ea076,"{""baseline"": 0.257072601820746, ""control_residual_rms"": 0.014592572107730937, ""control_slew_rms"": 0.006729215708175991, ""epoch"": 27, ""gradient_norm_before_clip"": 1.8984076311325961, ""ground_outcome_fraction"": 0.6666666666666666, ""loss"": -1.340120162439665, ""mean_reward"": 0.1775745464942943, ""score_path"": 1.1625456185276255}"
training_epoch,0,601,training,,28,mean_reward,0.17452428874772746,1.4935710254779186,aee37f0ca66257cda39ae5143305a583504e6068b837b04cdaca8c94a67ea076,"{""baseline"": 0.25294518616709505, ""control_residual_rms"": 0.013832766217404676, ""control_slew_rms"": 0.007657149685641321, ""epoch"": 28, ""gradient_norm_before_clip"": 1.4935710254779186, ""ground_outcome_fraction"": 0.5833333333333334, ""loss"": -1.2704180329117176, ""mean_reward"": 0.17452428874772746, ""score_path"": 1.095893746663764}"
training_epoch,0,601,training,,29,mean_reward,0.15231824334638716,1.6280915077438827,aee37f0ca66257cda39ae5143305a583504e6068b837b04cdaca8c94a67ea076,"{""baseline"": 0.24791383902605965, ""control_residual_rms"": 0.014735483960530461, ""control_slew_rms"": 0.008259382418033522, ""epoch"": 29, ""gradient_norm_before_clip"": 1.6280915077438827, ""ground_outcome_fraction"": 0.6166666666666667, ""loss"": -1.4256390972896902, ""mean_reward"": 0.15231824334638716, ""score_path"": 1.2733208567968217}"
training_epoch,0,601,training,,30,mean_reward,0.37314849389616445,2.9476606850940943,aee37f0ca66257cda39ae5143305a583504e6068b837b04cdaca8c94a67ea076,"{""baseline"": 0.2541755717695649, ""control_residual_rms"": 0.017722319782799187, ""control_slew_rms"": 0.007545177032917528, ""epoch"": 30, ""gradient_norm_before_clip"": 2.9476606850940943, ""ground_outcome_fraction"": 0.7416666666666667, ""loss"": 1.1301274930976737, ""mean_reward"": 0.37314849389616445, ""score_path"": -1.5032759832837348}"
training_epoch,0,601,training,,31,mean_reward,0.32676954074779035,1.8706359834112118,aee37f0ca66257cda39ae5143305a583504e6068b837b04cdaca8c94a67ea076,"{""baseline"": 0.25780527021847616, ""control_residual_rms"": 0.017276584170489665, ""control_slew_rms"": 0.008604802797376505, ""epoch"": 31, ""gradient_norm_before_clip"": 1.8706359834112118, ""ground_outcome_fraction"": 0.675, ""loss"": 0.11764702571060157, ""mean_reward"": 0.32676954074779035, ""score_path"": -0.444416562733162}"
training_epoch,0,601,training,,32,mean_reward,0.31189936002515956,2.359925439284596,aee37f0ca66257cda39ae5143305a583504e6068b837b04cdaca8c94a67ea076,"{""baseline"": 0.2605099747088103, ""control_residual_rms"": 0.020470493957539027, ""control_slew_rms"": 0.007609383077346832, ""epoch"": 32, ""gradient_norm_before_clip"": 2.359925439284596, ""ground_outcome_fraction"": 0.7666666666666666, ""loss"": 0.01714405746523128, ""mean_reward"": 0.31189936002515956, ""score_path"": -0.3290434127209525}"
training_epoch,0,601,training,,33,mean_reward,0.3683916134142644,2.2250289126585754,aee37f0ca66257cda39ae5143305a583504e6068b837b04cdaca8c94a67ea076,"{""baseline"": 0.265904056644083, ""control_residual_rms"": 0.021975557720651857, ""control_slew_rms"": 0.007870514265180878, ""epoch"": 33, ""gradient_norm_before_clip"": 2.2250289126585754, ""ground_outcome_fraction"": 0.8083333333333333, ""loss"": 0.738578187405631, ""mean_reward"": 0.3683916134142644, ""score_path"": -1.106969795371194}"
training_epoch,0,601,training,,34,mean_reward,0.1903970561646237,2.307217879945771,aee37f0ca66257cda39ae5143305a583504e6068b837b04cdaca8c94a67ea076,"{""baseline"": 0.26212870662011006, ""control_residual_rms"": 0.01956877284879999, ""control_slew_rms"": 0.009896773985728712, ""epoch"": 34, ""gradient_norm_before_clip"": 2.307217879945771, ""ground_outcome_fraction"": 0.65, ""loss"": -1.31411431202006, ""mean_reward"": 0.1903970561646237, ""score_path"": 1.1237172606642662}"
training_epoch,0,601,training,,35,mean_reward,0.2660390042388786,1.888402457782204,aee37f0ca66257cda39ae5143305a583504e6068b837b04cdaca8c94a67ea076,"{""baseline"": 0.2623242215010485, ""control_residual_rms"": 0.020816901176724467, ""control_slew_rms"": 0.01058104493116947, ""epoch"": 35, ""gradient_norm_before_clip"": 1.888402457782204, ""ground_outcome_fraction"": 0.6916666666666667, ""loss"": -0.09037763522591524, ""mean_reward"": 0.2660390042388786, ""score_path"": -0.1756613635599445}"
training_epoch,0,601,training,,36,mean_reward,0.3193584727073041,2.547316837058115,aee37f0ca66257cda39ae5143305a583504e6068b837b04cdaca8c94a67ea076,"{""baseline"": 0.2651759340613613, ""control_residual_rms"": 0.02028758795057308, ""control_slew_rms"": 0.010859949010236517, ""epoch"": 36, ""gradient_norm_before_clip"": 2.547316837058115, ""ground_outcome_fraction"": 0.6333333333333333, ""loss"": 0.19869791905167172, ""mean_reward"": 0.3193584727073041, ""score_path"": -0.5180563864637286}"
training_epoch,0,601,training,,37,mean_reward,0.3062406641710115,2.871332871099828,aee37f0ca66257cda39ae5143305a583504e6068b837b04cdaca8c94a67ea076,"{""baseline"": 0.2672291705668438, ""control_residual_rms"": 0.022434530643135667, ""control_slew_rms"": 0.010980818580071383, ""epoch"": 37, ""gradient_norm_before_clip"": 2.871332871099828, ""ground_outcome_fraction"": 0.6666666666666666, ""loss"": -0.019802431804968327, ""mean_reward"": 0.3062406641710115, ""score_path"": -0.28643822612717773}"
training_epoch,0,601,training,,38,mean_reward,0.38062820717158163,2.608131067075514,aee37f0ca66257cda39ae5143305a583504e6068b837b04cdaca8c94a67ea076,"{""baseline"": 0.2728991223970807, ""control_residual_rms"": 0.028245439178154714, ""control_slew_rms"": 0.009328558271831246, ""epoch"": 38, ""gradient_norm_before_clip"": 2.608131067075514, ""ground_outcome_fraction"": 0.8166666666666667, ""loss"": 0.3563730869434888, ""mean_reward"": 0.38062820717158163, ""score_path"": -0.7370012852668021}"
training_epoch,0,601,training,,39,mean_reward,0.4418178962779664,3.7098451089735667,aee37f0ca66257cda39ae5143305a583504e6068b837b04cdaca8c94a67ea076,"{""baseline"": 0.281345061091125, ""control_residual_rms"": 0.031492045632484124, ""control_slew_rms"": 0.008315544440886384, ""epoch"": 39, ""gradient_norm_before_clip"": 3.7098451089735667, ""ground_outcome_fraction"": 0.875, ""loss"": 0.3863373066933456, ""mean_reward"": 0.4418178962779664, ""score_path"": -0.8281551923623398}"
training_epoch,0,601,training,,40,mean_reward,0.37003179281762855,3.384785758707477,aee37f0ca66257cda39ae5143305a583504e6068b837b04cdaca8c94a67ea076,"{""baseline"": 0.2857793976774502, ""control_residual_rms"": 0.024983696579459962, ""control_slew_rms"": 0.01253266510594156, ""epoch"": 40, ""gradient_norm_before_clip"": 3.384785758707477, ""ground_outcome_fraction"": 0.6416666666666666, ""loss"": 0.4560475575979712, ""mean_reward"": 0.37003179281762855, ""score_path"": -0.8260793426030719}"
training_epoch,0,601,training,,41,mean_reward,0.34198770098028997,1.6324212256966102,aee37f0ca66257cda39ae5143305a583504e6068b837b04cdaca8c94a67ea076,"{""baseline"": 0.2885898128425922, ""control_residual_rms"": 0.030527464025371834, ""control_slew_rms"": 0.01189101019048309, ""epoch"": 41, ""gradient_norm_before_clip"": 1.6324212256966102, ""ground_outcome_fraction"": 0.7583333333333333, ""loss"": -0.12378011059380353, ""mean_reward"": 0.34198770098028997, ""score_path"": -0.2182075796532646}"
training_epoch,0,601,training,,42,mean_reward,0.3141054897540204,2.1992856327688313,aee37f0ca66257cda39ae5143305a583504e6068b837b04cdaca8c94a67ea076,"{""baseline"": 0.28986559668816364, ""control_residual_rms"": 0.031830533842039134, ""control_slew_rms"": 0.012805145043664144, ""epoch"": 42, ""gradient_norm_before_clip"": 2.1992856327688313, ""ground_outcome_fraction"": 0.75, ""loss"": -0.24522070799750703, ""mean_reward"": 0.3141054897540204, ""score_path"": -0.06888476998496715}"
training_epoch,0,601,training,,43,mean_reward,0.22254377038777057,1.4320138344216666,aee37f0ca66257cda39ae5143305a583504e6068b837b04cdaca8c94a67ea076,"{""baseline"": 0.286499505373144, ""control_residual_rms"": 0.030266765767652203, ""control_slew_rms"": 0.014769254498997453, ""epoch"": 43, ""gradient_norm_before_clip"": 1.4320138344216666, ""ground_outcome_fraction"": 0.675, ""loss"": -1.1353488378644065, ""mean_reward"": 0.22254377038777057, ""score_path"": 0.9128050788187156}"
training_epoch,0,601,training,,44,mean_reward,0.2639813046329853,1.2130993400957735,aee37f0ca66257cda39ae5143305a583504e6068b837b04cdaca8c94a67ea076,"{""baseline"": 0.28537359533613604, ""control_residual_rms"": 0.03402711575803158, ""control_slew_rms"": 0.013871770552281781, ""epoch"": 44, ""gradient_norm_before_clip"": 1.2130993400957735, ""ground_outcome_fraction"": 0.7, ""loss"": -0.4686208439584396, ""mean_reward"": 0.2639813046329853, ""score_path"": 0.2046395528281606}"
training_epoch,0,601,training,,45,mean_reward,0.43507805312969317,3.319565413871035,aee37f0ca66257cda39ae5143305a583504e6068b837b04cdaca8c94a67ea076,"{""baseline"": 0.29285881822581394, ""control_residual_rms"": 0.03589965189366635, ""control_slew_rms"": 0.014577871424001567, ""epoch"": 45, ""gradient_norm_before_clip"": 3.319565413871035, ""ground_outcome_fraction"": 0.775, ""loss"": 0.9268322249902846, ""mean_reward"": 0.43507805312969317, ""score_path"": -1.3619102631069844}"
training_epoch,0,601,training,,46,mean_reward,0.1826842438859178,2.7616239232566255,aee37f0ca66257cda39ae5143305a583504e6068b837b04cdaca8c94a67ea076,"{""baseline"": 0.28735008950881913, ""control_residual_rms"": 0.03117760722375416, ""control_slew_rms"": 0.017025390261790993, ""epoch"": 46, ""gradient_norm_before_clip"": 2.7616239232566255, ""ground_outcome_fraction"": 0.5833333333333334, ""loss"": -1.5890754778073761, ""mean_reward"": 0.1826842438859178, ""score_path"": 1.4063912465405295}"
training_epoch,0,601,training,,47,mean_reward,0.40425995317397884,4.545181304515676,aee37f0ca66257cda39ae5143305a583504e6068b837b04cdaca8c94a67ea076,"{""baseline"": 0.2931955826920771, ""control_residual_rms"": 0.041600791481150985, ""control_slew_rms"": 0.013091334496070427, ""epoch"": 47, ""gradient_norm_before_clip"": 4.545181304515676, ""ground_outcome_fraction"": 0.775, ""loss"": -0.6468167622171793, ""mean_reward"": 0.40425995317397884, ""score_path"": 0.2425568280632895}"
training_epoch,0,601,training,,48,mean_reward,0.4509506965385809,4.054095429378214,aee37f0ca66257cda39ae5143305a583504e6068b837b04cdaca8c94a67ea076,"{""baseline"": 0.30108333838440227, ""control_residual_rms"": 0.048173524234667704, ""control_slew_rms"": 0.01152935703434757, ""epoch"": 48, ""gradient_norm_before_clip"": 4.054095429378214, ""ground_outcome_fraction"": 0.8916666666666666, ""loss"": 0.20193332963763752, ""mean_reward"": 0.4509506965385809, ""score_path"": -0.6528840016400733}"
training_epoch,0,601,training,,49,mean_reward,0.2503739776852632,3.616072886578457,aee37f0ca66257cda39ae5143305a583504e6068b837b04cdaca8c94a67ea076,"{""baseline"": 0.2985478703494453, ""control_residual_rms"": 0.042467265815530654, ""control_slew_rms"": 0.0179964743070706, ""epoch"": 49, ""gradient_norm_before_clip"": 3.616072886578457, ""ground_outcome_fraction"": 0.75, ""loss"": -0.8166718824347692, ""mean_reward"": 0.2503739776852632, ""score_path"": 0.5662979260229235}"
training_epoch,0,601,training,,50,mean_reward,0.3185712097518605,1.1421661773619467,aee37f0ca66257cda39ae5143305a583504e6068b837b04cdaca8c94a67ea076,"{""baseline"": 0.29954903731956606, ""control_residual_rms"": 0.039956652011005706, ""control_slew_rms"": 0.020319675797508274, ""epoch"": 50, ""gradient_norm_before_clip"": 1.1421661773619467, ""ground_outcome_fraction"": 0.6833333333333333, ""loss"": -0.12221156401125202, ""mean_reward"": 0.3185712097518605, ""score_path"": -0.19635962564637582}"
training_epoch,0,601,training,,51,mean_reward,0.447083659808512,4.821648382875429,aee37f0ca66257cda39ae5143305a583504e6068b837b04cdaca8c94a67ea076,"{""baseline"": 0.30692576844401337, ""control_residual_rms"": 0.05197251477724981, ""control_slew_rms"": 0.015948124353856345, ""epoch"": 51, ""gradient_norm_before_clip"": 4.821648382875429, ""ground_outcome_fraction"": 0.8333333333333334, ""loss"": 0.028972182939344452, ""mean_reward"": 0.447083659808512, ""score_path"": -0.4760558131930068}"
training_epoch,0,601,training,,52,mean_reward,0.4241782700635226,4.035691031757001,aee37f0ca66257cda39ae5143305a583504e6068b837b04cdaca8c94a67ea076,"{""baseline"": 0.31278839352498883, ""control_residual_rms"": 0.05344182805282627, ""control_slew_rms"": 0.01760595847276446, ""epoch"": 52, ""gradient_norm_before_clip"": 4.035691031757001, ""ground_outcome_fraction"": 0.8083333333333333, ""loss"": 0.04192690411558549, ""mean_reward"": 0.4241782700635226, ""score_path"": -0.4661051425191205}"
training_epoch,0,601,training,,53,mean_reward,0.4442130104490537,3.9978782724031743,aee37f0ca66257cda39ae5143305a583504e6068b837b04cdaca8c94a67ea076,"{""baseline"": 0.3193596243711921, ""control_residual_rms"": 0.05641119762413792, ""control_slew_rms"": 0.017966120146277492, ""epoch"": 53, ""gradient_norm_before_clip"": 3.9978782724031743, ""ground_outcome_fraction"": 0.8166666666666667, ""loss"": 0.1625733677020686, ""mean_reward"": 0.4442130104490537, ""score_path"": -0.6067863431010754}"
training_epoch,0,601,training,,54,mean_reward,0.3846201780858383,2.3850087652663325,aee37f0ca66257cda39ae5143305a583504e6068b837b04cdaca8c94a67ea076,"{""baseline"": 0.32262265205692436, ""control_residual_rms"": 0.05820711375792803, ""control_slew_rms"": 0.020081096248026203, ""epoch"": 54, ""gradient_norm_before_clip"": 2.3850087652663325, ""ground_outcome_fraction"": 0.8083333333333333, ""loss"": -0.14596992813046383, ""mean_reward"": 0.3846201780858383, ""score_path"": -0.23865021204218928}"
training_epoch,0,601,training,,55,mean_reward,0.4402072795225914,6.468292216939702,aee37f0ca66257cda39ae5143305a583504e6068b837b04cdaca8c94a67ea076,"{""baseline"": 0.32850188343020775, ""control_residual_rms"": 0.05978350444656912, ""control_slew_rms"": 0.020056417493326716, ""epoch"": 55, ""gradient_norm_before_clip"": 6.468292216939702, ""ground_outcome_fraction"": 0.7583333333333333, ""loss"": -0.4622856977423855, ""mean_reward"": 0.4402072795225914, ""score_path"": 0.02207845798306688}"
training_epoch,0,601,training,,56,mean_reward,0.4236204908677138,3.276457458022912,aee37f0ca66257cda39ae5143305a583504e6068b837b04cdaca8c94a67ea076,"{""baseline"": 0.3332578138020831, ""control_residual_rms"": 0.062149686642877, ""control_slew_rms"": 0.021233014834184598, ""epoch"": 56, ""gradient_norm_before_clip"": 3.276457458022912, ""ground_outcome_fraction"": 0.7666666666666666, ""loss"": 0.30013614016078677, ""mean_reward"": 0.4236204908677138, ""score_path"": -0.7237565878942559}"
training_epoch,0,601,training,,57,mean_reward,0.45713160709067907,1.911237030527278,aee37f0ca66257cda39ae5143305a583504e6068b837b04cdaca8c94a67ea076,"{""baseline"": 0.33945150346651287, ""control_residual_rms"": 0.0671699823822485, ""control_slew_rms"": 0.02159803244161444, ""epoch"": 57, ""gradient_norm_before_clip"": 1.911237030527278, ""ground_outcome_fraction"": 0.825, ""loss"": 0.2895375325244999, ""mean_reward"": 0.45713160709067907, ""score_path"": -0.7466690898323636}"
training_epoch,0,601,training,,58,mean_reward,0.3009327193116694,4.479443531367316,aee37f0ca66257cda39ae5143305a583504e6068b837b04cdaca8c94a67ea076,"{""baseline"": 0.33752556425877067, ""control_residual_rms"": 0.06261938366106268, ""control_slew_rms"": 0.02531962544626116, ""epoch"": 58, ""gradient_norm_before_clip"": 4.479443531367316, ""ground_outcome_fraction"": 0.6833333333333333, ""loss"": -1.231613352428437, ""mean_reward"": 0.3009327193116694, ""score_path"": 0.9306806787394741}"
training_epoch,0,601,training,,59,mean_reward,0.342463973941777,3.653064657455786,aee37f0ca66257cda39ae5143305a583504e6068b837b04cdaca8c94a67ea076,"{""baseline"": 0.337772484742921, ""control_residual_rms"": 0.06825854423932931, ""control_slew_rms"": 0.02659696810063192, ""epoch"": 59, ""gradient_norm_before_clip"": 3.653064657455786, ""ground_outcome_fraction"": 0.7583333333333333, ""loss"": -0.8290643663972451, ""mean_reward"": 0.342463973941777, ""score_path"": 0.4866004461217438}"
training_epoch,0,601,training,,60,mean_reward,0.2797831607188265,1.4183884157194249,aee37f0ca66257cda39ae5143305a583504e6068b837b04cdaca8c94a67ea076,"{""baseline"": 0.3348730185417163, ""control_residual_rms"": 0.06635549252319246, ""control_slew_rms"": 0.029376763470979637, ""epoch"": 60, ""gradient_norm_before_clip"": 1.4183884157194249, ""ground_outcome_fraction"": 0.7, ""loss"": -1.0130584835563956, ""mean_reward"": 0.2797831607188265, ""score_path"": 0.7332753754980255}"
training_epoch,0,601,training,,61,mean_reward,0.5313647402549023,2.1411067390257226,aee37f0ca66257cda39ae5143305a583504e6068b837b04cdaca8c94a67ea076,"{""baseline"": 0.3446976046273756, ""control_residual_rms"": 0.08624229429953363, ""control_slew_rms"": 0.020514356417660907, ""epoch"": 61, ""gradient_norm_before_clip"": 2.1411067390257226, ""ground_outcome_fraction"": 0.9083333333333333, ""loss"": 0.44525637247348365, ""mean_reward"": 0.5313647402549023, ""score_path"": -0.9766210341426645}"
training_epoch,0,601,training,,62,mean_reward,0.5581768392593641,5.372406748904491,aee37f0ca66257cda39ae5143305a583504e6068b837b04cdaca8c94a67ea076,"{""baseline"": 0.355371566358975, ""control_residual_rms"": 0.09138893988637907, ""control_slew_rms"": 0.018756240176748085, ""epoch"": 62, ""gradient_norm_before_clip"": 5.372406748904491, ""ground_outcome_fraction"": 0.9249999999999999, ""loss"": 0.20098958967568392, ""mean_reward"": 0.5581768392593641, ""score_path"": -0.7591663418976993}"
training_epoch,0,601,training,,63,mean_reward,0.4479277923996728,1.9891186046653957,aee37f0ca66257cda39ae5143305a583504e6068b837b04cdaca8c94a67ea076,"{""baseline"": 0.35999937766100987, ""control_residual_rms"": 0.08601956486613618, ""control_slew_rms"": 0.026353999200371517, ""epoch"": 63, ""gradient_norm_before_clip"": 1.9891186046653957, ""ground_outcome_fraction"": 0.8333333333333334, ""loss"": -0.09514944705303151, ""mean_reward"": 0.4479277923996728, ""score_path"": -0.35277826440765314}"
training_epoch,0,601,training,,64,mean_reward,0.49024745829541355,1.5261283997434325,aee37f0ca66257cda39ae5143305a583504e6068b837b04cdaca8c94a67ea076,"{""baseline"": 0.3665117816927301, ""control_residual_rms"": 0.08419450046647667, ""control_slew_rms"": 0.03053103269832659, ""epoch"": 64, ""gradient_norm_before_clip"": 1.5261283997434325, ""ground_outcome_fraction"": 0.8083333333333333, ""loss"": 0.4452752776488928, ""mean_reward"": 0.49024745829541355, ""score_path"": -0.9355226557357277}"
training_epoch,0,601,training,,65,mean_reward,0.4681167998590845,2.247654447611618,aee37f0ca66257cda39ae5143305a583504e6068b837b04cdaca8c94a67ea076,"{""baseline"": 0.37159203260104784, ""control_residual_rms"": 0.08942989375453023, ""control_slew_rms"": 0.029424791094039424, ""epoch"": 65, ""gradient_norm_before_clip"": 2.247654447611618, ""ground_outcome_fraction"": 0.8166666666666667, ""loss"": -0.31266476901919427, ""mean_reward"": 0.4681167998590845, ""score_path"": -0.15545194220464792}"
training_epoch,0,601,training,,66,mean_reward,0.43342043752387066,2.3419147330051477,aee37f0ca66257cda39ae5143305a583504e6068b837b04cdaca8c94a67ea076,"{""baseline"": 0.374683452847189, ""control_residual_rms"": 0.08969417627791547, ""control_slew_rms"": 0.03139711569822256, ""epoch"": 66, ""gradient_norm_before_clip"": 2.3419147330051477, ""ground_outcome_fraction"": 0.775, ""loss"": -0.7555324505884411, ""mean_reward"": 0.43342043752387066, ""score_path"": 0.3221121033728118}"
training_epoch,0,601,training,,67,mean_reward,0.5051517810412102,2.392480534005747,aee37f0ca66257cda39ae5143305a583504e6068b837b04cdaca8c94a67ea076,"{""baseline"": 0.38120686925689007, ""control_residual_rms"": 0.10251303967421731, ""control_slew_rms"": 0.025571279197075643, ""epoch"": 67, ""gradient_norm_before_clip"": 2.392480534005747, ""ground_outcome_fraction"": 0.8833333333333333, ""loss"": -0.005122455338370251, ""mean_reward"": 0.5051517810412102, ""score_path"": -0.5000292140747037}"
training_epoch,0,601,training,,68,mean_reward,0.3751655579125886,4.40068837330841,aee37f0ca66257cda39ae5143305a583504e6068b837b04cdaca8c94a67ea076,"{""baseline"": 0.380904803689675, ""control_residual_rms"": 0.10397746765638974, ""control_slew_rms"": 0.02689253572378998, ""epoch"": 68, ""gradient_norm_before_clip"": 4.40068837330841, ""ground_outcome_fraction"": 0.8583333333333333, ""loss"": -1.3515098045985017, ""mean_reward"": 0.3751655579125886, ""score_path"": 0.9763443620311355}"
training_epoch,0,601,training,,69,mean_reward,0.5232485078282959,3.1398850293411003,aee37f0ca66257cda39ae5143305a583504e6068b837b04cdaca8c94a67ea076,"{""baseline"": 0.38802198889660605, ""control_residual_rms"": 0.10940294822917315, ""control_slew_rms"": 0.025172375461432035, ""epoch"": 69, ""gradient_norm_before_clip"": 3.1398850293411003, ""ground_outcome_fraction"": 0.9, ""loss"": 0.10473261858410879, ""mean_reward"": 0.5232485078282959, ""score_path"": -0.627981000385869}"
training_epoch,0,601,training,,70,mean_reward,0.40136664749250084,2.064315527982027,aee37f0ca66257cda39ae5143305a583504e6068b837b04cdaca8c94a67ea076,"{""baseline"": 0.3886892218264008, ""control_residual_rms"": 0.10477644280025615, ""control_slew_rms"": 0.031247234631539757, ""epoch"": 70, ""gradient_norm_before_clip"": 2.064315527982027, ""ground_outcome_fraction"": 0.8166666666666667, ""loss"": -1.4608484492736578, ""mean_reward"": 0.40136664749250084, ""score_path"": 1.0594819213260833}"
training_epoch,0,601,training,,71,mean_reward,0.6360735238988819,2.7477623524303376,aee37f0ca66257cda39ae5143305a583504e6068b837b04cdaca8c94a67ea076,"{""baseline"": 0.40105843693002485, ""control_residual_rms"": 0.11952155391625771, ""control_slew_rms"": 0.02032121137882647, ""epoch"": 71, ""gradient_norm_before_clip"": 2.7477623524303376, ""ground_outcome_fraction"": 0.9583333333333334, ""loss"": 0.003770839254873241, ""mean_reward"": 0.6360735238988819, ""score_path"": -0.6398442161702204}"
training_epoch,0,601,training,,72,mean_reward,0.4449535251541377,1.437084233707111,aee37f0ca66257cda39ae5143305a583504e6068b837b04cdaca8c94a67ea076,"{""baseline"": 0.4032531913412305, ""control_residual_rms"": 0.10687914413632416, ""control_slew_rms"": 0.031201857064364878, ""epoch"": 72, ""gradient_norm_before_clip"": 1.437084233707111, ""ground_outcome_fraction"": 0.8166666666666667, ""loss"": -0.8409594173997872, ""mean_reward"": 0.4449535251541377, ""score_path"": 0.3960060162127227}"
training_epoch,0,601,training,,73,mean_reward,0.5177520292028834,1.7551660637869426,aee37f0ca66257cda39ae5143305a583504e6068b837b04cdaca8c94a67ea076,"{""baseline"": 0.40897813323431315, ""control_residual_rms"": 0.109980362682201, ""control_slew_rms"": 0.03255282935565555, ""epoch"": 73, ""gradient_norm_before_clip"": 1.7551660637869426, ""ground_outcome_fraction"": 0.8583333333333333, ""loss"": 0.19772734822642204, ""mean_reward"": 0.5177520292028834, ""score_path"": -0.7154792458756367}"
training_epoch,0,601,training,,74,mean_reward,0.5600772507374655,2.6317004801950303,aee37f0ca66257cda39ae5143305a583504e6068b837b04cdaca8c94a67ea076,"{""baseline"": 0.4165330891094708, ""control_residual_rms"": 0.12223722161106904, ""control_slew_rms"": 0.0236180884267916, ""epoch"": 74, ""gradient_norm_before_clip"": 2.6317004801950303, ""ground_outcome_fraction"": 0.9333333333333333, ""loss"": -0.028297259670144962, ""mean_reward"": 0.5600772507374655, ""score_path"": -0.5317798360697961}"
training_epoch,0,601,training,,75,mean_reward,0.4028925227870994,2.6650116086502553,aee37f0ca66257cda39ae5143305a583504e6068b837b04cdaca8c94a67ea076,"{""baseline"": 0.4158510607933522, ""control_residual_rms"": 0.1111533545213794, ""control_slew_rms"": 0.03418573617786031, ""epoch"": 75, ""gradient_norm_before_clip"": 2.6650116086502553, ""ground_outcome_fraction"": 0.8333333333333334, ""loss"": -0.9127964536261988, ""mean_reward"": 0.4028925227870994, ""score_path"": 0.5099040660764271}"
training_epoch,0,601,training,,76,mean_reward,0.6109908460083882,1.8524082277853438,aee37f0ca66257cda39ae5143305a583504e6068b837b04cdaca8c94a67ea076,"{""baseline"": 0.425608050054104, ""control_residual_rms"": 0.12402327677091352, ""control_slew_rms"": 0.024463263946134482, ""epoch"": 76, ""gradient_norm_before_clip"": 1.8524082277853438, ""ground_outcome_fraction"": 0.9416666666666667, ""loss"": 0.2113420212739696, ""mean_reward"": 0.6109908460083882, ""score_path"": -0.8223327074801131}"
training_epoch,0,601,training,,77,mean_reward,0.47087977574132145,2.597129249938903,aee37f0ca66257cda39ae5143305a583504e6068b837b04cdaca8c94a67ea076,"{""baseline"": 0.42787163633846487, ""control_residual_rms"": 0.11744805502048382, ""control_slew_rms"": 0.0319901109351533, ""epoch"": 77, ""gradient_norm_before_clip"": 2.597129249938903, ""ground_outcome_fraction"": 0.8666666666666667, ""loss"": -1.178862249793581, ""mean_reward"": 0.47087977574132145, ""score_path"": 0.7079826222263879}"
training_epoch,0,601,training,,78,mean_reward,0.41814112515638874,4.657687740738675,aee37f0ca66257cda39ae5143305a583504e6068b837b04cdaca8c94a67ea076,"{""baseline"": 0.4273851107793611, ""control_residual_rms"": 0.11698246815022309, ""control_slew_rms"": 0.03287689888634831, ""epoch"": 78, ""gradient_norm_before_clip"": 4.657687740738675, ""ground_outcome_fraction"": 0.8416666666666667, ""loss"": -1.5387908404645092, ""mean_reward"": 0.41814112515638874, ""score_path"": 1.120649862966004}"
training_epoch,0,601,training,,79,mean_reward,0.44332752510161744,1.5407873802053906,aee37f0ca66257cda39ae5143305a583504e6068b837b04cdaca8c94a67ea076,"{""baseline"": 0.4281822314954739, ""control_residual_rms"": 0.11330458641200158, ""control_slew_rms"": 0.03402963987510386, ""epoch"": 79, ""gradient_norm_before_clip"": 1.5407873802053906, ""ground_outcome_fraction"": 0.8, ""loss"": -0.973741133076262, ""mean_reward"": 0.44332752510161744, ""score_path"": 0.5304137479341015}"
training_epoch,0,601,training,,80,mean_reward,0.40661730792798645,4.021951149618182,aee37f0ca66257cda39ae5143305a583504e6068b837b04cdaca8c94a67ea076,"{""baseline"": 0.42710398531709953, ""control_residual_rms"": 0.11519757103391033, ""control_slew_rms"": 0.03439572348924809, ""epoch"": 80, ""gradient_norm_before_clip"": 4.021951149618182, ""ground_outcome_fraction"": 0.7916666666666666, ""loss"": -1.5079658038304626, ""mean_reward"": 0.40661730792798645, ""score_path"": 1.101348640437938}"
training_epoch,0,601,training,,81,mean_reward,0.33041340728251034,2.6738972810568864,aee37f0ca66257cda39ae5143305a583504e6068b837b04cdaca8c94a67ea076,"{""baseline"": 0.42226945641537006, ""control_residual_rms"": 0.1154743839607419, ""control_slew_rms"": 0.03719268346271216, ""epoch"": 81, ""gradient_norm_before_clip"": 2.6738972810568864, ""ground_outcome_fraction"": 0.7916666666666666, ""loss"": -1.959394817958146, ""mean_reward"": 0.33041340728251034, ""score_path"": 1.6289815578519262}"
training_epoch,0,601,training,,82,mean_reward,0.48770500397267036,2.5214436998869028,aee37f0ca66257cda39ae5143305a583504e6068b837b04cdaca8c94a67ea076,"{""baseline"": 0.42554123379323505, ""control_residual_rms"": 0.1240265528681925, ""control_slew_rms"": 0.0316296582438146, ""epoch"": 82, ""gradient_norm_before_clip"": 2.5214436998869028, ""ground_outcome_fraction"": 0.8666666666666667, ""loss"": -0.36848683226907364, ""mean_reward"": 0.48770500397267036, ""score_path"": -0.11921800787338574}"
training_epoch,0,601,training,,83,mean_reward,0.5537526035406929,2.0105742028837974,aee37f0ca66257cda39ae5143305a583504e6068b837b04cdaca8c94a67ea076,"{""baseline"": 0.431951802280608, ""control_residual_rms"": 0.13463849848173434, ""control_slew_rms"": 0.02270745302744355, ""epoch"": 83, ""gradient_norm_before_clip"": 2.0105742028837974, ""ground_outcome_fraction"": 0.95, ""loss"": -0.17762642378738366, ""mean_reward"": 0.5537526035406929, ""score_path"": -0.37612599332177227}"
training_epoch,0,601,training,,84,mean_reward,0.5210708756242908,2.297934040249409,aee37f0ca66257cda39ae5143305a583504e6068b837b04cdaca8c94a67ea076,"{""baseline"": 0.43640775594779213, ""control_residual_rms"": 0.1281137225872948, ""control_slew_rms"": 0.028445449833962626, ""epoch"": 84, ""gradient_norm_before_clip"": 2.297934040249409, ""ground_outcome_fraction"": 0.8916666666666666, ""loss"": -0.7961468187339963, ""mean_reward"": 0.5210708756242908, ""score_path"": 0.2750761153324008}"
training_epoch,0,601,training,,85,mean_reward,0.3790487007894203,2.7836322295960176,aee37f0ca66257cda39ae5143305a583504e6068b837b04cdaca8c94a67ea076,"{""baseline"": 0.4335398031898735, ""control_residual_rms"": 0.1156105171374376, ""control_slew_rms"": 0.03564603203595432, ""epoch"": 85, ""gradient_norm_before_clip"": 2.7836322295960176, ""ground_outcome_fraction"": 0.7666666666666666, ""loss"": -0.9372753044356443, ""mean_reward"": 0.3790487007894203, ""score_path"": 0.5582267500105368}"
training_epoch,0,601,training,,86,mean_reward,0.49110439670785255,2.192028022341096,aee37f0ca66257cda39ae5143305a583504e6068b837b04cdaca8c94a67ea076,"{""baseline"": 0.43641803286577247, ""control_residual_rms"": 0.12821045363057962, ""control_slew_rms"": 0.02671322768148842, ""epoch"": 86, ""gradient_norm_before_clip"": 2.192028022341096, ""ground_outcome_fraction"": 0.8666666666666667, ""loss"": -0.6671446114885655, ""mean_reward"": 0.49110439670785255, ""score_path"": 0.17604038629588264}"
training_epoch,0,601,training,,87,mean_reward,0.4811320091538235,1.8978614220415053,aee37f0ca66257cda39ae5143305a583504e6068b837b04cdaca8c94a67ea076,"{""baseline"": 0.438653731680175, ""control_residual_rms"": 0.12051889139793354, ""control_slew_rms"": 0.035954952431207644, ""epoch"": 87, ""gradient_norm_before_clip"": 1.8978614220415053, ""ground_outcome_fraction"": 0.8333333333333334, ""loss"": -0.6718051783865854, ""mean_reward"": 0.4811320091538235, ""score_path"": 0.19067332740837978}"
training_epoch,0,601,training,,88,mean_reward,0.4985942226584875,1.8395311287586027,aee37f0ca66257cda39ae5143305a583504e6068b837b04cdaca8c94a67ea076,"{""baseline"": 0.44165075622909067, ""control_residual_rms"": 0.13066511511661655, ""control_slew_rms"": 0.029029096729662484, ""epoch"": 88, ""gradient_norm_before_clip"": 1.8395311287586027, ""ground_outcome_fraction"": 0.9, ""loss"": -0.6324494796700036, ""mean_reward"": 0.4985942226584875, ""score_path"": 0.1338554361721237}"
training_epoch,0,601,training,,89,mean_reward,0.33867835595390017,4.5397596184872135,aee37f0ca66257cda39ae5143305a583504e6068b837b04cdaca8c94a67ea076,"{""baseline"": 0.4365021362153312, ""control_residual_rms"": 0.11517713227233256, ""control_slew_rms"": 0.0360142888458939, ""epoch"": 89, ""gradient_norm_before_clip"": 4.5397596184872135, ""ground_outcome_fraction"": 0.75, ""loss"": -1.6897657707678249, ""mean_reward"": 0.33867835595390017, ""score_path"": 1.3510875604419326}"
training_epoch,0,601,training,,90,mean_reward,0.42245293314075605,1.6992154654325051,aee37f0ca66257cda39ae5143305a583504e6068b837b04cdaca8c94a67ea076,"{""baseline"": 0.4357996760616024, ""control_residual_rms"": 0.12392151627777029, ""control_slew_rms"": 0.03476710183100875, ""epoch"": 90, ""gradient_norm_before_clip"": 1.6992154654325051, ""ground_outcome_fraction"": 0.85, ""loss"": -0.9190025971797632, ""mean_reward"": 0.42245293314075605, ""score_path"": 0.4965498296919427}"
training_epoch,0,601,training,,91,mean_reward,0.37111837279878435,3.589585793353793,aee37f0ca66257cda39ae5143305a583504e6068b837b04cdaca8c94a67ea076,"{""baseline"": 0.4325656108984615, ""control_residual_rms"": 0.11656088602665869, ""control_slew_rms"": 0.03879670047754507, ""epoch"": 91, ""gradient_norm_before_clip"": 3.589585793353793, ""ground_outcome_fraction"": 0.7833333333333333, ""loss"": -1.2916222086035232, ""mean_reward"": 0.37111837279878435, ""score_path"": 0.9205039867209802}"
training_epoch,0,601,training,,92,mean_reward,0.5444181691558853,1.697319323690114,aee37f0ca66257cda39ae5143305a583504e6068b837b04cdaca8c94a67ea076,"{""baseline"": 0.4381582388113327, ""control_residual_rms"": 0.12915690762580923, ""control_slew_rms"": 0.031456179276354974, ""epoch"": 92, ""gradient_norm_before_clip"": 1.697319323690114, ""ground_outcome_fraction"": 0.8916666666666666, ""loss"": -0.008166436884215327, ""mean_reward"": 0.5444181691558853, ""score_path"": -0.5362515555616899}"
training_epoch,0,601,training,,93,mean_reward,0.5942320443704205,2.137304177850459,aee37f0ca66257cda39ae5143305a583504e6068b837b04cdaca8c94a67ea076,"{""baseline"": 0.44596192908928706, ""control_residual_rms"": 0.1321645167271948, ""control_slew_rms"": 0.028506057646833977, ""epoch"": 93, ""gradient_norm_before_clip"": 2.137304177850459, ""ground_outcome_fraction"": 0.9083333333333333, ""loss"": 0.06425552428057658, ""mean_reward"": 0.5942320443704205, ""score_path"": -0.6584873858504491}"
training_epoch,0,601,training,,94,mean_reward,0.47607981735609367,2.8873373118054295,aee37f0ca66257cda39ae5143305a583504e6068b837b04cdaca8c94a67ea076,"{""baseline"": 0.44746782350262737, ""control_residual_rms"": 0.13809197143023946, ""control_slew_rms"": 0.023292918478876545, ""epoch"": 94, ""gradient_norm_before_clip"": 2.8873373118054295, ""ground_outcome_fraction"": 0.9166666666666666, ""loss"": -1.0643550065418836, ""mean_reward"": 0.47607981735609367, ""score_path"": 0.5882753853053162}"
training_epoch,0,601,training,,95,mean_reward,0.37417119382008274,4.270262276905005,aee37f0ca66257cda39ae5143305a583504e6068b837b04cdaca8c94a67ea076,"{""baseline"": 0.44380299201850015, ""control_residual_rms"": 0.1125340215654711, ""control_slew_rms"": 0.04071792683139402, ""epoch"": 95, ""gradient_norm_before_clip"": 4.270262276905005, ""ground_outcome_fraction"": 0.7416666666666667, ""loss"": -2.228655853856619, ""mean_reward"": 0.37417119382008274, ""score_path"": 1.854484803255092}"
training_epoch,0,601,training,,96,mean_reward,0.45771292209588543,4.0167370536565805,aee37f0ca66257cda39ae5143305a583504e6068b837b04cdaca8c94a67ea076,"{""baseline"": 0.4444984885223694, ""control_residual_rms"": 0.13174139661258888, ""control_slew_rms"": 0.029768952152781088, ""epoch"": 96, ""gradient_norm_before_clip"": 4.0167370536565805, ""ground_outcome_fraction"": 0.8916666666666666, ""loss"": -0.3986926780390096, ""mean_reward"": 0.45771292209588543, ""score_path"": -0.0590200616370149}"
training_epoch,0,601,training,,97,mean_reward,0.4540142712766634,1.6824525626202256,aee37f0ca66257cda39ae5143305a583504e6068b837b04cdaca8c94a67ea076,"{""baseline"": 0.44497427766008407, ""control_residual_rms"": 0.1155458833426057, ""control_slew_rms"": 0.036327599116762276, ""epoch"": 97, ""gradient_norm_before_clip"": 1.6824525626202256, ""ground_outcome_fraction"": 0.7416666666666667, ""loss"": -0.6026561395373057, ""mean_reward"": 0.4540142712766634, ""score_path"": 0.1486420149660984}"
training_epoch,0,601,training,,98,mean_reward,0.41036869056295205,1.7373605278329267,aee37f0ca66257cda39ae5143305a583504e6068b837b04cdaca8c94a67ea076,"{""baseline"": 0.4432439983052275, ""control_residual_rms"": 0.1259109265734592, ""control_slew_rms"": 0.03544295403846668, ""epoch"": 98, ""gradient_norm_before_clip"": 1.7373605278329267, ""ground_outcome_fraction"": 0.825, ""loss"": -1.1817282974390786, ""mean_reward"": 0.41036869056295205, ""score_path"": 0.7713597779737708}"
training_epoch,0,601,training,,99,mean_reward,0.4705167439927457,2.231977774272026,aee37f0ca66257cda39ae5143305a583504e6068b837b04cdaca8c94a67ea076,"{""baseline"": 0.44460763558960337, ""control_residual_rms"": 0.1320158547250419, ""control_slew_rms"": 0.03178392417792554, ""epoch"": 99, ""gradient_norm_before_clip"": 2.231977774272026, ""ground_outcome_fraction"": 0.8666666666666667, ""loss"": -0.7258152543869945, ""mean_reward"": 0.4705167439927457, ""score_path"": 0.25529869477828604}"
training_epoch,0,601,training,,100,mean_reward,0.5379942531265944,2.815621466643952,aee37f0ca66257cda39ae5143305a583504e6068b837b04cdaca8c94a67ea076,"{""baseline"": 0.44927696646645293, ""control_residual_rms"": 0.13053131106825394, ""control_slew_rms"": 0.03277955020723392, ""epoch"": 100, ""gradient_norm_before_clip"": 2.815621466643952, ""ground_outcome_fraction"": 0.875, ""loss"": -0.03715434150981093, ""mean_reward"": 0.5379942531265944, ""score_path"": -0.5008397304875627}"
training_epoch,0,601,training,,101,mean_reward,0.4817511114046692,1.828396667670519,aee37f0ca66257cda39ae5143305a583504e6068b837b04cdaca8c94a67ea076,"{""baseline"": 0.45090067371336373, ""control_residual_rms"": 0.13044458878010196, ""control_slew_rms"": 0.03179398730171027, ""epoch"": 101, ""gradient_norm_before_clip"": 1.828396667670519, ""ground_outcome_fraction"": 0.85, ""loss"": -0.684102229685296, ""mean_reward"": 0.4817511114046692, ""score_path"": 0.20235129854711054}"
training_epoch,0,601,training,,102,mean_reward,0.5152096156515027,1.8003784691054803,aee37f0ca66257cda39ae5143305a583504e6068b837b04cdaca8c94a67ea076,"{""baseline"": 0.4541161208102707, ""control_residual_rms"": 0.13974653382592012, ""control_slew_rms"": 0.025299631002308955, ""epoch"": 102, ""gradient_norm_before_clip"": 1.8003784691054803, ""ground_outcome_fraction"": 0.9166666666666666, ""loss"": -0.4894311744609979, ""mean_reward"": 0.5152096156515027, ""score_path"": -0.025778239498854383}"
training_epoch,0,601,training,,103,mean_reward,0.4429647679075706,2.1508583751384363,aee37f0ca66257cda39ae5143305a583504e6068b837b04cdaca8c94a67ea076,"{""baseline"": 0.4535585531651357, ""control_residual_rms"": 0.13027837938187906, ""control_slew_rms"": 0.03377007866290498, ""epoch"": 103, ""gradient_norm_before_clip"": 2.1508583751384363, ""ground_outcome_fraction"": 0.85, ""loss"": -0.6196114137802263, ""mean_reward"": 0.4429647679075706, ""score_path"": 0.1766468270013991}"
training_epoch,0,601,training,,104,mean_reward,0.5298038284468066,3.1840570437775115,aee37f0ca66257cda39ae5143305a583504e6068b837b04cdaca8c94a67ea076,"{""baseline"": 0.4573708169292192, ""control_residual_rms"": 0.1260047441739462, ""control_slew_rms"": 0.03532916771268378, ""epoch"": 104, ""gradient_norm_before_clip"": 3.1840570437775115, ""ground_outcome_fraction"": 0.8333333333333334, ""loss"": -0.7789249662074446, ""mean_reward"": 0.5298038284468066, ""score_path"": 0.24912130901409446}"
training_epoch,0,601,training,,105,mean_reward,0.45654161690646833,3.2686511990392146,aee37f0ca66257cda39ae5143305a583504e6068b837b04cdaca8c94a67ea076,"{""baseline"": 0.45732935692808163, ""control_residual_rms"": 0.11947977935376647, ""control_slew_rms"": 0.038301547581663146, ""epoch"": 105, ""gradient_norm_before_clip"": 3.2686511990392146, ""ground_outcome_fraction"": 0.7916666666666666, ""loss"": -0.6878293153390301, ""mean_reward"": 0.45654161690646833, ""score_path"": 0.23128785585682393}"
training_epoch,0,601,training,,106,mean_reward,0.47236329030759056,1.4387136678178443,aee37f0ca66257cda39ae5143305a583504e6068b837b04cdaca8c94a67ea076,"{""baseline"": 0.4580810535970571, ""control_residual_rms"": 0.12750656148944237, ""control_slew_rms"": 0.03270664954816597, ""epoch"": 106, ""gradient_norm_before_clip"": 1.4387136678178443, ""ground_outcome_fraction"": 0.8166666666666667, ""loss"": -0.44711578992070283, ""mean_reward"": 0.47236329030759056, ""score_path"": -0.025247327110406226}"
training_epoch,0,601,training,,107,mean_reward,0.5824209623593871,4.7593098011990564,aee37f0ca66257cda39ae5143305a583504e6068b837b04cdaca8c94a67ea076,"{""baseline"": 0.46429804903517363, ""control_residual_rms"": 0.14015689177991777, ""control_slew_rms"": 0.024314076778948465, ""epoch"": 107, ""gradient_norm_before_clip"": 4.7593098011990564, ""ground_outcome_fraction"": 0.9416666666666667, ""loss"": -0.2945142057044159, ""mean_reward"": 0.5824209623593871, ""score_path"": -0.2879065543036848}"
training_epoch,0,601,training,,108,mean_reward,0.32962953544167145,2.752849666954021,aee37f0ca66257cda39ae5143305a583504e6068b837b04cdaca8c94a67ea076,"{""baseline"": 0.4575646233554985, ""control_residual_rms"": 0.11999022883553305, ""control_slew_rms"": 0.03639063408812656, ""epoch"": 108, ""gradient_norm_before_clip"": 2.752849666954021, ""ground_outcome_fraction"": 0.7583333333333333, ""loss"": -2.4884617609831223, ""mean_reward"": 0.32962953544167145, ""score_path"": 2.1588323827607834}"
training_epoch,0,601,training,,109,mean_reward,0.46617000584577084,1.2474452457833198,aee37f0ca66257cda39ae5143305a583504e6068b837b04cdaca8c94a67ea076,"{""baseline"": 0.45799489248001213, ""control_residual_rms"": 0.11987783186904762, ""control_slew_rms"": 0.036897985854974086, ""epoch"": 109, ""gradient_norm_before_clip"": 1.2474452457833198, ""ground_outcome_fraction"": 0.7916666666666666, ""loss"": -0.758566816676252, ""mean_reward"": 0.46617000584577084, ""score_path"": 0.2923969681520405}"
training_epoch,0,601,training,,110,mean_reward,0.4582234967850215,3.4235843238842514,aee37f0ca66257cda39ae5143305a583504e6068b837b04cdaca8c94a67ea076,"{""baseline"": 0.4580063226952626, ""control_residual_rms"": 0.12535448800195986, ""control_slew_rms"": 0.03169962726989927, ""epoch"": 110, ""gradient_norm_before_clip"": 3.4235843238842514, ""ground_outcome_fraction"": 0.825, ""loss"": -1.1561627465323705, ""mean_reward"": 0.4582234967850215, ""score_path"": 0.6979394169334894}"
training_epoch,0,601,training,,111,mean_reward,0.42408331942269195,2.950766125197202,aee37f0ca66257cda39ae5143305a583504e6068b837b04cdaca8c94a67ea076,"{""baseline"": 0.45631017253163403, ""control_residual_rms"": 0.12432125390591872, ""control_slew_rms"": 0.0344728544341141, ""epoch"": 111, ""gradient_norm_before_clip"": 2.950766125197202, ""ground_outcome_fraction"": 0.8416666666666667, ""loss"": -0.7269217771157492, ""mean_reward"": 0.42408331942269195, ""score_path"": 0.30283862413457596}"
training_epoch,0,601,training,,112,mean_reward,0.4776188688514198,2.065820993098276,aee37f0ca66257cda39ae5143305a583504e6068b837b04cdaca8c94a67ea076,"{""baseline"": 0.45737560734762334, ""control_residual_rms"": 0.12473575205670472, ""control_slew_rms"": 0.032916615618034765, ""epoch"": 112, ""gradient_norm_before_clip"": 2.065820993098276, ""ground_outcome_fraction"": 0.85, ""loss"": -0.4390074633316008, ""mean_reward"": 0.4776188688514198, ""score_path"": -0.03861123909470474}"
training_epoch,0,601,training,,113,mean_reward,0.42953839091726886,2.664721729448059,aee37f0ca66257cda39ae5143305a583504e6068b837b04cdaca8c94a67ea076,"{""baseline"": 0.45598374652610557, ""control_residual_rms"": 0.127365924998346, ""control_slew_rms"": 0.030691552063862412, ""epoch"": 113, ""gradient_norm_before_clip"": 2.664721729448059, ""ground_outcome_fraction"": 0.85, ""loss"": -1.474917977471903, ""mean_reward"": 0.42953839091726886, ""score_path"": 1.0453797581951363}"
training_epoch,0,601,training,,114,mean_reward,0.31966809424868703,1.7249829827823355,aee37f0ca66257cda39ae5143305a583504e6068b837b04cdaca8c94a67ea076,"{""baseline"": 0.4491679639122346, ""control_residual_rms"": 0.11795824313623436, ""control_slew_rms"": 0.03594078068272847, ""epoch"": 114, ""gradient_norm_before_clip"": 1.7249829827823355, ""ground_outcome_fraction"": 0.775, ""loss"": -2.0124681669558964, ""mean_reward"": 0.31966809424868703, ""score_path"": 1.6928002247660778}"
training_epoch,0,601,training,,115,mean_reward,0.3985465286576298,5.109732250265686,aee37f0ca66257cda39ae5143305a583504e6068b837b04cdaca8c94a67ea076,"{""baseline"": 0.4466368921495044, ""control_residual_rms"": 0.1308542220450977, ""control_slew_rms"": 0.027926499667225223, ""epoch"": 115, ""gradient_norm_before_clip"": 5.109732250265686, ""ground_outcome_fraction"": 0.8666666666666667, ""loss"": -0.7090361912371616, ""mean_reward"": 0.3985465286576298, ""score_path"": 0.31048984160669985}"
training_epoch,0,601,training,,116,mean_reward,0.5552453004618887,1.552160187982539,aee37f0ca66257cda39ae5143305a583504e6068b837b04cdaca8c94a67ea076,"{""baseline"": 0.45206731256512367, ""control_residual_rms"": 0.13076752448803897, ""control_slew_rms"": 0.02833199779433783, ""epoch"": 116, ""gradient_norm_before_clip"": 1.552160187982539, ""ground_outcome_fraction"": 0.9, ""loss"": -0.15847051866548928, ""mean_reward"": 0.5552453004618887, ""score_path"": -0.3967746027679238}"
training_epoch,0,601,training,,117,mean_reward,0.5466277661015193,3.2138497319145487,aee37f0ca66257cda39ae5143305a583504e6068b837b04cdaca8c94a67ea076,"{""baseline"": 0.45679533524194343, ""control_residual_rms"": 0.13111977996948523, ""control_slew_rms"": 0.02918588537669197, ""epoch"": 117, ""gradient_norm_before_clip"": 3.2138497319145487, ""ground_outcome_fraction"": 0.8833333333333333, ""loss"": -0.20040145770479906, ""mean_reward"": 0.5466277661015193, ""score_path"": -0.34622612795459423}"
training_epoch,0,601,training,,118,mean_reward,0.59169889989937,1.766238495566884,aee37f0ca66257cda39ae5143305a583504e6068b837b04cdaca8c94a67ea076,"{""baseline"": 0.46354051347481473, ""control_residual_rms"": 0.13067378613345815, ""control_slew_rms"": 0.02978885939063368, ""epoch"": 118, ""gradient_norm_before_clip"": 1.766238495566884, ""ground_outcome_fraction"": 0.8916666666666666, ""loss"": 0.03356666365472489, ""mean_reward"": 0.59169889989937, ""score_path"": -0.6252653839239496}"
training_epoch,0,601,training,,119,mean_reward,0.514765705148259,2.044887218291476,aee37f0ca66257cda39ae5143305a583504e6068b837b04cdaca8c94a67ea076,"{""baseline"": 0.46610177305848693, ""control_residual_rms"": 0.12948670816165253, ""control_slew_rms"": 0.03212557597932254, ""epoch"": 119, ""gradient_norm_before_clip"": 2.044887218291476, ""ground_outcome_fraction"": 0.8583333333333333, ""loss"": -0.540885867718822, ""mean_reward"": 0.514765705148259, ""score_path"": 0.02612034055916514}"
training_epoch,0,601,training,,120,mean_reward,0.5312812389135646,3.1318664601884736,aee37f0ca66257cda39ae5143305a583504e6068b837b04cdaca8c94a67ea076,"{""baseline"": 0.4693607463512408, ""control_residual_rms"": 0.1304793377272907, ""control_slew_rms"": 0.03113139372578562, ""epoch"": 120, ""gradient_norm_before_clip"": 3.1318664601884736, ""ground_outcome_fraction"": 0.8666666666666667, ""loss"": -0.7512214935608004, ""mean_reward"": 0.5312812389135646, ""score_path"": 0.2199404345874483}"
training_epoch,0,601,training,,121,mean_reward,0.5479510200446696,1.2272328694137682,aee37f0ca66257cda39ae5143305a583504e6068b837b04cdaca8c94a67ea076,"{""baseline"": 0.47329026003591224, ""control_residual_rms"": 0.12903674040985813, ""control_slew_rms"": 0.03130281967677665, ""epoch"": 121, ""gradient_norm_before_clip"": 1.2272328694137682, ""ground_outcome_fraction"": 0.8416666666666667, ""loss"": -0.5951163568849186, ""mean_reward"": 0.5479510200446696, ""score_path"": 0.04716551314371793}"
training_epoch,0,601,training,,122,mean_reward,0.6057301553756143,1.9832299815062426,aee37f0ca66257cda39ae5143305a583504e6068b837b04cdaca8c94a67ea076,"{""baseline"": 0.47991225480289734, ""control_residual_rms"": 0.13894410099054677, ""control_slew_rms"": 0.027807195429428742, ""epoch"": 122, ""gradient_norm_before_clip"": 1.9832299815062426, ""ground_outcome_fraction"": 0.9166666666666666, ""loss"": 0.012676836208655295, ""mean_reward"": 0.6057301553756143, ""score_path"": -0.6184067907972364}"
training_epoch,0,601,training,,123,mean_reward,0.5205533457557522,1.482466555168666,aee37f0ca66257cda39ae5143305a583504e6068b837b04cdaca8c94a67ea076,"{""baseline"": 0.4819443093505401, ""control_residual_rms"": 0.12403097248837013, ""control_slew_rms"": 0.034521496823028276, ""epoch"": 123, ""gradient_norm_before_clip"": 1.482466555168666, ""ground_outcome_fraction"": 0.7833333333333333, ""loss"": -0.6724848592622652, ""mean_reward"": 0.5205533457557522, ""score_path"": 0.1519316792606718}"
training_epoch,0,601,training,,124,mean_reward,0.5801313003977033,1.7471367250537444,aee37f0ca66257cda39ae5143305a583504e6068b837b04cdaca8c94a67ea076,"{""baseline"": 0.4868536589028983, ""control_residual_rms"": 0.13494529091275012, ""control_slew_rms"": 0.03143050179226108, ""epoch"": 124, ""gradient_norm_before_clip"": 1.7471367250537444, ""ground_outcome_fraction"": 0.875, ""loss"": -0.36075764462794474, ""mean_reward"": 0.5801313003977033, ""score_path"": -0.21937346378867878}"
training_epoch,0,601,training,,125,mean_reward,0.5622895345758201,2.0664984428577737,aee37f0ca66257cda39ae5143305a583504e6068b837b04cdaca8c94a67ea076,"{""baseline"": 0.4906254526865444, ""control_residual_rms"": 0.13278170502872494, ""control_slew_rms"": 0.03230883284030725, ""epoch"": 125, ""gradient_norm_before_clip"": 2.0664984428577737, ""ground_outcome_fraction"": 0.8666666666666667, ""loss"": -0.3942822305101712, ""mean_reward"": 0.5622895345758201, ""score_path"": -0.16800711731723017}"
training_epoch,0,601,training,,126,mean_reward,0.5774087214609068,1.2908019546550948,aee37f0ca66257cda39ae5143305a583504e6068b837b04cdaca8c94a67ea076,"{""baseline"": 0.4949646161252625, ""control_residual_rms"": 0.13459003972621103, ""control_slew_rms"": 0.032564854815200474, ""epoch"": 126, ""gradient_norm_before_clip"": 1.2908019546550948, ""ground_outcome_fraction"": 0.875, ""loss"": -0.24570718619440343, ""mean_reward"": 0.5774087214609068, ""score_path"": -0.33170134351701774}"
training_epoch,0,601,training,,127,mean_reward,0.4920223316423605,1.901375600666622,aee37f0ca66257cda39ae5143305a583504e6068b837b04cdaca8c94a67ea076,"{""baseline"": 0.4948175019011174, ""control_residual_rms"": 0.12190505247178351, ""control_slew_rms"": 0.03869004223774289, ""epoch"": 127, ""gradient_norm_before_clip"": 1.901375600666622, ""ground_outcome_fraction"": 0.775, ""loss"": -1.1402252343065855, ""mean_reward"": 0.4920223316423605, ""score_path"": 0.6482030662418369}"
training_epoch,0,601,training,,128,mean_reward,0.5331993844145317,1.9682778061293564,aee37f0ca66257cda39ae5143305a583504e6068b837b04cdaca8c94a67ea076,"{""baseline"": 0.4967365960267881, ""control_residual_rms"": 0.14110414310249178, ""control_slew_rms"": 0.027368447784363648, ""epoch"": 128, ""gradient_norm_before_clip"": 1.9682778061293564, ""ground_outcome_fraction"": 0.8916666666666666, ""loss"": -0.7006785418134127, ""mean_reward"": 0.5331993844145317, ""score_path"": 0.1674793639929923}"
training_epoch,0,601,training,,129,mean_reward,0.5458173069237191,2.7607424421879947,aee37f0ca66257cda39ae5143305a583504e6068b837b04cdaca8c94a67ea076,"{""baseline"": 0.4991906315716346, ""control_residual_rms"": 0.13431689177133074, ""control_slew_rms"": 0.03313811888508838, ""epoch"": 129, ""gradient_norm_before_clip"": 2.7607424421879947, ""ground_outcome_fraction"": 0.8583333333333333, ""loss"": -0.5158931832904265, ""mean_reward"": 0.5458173069237191, ""score_path"": -0.029923932241669116}"
training_epoch,0,601,training,,130,mean_reward,0.4838810055054213,2.888673189261533,aee37f0ca66257cda39ae5143305a583504e6068b837b04cdaca8c94a67ea076,"{""baseline"": 0.49842515026832396, ""control_residual_rms"": 0.1339099659010431, ""control_slew_rms"": 0.03121743168864761, ""epoch"": 130, ""gradient_norm_before_clip"": 2.888673189261533, ""ground_outcome_fraction"": 0.8, ""loss"": -1.308729336681834, ""mean_reward"": 0.4838810055054213, ""score_path"": 0.8248485202404826}"
training_epoch,0,601,training,,131,mean_reward,0.4686180250776465,3.127299312335436,aee37f0ca66257cda39ae5143305a583504e6068b837b04cdaca8c94a67ea076,"{""baseline"": 0.4969347940087901, ""control_residual_rms"": 0.14313905838083346, ""control_slew_rms"": 0.02927049687006382, ""epoch"": 131, ""gradient_norm_before_clip"": 3.127299312335436, ""ground_outcome_fraction"": 0.8833333333333333, ""loss"": -1.3284977454850613, ""mean_reward"": 0.4686180250776465, ""score_path"": 0.859879933862935}"
training_epoch,0,601,training,,132,mean_reward,0.4253162206983319,1.4438304435278881,aee37f0ca66257cda39ae5143305a583504e6068b837b04cdaca8c94a67ea076,"{""baseline"": 0.49335386534326714, ""control_residual_rms"": 0.1258843295007926, ""control_slew_rms"": 0.03700735697598669, ""epoch"": 132, ""gradient_norm_before_clip"": 1.4438304435278881, ""ground_outcome_fraction"": 0.7666666666666666, ""loss"": -1.5978475333229925, ""mean_reward"": 0.4253162206983319, ""score_path"": 1.1725314847887496}"
training_epoch,0,601,training,,133,mean_reward,0.5758581555586179,2.2820086598548177,aee37f0ca66257cda39ae5143305a583504e6068b837b04cdaca8c94a67ea076,"{""baseline"": 0.49747907985403467, ""control_residual_rms"": 0.14290327768027788, ""control_slew_rms"": 0.02900878163042603, ""epoch"": 133, ""gradient_norm_before_clip"": 2.2820086598548177, ""ground_outcome_fraction"": 0.8916666666666666, ""loss"": -0.1999309821582307, ""mean_reward"": 0.5758581555586179, ""score_path"": -0.3759269607718253}"
training_epoch,0,601,training,,134,mean_reward,0.4605172454262564,2.6561508634909146,aee37f0ca66257cda39ae5143305a583504e6068b837b04cdaca8c94a67ea076,"{""baseline"": 0.4956309881326457, ""control_residual_rms"": 0.12829871927469183, ""control_slew_rms"": 0.038449817239005826, ""epoch"": 134, ""gradient_norm_before_clip"": 2.6561508634909146, ""ground_outcome_fraction"": 0.8083333333333333, ""loss"": -0.9424414600376627, ""mean_reward"": 0.4605172454262564, ""score_path"": 0.4819243940009044}"
training_epoch,0,601,training,,135,mean_reward,0.5826275130462536,1.614753260375758,aee37f0ca66257cda39ae5143305a583504e6068b837b04cdaca8c94a67ea076,"{""baseline"": 0.49998081437832614, ""control_residual_rms"": 0.14929646054928045, ""control_slew_rms"": 0.024941303727137865, ""epoch"": 135, ""gradient_norm_before_clip"": 1.614753260375758, ""ground_outcome_fraction"": 0.9333333333333333, ""loss"": -0.11689633715435775, ""mean_reward"": 0.5826275130462536, ""score_path"": -0.4657309467768782}"
training_epoch,0,601,training,,136,mean_reward,0.4915075853333167,4.7313586201743565,aee37f0ca66257cda39ae5143305a583504e6068b837b04cdaca8c94a67ea076,"{""baseline"": 0.49955715292607566, ""control_residual_rms"": 0.13265931441867834, ""control_slew_rms"": 0.035095193103425404, ""epoch"": 136, ""gradient_norm_before_clip"": 4.7313586201743565, ""ground_outcome_fraction"": 0.8166666666666667, ""loss"": -1.5016184386845302, ""mean_reward"": 0.4915075853333167, ""score_path"": 1.0101110416528765}"
training_epoch,0,601,training,,137,mean_reward,0.49555239676447466,1.7639843919926466,aee37f0ca66257cda39ae5143305a583504e6068b837b04cdaca8c94a67ea076,"{""baseline"": 0.4993569151179956, ""control_residual_rms"": 0.13718789951705168, ""control_slew_rms"": 0.03238873890966151, ""epoch"": 137, ""gradient_norm_before_clip"": 1.7639843919926466, ""ground_outcome_fraction"": 0.8416666666666667, ""loss"": -0.7137674575542269, ""mean_reward"": 0.49555239676447466, ""score_path"": 0.21821525948525403}"
training_epoch,0,601,training,,138,mean_reward,0.4549171054100825,3.456343787968312,aee37f0ca66257cda39ae5143305a583504e6068b837b04cdaca8c94a67ea076,"{""baseline"": 0.4971349246326, ""control_residual_rms"": 0.13375006824558064, ""control_slew_rms"": 0.03378871538721039, ""epoch"": 138, ""gradient_norm_before_clip"": 3.456343787968312, ""ground_outcome_fraction"": 0.8166666666666667, ""loss"": -1.5022356746202385, ""mean_reward"": 0.4549171054100825, ""score_path"": 1.0473187595177365}"
training_epoch,0,601,training,,139,mean_reward,0.6079363401413844,2.316202114118217,aee37f0ca66257cda39ae5143305a583504e6068b837b04cdaca8c94a67ea076,"{""baseline"": 0.5026749954080392, ""control_residual_rms"": 0.136625603215512, ""control_slew_rms"": 0.0326161674161918, ""epoch"": 139, ""gradient_norm_before_clip"": 2.316202114118217, ""ground_outcome_fraction"": 0.8666666666666667, ""loss"": 0.1259434908008244, ""mean_reward"": 0.6079363401413844, ""score_path"": -0.7338796336385105}"
training_epoch,0,601,training,,140,mean_reward,0.5188431221421728,1.907225077213168,aee37f0ca66257cda39ae5143305a583504e6068b837b04cdaca8c94a67ea076,"{""baseline"": 0.5034834017447458, ""control_residual_rms"": 0.13851170175192543, ""control_slew_rms"": 0.029865054506376422, ""epoch"": 140, ""gradient_norm_before_clip"": 1.907225077213168, ""ground_outcome_fraction"": 0.8416666666666667, ""loss"": -1.203011134813637, ""mean_reward"": 0.5188431221421728, ""score_path"": 0.6841682134455942}"
training_epoch,0,601,training,,141,mean_reward,0.6325764345212579,1.1006573169219838,aee37f0ca66257cda39ae5143305a583504e6068b837b04cdaca8c94a67ea076,"{""baseline"": 0.5099380533835715, ""control_residual_rms"": 0.1479041358669003, ""control_slew_rms"": 0.025329439209142955, ""epoch"": 141, ""gradient_norm_before_clip"": 1.1006573169219838, ""ground_outcome_fraction"": 0.9333333333333333, ""loss"": -0.06999229684365169, ""mean_reward"": 0.6325764345212579, ""score_path"": -0.5625839125054672}"
training_epoch,0,601,training,,142,mean_reward,0.4207063143899179,2.5799148480405307,aee37f0ca66257cda39ae5143305a583504e6068b837b04cdaca8c94a67ea076,"{""baseline"": 0.5054764664338888, ""control_residual_rms"": 0.13835425370061138, ""control_slew_rms"": 0.0326148399475887, ""epoch"": 142, ""gradient_norm_before_clip"": 2.5799148480405307, ""ground_outcome_fraction"": 0.8416666666666667, ""loss"": -1.2424659097672495, ""mean_reward"": 0.4207063143899179, ""score_path"": 0.8217597974336046}"
training_epoch,0,601,training,,143,mean_reward,0.5201467361157723,1.755414635945051,aee37f0ca66257cda39ae5143305a583504e6068b837b04cdaca8c94a67ea076,"{""baseline"": 0.5062099799179829, ""control_residual_rms"": 0.14252156275693695, ""control_slew_rms"": 0.030456427431816698, ""epoch"": 143, ""gradient_norm_before_clip"": 1.755414635945051, ""ground_outcome_fraction"": 0.8833333333333333, ""loss"": -0.9425444300879025, ""mean_reward"": 0.5201467361157723, ""score_path"": 0.42239790637202834}"
training_epoch,0,601,training,,144,mean_reward,0.6300268506360756,1.9944978944376077,aee37f0ca66257cda39ae5143305a583504e6068b837b04cdaca8c94a67ea076,"{""baseline"": 0.5124008234538875, ""control_residual_rms"": 0.15281592699217944, ""control_slew_rms"": 0.021284379989798107, ""epoch"": 144, ""gradient_norm_before_clip"": 1.9944978944376077, ""ground_outcome_fraction"": 0.9583333333333334, ""loss"": -0.4624907540946429, ""mean_reward"": 0.6300268506360756, ""score_path"": -0.1675358584841089}"
training_epoch,0,601,training,,145,mean_reward,0.4529703358696822,3.540236633425892,aee37f0ca66257cda39ae5143305a583504e6068b837b04cdaca8c94a67ea076,"{""baseline"": 0.5094292990746773, ""control_residual_rms"": 0.12739096601565417, ""control_slew_rms"": 0.0378525117108228, ""epoch"": 145, ""gradient_norm_before_clip"": 3.540236633425892, ""ground_outcome_fraction"": 0.775, ""loss"": -1.814919882145241, ""mean_reward"": 0.4529703358696822, ""score_path"": 1.3619497228882675}"
training_epoch,0,601,training,,146,mean_reward,0.37809477066970404,5.019911411181793,aee37f0ca66257cda39ae5143305a583504e6068b837b04cdaca8c94a67ea076,"{""baseline"": 0.5028625726544286, ""control_residual_rms"": 0.1292056172726593, ""control_slew_rms"": 0.037672914139988134, ""epoch"": 146, ""gradient_norm_before_clip"": 5.019911411181793, ""ground_outcome_fraction"": 0.7583333333333333, ""loss"": -2.3827884694044443, ""mean_reward"": 0.37809477066970404, ""score_path"": 2.00469387986814}"
training_epoch,0,601,training,,147,mean_reward,0.5771239460458386,3.856453651364165,aee37f0ca66257cda39ae5143305a583504e6068b837b04cdaca8c94a67ea076,"{""baseline"": 0.5065756413239991, ""control_residual_rms"": 0.14838799501868577, ""control_slew_rms"": 0.027168358328067924, ""epoch"": 147, ""gradient_norm_before_clip"": 3.856453651364165, ""ground_outcome_fraction"": 0.9083333333333333, ""loss"": -1.1977219150754208, ""mean_reward"": 0.5771239460458386, ""score_path"": 0.6205981966007499}"
training_epoch,0,601,training,,148,mean_reward,0.5382631600572914,1.3428583305900736,aee37f0ca66257cda39ae5143305a583504e6068b837b04cdaca8c94a67ea076,"{""baseline"": 0.5081600172606637, ""control_residual_rms"": 0.15033729901289408, ""control_slew_rms"": 0.026463719878898572, ""epoch"": 148, ""gradient_norm_before_clip"": 1.3428583305900736, ""ground_outcome_fraction"": 0.9083333333333333, ""loss"": -1.084066756567726, ""mean_reward"": 0.5382631600572914, ""score_path"": 0.5458038295267539}"
training_epoch,0,601,training,,149,mean_reward,0.37319399125861985,3.2594245906861485,aee37f0ca66257cda39ae5143305a583504e6068b837b04cdaca8c94a67ea076,"{""baseline"": 0.5014117159605616, ""control_residual_rms"": 0.13496142002579117, ""control_slew_rms"": 0.03582484607620043, ""epoch"": 149, ""gradient_norm_before_clip"": 3.2594245906861485, ""ground_outcome_fraction"": 0.7666666666666666, ""loss"": -2.6290193911921844, ""mean_reward"": 0.37319399125861985, ""score_path"": 2.2558255949136097}"
training_epoch,0,601,training,,150,mean_reward,0.4250411521030345,2.12160422144417,aee37f0ca66257cda39ae5143305a583504e6068b837b04cdaca8c94a67ea076,"{""baseline"": 0.4975931877676852, ""control_residual_rms"": 0.14268939278372578, ""control_slew_rms"": 0.0331858074456338, ""epoch"": 150, ""gradient_norm_before_clip"": 2.12160422144417, ""ground_outcome_fraction"": 0.825, ""loss"": -1.8058253553118377, ""mean_reward"": 0.4250411521030345, ""score_path"": 1.3807844178244095}"
training_epoch,0,601,training,,151,mean_reward,0.5432194942245727,1.5744378261480299,aee37f0ca66257cda39ae5143305a583504e6068b837b04cdaca8c94a67ea076,"{""baseline"": 0.49987450309052955, ""control_residual_rms"": 0.14814172590551888, ""control_slew_rms"": 0.030787318327890344, ""epoch"": 151, ""gradient_norm_before_clip"": 1.5744378261480299, ""ground_outcome_fraction"": 0.8666666666666667, ""loss"": -1.2047909049803698, ""mean_reward"": 0.5432194942245727, ""score_path"": 0.6615716396940963}"
training_epoch,0,601,training,,152,mean_reward,0.5584012852394142,2.1274024737609354,aee37f0ca66257cda39ae5143305a583504e6068b837b04cdaca8c94a67ea076,"{""baseline"": 0.5028008421979737, ""control_residual_rms"": 0.14985966286382363, ""control_slew_rms"": 0.03212411744653111, ""epoch"": 152, ""gradient_norm_before_clip"": 2.1274024737609354, ""ground_outcome_fraction"": 0.875, ""loss"": -0.6491650002098408, ""mean_reward"": 0.5584012852394142, ""score_path"": 0.09076394986920129}"
training_epoch,0,601,training,,153,mean_reward,0.47457274152716933,2.5566537162629195,aee37f0ca66257cda39ae5143305a583504e6068b837b04cdaca8c94a67ea076,"{""baseline"": 0.5013894371644335, ""control_residual_rms"": 0.1570338213273382, ""control_slew_rms"": 0.029193609687711043, ""epoch"": 153, ""gradient_norm_before_clip"": 2.5566537162629195, ""ground_outcome_fraction"": 0.9, ""loss"": -1.1077337080526681, ""mean_reward"": 0.47457274152716933, ""score_path"": 0.6331612216443778}"
training_epoch,0,601,training,,154,mean_reward,0.4997321508607231,1.9248343168242226,aee37f0ca66257cda39ae5143305a583504e6068b837b04cdaca8c94a67ea076,"{""baseline"": 0.501306572849248, ""control_residual_rms"": 0.1588812364497856, ""control_slew_rms"": 0.027880322778449308, ""epoch"": 154, ""gradient_norm_before_clip"": 1.9248343168242226, ""ground_outcome_fraction"": 0.9083333333333333, ""loss"": -0.6396329381641203, ""mean_reward"": 0.4997321508607231, ""score_path"": 0.1399010475089941}"
training_epoch,0,601,training,,155,mean_reward,0.45309735713772614,3.0594471559092358,aee37f0ca66257cda39ae5143305a583504e6068b837b04cdaca8c94a67ea076,"{""baseline"": 0.49889611206367185, ""control_residual_rms"": 0.13519209461959777, ""control_slew_rms"": 0.03915447957871209, ""epoch"": 155, ""gradient_norm_before_clip"": 3.0594471559092358, ""ground_outcome_fraction"": 0.75, ""loss"": -1.853526739742956, ""mean_reward"": 0.45309735713772614, ""score_path"": 1.4004295807049871}"
training_epoch,0,601,training,,156,mean_reward,0.4462777332284684,2.604278598963017,aee37f0ca66257cda39ae5143305a583504e6068b837b04cdaca8c94a67ea076,"{""baseline"": 0.49626519312191164, ""control_residual_rms"": 0.1434175626091164, ""control_slew_rms"": 0.03729039638798215, ""epoch"": 156, ""gradient_norm_before_clip"": 2.604278598963017, ""ground_outcome_fraction"": 0.7916666666666666, ""loss"": -1.5818780976290423, ""mean_reward"": 0.4462777332284684, ""score_path"": 1.1356005839922831}"
training_epoch,0,601,training,,157,mean_reward,0.5166241779674096,1.4017083060293591,aee37f0ca66257cda39ae5143305a583504e6068b837b04cdaca8c94a67ea076,"{""baseline"": 0.4972831423641865, ""control_residual_rms"": 0.15066135362951555, ""control_slew_rms"": 0.03490473317923531, ""epoch"": 157, ""gradient_norm_before_clip"": 1.4017083060293591, ""ground_outcome_fraction"": 0.8416666666666667, ""loss"": -0.6702194639044365, ""mean_reward"": 0.5166241779674096, ""score_path"": 0.1535955251088658}"
training_epoch,0,601,training,,158,mean_reward,0.5174456306039881,2.9508224837602994,aee37f0ca66257cda39ae5143305a583504e6068b837b04cdaca8c94a67ea076,"{""baseline"": 0.49829126677617663, ""control_residual_rms"": 0.15913688217164576, ""control_slew_rms"": 0.028843332814617775, ""epoch"": 158, ""gradient_norm_before_clip"": 2.9508224837602994, ""ground_outcome_fraction"": 0.8833333333333333, ""loss"": -1.0024311391278569, ""mean_reward"": 0.5174456306039881, ""score_path"": 0.4849857700887198}"
training_epoch,0,601,training,,159,mean_reward,0.419988103943545,3.210552134310565,aee37f0ca66257cda39ae5143305a583504e6068b837b04cdaca8c94a67ea076,"{""baseline"": 0.494376108634545, ""control_residual_rms"": 0.15409998626062993, ""control_slew_rms"": 0.03330326417656095, ""epoch"": 159, ""gradient_norm_before_clip"": 3.210552134310565, ""ground_outcome_fraction"": 0.8333333333333334, ""loss"": -1.4396842398067033, ""mean_reward"": 0.419988103943545, ""score_path"": 1.0196963844222902}"
training_epoch,0,601,training,,160,mean_reward,0.5184822796470885,4.8173521128282495,aee37f0ca66257cda39ae5143305a583504e6068b837b04cdaca8c94a67ea076,"{""baseline"": 0.4955814171851722, ""control_residual_rms"": 0.16589751206763761, ""control_slew_rms"": 0.025476921010136856, ""epoch"": 160, ""gradient_norm_before_clip"": 4.8173521128282495, ""ground_outcome_fraction"": 0.9166666666666666, ""loss"": -1.7269197155864147, ""mean_reward"": 0.5184822796470885, ""score_path"": 1.2084377176499064}"
training_epoch,0,601,training,,161,mean_reward,0.416255592196005,3.0697756593379757,aee37f0ca66257cda39ae5143305a583504e6068b837b04cdaca8c94a67ea076,"{""baseline"": 0.4916151259357138, ""control_residual_rms"": 0.15843096541620863, ""control_slew_rms"": 0.03203220664828742, ""epoch"": 161, ""gradient_norm_before_clip"": 3.0697756593379757, ""ground_outcome_fraction"": 0.8666666666666667, ""loss"": -1.6658338965700719, ""mean_reward"": 0.416255592196005, ""score_path"": 1.2495785656383975}"
training_epoch,0,601,training,,162,mean_reward,0.5606374949416378,1.5727597285625248,aee37f0ca66257cda39ae5143305a583504e6068b837b04cdaca8c94a67ea076,"{""baseline"": 0.49506624438601005, ""control_residual_rms"": 0.17017604536664394, ""control_slew_rms"": 0.02349053121049108, ""epoch"": 162, ""gradient_norm_before_clip"": 1.5727597285625248, ""ground_outcome_fraction"": 0.9416666666666667, ""loss"": -0.8778114241837485, ""mean_reward"": 0.5606374949416378, ""score_path"": 0.3171742243590253}"
training_epoch,0,601,training,,163,mean_reward,0.5872453443819732,2.120394229664598,aee37f0ca66257cda39ae5143305a583504e6068b837b04cdaca8c94a67ea076,"{""baseline"": 0.4996751993858082, ""control_residual_rms"": 0.16954161875148396, ""control_slew_rms"": 0.024194599991379337, ""epoch"": 163, ""gradient_norm_before_clip"": 2.120394229664598, ""ground_outcome_fraction"": 0.9416666666666667, ""loss"": -0.6891828977006846, ""mean_reward"": 0.5872453443819732, ""score_path"": 0.10193784661610301}"
training_epoch,0,601,training,,164,mean_reward,0.5177010502973074,1.4919816438509117,aee37f0ca66257cda39ae5143305a583504e6068b837b04cdaca8c94a67ea076,"{""baseline"": 0.5005764919313831, ""control_residual_rms"": 0.15566698397755543, ""control_slew_rms"": 0.03192825735301615, ""epoch"": 164, ""gradient_norm_before_clip"": 1.4919816438509117, ""ground_outcome_fraction"": 0.8416666666666667, ""loss"": -1.0854685756378226, ""mean_reward"": 0.5177010502973074, ""score_path"": 0.5677677778567506}"
training_epoch,0,601,training,,165,mean_reward,0.49598078461413075,1.784530760334553,aee37f0ca66257cda39ae5143305a583504e6068b837b04cdaca8c94a67ea076,"{""baseline"": 0.5003467065655205, ""control_residual_rms"": 0.14841068205073502, ""control_slew_rms"": 0.0354263900009299, ""epoch"": 165, ""gradient_norm_before_clip"": 1.784530760334553, ""ground_outcome_fraction"": 0.8083333333333333, ""loss"": -0.8256090133493209, ""mean_reward"": 0.49598078461413075, ""score_path"": 0.3296284615427868}"
training_epoch,0,601,training,,166,mean_reward,0.48169902210871407,2.2535908493514714,aee37f0ca66257cda39ae5143305a583504e6068b837b04cdaca8c94a67ea076,"{""baseline"": 0.4994143223426802, ""control_residual_rms"": 0.14940407394916574, ""control_slew_rms"": 0.03536903476763162, ""epoch"": 166, ""gradient_norm_before_clip"": 2.2535908493514714, ""ground_outcome_fraction"": 0.8083333333333333, ""loss"": -1.3756582816893326, ""mean_reward"": 0.48169902210871407, ""score_path"": 0.8939594953060778}"
training_epoch,0,601,training,,167,mean_reward,0.4764609212526552,2.0952784524831465,aee37f0ca66257cda39ae5143305a583504e6068b837b04cdaca8c94a67ea076,"{""baseline"": 0.49826665228817896, ""control_residual_rms"": 0.14945966892440787, ""control_slew_rms"": 0.03577541518655841, ""epoch"": 167, ""gradient_norm_before_clip"": 2.0952784524831465, ""ground_outcome_fraction"": 0.8166666666666667, ""loss"": -1.1386049299242786, ""mean_reward"": 0.4764609212526552, ""score_path"": 0.6621442448523531}"
training_epoch,0,601,training,,168,mean_reward,0.4156633633016538,3.384592146655099,aee37f0ca66257cda39ae5143305a583504e6068b837b04cdaca8c94a67ea076,"{""baseline"": 0.49413648783885267, ""control_residual_rms"": 0.14214989774801942, ""control_slew_rms"": 0.03933073671053289, ""epoch"": 168, ""gradient_norm_before_clip"": 3.384592146655099, ""ground_outcome_fraction"": 0.7583333333333333, ""loss"": -2.165134014518188, ""mean_reward"": 0.4156633633016538, ""score_path"": 1.749470868751537}"
training_epoch,0,601,training,,169,mean_reward,0.5534892429730771,1.962495925844334,aee37f0ca66257cda39ae5143305a583504e6068b837b04cdaca8c94a67ea076,"{""baseline"": 0.4971041255955639, ""control_residual_rms"": 0.16795458159386045, ""control_slew_rms"": 0.025193754408053687, ""epoch"": 169, ""gradient_norm_before_clip"": 1.962495925844334, ""ground_outcome_fraction"": 0.9333333333333333, ""loss"": -0.7056796414282225, ""mean_reward"": 0.5534892429730771, ""score_path"": 0.15219068688981277}"
training_epoch,0,601,training,,170,mean_reward,0.42961937051276655,3.414189865068719,aee37f0ca66257cda39ae5143305a583504e6068b837b04cdaca8c94a67ea076,"{""baseline"": 0.493729887841424, ""control_residual_rms"": 0.15457280680312813, ""control_slew_rms"": 0.03248560215265061, ""epoch"": 170, ""gradient_norm_before_clip"": 3.414189865068719, ""ground_outcome_fraction"": 0.825, ""loss"": -1.3236350248362247, ""mean_reward"": 0.42961937051276655, ""score_path"": 0.8940159038041277}"
training_epoch,0,601,training,,171,mean_reward,0.5009103367692189,1.8262816703739932,aee37f0ca66257cda39ae5143305a583504e6068b837b04cdaca8c94a67ea076,"{""baseline"": 0.49408891028781377, ""control_residual_rms"": 0.15719000466342098, ""control_slew_rms"": 0.030989166711048767, ""epoch"": 171, ""gradient_norm_before_clip"": 1.8262816703739932, ""ground_outcome_fraction"": 0.85, ""loss"": -1.277395674848094, ""mean_reward"": 0.5009103367692189, ""score_path"": 0.7764855947691355}"
training_epoch,0,601,training,,172,mean_reward,0.5280253581000458,1.9051027851488798,aee37f0ca66257cda39ae5143305a583504e6068b837b04cdaca8c94a67ea076,"{""baseline"": 0.49578573267842535, ""control_residual_rms"": 0.16392209587905096, ""control_slew_rms"": 0.026536707493391057, ""epoch"": 172, ""gradient_norm_before_clip"": 1.9051027851488798, ""ground_outcome_fraction"": 0.9083333333333333, ""loss"": -0.7403546184413057, ""mean_reward"": 0.5280253581000458, ""score_path"": 0.21232953608776356}"
training_epoch,0,601,training,,173,mean_reward,0.4142679198876442,3.2811895538915206,aee37f0ca66257cda39ae5143305a583504e6068b837b04cdaca8c94a67ea076,"{""baseline"": 0.4917098420388863, ""control_residual_rms"": 0.15478230154175934, ""control_slew_rms"": 0.03117420343594538, ""epoch"": 173, ""gradient_norm_before_clip"": 3.2811895538915206, ""ground_outcome_fraction"": 0.8333333333333334, ""loss"": -2.495352590039676, ""mean_reward"": 0.4142679198876442, ""score_path"": 2.08108491944595}"
training_epoch,0,601,training,,174,mean_reward,0.5672986981982437,2.415608739627278,aee37f0ca66257cda39ae5143305a583504e6068b837b04cdaca8c94a67ea076,"{""baseline"": 0.49548928484685417, ""control_residual_rms"": 0.15603949518238563, ""control_slew_rms"": 0.028932062907887027, ""epoch"": 174, ""gradient_norm_before_clip"": 2.415608739627278, ""ground_outcome_fraction"": 0.8833333333333333, ""loss"": -0.35053809026312016, ""mean_reward"": 0.5672986981982437, ""score_path"": -0.2167603560812404}"
training_epoch,0,601,training,,175,mean_reward,0.48483620801135585,2.3890107239017384,aee37f0ca66257cda39ae5143305a583504e6068b837b04cdaca8c94a67ea076,"{""baseline"": 0.49495663100507925, ""control_residual_rms"": 0.15603520421927675, ""control_slew_rms"": 0.027828386108671166, ""epoch"": 175, ""gradient_norm_before_clip"": 2.3890107239017384, ""ground_outcome_fraction"": 0.8666666666666667, ""loss"": -1.1314903913081487, ""mean_reward"": 0.48483620801135585, ""score_path"": 0.6466544345108333}"
training_epoch,0,601,training,,176,mean_reward,0.4838290578632792,4.543615231472728,aee37f0ca66257cda39ae5143305a583504e6068b837b04cdaca8c94a67ea076,"{""baseline"": 0.49440025234798923, ""control_residual_rms"": 0.16270639768548473, ""control_slew_rms"": 0.02318497578036016, ""epoch"": 176, ""gradient_norm_before_clip"": 4.543615231472728, ""ground_outcome_fraction"": 0.9166666666666666, ""loss"": -1.078553928000466, ""mean_reward"": 0.4838290578632792, ""score_path"": 0.5947251402463363}"
training_epoch,0,601,training,,177,mean_reward,0.47583963989293104,2.5255428736834915,aee37f0ca66257cda39ae5143305a583504e6068b837b04cdaca8c94a67ea076,"{""baseline"": 0.4934722217252363, ""control_residual_rms"": 0.1505888300443697, ""control_slew_rms"": 0.029902936100936906, ""epoch"": 177, ""gradient_norm_before_clip"": 2.5255428736834915, ""ground_outcome_fraction"": 0.8583333333333333, ""loss"": -1.0612030137096033, ""mean_reward"": 0.47583963989293104, ""score_path"": 0.5853636095284854}"
training_epoch,0,601,training,,178,mean_reward,0.5346438690884654,2.0847144167207787,aee37f0ca66257cda39ae5143305a583504e6068b837b04cdaca8c94a67ea076,"{""baseline"": 0.4955308040933978, ""control_residual_rms"": 0.16082091987525132, ""control_slew_rms"": 0.02473069676744401, ""epoch"": 178, ""gradient_norm_before_clip"": 2.0847144167207787, ""ground_outcome_fraction"": 0.9166666666666666, ""loss"": -0.503448170413717, ""mean_reward"": 0.5346438690884654, ""score_path"": -0.031195433924991984}"
training_epoch,0,601,training,,179,mean_reward,0.509085112437411,2.5783105835577524,aee37f0ca66257cda39ae5143305a583504e6068b837b04cdaca8c94a67ea076,"{""baseline"": 0.49620851951059847, ""control_residual_rms"": 0.1560960657603392, ""control_slew_rms"": 0.02757180171581643, ""epoch"": 179, ""gradient_norm_before_clip"": 2.5783105835577524, ""ground_outcome_fraction"": 0.8833333333333333, ""loss"": -0.9998245605867282, ""mean_reward"": 0.509085112437411, ""score_path"": 0.49073969941117723}"
training_epoch,0,601,training,,180,mean_reward,0.4262836739818257,2.2190923187854845,aee37f0ca66257cda39ae5143305a583504e6068b837b04cdaca8c94a67ea076,"{""baseline"": 0.49271227723415983, ""control_residual_rms"": 0.1439166040726175, ""control_slew_rms"": 0.03300410975602126, ""epoch"": 180, ""gradient_norm_before_clip"": 2.2190923187854845, ""ground_outcome_fraction"": 0.8, ""loss"": -1.981085846067797, ""mean_reward"": 0.4262836739818257, ""score_path"": 1.554802390098573}"
training_epoch,0,601,training,,181,mean_reward,0.5369511922403771,2.5348323091460463,aee37f0ca66257cda39ae5143305a583504e6068b837b04cdaca8c94a67ea076,"{""baseline"": 0.4949242229844707, ""control_residual_rms"": 0.1606797501831525, ""control_slew_rms"": 0.02346416244330612, ""epoch"": 181, ""gradient_norm_before_clip"": 2.5348323091460463, ""ground_outcome_fraction"": 0.9083333333333333, ""loss"": -1.4081369639858583, ""mean_reward"": 0.5369511922403771, ""score_path"": 0.8711860354309718}"
training_epoch,0,601,training,,182,mean_reward,0.6547697286869864,1.7700017543144433,aee37f0ca66257cda39ae5143305a583504e6068b837b04cdaca8c94a67ea076,"{""baseline"": 0.5029164982695965, ""control_residual_rms"": 0.16498157730279053, ""control_slew_rms"": 0.020621132086213207, ""epoch"": 182, ""gradient_norm_before_clip"": 1.7700017543144433, ""ground_outcome_fraction"": 0.95, ""loss"": -0.16102386235204763, ""mean_reward"": 0.6547697286869864, ""score_path"": -0.4937455898934193}"
training_epoch,0,601,training,,183,mean_reward,0.4808063767729094,2.9044485053835367,aee37f0ca66257cda39ae5143305a583504e6068b837b04cdaca8c94a67ea076,"{""baseline"": 0.5018109921947622, ""control_residual_rms"": 0.1417914517524949, ""control_slew_rms"": 0.034224879525601576, ""epoch"": 183, ""gradient_norm_before_clip"": 2.9044485053835367, ""ground_outcome_fraction"": 0.775, ""loss"": -1.6067629394081397, ""mean_reward"": 0.4808063767729094, ""score_path"": 1.125956775396812}"
training_epoch,0,601,training,,184,mean_reward,0.4738354286485055,2.0062260443938387,aee37f0ca66257cda39ae5143305a583504e6068b837b04cdaca8c94a67ea076,"{""baseline"": 0.5004122140174494, ""control_residual_rms"": 0.1439483002278663, ""control_slew_rms"": 0.03333679643877487, ""epoch"": 184, ""gradient_norm_before_clip"": 2.0062260443938387, ""ground_outcome_fraction"": 0.7833333333333333, ""loss"": -1.1666316780029062, ""mean_reward"": 0.4738354286485055, ""score_path"": 0.6927964676789521}"
training_epoch,0,601,training,,185,mean_reward,0.45281830219201474,2.0319981538556604,aee37f0ca66257cda39ae5143305a583504e6068b837b04cdaca8c94a67ea076,"{""baseline"": 0.4980325184261777, ""control_residual_rms"": 0.15596471284295613, ""control_slew_rms"": 0.02918431042279185, ""epoch"": 185, ""gradient_norm_before_clip"": 2.0319981538556604, ""ground_outcome_fraction"": 0.85, ""loss"": -1.4330135648332845, ""mean_reward"": 0.45281830219201474, ""score_path"": 0.9801955144084259}"
training_epoch,0,601,training,,186,mean_reward,0.4563921945040999,1.7924502558247153,aee37f0ca66257cda39ae5143305a583504e6068b837b04cdaca8c94a67ea076,"{""baseline"": 0.4959505022300738, ""control_residual_rms"": 0.15316972447823618, ""control_slew_rms"": 0.03169248501104924, ""epoch"": 186, ""gradient_norm_before_clip"": 1.7924502558247153, ""ground_outcome_fraction"": 0.8416666666666667, ""loss"": -1.2497898205919842, ""mean_reward"": 0.4563921945040999, ""score_path"": 0.7933978707416652}"
training_epoch,0,601,training,,187,mean_reward,0.5651658798582162,1.1499266900965772,aee37f0ca66257cda39ae5143305a583504e6068b837b04cdaca8c94a67ea076,"{""baseline"": 0.4994112711114809, ""control_residual_rms"": 0.16407696612110467, ""control_slew_rms"": 0.023861797797217008, ""epoch"": 187, ""gradient_norm_before_clip"": 1.1499266900965772, ""ground_outcome_fraction"": 0.9166666666666666, ""loss"": -0.5744770151013875, ""mean_reward"": 0.5651658798582162, ""score_path"": 0.009311410149533295}"
training_epoch,0,601,training,,188,mean_reward,0.6054132123969134,1.866673042287377,aee37f0ca66257cda39ae5143305a583504e6068b837b04cdaca8c94a67ea076,"{""baseline"": 0.5047113681757526, ""control_residual_rms"": 0.16508650548285822, ""control_slew_rms"": 0.023395748933679746, ""epoch"": 188, ""gradient_norm_before_clip"": 1.866673042287377, ""ground_outcome_fraction"": 0.9333333333333333, ""loss"": -0.4082469904124616, ""mean_reward"": 0.6054132123969134, ""score_path"": -0.19716594397529819}"
training_epoch,0,601,training,,189,mean_reward,0.625852805558922,2.1071982309854347,aee37f0ca66257cda39ae5143305a583504e6068b837b04cdaca8c94a67ea076,"{""baseline"": 0.5107684400449111, ""control_residual_rms"": 0.15911624969731566, ""control_slew_rms"": 0.0278552548144696, ""epoch"": 189, ""gradient_norm_before_clip"": 2.1071982309854347, ""ground_outcome_fraction"": 0.8916666666666666, ""loss"": -0.09267386616256973, ""mean_reward"": 0.625852805558922, ""score_path"": -0.5331786784573909}"
training_epoch,0,601,training,,190,mean_reward,0.6377889022321639,1.1944217519385638,aee37f0ca66257cda39ae5143305a583504e6068b837b04cdaca8c94a67ea076,"{""baseline"": 0.5171194631542737, ""control_residual_rms"": 0.16984148845822167, ""control_slew_rms"": 0.01833532835337497, ""epoch"": 190, ""gradient_norm_before_clip"": 1.1944217519385638, ""ground_outcome_fraction"": 0.9666666666666667, ""loss"": -0.33995736041971597, ""mean_reward"": 0.6377889022321639, ""score_path"": -0.2978312499892933}"
training_epoch,0,601,training,,191,mean_reward,0.43073665243151665,2.6415356674438297,aee37f0ca66257cda39ae5143305a583504e6068b837b04cdaca8c94a67ea076,"{""baseline"": 0.5128003226181359, ""control_residual_rms"": 0.1589633457511689, ""control_slew_rms"": 0.02602353007007, ""epoch"": 191, ""gradient_norm_before_clip"": 2.6415356674438297, ""ground_outcome_fraction"": 0.8583333333333333, ""loss"": -2.064815064268701, ""mean_reward"": 0.43073665243151665, ""score_path"": 1.634078671302878}"
training_epoch,0,601,training,,192,mean_reward,0.545344562534135,3.456949736888803,aee37f0ca66257cda39ae5143305a583504e6068b837b04cdaca8c94a67ea076,"{""baseline"": 0.5144275346139359, ""control_residual_rms"": 0.16424800558957575, ""control_slew_rms"": 0.02391189373721941, ""epoch"": 192, ""gradient_norm_before_clip"": 3.456949736888803, ""ground_outcome_fraction"": 0.9083333333333333, ""loss"": -1.4747436972200494, ""mean_reward"": 0.545344562534135, ""score_path"": 0.9293994101777743}"
training_epoch,0,601,training,,193,mean_reward,0.4434497761190159,3.7252551393419098,aee37f0ca66257cda39ae5143305a583504e6068b837b04cdaca8c94a67ea076,"{""baseline"": 0.5108786466891899, ""control_residual_rms"": 0.15308539988218872, ""control_slew_rms"": 0.030826244978714758, ""epoch"": 193, ""gradient_norm_before_clip"": 3.7252551393419098, ""ground_outcome_fraction"": 0.825, ""loss"": -1.9881827857476493, ""mean_reward"": 0.4434497761190159, ""score_path"": 1.5447332534826037}"
training_epoch,0,601,training,,194,mean_reward,0.5308472914569027,2.506872159874685,aee37f0ca66257cda39ae5143305a583504e6068b837b04cdaca8c94a67ea076,"{""baseline"": 0.5118770789275756, ""control_residual_rms"": 0.1596375224099273, ""control_slew_rms"": 0.02642321536053095, ""epoch"": 194, ""gradient_norm_before_clip"": 2.506872159874685, ""ground_outcome_fraction"": 0.8833333333333333, ""loss"": -1.315258527186715, ""mean_reward"": 0.5308472914569027, ""score_path"": 0.784411497553061}"
training_epoch,0,601,training,,195,mean_reward,0.45309701996241225,4.030347554052798,aee37f0ca66257cda39ae5143305a583504e6068b837b04cdaca8c94a67ea076,"{""baseline"": 0.5089380759793174, ""control_residual_rms"": 0.15956905679051261, ""control_slew_rms"": 0.0282430609573297, ""epoch"": 195, ""gradient_norm_before_clip"": 4.030347554052798, ""ground_outcome_fraction"": 0.875, ""loss"": -1.2200063606372973, ""mean_reward"": 0.45309701996241225, ""score_path"": 0.7669096032744287}"
training_epoch,0,601,training,,196,mean_reward,0.5040149897646746,2.534729993360166,aee37f0ca66257cda39ae5143305a583504e6068b837b04cdaca8c94a67ea076,"{""baseline"": 0.5086919216685852, ""control_residual_rms"": 0.1626315975927677, ""control_slew_rms"": 0.026036860534146257, ""epoch"": 196, ""gradient_norm_before_clip"": 2.534729993360166, ""ground_outcome_fraction"": 0.8833333333333333, ""loss"": -1.3777093359118886, ""mean_reward"": 0.5040149897646746, ""score_path"": 0.8736946174167604}"
training_epoch,0,601,training,,197,mean_reward,0.46250077338192447,2.3876517829232924,aee37f0ca66257cda39ae5143305a583504e6068b837b04cdaca8c94a67ea076,"{""baseline"": 0.5063823642542522, ""control_residual_rms"": 0.16347756710897526, ""control_slew_rms"": 0.02571917339463249, ""epoch"": 197, ""gradient_norm_before_clip"": 2.3876517829232924, ""ground_outcome_fraction"": 0.8916666666666666, ""loss"": -1.0544598909557719, ""mean_reward"": 0.46250077338192447, ""score_path"": 0.5919593914377556}"
training_epoch,0,601,training,,198,mean_reward,0.5594586203533963,2.066477574120461,aee37f0ca66257cda39ae5143305a583504e6068b837b04cdaca8c94a67ea076,"{""baseline"": 0.5090361770592093, ""control_residual_rms"": 0.16898527391703455, ""control_slew_rms"": 0.020516916364081896, ""epoch"": 198, ""gradient_norm_before_clip"": 2.066477574120461, ""ground_outcome_fraction"": 0.9416666666666667, ""loss"": -0.3982749255014365, ""mean_reward"": 0.5594586203533963, ""score_path"": -0.16118340508229326}"
training_epoch,0,601,training,,199,mean_reward,0.5266420772885504,2.3189096027190694,aee37f0ca66257cda39ae5143305a583504e6068b837b04cdaca8c94a67ea076,"{""baseline"": 0.5099164720706764, ""control_residual_rms"": 0.1642070897602053, ""control_slew_rms"": 0.0244583795860327, ""epoch"": 199, ""gradient_norm_before_clip"": 2.3189096027190694, ""ground_outcome_fraction"": 0.9083333333333333, ""loss"": -0.5855349433097096, ""mean_reward"": 0.5266420772885504, ""score_path"": 0.05889314164296573}"
training_epoch,0,601,training,,200,mean_reward,0.4688517993138573,3.653453752254614,aee37f0ca66257cda39ae5143305a583504e6068b837b04cdaca8c94a67ea076,"{""baseline"": 0.5078632384328354, ""control_residual_rms"": 0.16167267494736237, ""control_slew_rms"": 0.02526605631188912, ""epoch"": 200, ""gradient_norm_before_clip"": 3.653453752254614, ""ground_outcome_fraction"": 0.8916666666666666, ""loss"": -1.393011258437951, ""mean_reward"": 0.4688517993138573, ""score_path"": 0.9241597268883681}"
training_epoch,0,601,training,,201,mean_reward,0.5705778299003766,1.2504418414887326,aee37f0ca66257cda39ae5143305a583504e6068b837b04cdaca8c94a67ea076,"{""baseline"": 0.5109989680062125, ""control_residual_rms"": 0.162200519354599, ""control_slew_rms"": 0.0255701492408293, ""epoch"": 201, ""gradient_norm_before_clip"": 1.2504418414887326, ""ground_outcome_fraction"": 0.9083333333333333, ""loss"": -0.5202160300494257, ""mean_reward"": 0.5705778299003766, ""score_path"": -0.050361530222540786}"
training_epoch,0,601,training,,202,mean_reward,0.5881065473615603,1.0284569541852417,aee37f0ca66257cda39ae5143305a583504e6068b837b04cdaca8c94a67ea076,"{""baseline"": 0.5148543469739798, ""control_residual_rms"": 0.16351194410594833, ""control_slew_rms"": 0.024924788755841712, ""epoch"": 202, ""gradient_norm_before_clip"": 1.0284569541852417, ""ground_outcome_fraction"": 0.9083333333333333, ""loss"": -0.4717715144020432, ""mean_reward"": 0.5881065473615603, ""score_path"": -0.11633475938550752}"
training_epoch,0,601,training,,203,mean_reward,0.5064724959294418,4.06496419391763,aee37f0ca66257cda39ae5143305a583504e6068b837b04cdaca8c94a67ea076,"{""baseline"": 0.5144352544217529, ""control_residual_rms"": 0.16397006031778408, ""control_slew_rms"": 0.02468897813743137, ""epoch"": 203, ""gradient_norm_before_clip"": 4.06496419391763, ""ground_outcome_fraction"": 0.9, ""loss"": -0.911492568764089, ""mean_reward"": 0.5064724959294418, ""score_path"": 0.40502034779191043}"
training_epoch,0,601,training,,204,mean_reward,0.5257415026587289,2.802584630973646,aee37f0ca66257cda39ae5143305a583504e6068b837b04cdaca8c94a67ea076,"{""baseline"": 0.5150005668336016, ""control_residual_rms"": 0.1598164841639917, ""control_slew_rms"": 0.027440081150110533, ""epoch"": 204, ""gradient_norm_before_clip"": 2.802584630973646, ""ground_outcome_fraction"": 0.875, ""loss"": -0.9791282378965189, ""mean_reward"": 0.5257415026587289, ""score_path"": 0.4533869981804567}"
training_epoch,0,601,training,,205,mean_reward,0.5253031623883305,2.635088802337828,aee37f0ca66257cda39ae5143305a583504e6068b837b04cdaca8c94a67ea076,"{""baseline"": 0.5155156966113381, ""control_residual_rms"": 0.1644246894035221, ""control_slew_rms"": 0.02470570298102727, ""epoch"": 205, ""gradient_norm_before_clip"": 2.635088802337828, ""ground_outcome_fraction"": 0.9, ""loss"": -0.9544991237142628, ""mean_reward"": 0.5253031623883305, ""score_path"": 0.42919623778443483}"
training_epoch,0,601,training,,206,mean_reward,0.6600792729793856,0.701778676564044,aee37f0ca66257cda39ae5143305a583504e6068b837b04cdaca8c94a67ea076,"{""baseline"": 0.5227438754297405, ""control_residual_rms"": 0.16896767235117188, ""control_slew_rms"": 0.020509672232709508, ""epoch"": 206, ""gradient_norm_before_clip"": 0.701778676564044, ""ground_outcome_fraction"": 0.95, ""loss"": -0.05329323315780477, ""mean_reward"": 0.6600792729793856, ""score_path"": -0.6067857501143713}"
training_epoch,0,601,training,,207,mean_reward,0.5633554279460444,2.0829168060531766,aee37f0ca66257cda39ae5143305a583504e6068b837b04cdaca8c94a67ea076,"{""baseline"": 0.5247744530555557, ""control_residual_rms"": 0.16380594181556105, ""control_slew_rms"": 0.024987458946122375, ""epoch"": 207, ""gradient_norm_before_clip"": 2.0829168060531766, ""ground_outcome_fraction"": 0.9083333333333333, ""loss"": -0.5298115577376927, ""mean_reward"": 0.5633554279460444, ""score_path"": -0.03354359564075484}"
training_epoch,0,601,training,,208,mean_reward,0.5063921360295471,2.078028167352854,aee37f0ca66257cda39ae5143305a583504e6068b837b04cdaca8c94a67ea076,"{""baseline"": 0.5238553372042553, ""control_residual_rms"": 0.15693392911457146, ""control_slew_rms"": 0.028851106844898555, ""epoch"": 208, ""gradient_norm_before_clip"": 2.078028167352854, ""ground_outcome_fraction"": 0.8583333333333333, ""loss"": -0.9824550594800712, ""mean_reward"": 0.5063921360295471, ""score_path"": 0.4760631780569689}"
training_epoch,0,601,training,,209,mean_reward,0.44497822901576267,3.055650996913029,aee37f0ca66257cda39ae5143305a583504e6068b837b04cdaca8c94a67ea076,"{""baseline"": 0.5199114817948306, ""control_residual_rms"": 0.15159980343604762, ""control_slew_rms"": 0.030302548963056307, ""epoch"": 209, ""gradient_norm_before_clip"": 3.055650996913029, ""ground_outcome_fraction"": 0.8083333333333333, ""loss"": -2.2403182208767234, ""mean_reward"": 0.44497822901576267, ""score_path"": 1.7953402308684094}"
training_epoch,0,601,training,,210,mean_reward,0.43950505818229263,3.223442741441981,aee37f0ca66257cda39ae5143305a583504e6068b837b04cdaca8c94a67ea076,"{""baseline"": 0.5158911606142037, ""control_residual_rms"": 0.15584002797390492, ""control_slew_rms"": 0.027833734740335667, ""epoch"": 210, ""gradient_norm_before_clip"": 3.223442741441981, ""ground_outcome_fraction"": 0.825, ""loss"": -1.442958891822346, ""mean_reward"": 0.43950505818229263, ""score_path"": 1.0034540842483644}"
training_epoch,0,601,training,,211,mean_reward,0.5633190845518503,1.5998966025960746,aee37f0ca66257cda39ae5143305a583504e6068b837b04cdaca8c94a67ea076,"{""baseline"": 0.518262556811086, ""control_residual_rms"": 0.15647761985741226, ""control_slew_rms"": 0.02780342728936979, ""epoch"": 211, ""gradient_norm_before_clip"": 1.5998966025960746, ""ground_outcome_fraction"": 0.8583333333333333, ""loss"": -0.7057159749307089, ""mean_reward"": 0.5633190845518503, ""score_path"": 0.14239714296161954}"
training_epoch,0,601,training,,212,mean_reward,0.3701213936910558,3.2383963714095256,aee37f0ca66257cda39ae5143305a583504e6068b837b04cdaca8c94a67ea076,"{""baseline"": 0.5108554986550845, ""control_residual_rms"": 0.1537863657946478, ""control_slew_rms"": 0.029893224389413206, ""epoch"": 212, ""gradient_norm_before_clip"": 3.2383963714095256, ""ground_outcome_fraction"": 0.825, ""loss"": -2.0015678688025766, ""mean_reward"": 0.3701213936910558, ""score_path"": 1.6314467205500325}"
training_epoch,0,601,training,,213,mean_reward,0.6194840035295404,1.385510196229627,aee37f0ca66257cda39ae5143305a583504e6068b837b04cdaca8c94a67ea076,"{""baseline"": 0.5162869238988073, ""control_residual_rms"": 0.16668348678517228, ""control_slew_rms"": 0.022292402818811508, ""epoch"": 213, ""gradient_norm_before_clip"": 1.385510196229627, ""ground_outcome_fraction"": 0.9333333333333333, ""loss"": -0.16342451596140897, ""mean_reward"": 0.6194840035295404, ""score_path"": -0.45605920476477146}"
training_epoch,0,601,training,,214,mean_reward,0.5176123009142943,1.8844093876823955,aee37f0ca66257cda39ae5143305a583504e6068b837b04cdaca8c94a67ea076,"{""baseline"": 0.5163531927495816, ""control_residual_rms"": 0.1524359933436401, ""control_slew_rms"": 0.030596118452405056, ""epoch"": 214, ""gradient_norm_before_clip"": 1.8844093876823955, ""ground_outcome_fraction"": 0.825, ""loss"": -0.7914509504027931, ""mean_reward"": 0.5176123009142943, ""score_path"": 0.2738388912170442}"
training_epoch,0,601,training,,215,mean_reward,0.500771662921076,3.182575609334127,aee37f0ca66257cda39ae5143305a583504e6068b837b04cdaca8c94a67ea076,"{""baseline"": 0.5155741162581563, ""control_residual_rms"": 0.15633120962377445, ""control_slew_rms"": 0.026954133995279957, ""epoch"": 215, ""gradient_norm_before_clip"": 3.182575609334127, ""ground_outcome_fraction"": 0.85, ""loss"": -1.6515625406965164, ""mean_reward"": 0.500771662921076, ""score_path"": 1.150791129435165}"
training_epoch,0,601,training,,216,mean_reward,0.5657019172293488,2.230211044959423,aee37f0ca66257cda39ae5143305a583504e6068b837b04cdaca8c94a67ea076,"{""baseline"": 0.5180805063067159, ""control_residual_rms"": 0.16216674390889282, ""control_slew_rms"": 0.02499597785381291, ""epoch"": 216, ""gradient_norm_before_clip"": 2.230211044959423, ""ground_outcome_fraction"": 0.8916666666666666, ""loss"": -0.7681216473583046, ""mean_reward"": 0.5657019172293488, ""score_path"": 0.20241999935747326}"
training_epoch,0,601,training,,217,mean_reward,0.6410141510243125,0.8264473949848236,aee37f0ca66257cda39ae5143305a583504e6068b837b04cdaca8c94a67ea076,"{""baseline"": 0.5242271885425958, ""control_residual_rms"": 0.1683245929657339, ""control_slew_rms"": 0.020867324358523575, ""epoch"": 217, ""gradient_norm_before_clip"": 0.8264473949848236, ""ground_outcome_fraction"": 0.9416666666666667, ""loss"": -0.2825383578598683, ""mean_reward"": 0.6410141510243125, ""score_path"": -0.358475505478306}"
training_epoch,0,601,training,,218,mean_reward,0.5764425939765807,1.5271365651345379,aee37f0ca66257cda39ae5143305a583504e6068b837b04cdaca8c94a67ea076,"{""baseline"": 0.526837958814295, ""control_residual_rms"": 0.16393609174518162, ""control_slew_rms"": 0.023809402994414638, ""epoch"": 218, ""gradient_norm_before_clip"": 1.5271365651345379, ""ground_outcome_fraction"": 0.9083333333333333, ""loss"": -0.5372703515403896, ""mean_reward"": 0.5764425939765807, ""score_path"": -0.039171968016892635}"
training_epoch,0,601,training,,219,mean_reward,0.606969064514265,1.2762815212685252,aee37f0ca66257cda39ae5143305a583504e6068b837b04cdaca8c94a67ea076,"{""baseline"": 0.5308445140992935, ""control_residual_rms"": 0.16761987034119175, ""control_slew_rms"": 0.021655418902135112, ""epoch"": 219, ""gradient_norm_before_clip"": 1.2762815212685252, ""ground_outcome_fraction"": 0.9333333333333333, ""loss"": -0.2888085060826235, ""mean_reward"": 0.606969064514265, ""score_path"": -0.3181602727778605}"
training_epoch,0,601,training,,220,mean_reward,0.4831022212155829,1.1588514424464371,aee37f0ca66257cda39ae5143305a583504e6068b837b04cdaca8c94a67ea076,"{""baseline"": 0.528457399455108, ""control_residual_rms"": 0.1634413387149335, ""control_slew_rms"": 0.02466741636396523, ""epoch"": 220, ""gradient_norm_before_clip"": 1.1588514424464371, ""ground_outcome_fraction"": 0.8833333333333333, ""loss"": -1.320218915294942, ""mean_reward"": 0.4831022212155829, ""score_path"": 0.8371169672948853}"
training_epoch,0,601,training,,221,mean_reward,0.5929380081058802,1.9251137199429542,aee37f0ca66257cda39ae5143305a583504e6068b837b04cdaca8c94a67ea076,"{""baseline"": 0.5316814298876466, ""control_residual_rms"": 0.16275760007834267, ""control_slew_rms"": 0.02454269045624358, ""epoch"": 221, ""gradient_norm_before_clip"": 1.9251137199429542, ""ground_outcome_fraction"": 0.9, ""loss"": -0.3767312278685791, ""mean_reward"": 0.5929380081058802, ""score_path"": -0.21620650931350074}"
training_epoch,0,601,training,,222,mean_reward,0.47770890370582575,3.5221050419501716,aee37f0ca66257cda39ae5143305a583504e6068b837b04cdaca8c94a67ea076,"{""baseline"": 0.5289828035785555, ""control_residual_rms"": 0.14645202130469018, ""control_slew_rms"": 0.030993061615123493, ""epoch"": 222, ""gradient_norm_before_clip"": 3.5221050419501716, ""ground_outcome_fraction"": 0.775, ""loss"": -1.753888215231079, ""mean_reward"": 0.47770890370582575, ""score_path"": 1.2761795356128975}"
training_epoch,0,601,training,,223,mean_reward,0.5291441322520688,1.97966088287805,aee37f0ca66257cda39ae5143305a583504e6068b837b04cdaca8c94a67ea076,"{""baseline"": 0.5289908700122311, ""control_residual_rms"": 0.16059661528526967, ""control_slew_rms"": 0.02538764723577491, ""epoch"": 223, ""gradient_norm_before_clip"": 1.97966088287805, ""ground_outcome_fraction"": 0.875, ""loss"": -1.0356972608837263, ""mean_reward"": 0.5291441322520688, ""score_path"": 0.5065533929897121}"
training_epoch,0,601,training,,224,mean_reward,0.4755236782102717,4.1098871365439855,aee37f0ca66257cda39ae5143305a583504e6068b837b04cdaca8c94a67ea076,"{""baseline"": 0.5263175104221332, ""control_residual_rms"": 0.16351673713023623, ""control_slew_rms"": 0.023081298221333424, ""epoch"": 224, ""gradient_norm_before_clip"": 4.1098871365439855, ""ground_outcome_fraction"": 0.8916666666666666, ""loss"": -1.61264265191066, ""mean_reward"": 0.4755236782102717, ""score_path"": 1.137119246405085}"
training_epoch,0,601,training,,225,mean_reward,0.5327126991271116,2.0016577916342264,aee37f0ca66257cda39ae5143305a583504e6068b837b04cdaca8c94a67ea076,"{""baseline"": 0.526637269857382, ""control_residual_rms"": 0.15699121026267027, ""control_slew_rms"": 0.026052975131160217, ""epoch"": 225, ""gradient_norm_before_clip"": 2.0016577916342264, ""ground_outcome_fraction"": 0.8666666666666667, ""loss"": -0.7584141568538063, ""mean_reward"": 0.5327126991271116, ""score_path"": 0.22570171097667094}"
training_epoch,0,601,training,,226,mean_reward,0.5482117885869422,2.3268006486827266,aee37f0ca66257cda39ae5143305a583504e6068b837b04cdaca8c94a67ea076,"{""baseline"": 0.5277159957938601, ""control_residual_rms"": 0.16926523100111318, ""control_slew_rms"": 0.02061541591740613, ""epoch"": 226, ""gradient_norm_before_clip"": 2.3268006486827266, ""ground_outcome_fraction"": 0.9333333333333333, ""loss"": -0.5778404000228691, ""mean_reward"": 0.5482117885869422, ""score_path"": 0.02962890219306491}"
training_epoch,0,601,training,,227,mean_reward,0.4199461474717524,3.736069894400367,aee37f0ca66257cda39ae5143305a583504e6068b837b04cdaca8c94a67ea076,"{""baseline"": 0.5223275033777547, ""control_residual_rms"": 0.1464489349054824, ""control_slew_rms"": 0.03224275002667347, ""epoch"": 227, ""gradient_norm_before_clip"": 3.736069894400367, ""ground_outcome_fraction"": 0.7833333333333333, ""loss"": -1.9582170639109533, ""mean_reward"": 0.4199461474717524, ""score_path"": 1.5382711413080554}"
training_epoch,0,601,training,,228,mean_reward,0.5061747887146024,1.431440525575391,aee37f0ca66257cda39ae5143305a583504e6068b837b04cdaca8c94a67ea076,"{""baseline"": 0.5215198676445971, ""control_residual_rms"": 0.15843227418574754, ""control_slew_rms"": 0.02519386657531823, ""epoch"": 228, ""gradient_norm_before_clip"": 1.431440525575391, ""ground_outcome_fraction"": 0.875, ""loss"": -1.2966764985084052, ""mean_reward"": 0.5061747887146024, ""score_path"": 0.7905019671489667}"
training_epoch,0,601,training,,229,mean_reward,0.5436467303338293,2.4649119593953275,aee37f0ca66257cda39ae5143305a583504e6068b837b04cdaca8c94a67ea076,"{""baseline"": 0.5226262107790587, ""control_residual_rms"": 0.15910379690242754, ""control_slew_rms"": 0.025684147049917706, ""epoch"": 229, ""gradient_norm_before_clip"": 2.4649119593953275, ""ground_outcome_fraction"": 0.875, ""loss"": -0.8011578669602214, ""mean_reward"": 0.5436467303338293, ""score_path"": 0.25751139636332826}"
training_epoch,0,601,training,,230,mean_reward,0.40775676728607185,3.5424974360837784,aee37f0ca66257cda39ae5143305a583504e6068b837b04cdaca8c94a67ea076,"{""baseline"": 0.5168827386044094, ""control_residual_rms"": 0.15507902928794784, ""control_slew_rms"": 0.027488941536096382, ""epoch"": 230, ""gradient_norm_before_clip"": 3.5424974360837784, ""ground_outcome_fraction"": 0.8333333333333334, ""loss"": -1.4882899789279092, ""mean_reward"": 0.40775676728607185, ""score_path"": 1.0805334596933096}"
training_epoch,0,601,training,,231,mean_reward,0.47999982499390353,1.9876253308204737,aee37f0ca66257cda39ae5143305a583504e6068b837b04cdaca8c94a67ea076,"{""baseline"": 0.5150385929238841, ""control_residual_rms"": 0.1495006322956052, ""control_slew_rms"": 0.02888064372925229, ""epoch"": 231, ""gradient_norm_before_clip"": 1.9876253308204737, ""ground_outcome_fraction"": 0.8166666666666667, ""loss"": -1.3943465341136057, ""mean_reward"": 0.47999982499390353, ""score_path"": 0.9143469409650085}"
training_epoch,0,601,training,,232,mean_reward,0.5229099444959004,2.184851524402419,aee37f0ca66257cda39ae5143305a583504e6068b837b04cdaca8c94a67ea076,"{""baseline"": 0.515432160502485, ""control_residual_rms"": 0.16316780645702028, ""control_slew_rms"": 0.021500850387167925, ""epoch"": 232, ""gradient_norm_before_clip"": 2.184851524402419, ""ground_outcome_fraction"": 0.9, ""loss"": -1.1016351492722603, ""mean_reward"": 0.5229099444959004, ""score_path"": 0.5787254756365561}"
training_epoch,0,601,training,,233,mean_reward,0.5117578996324115,2.0647069414951784,aee37f0ca66257cda39ae5143305a583504e6068b837b04cdaca8c94a67ea076,"{""baseline"": 0.5152484474589812, ""control_residual_rms"": 0.1554049489316989, ""control_slew_rms"": 0.02548597751684806, ""epoch"": 233, ""gradient_norm_before_clip"": 2.0647069414951784, ""ground_outcome_fraction"": 0.8583333333333333, ""loss"": -1.0094211916407025, ""mean_reward"": 0.5117578996324115, ""score_path"": 0.4976635400106232}"
training_epoch,0,601,training,,234,mean_reward,0.44204041101586655,2.218269441556156,aee37f0ca66257cda39ae5143305a583504e6068b837b04cdaca8c94a67ea076,"{""baseline"": 0.5115880456368255, ""control_residual_rms"": 0.16057967856331337, ""control_slew_rms"": 0.02168008817097757, ""epoch"": 234, ""gradient_norm_before_clip"": 2.218269441556156, ""ground_outcome_fraction"": 0.875, ""loss"": -1.521460626078104, ""mean_reward"": 0.44204041101586655, ""score_path"": 1.0794204776208314}"
training_epoch,0,601,training,,235,mean_reward,0.48377378307785723,2.747605504031895,aee37f0ca66257cda39ae5143305a583504e6068b837b04cdaca8c94a67ea076,"{""baseline"": 0.5101973325088771, ""control_residual_rms"": 0.15305576690122227, ""control_slew_rms"": 0.02491960516051869, ""epoch"": 235, ""gradient_norm_before_clip"": 2.747605504031895, ""ground_outcome_fraction"": 0.85, ""loss"": -0.9426737761409683, ""mean_reward"": 0.48377378307785723, ""score_path"": 0.4589002335336561}"
training_epoch,0,601,training,,236,mean_reward,0.5400381650006413,1.2013600366379642,aee37f0ca66257cda39ae5143305a583504e6068b837b04cdaca8c94a67ea076,"{""baseline"": 0.5116893741334654, ""control_residual_rms"": 0.16328009781491928, ""control_slew_rms"": 0.0203935078278381, ""epoch"": 236, ""gradient_norm_before_clip"": 1.2013600366379642, ""ground_outcome_fraction"": 0.9166666666666666, ""loss"": -0.6140717417119039, ""mean_reward"": 0.5400381650006413, ""score_path"": 0.07403384747411769}"
training_epoch,0,601,training,,237,mean_reward,0.49866599299087194,2.259659279601494,aee37f0ca66257cda39ae5143305a583504e6068b837b04cdaca8c94a67ea076,"{""baseline"": 0.5110382050763357, ""control_residual_rms"": 0.15255247987309714, ""control_slew_rms"": 0.026269425458970767, ""epoch"": 237, ""gradient_norm_before_clip"": 2.259659279601494, ""ground_outcome_fraction"": 0.8416666666666667, ""loss"": -1.3198689412164468, ""mean_reward"": 0.49866599299087194, ""score_path"": 0.8212031878489934}"
training_epoch,0,601,training,,238,mean_reward,0.6237599445700377,1.4779928765925112,aee37f0ca66257cda39ae5143305a583504e6068b837b04cdaca8c94a67ea076,"{""baseline"": 0.5166742920510208, ""control_residual_rms"": 0.16519297824341303, ""control_slew_rms"": 0.018534784122036074, ""epoch"": 238, ""gradient_norm_before_clip"": 1.4779928765925112, ""ground_outcome_fraction"": 0.9416666666666667, ""loss"": -0.11394950400613255, ""mean_reward"": 0.6237599445700377, ""score_path"": -0.5098101642413223}"
training_epoch,0,601,training,,239,mean_reward,0.5128613928216602,2.3165690397070917,aee37f0ca66257cda39ae5143305a583504e6068b837b04cdaca8c94a67ea076,"{""baseline"": 0.5164836470895527, ""control_residual_rms"": 0.15371352714430875, ""control_slew_rms"": 0.023117297935885635, ""epoch"": 239, ""gradient_norm_before_clip"": 2.3165690397070917, ""ground_outcome_fraction"": 0.8416666666666667, ""loss"": -1.581303734292099, ""mean_reward"": 0.5128613928216602, ""score_path"": 1.0684425830930178}"
training_epoch,0,601,training,,240,mean_reward,0.5232426655013018,1.2631878998797657,aee37f0ca66257cda39ae5143305a583504e6068b837b04cdaca8c94a67ea076,"{""baseline"": 0.5168215980101403, ""control_residual_rms"": 0.15479536017934634, ""control_slew_rms"": 0.02288743744904859, ""epoch"": 240, ""gradient_norm_before_clip"": 1.2631878998797657, ""ground_outcome_fraction"": 0.8583333333333333, ""loss"": -0.9196432125947084, ""mean_reward"": 0.5232426655013018, ""score_path"": 0.3964007919477899}"
training_epoch,0,601,training,,241,mean_reward,0.4990357574559584,1.813038436574497,aee37f0ca66257cda39ae5143305a583504e6068b837b04cdaca8c94a67ea076,"{""baseline"": 0.5159323059824311, ""control_residual_rms"": 0.15788229567072684, ""control_slew_rms"": 0.022052700865617045, ""epoch"": 241, ""gradient_norm_before_clip"": 1.813038436574497, ""ground_outcome_fraction"": 0.8916666666666666, ""loss"": -1.4307195440945364, ""mean_reward"": 0.4990357574559584, ""score_path"": 0.9316840407699868}"
training_epoch,0,601,training,,242,mean_reward,0.5348067360218888,1.3525060546552192,aee37f0ca66257cda39ae5143305a583504e6068b837b04cdaca8c94a67ea076,"{""baseline"": 0.516876027484404, ""control_residual_rms"": 0.1577360097651974, ""control_slew_rms"": 0.021539875059395048, ""epoch"": 242, ""gradient_norm_before_clip"": 1.3525060546552192, ""ground_outcome_fraction"": 0.8833333333333333, ""loss"": -0.8631016579589755, ""mean_reward"": 0.5348067360218888, ""score_path"": 0.3282951753832367}"
training_epoch,0,601,training,,243,mean_reward,0.5150906770635799,3.325789405907772,aee37f0ca66257cda39ae5143305a583504e6068b837b04cdaca8c94a67ea076,"{""baseline"": 0.5167867599633628, ""control_residual_rms"": 0.15472346194879602, ""control_slew_rms"": 0.023206880049178907, ""epoch"": 243, ""gradient_norm_before_clip"": 3.325789405907772, ""ground_outcome_fraction"": 0.875, ""loss"": -1.4518122450082098, ""mean_reward"": 0.5150906770635799, ""score_path"": 0.9367218127237195}"
training_epoch,0,601,training,,244,mean_reward,0.5508206112618061,2.74304503060873,aee37f0ca66257cda39ae5143305a583504e6068b837b04cdaca8c94a67ea076,"{""baseline"": 0.5184884525282849, ""control_residual_rms"": 0.1562371756876419, ""control_slew_rms"": 0.0211827405667804, ""epoch"": 244, ""gradient_norm_before_clip"": 2.74304503060873, ""ground_outcome_fraction"": 0.8916666666666666, ""loss"": -0.8901792475498457, ""mean_reward"": 0.5508206112618061, ""score_path"": 0.3393588848756751}"
training_epoch,0,601,training,,245,mean_reward,0.5050406143461794,1.9442136543000468,aee37f0ca66257cda39ae5143305a583504e6068b837b04cdaca8c94a67ea076,"{""baseline"": 0.5178160606191796, ""control_residual_rms"": 0.15411217332559762, ""control_slew_rms"": 0.024293558411822406, ""epoch"": 245, ""gradient_norm_before_clip"": 1.9442136543000468, ""ground_outcome_fraction"": 0.8666666666666667, ""loss"": -1.1807191800439352, ""mean_reward"": 0.5050406143461794, ""score_path"": 0.6756788091051451}"
training_epoch,0,601,training,,246,mean_reward,0.4403940122509261,1.7096111437914092,aee37f0ca66257cda39ae5143305a583504e6068b837b04cdaca8c94a67ea076,"{""baseline"": 0.5139449582007669, ""control_residual_rms"": 0.14812488238685945, ""control_slew_rms"": 0.02661939350240722, ""epoch"": 246, ""gradient_norm_before_clip"": 1.7096111437914092, ""ground_outcome_fraction"": 0.8083333333333333, ""loss"": -1.7696675152916004, ""mean_reward"": 0.4403940122509261, ""score_path"": 1.3292737295364034}"
training_epoch,0,601,training,,247,mean_reward,0.4570954911993361,2.3118742139320094,aee37f0ca66257cda39ae5143305a583504e6068b837b04cdaca8c94a67ea076,"{""baseline"": 0.5111024848506954, ""control_residual_rms"": 0.15540850822407745, ""control_slew_rms"": 0.02391016019620494, ""epoch"": 247, ""gradient_norm_before_clip"": 2.3118742139320094, ""ground_outcome_fraction"": 0.85, ""loss"": -1.4192327212156337, ""mean_reward"": 0.4570954911993361, ""score_path"": 0.9621374772512994}"
training_epoch,0,601,training,,248,mean_reward,0.5554862570527058,1.3875244669545184,aee37f0ca66257cda39ae5143305a583504e6068b837b04cdaca8c94a67ea076,"{""baseline"": 0.5133216734607959, ""control_residual_rms"": 0.15922333717136286, ""control_slew_rms"": 0.021233192150868982, ""epoch"": 248, ""gradient_norm_before_clip"": 1.3875244669545184, ""ground_outcome_fraction"": 0.9083333333333333, ""loss"": -0.6340123349844171, ""mean_reward"": 0.5554862570527058, ""score_path"": 0.07852633596090677}"
training_epoch,0,601,training,,249,mean_reward,0.4517641257583836,3.5031595742100343,aee37f0ca66257cda39ae5143305a583504e6068b837b04cdaca8c94a67ea076,"{""baseline"": 0.5102437960756754, ""control_residual_rms"": 0.14581297673774332, ""control_slew_rms"": 0.02730476787005663, ""epoch"": 249, ""gradient_norm_before_clip"": 3.5031595742100343, ""ground_outcome_fraction"": 0.7916666666666666, ""loss"": -1.8623199091332123, ""mean_reward"": 0.4517641257583836, ""score_path"": 1.410556003444574}"
training_epoch,0,601,training,,250,mean_reward,0.4664214275591688,2.8669993250822055,aee37f0ca66257cda39ae5143305a583504e6068b837b04cdaca8c94a67ea076,"{""baseline"": 0.5080526776498501, ""control_residual_rms"": 0.136678063071988, ""control_slew_rms"": 0.02939699009074234, ""epoch"": 250, ""gradient_norm_before_clip"": 2.8669993250822055, ""ground_outcome_fraction"": 0.7416666666666667, ""loss"": -1.45881668469069, ""mean_reward"": 0.4664214275591688, ""score_path"": 0.9923954525822808}"
training_epoch,0,601,training,,251,mean_reward,0.5547722500252205,2.178995894919224,aee37f0ca66257cda39ae5143305a583504e6068b837b04cdaca8c94a67ea076,"{""baseline"": 0.5103886562686186, ""control_residual_rms"": 0.16223521905240412, ""control_slew_rms"": 0.02012407258842821, ""epoch"": 251, ""gradient_norm_before_clip"": 2.178995894919224, ""ground_outcome_fraction"": 0.9083333333333333, ""loss"": -1.1600499425040733, ""mean_reward"": 0.5547722500252205, ""score_path"": 0.6052779597312989}"
training_epoch,0,601,training,,252,mean_reward,0.5129445034648927,2.0251062688820736,aee37f0ca66257cda39ae5143305a583504e6068b837b04cdaca8c94a67ea076,"{""baseline"": 0.5105164486284324, ""control_residual_rms"": 0.1506029964319626, ""control_slew_rms"": 0.0260473613229554, ""epoch"": 252, ""gradient_norm_before_clip"": 2.0251062688820736, ""ground_outcome_fraction"": 0.825, ""loss"": -1.4419554381867534, ""mean_reward"": 0.5129445034648927, ""score_path"": 0.9290111683191364}"
training_epoch,0,601,training,,253,mean_reward,0.4670233351045021,3.771602187053749,aee37f0ca66257cda39ae5143305a583504e6068b837b04cdaca8c94a67ea076,"{""baseline"": 0.5083417929522358, ""control_residual_rms"": 0.14811857136209264, ""control_slew_rms"": 0.026795015274300244, ""epoch"": 253, ""gradient_norm_before_clip"": 3.771602187053749, ""ground_outcome_fraction"": 0.7916666666666666, ""loss"": -1.0976304514127009, ""mean_reward"": 0.4670233351045021, ""score_path"": 0.630607342879039}"
training_epoch,0,601,training,,254,mean_reward,0.4120829831207305,4.216860032867552,aee37f0ca66257cda39ae5143305a583504e6068b837b04cdaca8c94a67ea076,"{""baseline"": 0.5035288524606606, ""control_residual_rms"": 0.14366872679563067, ""control_slew_rms"": 0.0301230638643676, ""epoch"": 254, ""gradient_norm_before_clip"": 4.216860032867552, ""ground_outcome_fraction"": 0.7666666666666666, ""loss"": -1.7475090416104717, ""mean_reward"": 0.4120829831207305, ""score_path"": 1.3354262739707616}"
training_epoch,0,601,training,,255,mean_reward,0.49075497081194275,2.7971128729434946,aee37f0ca66257cda39ae5143305a583504e6068b837b04cdaca8c94a67ea076,"{""baseline"": 0.5028901583782247, ""control_residual_rms"": 0.16659560870355664, ""control_slew_rms"": 0.020368173651959875, ""epoch"": 255, ""gradient_norm_before_clip"": 2.7971128729434946, ""ground_outcome_fraction"": 0.9083333333333333, ""loss"": -0.6684171424821075, ""mean_reward"": 0.49075497081194275, ""score_path"": 0.17766245335975817}"
training_epoch,0,601,training,,256,mean_reward,0.5254894044817684,1.1030795519015308,aee37f0ca66257cda39ae5143305a583504e6068b837b04cdaca8c94a67ea076,"{""baseline"": 0.5040201206834019, ""control_residual_rms"": 0.15616967207082696, ""control_slew_rms"": 0.02577673125536157, ""epoch"": 256, ""gradient_norm_before_clip"": 1.1030795519015308, ""ground_outcome_fraction"": 0.8333333333333334, ""loss"": -1.0721745469614095, ""mean_reward"": 0.5254894044817684, ""score_path"": 0.5466853930137046}"
training_epoch,0,601,training,,257,mean_reward,0.47023883026229407,2.7990258991180226,aee37f0ca66257cda39ae5143305a583504e6068b837b04cdaca8c94a67ea076,"{""baseline"": 0.5023310561623464, ""control_residual_rms"": 0.1568470493107314, ""control_slew_rms"": 0.027545039317706403, ""epoch"": 257, ""gradient_norm_before_clip"": 2.7990258991180226, ""ground_outcome_fraction"": 0.8333333333333334, ""loss"": -1.4093979398378582, ""mean_reward"": 0.47023883026229407, ""score_path"": 0.9391593631728249}"
training_epoch,0,601,training,,258,mean_reward,0.4277152033587246,2.6156826083347804,aee37f0ca66257cda39ae5143305a583504e6068b837b04cdaca8c94a67ea076,"{""baseline"": 0.4986002635221653, ""control_residual_rms"": 0.15745863465870003, ""control_slew_rms"": 0.027682723939796393, ""epoch"": 258, ""gradient_norm_before_clip"": 2.6156826083347804, ""ground_outcome_fraction"": 0.825, ""loss"": -1.856785097968443, ""mean_reward"": 0.4277152033587246, ""score_path"": 1.4290701502052667}"
training_epoch,0,601,training,,259,mean_reward,0.5608494910408224,3.653838893418142,aee37f0ca66257cda39ae5143305a583504e6068b837b04cdaca8c94a67ea076,"{""baseline"": 0.5017127248980982, ""control_residual_rms"": 0.1651351429861375, ""control_slew_rms"": 0.02340539055174816, ""epoch"": 259, ""gradient_norm_before_clip"": 3.653838893418142, ""ground_outcome_fraction"": 0.8833333333333333, ""loss"": -1.396679858454989, ""mean_reward"": 0.5608494910408224, ""score_path"": 0.8358306455884443}"
training_epoch,0,601,training,,260,mean_reward,0.5288914788962942,2.999105029721253,aee37f0ca66257cda39ae5143305a583504e6068b837b04cdaca8c94a67ea076,"{""baseline"": 0.503071662598008, ""control_residual_rms"": 0.17088392297691743, ""control_slew_rms"": 0.021384293328210166, ""epoch"": 260, ""gradient_norm_before_clip"": 2.999105029721253, ""ground_outcome_fraction"": 0.9083333333333333, ""loss"": -1.1916004237919875, ""mean_reward"": 0.5288914788962942, ""score_path"": 0.6627092414817246}"
training_epoch,0,601,training,,261,mean_reward,0.5565311563268015,2.1579579836011518,aee37f0ca66257cda39ae5143305a583504e6068b837b04cdaca8c94a67ea076,"{""baseline"": 0.5057446372844476, ""control_residual_rms"": 0.1691836699814081, ""control_slew_rms"": 0.02337920943386351, ""epoch"": 261, ""gradient_norm_before_clip"": 2.1579579836011518, ""ground_outcome_fraction"": 0.9, ""loss"": -0.4199606079018022, ""mean_reward"": 0.5565311563268015, ""score_path"": -0.13657025672798306}"
training_epoch,0,601,training,,262,mean_reward,0.5557664807981415,3.3347717811324826,aee37f0ca66257cda39ae5143305a583504e6068b837b04cdaca8c94a67ea076,"{""baseline"": 0.5082457294601324, ""control_residual_rms"": 0.16455261579204672, ""control_slew_rms"": 0.025378668952808974, ""epoch"": 262, ""gradient_norm_before_clip"": 3.3347717811324826, ""ground_outcome_fraction"": 0.875, ""loss"": -0.35786624545157786, ""mean_reward"": 0.5557664807981415, ""score_path"": -0.19789995813016165}"
training_epoch,0,601,training,,263,mean_reward,0.6323581201361297,1.4460023810945688,aee37f0ca66257cda39ae5143305a583504e6068b837b04cdaca8c94a67ea076,"{""baseline"": 0.5144513489939322, ""control_residual_rms"": 0.1707308412617191, ""control_slew_rms"": 0.021780370606155355, ""epoch"": 263, ""gradient_norm_before_clip"": 1.4460023810945688, ""ground_outcome_fraction"": 0.9249999999999999, ""loss"": -0.07582391896270774, ""mean_reward"": 0.6323581201361297, ""score_path"": -0.5565339049393749}"
training_epoch,0,601,training,,264,mean_reward,0.5214999952808304,1.9629410134762733,aee37f0ca66257cda39ae5143305a583504e6068b837b04cdaca8c94a67ea076,"{""baseline"": 0.5148037813082771, ""control_residual_rms"": 0.15798288456109597, ""control_slew_rms"": 0.025298774601962344, ""epoch"": 264, ""gradient_norm_before_clip"": 1.9629410134762733, ""ground_outcome_fraction"": 0.8166666666666667, ""loss"": -0.810128627627744, ""mean_reward"": 0.5214999952808304, ""score_path"": 0.28862888833311173}"
training_epoch,0,601,training,,265,mean_reward,0.6545890809099715,1.291017899804497,aee37f0ca66257cda39ae5143305a583504e6068b837b04cdaca8c94a67ea076,"{""baseline"": 0.5217930462883619, ""control_residual_rms"": 0.17438562511523806, ""control_slew_rms"": 0.018995513215578515, ""epoch"": 265, ""gradient_norm_before_clip"": 1.291017899804497, ""ground_outcome_fraction"": 0.95, ""loss"": -0.19355620770041992, ""mean_reward"": 0.6545890809099715, ""score_path"": -0.46103256549779387}"
training_epoch,0,601,training,,266,mean_reward,0.4478061763757616,3.3065827269628687,aee37f0ca66257cda39ae5143305a583504e6068b837b04cdaca8c94a67ea076,"{""baseline"": 0.5180937027927318, ""control_residual_rms"": 0.1571844972632025, ""control_slew_rms"": 0.029379915851936268, ""epoch"": 266, ""gradient_norm_before_clip"": 3.3065827269628687, ""ground_outcome_fraction"": 0.8083333333333333, ""loss"": -1.754713203195811, ""mean_reward"": 0.4478061763757616, ""score_path"": 1.306907282521506}"
training_epoch,0,601,training,,267,mean_reward,0.5470795741011061,1.6898119550663713,aee37f0ca66257cda39ae5143305a583504e6068b837b04cdaca8c94a67ea076,"{""baseline"": 0.5195429963581505, ""control_residual_rms"": 0.16689451371771197, ""control_slew_rms"": 0.024580104671525976, ""epoch"": 267, ""gradient_norm_before_clip"": 1.6898119550663713, ""ground_outcome_fraction"": 0.8916666666666666, ""loss"": -1.057031274435133, ""mean_reward"": 0.5470795741011061, ""score_path"": 0.5099519849136294}"
training_epoch,0,601,training,,268,mean_reward,0.5540930516084619,1.837961277415621,aee37f0ca66257cda39ae5143305a583504e6068b837b04cdaca8c94a67ea076,"{""baseline"": 0.521270499120666, ""control_residual_rms"": 0.16358318615038675, ""control_slew_rms"": 0.025841245694831472, ""epoch"": 268, ""gradient_norm_before_clip"": 1.837961277415621, ""ground_outcome_fraction"": 0.8666666666666667, ""loss"": -0.652482621764876, ""mean_reward"": 0.5540930516084619, ""score_path"": 0.09838984442870193}"
training_epoch,0,601,training,,269,mean_reward,0.6259309025585058,1.424009745013497,aee37f0ca66257cda39ae5143305a583504e6068b837b04cdaca8c94a67ea076,"{""baseline"": 0.526503519292558, ""control_residual_rms"": 0.17301148166139216, ""control_slew_rms"": 0.020054425203705418, ""epoch"": 269, ""gradient_norm_before_clip"": 1.424009745013497, ""ground_outcome_fraction"": 0.9166666666666666, ""loss"": -0.5984879751563452, ""mean_reward"": 0.6259309025585058, ""score_path"": -0.027442624050632986}"
training_epoch,0,601,training,,270,mean_reward,0.4532774036007273,2.580802642275493,aee37f0ca66257cda39ae5143305a583504e6068b837b04cdaca8c94a67ea076,"{""baseline"": 0.5228422135079664, ""control_residual_rms"": 0.16466882393108315, ""control_slew_rms"": 0.02676611376784884, ""epoch"": 270, ""gradient_norm_before_clip"": 2.580802642275493, ""ground_outcome_fraction"": 0.8416666666666667, ""loss"": -1.597026713769555, ""mean_reward"": 0.4532774036007273, ""score_path"": 1.1437495884912918}"
training_epoch,0,601,training,,271,mean_reward,0.6141554804061837,1.0247619545449371,aee37f0ca66257cda39ae5143305a583504e6068b837b04cdaca8c94a67ea076,"{""baseline"": 0.5274078768528773, ""control_residual_rms"": 0.1702386302074747, ""control_slew_rms"": 0.022573288678023364, ""epoch"": 271, ""gradient_norm_before_clip"": 1.0247619545449371, ""ground_outcome_fraction"": 0.9, ""loss"": -0.37745645339666845, ""mean_reward"": 0.6141554804061837, ""score_path"": -0.23669873210206954}"
training_epoch,0,601,training,,272,mean_reward,0.46657745655655175,3.0148174803711143,aee37f0ca66257cda39ae5143305a583504e6068b837b04cdaca8c94a67ea076,"{""baseline"": 0.524366355838061, ""control_residual_rms"": 0.15545238307653214, ""control_slew_rms"": 0.03010928060850369, ""epoch"": 272, ""gradient_norm_before_clip"": 3.0148174803711143, ""ground_outcome_fraction"": 0.8083333333333333, ""loss"": -1.1833505389205268, ""mean_reward"": 0.46657745655655175, ""score_path"": 0.7167733330840967}"
training_epoch,0,601,training,,273,mean_reward,0.5064751781935277,3.3032921320665043,aee37f0ca66257cda39ae5143305a583504e6068b837b04cdaca8c94a67ea076,"{""baseline"": 0.5234717969558343, ""control_residual_rms"": 0.1698925624428866, ""control_slew_rms"": 0.023309577619574834, ""epoch"": 273, ""gradient_norm_before_clip"": 3.3032921320665043, ""ground_outcome_fraction"": 0.8916666666666666, ""loss"": -0.6070067786271265, ""mean_reward"": 0.5064751781935277, ""score_path"": 0.10053189450179062}"
training_epoch,0,601,training,,274,mean_reward,0.512148825981017,1.7495367866276483,aee37f0ca66257cda39ae5143305a583504e6068b837b04cdaca8c94a67ea076,"{""baseline"": 0.5229056484070935, ""control_residual_rms"": 0.1615850585475369, ""control_slew_rms"": 0.02591676299560554, ""epoch"": 274, ""gradient_norm_before_clip"": 1.7495367866276483, ""ground_outcome_fraction"": 0.8583333333333333, ""loss"": -0.74770566287364, ""mean_reward"": 0.512148825981017, ""score_path"": 0.23555710470672056}"
training_epoch,0,601,training,,275,mean_reward,0.559563239819734,1.3100310972372509,aee37f0ca66257cda39ae5143305a583504e6068b837b04cdaca8c94a67ea076,"{""baseline"": 0.5247385279777256, ""control_residual_rms"": 0.17780248759669456, ""control_slew_rms"": 0.01595832881966682, ""epoch"": 275, ""gradient_norm_before_clip"": 1.3100310972372509, ""ground_outcome_fraction"": 0.9583333333333334, ""loss"": -0.641342834332438, ""mean_reward"": 0.559563239819734, ""score_path"": 0.08177991319663254}"
training_epoch,0,601,training,,276,mean_reward,0.41521059471036353,2.9720256049140623,aee37f0ca66257cda39ae5143305a583504e6068b837b04cdaca8c94a67ea076,"{""baseline"": 0.5192621313143575, ""control_residual_rms"": 0.15244825454139507, ""control_slew_rms"": 0.028663357428986905, ""epoch"": 276, ""gradient_norm_before_clip"": 2.9720256049140623, ""ground_outcome_fraction"": 0.775, ""loss"": -2.4419403445733683, ""mean_reward"": 0.41521059471036353, ""score_path"": 2.026729990483588}"
training_epoch,0,601,training,,277,mean_reward,0.5854502550720798,3.079251375750688,aee37f0ca66257cda39ae5143305a583504e6068b837b04cdaca8c94a67ea076,"{""baseline"": 0.5225715375022436, ""control_residual_rms"": 0.17421076432421234, ""control_slew_rms"": 0.017914967808321754, ""epoch"": 277, ""gradient_norm_before_clip"": 3.079251375750688, ""ground_outcome_fraction"": 0.95, ""loss"": -0.5605315589875747, ""mean_reward"": 0.5854502550720798, ""score_path"": -0.02491838938114036}"
training_epoch,0,601,training,,278,mean_reward,0.5170077947039226,2.6147048657182124,aee37f0ca66257cda39ae5143305a583504e6068b837b04cdaca8c94a67ea076,"{""baseline"": 0.5222933503623275, ""control_residual_rms"": 0.15501224920345014, ""control_slew_rms"": 0.02671713813452822, ""epoch"": 278, ""gradient_norm_before_clip"": 2.6147048657182124, ""ground_outcome_fraction"": 0.825, ""loss"": -0.49697049934181775, ""mean_reward"": 0.5170077947039226, ""score_path"": -0.020037047936076108}"
training_epoch,0,601,training,,279,mean_reward,0.5722761114037733,1.6010611795784124,aee37f0ca66257cda39ae5143305a583504e6068b837b04cdaca8c94a67ea076,"{""baseline"": 0.5247924884143997, ""control_residual_rms"": 0.1617076209893173, ""control_slew_rms"": 0.023624741826491335, ""epoch"": 279, ""gradient_norm_before_clip"": 1.6010611795784124, ""ground_outcome_fraction"": 0.8833333333333333, ""loss"": -0.7590980158175361, ""mean_reward"": 0.5722761114037733, ""score_path"": 0.18682217148859387}"
training_epoch,0,601,training,,280,mean_reward,0.5923123085704005,1.3840589768259508,aee37f0ca66257cda39ae5143305a583504e6068b837b04cdaca8c94a67ea076,"{""baseline"": 0.5281684794221998, ""control_residual_rms"": 0.17075123516946117, ""control_slew_rms"": 0.018315272954879, ""epoch"": 280, ""gradient_norm_before_clip"": 1.3840589768259508, ""ground_outcome_fraction"": 0.9416666666666667, ""loss"": -0.5881010443412248, ""mean_reward"": 0.5923123085704005, ""score_path"": -0.004210969314840366}"
training_epoch,0,601,training,,281,mean_reward,0.4047968575882227,3.4403347771105577,aee37f0ca66257cda39ae5143305a583504e6068b837b04cdaca8c94a67ea076,"{""baseline"": 0.521999898330501, ""control_residual_rms"": 0.15834962079474316, ""control_slew_rms"": 0.025828560333253966, ""epoch"": 281, ""gradient_norm_before_clip"": 3.4403347771105577, ""ground_outcome_fraction"": 0.8333333333333334, ""loss"": -2.0788303503759185, ""mean_reward"": 0.4047968575882227, ""score_path"": 1.674033750204865}"
training_epoch,0,601,training,,282,mean_reward,0.5898480009302909,1.3180068057354188,aee37f0ca66257cda39ae5143305a583504e6068b837b04cdaca8c94a67ea076,"{""baseline"": 0.5253923034604905, ""control_residual_rms"": 0.16794948347188754, ""control_slew_rms"": 0.02005983170755846, ""epoch"": 282, ""gradient_norm_before_clip"": 1.3180068057354188, ""ground_outcome_fraction"": 0.9249999999999999, ""loss"": -0.6493625643050184, ""mean_reward"": 0.5898480009302909, ""score_path"": 0.059514849468986}"
training_epoch,0,601,training,,283,mean_reward,0.5574260063316814,0.9079558061247524,aee37f0ca66257cda39ae5143305a583504e6068b837b04cdaca8c94a67ea076,"{""baseline"": 0.52699398860405, ""control_residual_rms"": 0.16735265104763758, ""control_slew_rms"": 0.020621666242556434, ""epoch"": 283, ""gradient_norm_before_clip"": 0.9079558061247524, ""ground_outcome_fraction"": 0.9166666666666666, ""loss"": -0.6082240551588995, ""mean_reward"": 0.5574260063316814, ""score_path"": 0.05079833314884756}"
training_epoch,0,601,training,,284,mean_reward,0.48901449861643065,1.4725149761598886,aee37f0ca66257cda39ae5143305a583504e6068b837b04cdaca8c94a67ea076,"{""baseline"": 0.5250950141046691, ""control_residual_rms"": 0.1587833665962582, ""control_slew_rms"": 0.025044908644695562, ""epoch"": 284, ""gradient_norm_before_clip"": 1.4725149761598886, ""ground_outcome_fraction"": 0.8583333333333333, ""loss"": -1.1291562444715864, ""mean_reward"": 0.48901449861643065, ""score_path"": 0.6401420042492054}"
training_epoch,0,601,training,,285,mean_reward,0.5317989947357763,2.3323697659752156,aee37f0ca66257cda39ae5143305a583504e6068b837b04cdaca8c94a67ea076,"{""baseline"": 0.5254302131362244, ""control_residual_rms"": 0.1614274185870909, ""control_slew_rms"": 0.02299734104834663, ""epoch"": 285, ""gradient_norm_before_clip"": 2.3323697659752156, ""ground_outcome_fraction"": 0.875, ""loss"": -1.2471078289700803, ""mean_reward"": 0.5317989947357763, ""score_path"": 0.7153091001111958}"
training_epoch,0,601,training,,286,mean_reward,0.4467387128182717,1.9855820091928242,aee37f0ca66257cda39ae5143305a583504e6068b837b04cdaca8c94a67ea076,"{""baseline"": 0.5214956381203267, ""control_residual_rms"": 0.1514991867223708, ""control_slew_rms"": 0.02715971916585308, ""epoch"": 286, ""gradient_norm_before_clip"": 1.9855820091928242, ""ground_outcome_fraction"": 0.8083333333333333, ""loss"": -1.677005573519145, ""mean_reward"": 0.4467387128182717, ""score_path"": 1.2302670975974126}"
training_epoch,0,601,training,,287,mean_reward,0.376922080344524,2.820276378680546,aee37f0ca66257cda39ae5143305a583504e6068b837b04cdaca8c94a67ea076,"{""baseline"": 0.5142669602315366, ""control_residual_rms"": 0.150000571773323, ""control_slew_rms"": 0.028179599273560653, ""epoch"": 287, ""gradient_norm_before_clip"": 2.820276378680546, ""ground_outcome_fraction"": 0.7833333333333333, ""loss"": -2.650538347875215, ""mean_reward"": 0.376922080344524, ""score_path"": 2.2736165004733047}"
training_epoch,0,601,training,,288,mean_reward,0.5677705501138088,2.375406244877447,aee37f0ca66257cda39ae5143305a583504e6068b837b04cdaca8c94a67ea076,"{""baseline"": 0.5169421397256502, ""control_residual_rms"": 0.16604262967826214, ""control_slew_rms"": 0.020694905430084527, ""epoch"": 288, ""gradient_norm_before_clip"": 2.375406244877447, ""ground_outcome_fraction"": 0.9166666666666666, ""loss"": -0.6835130579289092, ""mean_reward"": 0.5677705501138088, ""score_path"": 0.11574278779944017}"
training_epoch,0,601,training,,289,mean_reward,0.5391362399966282,3.0348169301068637,aee37f0ca66257cda39ae5143305a583504e6068b837b04cdaca8c94a67ea076,"{""baseline"": 0.5180518447391991, ""control_residual_rms"": 0.1588734690004142, ""control_slew_rms"": 0.02416879044105774, ""epoch"": 289, ""gradient_norm_before_clip"": 3.0348169301068637, ""ground_outcome_fraction"": 0.875, ""loss"": -0.7012014149600367, ""mean_reward"": 0.5391362399966282, ""score_path"": 0.16206543321250447}"
training_epoch,0,601,training,,290,mean_reward,0.4201639438276611,2.9313419979266615,aee37f0ca66257cda39ae5143305a583504e6068b837b04cdaca8c94a67ea076,"{""baseline"": 0.5131574496936222, ""control_residual_rms"": 0.15293149355786476, ""control_slew_rms"": 0.02622823196475772, ""epoch"": 290, ""gradient_norm_before_clip"": 2.9313419979266615, ""ground_outcome_fraction"": 0.8083333333333333, ""loss"": -1.5382308098748287, ""mean_reward"": 0.4201639438276611, ""score_path"": 1.1180671068067862}"
training_epoch,0,601,training,,291,mean_reward,0.46995659548817514,2.3556711861168753,aee37f0ca66257cda39ae5143305a583504e6068b837b04cdaca8c94a67ea076,"{""baseline"": 0.5109974069833498, ""control_residual_rms"": 0.15479638786365307, ""control_slew_rms"": 0.025433514457370174, ""epoch"": 291, ""gradient_norm_before_clip"": 2.3556711861168753, ""ground_outcome_fraction"": 0.8333333333333334, ""loss"": -1.681877065544467, ""mean_reward"": 0.46995659548817514, ""score_path"": 1.2119207161441452}"
training_epoch,0,601,training,,292,mean_reward,0.41722526497890505,3.8452631744653014,aee37f0ca66257cda39ae5143305a583504e6068b837b04cdaca8c94a67ea076,"{""baseline"": 0.5063087998831276, ""control_residual_rms"": 0.14584139365652324, ""control_slew_rms"": 0.029113411231351555, ""epoch"": 292, ""gradient_norm_before_clip"": 3.8452631744653014, ""ground_outcome_fraction"": 0.75, ""loss"": -2.380465595680706, ""mean_reward"": 0.41722526497890505, ""score_path"": 1.9632405518748295}"
training_epoch,0,601,training,,293,mean_reward,0.4811652371818214,1.537683017443668,aee37f0ca66257cda39ae5143305a583504e6068b837b04cdaca8c94a67ea076,"{""baseline"": 0.5050516217480623, ""control_residual_rms"": 0.16387515396930563, ""control_slew_rms"": 0.02130504970969431, ""epoch"": 293, ""gradient_norm_before_clip"": 1.537683017443668, ""ground_outcome_fraction"": 0.8916666666666666, ""loss"": -1.1961681242949065, ""mean_reward"": 0.4811652371818214, ""score_path"": 0.7150031602027973}"
training_epoch,0,601,training,,294,mean_reward,0.5680952477385129,1.4603842114663919,aee37f0ca66257cda39ae5143305a583504e6068b837b04cdaca8c94a67ea076,"{""baseline"": 0.5082038030475848, ""control_residual_rms"": 0.15678642070927015, ""control_slew_rms"": 0.02438540648543336, ""epoch"": 294, ""gradient_norm_before_clip"": 1.4603842114663919, ""ground_outcome_fraction"": 0.8666666666666667, ""loss"": -0.39541042212241934, ""mean_reward"": 0.5680952477385129, ""score_path"": -0.17268457384979596}"
training_epoch,0,601,training,,295,mean_reward,0.542460961185122,2.135359311314462,aee37f0ca66257cda39ae5143305a583504e6068b837b04cdaca8c94a67ea076,"{""baseline"": 0.5099166609544616, ""control_residual_rms"": 0.16185880693601512, ""control_slew_rms"": 0.02181739125043442, ""epoch"": 295, ""gradient_norm_before_clip"": 2.135359311314462, ""ground_outcome_fraction"": 0.9, ""loss"": -0.6558502724200216, ""mean_reward"": 0.542460961185122, ""score_path"": 0.11338957797761903}"
training_epoch,0,601,training,,296,mean_reward,0.47338763705281744,2.0396328965337673,aee37f0ca66257cda39ae5143305a583504e6068b837b04cdaca8c94a67ea076,"{""baseline"": 0.5080902097593794, ""control_residual_rms"": 0.15540309663313034, ""control_slew_rms"": 0.02468506018726993, ""epoch"": 296, ""gradient_norm_before_clip"": 2.0396328965337673, ""ground_outcome_fraction"": 0.8416666666666667, ""loss"": -0.8302079037783666, ""mean_reward"": 0.47338763705281744, ""score_path"": 0.3568205143202956}"
training_epoch,0,601,training,,297,mean_reward,0.5246697611736317,1.3043282565334078,aee37f0ca66257cda39ae5143305a583504e6068b837b04cdaca8c94a67ea076,"{""baseline"": 0.508919187330092, ""control_residual_rms"": 0.16053655281160326, ""control_slew_rms"": 0.021576451067063067, ""epoch"": 297, ""gradient_norm_before_clip"": 1.3043282565334078, ""ground_outcome_fraction"": 0.8833333333333333, ""loss"": -0.9198174672439872, ""mean_reward"": 0.5246697611736317, ""score_path"": 0.3951479684456357}"
training_epoch,0,601,training,,298,mean_reward,0.6186215529026294,1.0551684885349042,aee37f0ca66257cda39ae5143305a583504e6068b837b04cdaca8c94a67ea076,"{""baseline"": 0.5144043056087189, ""control_residual_rms"": 0.1648978159069446, ""control_slew_rms"": 0.018668713117255983, ""epoch"": 298, ""gradient_norm_before_clip"": 1.0551684885349042, ""ground_outcome_fraction"": 0.9249999999999999, ""loss"": -0.19196834654902165, ""mean_reward"": 0.6186215529026294, ""score_path"": -0.4266529309555024}"
training_epoch,0,601,training,,299,mean_reward,0.5424882981557857,2.057486533960042,aee37f0ca66257cda39ae5143305a583504e6068b837b04cdaca8c94a67ea076,"{""baseline"": 0.5158085052360722, ""control_residual_rms"": 0.15975510170719245, ""control_slew_rms"": 0.02159105634572536, ""epoch"": 299, ""gradient_norm_before_clip"": 2.057486533960042, ""ground_outcome_fraction"": 0.8833333333333333, ""loss"": -0.7714136841670844, ""mean_reward"": 0.5424882981557857, ""score_path"": 0.22892564588996112}"
training_epoch,0,601,training,,300,mean_reward,0.4941519053881863,1.2000123383476604,aee37f0ca66257cda39ae5143305a583504e6068b837b04cdaca8c94a67ea076,"{""baseline"": 0.514725675243678, ""control_residual_rms"": 0.1541187157887793, ""control_slew_rms"": 0.025422442204325157, ""epoch"": 300, ""gradient_norm_before_clip"": 1.2000123383476604, ""ground_outcome_fraction"": 0.825, ""loss"": -1.0239389666965673, ""mean_reward"": 0.4941519053881863, ""score_path"": 0.529787305297172}"
training_epoch,0,601,training,,301,mean_reward,0.6175865255793674,1.3947359159560266,aee37f0ca66257cda39ae5143305a583504e6068b837b04cdaca8c94a67ea076,"{""baseline"": 0.5198687177604625, ""control_residual_rms"": 0.16217216484000482, ""control_slew_rms"": 0.021348606748682025, ""epoch"": 301, ""gradient_norm_before_clip"": 1.3947359159560266, ""ground_outcome_fraction"": 0.9, ""loss"": -0.5435619283628287, ""mean_reward"": 0.6175865255793674, ""score_path"": -0.07402432966079815}"
training_epoch,0,601,training,,302,mean_reward,0.4331606315305262,2.0912690705418364,aee37f0ca66257cda39ae5143305a583504e6068b837b04cdaca8c94a67ea076,"{""baseline"": 0.5155333134489657, ""control_residual_rms"": 0.14190418137318983, ""control_slew_rms"": 0.0292193965732025, ""epoch"": 302, ""gradient_norm_before_clip"": 2.0912690705418364, ""ground_outcome_fraction"": 0.7416666666666667, ""loss"": -2.2819660566343005, ""mean_reward"": 0.4331606315305262, ""score_path"": 1.8488056350094724}"
training_epoch,0,601,training,,303,mean_reward,0.4191545100754364,4.43668584159651,aee37f0ca66257cda39ae5143305a583504e6068b837b04cdaca8c94a67ea076,"{""baseline"": 0.5107143732802892, ""control_residual_rms"": 0.1563935375048579, ""control_slew_rms"": 0.025586874116290535, ""epoch"": 303, ""gradient_norm_before_clip"": 4.43668584159651, ""ground_outcome_fraction"": 0.8333333333333334, ""loss"": -2.253316407252145, ""mean_reward"": 0.4191545100754364, ""score_path"": 1.8341621483129757}"
training_epoch,0,601,training,,304,mean_reward,0.5149189364308651,2.0042504665091503,aee37f0ca66257cda39ae5143305a583504e6068b837b04cdaca8c94a67ea076,"{""baseline"": 0.510924601437818, ""control_residual_rms"": 0.16510206697758117, ""control_slew_rms"": 0.022816529656002157, ""epoch"": 304, ""gradient_norm_before_clip"": 2.0042504665091503, ""ground_outcome_fraction"": 0.8833333333333333, ""loss"": -1.184075346500881, ""mean_reward"": 0.5149189364308651, ""score_path"": 0.6691566878628816}"
training_epoch,0,601,training,,305,mean_reward,0.599498658142383,1.7642647843513637,aee37f0ca66257cda39ae5143305a583504e6068b837b04cdaca8c94a67ea076,"{""baseline"": 0.5153533042730463, ""control_residual_rms"": 0.16853999951876394, ""control_slew_rms"": 0.020973958193494666, ""epoch"": 305, ""gradient_norm_before_clip"": 1.7642647843513637, ""ground_outcome_fraction"": 0.9166666666666666, ""loss"": -0.35302774051468017, ""mean_reward"": 0.599498658142383, ""score_path"": -0.24647062917131923}"
training_epoch,0,601,training,,306,mean_reward,0.4695275833262269,2.89184689494212,aee37f0ca66257cda39ae5143305a583504e6068b837b04cdaca8c94a67ea076,"{""baseline"": 0.5130620182257053, ""control_residual_rms"": 0.1586380942834615, ""control_slew_rms"": 0.026550308847648103, ""epoch"": 306, ""gradient_norm_before_clip"": 2.89184689494212, ""ground_outcome_fraction"": 0.8333333333333334, ""loss"": -1.0312906022430899, ""mean_reward"": 0.4695275833262269, ""score_path"": 0.5617632776265016}"
training_epoch,0,601,training,,307,mean_reward,0.5700463834071857,1.728976146836721,aee37f0ca66257cda39ae5143305a583504e6068b837b04cdaca8c94a67ea076,"{""baseline"": 0.5159112364847793, ""control_residual_rms"": 0.16168756963107633, ""control_slew_rms"": 0.02559457001494886, ""epoch"": 307, ""gradient_norm_before_clip"": 1.728976146836721, ""ground_outcome_fraction"": 0.8583333333333333, ""loss"": -0.4380954887898271, ""mean_reward"": 0.5700463834071857, ""score_path"": -0.1319506266378367}"
training_epoch,0,601,training,,308,mean_reward,0.5586791026271507,1.988494961461405,aee37f0ca66257cda39ae5143305a583504e6068b837b04cdaca8c94a67ea076,"{""baseline"": 0.518049629791898, ""control_residual_rms"": 0.1653959359324841, ""control_slew_rms"": 0.025738300774531736, ""epoch"": 308, ""gradient_norm_before_clip"": 1.988494961461405, ""ground_outcome_fraction"": 0.8666666666666667, ""loss"": -0.42772189915263903, ""mean_reward"": 0.5586791026271507, ""score_path"": -0.13095692329175418}"
training_epoch,0,601,training,,309,mean_reward,0.3969289591375952,1.9382703752209145,aee37f0ca66257cda39ae5143305a583504e6068b837b04cdaca8c94a67ea076,"{""baseline"": 0.5119935962591828, ""control_residual_rms"": 0.16844495676228366, ""control_slew_rms"": 0.024573386475118413, ""epoch"": 309, ""gradient_norm_before_clip"": 1.9382703752209145, ""ground_outcome_fraction"": 0.85, ""loss"": -1.8995228094769014, ""mean_reward"": 0.3969289591375952, ""score_path"": 1.5025941401148541}"
training_epoch,0,601,training,,310,mean_reward,0.55141685427711,2.231027873324883,aee37f0ca66257cda39ae5143305a583504e6068b837b04cdaca8c94a67ea076,"{""baseline"": 0.5139647591600792, ""control_residual_rms"": 0.1713323810951127, ""control_slew_rms"": 0.023868395484662932, ""epoch"": 310, ""gradient_norm_before_clip"": 2.231027873324883, ""ground_outcome_fraction"": 0.8916666666666666, ""loss"": -0.5430277612782746, ""mean_reward"": 0.55141685427711, ""score_path"": -0.008388793753984231}"
training_epoch,0,601,training,,311,mean_reward,0.49902884970819583,1.5532627081684385,aee37f0ca66257cda39ae5143305a583504e6068b837b04cdaca8c94a67ea076,"{""baseline"": 0.5132179636874851, ""control_residual_rms"": 0.16357218037556925, ""control_slew_rms"": 0.0260365057945215, ""epoch"": 311, ""gradient_norm_before_clip"": 1.5532627081684385, ""ground_outcome_fraction"": 0.8416666666666667, ""loss"": -1.156119102173385, ""mean_reward"": 0.49902884970819583, ""score_path"": 0.6570905268027674}"
training_epoch,0,601,training,,312,mean_reward,0.5263959061316468,2.5673018088243347,aee37f0ca66257cda39ae5143305a583504e6068b837b04cdaca8c94a67ea076,"{""baseline"": 0.5138768608096932, ""control_residual_rms"": 0.1778333439775305, ""control_slew_rms"": 0.019715837789788273, ""epoch"": 312, ""gradient_norm_before_clip"": 2.5673018088243347, ""ground_outcome_fraction"": 0.9249999999999999, ""loss"": -0.5492906669179893, ""mean_reward"": 0.5263959061316468, ""score_path"": 0.0228950809204674}"
training_epoch,0,601,training,,313,mean_reward,0.42867577222821934,1.9298236844318275,aee37f0ca66257cda39ae5143305a583504e6068b837b04cdaca8c94a67ea076,"{""baseline"": 0.5096168063806195, ""control_residual_rms"": 0.1638431076218821, ""control_slew_rms"": 0.025629204894320527, ""epoch"": 313, ""gradient_norm_before_clip"": 1.9298236844318275, ""ground_outcome_fraction"": 0.8166666666666667, ""loss"": -1.906317634818177, ""mean_reward"": 0.42867577222821934, ""score_path"": 1.4776421376041582}"
training_epoch,0,601,training,,314,mean_reward,0.5996404984277988,1.4597355269118992,aee37f0ca66257cda39ae5143305a583504e6068b837b04cdaca8c94a67ea076,"{""baseline"": 0.5141179909829785, ""control_residual_rms"": 0.17433817508560207, ""control_slew_rms"": 0.020232866901744116, ""epoch"": 314, ""gradient_norm_before_clip"": 1.4597355269118992, ""ground_outcome_fraction"": 0.9166666666666666, ""loss"": -0.2763606623583506, ""mean_reward"": 0.5996404984277988, ""score_path"": -0.32327952803776616}"
training_epoch,0,601,training,,315,mean_reward,0.4672378119814227,4.979218463582838,aee37f0ca66257cda39ae5143305a583504e6068b837b04cdaca8c94a67ea076,"{""baseline"": 0.5117739820329007, ""control_residual_rms"": 0.1579570030512977, ""control_slew_rms"": 0.028029257704318945, ""epoch"": 315, ""gradient_norm_before_clip"": 4.979218463582838, ""ground_outcome_fraction"": 0.8083333333333333, ""loss"": -1.435587979819806, ""mean_reward"": 0.4672378119814227, ""score_path"": 0.9683504251989243}"
training_epoch,0,601,training,,316,mean_reward,0.525406957271199,2.9578754942477685,aee37f0ca66257cda39ae5143305a583504e6068b837b04cdaca8c94a67ea076,"{""baseline"": 0.5124556307948156, ""control_residual_rms"": 0.1721865402533971, ""control_slew_rms"": 0.022087062546891315, ""epoch"": 316, ""gradient_norm_before_clip"": 2.9578754942477685, ""ground_outcome_fraction"": 0.9, ""loss"": -1.0810830114617516, ""mean_reward"": 0.525406957271199, ""score_path"": 0.5556763555509823}"
training_epoch,0,601,training,,317,mean_reward,0.6113179637869885,3.6414299127656227,aee37f0ca66257cda39ae5143305a583504e6068b837b04cdaca8c94a67ea076,"{""baseline"": 0.5173987474444243, ""control_residual_rms"": 0.1761792866225687, ""control_slew_rms"": 0.01936413634700285, ""epoch"": 317, ""gradient_norm_before_clip"": 3.6414299127656227, ""ground_outcome_fraction"": 0.9416666666666667, ""loss"": -0.5724973189909915, ""mean_reward"": 0.6113179637869885, ""score_path"": -0.038820330654888914}"
training_epoch,0,601,training,,318,mean_reward,0.5999645797752694,0.7561676292424924,aee37f0ca66257cda39ae5143305a583504e6068b837b04cdaca8c94a67ea076,"{""baseline"": 0.5215270390609665, ""control_residual_rms"": 0.17387005065393263, ""control_slew_rms"": 0.020502436440797016, ""epoch"": 318, ""gradient_norm_before_clip"": 0.7561676292424924, ""ground_outcome_fraction"": 0.9166666666666666, ""loss"": -0.4399196375058563, ""mean_reward"": 0.5999645797752694, ""score_path"": -0.16004463575796904}"
training_epoch,0,601,training,,319,mean_reward,0.6073608358669516,2.2637430421825284,aee37f0ca66257cda39ae5143305a583504e6068b837b04cdaca8c94a67ea076,"{""baseline"": 0.5258187289012658, ""control_residual_rms"": 0.17432134579053066, ""control_slew_rms"": 0.020193978606709174, ""epoch"": 319, ""gradient_norm_before_clip"": 2.2637430421825284, ""ground_outcome_fraction"": 0.9249999999999999, ""loss"": -0.5577831975179723, ""mean_reward"": 0.6073608358669516, ""score_path"": -0.049577330391695575}"
training_epoch,0,601,training,,320,mean_reward,0.3568302092023111,3.714849767205731,aee37f0ca66257cda39ae5143305a583504e6068b837b04cdaca8c94a67ea076,"{""baseline"": 0.5173693029163181, ""control_residual_rms"": 0.15480033934602697, ""control_slew_rms"": 0.028486423081276878, ""epoch"": 320, ""gradient_norm_before_clip"": 3.714849767205731, ""ground_outcome_fraction"": 0.7666666666666666, ""loss"": -2.393621094524261, ""mean_reward"": 0.3568302092023111, ""score_path"": 2.0367911330681636}"
validation_checkpoint,0,601,validation,,0,selection_score,0.3034994064193953,,aee37f0ca66257cda39ae5143305a583504e6068b837b04cdaca8c94a67ea076,"{""fidelity_effective_lifetime_cycles"": 3.607625486458097, ""fidelity_normalized_auc"": 0.3376730268078374, ""logical_z_effective_lifetime_cycles"": 2.777756055032713, ""logical_z_normalized_auc"": 0.2693257860309533}"
validation_checkpoint,0,601,validation,,40,selection_score,0.39909971661175625,,aee37f0ca66257cda39ae5143305a583504e6068b837b04cdaca8c94a67ea076,"{""fidelity_effective_lifetime_cycles"": 4.8971760747410364, ""fidelity_normalized_auc"": 0.42432291100340225, ""logical_z_effective_lifetime_cycles"": 4.129846608010519, ""logical_z_normalized_auc"": 0.37387652222011025}"
validation_checkpoint,0,601,validation,,80,selection_score,0.53825612674627,,aee37f0ca66257cda39ae5143305a583504e6068b837b04cdaca8c94a67ea076,"{""fidelity_effective_lifetime_cycles"": 7.9459413447850515, ""fidelity_normalized_auc"": 0.56731678443229, ""logical_z_effective_lifetime_cycles"": 6.544153898597686, ""logical_z_normalized_auc"": 0.5091954690602498}"
validation_checkpoint,0,601,validation,,120,selection_score,0.5629016552274251,,aee37f0ca66257cda39ae5143305a583504e6068b837b04cdaca8c94a67ea076,"{""fidelity_effective_lifetime_cycles"": 8.591425804076309, ""fidelity_normalized_auc"": 0.5894199406262477, ""logical_z_effective_lifetime_cycles"": 7.176865697210816, ""logical_z_normalized_auc"": 0.5363833698286024}"
validation_checkpoint,0,601,validation,,160,selection_score,0.5759118893691711,,aee37f0ca66257cda39ae5143305a583504e6068b837b04cdaca8c94a67ea076,"{""fidelity_effective_lifetime_cycles"": 9.01905896358783, ""fidelity_normalized_auc"": 0.6033597626428455, ""logical_z_effective_lifetime_cycles"": 7.453441948017507, ""logical_z_normalized_auc"": 0.5484640160954968}"
validation_checkpoint,0,601,validation,,200,selection_score,0.5757068332913156,,aee37f0ca66257cda39ae5143305a583504e6068b837b04cdaca8c94a67ea076,"{""fidelity_effective_lifetime_cycles"": 9.062288956162162, ""fidelity_normalized_auc"": 0.6042141552178233, ""logical_z_effective_lifetime_cycles"": 7.460768968631521, ""logical_z_normalized_auc"": 0.5471995113648078}"
validation_checkpoint,0,601,validation,,240,selection_score,0.5869740598867734,,aee37f0ca66257cda39ae5143305a583504e6068b837b04cdaca8c94a67ea076,"{""fidelity_effective_lifetime_cycles"": 9.268248158383711, ""fidelity_normalized_auc"": 0.611226954861716, ""logical_z_effective_lifetime_cycles"": 7.810386881625579, ""logical_z_normalized_auc"": 0.5627211649118309}"
validation_checkpoint,0,601,validation,,280,selection_score,0.5800988308804041,,aee37f0ca66257cda39ae5143305a583504e6068b837b04cdaca8c94a67ea076,"{""fidelity_effective_lifetime_cycles"": 9.148994567709133, ""fidelity_normalized_auc"": 0.6073517624968932, ""logical_z_effective_lifetime_cycles"": 7.573530149550607, ""logical_z_normalized_auc"": 0.5528458992639151}"
validation_checkpoint,0,601,validation,,320,selection_score,0.587631778472019,,aee37f0ca66257cda39ae5143305a583504e6068b837b04cdaca8c94a67ea076,"{""fidelity_effective_lifetime_cycles"": 9.367235202078266, ""fidelity_normalized_auc"": 0.6141902715881551, ""logical_z_effective_lifetime_cycles"": 7.766381226190749, ""logical_z_normalized_auc"": 0.5610732853558829}"
held_out_metric,0,601,evaluation,12,,fidelity_effective_lifetime_cycles,9.015903800930655,0.604210865343689,aee37f0ca66257cda39ae5143305a583504e6068b837b04cdaca8c94a67ea076,"{""data_seed"": 42013, ""maximum_hermiticity_error"": 0.0, ""maximum_trace_error"": 4.440892098500626e-16, ""minimum_final_eigenvalue"": 0.0, ""trajectory_count"": 64}"
held_out_metric,0,601,evaluation,12,,logical_z_effective_lifetime_cycles,7.30761495292907,0.544779178789941,aee37f0ca66257cda39ae5143305a583504e6068b837b04cdaca8c94a67ea076,"{""data_seed"": 42013, ""maximum_hermiticity_error"": 0.0, ""maximum_trace_error"": 4.440892098500626e-16, ""minimum_final_eigenvalue"": 0.0, ""trajectory_count"": 64}"
held_out_metric,0,601,evaluation,12,,fidelity_effective_lifetime_cycles,8.59161220764619,0.5908813618699001,aee37f0ca66257cda39ae5143305a583504e6068b837b04cdaca8c94a67ea076,"{""data_seed"": 42017, ""maximum_hermiticity_error"": 0.0, ""maximum_trace_error"": 4.440892098500626e-16, ""minimum_final_eigenvalue"": 0.0, ""trajectory_count"": 64}"
held_out_metric,0,601,evaluation,12,,logical_z_effective_lifetime_cycles,6.862630614673412,0.5264357609794121,aee37f0ca66257cda39ae5143305a583504e6068b837b04cdaca8c94a67ea076,"{""data_seed"": 42017, ""maximum_hermiticity_error"": 0.0, ""maximum_trace_error"": 4.440892098500626e-16, ""minimum_final_eigenvalue"": 0.0, ""trajectory_count"": 64}"
held_out_metric,0,601,evaluation,12,,fidelity_effective_lifetime_cycles,8.726458156716639,0.5952100384307895,aee37f0ca66257cda39ae5143305a583504e6068b837b04cdaca8c94a67ea076,"{""data_seed"": 42019, ""maximum_hermiticity_error"": 0.0, ""maximum_trace_error"": 3.3306690738754696e-16, ""minimum_final_eigenvalue"": 0.0, ""trajectory_count"": 64}"
held_out_metric,0,601,evaluation,12,,logical_z_effective_lifetime_cycles,6.926515034736807,0.5291537049412699,aee37f0ca66257cda39ae5143305a583504e6068b837b04cdaca8c94a67ea076,"{""data_seed"": 42019, ""maximum_hermiticity_error"": 0.0, ""maximum_trace_error"": 3.3306690738754696e-16, ""minimum_final_eigenvalue"": 0.0, ""trajectory_count"": 64}"
held_out_metric,0,601,evaluation,12,,fidelity_effective_lifetime_cycles,9.015778239216068,0.6042070442133828,aee37f0ca66257cda39ae5143305a583504e6068b837b04cdaca8c94a67ea076,"{""data_seed"": 42023, ""maximum_hermiticity_error"": 0.0, ""maximum_trace_error"": 4.440892098500626e-16, ""minimum_final_eigenvalue"": 0.0, ""trajectory_count"": 64}"
held_out_metric,0,601,evaluation,12,,logical_z_effective_lifetime_cycles,7.398063813882628,0.5483455054444335,aee37f0ca66257cda39ae5143305a583504e6068b837b04cdaca8c94a67ea076,"{""data_seed"": 42023, ""maximum_hermiticity_error"": 0.0, ""maximum_trace_error"": 4.440892098500626e-16, ""minimum_final_eigenvalue"": 0.0, ""trajectory_count"": 64}"
held_out_metric,0,601,evaluation,12,,fidelity_effective_lifetime_cycles,8.179081245869607,0.5770714985854298,aee37f0ca66257cda39ae5143305a583504e6068b837b04cdaca8c94a67ea076,"{""data_seed"": 42043, ""maximum_hermiticity_error"": 0.0, ""maximum_trace_error"": 4.440892098500626e-16, ""minimum_final_eigenvalue"": 0.0, ""trajectory_count"": 64}"
held_out_metric,0,601,evaluation,12,,logical_z_effective_lifetime_cycles,6.350120282739423,0.5035299413951636,aee37f0ca66257cda39ae5143305a583504e6068b837b04cdaca8c94a67ea076,"{""data_seed"": 42043, ""maximum_hermiticity_error"": 0.0, ""maximum_trace_error"": 4.440892098500626e-16, ""minimum_final_eigenvalue"": 0.0, ""trajectory_count"": 64}"
held_out_metric,0,601,evaluation,12,,fidelity_effective_lifetime_cycles,8.876729475868515,0.5999314960691218,aee37f0ca66257cda39ae5143305a583504e6068b837b04cdaca8c94a67ea076,"{""data_seed"": 42061, ""maximum_hermiticity_error"": 0.0, ""maximum_trace_error"": 4.440892098500626e-16, ""minimum_final_eigenvalue"": 0.0, ""trajectory_count"": 64}"
held_out_metric,0,601,evaluation,12,,logical_z_effective_lifetime_cycles,7.107776525364498,0.5367089751116002,aee37f0ca66257cda39ae5143305a583504e6068b837b04cdaca8c94a67ea076,"{""data_seed"": 42061, ""maximum_hermiticity_error"": 0.0, ""maximum_trace_error"": 4.440892098500626e-16, ""minimum_final_eigenvalue"": 0.0, ""trajectory_count"": 64}"
held_out_metric,0,601,evaluation,12,,fidelity_effective_lifetime_cycles,8.244035262002626,0.579304597847402,aee37f0ca66257cda39ae5143305a583504e6068b837b04cdaca8c94a67ea076,"{""data_seed"": 42071, ""maximum_hermiticity_error"": 0.0, ""maximum_trace_error"": 4.440892098500626e-16, ""minimum_final_eigenvalue"": 0.0, ""trajectory_count"": 64}"
held_out_metric,0,601,evaluation,12,,logical_z_effective_lifetime_cycles,6.3888191318426735,0.5053306822432403,aee37f0ca66257cda39ae5143305a583504e6068b837b04cdaca8c94a67ea076,"{""data_seed"": 42071, ""maximum_hermiticity_error"": 0.0, ""maximum_trace_error"": 4.440892098500626e-16, ""minimum_final_eigenvalue"": 0.0, ""trajectory_count"": 64}"
held_out_metric,0,601,evaluation,12,,fidelity_effective_lifetime_cycles,9.302359326062302,0.6127472588297318,aee37f0ca66257cda39ae5143305a583504e6068b837b04cdaca8c94a67ea076,"{""data_seed"": 42073, ""maximum_hermiticity_error"": 0.0, ""maximum_trace_error"": 3.3306690738754696e-16, ""minimum_final_eigenvalue"": 0.0, ""trajectory_count"": 64}"
held_out_metric,0,601,evaluation,12,,logical_z_effective_lifetime_cycles,7.672828377168962,0.5588628678421547,aee37f0ca66257cda39ae5143305a583504e6068b837b04cdaca8c94a67ea076,"{""data_seed"": 42073, ""maximum_hermiticity_error"": 0.0, ""maximum_trace_error"": 3.3306690738754696e-16, ""minimum_final_eigenvalue"": 0.0, ""trajectory_count"": 64}"
held_out_metric,0,601,confirmation,16,,fidelity_effective_lifetime_cycles,10.057951931511678,0.6336457334440834,aee37f0ca66257cda39ae5143305a583504e6068b837b04cdaca8c94a67ea076,"{""data_seed"": 43003, ""maximum_hermiticity_error"": 0.0, ""maximum_trace_error"": 4.440892098500626e-16, ""minimum_final_eigenvalue"": 0.0, ""trajectory_count"": 32}"
held_out_metric,0,601,confirmation,16,,logical_z_effective_lifetime_cycles,8.707642001636213,0.5946113027514859,aee37f0ca66257cda39ae5143305a583504e6068b837b04cdaca8c94a67ea076,"{""data_seed"": 43003, ""maximum_hermiticity_error"": 0.0, ""maximum_trace_error"": 4.440892098500626e-16, ""minimum_final_eigenvalue"": 0.0, ""trajectory_count"": 32}"
held_out_metric,0,601,confirmation,16,,fidelity_effective_lifetime_cycles,9.514490160716434,0.618843338646361,aee37f0ca66257cda39ae5143305a583504e6068b837b04cdaca8c94a67ea076,"{""data_seed"": 43013, ""maximum_hermiticity_error"": 0.0, ""maximum_trace_error"": 4.440892098500626e-16, ""minimum_final_eigenvalue"": 0.0, ""trajectory_count"": 32}"
held_out_metric,0,601,confirmation,16,,logical_z_effective_lifetime_cycles,7.8911520038578615,0.5668946802154188,aee37f0ca66257cda39ae5143305a583504e6068b837b04cdaca8c94a67ea076,"{""data_seed"": 43013, ""maximum_hermiticity_error"": 0.0, ""maximum_trace_error"": 4.440892098500626e-16, ""minimum_final_eigenvalue"": 0.0, ""trajectory_count"": 32}"
held_out_metric,0,601,confirmation,16,,fidelity_effective_lifetime_cycles,9.57425283636222,0.6205274367051977,aee37f0ca66257cda39ae5143305a583504e6068b837b04cdaca8c94a67ea076,"{""data_seed"": 43019, ""maximum_hermiticity_error"": 0.0, ""maximum_trace_error"": 3.3306690738754696e-16, ""minimum_final_eigenvalue"": 0.0, ""trajectory_count"": 32}"
held_out_metric,0,601,confirmation,16,,logical_z_effective_lifetime_cycles,7.913684535093994,0.5677078425681052,aee37f0ca66257cda39ae5143305a583504e6068b837b04cdaca8c94a67ea076,"{""data_seed"": 43019, ""maximum_hermiticity_error"": 0.0, ""maximum_trace_error"": 3.3306690738754696e-16, ""minimum_final_eigenvalue"": 0.0, ""trajectory_count"": 32}"
held_out_metric,0,601,confirmation,16,,fidelity_effective_lifetime_cycles,9.404346796230936,0.6157014151920874,aee37f0ca66257cda39ae5143305a583504e6068b837b04cdaca8c94a67ea076,"{""data_seed"": 43037, ""maximum_hermiticity_error"": 0.0, ""maximum_trace_error"": 3.3306690738754696e-16, ""minimum_final_eigenvalue"": 0.0, ""trajectory_count"": 32}"
held_out_metric,0,601,confirmation,16,,logical_z_effective_lifetime_cycles,7.6590649105980315,0.5583470682199436,aee37f0ca66257cda39ae5143305a583504e6068b837b04cdaca8c94a67ea076,"{""data_seed"": 43037, ""maximum_hermiticity_error"": 0.0, ""maximum_trace_error"": 3.3306690738754696e-16, ""minimum_final_eigenvalue"": 0.0, ""trajectory_count"": 32}"
training_epoch,1,709,training,,1,mean_reward,0.21728323702154306,1.5278057517095696,46989ab157532bcdb12282ee74b3fb69ab225a5beb744dc41c8378512aef81b2,"{""baseline"": 0.21244086143909277, ""control_residual_rms"": 0.0014287175743867894, ""control_slew_rms"": 0.001005236056056398, ""epoch"": 1, ""gradient_norm_before_clip"": 1.5278057517095696, ""ground_outcome_fraction"": 0.6833333333333333, ""loss"": -0.12136145314474757, ""mean_reward"": 0.21728323702154306, ""score_path"": -0.09592178384627816}"
training_epoch,1,709,training,,2,mean_reward,0.23009689148038884,2.3820339233382644,46989ab157532bcdb12282ee74b3fb69ab225a5beb744dc41c8378512aef81b2,"{""baseline"": 0.2133236629411576, ""control_residual_rms"": 0.001815246767681105, ""control_slew_rms"": 0.0010973691898701016, ""epoch"": 2, ""gradient_norm_before_clip"": 2.3820339233382644, ""ground_outcome_fraction"": 0.7416666666666667, ""loss"": -0.3026698187269218, ""mean_reward"": 0.23009689148038884, ""score_path"": 0.07257292729152634}"
training_epoch,1,709,training,,3,mean_reward,0.12965832274428338,1.633173205237749,46989ab157532bcdb12282ee74b3fb69ab225a5beb744dc41c8378512aef81b2,"{""baseline"": 0.20914039593131387, ""control_residual_rms"": 0.0019114776414625627, ""control_slew_rms"": 0.0014028589579268202, ""epoch"": 3, ""gradient_norm_before_clip"": 1.633173205237749, ""ground_outcome_fraction"": 0.5416666666666666, ""loss"": -1.1795062938269791, ""mean_reward"": 0.12965832274428338, ""score_path"": 1.0498479711389133}"
training_epoch,1,709,training,,4,mean_reward,0.32443245608475313,3.363003729655874,46989ab157532bcdb12282ee74b3fb69ab225a5beb744dc41c8378512aef81b2,"{""baseline"": 0.21490499893898582, ""control_residual_rms"": 0.0025779961980442884, ""control_slew_rms"": 0.0013851746651347937, ""epoch"": 4, ""gradient_norm_before_clip"": 3.363003729655874, ""ground_outcome_fraction"": 0.7916666666666666, ""loss"": 0.6034872491219271, ""mean_reward"": 0.32443245608475313, ""score_path"": -0.9279197051210325}"
training_epoch,1,709,training,,5,mean_reward,0.24082239654232312,1.5252458218185856,46989ab157532bcdb12282ee74b3fb69ab225a5beb744dc41c8378512aef81b2,"{""baseline"": 0.21620086881915268, ""control_residual_rms"": 0.0026095449437522015, ""control_slew_rms"": 0.0015435783703076611, ""epoch"": 5, ""gradient_norm_before_clip"": 1.5252458218185856, ""ground_outcome_fraction"": 0.6583333333333333, ""loss"": -0.07088771103251078, ""mean_reward"": 0.24082239654232312, ""score_path"": -0.16993468541788875}"
training_epoch,1,709,training,,6,mean_reward,0.19385024507541382,1.659802222748649,46989ab157532bcdb12282ee74b3fb69ab225a5beb744dc41c8378512aef81b2,"{""baseline"": 0.21508333763196574, ""control_residual_rms"": 0.003109069893373762, ""control_slew_rms"": 0.001661547886736831, ""epoch"": 6, ""gradient_norm_before_clip"": 1.659802222748649, ""ground_outcome_fraction"": 0.7166666666666667, ""loss"": -0.6735193960694119, ""mean_reward"": 0.19385024507541382, ""score_path"": 0.4796691511182686}"
training_epoch,1,709,training,,7,mean_reward,0.22998250889600994,1.6369115972925765,46989ab157532bcdb12282ee74b3fb69ab225a5beb744dc41c8378512aef81b2,"{""baseline"": 0.21582829619516794, ""control_residual_rms"": 0.0035046869805733486, ""control_slew_rms"": 0.0017648169054052597, ""epoch"": 7, ""gradient_norm_before_clip"": 1.6369115972925765, ""ground_outcome_fraction"": 0.7, ""loss"": -0.06739414654082096, ""mean_reward"": 0.22998250889600994, ""score_path"": -0.1625883622012149}"
training_epoch,1,709,training,,8,mean_reward,0.271770469827008,2.1027980663280017,46989ab157532bcdb12282ee74b3fb69ab225a5beb744dc41c8378512aef81b2,"{""baseline"": 0.21862540487675997, ""control_residual_rms"": 0.003793041189057952, ""control_slew_rms"": 0.001962071370405382, ""epoch"": 8, ""gradient_norm_before_clip"": 2.1027980663280017, ""ground_outcome_fraction"": 0.6833333333333333, ""loss"": 0.031775611762125025, ""mean_reward"": 0.271770469827008, ""score_path"": -0.30354608140676415}"
training_epoch,1,709,training,,9,mean_reward,0.29789154473313734,2.6405223277710195,46989ab157532bcdb12282ee74b3fb69ab225a5beb744dc41c8378512aef81b2,"{""baseline"": 0.22258871186957885, ""control_residual_rms"": 0.004040688814434212, ""control_slew_rms"": 0.0021819514166628606, ""epoch"": 9, ""gradient_norm_before_clip"": 2.6405223277710195, ""ground_outcome_fraction"": 0.6583333333333333, ""loss"": 0.3483457983907785, ""mean_reward"": 0.29789154473313734, ""score_path"": -0.646237342913035}"
training_epoch,1,709,training,,10,mean_reward,0.23368590127853942,1.612686514418182,46989ab157532bcdb12282ee74b3fb69ab225a5beb744dc41c8378512aef81b2,"{""baseline"": 0.22314357134002688, ""control_residual_rms"": 0.0046170107553196935, ""control_slew_rms"": 0.0023873608641747967, ""epoch"": 10, ""gradient_norm_before_clip"": 1.612686514418182, ""ground_outcome_fraction"": 0.65, ""loss"": 0.013828811183484717, ""mean_reward"": 0.23368590127853942, ""score_path"": -0.24751471219186133}"
training_epoch,1,709,training,,11,mean_reward,0.21320835854109915,1.4572701677642956,46989ab157532bcdb12282ee74b3fb69ab225a5beb744dc41c8378512aef81b2,"{""baseline"": 0.2226468107000805, ""control_residual_rms"": 0.005440391567243098, ""control_slew_rms"": 0.00252510329692476, ""epoch"": 11, ""gradient_norm_before_clip"": 1.4572701677642956, ""ground_outcome_fraction"": 0.7083333333333334, ""loss"": -0.21964412275198605, ""mean_reward"": 0.21320835854109915, ""score_path"": 0.006435764570626963}"
training_epoch,1,709,training,,12,mean_reward,0.3290848731019583,3.626297382460648,46989ab157532bcdb12282ee74b3fb69ab225a5beb744dc41c8378512aef81b2,"{""baseline"": 0.2279687138201744, ""control_residual_rms"": 0.00601938363957009, ""control_slew_rms"": 0.0025903709432441263, ""epoch"": 12, ""gradient_norm_before_clip"": 3.626297382460648, ""ground_outcome_fraction"": 0.75, ""loss"": 0.29546915220662573, ""mean_reward"": 0.3290848731019583, ""score_path"": -0.624554024879154}"
training_epoch,1,709,training,,13,mean_reward,0.26509962082536737,2.867611081401839,46989ab157532bcdb12282ee74b3fb69ab225a5beb744dc41c8378512aef81b2,"{""baseline"": 0.22982525917043403, ""control_residual_rms"": 0.0064326497310712395, ""control_slew_rms"": 0.002880524360523661, ""epoch"": 13, ""gradient_norm_before_clip"": 2.867611081401839, ""ground_outcome_fraction"": 0.725, ""loss"": -0.09803949422900508, ""mean_reward"": 0.26509962082536737, ""score_path"": -0.16706012609959825}"
training_epoch,1,709,training,,14,mean_reward,0.2007931263769343,2.0616407840551494,46989ab157532bcdb12282ee74b3fb69ab225a5beb744dc41c8378512aef81b2,"{""baseline"": 0.22837365253075906, ""control_residual_rms"": 0.006037509902531771, ""control_slew_rms"": 0.0034373011542144162, ""epoch"": 14, ""gradient_norm_before_clip"": 2.0616407840551494, ""ground_outcome_fraction"": 0.625, ""loss"": -0.7464987416885898, ""mean_reward"": 0.2007931263769343, ""score_path"": 0.5457056157943212}"
training_epoch,1,709,training,,15,mean_reward,0.2796739793962411,2.981828140756441,46989ab157532bcdb12282ee74b3fb69ab225a5beb744dc41c8378512aef81b2,"{""baseline"": 0.23093866887403317, ""control_residual_rms"": 0.008212053578727284, ""control_slew_rms"": 0.0029931266179957423, ""epoch"": 15, ""gradient_norm_before_clip"": 2.981828140756441, ""ground_outcome_fraction"": 0.8166666666666667, ""loss"": 0.2647429107725823, ""mean_reward"": 0.2796739793962411, ""score_path"": -0.5444168894048571}"
training_epoch,1,709,training,,16,mean_reward,0.20714251201930867,1.2448783595840693,46989ab157532bcdb12282ee74b3fb69ab225a5beb744dc41c8378512aef81b2,"{""baseline"": 0.22974886103129694, ""control_residual_rms"": 0.0075308098013492615, ""control_slew_rms"": 0.0036414159547866537, ""epoch"": 16, ""gradient_norm_before_clip"": 1.2448783595840693, ""ground_outcome_fraction"": 0.6833333333333333, ""loss"": -0.6319832114548659, ""mean_reward"": 0.20714251201930867, ""score_path"": 0.42484070013528746}"
training_epoch,1,709,training,,17,mean_reward,0.22597652284844272,1.9226042269580499,46989ab157532bcdb12282ee74b3fb69ab225a5beb744dc41c8378512aef81b2,"{""baseline"": 0.22956024412215423, ""control_residual_rms"": 0.008094201284026757, ""control_slew_rms"": 0.003665509147613602, ""epoch"": 17, ""gradient_norm_before_clip"": 1.9226042269580499, ""ground_outcome_fraction"": 0.6916666666666667, ""loss"": -0.26135769939536047, ""mean_reward"": 0.22597652284844272, ""score_path"": 0.035381177336438266}"
training_epoch,1,709,training,,18,mean_reward,0.2737486176377405,2.807366540872807,46989ab157532bcdb12282ee74b3fb69ab225a5beb744dc41c8378512aef81b2,"{""baseline"": 0.23176966279793354, ""control_residual_rms"": 0.008464638293226032, ""control_slew_rms"": 0.0038502392714476375, ""epoch"": 18, ""gradient_norm_before_clip"": 2.807366540872807, ""ground_outcome_fraction"": 0.7083333333333334, ""loss"": 0.12070024286352736, ""mean_reward"": 0.2737486176377405, ""score_path"": -0.39444885963652343}"
training_epoch,1,709,training,,19,mean_reward,0.29459390741296176,1.2359784299023784,46989ab157532bcdb12282ee74b3fb69ab225a5beb744dc41c8378512aef81b2,"{""baseline"": 0.23491087502868496, ""control_residual_rms"": 0.00894444604012016, ""control_slew_rms"": 0.004197518492016606, ""epoch"": 19, ""gradient_norm_before_clip"": 1.2359784299023784, ""ground_outcome_fraction"": 0.7083333333333334, ""loss"": 0.4439024217693226, ""mean_reward"": 0.29459390741296176, ""score_path"": -0.7384963282060616}"
training_epoch,1,709,training,,20,mean_reward,0.28486432850372634,2.14370546605374,46989ab157532bcdb12282ee74b3fb69ab225a5beb744dc41c8378512aef81b2,"{""baseline"": 0.23740854770243705, ""control_residual_rms"": 0.009233672366128745, ""control_slew_rms"": 0.004298388430557389, ""epoch"": 20, ""gradient_norm_before_clip"": 2.14370546605374, ""ground_outcome_fraction"": 0.6916666666666667, ""loss"": 0.3798021943657634, ""mean_reward"": 0.28486432850372634, ""score_path"": -0.6646665218321213}"
training_epoch,1,709,training,,21,mean_reward,0.32999490772205975,3.0376306702295666,46989ab157532bcdb12282ee74b3fb69ab225a5beb744dc41c8378512aef81b2,"{""baseline"": 0.24203786570341818, ""control_residual_rms"": 0.010571633023431217, ""control_slew_rms"": 0.0042238215797689655, ""epoch"": 21, ""gradient_norm_before_clip"": 3.0376306702295666, ""ground_outcome_fraction"": 0.7583333333333333, ""loss"": 0.584396863085539, ""mean_reward"": 0.32999490772205975, ""score_path"": -0.9143917695115977}"
training_epoch,1,709,training,,22,mean_reward,0.3221001477370178,1.9340354043351073,46989ab157532bcdb12282ee74b3fb69ab225a5beb744dc41c8378512aef81b2,"{""baseline"": 0.24604097980509815, ""control_residual_rms"": 0.009930289449961487, ""control_slew_rms"": 0.005046424181467622, ""epoch"": 22, ""gradient_norm_before_clip"": 1.9340354043351073, ""ground_outcome_fraction"": 0.6916666666666667, ""loss"": 0.36952036384251713, ""mean_reward"": 0.3221001477370178, ""score_path"": -0.6916205103387645}"
training_epoch,1,709,training,,23,mean_reward,0.2894482573231224,2.342205101668225,46989ab157532bcdb12282ee74b3fb69ab225a5beb744dc41c8378512aef81b2,"{""baseline"": 0.24821134368099937, ""control_residual_rms"": 0.01073842373343901, ""control_slew_rms"": 0.0052589194797696215, ""epoch"": 23, ""gradient_norm_before_clip"": 2.342205101668225, ""ground_outcome_fraction"": 0.6916666666666667, ""loss"": 0.24740732358096615, ""mean_reward"": 0.2894482573231224, ""score_path"": -0.5368555794743888}"
training_epoch,1,709,training,,24,mean_reward,0.25776560956702577,3.017370223645785,46989ab157532bcdb12282ee74b3fb69ab225a5beb744dc41c8378512aef81b2,"{""baseline"": 0.2486890569753007, ""control_residual_rms"": 0.012214710009764193, ""control_slew_rms"": 0.00504370204045987, ""epoch"": 24, ""gradient_norm_before_clip"": 3.017370223645785, ""ground_outcome_fraction"": 0.7416666666666667, ""loss"": -0.12260506203331797, ""mean_reward"": 0.25776560956702577, ""score_path"": -0.13516054578732709}"
training_epoch,1,709,training,,25,mean_reward,0.2824855155706666,2.916424682106975,46989ab157532bcdb12282ee74b3fb69ab225a5beb744dc41c8378512aef81b2,"{""baseline"": 0.250378879905069, ""control_residual_rms"": 0.012841766282973665, ""control_slew_rms"": 0.005234468420127726, ""epoch"": 25, ""gradient_norm_before_clip"": 2.916424682106975, ""ground_outcome_fraction"": 0.75, ""loss"": 0.016845306063731948, ""mean_reward"": 0.2824855155706666, ""score_path"": -0.29933081971129233}"
training_epoch,1,709,training,,26,mean_reward,0.21730543182035547,2.1835095460211966,46989ab157532bcdb12282ee74b3fb69ab225a5beb744dc41c8378512aef81b2,"{""baseline"": 0.24872520750083332, ""control_residual_rms"": 0.011283530319939283, ""control_slew_rms"": 0.006401000511093874, ""epoch"": 26, ""gradient_norm_before_clip"": 2.1835095460211966, ""ground_outcome_fraction"": 0.6416666666666666, ""loss"": -0.8042311009734575, ""mean_reward"": 0.21730543182035547, ""score_path"": 0.5869256708360107}"
training_epoch,1,709,training,,27,mean_reward,0.38163595253203997,2.8048555471355843,46989ab157532bcdb12282ee74b3fb69ab225a5beb744dc41c8378512aef81b2,"{""baseline"": 0.2553707447523937, ""control_residual_rms"": 0.0135035011306891, ""control_slew_rms"": 0.0061165534868506755, ""epoch"": 27, ""gradient_norm_before_clip"": 2.8048555471355843, ""ground_outcome_fraction"": 0.7333333333333333, ""loss"": 0.6466342478170403, ""mean_reward"": 0.38163595253203997, ""score_path"": -1.0282701981515125}"
training_epoch,1,709,training,,28,mean_reward,0.33110469244231255,2.3793990086331473,46989ab157532bcdb12282ee74b3fb69ab225a5beb744dc41c8378512aef81b2,"{""baseline"": 0.2591574421368896, ""control_residual_rms"": 0.014030055362364886, ""control_slew_rms"": 0.006340614409372247, ""epoch"": 28, ""gradient_norm_before_clip"": 2.3793990086331473, ""ground_outcome_fraction"": 0.7166666666666667, ""loss"": 0.48324463359214903, ""mean_reward"": 0.33110469244231255, ""score_path"": -0.8143493236640031}"
training_epoch,1,709,training,,29,mean_reward,0.2573808666056916,1.8261924884885206,46989ab157532bcdb12282ee74b3fb69ab225a5beb744dc41c8378512aef81b2,"{""baseline"": 0.2590686133603297, ""control_residual_rms"": 0.014804665002520532, ""control_slew_rms"": 0.0061339410218534925, ""epoch"": 29, ""gradient_norm_before_clip"": 1.8261924884885206, ""ground_outcome_fraction"": 0.6666666666666666, ""loss"": -0.5890127468689735, ""mean_reward"": 0.2573808666056916, ""score_path"": 0.3316318828313154}"
training_epoch,1,709,training,,30,mean_reward,0.3116008336941434,1.9138668206825635,46989ab157532bcdb12282ee74b3fb69ab225a5beb744dc41c8378512aef81b2,"{""baseline"": 0.2616952243770204, ""control_residual_rms"": 0.014305601207895612, ""control_slew_rms"": 0.007098709149469918, ""epoch"": 30, ""gradient_norm_before_clip"": 1.9138668206825635, ""ground_outcome_fraction"": 0.65, ""loss"": -0.05226964529661583, ""mean_reward"": 0.3116008336941434, ""score_path"": -0.25933118584710857}"
training_epoch,1,709,training,,31,mean_reward,0.22041194420160073,1.2509142397210105,46989ab157532bcdb12282ee74b3fb69ab225a5beb744dc41c8378512aef81b2,"{""baseline"": 0.25963106036824946, ""control_residual_rms"": 0.014355274172118978, ""control_slew_rms"": 0.007417368582828781, ""epoch"": 31, ""gradient_norm_before_clip"": 1.2509142397210105, ""ground_outcome_fraction"": 0.6166666666666667, ""loss"": -0.7451295265283668, ""mean_reward"": 0.22041194420160073, ""score_path"": 0.5247175849376786}"
training_epoch,1,709,training,,32,mean_reward,0.2849026518847611,2.469429699290921,46989ab157532bcdb12282ee74b3fb69ab225a5beb744dc41c8378512aef81b2,"{""baseline"": 0.260894639944075, ""control_residual_rms"": 0.016859281764288574, ""control_slew_rms"": 0.0070457275441173075, ""epoch"": 32, ""gradient_norm_before_clip"": 2.469429699290921, ""ground_outcome_fraction"": 0.7166666666666667, ""loss"": -0.03336792696969066, ""mean_reward"": 0.2849026518847611, ""score_path"": -0.25153472157629386}"
training_epoch,1,709,training,,33,mean_reward,0.30594321846409933,2.5039663682059796,46989ab157532bcdb12282ee74b3fb69ab225a5beb744dc41c8378512aef81b2,"{""baseline"": 0.2631470688700762, ""control_residual_rms"": 0.017057017055627087, ""control_slew_rms"": 0.006982357600768053, ""epoch"": 33, ""gradient_norm_before_clip"": 2.5039663682059796, ""ground_outcome_fraction"": 0.6583333333333333, ""loss"": -0.032703353031739615, ""mean_reward"": 0.30594321846409933, ""score_path"": -0.27323986203540823}"
training_epoch,1,709,training,,34,mean_reward,0.30369642837564415,2.668274229031913,46989ab157532bcdb12282ee74b3fb69ab225a5beb744dc41c8378512aef81b2,"{""baseline"": 0.26517453684535464, ""control_residual_rms"": 0.019378705244621094, ""control_slew_rms"": 0.007252015966579747, ""epoch"": 34, ""gradient_norm_before_clip"": 2.668274229031913, ""ground_outcome_fraction"": 0.7583333333333333, ""loss"": -0.21466403924560898, ""mean_reward"": 0.30369642837564415, ""score_path"": -0.08903238484877563}"
training_epoch,1,709,training,,35,mean_reward,0.28137384361051987,2.542702521743749,46989ab157532bcdb12282ee74b3fb69ab225a5beb744dc41c8378512aef81b2,"{""baseline"": 0.2659845021836129, ""control_residual_rms"": 0.015386033214162435, ""control_slew_rms"": 0.009469068696811139, ""epoch"": 35, ""gradient_norm_before_clip"": 2.542702521743749, ""ground_outcome_fraction"": 0.6166666666666667, ""loss"": -0.19829847999393382, ""mean_reward"": 0.28137384361051987, ""score_path"": -0.08307536035265324}"
training_epoch,1,709,training,,36,mean_reward,0.2706061080013912,1.953889565889458,46989ab157532bcdb12282ee74b3fb69ab225a5beb744dc41c8378512aef81b2,"{""baseline"": 0.26621558247450183, ""control_residual_rms"": 0.02112841584851569, ""control_slew_rms"": 0.008044005989045087, ""epoch"": 36, ""gradient_norm_before_clip"": 1.953889565889458, ""ground_outcome_fraction"": 0.7583333333333333, ""loss"": -0.4990302677831183, ""mean_reward"": 0.2706061080013912, ""score_path"": 0.22842416489288708}"
training_epoch,1,709,training,,37,mean_reward,0.31346280815780203,2.0652989237901793,46989ab157532bcdb12282ee74b3fb69ab225a5beb744dc41c8378512aef81b2,"{""baseline"": 0.2685779437586669, ""control_residual_rms"": 0.020594576371589197, ""control_slew_rms"": 0.008735669316540092, ""epoch"": 37, ""gradient_norm_before_clip"": 2.0652989237901793, ""ground_outcome_fraction"": 0.7083333333333334, ""loss"": 0.24874682814575477, ""mean_reward"": 0.31346280815780203, ""score_path"": -0.5622096312990719}"
training_epoch,1,709,training,,38,mean_reward,0.36050810469748906,3.674442703927106,46989ab157532bcdb12282ee74b3fb69ab225a5beb744dc41c8378512aef81b2,"{""baseline"": 0.273174451805608, ""control_residual_rms"": 0.024746817189736064, ""control_slew_rms"": 0.007679558379435013, ""epoch"": 38, ""gradient_norm_before_clip"": 3.674442703927106, ""ground_outcome_fraction"": 0.8333333333333334, ""loss"": 0.16791903284719792, ""mean_reward"": 0.36050810469748906, ""score_path"": -0.5284271308308812}"
training_epoch,1,709,training,,39,mean_reward,0.45017487801092926,3.6612172763664694,46989ab157532bcdb12282ee74b3fb69ab225a5beb744dc41c8378512aef81b2,"{""baseline"": 0.2820244731158741, ""control_residual_rms"": 0.024450248217434908, ""control_slew_rms"": 0.008673644870072513, ""epoch"": 39, ""gradient_norm_before_clip"": 3.6612172763664694, ""ground_outcome_fraction"": 0.8, ""loss"": 0.6704295701144387, ""mean_reward"": 0.45017487801092926, ""score_path"": -1.1206044413949003}"
training_epoch,1,709,training,,40,mean_reward,0.3006111197871611,1.4120692557083838,46989ab157532bcdb12282ee74b3fb69ab225a5beb744dc41c8378512aef81b2,"{""baseline"": 0.2829538054494385, ""control_residual_rms"": 0.020072131824098102, ""control_slew_rms"": 0.011009549509035472, ""epoch"": 40, ""gradient_norm_before_clip"": 1.4120692557083838, ""ground_outcome_fraction"": 0.6083333333333333, ""loss"": -0.18600437913194667, ""mean_reward"": 0.3006111197871611, ""score_path"": -0.11460673541420785}"
training_epoch,1,709,training,,41,mean_reward,0.29569344692519006,3.986165981380054,46989ab157532bcdb12282ee74b3fb69ab225a5beb744dc41c8378512aef81b2,"{""baseline"": 0.2835907875232261, ""control_residual_rms"": 0.026583911337887928, ""control_slew_rms"": 0.01009137611361203, ""epoch"": 41, ""gradient_norm_before_clip"": 3.986165981380054, ""ground_outcome_fraction"": 0.7916666666666666, ""loss"": -0.232417572268698, ""mean_reward"": 0.29569344692519006, ""score_path"": -0.06327586657108993}"
training_epoch,1,709,training,,42,mean_reward,0.2605792388032323,3.6440410593011197,46989ab157532bcdb12282ee74b3fb69ab225a5beb744dc41c8378512aef81b2,"{""baseline"": 0.28244021008722636, ""control_residual_rms"": 0.024491963903898132, ""control_slew_rms"": 0.010875409635202306, ""epoch"": 42, ""gradient_norm_before_clip"": 3.6440410593011197, ""ground_outcome_fraction"": 0.65, ""loss"": -0.7006627013600172, ""mean_reward"": 0.2605792388032323, ""score_path"": 0.44008346973809315}"
training_epoch,1,709,training,,43,mean_reward,0.3707074673144053,2.909027933197699,46989ab157532bcdb12282ee74b3fb69ab225a5beb744dc41c8378512aef81b2,"{""baseline"": 0.28685357294858527, ""control_residual_rms"": 0.03087573026593107, ""control_slew_rms"": 0.008736721791296065, ""epoch"": 43, ""gradient_norm_before_clip"": 2.909027933197699, ""ground_outcome_fraction"": 0.8166666666666667, ""loss"": -0.08713680877580045, ""mean_reward"": 0.3707074673144053, ""score_path"": -0.2835706482421946}"
training_epoch,1,709,training,,44,mean_reward,0.3661000677159468,2.3069310185346152,46989ab157532bcdb12282ee74b3fb69ab225a5beb744dc41c8378512aef81b2,"{""baseline"": 0.2908158976869534, ""control_residual_rms"": 0.029062965256690027, ""control_slew_rms"": 0.011754548792232169, ""epoch"": 44, ""gradient_norm_before_clip"": 2.3069310185346152, ""ground_outcome_fraction"": 0.7666666666666666, ""loss"": 0.3063602805479701, ""mean_reward"": 0.3661000677159468, ""score_path"": -0.6724603384356632}"
training_epoch,1,709,training,,45,mean_reward,0.16799101301861408,2.0409564148844677,46989ab157532bcdb12282ee74b3fb69ab225a5beb744dc41c8378512aef81b2,"{""baseline"": 0.28467465345353643, ""control_residual_rms"": 0.02810421040925263, ""control_slew_rms"": 0.013119692188591084, ""epoch"": 45, ""gradient_norm_before_clip"": 2.0409564148844677, ""ground_outcome_fraction"": 0.6583333333333333, ""loss"": -1.7268772360813816, ""mean_reward"": 0.16799101301861408, ""score_path"": 1.558886232682497}"
training_epoch,1,709,training,,46,mean_reward,0.24335143468846226,1.3237659057549382,46989ab157532bcdb12282ee74b3fb69ab225a5beb744dc41c8378512aef81b2,"{""baseline"": 0.2826084925152827, ""control_residual_rms"": 0.028354893362533516, ""control_slew_rms"": 0.013593261833048603, ""epoch"": 46, ""gradient_norm_before_clip"": 1.3237659057549382, ""ground_outcome_fraction"": 0.6333333333333333, ""loss"": -0.7260051123191031, ""mean_reward"": 0.24335143468846226, ""score_path"": 0.4826536875184084}"
training_epoch,1,709,training,,47,mean_reward,0.3381986805252893,2.8043128507011814,46989ab157532bcdb12282ee74b3fb69ab225a5beb744dc41c8378512aef81b2,"{""baseline"": 0.28538800191578306, ""control_residual_rms"": 0.031801149114769944, ""control_slew_rms"": 0.014174213799480228, ""epoch"": 47, ""gradient_norm_before_clip"": 2.8043128507011814, ""ground_outcome_fraction"": 0.725, ""loss"": -0.038674528151428425, ""mean_reward"": 0.3381986805252893, ""score_path"": -0.29952414025164664}"
training_epoch,1,709,training,,48,mean_reward,0.3270712086592836,2.319763921773179,46989ab157532bcdb12282ee74b3fb69ab225a5beb744dc41c8378512aef81b2,"{""baseline"": 0.28747216225295813, ""control_residual_rms"": 0.034749212310865744, ""control_slew_rms"": 0.014322243072261398, ""epoch"": 48, ""gradient_norm_before_clip"": 2.319763921773179, ""ground_outcome_fraction"": 0.7416666666666667, ""loss"": -0.3139569779080861, ""mean_reward"": 0.3270712086592836, ""score_path"": -0.013114216624853459}"
training_epoch,1,709,training,,49,mean_reward,0.30628520758844985,2.8016450288825916,46989ab157532bcdb12282ee74b3fb69ab225a5beb744dc41c8378512aef81b2,"{""baseline"": 0.2884128145197327, ""control_residual_rms"": 0.0317801421842815, ""control_slew_rms"": 0.016782349065188627, ""epoch"": 49, ""gradient_norm_before_clip"": 2.8016450288825916, ""ground_outcome_fraction"": 0.675, ""loss"": -0.2787075734717905, ""mean_reward"": 0.30628520758844985, ""score_path"": -0.027577621200412628}"
training_epoch,1,709,training,,50,mean_reward,0.3883142300859548,3.023344722477957,46989ab157532bcdb12282ee74b3fb69ab225a5beb744dc41c8378512aef81b2,"{""baseline"": 0.29340788529804385, ""control_residual_rms"": 0.035262721311540096, ""control_slew_rms"": 0.01691033049462925, ""epoch"": 50, ""gradient_norm_before_clip"": 3.023344722477957, ""ground_outcome_fraction"": 0.7166666666666667, ""loss"": 0.7251208800089077, ""mean_reward"": 0.3883142300859548, ""score_path"": -1.1134350948006746}"
training_epoch,1,709,training,,51,mean_reward,0.31268823988424105,1.9405730253417774,46989ab157532bcdb12282ee74b3fb69ab225a5beb744dc41c8378512aef81b2,"{""baseline"": 0.2943719030273537, ""control_residual_rms"": 0.03695089200926542, ""control_slew_rms"": 0.01720598282391943, ""epoch"": 51, ""gradient_norm_before_clip"": 1.9405730253417774, ""ground_outcome_fraction"": 0.7, ""loss"": -0.39562251185129743, ""mean_reward"": 0.31268823988424105, ""score_path"": 0.082934288581199}"
training_epoch,1,709,training,,52,mean_reward,0.4243604967630399,3.352680659406642,46989ab157532bcdb12282ee74b3fb69ab225a5beb744dc41c8378512aef81b2,"{""baseline"": 0.300871332714138, ""control_residual_rms"": 0.045671652242901935, ""control_slew_rms"": 0.014763977675402216, ""epoch"": 52, ""gradient_norm_before_clip"": 3.352680659406642, ""ground_outcome_fraction"": 0.8416666666666667, ""loss"": 0.33442333935782054, ""mean_reward"": 0.4243604967630399, ""score_path"": -0.7587838130821118}"
training_epoch,1,709,training,,53,mean_reward,0.36606188008545476,3.862146946512022,46989ab157532bcdb12282ee74b3fb69ab225a5beb744dc41c8378512aef81b2,"{""baseline"": 0.30413086008270385, ""control_residual_rms"": 0.04245827163098337, ""control_slew_rms"": 0.016976899884905375, ""epoch"": 53, ""gradient_norm_before_clip"": 3.862146946512022, ""ground_outcome_fraction"": 0.7166666666666667, ""loss"": -0.34039512638181146, ""mean_reward"": 0.36606188008545476, ""score_path"": -0.025666732794443682}"
training_epoch,1,709,training,,54,mean_reward,0.34757904935647055,1.3872273420677206,46989ab157532bcdb12282ee74b3fb69ab225a5beb744dc41c8378512aef81b2,"{""baseline"": 0.3063032695463922, ""control_residual_rms"": 0.04027544508757581, ""control_slew_rms"": 0.02054568899675034, ""epoch"": 54, ""gradient_norm_before_clip"": 1.3872273420677206, ""ground_outcome_fraction"": 0.6916666666666667, ""loss"": 0.28347282338512103, ""mean_reward"": 0.34757904935647055, ""score_path"": -0.6310518522992234}"
training_epoch,1,709,training,,55,mean_reward,0.2922158059329028,2.3316076285744725,46989ab157532bcdb12282ee74b3fb69ab225a5beb744dc41c8378512aef81b2,"{""baseline"": 0.3055988963657177, ""control_residual_rms"": 0.04433097835854896, ""control_slew_rms"": 0.020350290742218523, ""epoch"": 55, ""gradient_norm_before_clip"": 2.3316076285744725, ""ground_outcome_fraction"": 0.7166666666666667, ""loss"": -0.9713901856750308, ""mean_reward"": 0.2922158059329028, ""score_path"": 0.6791744035358278}"
training_epoch,1,709,training,,56,mean_reward,0.3060093202323687,1.6753018872577938,46989ab157532bcdb12282ee74b3fb69ab225a5beb744dc41c8378512aef81b2,"{""baseline"": 0.30561941755905025, ""control_residual_rms"": 0.04646512408793225, ""control_slew_rms"": 0.021174513187739875, ""epoch"": 56, ""gradient_norm_before_clip"": 1.6753018872577938, ""ground_outcome_fraction"": 0.7166666666666667, ""loss"": -0.5624765759246657, ""mean_reward"": 0.3060093202323687, ""score_path"": 0.2564672817659746}"
training_epoch,1,709,training,,57,mean_reward,0.5072650788870499,3.50001250641928,46989ab157532bcdb12282ee74b3fb69ab225a5beb744dc41c8378512aef81b2,"{""baseline"": 0.3157017006254502, ""control_residual_rms"": 0.05396430116295276, ""control_slew_rms"": 0.01782737825530053, ""epoch"": 57, ""gradient_norm_before_clip"": 3.50001250641928, ""ground_outcome_fraction"": 0.8, ""loss"": 0.8514320551784872, ""mean_reward"": 0.5072650788870499, ""score_path"": -1.3586971017659248}"
training_epoch,1,709,training,,58,mean_reward,0.36469892741574195,2.309276041762185,46989ab157532bcdb12282ee74b3fb69ab225a5beb744dc41c8378512aef81b2,"{""baseline"": 0.3181515619649648, ""control_residual_rms"": 0.05136460710418592, ""control_slew_rms"": 0.021978665895516735, ""epoch"": 58, ""gradient_norm_before_clip"": 2.309276041762185, ""ground_outcome_fraction"": 0.7416666666666667, ""loss"": -0.09804082228248745, ""mean_reward"": 0.36469892741574195, ""score_path"": -0.2666580739194083}"
training_epoch,1,709,training,,59,mean_reward,0.36059759703048955,2.178424314505589,46989ab157532bcdb12282ee74b3fb69ab225a5beb744dc41c8378512aef81b2,"{""baseline"": 0.320273863718241, ""control_residual_rms"": 0.05323601166280413, ""control_slew_rms"": 0.023214980833411406, ""epoch"": 59, ""gradient_norm_before_clip"": 2.178424314505589, ""ground_outcome_fraction"": 0.75, ""loss"": -0.027031827929870907, ""mean_reward"": 0.36059759703048955, ""score_path"": -0.3335657353705359}"
training_epoch,1,709,training,,60,mean_reward,0.3525520690011608,1.9759190983016337,46989ab157532bcdb12282ee74b3fb69ab225a5beb744dc41c8378512aef81b2,"{""baseline"": 0.321887773982387, ""control_residual_rms"": 0.05094308277852625, ""control_slew_rms"": 0.024763266518565023, ""epoch"": 60, ""gradient_norm_before_clip"": 1.9759190983016337, ""ground_outcome_fraction"": 0.6666666666666666, ""loss"": -0.18854141100811864, ""mean_reward"": 0.3525520690011608, ""score_path"": -0.16401062590887167}"
training_epoch,1,709,training,,61,mean_reward,0.30778539635056,2.8723214922364693,46989ab157532bcdb12282ee74b3fb69ab225a5beb744dc41c8378512aef81b2,"{""baseline"": 0.32118265510079563, ""control_residual_rms"": 0.06262863441757055, ""control_slew_rms"": 0.02374995909803081, ""epoch"": 61, ""gradient_norm_before_clip"": 2.8723214922364693, ""ground_outcome_fraction"": 0.7916666666666666, ""loss"": -0.9514999003658511, ""mean_reward"": 0.30778539635056, ""score_path"": 0.6437145488793551}"
training_epoch,1,709,training,,62,mean_reward,0.31937389046431336,3.3691368483457893,46989ab157532bcdb12282ee74b3fb69ab225a5beb744dc41c8378512aef81b2,"{""baseline"": 0.32109221686897155, ""control_residual_rms"": 0.05983128170592534, ""control_slew_rms"": 0.02622246122139028, ""epoch"": 62, ""gradient_norm_before_clip"": 3.3691368483457893, ""ground_outcome_fraction"": 0.7166666666666667, ""loss"": -0.5718568025430697, ""mean_reward"": 0.31937389046431336, ""score_path"": 0.25248295475275373}"
training_epoch,1,709,training,,63,mean_reward,0.4600791160937577,1.6308714374856057,46989ab157532bcdb12282ee74b3fb69ab225a5beb744dc41c8378512aef81b2,"{""baseline"": 0.3280415618302108, ""control_residual_rms"": 0.06133869235975865, ""control_slew_rms"": 0.02783204452960414, ""epoch"": 63, ""gradient_norm_before_clip"": 1.6308714374856057, ""ground_outcome_fraction"": 0.7416666666666667, ""loss"": 0.9682902814542524, ""mean_reward"": 0.4600791160937577, ""score_path"": -1.4283693521774312}"
training_epoch,1,709,training,,64,mean_reward,0.4339339970968361,3.150703416742777,46989ab157532bcdb12282ee74b3fb69ab225a5beb744dc41c8378512aef81b2,"{""baseline"": 0.3333361835935421, ""control_residual_rms"": 0.07457440631090251, ""control_slew_rms"": 0.024169213908077983, ""epoch"": 64, ""gradient_norm_before_clip"": 3.150703416742777, ""ground_outcome_fraction"": 0.8333333333333334, ""loss"": 0.0894792389107035, ""mean_reward"": 0.4339339970968361, ""score_path"": -0.5234131745526098}"
training_epoch,1,709,training,,65,mean_reward,0.4227773185696089,2.1578339146494865,46989ab157532bcdb12282ee74b3fb69ab225a5beb744dc41c8378512aef81b2,"{""baseline"": 0.33780824034234547, ""control_residual_rms"": 0.07704790843478503, ""control_slew_rms"": 0.02475829947258816, ""epoch"": 65, ""gradient_norm_before_clip"": 2.1578339146494865, ""ground_outcome_fraction"": 0.8333333333333334, ""loss"": 0.20113208394640283, ""mean_reward"": 0.4227773185696089, ""score_path"": -0.6239093370224759}"
training_epoch,1,709,training,,66,mean_reward,0.3963076344648967,2.8074546402685883,46989ab157532bcdb12282ee74b3fb69ab225a5beb744dc41c8378512aef81b2,"{""baseline"": 0.34073321004847307, ""control_residual_rms"": 0.07141860279596103, ""control_slew_rms"": 0.029755391753741377, ""epoch"": 66, ""gradient_norm_before_clip"": 2.8074546402685883, ""ground_outcome_fraction"": 0.75, ""loss"": 0.017381511793600386, ""mean_reward"": 0.3963076344648967, ""score_path"": -0.41368908639849544}"
training_epoch,1,709,training,,67,mean_reward,0.4761244403280609,3.139564666775605,46989ab157532bcdb12282ee74b3fb69ab225a5beb744dc41c8378512aef81b2,"{""baseline"": 0.34750277156245246, ""control_residual_rms"": 0.0734985548038138, ""control_slew_rms"": 0.03101053728180562, ""epoch"": 67, ""gradient_norm_before_clip"": 3.139564666775605, ""ground_outcome_fraction"": 0.7333333333333333, ""loss"": 0.245739459974423, ""mean_reward"": 0.4761244403280609, ""score_path"": -0.7218638366655741}"
training_epoch,1,709,training,,68,mean_reward,0.46778261135053745,1.9936810802971334,46989ab157532bcdb12282ee74b3fb69ab225a5beb744dc41c8378512aef81b2,"{""baseline"": 0.35351676355185674, ""control_residual_rms"": 0.0861713877682337, ""control_slew_rms"": 0.027701032151884093, ""epoch"": 68, ""gradient_norm_before_clip"": 1.9936810802971334, ""ground_outcome_fraction"": 0.8416666666666667, ""loss"": 0.19874564169962353, ""mean_reward"": 0.46778261135053745, ""score_path"": -0.6665281711216084}"
training_epoch,1,709,training,,69,mean_reward,0.35132252541317427,3.333746055951149,46989ab157532bcdb12282ee74b3fb69ab225a5beb744dc41c8378512aef81b2,"{""baseline"": 0.35340705164492264, ""control_residual_rms"": 0.07736108962781693, ""control_slew_rms"": 0.03162368820198498, ""epoch"": 69, ""gradient_norm_before_clip"": 3.333746055951149, ""ground_outcome_fraction"": 0.7, ""loss"": -1.250901646847089, ""mean_reward"": 0.35132252541317427, ""score_path"": 0.8995791912818734}"
training_epoch,1,709,training,,70,mean_reward,0.332996137645451,2.9118544700146476,46989ab157532bcdb12282ee74b3fb69ab225a5beb744dc41c8378512aef81b2,"{""baseline"": 0.3523865059449491, ""control_residual_rms"": 0.06452445624058274, ""control_slew_rms"": 0.04035210061616414, ""epoch"": 70, ""gradient_norm_before_clip"": 2.9118544700146476, ""ground_outcome_fraction"": 0.6166666666666667, ""loss"": -0.7190040055244364, ""mean_reward"": 0.332996137645451, ""score_path"": 0.3860079257959602}"
training_epoch,1,709,training,,71,mean_reward,0.4217761123281518,3.5583981533041062,46989ab157532bcdb12282ee74b3fb69ab225a5beb744dc41c8378512aef81b2,"{""baseline"": 0.35585598626410925, ""control_residual_rms"": 0.07641793212362855, ""control_slew_rms"": 0.03821945120154849, ""epoch"": 71, ""gradient_norm_before_clip"": 3.5583981533041062, ""ground_outcome_fraction"": 0.7, ""loss"": 0.21610740680153923, ""mean_reward"": 0.4217761123281518, ""score_path"": -0.637883446125423}"
training_epoch,1,709,training,,72,mean_reward,0.40297205006919273,3.7642482500765713,46989ab157532bcdb12282ee74b3fb69ab225a5beb744dc41c8378512aef81b2,"{""baseline"": 0.35821178945436344, ""control_residual_rms"": 0.09207777504694269, ""control_slew_rms"": 0.030710541372233967, ""epoch"": 72, ""gradient_norm_before_clip"": 3.7642482500765713, ""ground_outcome_fraction"": 0.7666666666666666, ""loss"": -0.9480994564531341, ""mean_reward"": 0.40297205006919273, ""score_path"": 0.5451275005984815}"
training_epoch,1,709,training,,73,mean_reward,0.3853803348126569,1.557227169344984,46989ab157532bcdb12282ee74b3fb69ab225a5beb744dc41c8378512aef81b2,"{""baseline"": 0.3595702167222781, ""control_residual_rms"": 0.0863576037380556, ""control_slew_rms"": 0.03551900604494836, ""epoch"": 73, ""gradient_norm_before_clip"": 1.557227169344984, ""ground_outcome_fraction"": 0.7083333333333334, ""loss"": -0.4093498983119126, ""mean_reward"": 0.3853803348126569, ""score_path"": 0.023969650691610868}"
training_epoch,1,709,training,,74,mean_reward,0.4945570874934444,2.829076613862788,46989ab157532bcdb12282ee74b3fb69ab225a5beb744dc41c8378512aef81b2,"{""baseline"": 0.36631956026083645, ""control_residual_rms"": 0.10387981956646822, ""control_slew_rms"": 0.030460401405923175, ""epoch"": 74, ""gradient_norm_before_clip"": 2.829076613862788, ""ground_outcome_fraction"": 0.8583333333333333, ""loss"": 0.1534615976262802, ""mean_reward"": 0.4945570874934444, ""score_path"": -0.6480185679311949}"
training_epoch,1,709,training,,75,mean_reward,0.5811679042818771,1.7461240239555174,46989ab157532bcdb12282ee74b3fb69ab225a5beb744dc41c8378512aef81b2,"{""baseline"": 0.37706197746188846, ""control_residual_rms"": 0.10661999868516762, ""control_slew_rms"": 0.031852222330911124, ""epoch"": 75, ""gradient_norm_before_clip"": 1.7461240239555174, ""ground_outcome_fraction"": 0.8833333333333333, ""loss"": 0.9003148468403905, ""mean_reward"": 0.5811679042818771, ""score_path"": -1.4814826272983859}"
training_epoch,1,709,training,,76,mean_reward,0.3636693130615496,3.402432493832255,46989ab157532bcdb12282ee74b3fb69ab225a5beb744dc41c8378512aef81b2,"{""baseline"": 0.3763923442418715, ""control_residual_rms"": 0.09006376669543562, ""control_slew_rms"": 0.04227658509025562, ""epoch"": 76, ""gradient_norm_before_clip"": 3.402432493832255, ""ground_outcome_fraction"": 0.725, ""loss"": -0.760990091970681, ""mean_reward"": 0.3636693130615496, ""score_path"": 0.3973208778970486}"
training_epoch,1,709,training,,77,mean_reward,0.386770472604381,3.5374579836473075,46989ab157532bcdb12282ee74b3fb69ab225a5beb744dc41c8378512aef81b2,"{""baseline"": 0.376911250659997, ""control_residual_rms"": 0.10286719921999446, ""control_slew_rms"": 0.033899592837756044, ""epoch"": 77, ""gradient_norm_before_clip"": 3.5374579836473075, ""ground_outcome_fraction"": 0.7666666666666666, ""loss"": -0.5216798785932375, ""mean_reward"": 0.386770472604381, ""score_path"": 0.13490952329728712}"
training_epoch,1,709,training,,78,mean_reward,0.5712840511959114,1.6865258965310677,46989ab157532bcdb12282ee74b3fb69ab225a5beb744dc41c8378512aef81b2,"{""baseline"": 0.3866298906867927, ""control_residual_rms"": 0.11338121327133234, ""control_slew_rms"": 0.03204067429066709, ""epoch"": 78, ""gradient_norm_before_clip"": 1.6865258965310677, ""ground_outcome_fraction"": 0.8833333333333333, ""loss"": 0.8827744435220941, ""mean_reward"": 0.5712840511959114, ""score_path"": -1.4540583558989622}"
training_epoch,1,709,training,,79,mean_reward,0.41114612195217004,3.393563336365184,46989ab157532bcdb12282ee74b3fb69ab225a5beb744dc41c8378512aef81b2,"{""baseline"": 0.3878557022500616, ""control_residual_rms"": 0.10623193493926061, ""control_slew_rms"": 0.03776736628972061, ""epoch"": 79, ""gradient_norm_before_clip"": 3.393563336365184, ""ground_outcome_fraction"": 0.7916666666666666, ""loss"": -0.2534343351721659, ""mean_reward"": 0.41114612195217004, ""score_path"": -0.15771165966402456}"
training_epoch,1,709,training,,80,mean_reward,0.4391173307012118,2.027192250990217,46989ab157532bcdb12282ee74b3fb69ab225a5beb744dc41c8378512aef81b2,"{""baseline"": 0.3904187836726191, ""control_residual_rms"": 0.10021216861380372, ""control_slew_rms"": 0.03963786666044423, ""epoch"": 80, ""gradient_norm_before_clip"": 2.027192250990217, ""ground_outcome_fraction"": 0.75, ""loss"": -0.1879418512288672, ""mean_reward"": 0.4391173307012118, ""score_path"": -0.2511753633359525}"
training_epoch,1,709,training,,81,mean_reward,0.36673706321971256,1.610168921020931,46989ab157532bcdb12282ee74b3fb69ab225a5beb744dc41c8378512aef81b2,"{""baseline"": 0.3892346976499738, ""control_residual_rms"": 0.07991166501381561, ""control_slew_rms"": 0.04814946799470914, ""epoch"": 81, ""gradient_norm_before_clip"": 1.610168921020931, ""ground_outcome_fraction"": 0.6083333333333333, ""loss"": -0.7041245829690419, ""mean_reward"": 0.36673706321971256, ""score_path"": 0.33738760679178414}"
training_epoch,1,709,training,,82,mean_reward,0.3905278529693659,2.053797067678237,46989ab157532bcdb12282ee74b3fb69ab225a5beb744dc41c8378512aef81b2,"{""baseline"": 0.3892993554159434, ""control_residual_rms"": 0.10767199896176345, ""control_slew_rms"": 0.041683965214404144, ""epoch"": 82, ""gradient_norm_before_clip"": 2.053797067678237, ""ground_outcome_fraction"": 0.7916666666666666, ""loss"": -0.8839846104847249, ""mean_reward"": 0.3905278529693659, ""score_path"": 0.49345689082348226}"
training_epoch,1,709,training,,83,mean_reward,0.3084469940689514,3.462842455540383,46989ab157532bcdb12282ee74b3fb69ab225a5beb744dc41c8378512aef81b2,"{""baseline"": 0.3852567373485938, ""control_residual_rms"": 0.10323299592206449, ""control_slew_rms"": 0.04186914662058232, ""epoch"": 83, ""gradient_norm_before_clip"": 3.462842455540383, ""ground_outcome_fraction"": 0.7333333333333333, ""loss"": -1.8651603301021067, ""mean_reward"": 0.3084469940689514, ""score_path"": 1.556713460133924}"
training_epoch,1,709,training,,84,mean_reward,0.5980818246125015,3.853155088105122,46989ab157532bcdb12282ee74b3fb69ab225a5beb744dc41c8378512aef81b2,"{""baseline"": 0.3958979917117892, ""control_residual_rms"": 0.11887203710074522, ""control_slew_rms"": 0.03440104503399805, ""epoch"": 84, ""gradient_norm_before_clip"": 3.853155088105122, ""ground_outcome_fraction"": 0.875, ""loss"": 0.8435958542616963, ""mean_reward"": 0.5980818246125015, ""score_path"": -1.4416775257342667}"
training_epoch,1,709,training,,85,mean_reward,0.38143932548080683,2.025356490712072,46989ab157532bcdb12282ee74b3fb69ab225a5beb744dc41c8378512aef81b2,"{""baseline"": 0.39517505840024003, ""control_residual_rms"": 0.09713673935358054, ""control_slew_rms"": 0.04366146999060975, ""epoch"": 85, ""gradient_norm_before_clip"": 2.025356490712072, ""ground_outcome_fraction"": 0.7083333333333334, ""loss"": -0.7793136059418139, ""mean_reward"": 0.38143932548080683, ""score_path"": 0.397874393879708}"
training_epoch,1,709,training,,86,mean_reward,0.3588003563662987,1.659057562388408,46989ab157532bcdb12282ee74b3fb69ab225a5beb744dc41c8378512aef81b2,"{""baseline"": 0.393356323298543, ""control_residual_rms"": 0.1107143361927136, ""control_slew_rms"": 0.03729295206869428, ""epoch"": 86, ""gradient_norm_before_clip"": 1.659057562388408, ""ground_outcome_fraction"": 0.7916666666666666, ""loss"": -1.3088818162571842, ""mean_reward"": 0.3588003563662987, ""score_path"": 0.9500815963751708}"
training_epoch,1,709,training,,87,mean_reward,0.560087773194866,2.884890396077329,46989ab157532bcdb12282ee74b3fb69ab225a5beb744dc41c8378512aef81b2,"{""baseline"": 0.4016928957933591, ""control_residual_rms"": 0.10930360173629772, ""control_slew_rms"": 0.03775016346585161, ""epoch"": 87, ""gradient_norm_before_clip"": 2.884890396077329, ""ground_outcome_fraction"": 0.8166666666666667, ""loss"": 0.4758193658238026, ""mean_reward"": 0.560087773194866, ""score_path"": -1.0359070052951467}"
training_epoch,1,709,training,,88,mean_reward,0.5167024549757424,1.9408201907075082,46989ab157532bcdb12282ee74b3fb69ab225a5beb744dc41c8378512aef81b2,"{""baseline"": 0.40744337375247824, ""control_residual_rms"": 0.10464728885669039, ""control_slew_rms"": 0.03885218282184006, ""epoch"": 88, ""gradient_norm_before_clip"": 1.9408201907075082, ""ground_outcome_fraction"": 0.7666666666666666, ""loss"": 0.1919273144209446, ""mean_reward"": 0.5167024549757424, ""score_path"": -0.7086296447912153}"
training_epoch,1,709,training,,89,mean_reward,0.532726800637522,1.2811530218710845,46989ab157532bcdb12282ee74b3fb69ab225a5beb744dc41c8378512aef81b2,"{""baseline"": 0.41370754509673047, ""control_residual_rms"": 0.11273176093191832, ""control_slew_rms"": 0.03418444740664388, ""epoch"": 89, ""gradient_norm_before_clip"": 1.2811530218710845, ""ground_outcome_fraction"": 0.85, ""loss"": 0.41727171028532434, ""mean_reward"": 0.532726800637522, ""score_path"": -0.9499983721525826}"
training_epoch,1,709,training,,90,mean_reward,0.56529643885986,1.7036947974603693,46989ab157532bcdb12282ee74b3fb69ab225a5beb744dc41c8378512aef81b2,"{""baseline"": 0.42128698978488693, ""control_residual_rms"": 0.11312921806795645, ""control_slew_rms"": 0.033720809667808785, ""epoch"": 90, ""gradient_norm_before_clip"": 1.7036947974603693, ""ground_outcome_fraction"": 0.8583333333333333, ""loss"": 0.6231124991314116, ""mean_reward"": 0.56529643885986, ""score_path"": -1.1884087986381418}"
training_epoch,1,709,training,,91,mean_reward,0.47505094771320044,2.5832462536780247,46989ab157532bcdb12282ee74b3fb69ab225a5beb744dc41c8378512aef81b2,"{""baseline"": 0.4239751876813026, ""control_residual_rms"": 0.10893494116847244, ""control_slew_rms"": 0.036702895293739955, ""epoch"": 91, ""gradient_norm_before_clip"": 2.5832462536780247, ""ground_outcome_fraction"": 0.8083333333333333, ""loss"": -0.27316267734950783, ""mean_reward"": 0.47505094771320044, ""score_path"": -0.20188813822445328}"
training_epoch,1,709,training,,92,mean_reward,0.4930173712261636,2.338619557425167,46989ab157532bcdb12282ee74b3fb69ab225a5beb744dc41c8378512aef81b2,"{""baseline"": 0.4274272968585457, ""control_residual_rms"": 0.10606417947248219, ""control_slew_rms"": 0.03443076599193716, ""epoch"": 92, ""gradient_norm_before_clip"": 2.338619557425167, ""ground_outcome_fraction"": 0.7666666666666666, ""loss"": -0.4061490225722385, ""mean_reward"": 0.4930173712261636, ""score_path"": -0.086868224303047}"
training_epoch,1,709,training,,93,mean_reward,0.5630733301842548,3.717328744201612,46989ab157532bcdb12282ee74b3fb69ab225a5beb744dc41c8378512aef81b2,"{""baseline"": 0.43420959852483115, ""control_residual_rms"": 0.11409827855881902, ""control_slew_rms"": 0.03129552866655748, ""epoch"": 93, ""gradient_norm_before_clip"": 3.717328744201612, ""ground_outcome_fraction"": 0.85, ""loss"": -0.06884822236581407, ""mean_reward"": 0.5630733301842548, ""score_path"": -0.49422496784016784}"
training_epoch,1,709,training,,94,mean_reward,0.5300968582210276,2.537591666339609,46989ab157532bcdb12282ee74b3fb69ab225a5beb744dc41c8378512aef81b2,"{""baseline"": 0.43900396150964094, ""control_residual_rms"": 0.10874676322141283, ""control_slew_rms"": 0.034243431278114085, ""epoch"": 94, ""gradient_norm_before_clip"": 2.537591666339609, ""ground_outcome_fraction"": 0.8083333333333333, ""loss"": 0.015807948005826942, ""mean_reward"": 0.5300968582210276, ""score_path"": -0.5459046762421436}"
training_epoch,1,709,training,,95,mean_reward,0.2859737029811037,2.039220750481994,46989ab157532bcdb12282ee74b3fb69ab225a5beb744dc41c8378512aef81b2,"{""baseline"": 0.4313524485832141, ""control_residual_rms"": 0.10377058885247235, ""control_slew_rms"": 0.039067823274441915, ""epoch"": 95, ""gradient_norm_before_clip"": 2.039220750481994, ""ground_outcome_fraction"": 0.7416666666666667, ""loss"": -2.1206099533716287, ""mean_reward"": 0.2859737029811037, ""score_path"": 1.8346363733368243}"
training_epoch,1,709,training,,96,mean_reward,0.49667784301547063,2.7954089969179137,46989ab157532bcdb12282ee74b3fb69ab225a5beb744dc41c8378512aef81b2,"{""baseline"": 0.4346187183048269, ""control_residual_rms"": 0.1076819457639846, ""control_slew_rms"": 0.03486902968051086, ""epoch"": 96, ""gradient_norm_before_clip"": 2.7954089969179137, ""ground_outcome_fraction"": 0.7916666666666666, ""loss"": -0.34014933983597856, ""mean_reward"": 0.49667784301547063, ""score_path"": -0.1565283750669853}"
training_epoch,1,709,training,,97,mean_reward,0.5837946597812126,3.5662643154082714,46989ab157532bcdb12282ee74b3fb69ab225a5beb744dc41c8378512aef81b2,"{""baseline"": 0.44207751537864615, ""control_residual_rms"": 0.11232385861656924, ""control_slew_rms"": 0.034765285423399954, ""epoch"": 97, ""gradient_norm_before_clip"": 3.5662643154082714, ""ground_outcome_fraction"": 0.8416666666666667, ""loss"": 0.5293335583204078, ""mean_reward"": 0.5837946597812126, ""score_path"": -1.1131280798488776}"
training_epoch,1,709,training,,98,mean_reward,0.4516384979752371,2.678391657091656,46989ab157532bcdb12282ee74b3fb69ab225a5beb744dc41c8378512aef81b2,"{""baseline"": 0.4425555645084757, ""control_residual_rms"": 0.10494534706913412, ""control_slew_rms"": 0.037966143974259195, ""epoch"": 98, ""gradient_norm_before_clip"": 2.678391657091656, ""ground_outcome_fraction"": 0.7583333333333333, ""loss"": -0.5879100208057488, ""mean_reward"": 0.4516384979752371, ""score_path"": 0.1362716473800513}"
training_epoch,1,709,training,,99,mean_reward,0.591146396010316,2.2105666831162076,46989ab157532bcdb12282ee74b3fb69ab225a5beb744dc41c8378512aef81b2,"{""baseline"": 0.44998510608356773, ""control_residual_rms"": 0.11924947559491086, ""control_slew_rms"": 0.0312385549717576, ""epoch"": 99, ""gradient_norm_before_clip"": 2.2105666831162076, ""ground_outcome_fraction"": 0.8833333333333333, ""loss"": 0.19033835099417057, ""mean_reward"": 0.591146396010316, ""score_path"": -0.7814845950416391}"
training_epoch,1,709,training,,100,mean_reward,0.42995849279029263,1.5069231449328955,46989ab157532bcdb12282ee74b3fb69ab225a5beb744dc41c8378512aef81b2,"{""baseline"": 0.448983775418904, ""control_residual_rms"": 0.1094114798375164, ""control_slew_rms"": 0.037122347276071, ""epoch"": 100, ""gradient_norm_before_clip"": 1.5069231449328955, ""ground_outcome_fraction"": 0.7833333333333333, ""loss"": -0.9965789299815403, ""mean_reward"": 0.42995849279029263, ""score_path"": 0.5666205706806535}"
training_epoch,1,709,training,,101,mean_reward,0.5225610023304159,1.3833322649264015,46989ab157532bcdb12282ee74b3fb69ab225a5beb744dc41c8378512aef81b2,"{""baseline"": 0.4526626367644796, ""control_residual_rms"": 0.11324299965304199, ""control_slew_rms"": 0.03449401169159505, ""epoch"": 101, ""gradient_norm_before_clip"": 1.3833322649264015, ""ground_outcome_fraction"": 0.8083333333333333, ""loss"": -0.062428350992043545, ""mean_reward"": 0.5225610023304159, ""score_path"": -0.46013251120023424}"
training_epoch,1,709,training,,102,mean_reward,0.40785502488638725,2.3853051591547128,46989ab157532bcdb12282ee74b3fb69ab225a5beb744dc41c8378512aef81b2,"{""baseline"": 0.45042225617057496, ""control_residual_rms"": 0.11362586531131275, ""control_slew_rms"": 0.0353069992403018, ""epoch"": 102, ""gradient_norm_before_clip"": 2.3853051591547128, ""ground_outcome_fraction"": 0.7833333333333333, ""loss"": -1.7506346625998495, ""mean_reward"": 0.40785502488638725, ""score_path"": 1.3427797792876768}"
training_epoch,1,709,training,,103,mean_reward,0.3481899962680458,3.190460698033126,46989ab157532bcdb12282ee74b3fb69ab225a5beb744dc41c8378512aef81b2,"{""baseline"": 0.4453106431754485, ""control_residual_rms"": 0.09711204442623975, ""control_slew_rms"": 0.03881708197447982, ""epoch"": 103, ""gradient_norm_before_clip"": 3.190460698033126, ""ground_outcome_fraction"": 0.6416666666666666, ""loss"": -1.9820178165954845, ""mean_reward"": 0.3481899962680458, ""score_path"": 1.6338279297025888}"
training_epoch,1,709,training,,104,mean_reward,0.342828760154248,1.9951405691312363,46989ab157532bcdb12282ee74b3fb69ab225a5beb744dc41c8378512aef81b2,"{""baseline"": 0.4401865490243884, ""control_residual_rms"": 0.11452112902984114, ""control_slew_rms"": 0.03405190762167636, ""epoch"": 104, ""gradient_norm_before_clip"": 1.9951405691312363, ""ground_outcome_fraction"": 0.7833333333333333, ""loss"": -1.8264771234979218, ""mean_reward"": 0.342828760154248, ""score_path"": 1.4836485060898879}"
training_epoch,1,709,training,,105,mean_reward,0.44112460824109057,3.1136365984191174,46989ab157532bcdb12282ee74b3fb69ab225a5beb744dc41c8378512aef81b2,"{""baseline"": 0.44023345198522357, ""control_residual_rms"": 0.11936191733701446, ""control_slew_rms"": 0.03420795225725006, ""epoch"": 105, ""gradient_norm_before_clip"": 3.1136365984191174, ""ground_outcome_fraction"": 0.8166666666666667, ""loss"": -0.8213167586679, ""mean_reward"": 0.44112460824109057, ""score_path"": 0.3801923046013225}"
training_epoch,1,709,training,,106,mean_reward,0.34149853800894037,4.080808213964302,46989ab157532bcdb12282ee74b3fb69ab225a5beb744dc41c8378512aef81b2,"{""baseline"": 0.43529670628640943, ""control_residual_rms"": 0.11682056810064737, ""control_slew_rms"": 0.035540368624859646, ""epoch"": 106, ""gradient_norm_before_clip"": 4.080808213964302, ""ground_outcome_fraction"": 0.8, ""loss"": -1.4536938601414215, ""mean_reward"": 0.34149853800894037, ""score_path"": 1.1121954712341107}"
training_epoch,1,709,training,,107,mean_reward,0.5453927921697559,1.5271117074855922,46989ab157532bcdb12282ee74b3fb69ab225a5beb744dc41c8378512aef81b2,"{""baseline"": 0.44080151058057676, ""control_residual_rms"": 0.1211416115819645, ""control_slew_rms"": 0.032420058718950255, ""epoch"": 107, ""gradient_norm_before_clip"": 1.5271117074855922, ""ground_outcome_fraction"": 0.8416666666666667, ""loss"": 0.08889600271275963, ""mean_reward"": 0.5453927921697559, ""score_path"": -0.6342886376190129}"
training_epoch,1,709,training,,108,mean_reward,0.5124894889825596,2.8917630188239754,46989ab157532bcdb12282ee74b3fb69ab225a5beb744dc41c8378512aef81b2,"{""baseline"": 0.4443859095006759, ""control_residual_rms"": 0.117312692945929, ""control_slew_rms"": 0.03481623865442394, ""epoch"": 108, ""gradient_norm_before_clip"": 2.8917630188239754, ""ground_outcome_fraction"": 0.8, ""loss"": -0.6700501623228797, ""mean_reward"": 0.5124894889825596, ""score_path"": 0.1575608230847041}"
training_epoch,1,709,training,,109,mean_reward,0.5370653898951303,1.2604427952288693,46989ab157532bcdb12282ee74b3fb69ab225a5beb744dc41c8378512aef81b2,"{""baseline"": 0.4490198835203986, ""control_residual_rms"": 0.12142400726854229, ""control_slew_rms"": 0.03397632174149872, ""epoch"": 109, ""gradient_norm_before_clip"": 1.2604427952288693, ""ground_outcome_fraction"": 0.8416666666666667, ""loss"": -0.08882217882941139, ""mean_reward"": 0.5370653898951303, ""score_path"": -0.4482430520839191}"
training_epoch,1,709,training,,110,mean_reward,0.4239827887709924,1.6208149547277837,46989ab157532bcdb12282ee74b3fb69ab225a5beb744dc41c8378512aef81b2,"{""baseline"": 0.44776802878292826, ""control_residual_rms"": 0.11550888035659873, ""control_slew_rms"": 0.03772632072356863, ""epoch"": 110, ""gradient_norm_before_clip"": 1.6208149547277837, ""ground_outcome_fraction"": 0.7833333333333333, ""loss"": -1.2204513455715222, ""mean_reward"": 0.4239827887709924, ""score_path"": 0.7964687044562969}"
training_epoch,1,709,training,,111,mean_reward,0.5077880018296447,2.7511386009217405,46989ab157532bcdb12282ee74b3fb69ab225a5beb744dc41c8378512aef81b2,"{""baseline"": 0.4507690274352641, ""control_residual_rms"": 0.12523359868449438, ""control_slew_rms"": 0.03276565476803845, ""epoch"": 111, ""gradient_norm_before_clip"": 2.7511386009217405, ""ground_outcome_fraction"": 0.85, ""loss"": -0.12092866721596367, ""mean_reward"": 0.5077880018296447, ""score_path"": -0.3868591670432573}"
training_epoch,1,709,training,,112,mean_reward,0.5519618307086458,1.8129782421209566,46989ab157532bcdb12282ee74b3fb69ab225a5beb744dc41c8378512aef81b2,"{""baseline"": 0.45582866759893315, ""control_residual_rms"": 0.12706373372453336, ""control_slew_rms"": 0.03197990137402378, ""epoch"": 112, ""gradient_norm_before_clip"": 1.8129782421209566, ""ground_outcome_fraction"": 0.8666666666666667, ""loss"": 0.002817965742284669, ""mean_reward"": 0.5519618307086458, ""score_path"": -0.5547796247718653}"
training_epoch,1,709,training,,113,mean_reward,0.5773581016540118,1.3453822198952907,46989ab157532bcdb12282ee74b3fb69ab225a5beb744dc41c8378512aef81b2,"{""baseline"": 0.4619051393016871, ""control_residual_rms"": 0.1293223928708, ""control_slew_rms"": 0.031197524218604687, ""epoch"": 113, ""gradient_norm_before_clip"": 1.3453822198952907, ""ground_outcome_fraction"": 0.8833333333333333, ""loss"": 0.21255069683513442, ""mean_reward"": 0.5773581016540118, ""score_path"": -0.7899086215134781}"
training_epoch,1,709,training,,114,mean_reward,0.44576927507767944,4.34648467315605,46989ab157532bcdb12282ee74b3fb69ab225a5beb744dc41c8378512aef81b2,"{""baseline"": 0.4610983460904867, ""control_residual_rms"": 0.11952804848239322, ""control_slew_rms"": 0.03746969472667406, ""epoch"": 114, ""gradient_norm_before_clip"": 4.34648467315605, ""ground_outcome_fraction"": 0.7833333333333333, ""loss"": -1.5575556475071752, ""mean_reward"": 0.44576927507767944, ""score_path"": 1.1117865293388198}"
training_epoch,1,709,training,,115,mean_reward,0.5051219914852942,2.320997868470569,46989ab157532bcdb12282ee74b3fb69ab225a5beb744dc41c8378512aef81b2,"{""baseline"": 0.4632995283602271, ""control_residual_rms"": 0.1262287570030496, ""control_slew_rms"": 0.03368249067205465, ""epoch"": 115, ""gradient_norm_before_clip"": 2.320997868470569, ""ground_outcome_fraction"": 0.8416666666666667, ""loss"": -0.6143671686399329, ""mean_reward"": 0.5051219914852942, ""score_path"": 0.1092453478367313}"
training_epoch,1,709,training,,116,mean_reward,0.4257225767939633,4.244194851542756,46989ab157532bcdb12282ee74b3fb69ab225a5beb744dc41c8378512aef81b2,"{""baseline"": 0.4614206807819139, ""control_residual_rms"": 0.12112338149776, ""control_slew_rms"": 0.03490105644589534, ""epoch"": 116, ""gradient_norm_before_clip"": 4.244194851542756, ""ground_outcome_fraction"": 0.7666666666666666, ""loss"": -1.7203952020398134, ""mean_reward"": 0.4257225767939633, ""score_path"": 1.294672784135423}"
training_epoch,1,709,training,,117,mean_reward,0.5204492360098391,1.9618704118553612,46989ab157532bcdb12282ee74b3fb69ab225a5beb744dc41c8378512aef81b2,"{""baseline"": 0.4643721085433101, ""control_residual_rms"": 0.11653607134699369, ""control_slew_rms"": 0.0397177513185492, ""epoch"": 117, ""gradient_norm_before_clip"": 1.9618704118553612, ""ground_outcome_fraction"": 0.775, ""loss"": -0.4851600382100653, ""mean_reward"": 0.5204492360098391, ""score_path"": -0.03528904621821678}"
training_epoch,1,709,training,,118,mean_reward,0.5515232832942585,1.5429584118753579,46989ab157532bcdb12282ee74b3fb69ab225a5beb744dc41c8378512aef81b2,"{""baseline"": 0.4687296672808575, ""control_residual_rms"": 0.12823311187885397, ""control_slew_rms"": 0.0341935878902216, ""epoch"": 118, ""gradient_norm_before_clip"": 1.5429584118753579, ""ground_outcome_fraction"": 0.8416666666666667, ""loss"": -0.13097177859717923, ""mean_reward"": 0.5515232832942585, ""score_path"": -0.4205513285677549}"
training_epoch,1,709,training,,119,mean_reward,0.6246656889503269,2.2681473065857536,46989ab157532bcdb12282ee74b3fb69ab225a5beb744dc41c8378512aef81b2,"{""baseline"": 0.476526468364331, ""control_residual_rms"": 0.13223940647397997, ""control_slew_rms"": 0.03184409424129958, ""epoch"": 119, ""gradient_norm_before_clip"": 2.2681473065857536, ""ground_outcome_fraction"": 0.8916666666666666, ""loss"": 0.3812907206138682, ""mean_reward"": 0.6246656889503269, ""score_path"": -1.0059562245511255}"
training_epoch,1,709,training,,120,mean_reward,0.4886852340717659,2.73195750890764,46989ab157532bcdb12282ee74b3fb69ab225a5beb744dc41c8378512aef81b2,"{""baseline"": 0.47713440664970275, ""control_residual_rms"": 0.12793232982098207, ""control_slew_rms"": 0.03332716108366407, ""epoch"": 120, ""gradient_norm_before_clip"": 2.73195750890764, ""ground_outcome_fraction"": 0.825, ""loss"": -0.574293500314443, ""mean_reward"": 0.4886852340717659, ""score_path"": 0.0856084410164839}"
training_epoch,1,709,training,,121,mean_reward,0.5397117647970762,1.9538525997583804,46989ab157532bcdb12282ee74b3fb69ab225a5beb744dc41c8378512aef81b2,"{""baseline"": 0.4802632745570714, ""control_residual_rms"": 0.1304393850529301, ""control_slew_rms"": 0.03364202815327851, ""epoch"": 121, ""gradient_norm_before_clip"": 1.9538525997583804, ""ground_outcome_fraction"": 0.8583333333333333, ""loss"": -0.6532941055382037, ""mean_reward"": 0.5397117647970762, ""score_path"": 0.11358252220331977}"
training_epoch,1,709,training,,122,mean_reward,0.4077117335239284,2.031504350161586,46989ab157532bcdb12282ee74b3fb69ab225a5beb744dc41c8378512aef81b2,"{""baseline"": 0.47663569750541424, ""control_residual_rms"": 0.11156119249364652, ""control_slew_rms"": 0.041757205578110225, ""epoch"": 122, ""gradient_norm_before_clip"": 2.031504350161586, ""ground_outcome_fraction"": 0.7083333333333334, ""loss"": -1.8181959388425215, ""mean_reward"": 0.4077117335239284, ""score_path"": 1.4104843472142319}"
training_epoch,1,709,training,,123,mean_reward,0.3904676294566438,5.1651776207257445,46989ab157532bcdb12282ee74b3fb69ab225a5beb744dc41c8378512aef81b2,"{""baseline"": 0.47232729410297575, ""control_residual_rms"": 0.1175006612120982, ""control_slew_rms"": 0.03652551231268624, ""epoch"": 123, ""gradient_norm_before_clip"": 5.1651776207257445, ""ground_outcome_fraction"": 0.7083333333333334, ""loss"": -2.594661772880846, ""mean_reward"": 0.3904676294566438, ""score_path"": 2.2041942948293864}"
training_epoch,1,709,training,,124,mean_reward,0.4451328892461233,3.4448544145355493,46989ab157532bcdb12282ee74b3fb69ab225a5beb744dc41c8378512aef81b2,"{""baseline"": 0.4709675738601331, ""control_residual_rms"": 0.13282785569408626, ""control_slew_rms"": 0.03337785710665932, ""epoch"": 124, ""gradient_norm_before_clip"": 3.4448544145355493, ""ground_outcome_fraction"": 0.8333333333333334, ""loss"": -1.231370637274716, ""mean_reward"": 0.4451328892461233, ""score_path"": 0.7862379356017986}"
training_epoch,1,709,training,,125,mean_reward,0.43099067257080403,1.6298431796530501,46989ab157532bcdb12282ee74b3fb69ab225a5beb744dc41c8378512aef81b2,"{""baseline"": 0.46896872879566665, ""control_residual_rms"": 0.12929284188580792, ""control_slew_rms"": 0.03697803568522454, ""epoch"": 125, ""gradient_norm_before_clip"": 1.6298431796530501, ""ground_outcome_fraction"": 0.8083333333333333, ""loss"": -1.2769755877297333, ""mean_reward"": 0.43099067257080403, ""score_path"": 0.84598509599907}"
training_epoch,1,709,training,,126,mean_reward,0.5707057076179891,2.181398789585569,46989ab157532bcdb12282ee74b3fb69ab225a5beb744dc41c8378512aef81b2,"{""baseline"": 0.4740555777367828, ""control_residual_rms"": 0.1432887648621755, ""control_slew_rms"": 0.028619170167615993, ""epoch"": 126, ""gradient_norm_before_clip"": 2.181398789585569, ""ground_outcome_fraction"": 0.9083333333333333, ""loss"": 0.025504170730584145, ""mean_reward"": 0.5707057076179891, ""score_path"": -0.5962096648413029}"
training_epoch,1,709,training,,127,mean_reward,0.3648317576408475,3.200939187159395,46989ab157532bcdb12282ee74b3fb69ab225a5beb744dc41c8378512aef81b2,"{""baseline"": 0.46859438673198606, ""control_residual_rms"": 0.12089030400827928, ""control_slew_rms"": 0.04095208335487669, ""epoch"": 127, ""gradient_norm_before_clip"": 3.200939187159395, ""ground_outcome_fraction"": 0.7416666666666667, ""loss"": -1.801055575005195, ""mean_reward"": 0.3648317576408475, ""score_path"": 1.4362239802797347}"
training_epoch,1,709,training,,128,mean_reward,0.5663791323734871,3.256253807258658,46989ab157532bcdb12282ee74b3fb69ab225a5beb744dc41c8378512aef81b2,"{""baseline"": 0.47348362401406113, ""control_residual_rms"": 0.13660980783628734, ""control_slew_rms"": 0.03206410190065426, ""epoch"": 128, ""gradient_norm_before_clip"": 3.256253807258658, ""ground_outcome_fraction"": 0.8583333333333333, ""loss"": -0.40750625053850026, ""mean_reward"": 0.5663791323734871, ""score_path"": -0.15887268493152457}"
training_epoch,1,709,training,,129,mean_reward,0.34693220277785664,4.435489915503952,46989ab157532bcdb12282ee74b3fb69ab225a5beb744dc41c8378512aef81b2,"{""baseline"": 0.4671560529522509, ""control_residual_rms"": 0.1293856728852586, ""control_slew_rms"": 0.03707248013133502, ""epoch"": 129, ""gradient_norm_before_clip"": 4.435489915503952, ""ground_outcome_fraction"": 0.7916666666666666, ""loss"": -2.089966587620647, ""mean_reward"": 0.34693220277785664, ""score_path"": 1.7430345659930016}"
training_epoch,1,709,training,,130,mean_reward,0.5971322948741009,1.7019721731283737,46989ab157532bcdb12282ee74b3fb69ab225a5beb744dc41c8378512aef81b2,"{""baseline"": 0.4736548650483434, ""control_residual_rms"": 0.13357291492672538, ""control_slew_rms"": 0.03414785821989379, ""epoch"": 130, ""gradient_norm_before_clip"": 1.7019721731283737, ""ground_outcome_fraction"": 0.8333333333333334, ""loss"": 0.14729916112948005, ""mean_reward"": 0.5971322948741009, ""score_path"": -0.7444312659255827}"
training_epoch,1,709,training,,131,mean_reward,0.5522486964522052,2.1106785052202994,46989ab157532bcdb12282ee74b3fb69ab225a5beb744dc41c8378512aef81b2,"{""baseline"": 0.4775845566185365, ""control_residual_rms"": 0.147035591471943, ""control_slew_rms"": 0.027165338879572242, ""epoch"": 131, ""gradient_norm_before_clip"": 2.1106785052202994, ""ground_outcome_fraction"": 0.9166666666666666, ""loss"": -0.3219498647322778, ""mean_reward"": 0.5522486964522052, ""score_path"": -0.23029860814571945}"
training_epoch,1,709,training,,132,mean_reward,0.5084312828921167,1.3671780282684842,46989ab157532bcdb12282ee74b3fb69ab225a5beb744dc41c8378512aef81b2,"{""baseline"": 0.4791268929322155, ""control_residual_rms"": 0.13901467760305491, ""control_slew_rms"": 0.030801762608911484, ""epoch"": 132, ""gradient_norm_before_clip"": 1.3671780282684842, ""ground_outcome_fraction"": 0.8416666666666667, ""loss"": -0.8043037097235928, ""mean_reward"": 0.5084312828921167, ""score_path"": 0.2958726295697678}"
training_epoch,1,709,training,,133,mean_reward,0.522228729414207,3.618069464582671,46989ab157532bcdb12282ee74b3fb69ab225a5beb744dc41c8378512aef81b2,"{""baseline"": 0.48128198475631506, ""control_residual_rms"": 0.13943229100086332, ""control_slew_rms"": 0.030866970579397836, ""epoch"": 133, ""gradient_norm_before_clip"": 3.618069464582671, ""ground_outcome_fraction"": 0.85, ""loss"": -0.7963738427953221, ""mean_reward"": 0.522228729414207, ""score_path"": 0.2741453173224516}"
training_epoch,1,709,training,,134,mean_reward,0.5072899706389375,3.4472175910851677,46989ab157532bcdb12282ee74b3fb69ab225a5beb744dc41c8378512aef81b2,"{""baseline"": 0.4825823840504462, ""control_residual_rms"": 0.14371969852311026, ""control_slew_rms"": 0.029943393357379982, ""epoch"": 134, ""gradient_norm_before_clip"": 3.4472175910851677, ""ground_outcome_fraction"": 0.8583333333333333, ""loss"": -0.9297359779294225, ""mean_reward"": 0.5072899706389375, ""score_path"": 0.42244622281007055}"
training_epoch,1,709,training,,135,mean_reward,0.4389041913661156,3.0133750025001227,46989ab157532bcdb12282ee74b3fb69ab225a5beb744dc41c8378512aef81b2,"{""baseline"": 0.4803984744162297, ""control_residual_rms"": 0.13455936398439697, ""control_slew_rms"": 0.035773862496172405, ""epoch"": 135, ""gradient_norm_before_clip"": 3.0133750025001227, ""ground_outcome_fraction"": 0.8083333333333333, ""loss"": -0.9923574374399141, ""mean_reward"": 0.4389041913661156, ""score_path"": 0.5534534399337152}"
training_epoch,1,709,training,,136,mean_reward,0.5982668482545602,2.009210774752378,46989ab157532bcdb12282ee74b3fb69ab225a5beb744dc41c8378512aef81b2,"{""baseline"": 0.4862918931081462, ""control_residual_rms"": 0.14614943293369353, ""control_slew_rms"": 0.028984169138484818, ""epoch"": 136, ""gradient_norm_before_clip"": 2.009210774752378, ""ground_outcome_fraction"": 0.8833333333333333, ""loss"": 0.02271120200477077, ""mean_reward"": 0.5982668482545602, ""score_path"": -0.6209778282619429}"
training_epoch,1,709,training,,137,mean_reward,0.5582786272601907,2.6567278820729037,46989ab157532bcdb12282ee74b3fb69ab225a5beb744dc41c8378512aef81b2,"{""baseline"": 0.48989122981574845, ""control_residual_rms"": 0.14655524645313442, ""control_slew_rms"": 0.030812057108887896, ""epoch"": 137, ""gradient_norm_before_clip"": 2.6567278820729037, ""ground_outcome_fraction"": 0.8833333333333333, ""loss"": -0.18346401888318398, ""mean_reward"": 0.5582786272601907, ""score_path"": -0.3748143840987755}"
training_epoch,1,709,training,,138,mean_reward,0.5855824815177387,3.372689111318534,46989ab157532bcdb12282ee74b3fb69ab225a5beb744dc41c8378512aef81b2,"{""baseline"": 0.49467579240084797, ""control_residual_rms"": 0.1441216304190604, ""control_slew_rms"": 0.03229619007676569, ""epoch"": 138, ""gradient_norm_before_clip"": 3.372689111318534, ""ground_outcome_fraction"": 0.8666666666666667, ""loss"": 0.09156731980013423, ""mean_reward"": 0.5855824815177387, ""score_path"": -0.6771495831769905}"
training_epoch,1,709,training,,139,mean_reward,0.5810341958243118,1.2577523493338993,46989ab157532bcdb12282ee74b3fb69ab225a5beb744dc41c8378512aef81b2,"{""baseline"": 0.4989937125720212, ""control_residual_rms"": 0.15125544225544849, ""control_slew_rms"": 0.026885812767764018, ""epoch"": 139, ""gradient_norm_before_clip"": 1.2577523493338993, ""ground_outcome_fraction"": 0.9166666666666666, ""loss"": -0.277954102900339, ""mean_reward"": 0.5810341958243118, ""score_path"": -0.30307985691341544}"
training_epoch,1,709,training,,140,mean_reward,0.6071883492474106,1.7938104089655367,46989ab157532bcdb12282ee74b3fb69ab225a5beb744dc41c8378512aef81b2,"{""baseline"": 0.5044034444057907, ""control_residual_rms"": 0.15284729978603415, ""control_slew_rms"": 0.025406707833007563, ""epoch"": 140, ""gradient_norm_before_clip"": 1.7938104089655367, ""ground_outcome_fraction"": 0.9249999999999999, ""loss"": -0.21413960554732986, ""mean_reward"": 0.6071883492474106, ""score_path"": -0.3930485036221022}"
training_epoch,1,709,training,,141,mean_reward,0.6320480131512033,2.167572285332195,46989ab157532bcdb12282ee74b3fb69ab225a5beb744dc41c8378512aef81b2,"{""baseline"": 0.5107856728430613, ""control_residual_rms"": 0.15172970482380113, ""control_slew_rms"": 0.025130993667555567, ""epoch"": 141, ""gradient_norm_before_clip"": 2.167572285332195, ""ground_outcome_fraction"": 0.9249999999999999, ""loss"": -0.20781186472023752, ""mean_reward"": 0.6320480131512033, ""score_path"": -0.4242359118962641}"
training_epoch,1,709,training,,142,mean_reward,0.5750427016432692,1.9936517009302814,46989ab157532bcdb12282ee74b3fb69ab225a5beb744dc41c8378512aef81b2,"{""baseline"": 0.5139985242830717, ""control_residual_rms"": 0.14465452895884642, ""control_slew_rms"": 0.02997756270302965, ""epoch"": 142, ""gradient_norm_before_clip"": 1.9936517009302814, ""ground_outcome_fraction"": 0.8833333333333333, ""loss"": -0.4129035364290089, ""mean_reward"": 0.5750427016432692, ""score_path"": -0.16213894697839018}"
training_epoch,1,709,training,,143,mean_reward,0.5377612035838517,1.9572470763225462,46989ab157532bcdb12282ee74b3fb69ab225a5beb744dc41c8378512aef81b2,"{""baseline"": 0.5151866582481107, ""control_residual_rms"": 0.1413537235228991, ""control_slew_rms"": 0.029316415227578232, ""epoch"": 143, ""gradient_norm_before_clip"": 1.9572470763225462, ""ground_outcome_fraction"": 0.8666666666666667, ""loss"": -0.7737487915963147, ""mean_reward"": 0.5377612035838517, ""score_path"": 0.23598779641573656}"
training_epoch,1,709,training,,144,mean_reward,0.5676158127739657,1.8401064129238403,46989ab157532bcdb12282ee74b3fb69ab225a5beb744dc41c8378512aef81b2,"{""baseline"": 0.5178081159744035, ""control_residual_rms"": 0.14301337977837603, ""control_slew_rms"": 0.029261069044978247, ""epoch"": 144, ""gradient_norm_before_clip"": 1.8401064129238403, ""ground_outcome_fraction"": 0.8833333333333333, ""loss"": -0.7143914579347013, ""mean_reward"": 0.5676158127739657, ""score_path"": 0.1467758582511052}"
training_epoch,1,709,training,,145,mean_reward,0.6379744716229047,1.4912328291112649,46989ab157532bcdb12282ee74b3fb69ab225a5beb744dc41c8378512aef81b2,"{""baseline"": 0.5238164337568285, ""control_residual_rms"": 0.14719562701773603, ""control_slew_rms"": 0.02531727459787124, ""epoch"": 145, ""gradient_norm_before_clip"": 1.4912328291112649, ""ground_outcome_fraction"": 0.9249999999999999, ""loss"": -0.0966373074912012, ""mean_reward"": 0.6379744716229047, ""score_path"": -0.5413369410565334}"
training_epoch,1,709,training,,146,mean_reward,0.4734894628800206,2.7108534162402256,46989ab157532bcdb12282ee74b3fb69ab225a5beb744dc41c8378512aef81b2,"{""baseline"": 0.5213000852129881, ""control_residual_rms"": 0.13506139488320273, ""control_slew_rms"": 0.03101306300638365, ""epoch"": 146, ""gradient_norm_before_clip"": 2.7108534162402256, ""ground_outcome_fraction"": 0.825, ""loss"": -1.0226824128889351, ""mean_reward"": 0.4734894628800206, ""score_path"": 0.5491931420428191}"
training_epoch,1,709,training,,147,mean_reward,0.5731175061100752,1.1991611184967506,46989ab157532bcdb12282ee74b3fb69ab225a5beb744dc41c8378512aef81b2,"{""baseline"": 0.5238909562578424, ""control_residual_rms"": 0.14172193083792517, ""control_slew_rms"": 0.02743883690263179, ""epoch"": 147, ""gradient_norm_before_clip"": 1.1991611184967506, ""ground_outcome_fraction"": 0.8916666666666666, ""loss"": -0.5763796799702308, ""mean_reward"": 0.5731175061100752, ""score_path"": 0.0032623822401100693}"
training_epoch,1,709,training,,148,mean_reward,0.47712639010228847,1.9602149180986432,46989ab157532bcdb12282ee74b3fb69ab225a5beb744dc41c8378512aef81b2,"{""baseline"": 0.5215527279500647, ""control_residual_rms"": 0.13370044745204593, ""control_slew_rms"": 0.03064774521652996, ""epoch"": 148, ""gradient_norm_before_clip"": 1.9602149180986432, ""ground_outcome_fraction"": 0.825, ""loss"": -1.518257340042452, ""mean_reward"": 0.47712639010228847, ""score_path"": 1.041131138091103}"
training_epoch,1,709,training,,149,mean_reward,0.4549214147103856,2.0103902621853016,46989ab157532bcdb12282ee74b3fb69ab225a5beb744dc41c8378512aef81b2,"{""baseline"": 0.5182211622880807, ""control_residual_rms"": 0.13775540618067186, ""control_slew_rms"": 0.028768899314054266, ""epoch"": 149, ""gradient_norm_before_clip"": 2.0103902621853016, ""ground_outcome_fraction"": 0.8583333333333333, ""loss"": -1.2946834935668543, ""mean_reward"": 0.4549214147103856, ""score_path"": 0.8397622768984837}"
training_epoch,1,709,training,,150,mean_reward,0.6410125096668807,3.1031394796798892,46989ab157532bcdb12282ee74b3fb69ab225a5beb744dc41c8378512aef81b2,"{""baseline"": 0.5243607296570206, ""control_residual_rms"": 0.14706569553094695, ""control_slew_rms"": 0.01883740650001153, ""epoch"": 150, ""gradient_norm_before_clip"": 3.1031394796798892, ""ground_outcome_fraction"": 0.9583333333333334, ""loss"": -0.3911577926882208, ""mean_reward"": 0.6410125096668807, ""score_path"": -0.24985449714699307}"
training_epoch,1,709,training,,151,mean_reward,0.5079565781712337,1.7279726049971582,46989ab157532bcdb12282ee74b3fb69ab225a5beb744dc41c8378512aef81b2,"{""baseline"": 0.5235405220827313, ""control_residual_rms"": 0.1334602979985824, ""control_slew_rms"": 0.029132979415029535, ""epoch"": 151, ""gradient_norm_before_clip"": 1.7279726049971582, ""ground_outcome_fraction"": 0.85, ""loss"": -0.8790192377904736, ""mean_reward"": 0.5079565781712337, ""score_path"": 0.37106284622305613}"
training_epoch,1,709,training,,152,mean_reward,0.5317211629351246,4.54323372845337,46989ab157532bcdb12282ee74b3fb69ab225a5beb744dc41c8378512aef81b2,"{""baseline"": 0.5239495541253509, ""control_residual_rms"": 0.1314654562612559, ""control_slew_rms"": 0.026667474742118582, ""epoch"": 152, ""gradient_norm_before_clip"": 4.54323372845337, ""ground_outcome_fraction"": 0.8333333333333334, ""loss"": -1.3703460442040645, ""mean_reward"": 0.5317211629351246, ""score_path"": 0.8386250612121439}"
training_epoch,1,709,training,,153,mean_reward,0.5343472354848073,1.8822061961596754,46989ab157532bcdb12282ee74b3fb69ab225a5beb744dc41c8378512aef81b2,"{""baseline"": 0.5244694381933237, ""control_residual_rms"": 0.13516676950704082, ""control_slew_rms"": 0.02616575960668236, ""epoch"": 153, ""gradient_norm_before_clip"": 1.8822061961596754, ""ground_outcome_fraction"": 0.8666666666666667, ""loss"": -1.0269459995098948, ""mean_reward"": 0.5343472354848073, ""score_path"": 0.49259895357211314}"
training_epoch,1,709,training,,154,mean_reward,0.5279989147686144,1.5888633724092727,46989ab157532bcdb12282ee74b3fb69ab225a5beb744dc41c8378512aef81b2,"{""baseline"": 0.5246459120220882, ""control_residual_rms"": 0.13113060348117697, ""control_slew_rms"": 0.027301990291951815, ""epoch"": 154, ""gradient_norm_before_clip"": 1.5888633724092727, ""ground_outcome_fraction"": 0.8583333333333333, ""loss"": -0.7842825527600634, ""mean_reward"": 0.5279989147686144, ""score_path"": 0.2562838173977875}"
training_epoch,1,709,training,,155,mean_reward,0.5173724952369528,2.6586101234528625,46989ab157532bcdb12282ee74b3fb69ab225a5beb744dc41c8378512aef81b2,"{""baseline"": 0.5242822411828314, ""control_residual_rms"": 0.13688705476806723, ""control_slew_rms"": 0.023762777394976453, ""epoch"": 155, ""gradient_norm_before_clip"": 2.6586101234528625, ""ground_outcome_fraction"": 0.8916666666666666, ""loss"": -1.5115942283133574, ""mean_reward"": 0.5173724952369528, ""score_path"": 0.9942219261037583}"
training_epoch,1,709,training,,156,mean_reward,0.5656595974170201,1.0733336938511864,46989ab157532bcdb12282ee74b3fb69ab225a5beb744dc41c8378512aef81b2,"{""baseline"": 0.5263511089945409, ""control_residual_rms"": 0.12836279849390425, ""control_slew_rms"": 0.027297239324320766, ""epoch"": 156, ""gradient_norm_before_clip"": 1.0733336938511864, ""ground_outcome_fraction"": 0.8416666666666667, ""loss"": -0.6869827271709377, ""mean_reward"": 0.5656595974170201, ""score_path"": 0.12132330197539062}"
training_epoch,1,709,training,,157,mean_reward,0.5619500265996211,4.566882398140534,46989ab157532bcdb12282ee74b3fb69ab225a5beb744dc41c8378512aef81b2,"{""baseline"": 0.528131054874795, ""control_residual_rms"": 0.13553365756629293, ""control_slew_rms"": 0.023747979211088472, ""epoch"": 157, ""gradient_norm_before_clip"": 4.566882398140534, ""ground_outcome_fraction"": 0.8916666666666666, ""loss"": -0.9864452993477238, ""mean_reward"": 0.5619500265996211, ""score_path"": 0.42449546208149125}"
training_epoch,1,709,training,,158,mean_reward,0.3643986662500436,3.1756825677461733,46989ab157532bcdb12282ee74b3fb69ab225a5beb744dc41c8378512aef81b2,"{""baseline"": 0.5199444354435573, ""control_residual_rms"": 0.11569371447592487, ""control_slew_rms"": 0.033204110548576506, ""epoch"": 158, ""gradient_norm_before_clip"": 3.1756825677461733, ""ground_outcome_fraction"": 0.7166666666666667, ""loss"": -3.1720541094438817, ""mean_reward"": 0.3643986662500436, ""score_path"": 2.8076555880693235}"
training_epoch,1,709,training,,159,mean_reward,0.4069452667368094,4.500313044687384,46989ab157532bcdb12282ee74b3fb69ab225a5beb744dc41c8378512aef81b2,"{""baseline"": 0.5142944770082198, ""control_residual_rms"": 0.13682875002259684, ""control_slew_rms"": 0.02157811969654371, ""epoch"": 159, ""gradient_norm_before_clip"": 4.500313044687384, ""ground_outcome_fraction"": 0.85, ""loss"": -1.4723778317833653, ""mean_reward"": 0.4069452667368094, ""score_path"": 1.065432756923777}"
training_epoch,1,709,training,,160,mean_reward,0.5294988981606363,2.0570190845239713,46989ab157532bcdb12282ee74b3fb69ab225a5beb744dc41c8378512aef81b2,"{""baseline"": 0.5150546980658407, ""control_residual_rms"": 0.13192026645227312, ""control_slew_rms"": 0.02645772673545731, ""epoch"": 160, ""gradient_norm_before_clip"": 2.0570190845239713, ""ground_outcome_fraction"": 0.8416666666666667, ""loss"": -0.7522321416613288, ""mean_reward"": 0.5294988981606363, ""score_path"": 0.22273342453037243}"
training_epoch,1,709,training,,161,mean_reward,0.439862109543318,2.4048492431304975,46989ab157532bcdb12282ee74b3fb69ab225a5beb744dc41c8378512aef81b2,"{""baseline"": 0.5112950686397145, ""control_residual_rms"": 0.13538726875701132, ""control_slew_rms"": 0.0271075870705658, ""epoch"": 161, ""gradient_norm_before_clip"": 2.4048492431304975, ""ground_outcome_fraction"": 0.85, ""loss"": -1.3115568593669464, ""mean_reward"": 0.439862109543318, ""score_path"": 0.8716949404689667}"
training_epoch,1,709,training,,162,mean_reward,0.6133925455144822,1.5836401412862358,46989ab157532bcdb12282ee74b3fb69ab225a5beb744dc41c8378512aef81b2,"{""baseline"": 0.5163999424834529, ""control_residual_rms"": 0.14288786849729349, ""control_slew_rms"": 0.022991230611721612, ""epoch"": 162, ""gradient_norm_before_clip"": 1.5836401412862358, ""ground_outcome_fraction"": 0.9166666666666666, ""loss"": -0.2609183716676631, ""mean_reward"": 0.6133925455144822, ""score_path"": -0.35247396439142265}"
training_epoch,1,709,training,,163,mean_reward,0.5118733451929478,2.7086629359296746,46989ab157532bcdb12282ee74b3fb69ab225a5beb744dc41c8378512aef81b2,"{""baseline"": 0.5161736126189277, ""control_residual_rms"": 0.1303107165519167, ""control_slew_rms"": 0.029458113198580303, ""epoch"": 163, ""gradient_norm_before_clip"": 2.7086629359296746, ""ground_outcome_fraction"": 0.8, ""loss"": -0.6353606865137952, ""mean_reward"": 0.5118733451929478, ""score_path"": 0.12348751980748018}"
training_epoch,1,709,training,,164,mean_reward,0.4412245228195024,2.739222482552739,46989ab157532bcdb12282ee74b3fb69ab225a5beb744dc41c8378512aef81b2,"{""baseline"": 0.5124261581289564, ""control_residual_rms"": 0.14063597227681804, ""control_slew_rms"": 0.026573407779619133, ""epoch"": 164, ""gradient_norm_before_clip"": 2.739222482552739, ""ground_outcome_fraction"": 0.8583333333333333, ""loss"": -1.4786625559672029, ""mean_reward"": 0.4412245228195024, ""score_path"": 1.0374382379939275}"
training_epoch,1,709,training,,165,mean_reward,0.482857188093927,1.7768419253083212,46989ab157532bcdb12282ee74b3fb69ab225a5beb744dc41c8378512aef81b2,"{""baseline"": 0.5109477096272049, ""control_residual_rms"": 0.1400098162076277, ""control_slew_rms"": 0.02801927281260579, ""epoch"": 165, ""gradient_norm_before_clip"": 1.7768419253083212, ""ground_outcome_fraction"": 0.8583333333333333, ""loss"": -1.0307118065578111, ""mean_reward"": 0.482857188093927, ""score_path"": 0.5478548223421669}"
training_epoch,1,709,training,,166,mean_reward,0.5768144457439027,1.573583931616453,46989ab157532bcdb12282ee74b3fb69ab225a5beb744dc41c8378512aef81b2,"{""baseline"": 0.5142410464330398, ""control_residual_rms"": 0.13972125355668047, ""control_slew_rms"": 0.028019578048103528, ""epoch"": 166, ""gradient_norm_before_clip"": 1.573583931616453, ""ground_outcome_fraction"": 0.8583333333333333, ""loss"": -0.3324978707198991, ""mean_reward"": 0.5768144457439027, ""score_path"": -0.24431637195274916}"
training_epoch,1,709,training,,167,mean_reward,0.5369580099684568,1.7065390793261686,46989ab157532bcdb12282ee74b3fb69ab225a5beb744dc41c8378512aef81b2,"{""baseline"": 0.5153768946098106, ""control_residual_rms"": 0.14723525976780574, ""control_slew_rms"": 0.02366367290180262, ""epoch"": 167, ""gradient_norm_before_clip"": 1.7065390793261686, ""ground_outcome_fraction"": 0.9083333333333333, ""loss"": -0.6561017455186026, ""mean_reward"": 0.5369580099684568, ""score_path"": 0.11914395793205713}"
training_epoch,1,709,training,,168,mean_reward,0.4963630196448662,2.028493996346894,46989ab157532bcdb12282ee74b3fb69ab225a5beb744dc41c8378512aef81b2,"{""baseline"": 0.5144262008615634, ""control_residual_rms"": 0.1491660475014367, ""control_slew_rms"": 0.0226027797741706, ""epoch"": 168, ""gradient_norm_before_clip"": 2.028493996346894, ""ground_outcome_fraction"": 0.9083333333333333, ""loss"": -1.1430159205152972, ""mean_reward"": 0.4963630196448662, ""score_path"": 0.6466531284843847}"
training_epoch,1,709,training,,169,mean_reward,0.4729870088980823,2.0848882784484393,46989ab157532bcdb12282ee74b3fb69ab225a5beb744dc41c8378512aef81b2,"{""baseline"": 0.5123542412633894, ""control_residual_rms"": 0.13633202536486524, ""control_slew_rms"": 0.031498713798968465, ""epoch"": 169, ""gradient_norm_before_clip"": 2.0848882784484393, ""ground_outcome_fraction"": 0.8083333333333333, ""loss"": -1.3210198647790927, ""mean_reward"": 0.4729870088980823, ""score_path"": 0.8480330516669115}"
training_epoch,1,709,training,,170,mean_reward,0.46038920611623535,2.2233707855371847,46989ab157532bcdb12282ee74b3fb69ab225a5beb744dc41c8378512aef81b2,"{""baseline"": 0.5097559895060316, ""control_residual_rms"": 0.14321281388035226, ""control_slew_rms"": 0.028541908920544302, ""epoch"": 170, ""gradient_norm_before_clip"": 2.2233707855371847, ""ground_outcome_fraction"": 0.85, ""loss"": -0.9806586156537781, ""mean_reward"": 0.46038920611623535, ""score_path"": 0.520269622783049}"
training_epoch,1,709,training,,171,mean_reward,0.5343325581948486,2.2840451523809917,46989ab157532bcdb12282ee74b3fb69ab225a5beb744dc41c8378512aef81b2,"{""baseline"": 0.5109848179404725, ""control_residual_rms"": 0.14893241599978568, ""control_slew_rms"": 0.02608494963202406, ""epoch"": 171, ""gradient_norm_before_clip"": 2.2840451523809917, ""ground_outcome_fraction"": 0.8916666666666666, ""loss"": -0.6065191689229947, ""mean_reward"": 0.5343325581948486, ""score_path"": 0.07218683934103748}"
training_epoch,1,709,training,,172,mean_reward,0.5382820778898426,1.9363050294486435,46989ab157532bcdb12282ee74b3fb69ab225a5beb744dc41c8378512aef81b2,"{""baseline"": 0.512349680937941, ""control_residual_rms"": 0.14182166154247133, ""control_slew_rms"": 0.02919994149878658, ""epoch"": 172, ""gradient_norm_before_clip"": 1.9363050294486435, ""ground_outcome_fraction"": 0.8416666666666667, ""loss"": -0.778211215468909, ""mean_reward"": 0.5382820778898426, ""score_path"": 0.239929347239269}"
training_epoch,1,709,training,,173,mean_reward,0.53173012360219,2.263371125207755,46989ab157532bcdb12282ee74b3fb69ab225a5beb744dc41c8378512aef81b2,"{""baseline"": 0.5133187030711535, ""control_residual_rms"": 0.14320226924503562, ""control_slew_rms"": 0.029489004631586338, ""epoch"": 173, ""gradient_norm_before_clip"": 2.263371125207755, ""ground_outcome_fraction"": 0.8333333333333334, ""loss"": -0.8330357949236469, ""mean_reward"": 0.53173012360219, ""score_path"": 0.30130588508637}"
training_epoch,1,709,training,,174,mean_reward,0.5203977765588937,1.4752301745348841,46989ab157532bcdb12282ee74b3fb69ab225a5beb744dc41c8378512aef81b2,"{""baseline"": 0.5136726567455405, ""control_residual_rms"": 0.14634013858077027, ""control_slew_rms"": 0.027730606635552015, ""epoch"": 174, ""gradient_norm_before_clip"": 1.4752301745348841, ""ground_outcome_fraction"": 0.8666666666666667, ""loss"": -0.8119947277335748, ""mean_reward"": 0.5203977765588937, ""score_path"": 0.29159717301890803}"
training_epoch,1,709,training,,175,mean_reward,0.5684635214585373,1.7325026173849396,46989ab157532bcdb12282ee74b3fb69ab225a5beb744dc41c8378512aef81b2,"{""baseline"": 0.5164121999811904, ""control_residual_rms"": 0.1443161163015123, ""control_slew_rms"": 0.028843409827244336, ""epoch"": 175, ""gradient_norm_before_clip"": 1.7325026173849396, ""ground_outcome_fraction"": 0.85, ""loss"": -0.505623310782602, ""mean_reward"": 0.5684635214585373, ""score_path"": -0.06283999408509813}"
training_epoch,1,709,training,,176,mean_reward,0.49111046415139914,1.2906997631307564,46989ab157532bcdb12282ee74b3fb69ab225a5beb744dc41c8378512aef81b2,"{""baseline"": 0.5151471131897007, ""control_residual_rms"": 0.1414328404035522, ""control_slew_rms"": 0.03177914572813511, ""epoch"": 176, ""gradient_norm_before_clip"": 1.2906997631307564, ""ground_outcome_fraction"": 0.8166666666666667, ""loss"": -1.2470866405913, ""mean_reward"": 0.49111046415139914, ""score_path"": 0.7559763865715254}"
training_epoch,1,709,training,,177,mean_reward,0.45968435542327574,3.6212920086138847,46989ab157532bcdb12282ee74b3fb69ab225a5beb744dc41c8378512aef81b2,"{""baseline"": 0.5123739753013795, ""control_residual_rms"": 0.1489203813143023, ""control_slew_rms"": 0.02727212928886763, ""epoch"": 177, ""gradient_norm_before_clip"": 3.6212920086138847, ""ground_outcome_fraction"": 0.8583333333333333, ""loss"": -1.9125058964336783, ""mean_reward"": 0.45968435542327574, ""score_path"": 1.4528217702208928}"
training_epoch,1,709,training,,178,mean_reward,0.43682447574884764,2.964814748606162,46989ab157532bcdb12282ee74b3fb69ab225a5beb744dc41c8378512aef81b2,"{""baseline"": 0.5085965003237529, ""control_residual_rms"": 0.14644649297329465, ""control_slew_rms"": 0.027060320508504137, ""epoch"": 178, ""gradient_norm_before_clip"": 2.964814748606162, ""ground_outcome_fraction"": 0.825, ""loss"": -1.6656353454666628, ""mean_reward"": 0.43682447574884764, ""score_path"": 1.2288110915061774}"
training_epoch,1,709,training,,179,mean_reward,0.5058125620730897,1.3949373915105363,46989ab157532bcdb12282ee74b3fb69ab225a5beb744dc41c8378512aef81b2,"{""baseline"": 0.5084573034112198, ""control_residual_rms"": 0.14087894752395028, ""control_slew_rms"": 0.028220614134264695, ""epoch"": 179, ""gradient_norm_before_clip"": 1.3949373915105363, ""ground_outcome_fraction"": 0.7916666666666666, ""loss"": -0.8671627195392922, ""mean_reward"": 0.5058125620730897, ""score_path"": 0.3613503638990117}"
training_epoch,1,709,training,,180,mean_reward,0.5371518280673462,2.388606837686088,46989ab157532bcdb12282ee74b3fb69ab225a5beb744dc41c8378512aef81b2,"{""baseline"": 0.509892029644026, ""control_residual_rms"": 0.14530876462765446, ""control_slew_rms"": 0.030073175225893714, ""epoch"": 180, ""gradient_norm_before_clip"": 2.388606837686088, ""ground_outcome_fraction"": 0.85, ""loss"": -0.5078966909902028, ""mean_reward"": 0.5371518280673462, ""score_path"": -0.02925491688681388}"
training_epoch,1,709,training,,181,mean_reward,0.5019897018049636,1.7377425941479427,46989ab157532bcdb12282ee74b3fb69ab225a5beb744dc41c8378512aef81b2,"{""baseline"": 0.5094969132520729, ""control_residual_rms"": 0.14195241031312533, ""control_slew_rms"": 0.03191378399418165, ""epoch"": 181, ""gradient_norm_before_clip"": 1.7377425941479427, ""ground_outcome_fraction"": 0.8166666666666667, ""loss"": -1.0853929035076137, ""mean_reward"": 0.5019897018049636, ""score_path"": 0.583403413392414}"
training_epoch,1,709,training,,182,mean_reward,0.4987119861294952,2.606919875180368,46989ab157532bcdb12282ee74b3fb69ab225a5beb744dc41c8378512aef81b2,"{""baseline"": 0.508957666895944, ""control_residual_rms"": 0.14537542566855738, ""control_slew_rms"": 0.029941409580673886, ""epoch"": 182, ""gradient_norm_before_clip"": 2.606919875180368, ""ground_outcome_fraction"": 0.8416666666666667, ""loss"": -0.7749516616761934, ""mean_reward"": 0.4987119861294952, ""score_path"": 0.2762398958517221}"
training_epoch,1,709,training,,183,mean_reward,0.46651927453893005,2.576355017445505,46989ab157532bcdb12282ee74b3fb69ab225a5beb744dc41c8378512aef81b2,"{""baseline"": 0.5068357472780933, ""control_residual_rms"": 0.14982113955087617, ""control_slew_rms"": 0.02676184790398677, ""epoch"": 183, ""gradient_norm_before_clip"": 2.576355017445505, ""ground_outcome_fraction"": 0.8416666666666667, ""loss"": -1.3921259915781143, ""mean_reward"": 0.46651927453893005, ""score_path"": 0.9256069486648878}"
training_epoch,1,709,training,,184,mean_reward,0.48572911024095805,2.8701629901599843,46989ab157532bcdb12282ee74b3fb69ab225a5beb744dc41c8378512aef81b2,"{""baseline"": 0.5057804154262365, ""control_residual_rms"": 0.14540612640845216, ""control_slew_rms"": 0.02837336690625128, ""epoch"": 184, ""gradient_norm_before_clip"": 2.8701629901599843, ""ground_outcome_fraction"": 0.8083333333333333, ""loss"": -1.359272232199267, ""mean_reward"": 0.48572911024095805, ""score_path"": 0.8735433414382042}"
training_epoch,1,709,training,,185,mean_reward,0.5045130571153433,1.7367592095332125,46989ab157532bcdb12282ee74b3fb69ab225a5beb744dc41c8378512aef81b2,"{""baseline"": 0.5057170475106919, ""control_residual_rms"": 0.14413103444268244, ""control_slew_rms"": 0.03323763359073396, ""epoch"": 185, ""gradient_norm_before_clip"": 1.7367592095332125, ""ground_outcome_fraction"": 0.8083333333333333, ""loss"": -0.7115414281137937, ""mean_reward"": 0.5045130571153433, ""score_path"": 0.20702858978340424}"
training_epoch,1,709,training,,186,mean_reward,0.5233893941097949,2.019872356617387,46989ab157532bcdb12282ee74b3fb69ab225a5beb744dc41c8378512aef81b2,"{""baseline"": 0.506600664840647, ""control_residual_rms"": 0.14901142884855537, ""control_slew_rms"": 0.029753792721314055, ""epoch"": 186, ""gradient_norm_before_clip"": 2.019872356617387, ""ground_outcome_fraction"": 0.8416666666666667, ""loss"": -0.6478666821858139, ""mean_reward"": 0.5233893941097949, ""score_path"": 0.12447751897295996}"
training_epoch,1,709,training,,187,mean_reward,0.48412316577803205,3.1800342366350045,46989ab157532bcdb12282ee74b3fb69ab225a5beb744dc41c8378512aef81b2,"{""baseline"": 0.5054767898875163, ""control_residual_rms"": 0.14885575808597004, ""control_slew_rms"": 0.029350803898549462, ""epoch"": 187, ""gradient_norm_before_clip"": 3.1800342366350045, ""ground_outcome_fraction"": 0.8333333333333334, ""loss"": -0.7642606601311974, ""mean_reward"": 0.48412316577803205, ""score_path"": 0.2801377245482294}"
training_epoch,1,709,training,,188,mean_reward,0.48241279970572487,2.7526282397299107,46989ab157532bcdb12282ee74b3fb69ab225a5beb744dc41c8378512aef81b2,"{""baseline"": 0.5043235903784268, ""control_residual_rms"": 0.14761536564570726, ""control_slew_rms"": 0.03182808361810653, ""epoch"": 188, ""gradient_norm_before_clip"": 2.7526282397299107, ""ground_outcome_fraction"": 0.8166666666666667, ""loss"": -1.132471907481936, ""mean_reward"": 0.48241279970572487, ""score_path"": 0.6500593358094419}"
training_epoch,1,709,training,,189,mean_reward,0.5656711260625025,3.8408537036853474,46989ab157532bcdb12282ee74b3fb69ab225a5beb744dc41c8378512aef81b2,"{""baseline"": 0.5073909671626305, ""control_residual_rms"": 0.15392651949205258, ""control_slew_rms"": 0.028168335281333758, ""epoch"": 189, ""gradient_norm_before_clip"": 3.8408537036853474, ""ground_outcome_fraction"": 0.8666666666666667, ""loss"": -0.7332969037421229, ""mean_reward"": 0.5656711260625025, ""score_path"": 0.16762602254790562}"
training_epoch,1,709,training,,190,mean_reward,0.4366450555624655,3.1718390048100424,46989ab157532bcdb12282ee74b3fb69ab225a5beb744dc41c8378512aef81b2,"{""baseline"": 0.5038536715826223, ""control_residual_rms"": 0.14822524596885137, ""control_slew_rms"": 0.031792301530627884, ""epoch"": 190, ""gradient_norm_before_clip"": 3.1718390048100424, ""ground_outcome_fraction"": 0.8166666666666667, ""loss"": -1.705389288053119, ""mean_reward"": 0.4366450555624655, ""score_path"": 1.2687444623053934}"
training_epoch,1,709,training,,191,mean_reward,0.4612613911719785,1.5220505876472432,46989ab157532bcdb12282ee74b3fb69ab225a5beb744dc41c8378512aef81b2,"{""baseline"": 0.5017240575620902, ""control_residual_rms"": 0.14734867702984575, ""control_slew_rms"": 0.03115483874760353, ""epoch"": 191, ""gradient_norm_before_clip"": 1.5220505876472432, ""ground_outcome_fraction"": 0.8166666666666667, ""loss"": -1.2215523106650346, ""mean_reward"": 0.4612613911719785, ""score_path"": 0.760291146315622}"
training_epoch,1,709,training,,192,mean_reward,0.39158498583588336,3.0439055153834995,46989ab157532bcdb12282ee74b3fb69ab225a5beb744dc41c8378512aef81b2,"{""baseline"": 0.4962171039757798, ""control_residual_rms"": 0.1527445997000883, ""control_slew_rms"": 0.027414576987891005, ""epoch"": 192, ""gradient_norm_before_clip"": 3.0439055153834995, ""ground_outcome_fraction"": 0.825, ""loss"": -1.903999305412774, ""mean_reward"": 0.39158498583588336, ""score_path"": 1.5124145604016084}"
training_epoch,1,709,training,,193,mean_reward,0.5755252297253881,1.1771673041863657,46989ab157532bcdb12282ee74b3fb69ab225a5beb744dc41c8378512aef81b2,"{""baseline"": 0.5001825102632602, ""control_residual_rms"": 0.15143007443320813, ""control_slew_rms"": 0.027312973426510637, ""epoch"": 193, ""gradient_norm_before_clip"": 1.1771673041863657, ""ground_outcome_fraction"": 0.85, ""loss"": -0.42307726800883605, ""mean_reward"": 0.5755252297253881, ""score_path"": -0.15244772494589243}"
training_epoch,1,709,training,,194,mean_reward,0.5366931963293264,1.5575683668912146,46989ab157532bcdb12282ee74b3fb69ab225a5beb744dc41c8378512aef81b2,"{""baseline"": 0.5020080445665636, ""control_residual_rms"": 0.1531638155021023, ""control_slew_rms"": 0.0281680607407802, ""epoch"": 194, ""gradient_norm_before_clip"": 1.5575683668912146, ""ground_outcome_fraction"": 0.8583333333333333, ""loss"": -0.46741827501916927, ""mean_reward"": 0.5366931963293264, ""score_path"": -0.06927467878421686}"
training_epoch,1,709,training,,195,mean_reward,0.51545809119113,2.3835478838187085,46989ab157532bcdb12282ee74b3fb69ab225a5beb744dc41c8378512aef81b2,"{""baseline"": 0.5026805468977918, ""control_residual_rms"": 0.14811226946403602, ""control_slew_rms"": 0.030523854588490742, ""epoch"": 195, ""gradient_norm_before_clip"": 2.3835478838187085, ""ground_outcome_fraction"": 0.8166666666666667, ""loss"": -0.991699239147953, ""mean_reward"": 0.51545809119113, ""score_path"": 0.4762413766463237}"
training_epoch,1,709,training,,196,mean_reward,0.4381230262883669,3.229648346475772,46989ab157532bcdb12282ee74b3fb69ab225a5beb744dc41c8378512aef81b2,"{""baseline"": 0.4994526708673206, ""control_residual_rms"": 0.15158591850558803, ""control_slew_rms"": 0.028100216852686447, ""epoch"": 196, ""gradient_norm_before_clip"": 3.229648346475772, ""ground_outcome_fraction"": 0.8166666666666667, ""loss"": -1.8494598853552195, ""mean_reward"": 0.4381230262883669, ""score_path"": 1.4113370967459815}"
training_epoch,1,709,training,,197,mean_reward,0.5402668427451609,4.168759929513709,46989ab157532bcdb12282ee74b3fb69ab225a5beb744dc41c8378512aef81b2,"{""baseline"": 0.5014933794612126, ""control_residual_rms"": 0.1549187545013899, ""control_slew_rms"": 0.025686336967910867, ""epoch"": 197, ""gradient_norm_before_clip"": 4.168759929513709, ""ground_outcome_fraction"": 0.8583333333333333, ""loss"": -1.0478578049038652, ""mean_reward"": 0.5402668427451609, ""score_path"": 0.5075912087547882}"
training_epoch,1,709,training,,198,mean_reward,0.4172822593089632,2.189378073388238,46989ab157532bcdb12282ee74b3fb69ab225a5beb744dc41c8378512aef81b2,"{""baseline"": 0.49728282345360014, ""control_residual_rms"": 0.14712894032048876, ""control_slew_rms"": 0.029699849914256025, ""epoch"": 198, ""gradient_norm_before_clip"": 2.189378073388238, ""ground_outcome_fraction"": 0.7833333333333333, ""loss"": -1.5077478260913395, ""mean_reward"": 0.4172822593089632, ""score_path"": 1.0904657920724379}"
training_epoch,1,709,training,,199,mean_reward,0.5102038377979823,2.1528792208063146,46989ab157532bcdb12282ee74b3fb69ab225a5beb744dc41c8378512aef81b2,"{""baseline"": 0.4979288741708192, ""control_residual_rms"": 0.1577637681556329, ""control_slew_rms"": 0.02553792796653787, ""epoch"": 199, ""gradient_norm_before_clip"": 2.1528792208063146, ""ground_outcome_fraction"": 0.8666666666666667, ""loss"": -0.6952637570498039, ""mean_reward"": 0.5102038377979823, ""score_path"": 0.18506017466774466}"
training_epoch,1,709,training,,200,mean_reward,0.47228717516983254,3.3742924667880168,46989ab157532bcdb12282ee74b3fb69ab225a5beb744dc41c8378512aef81b2,"{""baseline"": 0.4966467892207699, ""control_residual_rms"": 0.14419101028535058, ""control_slew_rms"": 0.030899671419333398, ""epoch"": 200, ""gradient_norm_before_clip"": 3.3742924667880168, ""ground_outcome_fraction"": 0.7666666666666666, ""loss"": -1.8896325860251482, ""mean_reward"": 0.47228717516983254, ""score_path"": 1.417345628313687}"
training_epoch,1,709,training,,201,mean_reward,0.5041382380511295,2.345284302656335,46989ab157532bcdb12282ee74b3fb69ab225a5beb744dc41c8378512aef81b2,"{""baseline"": 0.49702136166228783, ""control_residual_rms"": 0.15688016505073998, ""control_slew_rms"": 0.025608062882217727, ""epoch"": 201, ""gradient_norm_before_clip"": 2.345284302656335, ""ground_outcome_fraction"": 0.85, ""loss"": -1.0007418986402017, ""mean_reward"": 0.5041382380511295, ""score_path"": 0.49660391326066305}"
training_epoch,1,709,training,,202,mean_reward,0.40886146503094284,2.840492276342478,46989ab157532bcdb12282ee74b3fb69ab225a5beb744dc41c8378512aef81b2,"{""baseline"": 0.49261336683072054, ""control_residual_rms"": 0.15163320564597535, ""control_slew_rms"": 0.028375491966207818, ""epoch"": 202, ""gradient_norm_before_clip"": 2.840492276342478, ""ground_outcome_fraction"": 0.7916666666666666, ""loss"": -1.8486700089971106, ""mean_reward"": 0.40886146503094284, ""score_path"": 1.4398087819441439}"
training_epoch,1,709,training,,203,mean_reward,0.6110106081383951,2.535217750913921,46989ab157532bcdb12282ee74b3fb69ab225a5beb744dc41c8378512aef81b2,"{""baseline"": 0.4985332288961043, ""control_residual_rms"": 0.16255745798483823, ""control_slew_rms"": 0.02154842687415523, ""epoch"": 203, ""gradient_norm_before_clip"": 2.535217750913921, ""ground_outcome_fraction"": 0.9, ""loss"": -0.15532393444439282, ""mean_reward"": 0.6110106081383951, ""score_path"": -0.45568640480138384}"
training_epoch,1,709,training,,204,mean_reward,0.5113874484374962,1.7262420180291402,46989ab157532bcdb12282ee74b3fb69ab225a5beb744dc41c8378512aef81b2,"{""baseline"": 0.49917593987317394, ""control_residual_rms"": 0.15467145313072542, ""control_slew_rms"": 0.026593842869791995, ""epoch"": 204, ""gradient_norm_before_clip"": 1.7262420180291402, ""ground_outcome_fraction"": 0.8333333333333334, ""loss"": -1.132129855181724, ""mean_reward"": 0.5113874484374962, ""score_path"": 0.6207426530491368}"
training_epoch,1,709,training,,205,mean_reward,0.5506476531390321,2.630736496249854,46989ab157532bcdb12282ee74b3fb69ab225a5beb744dc41c8378512aef81b2,"{""baseline"": 0.5017495255364669, ""control_residual_rms"": 0.16065819474063256, ""control_slew_rms"": 0.02489018144096651, ""epoch"": 205, ""gradient_norm_before_clip"": 2.630736496249854, ""ground_outcome_fraction"": 0.8833333333333333, ""loss"": -0.7840518408427073, ""mean_reward"": 0.5506476531390321, ""score_path"": 0.23340445200944196}"
training_epoch,1,709,training,,206,mean_reward,0.40672361264260914,3.6398872973896044,46989ab157532bcdb12282ee74b3fb69ab225a5beb744dc41c8378512aef81b2,"{""baseline"": 0.496998229891774, ""control_residual_rms"": 0.1526457475236627, ""control_slew_rms"": 0.028815805979505962, ""epoch"": 206, ""gradient_norm_before_clip"": 3.6398872973896044, ""ground_outcome_fraction"": 0.8, ""loss"": -2.1994942991674646, ""mean_reward"": 0.40672361264260914, ""score_path"": 1.7927709278356048}"
training_epoch,1,709,training,,207,mean_reward,0.5670495811130145,2.4678123969603476,46989ab157532bcdb12282ee74b3fb69ab225a5beb744dc41c8378512aef81b2,"{""baseline"": 0.500500797452836, ""control_residual_rms"": 0.1546798785935091, ""control_slew_rms"": 0.027925855204040003, ""epoch"": 207, ""gradient_norm_before_clip"": 2.4678123969603476, ""ground_outcome_fraction"": 0.8416666666666667, ""loss"": -0.17767454884270678, ""mean_reward"": 0.5670495811130145, ""score_path"": -0.3893747852131254}"
training_epoch,1,709,training,,208,mean_reward,0.29700828380138733,2.502342314718829,46989ab157532bcdb12282ee74b3fb69ab225a5beb744dc41c8378512aef81b2,"{""baseline"": 0.4903261717702636, ""control_residual_rms"": 0.1452569386416505, ""control_slew_rms"": 0.031218353981250817, ""epoch"": 208, ""gradient_norm_before_clip"": 2.502342314718829, ""ground_outcome_fraction"": 0.7416666666666667, ""loss"": -3.0755555824708747, ""mean_reward"": 0.29700828380138733, ""score_path"": 2.7785475194111258}"
training_epoch,1,709,training,,209,mean_reward,0.47009563612343014,1.7432739093289573,46989ab157532bcdb12282ee74b3fb69ab225a5beb744dc41c8378512aef81b2,"{""baseline"": 0.48931464498792193, ""control_residual_rms"": 0.15376213081256176, ""control_slew_rms"": 0.02854857471249817, ""epoch"": 209, ""gradient_norm_before_clip"": 1.7432739093289573, ""ground_outcome_fraction"": 0.8166666666666667, ""loss"": -1.0129101113684729, ""mean_reward"": 0.47009563612343014, ""score_path"": 0.5428147198231827}"
training_epoch,1,709,training,,210,mean_reward,0.49710681685455144,1.4284724938786726,46989ab157532bcdb12282ee74b3fb69ab225a5beb744dc41c8378512aef81b2,"{""baseline"": 0.4897042535812534, ""control_residual_rms"": 0.15964196915119544, ""control_slew_rms"": 0.02471018532035213, ""epoch"": 210, ""gradient_norm_before_clip"": 1.4284724938786726, ""ground_outcome_fraction"": 0.8666666666666667, ""loss"": -0.794030977309655, ""mean_reward"": 0.49710681685455144, ""score_path"": 0.2969244214166193}"
training_epoch,1,709,training,,211,mean_reward,0.43771418820809554,1.7746835021826395,46989ab157532bcdb12282ee74b3fb69ab225a5beb744dc41c8378512aef81b2,"{""baseline"": 0.48710475031259554, ""control_residual_rms"": 0.16169554320163593, ""control_slew_rms"": 0.024899890500694386, ""epoch"": 211, ""gradient_norm_before_clip"": 1.7746835021826395, ""ground_outcome_fraction"": 0.8666666666666667, ""loss"": -1.2290316352429633, ""mean_reward"": 0.43771418820809554, ""score_path"": 0.7913177146894002}"
training_epoch,1,709,training,,212,mean_reward,0.5836761718924904,2.027592931944354,46989ab157532bcdb12282ee74b3fb69ab225a5beb744dc41c8378512aef81b2,"{""baseline"": 0.4919333213915903, ""control_residual_rms"": 0.16362149501866727, ""control_slew_rms"": 0.022952884225098787, ""epoch"": 212, ""gradient_norm_before_clip"": 2.027592931944354, ""ground_outcome_fraction"": 0.9, ""loss"": -0.2989135402194996, ""mean_reward"": 0.5836761718924904, ""score_path"": -0.28476235868470556}"
training_epoch,1,709,training,,213,mean_reward,0.5126150114975015,2.9988123138740974,46989ab157532bcdb12282ee74b3fb69ab225a5beb744dc41c8378512aef81b2,"{""baseline"": 0.4929674058968858, ""control_residual_rms"": 0.15444650203816743, ""control_slew_rms"": 0.02781287087417332, ""epoch"": 213, ""gradient_norm_before_clip"": 2.9988123138740974, ""ground_outcome_fraction"": 0.8416666666666667, ""loss"": -0.6857981281915482, ""mean_reward"": 0.5126150114975015, ""score_path"": 0.17318336296682438}"
training_epoch,1,709,training,,214,mean_reward,0.5251670651746595,2.4792719338686,46989ab157532bcdb12282ee74b3fb69ab225a5beb744dc41c8378512aef81b2,"{""baseline"": 0.4945773888607745, ""control_residual_rms"": 0.1598638377709213, ""control_slew_rms"": 0.023055702501658552, ""epoch"": 214, ""gradient_norm_before_clip"": 2.4792719338686, ""ground_outcome_fraction"": 0.8833333333333333, ""loss"": -0.8907759479117455, ""mean_reward"": 0.5251670651746595, ""score_path"": 0.3656091436172064}"
training_epoch,1,709,training,,215,mean_reward,0.5733781500384874,2.318307142522641,46989ab157532bcdb12282ee74b3fb69ab225a5beb744dc41c8378512aef81b2,"{""baseline"": 0.49851742691966017, ""control_residual_rms"": 0.1588469041980755, ""control_slew_rms"": 0.023134184163705215, ""epoch"": 215, ""gradient_norm_before_clip"": 2.318307142522641, ""ground_outcome_fraction"": 0.8833333333333333, ""loss"": -0.3617048081902107, ""mean_reward"": 0.5733781500384874, ""score_path"": -0.21167308417298217}"
training_epoch,1,709,training,,216,mean_reward,0.6138437741709453,1.199876164693177,46989ab157532bcdb12282ee74b3fb69ab225a5beb744dc41c8378512aef81b2,"{""baseline"": 0.5042837442822244, ""control_residual_rms"": 0.16240627158353096, ""control_slew_rms"": 0.02060193209636289, ""epoch"": 216, ""gradient_norm_before_clip"": 1.199876164693177, ""ground_outcome_fraction"": 0.9249999999999999, ""loss"": -0.20410983281649328, ""mean_reward"": 0.6138437741709453, ""score_path"": -0.40973367335208544}"
training_epoch,1,709,training,,217,mean_reward,0.5637133494502781,2.0717088137250492,46989ab157532bcdb12282ee74b3fb69ab225a5beb744dc41c8378512aef81b2,"{""baseline"": 0.5072552245406271, ""control_residual_rms"": 0.15854148687727393, ""control_slew_rms"": 0.022263323841880282, ""epoch"": 217, ""gradient_norm_before_clip"": 2.0717088137250492, ""ground_outcome_fraction"": 0.9, ""loss"": -0.5986015140865112, ""mean_reward"": 0.5637133494502781, ""score_path"": 0.0348884209468195}"
training_epoch,1,709,training,,218,mean_reward,0.4858530153723966,1.6926088433068864,46989ab157532bcdb12282ee74b3fb69ab225a5beb744dc41c8378512aef81b2,"{""baseline"": 0.5061851140822156, ""control_residual_rms"": 0.16076037357485182, ""control_slew_rms"": 0.01923623212848734, ""epoch"": 218, ""gradient_norm_before_clip"": 1.6926088433068864, ""ground_outcome_fraction"": 0.9083333333333333, ""loss"": -0.8092629188412972, ""mean_reward"": 0.4858530153723966, ""score_path"": 0.323410165608204}"
training_epoch,1,709,training,,219,mean_reward,0.4357100237744434,2.579445850134299,46989ab157532bcdb12282ee74b3fb69ab225a5beb744dc41c8378512aef81b2,"{""baseline"": 0.502661359566827, ""control_residual_rms"": 0.15276950173397946, ""control_slew_rms"": 0.02301371996510701, ""epoch"": 219, ""gradient_norm_before_clip"": 2.579445850134299, ""ground_outcome_fraction"": 0.8416666666666667, ""loss"": -1.776927145169406, ""mean_reward"": 0.4357100237744434, ""score_path"": 1.3412173600764823}"
training_epoch,1,709,training,,220,mean_reward,0.40109173382512103,3.411420459736402,46989ab157532bcdb12282ee74b3fb69ab225a5beb744dc41c8378512aef81b2,"{""baseline"": 0.49758287827974174, ""control_residual_rms"": 0.1430020957394321, ""control_slew_rms"": 0.026741538358534014, ""epoch"": 220, ""gradient_norm_before_clip"": 3.411420459736402, ""ground_outcome_fraction"": 0.7916666666666666, ""loss"": -1.541998241876909, ""mean_reward"": 0.40109173382512103, ""score_path"": 1.1409067196988807}"
training_epoch,1,709,training,,221,mean_reward,0.5741521230843409,2.5307277436840527,46989ab157532bcdb12282ee74b3fb69ab225a5beb744dc41c8378512aef81b2,"{""baseline"": 0.5014113405199717, ""control_residual_rms"": 0.15362162442253546, ""control_slew_rms"": 0.019307461642233594, ""epoch"": 221, ""gradient_norm_before_clip"": 2.5307277436840527, ""ground_outcome_fraction"": 0.8916666666666666, ""loss"": -0.1713193307858469, ""mean_reward"": 0.5741521230843409, ""score_path"": -0.40283255257467837}"
training_epoch,1,709,training,,222,mean_reward,0.4854593124729819,2.5179066947828903,46989ab157532bcdb12282ee74b3fb69ab225a5beb744dc41c8378512aef81b2,"{""baseline"": 0.5006137391176222, ""control_residual_rms"": 0.15023969650590543, ""control_slew_rms"": 0.020861849599081852, ""epoch"": 222, ""gradient_norm_before_clip"": 2.5179066947828903, ""ground_outcome_fraction"": 0.8666666666666667, ""loss"": -1.2028866010624992, ""mean_reward"": 0.4854593124729819, ""score_path"": 0.717427518661349}"
training_epoch,1,709,training,,223,mean_reward,0.4607031696312244,2.555587300516924,46989ab157532bcdb12282ee74b3fb69ab225a5beb744dc41c8378512aef81b2,"{""baseline"": 0.4986182106433023, ""control_residual_rms"": 0.140834122545629, ""control_slew_rms"": 0.022763921138504284, ""epoch"": 223, ""gradient_norm_before_clip"": 2.555587300516924, ""ground_outcome_fraction"": 0.8, ""loss"": -1.53031844806942, ""mean_reward"": 0.4607031696312244, ""score_path"": 1.0696154819626573}"
training_epoch,1,709,training,,224,mean_reward,0.482557440940354,2.0231694490032686,46989ab157532bcdb12282ee74b3fb69ab225a5beb744dc41c8378512aef81b2,"{""baseline"": 0.4978151721581549, ""control_residual_rms"": 0.1445134287424406, ""control_slew_rms"": 0.023098598463988162, ""epoch"": 224, ""gradient_norm_before_clip"": 2.0231694490032686, ""ground_outcome_fraction"": 0.85, ""loss"": -0.8627967581071948, ""mean_reward"": 0.482557440940354, ""score_path"": 0.3802395313436042}"
training_epoch,1,709,training,,225,mean_reward,0.6294252712226492,1.2435123891792648,46989ab157532bcdb12282ee74b3fb69ab225a5beb744dc41c8378512aef81b2,"{""baseline"": 0.5043956771113796, ""control_residual_rms"": 0.15409971613478393, ""control_slew_rms"": 0.01577938578897524, ""epoch"": 225, ""gradient_norm_before_clip"": 1.2435123891792648, ""ground_outcome_fraction"": 0.95, ""loss"": -0.12993510670123076, ""mean_reward"": 0.6294252712226492, ""score_path"": -0.4994899245643032}"
training_epoch,1,709,training,,226,mean_reward,0.48121933578266846,3.318278633290003,46989ab157532bcdb12282ee74b3fb69ab225a5beb744dc41c8378512aef81b2,"{""baseline"": 0.5032368600449441, ""control_residual_rms"": 0.14384945963428253, ""control_slew_rms"": 0.022078154296847403, ""epoch"": 226, ""gradient_norm_before_clip"": 3.318278633290003, ""ground_outcome_fraction"": 0.8416666666666667, ""loss"": -0.7743174056826161, ""mean_reward"": 0.48121933578266846, ""score_path"": 0.293098281701067}"
training_epoch,1,709,training,,227,mean_reward,0.47934447963288457,2.982399754428119,46989ab157532bcdb12282ee74b3fb69ab225a5beb744dc41c8378512aef81b2,"{""baseline"": 0.5020422410243411, ""control_residual_rms"": 0.1461957567711273, ""control_slew_rms"": 0.02051550460244196, ""epoch"": 227, ""gradient_norm_before_clip"": 2.982399754428119, ""ground_outcome_fraction"": 0.8666666666666667, ""loss"": -1.0646953968640156, ""mean_reward"": 0.47934447963288457, ""score_path"": 0.5853511351719832}"
training_epoch,1,709,training,,228,mean_reward,0.5068905064347293,1.7050458704493583,46989ab157532bcdb12282ee74b3fb69ab225a5beb744dc41c8378512aef81b2,"{""baseline"": 0.5022846542948606, ""control_residual_rms"": 0.13619143874931247, ""control_slew_rms"": 0.025120949929793662, ""epoch"": 228, ""gradient_norm_before_clip"": 1.7050458704493583, ""ground_outcome_fraction"": 0.7833333333333333, ""loss"": -0.8169095753763831, ""mean_reward"": 0.5068905064347293, ""score_path"": 0.31001926073335495}"
training_epoch,1,709,training,,229,mean_reward,0.5871958989801961,1.7765767128189152,46989ab157532bcdb12282ee74b3fb69ab225a5beb744dc41c8378512aef81b2,"{""baseline"": 0.5065302165291273, ""control_residual_rms"": 0.14858881616565014, ""control_slew_rms"": 0.019313519866212558, ""epoch"": 229, ""gradient_norm_before_clip"": 1.7765767128189152, ""ground_outcome_fraction"": 0.9, ""loss"": -0.27249011585466887, ""mean_reward"": 0.5871958989801961, ""score_path"": -0.3147055586090438}"
training_epoch,1,709,training,,230,mean_reward,0.5480930521114693,1.189306238370011,46989ab157532bcdb12282ee74b3fb69ab225a5beb744dc41c8378512aef81b2,"{""baseline"": 0.5086083583082445, ""control_residual_rms"": 0.14562224983673672, ""control_slew_rms"": 0.021696358873482174, ""epoch"": 230, ""gradient_norm_before_clip"": 1.189306238370011, ""ground_outcome_fraction"": 0.8583333333333333, ""loss"": -0.6107288565538742, ""mean_reward"": 0.5480930521114693, ""score_path"": 0.06263602120812124}"
training_epoch,1,709,training,,231,mean_reward,0.6037422528567028,2.16746477431413,46989ab157532bcdb12282ee74b3fb69ab225a5beb744dc41c8378512aef81b2,"{""baseline"": 0.5133650530356674, ""control_residual_rms"": 0.14636659863916, ""control_slew_rms"": 0.021310503768325804, ""epoch"": 231, ""gradient_norm_before_clip"": 2.16746477431413, ""ground_outcome_fraction"": 0.875, ""loss"": -0.06278287828248486, ""mean_reward"": 0.6037422528567028, ""score_path"": -0.5409591558010303}"
training_epoch,1,709,training,,232,mean_reward,0.40503285980278747,3.255836186021215,46989ab157532bcdb12282ee74b3fb69ab225a5beb744dc41c8378512aef81b2,"{""baseline"": 0.5079484433740233, ""control_residual_rms"": 0.14346294886513147, ""control_slew_rms"": 0.02230796468835149, ""epoch"": 232, ""gradient_norm_before_clip"": 3.255836186021215, ""ground_outcome_fraction"": 0.8166666666666667, ""loss"": -1.5598870213263831, ""mean_reward"": 0.40503285980278747, ""score_path"": 1.1548543723162255}"
training_epoch,1,709,training,,233,mean_reward,0.5022920313689162,1.8832470890488027,46989ab157532bcdb12282ee74b3fb69ab225a5beb744dc41c8378512aef81b2,"{""baseline"": 0.507665622773768, ""control_residual_rms"": 0.1452248553194977, ""control_slew_rms"": 0.022936698081074954, ""epoch"": 233, ""gradient_norm_before_clip"": 1.8832470890488027, ""ground_outcome_fraction"": 0.8416666666666667, ""loss"": -1.0940168239420867, ""mean_reward"": 0.5022920313689162, ""score_path"": 0.5917250087366777}"
training_epoch,1,709,training,,234,mean_reward,0.52748941585429,1.8633665361631835,46989ab157532bcdb12282ee74b3fb69ab225a5beb744dc41c8378512aef81b2,"{""baseline"": 0.5086568124277941, ""control_residual_rms"": 0.1429600795257954, ""control_slew_rms"": 0.023674245860887563, ""epoch"": 234, ""gradient_norm_before_clip"": 1.8633665361631835, ""ground_outcome_fraction"": 0.825, ""loss"": -0.8704527777370166, ""mean_reward"": 0.52748941585429, ""score_path"": 0.34296357186326915}"
training_epoch,1,709,training,,235,mean_reward,0.5242474489038496,2.733520163081789,46989ab157532bcdb12282ee74b3fb69ab225a5beb744dc41c8378512aef81b2,"{""baseline"": 0.5094363442515969, ""control_residual_rms"": 0.15297447060780953, ""control_slew_rms"": 0.020361989491757083, ""epoch"": 235, ""gradient_norm_before_clip"": 2.733520163081789, ""ground_outcome_fraction"": 0.8833333333333333, ""loss"": -0.8997852567883806, ""mean_reward"": 0.5242474489038496, ""score_path"": 0.3755380460425237}"
training_epoch,1,709,training,,236,mean_reward,0.5818856452730147,2.0024004328962017,46989ab157532bcdb12282ee74b3fb69ab225a5beb744dc41c8378512aef81b2,"{""baseline"": 0.5130588093026678, ""control_residual_rms"": 0.1537794148724149, ""control_slew_rms"": 0.020418016392520794, ""epoch"": 236, ""gradient_norm_before_clip"": 2.0024004328962017, ""ground_outcome_fraction"": 0.8916666666666666, ""loss"": -0.3204832632707577, ""mean_reward"": 0.5818856452730147, ""score_path"": -0.2614021413522186}"
training_epoch,1,709,training,,237,mean_reward,0.5325305857728251,1.9226349319852696,46989ab157532bcdb12282ee74b3fb69ab225a5beb744dc41c8378512aef81b2,"{""baseline"": 0.5140323981261756, ""control_residual_rms"": 0.14763852922126544, ""control_slew_rms"": 0.02381814775686458, ""epoch"": 237, ""gradient_norm_before_clip"": 1.9226349319852696, ""ground_outcome_fraction"": 0.8333333333333334, ""loss"": -0.6932506741538264, ""mean_reward"": 0.5325305857728251, ""score_path"": 0.160720312025396}"
training_epoch,1,709,training,,238,mean_reward,0.4120436092154749,2.7379470276246463,46989ab157532bcdb12282ee74b3fb69ab225a5beb744dc41c8378512aef81b2,"{""baseline"": 0.5089329586806406, ""control_residual_rms"": 0.14547250111014526, ""control_slew_rms"": 0.02555905307941041, ""epoch"": 238, ""gradient_norm_before_clip"": 2.7379470276246463, ""ground_outcome_fraction"": 0.775, ""loss"": -2.1691810812790386, ""mean_reward"": 0.4120436092154749, ""score_path"": 1.757137690218701}"
training_epoch,1,709,training,,239,mean_reward,0.5825059884469337,1.8698882572619562,46989ab157532bcdb12282ee74b3fb69ab225a5beb744dc41c8378512aef81b2,"{""baseline"": 0.5126116101689553, ""control_residual_rms"": 0.15708770807201744, ""control_slew_rms"": 0.021067342921676863, ""epoch"": 239, ""gradient_norm_before_clip"": 1.8698882572619562, ""ground_outcome_fraction"": 0.9, ""loss"": -0.36729782981875375, ""mean_reward"": 0.5825059884469337, ""score_path"": -0.2152079074243703}"
training_epoch,1,709,training,,240,mean_reward,0.5746080440389504,2.52269829229125,46989ab157532bcdb12282ee74b3fb69ab225a5beb744dc41c8378512aef81b2,"{""baseline"": 0.515711431862455, ""control_residual_rms"": 0.15746706849966433, ""control_slew_rms"": 0.019581128013190632, ""epoch"": 240, ""gradient_norm_before_clip"": 2.52269829229125, ""ground_outcome_fraction"": 0.9, ""loss"": -0.47940552053241975, ""mean_reward"": 0.5746080440389504, ""score_path"": -0.0952022717135483}"
training_epoch,1,709,training,,241,mean_reward,0.5692385931925079,1.4666584874001671,46989ab157532bcdb12282ee74b3fb69ab225a5beb744dc41c8378512aef81b2,"{""baseline"": 0.5183877899289577, ""control_residual_rms"": 0.15642463473908283, ""control_slew_rms"": 0.020556225734350675, ""epoch"": 241, ""gradient_norm_before_clip"": 1.4666584874001671, ""ground_outcome_fraction"": 0.8916666666666666, ""loss"": -0.3255015589635499, ""mean_reward"": 0.5692385931925079, ""score_path"": -0.24373678531671034}"
training_epoch,1,709,training,,242,mean_reward,0.5722961359053818,2.0625675347776893,46989ab157532bcdb12282ee74b3fb69ab225a5beb744dc41c8378512aef81b2,"{""baseline"": 0.5210832072277789, ""control_residual_rms"": 0.1559848546523955, ""control_slew_rms"": 0.020324881885258453, ""epoch"": 242, ""gradient_norm_before_clip"": 2.0625675347776893, ""ground_outcome_fraction"": 0.8916666666666666, ""loss"": -0.33469392472589665, ""mean_reward"": 0.5722961359053818, ""score_path"": -0.23760196373572806}"
training_epoch,1,709,training,,243,mean_reward,0.6186092084217174,2.2535708943651422,46989ab157532bcdb12282ee74b3fb69ab225a5beb744dc41c8378512aef81b2,"{""baseline"": 0.5259595072874759, ""control_residual_rms"": 0.15312975634478693, ""control_slew_rms"": 0.020844174147838256, ""epoch"": 243, ""gradient_norm_before_clip"": 2.2535708943651422, ""ground_outcome_fraction"": 0.8833333333333333, ""loss"": -0.12357141891742872, ""mean_reward"": 0.6186092084217174, ""score_path"": -0.49503755067226995}"
training_epoch,1,709,training,,244,mean_reward,0.41533876118584645,2.3186803114793233,46989ab157532bcdb12282ee74b3fb69ab225a5beb744dc41c8378512aef81b2,"{""baseline"": 0.5204284699823943, ""control_residual_rms"": 0.14247760504966736, ""control_slew_rms"": 0.024681365851867507, ""epoch"": 244, ""gradient_norm_before_clip"": 2.3186803114793233, ""ground_outcome_fraction"": 0.7666666666666666, ""loss"": -2.0461252982822344, ""mean_reward"": 0.41533876118584645, ""score_path"": 1.6307867461867656}"
training_epoch,1,709,training,,245,mean_reward,0.5387507512111497,1.2794445346830083,46989ab157532bcdb12282ee74b3fb69ab225a5beb744dc41c8378512aef81b2,"{""baseline"": 0.5213445840438321, ""control_residual_rms"": 0.1474146879188097, ""control_slew_rms"": 0.02189242241217313, ""epoch"": 245, ""gradient_norm_before_clip"": 1.2794445346830083, ""ground_outcome_fraction"": 0.825, ""loss"": -0.9599390245227734, ""mean_reward"": 0.5387507512111497, ""score_path"": 0.42118849541530745}"
training_epoch,1,709,training,,246,mean_reward,0.5700446384622204,1.3162834196683815,46989ab157532bcdb12282ee74b3fb69ab225a5beb744dc41c8378512aef81b2,"{""baseline"": 0.5237795867647516, ""control_residual_rms"": 0.1531874040743493, ""control_slew_rms"": 0.019972353709575494, ""epoch"": 246, ""gradient_norm_before_clip"": 1.3162834196683815, ""ground_outcome_fraction"": 0.8916666666666666, ""loss"": -0.5253413035747337, ""mean_reward"": 0.5700446384622204, ""score_path"": -0.04470309623472975}"
training_epoch,1,709,training,,247,mean_reward,0.4968778973013546,4.040543221677806,46989ab157532bcdb12282ee74b3fb69ab225a5beb744dc41c8378512aef81b2,"{""baseline"": 0.5224345022915817, ""control_residual_rms"": 0.1511583416385147, ""control_slew_rms"": 0.020065540031251522, ""epoch"": 247, ""gradient_norm_before_clip"": 4.040543221677806, ""ground_outcome_fraction"": 0.8833333333333333, ""loss"": -0.8843517780120473, ""mean_reward"": 0.4968778973013546, ""score_path"": 0.38747411322539427}"
training_epoch,1,709,training,,248,mean_reward,0.60799838666836,2.5695912227155,46989ab157532bcdb12282ee74b3fb69ab225a5beb744dc41c8378512aef81b2,"{""baseline"": 0.5267126965104206, ""control_residual_rms"": 0.15248759657089123, ""control_slew_rms"": 0.018921461254993673, ""epoch"": 248, ""gradient_norm_before_clip"": 2.5695912227155, ""ground_outcome_fraction"": 0.9, ""loss"": -0.15976115503230237, ""mean_reward"": 0.60799838666836, ""score_path"": -0.44823699553116964}"
training_epoch,1,709,training,,249,mean_reward,0.47414153937190334,2.4008259656577415,46989ab157532bcdb12282ee74b3fb69ab225a5beb744dc41c8378512aef81b2,"{""baseline"": 0.5240841386534948, ""control_residual_rms"": 0.15069412674377392, ""control_slew_rms"": 0.01944429307268432, ""epoch"": 249, ""gradient_norm_before_clip"": 2.4008259656577415, ""ground_outcome_fraction"": 0.8666666666666667, ""loss"": -1.5202195033402073, ""mean_reward"": 0.47414153937190334, ""score_path"": 1.0460781948363076}"
training_epoch,1,709,training,,250,mean_reward,0.4764603104677423,2.195552876390839,46989ab157532bcdb12282ee74b3fb69ab225a5beb744dc41c8378512aef81b2,"{""baseline"": 0.5217029472442072, ""control_residual_rms"": 0.15066154844153604, ""control_slew_rms"": 0.019184934708521627, ""epoch"": 250, ""gradient_norm_before_clip"": 2.195552876390839, ""ground_outcome_fraction"": 0.8666666666666667, ""loss"": -1.2323247045244807, ""mean_reward"": 0.4764603104677423, ""score_path"": 0.7558646247263774}"
training_epoch,1,709,training,,251,mean_reward,0.4668897697334365,5.091039935491136,46989ab157532bcdb12282ee74b3fb69ab225a5beb744dc41c8378512aef81b2,"{""baseline"": 0.5189622883686686, ""control_residual_rms"": 0.14737166856212275, ""control_slew_rms"": 0.02198572608540653, ""epoch"": 251, ""gradient_norm_before_clip"": 5.091039935491136, ""ground_outcome_fraction"": 0.8416666666666667, ""loss"": -1.7037094942697901, ""mean_reward"": 0.4668897697334365, ""score_path"": 1.236819946554162}"
training_epoch,1,709,training,,252,mean_reward,0.5102939406565181,2.286532790928102,46989ab157532bcdb12282ee74b3fb69ab225a5beb744dc41c8378512aef81b2,"{""baseline"": 0.5185288709830611, ""control_residual_rms"": 0.1445169160977059, ""control_slew_rms"": 0.023477901605344697, ""epoch"": 252, ""gradient_norm_before_clip"": 2.286532790928102, ""ground_outcome_fraction"": 0.825, ""loss"": -0.7212130392092247, ""mean_reward"": 0.5102939406565181, ""score_path"": 0.21091931291621563}"
training_epoch,1,709,training,,253,mean_reward,0.4471620404013144,2.6887395279313275,46989ab157532bcdb12282ee74b3fb69ab225a5beb744dc41c8378512aef81b2,"{""baseline"": 0.5149605294539737, ""control_residual_rms"": 0.13947092775164732, ""control_slew_rms"": 0.024658751751240167, ""epoch"": 253, ""gradient_norm_before_clip"": 2.6887395279313275, ""ground_outcome_fraction"": 0.75, ""loss"": -1.910060543760551, ""mean_reward"": 0.4471620404013144, ""score_path"": 1.4628987039611738}"
training_epoch,1,709,training,,254,mean_reward,0.5635625968564943,2.2792439430727764,46989ab157532bcdb12282ee74b3fb69ab225a5beb744dc41c8378512aef81b2,"{""baseline"": 0.5173906328240998, ""control_residual_rms"": 0.1494111430051553, ""control_slew_rms"": 0.021853269213959872, ""epoch"": 254, ""gradient_norm_before_clip"": 2.2792439430727764, ""ground_outcome_fraction"": 0.8416666666666667, ""loss"": -0.41940446576249735, ""mean_reward"": 0.5635625968564943, ""score_path"": -0.14415790308144674}"
training_epoch,1,709,training,,255,mean_reward,0.40927950368700455,3.4852337168066496,46989ab157532bcdb12282ee74b3fb69ab225a5beb744dc41c8378512aef81b2,"{""baseline"": 0.511985076367245, ""control_residual_rms"": 0.14634490887132393, ""control_slew_rms"": 0.024543437148168517, ""epoch"": 255, ""gradient_norm_before_clip"": 3.4852337168066496, ""ground_outcome_fraction"": 0.8, ""loss"": -1.5184095748221984, ""mean_reward"": 0.40927950368700455, ""score_path"": 1.1091302913273204}"
training_epoch,1,709,training,,256,mean_reward,0.5584992324277448,0.8255820213913528,46989ab157532bcdb12282ee74b3fb69ab225a5beb744dc41c8378512aef81b2,"{""baseline"": 0.51431078417027, ""control_residual_rms"": 0.15817994958874873, ""control_slew_rms"": 0.019365229290790695, ""epoch"": 256, ""gradient_norm_before_clip"": 0.8255820213913528, ""ground_outcome_fraction"": 0.8916666666666666, ""loss"": -0.33496862697523055, ""mean_reward"": 0.5584992324277448, ""score_path"": -0.22353035149342873}"
training_epoch,1,709,training,,257,mean_reward,0.51258986501519,3.6283961286069486,46989ab157532bcdb12282ee74b3fb69ab225a5beb744dc41c8378512aef81b2,"{""baseline"": 0.5142247382125159, ""control_residual_rms"": 0.1569083868489243, ""control_slew_rms"": 0.02113307621583848, ""epoch"": 257, ""gradient_norm_before_clip"": 3.6283961286069486, ""ground_outcome_fraction"": 0.8666666666666667, ""loss"": -1.3570890867191425, ""mean_reward"": 0.51258986501519, ""score_path"": 0.8444994723724403}"
training_epoch,1,709,training,,258,mean_reward,0.5690827197505848,1.9386958896599615,46989ab157532bcdb12282ee74b3fb69ab225a5beb744dc41c8378512aef81b2,"{""baseline"": 0.5169676372894193, ""control_residual_rms"": 0.15108091046084948, ""control_slew_rms"": 0.023991128300354946, ""epoch"": 258, ""gradient_norm_before_clip"": 1.9386958896599615, ""ground_outcome_fraction"": 0.825, ""loss"": -0.22839410768681903, ""mean_reward"": 0.5690827197505848, ""score_path"": -0.3406883780536083}"
training_epoch,1,709,training,,259,mean_reward,0.4075996168668432,1.882376825805438,46989ab157532bcdb12282ee74b3fb69ab225a5beb744dc41c8378512aef81b2,"{""baseline"": 0.5114992362682905, ""control_residual_rms"": 0.15157168526802645, ""control_slew_rms"": 0.02557700822170321, ""epoch"": 259, ""gradient_norm_before_clip"": 1.882376825805438, ""ground_outcome_fraction"": 0.7916666666666666, ""loss"": -1.7198655964736955, ""mean_reward"": 0.4075996168668432, ""score_path"": 1.3122662158884435}"
training_epoch,1,709,training,,260,mean_reward,0.5844890576490369,1.4620680460602433,46989ab157532bcdb12282ee74b3fb69ab225a5beb744dc41c8378512aef81b2,"{""baseline"": 0.5151487273373279, ""control_residual_rms"": 0.15825976532928346, ""control_slew_rms"": 0.022119560821132343, ""epoch"": 260, ""gradient_norm_before_clip"": 1.4620680460602433, ""ground_outcome_fraction"": 0.8583333333333333, ""loss"": -0.12389402092474212, ""mean_reward"": 0.5844890576490369, ""score_path"": -0.46059478137001186}"
training_epoch,1,709,training,,261,mean_reward,0.5608052319433043,1.4450977741531583,46989ab157532bcdb12282ee74b3fb69ab225a5beb744dc41c8378512aef81b2,"{""baseline"": 0.5174315525676267, ""control_residual_rms"": 0.15679168547753822, ""control_slew_rms"": 0.022057436174476638, ""epoch"": 261, ""gradient_norm_before_clip"": 1.4450977741531583, ""ground_outcome_fraction"": 0.85, ""loss"": -0.3418529920307497, ""mean_reward"": 0.5608052319433043, ""score_path"": -0.21895198921092343}"
training_epoch,1,709,training,,262,mean_reward,0.4458091174509085,1.960369725947312,46989ab157532bcdb12282ee74b3fb69ab225a5beb744dc41c8378512aef81b2,"{""baseline"": 0.5138504308117908, ""control_residual_rms"": 0.15285490887394113, ""control_slew_rms"": 0.02415235007213976, ""epoch"": 262, ""gradient_norm_before_clip"": 1.960369725947312, ""ground_outcome_fraction"": 0.8, ""loss"": -1.6806525034084825, ""mean_reward"": 0.4458091174509085, ""score_path"": 1.234843625437166}"
training_epoch,1,709,training,,263,mean_reward,0.5420742769493817,2.1523484445528855,46989ab157532bcdb12282ee74b3fb69ab225a5beb744dc41c8378512aef81b2,"{""baseline"": 0.5152616231186704, ""control_residual_rms"": 0.14491579726925274, ""control_slew_rms"": 0.025885489939397655, ""epoch"": 263, ""gradient_norm_before_clip"": 2.1523484445528855, ""ground_outcome_fraction"": 0.75, ""loss"": -0.7716387259323827, ""mean_reward"": 0.5420742769493817, ""score_path"": 0.22956466568946987}"
training_epoch,1,709,training,,264,mean_reward,0.6190511754816035,1.8931492388675024,46989ab157532bcdb12282ee74b3fb69ab225a5beb744dc41c8378512aef81b2,"{""baseline"": 0.520451100736817, ""control_residual_rms"": 0.16865810370279166, ""control_slew_rms"": 0.017113507757384384, ""epoch"": 264, ""gradient_norm_before_clip"": 1.8931492388675024, ""ground_outcome_fraction"": 0.9416666666666667, ""loss"": -0.19831431390928478, ""mean_reward"": 0.6190511754816035, ""score_path"": -0.4207365741880378}"
training_epoch,1,709,training,,265,mean_reward,0.5298115943623892,1.7236027337701076,46989ab157532bcdb12282ee74b3fb69ab225a5beb744dc41c8378512aef81b2,"{""baseline"": 0.5209191254180956, ""control_residual_rms"": 0.15549876465362666, ""control_slew_rms"": 0.0246931119276566, ""epoch"": 265, ""gradient_norm_before_clip"": 1.7236027337701076, ""ground_outcome_fraction"": 0.825, ""loss"": -0.8059441793210991, ""mean_reward"": 0.5298115943623892, ""score_path"": 0.2761328328548657}"
training_epoch,1,709,training,,266,mean_reward,0.47800699616331804,2.4710347753650037,46989ab157532bcdb12282ee74b3fb69ab225a5beb744dc41c8378512aef81b2,"{""baseline"": 0.5187735189553567, ""control_residual_rms"": 0.15288250888513213, ""control_slew_rms"": 0.024965121118702333, ""epoch"": 266, ""gradient_norm_before_clip"": 2.4710347753650037, ""ground_outcome_fraction"": 0.7916666666666666, ""loss"": -1.278285830401681, ""mean_reward"": 0.47800699616331804, ""score_path"": 0.800279074201551}"
training_epoch,1,709,training,,267,mean_reward,0.5724911419607831,1.3750464917166973,46989ab157532bcdb12282ee74b3fb69ab225a5beb744dc41c8378512aef81b2,"{""baseline"": 0.521459400105628, ""control_residual_rms"": 0.16066464893758084, ""control_slew_rms"": 0.021930179109260352, ""epoch"": 267, ""gradient_norm_before_clip"": 1.3750464917166973, ""ground_outcome_fraction"": 0.8666666666666667, ""loss"": -0.4618955740068855, ""mean_reward"": 0.5724911419607831, ""score_path"": -0.11059530501327589}"
training_epoch,1,709,training,,268,mean_reward,0.5227285330419437,4.202393861054509,46989ab157532bcdb12282ee74b3fb69ab225a5beb744dc41c8378512aef81b2,"{""baseline"": 0.5215228567524438, ""control_residual_rms"": 0.15860560101315485, ""control_slew_rms"": 0.02367236522439599, ""epoch"": 268, ""gradient_norm_before_clip"": 4.202393861054509, ""ground_outcome_fraction"": 0.8333333333333334, ""loss"": -1.1754694466737874, ""mean_reward"": 0.5227285330419437, ""score_path"": 0.6527411707930193}"
training_epoch,1,709,training,,269,mean_reward,0.43059570269630953,2.9949129207738716,46989ab157532bcdb12282ee74b3fb69ab225a5beb744dc41c8378512aef81b2,"{""baseline"": 0.516976499049637, ""control_residual_rms"": 0.1579137927810362, ""control_slew_rms"": 0.02294752039052192, ""epoch"": 269, ""gradient_norm_before_clip"": 2.9949129207738716, ""ground_outcome_fraction"": 0.8083333333333333, ""loss"": -1.843954039400732, ""mean_reward"": 0.43059570269630953, ""score_path"": 1.4133585913379687}"
training_epoch,1,709,training,,270,mean_reward,0.5280548547483368,2.4780303064982134,46989ab157532bcdb12282ee74b3fb69ab225a5beb744dc41c8378512aef81b2,"{""baseline"": 0.517530416834572, ""control_residual_rms"": 0.15151837097333515, ""control_slew_rms"": 0.024021722505808432, ""epoch"": 270, ""gradient_norm_before_clip"": 2.4780303064982134, ""ground_outcome_fraction"": 0.7833333333333333, ""loss"": -1.0590808591426772, ""mean_reward"": 0.5280548547483368, ""score_path"": 0.5310262397429393}"
training_epoch,1,709,training,,271,mean_reward,0.561488327205732,1.9704506461182298,46989ab157532bcdb12282ee74b3fb69ab225a5beb744dc41c8378512aef81b2,"{""baseline"": 0.51972831235313, ""control_residual_rms"": 0.1628058607586243, ""control_slew_rms"": 0.01945947691623554, ""epoch"": 271, ""gradient_norm_before_clip"": 1.9704506461182298, ""ground_outcome_fraction"": 0.8833333333333333, ""loss"": -0.5510729464368588, ""mean_reward"": 0.561488327205732, ""score_path"": -0.010415111924677959}"
training_epoch,1,709,training,,272,mean_reward,0.6271212364760782,2.889077908541741,46989ab157532bcdb12282ee74b3fb69ab225a5beb744dc41c8378512aef81b2,"{""baseline"": 0.5250979585592774, ""control_residual_rms"": 0.16644552534651597, ""control_slew_rms"": 0.016202273792516226, ""epoch"": 272, ""gradient_norm_before_clip"": 2.889077908541741, ""ground_outcome_fraction"": 0.9249999999999999, ""loss"": -0.17636738387119516, ""mean_reward"": 0.6271212364760782, ""score_path"": -0.45075357293861723}"
training_epoch,1,709,training,,273,mean_reward,0.5073062102472243,2.4549230297510616,46989ab157532bcdb12282ee74b3fb69ab225a5beb744dc41c8378512aef81b2,"{""baseline"": 0.5242083711436748, ""control_residual_rms"": 0.15530292434514398, ""control_slew_rms"": 0.022422539473634203, ""epoch"": 273, ""gradient_norm_before_clip"": 2.4549230297510616, ""ground_outcome_fraction"": 0.825, ""loss"": -0.8872483396527352, ""mean_reward"": 0.5073062102472243, ""score_path"": 0.3799423756231968}"
training_epoch,1,709,training,,274,mean_reward,0.6221699525114714,1.6686596004181642,46989ab157532bcdb12282ee74b3fb69ab225a5beb744dc41c8378512aef81b2,"{""baseline"": 0.5291064502120646, ""control_residual_rms"": 0.1615596282924549, ""control_slew_rms"": 0.01971743471640876, ""epoch"": 274, ""gradient_norm_before_clip"": 1.6686596004181642, ""ground_outcome_fraction"": 0.8833333333333333, ""loss"": -0.03192992228633364, ""mean_reward"": 0.6221699525114714, ""score_path"": -0.5902397653222305}"
training_epoch,1,709,training,,275,mean_reward,0.5569615548902614,1.9585160137278657,46989ab157532bcdb12282ee74b3fb69ab225a5beb744dc41c8378512aef81b2,"{""baseline"": 0.5304992054459745, ""control_residual_rms"": 0.1667504536438568, ""control_slew_rms"": 0.016596317536159113, ""epoch"": 275, ""gradient_norm_before_clip"": 1.9585160137278657, ""ground_outcome_fraction"": 0.9083333333333333, ""loss"": -0.8502892511663257, ""mean_reward"": 0.5569615548902614, ""score_path"": 0.2933279770875796}"
training_epoch,1,709,training,,276,mean_reward,0.6400652630061464,1.158112228316152,46989ab157532bcdb12282ee74b3fb69ab225a5beb744dc41c8378512aef81b2,"{""baseline"": 0.535977508323983, ""control_residual_rms"": 0.16393671849750013, ""control_slew_rms"": 0.018419653430952355, ""epoch"": 276, ""gradient_norm_before_clip"": 1.158112228316152, ""ground_outcome_fraction"": 0.9083333333333333, ""loss"": -0.009908869733883628, ""mean_reward"": 0.6400652630061464, ""score_path"": -0.6301561211269497}"
training_epoch,1,709,training,,277,mean_reward,0.4826036704599833,2.726089474732781,46989ab157532bcdb12282ee74b3fb69ab225a5beb744dc41c8378512aef81b2,"{""baseline"": 0.5333088164307831, ""control_residual_rms"": 0.15229519175820283, ""control_slew_rms"": 0.02396568377265209, ""epoch"": 277, ""gradient_norm_before_clip"": 2.726089474732781, ""ground_outcome_fraction"": 0.8, ""loss"": -1.4063339976064846, ""mean_reward"": 0.4826036704599833, ""score_path"": 0.9237305648282957}"
training_epoch,1,709,training,,278,mean_reward,0.6257840048281536,2.760455383303297,46989ab157532bcdb12282ee74b3fb69ab225a5beb744dc41c8378512aef81b2,"{""baseline"": 0.5379325758506516, ""control_residual_rms"": 0.15773414450886988, ""control_slew_rms"": 0.019190504436469257, ""epoch"": 278, ""gradient_norm_before_clip"": 2.760455383303297, ""ground_outcome_fraction"": 0.85, ""loss"": -0.15667562631411147, ""mean_reward"": 0.6257840048281536, ""score_path"": -0.469108126030684}"
training_epoch,1,709,training,,279,mean_reward,0.6007668248331575,1.3294469126364912,46989ab157532bcdb12282ee74b3fb69ab225a5beb744dc41c8378512aef81b2,"{""baseline"": 0.5410742882997769, ""control_residual_rms"": 0.15907852017203292, ""control_slew_rms"": 0.019114188048862807, ""epoch"": 279, ""gradient_norm_before_clip"": 1.3294469126364912, ""ground_outcome_fraction"": 0.8583333333333333, ""loss"": -0.3672432667270666, ""mean_reward"": 0.6007668248331575, ""score_path"": -0.2335233013928132}"
training_epoch,1,709,training,,280,mean_reward,0.5372236450711411,2.1414523944173682,46989ab157532bcdb12282ee74b3fb69ab225a5beb744dc41c8378512aef81b2,"{""baseline"": 0.5408817561383451, ""control_residual_rms"": 0.15840047755644024, ""control_slew_rms"": 0.020570478424325873, ""epoch"": 280, ""gradient_norm_before_clip"": 2.1414523944173682, ""ground_outcome_fraction"": 0.8583333333333333, ""loss"": -1.0420408961781469, ""mean_reward"": 0.5372236450711411, ""score_path"": 0.5048175062455647}"
training_epoch,1,709,training,,281,mean_reward,0.47300754354637464,3.645894860855927,46989ab157532bcdb12282ee74b3fb69ab225a5beb744dc41c8378512aef81b2,"{""baseline"": 0.5374880455087466, ""control_residual_rms"": 0.15879595837924598, ""control_slew_rms"": 0.02046102829213143, ""epoch"": 281, ""gradient_norm_before_clip"": 3.645894860855927, ""ground_outcome_fraction"": 0.8416666666666667, ""loss"": -1.975160738165615, ""mean_reward"": 0.47300754354637464, ""score_path"": 1.5021534509673415}"
training_epoch,1,709,training,,282,mean_reward,0.5003675204515903,2.7433737309262867,46989ab157532bcdb12282ee74b3fb69ab225a5beb744dc41c8378512aef81b2,"{""baseline"": 0.5356320192558888, ""control_residual_rms"": 0.15812633197603615, ""control_slew_rms"": 0.019311179994584624, ""epoch"": 282, ""gradient_norm_before_clip"": 2.7433737309262867, ""ground_outcome_fraction"": 0.8583333333333333, ""loss"": -1.4877636686307771, ""mean_reward"": 0.5003675204515903, ""score_path"": 0.9873964019477721}"
training_epoch,1,709,training,,283,mean_reward,0.5348759702039106,1.8451879411866299,46989ab157532bcdb12282ee74b3fb69ab225a5beb744dc41c8378512aef81b2,"{""baseline"": 0.5355942168032899, ""control_residual_rms"": 0.1602899501158346, ""control_slew_rms"": 0.01888151414135022, ""epoch"": 283, ""gradient_norm_before_clip"": 1.8451879411866299, ""ground_outcome_fraction"": 0.8833333333333333, ""loss"": -0.8317213573236818, ""mean_reward"": 0.5348759702039106, ""score_path"": 0.29684564761356796}"
training_epoch,1,709,training,,284,mean_reward,0.47284962977014466,3.1440656383847276,46989ab157532bcdb12282ee74b3fb69ab225a5beb744dc41c8378512aef81b2,"{""baseline"": 0.5324569874516326, ""control_residual_rms"": 0.15890499092155108, ""control_slew_rms"": 0.01895466526043597, ""epoch"": 284, ""gradient_norm_before_clip"": 3.1440656383847276, ""ground_outcome_fraction"": 0.8666666666666667, ""loss"": -1.6790055428489823, ""mean_reward"": 0.47284962977014466, ""score_path"": 1.2061561691795923}"
training_epoch,1,709,training,,285,mean_reward,0.499367298519527,2.0036924437896504,46989ab157532bcdb12282ee74b3fb69ab225a5beb744dc41c8378512aef81b2,"{""baseline"": 0.5308025030050274, ""control_residual_rms"": 0.14843981285406993, ""control_slew_rms"": 0.020293050285808124, ""epoch"": 285, ""gradient_norm_before_clip"": 2.0036924437896504, ""ground_outcome_fraction"": 0.7916666666666666, ""loss"": -1.3035294179295802, ""mean_reward"": 0.499367298519527, ""score_path"": 0.8041623438719125}"
training_epoch,1,709,training,,286,mean_reward,0.6271740450144778,2.858771059220291,46989ab157532bcdb12282ee74b3fb69ab225a5beb744dc41c8378512aef81b2,"{""baseline"": 0.5356210801054999, ""control_residual_rms"": 0.15981365126042835, ""control_slew_rms"": 0.016584896917819666, ""epoch"": 286, ""gradient_norm_before_clip"": 2.858771059220291, ""ground_outcome_fraction"": 0.9083333333333333, ""loss"": -0.4292303776715734, ""mean_reward"": 0.6271740450144778, ""score_path"": -0.19794340918828507}"
training_epoch,1,709,training,,287,mean_reward,0.5096786850040118,3.0505502654142758,46989ab157532bcdb12282ee74b3fb69ab225a5beb744dc41c8378512aef81b2,"{""baseline"": 0.5343239603504255, ""control_residual_rms"": 0.15460823074699004, ""control_slew_rms"": 0.019651928134719627, ""epoch"": 287, ""gradient_norm_before_clip"": 3.0505502654142758, ""ground_outcome_fraction"": 0.85, ""loss"": -0.8162686611114713, ""mean_reward"": 0.5096786850040118, ""score_path"": 0.3065902190064925}"
training_epoch,1,709,training,,288,mean_reward,0.524913651081819,1.9949897271331565,46989ab157532bcdb12282ee74b3fb69ab225a5beb744dc41c8378512aef81b2,"{""baseline"": 0.5338534448869952, ""control_residual_rms"": 0.15359619175197223, ""control_slew_rms"": 0.017455131817223645, ""epoch"": 288, ""gradient_norm_before_clip"": 1.9949897271331565, ""ground_outcome_fraction"": 0.8333333333333334, ""loss"": -0.9270821124695879, ""mean_reward"": 0.524913651081819, ""score_path"": 0.40216870035248636}"
training_epoch,1,709,training,,289,mean_reward,0.4984056740689769,3.1734253422541343,46989ab157532bcdb12282ee74b3fb69ab225a5beb744dc41c8378512aef81b2,"{""baseline"": 0.5320810563460943, ""control_residual_rms"": 0.1597185415112033, ""control_slew_rms"": 0.01638744840258951, ""epoch"": 289, ""gradient_norm_before_clip"": 3.1734253422541343, ""ground_outcome_fraction"": 0.8666666666666667, ""loss"": -1.5214102913291085, ""mean_reward"": 0.4984056740689769, ""score_path"": 1.0230048750457414}"
training_epoch,1,709,training,,290,mean_reward,0.5082674150068872,1.2519658278358496,46989ab157532bcdb12282ee74b3fb69ab225a5beb744dc41c8378512aef81b2,"{""baseline"": 0.5308903742791339, ""control_residual_rms"": 0.1555783739223481, ""control_slew_rms"": 0.018896693104599, ""epoch"": 290, ""gradient_norm_before_clip"": 1.2519658278358496, ""ground_outcome_fraction"": 0.8416666666666667, ""loss"": -1.1046712710657967, ""mean_reward"": 0.5082674150068872, ""score_path"": 0.5964041016760638}"
training_epoch,1,709,training,,291,mean_reward,0.5779162787195271,1.8451808387277133,46989ab157532bcdb12282ee74b3fb69ab225a5beb744dc41c8378512aef81b2,"{""baseline"": 0.5332416695011536, ""control_residual_rms"": 0.15985807502840452, ""control_slew_rms"": 0.01808743833531966, ""epoch"": 291, ""gradient_norm_before_clip"": 1.8451808387277133, ""ground_outcome_fraction"": 0.8666666666666667, ""loss"": -0.7257191791857134, ""mean_reward"": 0.5779162787195271, ""score_path"": 0.14780315928378202}"
training_epoch,1,709,training,,292,mean_reward,0.5320437392593927,2.115603243297955,46989ab157532bcdb12282ee74b3fb69ab225a5beb744dc41c8378512aef81b2,"{""baseline"": 0.5331817729890655, ""control_residual_rms"": 0.15979149749548174, ""control_slew_rms"": 0.018803053358441558, ""epoch"": 292, ""gradient_norm_before_clip"": 2.115603243297955, ""ground_outcome_fraction"": 0.85, ""loss"": -1.0113541507285968, ""mean_reward"": 0.5320437392593927, ""score_path"": 0.47931067033797886}"
training_epoch,1,709,training,,293,mean_reward,0.5255807496821339,1.922507771670727,46989ab157532bcdb12282ee74b3fb69ab225a5beb744dc41c8378512aef81b2,"{""baseline"": 0.532801721823719, ""control_residual_rms"": 0.15557040761876925, ""control_slew_rms"": 0.02223807018488012, ""epoch"": 293, ""gradient_norm_before_clip"": 1.922507771670727, ""ground_outcome_fraction"": 0.8083333333333333, ""loss"": -0.8658105652162472, ""mean_reward"": 0.5255807496821339, ""score_path"": 0.34023006250094834}"
training_epoch,1,709,training,,294,mean_reward,0.5835015658229838,2.5613269316887424,46989ab157532bcdb12282ee74b3fb69ab225a5beb744dc41c8378512aef81b2,"{""baseline"": 0.5353367140236822, ""control_residual_rms"": 0.170128377791789, ""control_slew_rms"": 0.01581387314673313, ""epoch"": 294, ""gradient_norm_before_clip"": 2.5613269316887424, ""ground_outcome_fraction"": 0.9333333333333333, ""loss"": -0.6798782925582693, ""mean_reward"": 0.5835015658229838, ""score_path"": 0.0963770186727205}"
training_epoch,1,709,training,,295,mean_reward,0.5920120666604269,2.3364786462811074,46989ab157532bcdb12282ee74b3fb69ab225a5beb744dc41c8378512aef81b2,"{""baseline"": 0.5381704816555195, ""control_residual_rms"": 0.17114791516188319, ""control_slew_rms"": 0.016925640202085698, ""epoch"": 295, ""gradient_norm_before_clip"": 2.3364786462811074, ""ground_outcome_fraction"": 0.9166666666666666, ""loss"": -0.35967178298210095, ""mean_reward"": 0.5920120666604269, ""score_path"": -0.23233998789746438}"
training_epoch,1,709,training,,296,mean_reward,0.5710158855638703,1.3445754796268021,46989ab157532bcdb12282ee74b3fb69ab225a5beb744dc41c8378512aef81b2,"{""baseline"": 0.539812751850937, ""control_residual_rms"": 0.17135624157742596, ""control_slew_rms"": 0.016196963869854534, ""epoch"": 296, ""gradient_norm_before_clip"": 1.3445754796268021, ""ground_outcome_fraction"": 0.9166666666666666, ""loss"": -0.6139728134511752, ""mean_reward"": 0.5710158855638703, ""score_path"": 0.042957224140336536}"
training_epoch,1,709,training,,297,mean_reward,0.5745976086285969,3.1064861483578228,46989ab157532bcdb12282ee74b3fb69ab225a5beb744dc41c8378512aef81b2,"{""baseline"": 0.5415519946898201, ""control_residual_rms"": 0.17086576730769798, ""control_slew_rms"": 0.017057784550847548, ""epoch"": 297, ""gradient_norm_before_clip"": 3.1064861483578228, ""ground_outcome_fraction"": 0.9166666666666666, ""loss"": -0.9102331660783277, ""mean_reward"": 0.5745976086285969, ""score_path"": 0.33563585231051546}"
training_epoch,1,709,training,,298,mean_reward,0.5180192411381536,2.9113409463482554,46989ab157532bcdb12282ee74b3fb69ab225a5beb744dc41c8378512aef81b2,"{""baseline"": 0.5403753570122368, ""control_residual_rms"": 0.1674328386566397, ""control_slew_rms"": 0.01905301018565173, ""epoch"": 298, ""gradient_norm_before_clip"": 2.9113409463482554, ""ground_outcome_fraction"": 0.8833333333333333, ""loss"": -0.8851834032166033, ""mean_reward"": 0.5180192411381536, ""score_path"": 0.36716444604617626}"
training_epoch,1,709,training,,299,mean_reward,0.5143264906212883,1.6692171569043426,46989ab157532bcdb12282ee74b3fb69ab225a5beb744dc41c8378512aef81b2,"{""baseline"": 0.5390729136926894, ""control_residual_rms"": 0.16253516424417186, ""control_slew_rms"": 0.020623249529628233, ""epoch"": 299, ""gradient_norm_before_clip"": 1.6692171569043426, ""ground_outcome_fraction"": 0.85, ""loss"": -1.1908834305770517, ""mean_reward"": 0.5143264906212883, ""score_path"": 0.6765572083857438}"
training_epoch,1,709,training,,300,mean_reward,0.5633049081464276,2.6171630715459266,46989ab157532bcdb12282ee74b3fb69ab225a5beb744dc41c8378512aef81b2,"{""baseline"": 0.5402845134153763, ""control_residual_rms"": 0.16575706774124782, ""control_slew_rms"": 0.018819822216377305, ""epoch"": 300, ""gradient_norm_before_clip"": 2.6171630715459266, ""ground_outcome_fraction"": 0.8666666666666667, ""loss"": -1.017931787439339, ""mean_reward"": 0.5633049081464276, ""score_path"": 0.45462715758882355}"
training_epoch,1,709,training,,301,mean_reward,0.4854983147603794,2.483249209372412,46989ab157532bcdb12282ee74b3fb69ab225a5beb744dc41c8378512aef81b2,"{""baseline"": 0.5375452034826265, ""control_residual_rms"": 0.16519088065319137, ""control_slew_rms"": 0.019864427293505967, ""epoch"": 301, ""gradient_norm_before_clip"": 2.483249209372412, ""ground_outcome_fraction"": 0.85, ""loss"": -1.1372727973639771, ""mean_reward"": 0.4854983147603794, ""score_path"": 0.6517747594298231}"
training_epoch,1,709,training,,302,mean_reward,0.651510348461275,1.701102854995656,46989ab157532bcdb12282ee74b3fb69ab225a5beb744dc41c8378512aef81b2,"{""baseline"": 0.5432434607315588, ""control_residual_rms"": 0.1721770934805009, ""control_slew_rms"": 0.015305461594108682, ""epoch"": 302, ""gradient_norm_before_clip"": 1.701102854995656, ""ground_outcome_fraction"": 0.9416666666666667, ""loss"": -0.20475968195490724, ""mean_reward"": 0.651510348461275, ""score_path"": -0.446750367714281}"
training_epoch,1,709,training,,303,mean_reward,0.5608172898433689,1.6112672356039246,46989ab157532bcdb12282ee74b3fb69ab225a5beb744dc41c8378512aef81b2,"{""baseline"": 0.5441221521871493, ""control_residual_rms"": 0.1627025550975344, ""control_slew_rms"": 0.019602996645832642, ""epoch"": 303, ""gradient_norm_before_clip"": 1.6112672356039246, ""ground_outcome_fraction"": 0.8583333333333333, ""loss"": -0.7348460528243356, ""mean_reward"": 0.5608172898433689, ""score_path"": 0.17402903154495591}"
training_epoch,1,709,training,,304,mean_reward,0.55147088454928,1.7867121367890166,46989ab157532bcdb12282ee74b3fb69ab225a5beb744dc41c8378512aef81b2,"{""baseline"": 0.5444895888052559, ""control_residual_rms"": 0.1635435239326045, ""control_slew_rms"": 0.018748127377565402, ""epoch"": 304, ""gradient_norm_before_clip"": 1.7867121367890166, ""ground_outcome_fraction"": 0.8666666666666667, ""loss"": -0.8696611912806176, ""mean_reward"": 0.55147088454928, ""score_path"": 0.3181905777111026}"
training_epoch,1,709,training,,305,mean_reward,0.6382552148169902,1.9258723266524764,46989ab157532bcdb12282ee74b3fb69ab225a5beb744dc41c8378512aef81b2,"{""baseline"": 0.5491778701058426, ""control_residual_rms"": 0.17191811227719425, ""control_slew_rms"": 0.01319459354283687, ""epoch"": 305, ""gradient_norm_before_clip"": 1.9258723266524764, ""ground_outcome_fraction"": 0.9583333333333334, ""loss"": -0.4122386736311876, ""mean_reward"": 0.6382552148169902, ""score_path"": -0.22601624388645636}"
training_epoch,1,709,training,,306,mean_reward,0.5869322842286151,2.913116658806032,46989ab157532bcdb12282ee74b3fb69ab225a5beb744dc41c8378512aef81b2,"{""baseline"": 0.5510655908119813, ""control_residual_rms"": 0.16702145647554853, ""control_slew_rms"": 0.015297412701229397, ""epoch"": 306, ""gradient_norm_before_clip"": 2.913116658806032, ""ground_outcome_fraction"": 0.9166666666666666, ""loss"": -0.8611408375446676, ""mean_reward"": 0.5869322842286151, ""score_path"": 0.2742088346178301}"
training_epoch,1,709,training,,307,mean_reward,0.580582101827834,0.9936369137604458,46989ab157532bcdb12282ee74b3fb69ab225a5beb744dc41c8378512aef81b2,"{""baseline"": 0.5525414163627739, ""control_residual_rms"": 0.16517098089035193, ""control_slew_rms"": 0.015975396564082166, ""epoch"": 307, ""gradient_norm_before_clip"": 0.9936369137604458, ""ground_outcome_fraction"": 0.9083333333333333, ""loss"": -0.7152078778342447, ""mean_reward"": 0.580582101827834, ""score_path"": 0.13462605137307293}"
training_epoch,1,709,training,,308,mean_reward,0.44206600423142933,1.9453548796676485,46989ab157532bcdb12282ee74b3fb69ab225a5beb744dc41c8378512aef81b2,"{""baseline"": 0.5470176457562066, ""control_residual_rms"": 0.1585995961783497, ""control_slew_rms"": 0.019813689926130147, ""epoch"": 308, ""gradient_norm_before_clip"": 1.9453548796676485, ""ground_outcome_fraction"": 0.8333333333333334, ""loss"": -1.9309751636431418, ""mean_reward"": 0.44206600423142933, ""score_path"": 1.4889094148758546}"
training_epoch,1,709,training,,309,mean_reward,0.627994128136081,1.3667063473618175,46989ab157532bcdb12282ee74b3fb69ab225a5beb744dc41c8378512aef81b2,"{""baseline"": 0.5510664698752004, ""control_residual_rms"": 0.16358658996429915, ""control_slew_rms"": 0.015970282519251783, ""epoch"": 309, ""gradient_norm_before_clip"": 1.3667063473618175, ""ground_outcome_fraction"": 0.9249999999999999, ""loss"": -0.2983945162836743, ""mean_reward"": 0.627994128136081, ""score_path"": -0.3295993416961833}"
training_epoch,1,709,training,,310,mean_reward,0.49961450744237734,2.689879360011049,46989ab157532bcdb12282ee74b3fb69ab225a5beb744dc41c8378512aef81b2,"{""baseline"": 0.5484938717535592, ""control_residual_rms"": 0.15527382269792805, ""control_slew_rms"": 0.019393129538221112, ""epoch"": 310, ""gradient_norm_before_clip"": 2.689879360011049, ""ground_outcome_fraction"": 0.8333333333333334, ""loss"": -0.9358779825588996, ""mean_reward"": 0.49961450744237734, ""score_path"": 0.4362637199770572}"
training_epoch,1,709,training,,311,mean_reward,0.521138299944542,2.766039465601802,46989ab157532bcdb12282ee74b3fb69ab225a5beb744dc41c8378512aef81b2,"{""baseline"": 0.5471260931631083, ""control_residual_rms"": 0.15637752930854598, ""control_slew_rms"": 0.01895998510635242, ""epoch"": 311, ""gradient_norm_before_clip"": 2.766039465601802, ""ground_outcome_fraction"": 0.8583333333333333, ""loss"": -1.2966720247338726, ""mean_reward"": 0.521138299944542, ""score_path"": 0.7755339729234578}"
training_epoch,1,709,training,,312,mean_reward,0.6475538747667884,1.4611821706577575,46989ab157532bcdb12282ee74b3fb69ab225a5beb744dc41c8378512aef81b2,"{""baseline"": 0.5521474822432924, ""control_residual_rms"": 0.16138301030219376, ""control_slew_rms"": 0.015254230774044282, ""epoch"": 312, ""gradient_norm_before_clip"": 1.4611821706577575, ""ground_outcome_fraction"": 0.9249999999999999, ""loss"": -0.2620323538646425, ""mean_reward"": 0.6475538747667884, ""score_path"": -0.38552125813047017}"
training_epoch,1,709,training,,313,mean_reward,0.5732036036417403,1.7464995744544884,46989ab157532bcdb12282ee74b3fb69ab225a5beb744dc41c8378512aef81b2,"{""baseline"": 0.5532002883132148, ""control_residual_rms"": 0.16349638989584597, ""control_slew_rms"": 0.013537584829377733, ""epoch"": 313, ""gradient_norm_before_clip"": 1.7464995744544884, ""ground_outcome_fraction"": 0.9416666666666667, ""loss"": -0.6145711240964644, ""mean_reward"": 0.5732036036417403, ""score_path"": 0.04136778959808131}"
training_epoch,1,709,training,,314,mean_reward,0.3874779481381915,2.9686491482537245,46989ab157532bcdb12282ee74b3fb69ab225a5beb744dc41c8378512aef81b2,"{""baseline"": 0.5449141713044636, ""control_residual_rms"": 0.15395619128764856, ""control_slew_rms"": 0.019112570031023943, ""epoch"": 314, ""gradient_norm_before_clip"": 2.9686491482537245, ""ground_outcome_fraction"": 0.825, ""loss"": -2.3196790444681126, ""mean_reward"": 0.3874779481381915, ""score_path"": 1.9322013370079127}"
training_epoch,1,709,training,,315,mean_reward,0.48947651410654525,5.005407576488374,46989ab157532bcdb12282ee74b3fb69ab225a5beb744dc41c8378512aef81b2,"{""baseline"": 0.5421422884445677, ""control_residual_rms"": 0.1552057875476362, ""control_slew_rms"": 0.018722382978487714, ""epoch"": 315, ""gradient_norm_before_clip"": 5.005407576488374, ""ground_outcome_fraction"": 0.85, ""loss"": -1.7957917975337259, ""mean_reward"": 0.48947651410654525, ""score_path"": 1.3063155278208216}"
training_epoch,1,709,training,,316,mean_reward,0.5283315515752008,2.8191997727300167,46989ab157532bcdb12282ee74b3fb69ab225a5beb744dc41c8378512aef81b2,"{""baseline"": 0.5414517516010993, ""control_residual_rms"": 0.16123768074215866, ""control_slew_rms"": 0.01542465134468145, ""epoch"": 316, ""gradient_norm_before_clip"": 2.8191997727300167, ""ground_outcome_fraction"": 0.9083333333333333, ""loss"": -1.1406707964330458, ""mean_reward"": 0.5283315515752008, ""score_path"": 0.6123395072129403}"
training_epoch,1,709,training,,317,mean_reward,0.6119961782776716,1.1245549357908844,46989ab157532bcdb12282ee74b3fb69ab225a5beb744dc41c8378512aef81b2,"{""baseline"": 0.5449789729349278, ""control_residual_rms"": 0.1626700455993702, ""control_slew_rms"": 0.015167916928248898, ""epoch"": 317, ""gradient_norm_before_clip"": 1.1245549357908844, ""ground_outcome_fraction"": 0.9333333333333333, ""loss"": -0.5235492423335237, ""mean_reward"": 0.6119961782776716, ""score_path"": -0.08844666902805355}"
training_epoch,1,709,training,,318,mean_reward,0.6013157748527577,1.946066748508438,46989ab157532bcdb12282ee74b3fb69ab225a5beb744dc41c8378512aef81b2,"{""baseline"": 0.5477958130308193, ""control_residual_rms"": 0.16289428837990505, ""control_slew_rms"": 0.015285241169327876, ""epoch"": 318, ""gradient_norm_before_clip"": 1.946066748508438, ""ground_outcome_fraction"": 0.9166666666666666, ""loss"": -0.7684167713595121, ""mean_reward"": 0.6013157748527577, ""score_path"": 0.1671012641886323}"
training_epoch,1,709,training,,319,mean_reward,0.52789134457943,3.929678794451686,46989ab157532bcdb12282ee74b3fb69ab225a5beb744dc41c8378512aef81b2,"{""baseline"": 0.5468005896082497, ""control_residual_rms"": 0.1603424315068499, ""control_slew_rms"": 0.017917437745920462, ""epoch"": 319, ""gradient_norm_before_clip"": 3.929678794451686, ""ground_outcome_fraction"": 0.8833333333333333, ""loss"": -0.7878353627522074, ""mean_reward"": 0.52789134457943, ""score_path"": 0.2599442784800766}"
training_epoch,1,709,training,,320,mean_reward,0.5710832649178994,2.059798783647742,46989ab157532bcdb12282ee74b3fb69ab225a5beb744dc41c8378512aef81b2,"{""baseline"": 0.5480147233737322, ""control_residual_rms"": 0.16081640131493438, ""control_slew_rms"": 0.016022410558414763, ""epoch"": 320, ""gradient_norm_before_clip"": 2.059798783647742, ""ground_outcome_fraction"": 0.8916666666666666, ""loss"": -0.7661623485326305, ""mean_reward"": 0.5710832649178994, ""score_path"": 0.19507934480105688}"
validation_checkpoint,1,709,validation,,0,selection_score,0.3033628490793153,,46989ab157532bcdb12282ee74b3fb69ab225a5beb744dc41c8378512aef81b2,"{""fidelity_effective_lifetime_cycles"": 3.6059748424115834, ""fidelity_normalized_auc"": 0.33752795605929087, ""logical_z_effective_lifetime_cycles"": 2.7764636099511875, ""logical_z_normalized_auc"": 0.2691977420993398}"
validation_checkpoint,1,709,validation,,40,selection_score,0.3830934843323802,,46989ab157532bcdb12282ee74b3fb69ab225a5beb744dc41c8378512aef81b2,"{""fidelity_effective_lifetime_cycles"": 4.685507284595311, ""fidelity_normalized_auc"": 0.41195378100327484, ""logical_z_effective_lifetime_cycles"": 3.8426630853462047, ""logical_z_normalized_auc"": 0.35423318766148554}"
validation_checkpoint,1,709,validation,,80,selection_score,0.5432921572493632,,46989ab157532bcdb12282ee74b3fb69ab225a5beb744dc41c8378512aef81b2,"{""fidelity_effective_lifetime_cycles"": 7.995393158137398, ""fidelity_normalized_auc"": 0.56924211584681, ""logical_z_effective_lifetime_cycles"": 6.716958692592363, ""logical_z_normalized_auc"": 0.5173421986519164}"
validation_checkpoint,1,709,validation,,120,selection_score,0.560130106614196,,46989ab157532bcdb12282ee74b3fb69ab225a5beb744dc41c8378512aef81b2,"{""fidelity_effective_lifetime_cycles"": 8.589011435434463, ""fidelity_normalized_auc"": 0.5899072801295724, ""logical_z_effective_lifetime_cycles"": 7.00624046447234, ""logical_z_normalized_auc"": 0.5303529330988197}"
validation_checkpoint,1,709,validation,,160,selection_score,0.5824706839478011,,46989ab157532bcdb12282ee74b3fb69ab225a5beb744dc41c8378512aef81b2,"{""fidelity_effective_lifetime_cycles"": 9.166724228395378, ""fidelity_normalized_auc"": 0.6081032651097047, ""logical_z_effective_lifetime_cycles"": 7.6578613477517194, ""logical_z_normalized_auc"": 0.5568381027858976}"
validation_checkpoint,1,709,validation,,200,selection_score,0.5761635904520422,,46989ab157532bcdb12282ee74b3fb69ab225a5beb744dc41c8378512aef81b2,"{""fidelity_effective_lifetime_cycles"": 9.068868815506441, ""fidelity_normalized_auc"": 0.6054423063307606, ""logical_z_effective_lifetime_cycles"": 7.382429662044478, ""logical_z_normalized_auc"": 0.5468848745733239}"
validation_checkpoint,1,709,validation,,240,selection_score,0.5824653109626687,,46989ab157532bcdb12282ee74b3fb69ab225a5beb744dc41c8378512aef81b2,"{""fidelity_effective_lifetime_cycles"": 9.245317421739248, ""fidelity_normalized_auc"": 0.6105385008538748, ""logical_z_effective_lifetime_cycles"": 7.587630395657007, ""logical_z_normalized_auc"": 0.5543921210714626}"
validation_checkpoint,1,709,validation,,280,selection_score,0.5852638642400338,,46989ab157532bcdb12282ee74b3fb69ab225a5beb744dc41c8378512aef81b2,"{""fidelity_effective_lifetime_cycles"": 9.3316452982199, ""fidelity_normalized_auc"": 0.6133043346311148, ""logical_z_effective_lifetime_cycles"": 7.645756665579991, ""logical_z_normalized_auc"": 0.5572233938489528}"
validation_checkpoint,1,709,validation,,320,selection_score,0.58242230023304,,46989ab157532bcdb12282ee74b3fb69ab225a5beb744dc41c8378512aef81b2,"{""fidelity_effective_lifetime_cycles"": 9.249313464311648, ""fidelity_normalized_auc"": 0.6106282720205894, ""logical_z_effective_lifetime_cycles"": 7.584325673209404, ""logical_z_normalized_auc"": 0.5542163284454904}"
held_out_metric,1,709,evaluation,12,,fidelity_effective_lifetime_cycles,8.678551481857628,0.5936822841983282,46989ab157532bcdb12282ee74b3fb69ab225a5beb744dc41c8378512aef81b2,"{""data_seed"": 42013, ""maximum_hermiticity_error"": 0.0, ""maximum_trace_error"": 4.440892098500626e-16, ""minimum_final_eigenvalue"": 0.0, ""trajectory_count"": 64}"
held_out_metric,1,709,evaluation,12,,logical_z_effective_lifetime_cycles,6.82673872002716,0.5248958749643781,46989ab157532bcdb12282ee74b3fb69ab225a5beb744dc41c8378512aef81b2,"{""data_seed"": 42013, ""maximum_hermiticity_error"": 0.0, ""maximum_trace_error"": 4.440892098500626e-16, ""minimum_final_eigenvalue"": 0.0, ""trajectory_count"": 64}"
held_out_metric,1,709,evaluation,12,,fidelity_effective_lifetime_cycles,8.522243763697414,0.5886198582952596,46989ab157532bcdb12282ee74b3fb69ab225a5beb744dc41c8378512aef81b2,"{""data_seed"": 42017, ""maximum_hermiticity_error"": 0.0, ""maximum_trace_error"": 4.440892098500626e-16, ""minimum_final_eigenvalue"": 0.0, ""trajectory_count"": 64}"
held_out_metric,1,709,evaluation,12,,logical_z_effective_lifetime_cycles,6.6940077374293665,0.5191193703260387,46989ab157532bcdb12282ee74b3fb69ab225a5beb744dc41c8378512aef81b2,"{""data_seed"": 42017, ""maximum_hermiticity_error"": 0.0, ""maximum_trace_error"": 4.440892098500626e-16, ""minimum_final_eigenvalue"": 0.0, ""trajectory_count"": 64}"
held_out_metric,1,709,evaluation,12,,fidelity_effective_lifetime_cycles,8.72997192246184,0.5953216596138073,46989ab157532bcdb12282ee74b3fb69ab225a5beb744dc41c8378512aef81b2,"{""data_seed"": 42019, ""maximum_hermiticity_error"": 0.0, ""maximum_trace_error"": 4.440892098500626e-16, ""minimum_final_eigenvalue"": 0.0, ""trajectory_count"": 64}"
held_out_metric,1,709,evaluation,12,,logical_z_effective_lifetime_cycles,6.845041734208905,0.5256823019276344,46989ab157532bcdb12282ee74b3fb69ab225a5beb744dc41c8378512aef81b2,"{""data_seed"": 42019, ""maximum_hermiticity_error"": 0.0, ""maximum_trace_error"": 4.440892098500626e-16, ""minimum_final_eigenvalue"": 0.0, ""trajectory_count"": 64}"
held_out_metric,1,709,evaluation,12,,fidelity_effective_lifetime_cycles,8.60781676662651,0.5914062253011116,46989ab157532bcdb12282ee74b3fb69ab225a5beb744dc41c8378512aef81b2,"{""data_seed"": 42023, ""maximum_hermiticity_error"": 0.0, ""maximum_trace_error"": 4.440892098500626e-16, ""minimum_final_eigenvalue"": 0.0, ""trajectory_count"": 64}"
held_out_metric,1,709,evaluation,12,,logical_z_effective_lifetime_cycles,6.788648928709129,0.5232514546625078,46989ab157532bcdb12282ee74b3fb69ab225a5beb744dc41c8378512aef81b2,"{""data_seed"": 42023, ""maximum_hermiticity_error"": 0.0, ""maximum_trace_error"": 4.440892098500626e-16, ""minimum_final_eigenvalue"": 0.0, ""trajectory_count"": 64}"
held_out_metric,1,709,evaluation,12,,fidelity_effective_lifetime_cycles,8.300499426983052,0.5812276181499756,46989ab157532bcdb12282ee74b3fb69ab225a5beb744dc41c8378512aef81b2,"{""data_seed"": 42043, ""maximum_hermiticity_error"": 0.0, ""maximum_trace_error"": 4.440892098500626e-16, ""minimum_final_eigenvalue"": 0.0, ""trajectory_count"": 64}"
held_out_metric,1,709,evaluation,12,,logical_z_effective_lifetime_cycles,6.399614025257533,0.5058308459830982,46989ab157532bcdb12282ee74b3fb69ab225a5beb744dc41c8378512aef81b2,"{""data_seed"": 42043, ""maximum_hermiticity_error"": 0.0, ""maximum_trace_error"": 4.440892098500626e-16, ""minimum_final_eigenvalue"": 0.0, ""trajectory_count"": 64}"
held_out_metric,1,709,evaluation,12,,fidelity_effective_lifetime_cycles,8.539770720922135,0.5891935167337372,46989ab157532bcdb12282ee74b3fb69ab225a5beb744dc41c8378512aef81b2,"{""data_seed"": 42061, ""maximum_hermiticity_error"": 0.0, ""maximum_trace_error"": 4.440892098500626e-16, ""minimum_final_eigenvalue"": 0.0, ""trajectory_count"": 64}"
held_out_metric,1,709,evaluation,12,,logical_z_effective_lifetime_cycles,6.633709435121277,0.5164518415599455,46989ab157532bcdb12282ee74b3fb69ab225a5beb744dc41c8378512aef81b2,"{""data_seed"": 42061, ""maximum_hermiticity_error"": 0.0, ""maximum_trace_error"": 4.440892098500626e-16, ""minimum_final_eigenvalue"": 0.0, ""trajectory_count"": 64}"
held_out_metric,1,709,evaluation,12,,fidelity_effective_lifetime_cycles,8.638885653835526,0.5924089427875329,46989ab157532bcdb12282ee74b3fb69ab225a5beb744dc41c8378512aef81b2,"{""data_seed"": 42071, ""maximum_hermiticity_error"": 0.0, ""maximum_trace_error"": 4.440892098500626e-16, ""minimum_final_eigenvalue"": 0.0, ""trajectory_count"": 64}"
held_out_metric,1,709,evaluation,12,,logical_z_effective_lifetime_cycles,6.722847653021626,0.5203855725042893,46989ab157532bcdb12282ee74b3fb69ab225a5beb744dc41c8378512aef81b2,"{""data_seed"": 42071, ""maximum_hermiticity_error"": 0.0, ""maximum_trace_error"": 4.440892098500626e-16, ""minimum_final_eigenvalue"": 0.0, ""trajectory_count"": 64}"
held_out_metric,1,709,evaluation,12,,fidelity_effective_lifetime_cycles,9.162966705192513,0.6086381114357983,46989ab157532bcdb12282ee74b3fb69ab225a5beb744dc41c8378512aef81b2,"{""data_seed"": 42073, ""maximum_hermiticity_error"": 0.0, ""maximum_trace_error"": 3.3306690738754696e-16, ""minimum_final_eigenvalue"": 0.0, ""trajectory_count"": 64}"
held_out_metric,1,709,evaluation,12,,logical_z_effective_lifetime_cycles,7.403059805977875,0.5485409598296959,46989ab157532bcdb12282ee74b3fb69ab225a5beb744dc41c8378512aef81b2,"{""data_seed"": 42073, ""maximum_hermiticity_error"": 0.0, ""maximum_trace_error"": 3.3306690738754696e-16, ""minimum_final_eigenvalue"": 0.0, ""trajectory_count"": 64}"
held_out_metric,1,709,confirmation,16,,fidelity_effective_lifetime_cycles,9.837878178737252,0.627787760065196,46989ab157532bcdb12282ee74b3fb69ab225a5beb744dc41c8378512aef81b2,"{""data_seed"": 43003, ""maximum_hermiticity_error"": 0.0, ""maximum_trace_error"": 3.3306690738754696e-16, ""minimum_final_eigenvalue"": 0.0, ""trajectory_count"": 32}"
held_out_metric,1,709,confirmation,16,,logical_z_effective_lifetime_cycles,8.331636293564063,0.5822808957497543,46989ab157532bcdb12282ee74b3fb69ab225a5beb744dc41c8378512aef81b2,"{""data_seed"": 43003, ""maximum_hermiticity_error"": 0.0, ""maximum_trace_error"": 3.3306690738754696e-16, ""minimum_final_eigenvalue"": 0.0, ""trajectory_count"": 32}"
held_out_metric,1,709,confirmation,16,,fidelity_effective_lifetime_cycles,9.755648488708253,0.6255521443001467,46989ab157532bcdb12282ee74b3fb69ab225a5beb744dc41c8378512aef81b2,"{""data_seed"": 43013, ""maximum_hermiticity_error"": 0.0, ""maximum_trace_error"": 4.440892098500626e-16, ""minimum_final_eigenvalue"": 0.0, ""trajectory_count"": 32}"
held_out_metric,1,709,confirmation,16,,logical_z_effective_lifetime_cycles,8.053767746065553,0.5726988187185069,46989ab157532bcdb12282ee74b3fb69ab225a5beb744dc41c8378512aef81b2,"{""data_seed"": 43013, ""maximum_hermiticity_error"": 0.0, ""maximum_trace_error"": 4.440892098500626e-16, ""minimum_final_eigenvalue"": 0.0, ""trajectory_count"": 32}"
held_out_metric,1,709,confirmation,16,,fidelity_effective_lifetime_cycles,9.351652511505964,0.6141805285761233,46989ab157532bcdb12282ee74b3fb69ab225a5beb744dc41c8378512aef81b2,"{""data_seed"": 43019, ""maximum_hermiticity_error"": 0.0, ""maximum_trace_error"": 3.3306690738754696e-16, ""minimum_final_eigenvalue"": 0.0, ""trajectory_count"": 32}"
held_out_metric,1,709,confirmation,16,,logical_z_effective_lifetime_cycles,7.431387634617851,0.549646199619,46989ab157532bcdb12282ee74b3fb69ab225a5beb744dc41c8378512aef81b2,"{""data_seed"": 43019, ""maximum_hermiticity_error"": 0.0, ""maximum_trace_error"": 3.3306690738754696e-16, ""minimum_final_eigenvalue"": 0.0, ""trajectory_count"": 32}"
held_out_metric,1,709,confirmation,16,,fidelity_effective_lifetime_cycles,9.296873417896386,0.6125871130631961,46989ab157532bcdb12282ee74b3fb69ab225a5beb744dc41c8378512aef81b2,"{""data_seed"": 43037, ""maximum_hermiticity_error"": 0.0, ""maximum_trace_error"": 4.440892098500626e-16, ""minimum_final_eigenvalue"": 0.0, ""trajectory_count"": 32}"
held_out_metric,1,709,confirmation,16,,logical_z_effective_lifetime_cycles,7.444177074589524,0.5501435229029135,46989ab157532bcdb12282ee74b3fb69ab225a5beb744dc41c8378512aef81b2,"{""data_seed"": 43037, ""maximum_hermiticity_error"": 0.0, ""maximum_trace_error"": 4.440892098500626e-16, ""minimum_final_eigenvalue"": 0.0, ""trajectory_count"": 32}"
training_epoch,2,811,training,,1,mean_reward,0.2158726462498779,1.821547150106165,486079ba00a38cad0ce031d604decbac0821b781beb2e931e8a2d9c7e4c39352,"{""baseline"": 0.16696505738862175, ""control_residual_rms"": 0.001978973020694445, ""control_slew_rms"": 0.0012703702767063775, ""epoch"": 1, ""gradient_norm_before_clip"": 1.821547150106165, ""ground_outcome_fraction"": 0.6083333333333333, ""loss"": 0.3051830488016467, ""mean_reward"": 0.2158726462498779, ""score_path"": -0.5210556949962228}"
training_epoch,2,811,training,,2,mean_reward,0.12165735459913762,1.0587926172956839,486079ba00a38cad0ce031d604decbac0821b781beb2e931e8a2d9c7e4c39352,"{""baseline"": 0.16469967224914756, ""control_residual_rms"": 0.00203111419793659, ""control_slew_rms"": 0.0015298217666095998, ""epoch"": 2, ""gradient_norm_before_clip"": 1.0587926172956839, ""ground_outcome_fraction"": 0.6, ""loss"": -0.6947118486986414, ""mean_reward"": 0.12165735459913762, ""score_path"": 0.5730544941641615}"
training_epoch,2,811,training,,3,mean_reward,0.22382871090450485,2.2546782572564035,486079ba00a38cad0ce031d604decbac0821b781beb2e931e8a2d9c7e4c39352,"{""baseline"": 0.16765612418191542, ""control_residual_rms"": 0.0022656416912948505, ""control_slew_rms"": 0.0016313000364588325, ""epoch"": 3, ""gradient_norm_before_clip"": 2.2546782572564035, ""ground_outcome_fraction"": 0.6166666666666667, ""loss"": 0.5165555358984252, ""mean_reward"": 0.22382871090450485, ""score_path"": -0.7403842467249874}"
training_epoch,2,811,training,,4,mean_reward,0.09808289271380008,1.5044383966560209,486079ba00a38cad0ce031d604decbac0821b781beb2e931e8a2d9c7e4c39352,"{""baseline"": 0.16417746260850963, ""control_residual_rms"": 0.002464912943254948, ""control_slew_rms"": 0.0016681934795028655, ""epoch"": 4, ""gradient_norm_before_clip"": 1.5044383966560209, ""ground_outcome_fraction"": 0.5666666666666667, ""loss"": -1.1553166171597484, ""mean_reward"": 0.09808289271380008, ""score_path"": 1.0572337245345351}"
training_epoch,2,811,training,,5,mean_reward,0.1945121822223173,1.283809319903721,486079ba00a38cad0ce031d604decbac0821b781beb2e931e8a2d9c7e4c39352,"{""baseline"": 0.1656941985892, ""control_residual_rms"": 0.002841644877311638, ""control_slew_rms"": 0.00159221404103373, ""epoch"": 5, ""gradient_norm_before_clip"": 1.283809319903721, ""ground_outcome_fraction"": 0.675, ""loss"": 0.31131017405037015, ""mean_reward"": 0.1945121822223173, ""score_path"": -0.5058223561665866}"
training_epoch,2,811,training,,6,mean_reward,0.1773685156691039,1.0831955906435262,486079ba00a38cad0ce031d604decbac0821b781beb2e931e8a2d9c7e4c39352,"{""baseline"": 0.1662779144431952, ""control_residual_rms"": 0.0031183102298271985, ""control_slew_rms"": 0.001642218302076054, ""epoch"": 6, ""gradient_norm_before_clip"": 1.0831955906435262, ""ground_outcome_fraction"": 0.7083333333333334, ""loss"": 0.014644354945716089, ""mean_reward"": 0.1773685156691039, ""score_path"": -0.19201287049061258}"
training_epoch,2,811,training,,7,mean_reward,0.2578080823349974,2.1228994838765742,486079ba00a38cad0ce031d604decbac0821b781beb2e931e8a2d9c7e4c39352,"{""baseline"": 0.17085442283778532, ""control_residual_rms"": 0.003549925990273728, ""control_slew_rms"": 0.0014786174573018116, ""epoch"": 7, ""gradient_norm_before_clip"": 2.1228994838765742, ""ground_outcome_fraction"": 0.7833333333333333, ""loss"": 0.6197911425758807, ""mean_reward"": 0.2578080823349974, ""score_path"": -0.8775992247629953}"
training_epoch,2,811,training,,8,mean_reward,0.17180796084889507,0.9893787518242508,486079ba00a38cad0ce031d604decbac0821b781beb2e931e8a2d9c7e4c39352,"{""baseline"": 0.1709020997383408, ""control_residual_rms"": 0.003329185111892613, ""control_slew_rms"": 0.0018699822163601731, ""epoch"": 8, ""gradient_norm_before_clip"": 0.9893787518242508, ""ground_outcome_fraction"": 0.6333333333333333, ""loss"": -0.22276033735331136, ""mean_reward"": 0.17180796084889507, ""score_path"": 0.050952376650219344}"
training_epoch,2,811,training,,9,mean_reward,0.2527467794346037,2.6054319557924996,486079ba00a38cad0ce031d604decbac0821b781beb2e931e8a2d9c7e4c39352,"{""baseline"": 0.17499433372315396, ""control_residual_rms"": 0.003932003711605409, ""control_slew_rms"": 0.0019434733849904955, ""epoch"": 9, ""gradient_norm_before_clip"": 2.6054319557924996, ""ground_outcome_fraction"": 0.7583333333333333, ""loss"": 0.7120014890151842, ""mean_reward"": 0.2527467794346037, ""score_path"": -0.9647482682574104}"
training_epoch,2,811,training,,10,mean_reward,0.23871042688490185,2.383258469185085,486079ba00a38cad0ce031d604decbac0821b781beb2e931e8a2d9c7e4c39352,"{""baseline"": 0.17818013838124136, ""control_residual_rms"": 0.004302749404686965, ""control_slew_rms"": 0.00203315279904717, ""epoch"": 10, ""gradient_norm_before_clip"": 2.383258469185085, ""ground_outcome_fraction"": 0.725, ""loss"": 0.5333264083255006, ""mean_reward"": 0.23871042688490185, ""score_path"": -0.7720368349839287}"
training_epoch,2,811,training,,11,mean_reward,0.37849404632136985,4.10421403276118,486079ba00a38cad0ce031d604decbac0821b781beb2e931e8a2d9c7e4c39352,"{""baseline"": 0.1881958337782478, ""control_residual_rms"": 0.0049863433165897334, ""control_slew_rms"": 0.0021264159923539932, ""epoch"": 11, ""gradient_norm_before_clip"": 4.10421403276118, ""ground_outcome_fraction"": 0.7666666666666666, ""loss"": 1.006942614618828, ""mean_reward"": 0.37849404632136985, ""score_path"": -1.3854366606463453}"
training_epoch,2,811,training,,12,mean_reward,0.2147791316688678,1.3500483759748987,486079ba00a38cad0ce031d604decbac0821b781beb2e931e8a2d9c7e4c39352,"{""baseline"": 0.1895249986727788, ""control_residual_rms"": 0.004914996628132635, ""control_slew_rms"": 0.0024870355333245324, ""epoch"": 12, ""gradient_norm_before_clip"": 1.3500483759748987, ""ground_outcome_fraction"": 0.6416666666666666, ""loss"": 0.043054709417780036, ""mean_reward"": 0.2147791316688678, ""score_path"": -0.25783384078322247}"
training_epoch,2,811,training,,13,mean_reward,0.28613383938240866,2.8228104781379573,486079ba00a38cad0ce031d604decbac0821b781beb2e931e8a2d9c7e4c39352,"{""baseline"": 0.1943554407082603, ""control_residual_rms"": 0.005840436765026369, ""control_slew_rms"": 0.002504857569937092, ""epoch"": 13, ""gradient_norm_before_clip"": 2.8228104781379573, ""ground_outcome_fraction"": 0.7583333333333333, ""loss"": 0.8925577770933336, ""mean_reward"": 0.28613383938240866, ""score_path"": -1.178691616071892}"
training_epoch,2,811,training,,14,mean_reward,0.2814160207990263,2.735822563177264,486079ba00a38cad0ce031d604decbac0821b781beb2e931e8a2d9c7e4c39352,"{""baseline"": 0.1987084697127986, ""control_residual_rms"": 0.006047228237051202, ""control_slew_rms"": 0.002702495141722116, ""epoch"": 14, ""gradient_norm_before_clip"": 2.735822563177264, ""ground_outcome_fraction"": 0.7333333333333333, ""loss"": 0.6425803404129699, ""mean_reward"": 0.2814160207990263, ""score_path"": -0.9239963607732716}"
training_epoch,2,811,training,,15,mean_reward,0.21696896771798924,2.0911868851152566,486079ba00a38cad0ce031d604decbac0821b781beb2e931e8a2d9c7e4c39352,"{""baseline"": 0.19962149461305811, ""control_residual_rms"": 0.006197246081784189, ""control_slew_rms"": 0.0030551168574393197, ""epoch"": 15, ""gradient_norm_before_clip"": 2.0911868851152566, ""ground_outcome_fraction"": 0.6833333333333333, ""loss"": -0.1340975638346669, ""mean_reward"": 0.21696896771798924, ""score_path"": -0.08287140340592636}"
training_epoch,2,811,training,,16,mean_reward,0.2937505943283013,3.1476846025532224,486079ba00a38cad0ce031d604decbac0821b781beb2e931e8a2d9c7e4c39352,"{""baseline"": 0.20432794959882028, ""control_residual_rms"": 0.007165000604191108, ""control_slew_rms"": 0.0028136298093794166, ""epoch"": 16, ""gradient_norm_before_clip"": 3.1476846025532224, ""ground_outcome_fraction"": 0.725, ""loss"": 0.25725340713295686, ""mean_reward"": 0.2937505943283013, ""score_path"": -0.5510040008687207}"
training_epoch,2,811,training,,17,mean_reward,0.22960067567035564,2.0396479464836346,486079ba00a38cad0ce031d604decbac0821b781beb2e931e8a2d9c7e4c39352,"{""baseline"": 0.20559158590239704, ""control_residual_rms"": 0.007109706052033683, ""control_slew_rms"": 0.003303512340960196, ""epoch"": 17, ""gradient_norm_before_clip"": 2.0396479464836346, ""ground_outcome_fraction"": 0.675, ""loss"": -0.15244050191963604, ""mean_reward"": 0.22960067567035564, ""score_path"": -0.07716017313610846}"
training_epoch,2,811,training,,18,mean_reward,0.22316362442019572,1.2317072616379767,486079ba00a38cad0ce031d604decbac0821b781beb2e931e8a2d9c7e4c39352,"{""baseline"": 0.20647018782828697, ""control_residual_rms"": 0.007777166697923868, ""control_slew_rms"": 0.003356224891398794, ""epoch"": 18, ""gradient_norm_before_clip"": 1.2317072616379767, ""ground_outcome_fraction"": 0.7, ""loss"": 0.04042081690598675, ""mean_reward"": 0.22316362442019572, ""score_path"": -0.2635844406086968}"
training_epoch,2,811,training,,19,mean_reward,0.34100574897563707,3.0456116818353025,486079ba00a38cad0ce031d604decbac0821b781beb2e931e8a2d9c7e4c39352,"{""baseline"": 0.21319696588565448, ""control_residual_rms"": 0.008283751652096844, ""control_slew_rms"": 0.003487843927280522, ""epoch"": 19, ""gradient_norm_before_clip"": 3.0456116818353025, ""ground_outcome_fraction"": 0.725, ""loss"": 0.8340498288120592, ""mean_reward"": 0.34100574897563707, ""score_path"": -1.1750555769798403}"
training_epoch,2,811,training,,20,mean_reward,0.1846943036079003,2.178966970451591,486079ba00a38cad0ce031d604decbac0821b781beb2e931e8a2d9c7e4c39352,"{""baseline"": 0.21177183277176675, ""control_residual_rms"": 0.008641497252820582, ""control_slew_rms"": 0.0037324558814854866, ""epoch"": 20, ""gradient_norm_before_clip"": 2.178966970451591, ""ground_outcome_fraction"": 0.675, ""loss"": -0.7480644382440509, ""mean_reward"": 0.1846943036079003, ""score_path"": 0.5633701355222176}"
training_epoch,2,811,training,,21,mean_reward,0.20985548531940915,1.6886878298736605,486079ba00a38cad0ce031d604decbac0821b781beb2e931e8a2d9c7e4c39352,"{""baseline"": 0.21167601539914888, ""control_residual_rms"": 0.008475671495953246, ""control_slew_rms"": 0.004140408291865425, ""epoch"": 21, ""gradient_norm_before_clip"": 1.6886878298736605, ""ground_outcome_fraction"": 0.625, ""loss"": -0.2861896321409178, ""mean_reward"": 0.20985548531940915, ""score_path"": 0.07633414771130856}"
training_epoch,2,811,training,,22,mean_reward,0.2836516486827083,1.5911622630520195,486079ba00a38cad0ce031d604decbac0821b781beb2e931e8a2d9c7e4c39352,"{""baseline"": 0.21527479706332683, ""control_residual_rms"": 0.009293667704149033, ""control_slew_rms"": 0.0042698118316408205, ""epoch"": 22, ""gradient_norm_before_clip"": 1.5911622630520195, ""ground_outcome_fraction"": 0.65, ""loss"": 0.5638191691813405, ""mean_reward"": 0.2836516486827083, ""score_path"": -0.8474708168180132}"
training_epoch,2,811,training,,23,mean_reward,0.299399127084911,2.3799431013460364,486079ba00a38cad0ce031d604decbac0821b781beb2e931e8a2d9c7e4c39352,"{""baseline"": 0.21948101356440605, ""control_residual_rms"": 0.010506114298591832, ""control_slew_rms"": 0.004558317119160776, ""epoch"": 23, ""gradient_norm_before_clip"": 2.3799431013460364, ""ground_outcome_fraction"": 0.725, ""loss"": 0.5058406892310762, ""mean_reward"": 0.299399127084911, ""score_path"": -0.8052398150044202}"
training_epoch,2,811,training,,24,mean_reward,0.252326267178265,1.1121523838054603,486079ba00a38cad0ce031d604decbac0821b781beb2e931e8a2d9c7e4c39352,"{""baseline"": 0.22112327624509898, ""control_residual_rms"": 0.010924482604551037, ""control_slew_rms"": 0.0045934043966502575, ""epoch"": 24, ""gradient_norm_before_clip"": 1.1121523838054603, ""ground_outcome_fraction"": 0.6833333333333333, ""loss"": 0.25620033038345597, ""mean_reward"": 0.252326267178265, ""score_path"": -0.5085265961572841}"
training_epoch,2,811,training,,25,mean_reward,0.31324424607300977,3.6838550839059456,486079ba00a38cad0ce031d604decbac0821b781beb2e931e8a2d9c7e4c39352,"{""baseline"": 0.2257293247364945, ""control_residual_rms"": 0.011889248976430246, ""control_slew_rms"": 0.004642410798325479, ""epoch"": 25, ""gradient_norm_before_clip"": 3.6838550839059456, ""ground_outcome_fraction"": 0.7166666666666667, ""loss"": 0.17637525977850335, ""mean_reward"": 0.31324424607300977, ""score_path"": -0.48961950422245093}"
training_epoch,2,811,training,,26,mean_reward,0.2687845674783394,1.8541757784848054,486079ba00a38cad0ce031d604decbac0821b781beb2e931e8a2d9c7e4c39352,"{""baseline"": 0.22788208687358674, ""control_residual_rms"": 0.013071515156919808, ""control_slew_rms"": 0.004988449197321979, ""epoch"": 26, ""gradient_norm_before_clip"": 1.8541757784848054, ""ground_outcome_fraction"": 0.7666666666666666, ""loss"": 0.20999866510456366, ""mean_reward"": 0.2687845674783394, ""score_path"": -0.4787832306254117}"
training_epoch,2,811,training,,27,mean_reward,0.3131705633713663,1.2284625952560313,486079ba00a38cad0ce031d604decbac0821b781beb2e931e8a2d9c7e4c39352,"{""baseline"": 0.23214651069847572, ""control_residual_rms"": 0.011567422659091888, ""control_slew_rms"": 0.005938475458398552, ""epoch"": 27, ""gradient_norm_before_clip"": 1.2284625952560313, ""ground_outcome_fraction"": 0.6166666666666667, ""loss"": 0.471186227065868, ""mean_reward"": 0.3131705633713663, ""score_path"": -0.7843567887465267}"
training_epoch,2,811,training,,28,mean_reward,0.27976776482583243,1.7303422262348793,486079ba00a38cad0ce031d604decbac0821b781beb2e931e8a2d9c7e4c39352,"{""baseline"": 0.23452757340484356, ""control_residual_rms"": 0.01316242033912203, ""control_slew_rms"": 0.006096180839371068, ""epoch"": 28, ""gradient_norm_before_clip"": 1.7303422262348793, ""ground_outcome_fraction"": 0.675, ""loss"": 0.10553588117339628, ""mean_reward"": 0.27976776482583243, ""score_path"": -0.3853036438951014}"
training_epoch,2,811,training,,29,mean_reward,0.26391623114419804,2.0027923516533757,486079ba00a38cad0ce031d604decbac0821b781beb2e931e8a2d9c7e4c39352,"{""baseline"": 0.2359970062918113, ""control_residual_rms"": 0.013841015732284344, ""control_slew_rms"": 0.0064894830278933256, ""epoch"": 29, ""gradient_norm_before_clip"": 2.0027923516533757, ""ground_outcome_fraction"": 0.7166666666666667, ""loss"": 0.03691252524225767, ""mean_reward"": 0.26391623114419804, ""score_path"": -0.30082875404958465}"
training_epoch,2,811,training,,30,mean_reward,0.2325903031047939,2.4144099951961757,486079ba00a38cad0ce031d604decbac0821b781beb2e931e8a2d9c7e4c39352,"{""baseline"": 0.23582667113246045, ""control_residual_rms"": 0.01385608190208562, ""control_slew_rms"": 0.0069128979983318385, ""epoch"": 30, ""gradient_norm_before_clip"": 2.4144099951961757, ""ground_outcome_fraction"": 0.6666666666666666, ""loss"": -0.4000588093777633, ""mean_reward"": 0.2325903031047939, ""score_path"": 0.16746850867076102}"
training_epoch,2,811,training,,31,mean_reward,0.23096909763433604,1.7573969637106577,486079ba00a38cad0ce031d604decbac0821b781beb2e931e8a2d9c7e4c39352,"{""baseline"": 0.23558379245755423, ""control_residual_rms"": 0.014289458593003712, ""control_slew_rms"": 0.0067712401790284696, ""epoch"": 31, ""gradient_norm_before_clip"": 1.7573969637106577, ""ground_outcome_fraction"": 0.625, ""loss"": -0.41834565324496586, ""mean_reward"": 0.23096909763433604, ""score_path"": 0.1873765581110131}"
training_epoch,2,811,training,,32,mean_reward,0.28844079668193034,1.3602195441738223,486079ba00a38cad0ce031d604decbac0821b781beb2e931e8a2d9c7e4c39352,"{""baseline"": 0.23822664266877305, ""control_residual_rms"": 0.015745346682025024, ""control_slew_rms"": 0.006987845794938965, ""epoch"": 32, ""gradient_norm_before_clip"": 1.3602195441738223, ""ground_outcome_fraction"": 0.6833333333333333, ""loss"": 0.21206964712522086, ""mean_reward"": 0.28844079668193034, ""score_path"": -0.5005104408396919}"
training_epoch,2,811,training,,33,mean_reward,0.20933435778755477,1.632927250120137,486079ba00a38cad0ce031d604decbac0821b781beb2e931e8a2d9c7e4c39352,"{""baseline"": 0.23678202842471213, ""control_residual_rms"": 0.016377470864584534, ""control_slew_rms"": 0.0076086272890244595, ""epoch"": 33, ""gradient_norm_before_clip"": 1.632927250120137, ""ground_outcome_fraction"": 0.6916666666666667, ""loss"": -0.6219112255029221, ""mean_reward"": 0.20933435778755477, ""score_path"": 0.4125768709764951}"
training_epoch,2,811,training,,34,mean_reward,0.2682578172954911,2.0611121980143254,486079ba00a38cad0ce031d604decbac0821b781beb2e931e8a2d9c7e4c39352,"{""baseline"": 0.23835581786825108, ""control_residual_rms"": 0.01864658824474736, ""control_slew_rms"": 0.007096750688681977, ""epoch"": 34, ""gradient_norm_before_clip"": 2.0611121980143254, ""ground_outcome_fraction"": 0.7666666666666666, ""loss"": 0.15106882282662526, ""mean_reward"": 0.2682578172954911, ""score_path"": -0.4193266361415251}"
training_epoch,2,811,training,,35,mean_reward,0.2908367227955757,2.3540746121936222,486079ba00a38cad0ce031d604decbac0821b781beb2e931e8a2d9c7e4c39352,"{""baseline"": 0.2409798631146173, ""control_residual_rms"": 0.01713513546177124, ""control_slew_rms"": 0.008089302011654522, ""epoch"": 35, ""gradient_norm_before_clip"": 2.3540746121936222, ""ground_outcome_fraction"": 0.6583333333333333, ""loss"": 0.1753669534853663, ""mean_reward"": 0.2908367227955757, ""score_path"": -0.46620367269044527}"
training_epoch,2,811,training,,36,mean_reward,0.2738493783670183,1.7488280186752305,486079ba00a38cad0ce031d604decbac0821b781beb2e931e8a2d9c7e4c39352,"{""baseline"": 0.24262333887723736, ""control_residual_rms"": 0.016633613504211418, ""control_slew_rms"": 0.009021574247190795, ""epoch"": 36, ""gradient_norm_before_clip"": 1.7488280186752305, ""ground_outcome_fraction"": 0.625, ""loss"": 0.03198624251736965, ""mean_reward"": 0.2738493783670183, ""score_path"": -0.30583561730372893}"
training_epoch,2,811,training,,37,mean_reward,0.25172894462093687,2.4907911216189667,486079ba00a38cad0ce031d604decbac0821b781beb2e931e8a2d9c7e4c39352,"{""baseline"": 0.24307861916442233, ""control_residual_rms"": 0.02040529239219399, ""control_slew_rms"": 0.008048786533234488, ""epoch"": 37, ""gradient_norm_before_clip"": 2.4907911216189667, ""ground_outcome_fraction"": 0.7333333333333333, ""loss"": -0.6066037708808295, ""mean_reward"": 0.25172894462093687, ""score_path"": 0.3548748310714819}"
training_epoch,2,811,training,,38,mean_reward,0.2903694589765604,2.2007582396444905,486079ba00a38cad0ce031d604decbac0821b781beb2e931e8a2d9c7e4c39352,"{""baseline"": 0.24544316115502923, ""control_residual_rms"": 0.021651214581719265, ""control_slew_rms"": 0.00826659096205205, ""epoch"": 38, ""gradient_norm_before_clip"": 2.2007582396444905, ""ground_outcome_fraction"": 0.7583333333333333, ""loss"": -0.11611892178883343, ""mean_reward"": 0.2903694589765604, ""score_path"": -0.1742505318166108}"
training_epoch,2,811,training,,39,mean_reward,0.3673166639058606,3.3272769115446894,486079ba00a38cad0ce031d604decbac0821b781beb2e931e8a2d9c7e4c39352,"{""baseline"": 0.2515368362925708, ""control_residual_rms"": 0.024213866885555668, ""control_slew_rms"": 0.0076707735052208076, ""epoch"": 39, ""gradient_norm_before_clip"": 3.3272769115446894, ""ground_outcome_fraction"": 0.8416666666666667, ""loss"": 0.287577636976273, ""mean_reward"": 0.3673166639058606, ""score_path"": -0.6548942944306124}"
training_epoch,2,811,training,,40,mean_reward,0.19959238271376983,2.1083113074757387,486079ba00a38cad0ce031d604decbac0821b781beb2e931e8a2d9c7e4c39352,"{""baseline"": 0.24893961361363073, ""control_residual_rms"": 0.02065709835018535, ""control_slew_rms"": 0.010280187616399027, ""epoch"": 40, ""gradient_norm_before_clip"": 2.1083113074757387, ""ground_outcome_fraction"": 0.6416666666666666, ""loss"": -0.9676803503240767, ""mean_reward"": 0.19959238271376983, ""score_path"": 0.7680879729342865}"
training_epoch,2,811,training,,41,mean_reward,0.32398586851184663,2.376229990064883,486079ba00a38cad0ce031d604decbac0821b781beb2e931e8a2d9c7e4c39352,"{""baseline"": 0.25269192635854154, ""control_residual_rms"": 0.025981390630807365, ""control_slew_rms"": 0.008547921898631704, ""epoch"": 41, ""gradient_norm_before_clip"": 2.376229990064883, ""ground_outcome_fraction"": 0.7833333333333333, ""loss"": -0.19505436265029472, ""mean_reward"": 0.32398586851184663, ""score_path"": -0.12893149838055562}"
training_epoch,2,811,training,,42,mean_reward,0.33061717983111566,1.1565031971590032,486079ba00a38cad0ce031d604decbac0821b781beb2e931e8a2d9c7e4c39352,"{""baseline"": 0.25658818903217023, ""control_residual_rms"": 0.022355186254353808, ""control_slew_rms"": 0.011492208582296996, ""epoch"": 42, ""gradient_norm_before_clip"": 1.1565031971590032, ""ground_outcome_fraction"": 0.6583333333333333, ""loss"": 0.699573329218221, ""mean_reward"": 0.33061717983111566, ""score_path"": -1.0301905027310847}"
training_epoch,2,811,training,,43,mean_reward,0.35185516626946056,4.000502185437083,486079ba00a38cad0ce031d604decbac0821b781beb2e931e8a2d9c7e4c39352,"{""baseline"": 0.26135153789403476, ""control_residual_rms"": 0.028343725266744575, ""control_slew_rms"": 0.009807855467096593, ""epoch"": 43, ""gradient_norm_before_clip"": 4.000502185437083, ""ground_outcome_fraction"": 0.7833333333333333, ""loss"": -0.20614798251542818, ""mean_reward"": 0.35185516626946056, ""score_path"": -0.14570717475842448}"
training_epoch,2,811,training,,44,mean_reward,0.23051699498292455,2.171339491291169,486079ba00a38cad0ce031d604decbac0821b781beb2e931e8a2d9c7e4c39352,"{""baseline"": 0.25980981074847925, ""control_residual_rms"": 0.024585684903555102, ""control_slew_rms"": 0.011977907099605146, ""epoch"": 44, ""gradient_norm_before_clip"": 2.171339491291169, ""ground_outcome_fraction"": 0.6083333333333333, ""loss"": -0.798385665514768, ""mean_reward"": 0.23051699498292455, ""score_path"": 0.5678686780111051}"
training_epoch,2,811,training,,45,mean_reward,0.2702916290543148,1.317884034644732,486079ba00a38cad0ce031d604decbac0821b781beb2e931e8a2d9c7e4c39352,"{""baseline"": 0.260333901663771, ""control_residual_rms"": 0.025274353733210228, ""control_slew_rms"": 0.013614120126198455, ""epoch"": 45, ""gradient_norm_before_clip"": 1.317884034644732, ""ground_outcome_fraction"": 0.6666666666666666, ""loss"": -0.14872651263154563, ""mean_reward"": 0.2702916290543148, ""score_path"": -0.12156510818139694}"
training_epoch,2,811,training,,46,mean_reward,0.24404185708735873,2.185283746194643,486079ba00a38cad0ce031d604decbac0821b781beb2e931e8a2d9c7e4c39352,"{""baseline"": 0.2595192994349504, ""control_residual_rms"": 0.027993916869308594, ""control_slew_rms"": 0.0126742592210234, ""epoch"": 46, ""gradient_norm_before_clip"": 2.185283746194643, ""ground_outcome_fraction"": 0.65, ""loss"": -0.7928118285944983, ""mean_reward"": 0.24404185708735873, ""score_path"": 0.5487699809501019}"
training_epoch,2,811,training,,47,mean_reward,0.25231503172820424,1.5933280070757814,486079ba00a38cad0ce031d604decbac0821b781beb2e931e8a2d9c7e4c39352,"{""baseline"": 0.2591590860496131, ""control_residual_rms"": 0.029988993422800075, ""control_slew_rms"": 0.013526044042304135, ""epoch"": 47, ""gradient_norm_before_clip"": 1.5933280070757814, ""ground_outcome_fraction"": 0.7, ""loss"": -0.5944257970987961, ""mean_reward"": 0.25231503172820424, ""score_path"": 0.34211077619352764}"
training_epoch,2,811,training,,48,mean_reward,0.21355657541750078,2.742504231747771,486079ba00a38cad0ce031d604decbac0821b781beb2e931e8a2d9c7e4c39352,"{""baseline"": 0.25687896051800746, ""control_residual_rms"": 0.032993915398197994, ""control_slew_rms"": 0.013153103075940493, ""epoch"": 48, ""gradient_norm_before_clip"": 2.742504231747771, ""ground_outcome_fraction"": 0.725, ""loss"": -0.7071087685741573, ""mean_reward"": 0.21355657541750078, ""score_path"": 0.49355220577268233}"
training_epoch,2,811,training,,49,mean_reward,0.3407388085856765,2.802889519955021,486079ba00a38cad0ce031d604decbac0821b781beb2e931e8a2d9c7e4c39352,"{""baseline"": 0.2610719529213909, ""control_residual_rms"": 0.0347314796989784, ""control_slew_rms"": 0.013714328119450173, ""epoch"": 49, ""gradient_norm_before_clip"": 2.802889519955021, ""ground_outcome_fraction"": 0.7833333333333333, ""loss"": 0.6309660866983315, ""mean_reward"": 0.3407388085856765, ""score_path"": -0.9717048813404233}"
training_epoch,2,811,training,,50,mean_reward,0.36937143416847773,3.620973549316347,486079ba00a38cad0ce031d604decbac0821b781beb2e931e8a2d9c7e4c39352,"{""baseline"": 0.26648692698374526, ""control_residual_rms"": 0.035113071662548505, ""control_slew_rms"": 0.014590916239299563, ""epoch"": 50, ""gradient_norm_before_clip"": 3.620973549316347, ""ground_outcome_fraction"": 0.7333333333333333, ""loss"": 0.16918059539621244, ""mean_reward"": 0.36937143416847773, ""score_path"": -0.5385520151064638}"
training_epoch,2,811,training,,51,mean_reward,0.31868865070984403,1.829943695212885,486079ba00a38cad0ce031d604decbac0821b781beb2e931e8a2d9c7e4c39352,"{""baseline"": 0.2690970131700502, ""control_residual_rms"": 0.038091473659027694, ""control_slew_rms"": 0.014605558446229096, ""epoch"": 51, ""gradient_norm_before_clip"": 1.829943695212885, ""ground_outcome_fraction"": 0.7583333333333333, ""loss"": -0.1474996636940474, ""mean_reward"": 0.31868865070984403, ""score_path"": -0.1711889703729696}"
training_epoch,2,811,training,,52,mean_reward,0.233447580522826,1.783123425945757,486079ba00a38cad0ce031d604decbac0821b781beb2e931e8a2d9c7e4c39352,"{""baseline"": 0.26731454153768897, ""control_residual_rms"": 0.03515783640648469, ""control_slew_rms"": 0.016966411329219933, ""epoch"": 52, ""gradient_norm_before_clip"": 1.783123425945757, ""ground_outcome_fraction"": 0.6583333333333333, ""loss"": -0.5538909774131892, ""mean_reward"": 0.233447580522826, ""score_path"": 0.32044341212968896}"
training_epoch,2,811,training,,53,mean_reward,0.3342401863411334,1.3938375556323355,486079ba00a38cad0ce031d604decbac0821b781beb2e931e8a2d9c7e4c39352,"{""baseline"": 0.2706608237778612, ""control_residual_rms"": 0.042816869721696404, ""control_slew_rms"": 0.015200576842495366, ""epoch"": 53, ""gradient_norm_before_clip"": 1.3938375556323355, ""ground_outcome_fraction"": 0.8, ""loss"": 0.3342549935926406, ""mean_reward"": 0.3342401863411334, ""score_path"": -0.6684951592903553}"
training_epoch,2,811,training,,54,mean_reward,0.4250214814734906,3.2823140083437656,486079ba00a38cad0ce031d604decbac0821b781beb2e931e8a2d9c7e4c39352,"{""baseline"": 0.27837885666264267, ""control_residual_rms"": 0.04519876552192674, ""control_slew_rms"": 0.01497061826546673, ""epoch"": 54, ""gradient_norm_before_clip"": 3.2823140083437656, ""ground_outcome_fraction"": 0.825, ""loss"": 0.5888493598336831, ""mean_reward"": 0.4250214814734906, ""score_path"": -1.0138708186366956}"
training_epoch,2,811,training,,55,mean_reward,0.2111556551582388,4.164222543957476,486079ba00a38cad0ce031d604decbac0821b781beb2e931e8a2d9c7e4c39352,"{""baseline"": 0.2750176965874225, ""control_residual_rms"": 0.046984205594834044, ""control_slew_rms"": 0.015951240135602965, ""epoch"": 55, ""gradient_norm_before_clip"": 4.164222543957476, ""ground_outcome_fraction"": 0.7833333333333333, ""loss"": -0.9044744340018193, ""mean_reward"": 0.2111556551582388, ""score_path"": 0.6933188034631567}"
training_epoch,2,811,training,,56,mean_reward,0.4439498311800208,3.041995283621425,486079ba00a38cad0ce031d604decbac0821b781beb2e931e8a2d9c7e4c39352,"{""baseline"": 0.2834643033170524, ""control_residual_rms"": 0.045359571891599906, ""control_slew_rms"": 0.018175940705482903, ""epoch"": 56, ""gradient_norm_before_clip"": 3.041995283621425, ""ground_outcome_fraction"": 0.7833333333333333, ""loss"": 0.9286274353951559, ""mean_reward"": 0.4439498311800208, ""score_path"": -1.3725772426966207}"
training_epoch,2,811,training,,57,mean_reward,0.2784016931418292,1.3913685323976663,486079ba00a38cad0ce031d604decbac0821b781beb2e931e8a2d9c7e4c39352,"{""baseline"": 0.2832111728082913, ""control_residual_rms"": 0.049423539479439796, ""control_slew_rms"": 0.01785832585998748, ""epoch"": 57, ""gradient_norm_before_clip"": 1.3913685323976663, ""ground_outcome_fraction"": 0.775, ""loss"": -0.4231140470986841, ""mean_reward"": 0.2784016931418292, ""score_path"": 0.14471238157291544}"
training_epoch,2,811,training,,58,mean_reward,0.4705084001887117,2.971119424975871,486079ba00a38cad0ce031d604decbac0821b781beb2e931e8a2d9c7e4c39352,"{""baseline"": 0.29257603417731226, ""control_residual_rms"": 0.04851083353986596, ""control_slew_rms"": 0.02024924522693861, ""epoch"": 58, ""gradient_norm_before_clip"": 2.971119424975871, ""ground_outcome_fraction"": 0.7666666666666666, ""loss"": 1.1737720901955382, ""mean_reward"": 0.4705084001887117, ""score_path"": -1.6442804627509207}"
training_epoch,2,811,training,,59,mean_reward,0.457712125210336,3.7682002966841153,486079ba00a38cad0ce031d604decbac0821b781beb2e931e8a2d9c7e4c39352,"{""baseline"": 0.3008328387289635, ""control_residual_rms"": 0.04884829864504493, ""control_slew_rms"": 0.022229810518407157, ""epoch"": 59, ""gradient_norm_before_clip"": 3.7682002966841153, ""ground_outcome_fraction"": 0.7583333333333333, ""loss"": 1.1500489224550872, ""mean_reward"": 0.457712125210336, ""score_path"": -1.6077610188622158}"
training_epoch,2,811,training,,60,mean_reward,0.3879196224416761,3.331199319583608,486079ba00a38cad0ce031d604decbac0821b781beb2e931e8a2d9c7e4c39352,"{""baseline"": 0.30518717791459915, ""control_residual_rms"": 0.05631843308700091, ""control_slew_rms"": 0.020189161391753967, ""epoch"": 60, ""gradient_norm_before_clip"": 3.331199319583608, ""ground_outcome_fraction"": 0.8, ""loss"": 0.07199287953593433, ""mean_reward"": 0.3879196224416761, ""score_path"": -0.459912466183929}"
training_epoch,2,811,training,,61,mean_reward,0.36594704098803277,1.6454444763888971,486079ba00a38cad0ce031d604decbac0821b781beb2e931e8a2d9c7e4c39352,"{""baseline"": 0.3082251710682708, ""control_residual_rms"": 0.05020860807285101, ""control_slew_rms"": 0.024184559101683895, ""epoch"": 61, ""gradient_norm_before_clip"": 1.6454444763888971, ""ground_outcome_fraction"": 0.6916666666666667, ""loss"": 0.12379913989060325, ""mean_reward"": 0.36594704098803277, ""score_path"": -0.4897461498206638}"
training_epoch,2,811,training,,62,mean_reward,0.32652742267616996,3.005215463302814,486079ba00a38cad0ce031d604decbac0821b781beb2e931e8a2d9c7e4c39352,"{""baseline"": 0.30914028364866575, ""control_residual_rms"": 0.05294839781571473, ""control_slew_rms"": 0.024353539707121223, ""epoch"": 62, ""gradient_norm_before_clip"": 3.005215463302814, ""ground_outcome_fraction"": 0.6833333333333333, ""loss"": -0.6409282109268981, ""mean_reward"": 0.32652742267616996, ""score_path"": 0.3144008222170054}"
training_epoch,2,811,training,,63,mean_reward,0.43236183558254115,4.012918745574571,486079ba00a38cad0ce031d604decbac0821b781beb2e931e8a2d9c7e4c39352,"{""baseline"": 0.31530136124535957, ""control_residual_rms"": 0.057124875773600176, ""control_slew_rms"": 0.025010461102199552, ""epoch"": 63, ""gradient_norm_before_clip"": 4.012918745574571, ""ground_outcome_fraction"": 0.75, ""loss"": 0.7421936553329062, ""mean_reward"": 0.43236183558254115, ""score_path"": -1.1745554520277013}"
training_epoch,2,811,training,,64,mean_reward,0.29075171523126947,2.3907598363654854,486079ba00a38cad0ce031d604decbac0821b781beb2e931e8a2d9c7e4c39352,"{""baseline"": 0.31407387894465505, ""control_residual_rms"": 0.05520908839783302, ""control_slew_rms"": 0.026964398444264553, ""epoch"": 64, ""gradient_norm_before_clip"": 2.3907598363654854, ""ground_outcome_fraction"": 0.6583333333333333, ""loss"": -0.6140146481929817, ""mean_reward"": 0.29075171523126947, ""score_path"": 0.32326297071293447}"
training_epoch,2,811,training,,65,mean_reward,0.33056104731830954,2.59075094741352,486079ba00a38cad0ce031d604decbac0821b781beb2e931e8a2d9c7e4c39352,"{""baseline"": 0.3148982373633378, ""control_residual_rms"": 0.0671071765617025, ""control_slew_rms"": 0.023898055301063363, ""epoch"": 65, ""gradient_norm_before_clip"": 2.59075094741352, ""ground_outcome_fraction"": 0.775, ""loss"": -0.6305920931678988, ""mean_reward"": 0.33056104731830954, ""score_path"": 0.3000310965944911}"
training_epoch,2,811,training,,66,mean_reward,0.41661802086853017,3.5264140060116533,486079ba00a38cad0ce031d604decbac0821b781beb2e931e8a2d9c7e4c39352,"{""baseline"": 0.3199842265385974, ""control_residual_rms"": 0.06969458529291991, ""control_slew_rms"": 0.024080154112298836, ""epoch"": 66, ""gradient_norm_before_clip"": 3.5264140060116533, ""ground_outcome_fraction"": 0.7916666666666666, ""loss"": 0.06927197082417255, ""mean_reward"": 0.41661802086853017, ""score_path"": -0.4858899373208123}"
training_epoch,2,811,training,,67,mean_reward,0.47732009586600405,1.8214500725494867,486079ba00a38cad0ce031d604decbac0821b781beb2e931e8a2d9c7e4c39352,"{""baseline"": 0.32785102000496774, ""control_residual_rms"": 0.06892745083242686, ""control_slew_rms"": 0.02795919348045055, ""epoch"": 67, ""gradient_norm_before_clip"": 1.8214500725494867, ""ground_outcome_fraction"": 0.8, ""loss"": 1.1097917450648291, ""mean_reward"": 0.47732009586600405, ""score_path"": -1.5871117856037333}"
training_epoch,2,811,training,,68,mean_reward,0.32526797461656615,3.241159918002431,486079ba00a38cad0ce031d604decbac0821b781beb2e931e8a2d9c7e4c39352,"{""baseline"": 0.3277218677355477, ""control_residual_rms"": 0.06972362920758636, ""control_slew_rms"": 0.02834960107893198, ""epoch"": 68, ""gradient_norm_before_clip"": 3.241159918002431, ""ground_outcome_fraction"": 0.7333333333333333, ""loss"": -1.0041927024175645, ""mean_reward"": 0.32526797461656615, ""score_path"": 0.678924784451842}"
training_epoch,2,811,training,,69,mean_reward,0.3966206129444492,3.50854862426814,486079ba00a38cad0ce031d604decbac0821b781beb2e931e8a2d9c7e4c39352,"{""baseline"": 0.33116680499599277, ""control_residual_rms"": 0.08091056079239303, ""control_slew_rms"": 0.023701722128832727, ""epoch"": 69, ""gradient_norm_before_clip"": 3.50854862426814, ""ground_outcome_fraction"": 0.8416666666666667, ""loss"": -0.20617392424816489, ""mean_reward"": 0.3966206129444492, ""score_path"": -0.19044661761337955}"
training_epoch,2,811,training,,70,mean_reward,0.4578943307175013,3.946372383385334,486079ba00a38cad0ce031d604decbac0821b781beb2e931e8a2d9c7e4c39352,"{""baseline"": 0.33750318128206824, ""control_residual_rms"": 0.07469977351893503, ""control_slew_rms"": 0.02960953156125659, ""epoch"": 70, ""gradient_norm_before_clip"": 3.946372383385334, ""ground_outcome_fraction"": 0.7916666666666666, ""loss"": 0.45442844128945403, ""mean_reward"": 0.4578943307175013, ""score_path"": -0.9123227074391501}"
training_epoch,2,811,training,,71,mean_reward,0.37119033352147857,1.8418815076473538,486079ba00a38cad0ce031d604decbac0821b781beb2e931e8a2d9c7e4c39352,"{""baseline"": 0.33918753889403874, ""control_residual_rms"": 0.07603784780771829, ""control_slew_rms"": 0.02950719099277084, ""epoch"": 71, ""gradient_norm_before_clip"": 1.8418815076473538, ""ground_outcome_fraction"": 0.7666666666666666, ""loss"": -0.3494393579777837, ""mean_reward"": 0.37119033352147857, ""score_path"": -0.021750909019408682}"
training_epoch,2,811,training,,72,mean_reward,0.44227281895241166,6.121099007432533,486079ba00a38cad0ce031d604decbac0821b781beb2e931e8a2d9c7e4c39352,"{""baseline"": 0.34434180289695737, ""control_residual_rms"": 0.08521473438298448, ""control_slew_rms"": 0.027125051771331603, ""epoch"": 72, ""gradient_norm_before_clip"": 6.121099007432533, ""ground_outcome_fraction"": 0.8333333333333334, ""loss"": 0.6869368140173074, ""mean_reward"": 0.44227281895241166, ""score_path"": -1.1292095529965251}"
training_epoch,2,811,training,,73,mean_reward,0.3376083534860762,2.05086328118383,486079ba00a38cad0ce031d604decbac0821b781beb2e931e8a2d9c7e4c39352,"{""baseline"": 0.3440051304264133, ""control_residual_rms"": 0.07126903982049053, ""control_slew_rms"": 0.03436015257991647, ""epoch"": 73, ""gradient_norm_before_clip"": 2.05086328118383, ""ground_outcome_fraction"": 0.6833333333333333, ""loss"": -0.607746114462271, ""mean_reward"": 0.3376083534860762, ""score_path"": 0.270137823575156}"
training_epoch,2,811,training,,74,mean_reward,0.4675460730464654,3.2679592365954613,486079ba00a38cad0ce031d604decbac0821b781beb2e931e8a2d9c7e4c39352,"{""baseline"": 0.3501821775574159, ""control_residual_rms"": 0.08209875456651156, ""control_slew_rms"": 0.032200623044453085, ""epoch"": 74, ""gradient_norm_before_clip"": 3.2679592365954613, ""ground_outcome_fraction"": 0.7666666666666666, ""loss"": 0.05747524684758121, ""mean_reward"": 0.4675460730464654, ""score_path"": -0.5250212421231903}"
training_epoch,2,811,training,,75,mean_reward,0.4706106026742461,2.388471008821176,486079ba00a38cad0ce031d604decbac0821b781beb2e931e8a2d9c7e4c39352,"{""baseline"": 0.35620359881325736, ""control_residual_rms"": 0.08668155228334812, ""control_slew_rms"": 0.03140882057992387, ""epoch"": 75, ""gradient_norm_before_clip"": 2.388471008821176, ""ground_outcome_fraction"": 0.7916666666666666, ""loss"": 0.25813912227305497, ""mean_reward"": 0.4706106026742461, ""score_path"": -0.7287496399452459}"
training_epoch,2,811,training,,76,mean_reward,0.4186623987032008,2.559753284391464,486079ba00a38cad0ce031d604decbac0821b781beb2e931e8a2d9c7e4c39352,"{""baseline"": 0.35932653880775456, ""control_residual_rms"": 0.07634554881265133, ""control_slew_rms"": 0.0356102865729549, ""epoch"": 76, ""gradient_norm_before_clip"": 2.559753284391464, ""ground_outcome_fraction"": 0.65, ""loss"": -0.1466182344518165, ""mean_reward"": 0.4186623987032008, ""score_path"": -0.272044093284031}"
training_epoch,2,811,training,,77,mean_reward,0.47546707341427347,2.432291908331173,486079ba00a38cad0ce031d604decbac0821b781beb2e931e8a2d9c7e4c39352,"{""baseline"": 0.3651335655380805, ""control_residual_rms"": 0.08882006390422056, ""control_slew_rms"": 0.03377597298637637, ""epoch"": 77, ""gradient_norm_before_clip"": 2.432291908331173, ""ground_outcome_fraction"": 0.7833333333333333, ""loss"": 0.4918790500250088, ""mean_reward"": 0.47546707341427347, ""score_path"": -0.9673460331410813}"
training_epoch,2,811,training,,78,mean_reward,0.41409314675919245,2.510868223959017,486079ba00a38cad0ce031d604decbac0821b781beb2e931e8a2d9c7e4c39352,"{""baseline"": 0.3675815445991361, ""control_residual_rms"": 0.08826328431886123, ""control_slew_rms"": 0.03676086803322206, ""epoch"": 78, ""gradient_norm_before_clip"": 2.510868223959017, ""ground_outcome_fraction"": 0.7666666666666666, ""loss"": -0.11450658300375753, ""mean_reward"": 0.41409314675919245, ""score_path"": -0.29958647233774716}"
training_epoch,2,811,training,,79,mean_reward,0.5041151709826531,2.5898201401952536,486079ba00a38cad0ce031d604decbac0821b781beb2e931e8a2d9c7e4c39352,"{""baseline"": 0.374408225918312, ""control_residual_rms"": 0.09572891978123146, ""control_slew_rms"": 0.03336152038052488, ""epoch"": 79, ""gradient_norm_before_clip"": 2.5898201401952536, ""ground_outcome_fraction"": 0.825, ""loss"": 0.2860981339732277, ""mean_reward"": 0.5041151709826531, ""score_path"": -0.7902132021857096}"
training_epoch,2,811,training,,80,mean_reward,0.3547985832008411,1.8456550128793814,486079ba00a38cad0ce031d604decbac0821b781beb2e931e8a2d9c7e4c39352,"{""baseline"": 0.3734277437824385, ""control_residual_rms"": 0.09350856969779522, ""control_slew_rms"": 0.03438003349448439, ""epoch"": 80, ""gradient_norm_before_clip"": 1.8456550128793814, ""ground_outcome_fraction"": 0.75, ""loss"": -0.8829871646927847, ""mean_reward"": 0.3547985832008411, ""score_path"": 0.5281886807503368}"
training_epoch,2,811,training,,81,mean_reward,0.38662108884851315,1.816158710492683,486079ba00a38cad0ce031d604decbac0821b781beb2e931e8a2d9c7e4c39352,"{""baseline"": 0.3740874110357422, ""control_residual_rms"": 0.09383175719748808, ""control_slew_rms"": 0.036532864880465664, ""epoch"": 81, ""gradient_norm_before_clip"": 1.816158710492683, ""ground_outcome_fraction"": 0.7583333333333333, ""loss"": -0.6357720320238524, ""mean_reward"": 0.38662108884851315, ""score_path"": 0.24915104456582787}"
training_epoch,2,811,training,,82,mean_reward,0.40709727409680624,3.163573703951383,486079ba00a38cad0ce031d604decbac0821b781beb2e931e8a2d9c7e4c39352,"{""baseline"": 0.37573790418879544, ""control_residual_rms"": 0.09053636588606877, ""control_slew_rms"": 0.03791208250183176, ""epoch"": 82, ""gradient_norm_before_clip"": 3.163573703951383, ""ground_outcome_fraction"": 0.7166666666666667, ""loss"": -0.9421331715379405, ""mean_reward"": 0.40709727409680624, ""score_path"": 0.5350359937827298}"
training_epoch,2,811,training,,83,mean_reward,0.4394068396334566,3.8220257865197675,486079ba00a38cad0ce031d604decbac0821b781beb2e931e8a2d9c7e4c39352,"{""baseline"": 0.3789213509610285, ""control_residual_rms"": 0.10072367015489274, ""control_slew_rms"": 0.035671699473450856, ""epoch"": 83, ""gradient_norm_before_clip"": 3.8220257865197675, ""ground_outcome_fraction"": 0.8, ""loss"": -0.19802109214660704, ""mean_reward"": 0.4394068396334566, ""score_path"": -0.24138563330957086}"
training_epoch,2,811,training,,84,mean_reward,0.5132463652174442,3.8744369570095647,486079ba00a38cad0ce031d604decbac0821b781beb2e931e8a2d9c7e4c39352,"{""baseline"": 0.3856376016738493, ""control_residual_rms"": 0.0978507148083174, ""control_slew_rms"": 0.03581551896247746, ""epoch"": 84, ""gradient_norm_before_clip"": 3.8744369570095647, ""ground_outcome_fraction"": 0.775, ""loss"": 0.6173041687156039, ""mean_reward"": 0.5132463652174442, ""score_path"": -1.1305504253579102}"
training_epoch,2,811,training,,85,mean_reward,0.38907432921664853,3.251683276680889,486079ba00a38cad0ce031d604decbac0821b781beb2e931e8a2d9c7e4c39352,"{""baseline"": 0.3858094380509893, ""control_residual_rms"": 0.10004122497399637, ""control_slew_rms"": 0.03719127116306476, ""epoch"": 85, ""gradient_norm_before_clip"": 3.251683276680889, ""ground_outcome_fraction"": 0.775, ""loss"": -0.6443054876221441, ""mean_reward"": 0.38907432921664853, ""score_path"": 0.2552312723198691}"
training_epoch,2,811,training,,86,mean_reward,0.17096037976795223,3.943505853792237,486079ba00a38cad0ce031d604decbac0821b781beb2e931e8a2d9c7e4c39352,"{""baseline"": 0.37506698513683745, ""control_residual_rms"": 0.08218964669966333, ""control_slew_rms"": 0.04164208909104009, ""epoch"": 86, ""gradient_norm_before_clip"": 3.943505853792237, ""ground_outcome_fraction"": 0.5833333333333334, ""loss"": -2.979962802442931, ""mean_reward"": 0.17096037976795223, ""score_path"": 2.809002507566995}"
training_epoch,2,811,training,,87,mean_reward,0.5702408850241129,6.916552131478686,486079ba00a38cad0ce031d604decbac0821b781beb2e931e8a2d9c7e4c39352,"{""baseline"": 0.3848256801312012, ""control_residual_rms"": 0.11347717565236329, ""control_slew_rms"": 0.029549753977109093, ""epoch"": 87, ""gradient_norm_before_clip"": 6.916552131478686, ""ground_outcome_fraction"": 0.8916666666666666, ""loss"": 0.4978169145455723, ""mean_reward"": 0.5702408850241129, ""score_path"": -1.0680576620671116}"
training_epoch,2,811,training,,88,mean_reward,0.47705276799508756,2.783877091832832,486079ba00a38cad0ce031d604decbac0821b781beb2e931e8a2d9c7e4c39352,"{""baseline"": 0.38943703452439554, ""control_residual_rms"": 0.10017258720854544, ""control_slew_rms"": 0.03806865182486998, ""epoch"": 88, ""gradient_norm_before_clip"": 2.783877091832832, ""ground_outcome_fraction"": 0.7833333333333333, ""loss"": 0.2660222645175997, ""mean_reward"": 0.47705276799508756, ""score_path"": -0.7430749176749925}"
training_epoch,2,811,training,,89,mean_reward,0.5266035075485818,2.5769807739369495,486079ba00a38cad0ce031d604decbac0821b781beb2e931e8a2d9c7e4c39352,"{""baseline"": 0.39629535817560485, ""control_residual_rms"": 0.10077109387623841, ""control_slew_rms"": 0.03648504510134971, ""epoch"": 89, ""gradient_norm_before_clip"": 2.5769807739369495, ""ground_outcome_fraction"": 0.7916666666666666, ""loss"": 0.596060050675422, ""mean_reward"": 0.5266035075485818, ""score_path"": -1.122663443364285}"
training_epoch,2,811,training,,90,mean_reward,0.4310600283565398,2.351131287635974,486079ba00a38cad0ce031d604decbac0821b781beb2e931e8a2d9c7e4c39352,"{""baseline"": 0.3980335916846516, ""control_residual_rms"": 0.10798658444410482, ""control_slew_rms"": 0.03192822444494046, ""epoch"": 90, ""gradient_norm_before_clip"": 2.351131287635974, ""ground_outcome_fraction"": 0.8333333333333334, ""loss"": -0.5406144200974174, ""mean_reward"": 0.4310600283565398, ""score_path"": 0.10955451854601694}"
training_epoch,2,811,training,,91,mean_reward,0.5274880309773357,3.090282452125395,486079ba00a38cad0ce031d604decbac0821b781beb2e931e8a2d9c7e4c39352,"{""baseline"": 0.4045063136492858, ""control_residual_rms"": 0.11020741002002446, ""control_slew_rms"": 0.030552197996359845, ""epoch"": 91, ""gradient_norm_before_clip"": 3.090282452125395, ""ground_outcome_fraction"": 0.8583333333333333, ""loss"": -0.04484701871662386, ""mean_reward"": 0.5274880309773357, ""score_path"": -0.48264088146961154}"
training_epoch,2,811,training,,92,mean_reward,0.5129668420427032,1.6775923868311935,486079ba00a38cad0ce031d604decbac0821b781beb2e931e8a2d9c7e4c39352,"{""baseline"": 0.40992934006895665, ""control_residual_rms"": 0.10949617787298524, ""control_slew_rms"": 0.030434878430401404, ""epoch"": 92, ""gradient_norm_before_clip"": 1.6775923868311935, ""ground_outcome_fraction"": 0.85, ""loss"": 0.016878369295032305, ""mean_reward"": 0.5129668420427032, ""score_path"": -0.5298450821807875}"
training_epoch,2,811,training,,93,mean_reward,0.4330997463356415,2.885191684310171,486079ba00a38cad0ce031d604decbac0821b781beb2e931e8a2d9c7e4c39352,"{""baseline"": 0.4110878603822909, ""control_residual_rms"": 0.09282064830550744, ""control_slew_rms"": 0.03709331635752847, ""epoch"": 93, ""gradient_norm_before_clip"": 2.885191684310171, ""ground_outcome_fraction"": 0.7083333333333334, ""loss"": -0.6495474583756569, ""mean_reward"": 0.4330997463356415, ""score_path"": 0.21644781195588406}"
training_epoch,2,811,training,,94,mean_reward,0.5734910618152067,1.3206931107444988,486079ba00a38cad0ce031d604decbac0821b781beb2e931e8a2d9c7e4c39352,"{""baseline"": 0.4192080204539367, ""control_residual_rms"": 0.11561271839656853, ""control_slew_rms"": 0.02499633935811196, ""epoch"": 94, ""gradient_norm_before_clip"": 1.3206931107444988, ""ground_outcome_fraction"": 0.9083333333333333, ""loss"": 0.3775824198736301, ""mean_reward"": 0.5734910618152067, ""score_path"": -0.9510733417776605}"
training_epoch,2,811,training,,95,mean_reward,0.4879193241824331,1.6420339837286755,486079ba00a38cad0ce031d604decbac0821b781beb2e931e8a2d9c7e4c39352,"{""baseline"": 0.4226435856403615, ""control_residual_rms"": 0.10972241168652751, ""control_slew_rms"": 0.029959122883356736, ""epoch"": 95, ""gradient_norm_before_clip"": 1.6420339837286755, ""ground_outcome_fraction"": 0.8416666666666667, ""loss"": -0.2304868827053171, ""mean_reward"": 0.4879193241824331, ""score_path"": -0.2574323121115493}"
training_epoch,2,811,training,,96,mean_reward,0.45134987734921134,2.6219857116242813,486079ba00a38cad0ce031d604decbac0821b781beb2e931e8a2d9c7e4c39352,"{""baseline"": 0.42407890022580397, ""control_residual_rms"": 0.10217201695915225, ""control_slew_rms"": 0.033550465581627546, ""epoch"": 96, ""gradient_norm_before_clip"": 2.6219857116242813, ""ground_outcome_fraction"": 0.7833333333333333, ""loss"": -0.6807258463054411, ""mean_reward"": 0.45134987734921134, ""score_path"": 0.22937608460377762}"
training_epoch,2,811,training,,97,mean_reward,0.5235516604995143,6.118981718590316,486079ba00a38cad0ce031d604decbac0821b781beb2e931e8a2d9c7e4c39352,"{""baseline"": 0.4290525382394895, ""control_residual_rms"": 0.1116872848878647, ""control_slew_rms"": 0.027242141834535577, ""epoch"": 97, ""gradient_norm_before_clip"": 6.118981718590316, ""ground_outcome_fraction"": 0.85, ""loss"": -0.9722922560592668, ""mean_reward"": 0.5235516604995143, ""score_path"": 0.44874072772159146}"
training_epoch,2,811,training,,98,mean_reward,0.4969239311631065,2.0337066283648553,486079ba00a38cad0ce031d604decbac0821b781beb2e931e8a2d9c7e4c39352,"{""baseline"": 0.4324461078856704, ""control_residual_rms"": 0.11412499940607147, ""control_slew_rms"": 0.02822339252980005, ""epoch"": 98, ""gradient_norm_before_clip"": 2.0337066283648553, ""ground_outcome_fraction"": 0.8833333333333333, ""loss"": -0.424566163980416, ""mean_reward"": 0.4969239311631065, ""score_path"": -0.07235762897193679}"
training_epoch,2,811,training,,99,mean_reward,0.4315760046218867,1.4816409626655749,486079ba00a38cad0ce031d604decbac0821b781beb2e931e8a2d9c7e4c39352,"{""baseline"": 0.4324026027224812, ""control_residual_rms"": 0.10879263825367617, ""control_slew_rms"": 0.031082450177281763, ""epoch"": 99, ""gradient_norm_before_clip"": 1.4816409626655749, ""ground_outcome_fraction"": 0.8083333333333333, ""loss"": -0.9472006442560198, ""mean_reward"": 0.4315760046218867, ""score_path"": 0.5156247676537016}"
training_epoch,2,811,training,,100,mean_reward,0.5545004479809955,3.001887966755729,486079ba00a38cad0ce031d604decbac0821b781beb2e931e8a2d9c7e4c39352,"{""baseline"": 0.4385074949854069, ""control_residual_rms"": 0.11128580933278893, ""control_slew_rms"": 0.028963504256558296, ""epoch"": 100, ""gradient_norm_before_clip"": 3.001887966755729, ""ground_outcome_fraction"": 0.85, ""loss"": -0.22778022053692096, ""mean_reward"": 0.5545004479809955, ""score_path"": -0.3267200952099152}"
training_epoch,2,811,training,,101,mean_reward,0.5007576624506088,2.868400694784753,486079ba00a38cad0ce031d604decbac0821b781beb2e931e8a2d9c7e4c39352,"{""baseline"": 0.441620003358667, ""control_residual_rms"": 0.1047312515928292, ""control_slew_rms"": 0.034646695307770176, ""epoch"": 101, ""gradient_norm_before_clip"": 2.868400694784753, ""ground_outcome_fraction"": 0.7916666666666666, ""loss"": -0.4983897433996509, ""mean_reward"": 0.5007576624506088, ""score_path"": -0.0023677973606723484}"
training_epoch,2,811,training,,102,mean_reward,0.5188432225201665,1.3347120737124478,486079ba00a38cad0ce031d604decbac0821b781beb2e931e8a2d9c7e4c39352,"{""baseline"": 0.445481164316742, ""control_residual_rms"": 0.11326968117860656, ""control_slew_rms"": 0.029242444841111014, ""epoch"": 102, ""gradient_norm_before_clip"": 1.3347120737124478, ""ground_outcome_fraction"": 0.85, ""loss"": -0.2343266070517246, ""mean_reward"": 0.5188432225201665, ""score_path"": -0.28451647861702933}"
training_epoch,2,811,training,,103,mean_reward,0.4513027956753225,2.426411174742743,486079ba00a38cad0ce031d604decbac0821b781beb2e931e8a2d9c7e4c39352,"{""baseline"": 0.445772245884671, ""control_residual_rms"": 0.10250410431879332, ""control_slew_rms"": 0.03588568219776721, ""epoch"": 103, ""gradient_norm_before_clip"": 2.426411174742743, ""ground_outcome_fraction"": 0.7666666666666666, ""loss"": -0.7318739754978016, ""mean_reward"": 0.4513027956753225, ""score_path"": 0.280571297771215}"
training_epoch,2,811,training,,104,mean_reward,0.5017956582861011,2.7887949164677073,486079ba00a38cad0ce031d604decbac0821b781beb2e931e8a2d9c7e4c39352,"{""baseline"": 0.44857341650474253, ""control_residual_rms"": 0.11175741537938494, ""control_slew_rms"": 0.03119772274366868, ""epoch"": 104, ""gradient_norm_before_clip"": 2.7887949164677073, ""ground_outcome_fraction"": 0.8333333333333334, ""loss"": -0.1627830576011307, ""mean_reward"": 0.5017956582861011, ""score_path"": -0.3390124660547924}"
training_epoch,2,811,training,,105,mean_reward,0.5059822730875824,2.4883518452314335,486079ba00a38cad0ce031d604decbac0821b781beb2e931e8a2d9c7e4c39352,"{""baseline"": 0.45144385933388453, ""control_residual_rms"": 0.10416774496394017, ""control_slew_rms"": 0.03475283058248004, ""epoch"": 105, ""gradient_norm_before_clip"": 2.4883518452314335, ""ground_outcome_fraction"": 0.7666666666666666, ""loss"": -0.8755229702014767, ""mean_reward"": 0.5059822730875824, ""score_path"": 0.3695408177006776}"
training_epoch,2,811,training,,106,mean_reward,0.531909364781284,2.2718630503032826,486079ba00a38cad0ce031d604decbac0821b781beb2e931e8a2d9c7e4c39352,"{""baseline"": 0.4554671346062545, ""control_residual_rms"": 0.11711423950859688, ""control_slew_rms"": 0.02739013269020318, ""epoch"": 106, ""gradient_norm_before_clip"": 2.2718630503032826, ""ground_outcome_fraction"": 0.875, ""loss"": -0.5735170812425766, ""mean_reward"": 0.531909364781284, ""score_path"": 0.04160786112093713}"
training_epoch,2,811,training,,107,mean_reward,0.44585426612408036,3.2228481983262407,486079ba00a38cad0ce031d604decbac0821b781beb2e931e8a2d9c7e4c39352,"{""baseline"": 0.4549864911821458, ""control_residual_rms"": 0.10786184492245209, ""control_slew_rms"": 0.03206282119922523, ""epoch"": 107, ""gradient_norm_before_clip"": 3.2228481983262407, ""ground_outcome_fraction"": 0.7833333333333333, ""loss"": -1.1367119267332635, ""mean_reward"": 0.44585426612408036, ""score_path"": 0.6908577872312043}"
training_epoch,2,811,training,,108,mean_reward,0.3853615387055054,2.1153235220192026,486079ba00a38cad0ce031d604decbac0821b781beb2e931e8a2d9c7e4c39352,"{""baseline"": 0.45150524355831373, ""control_residual_rms"": 0.10535992037613481, ""control_slew_rms"": 0.034206424893069666, ""epoch"": 108, ""gradient_norm_before_clip"": 2.1153235220192026, ""ground_outcome_fraction"": 0.75, ""loss"": -1.482849758355409, ""mean_reward"": 0.3853615387055054, ""score_path"": 1.0974883423578268}"
training_epoch,2,811,training,,109,mean_reward,0.34348132814447624,3.510967980641791,486079ba00a38cad0ce031d604decbac0821b781beb2e931e8a2d9c7e4c39352,"{""baseline"": 0.4461040477876218, ""control_residual_rms"": 0.09466662333462152, ""control_slew_rms"": 0.03852269075375825, ""epoch"": 109, ""gradient_norm_before_clip"": 3.510967980641791, ""ground_outcome_fraction"": 0.65, ""loss"": -2.022588026285052, ""mean_reward"": 0.34348132814447624, ""score_path"": 1.6791068025982492}"
training_epoch,2,811,training,,110,mean_reward,0.3805390074568793,2.301934957991546,486079ba00a38cad0ce031d604decbac0821b781beb2e931e8a2d9c7e4c39352,"{""baseline"": 0.44282579577108466, ""control_residual_rms"": 0.11016322737711891, ""control_slew_rms"": 0.032533421406267374, ""epoch"": 110, ""gradient_norm_before_clip"": 2.301934957991546, ""ground_outcome_fraction"": 0.7833333333333333, ""loss"": -1.484320327532694, ""mean_reward"": 0.3805390074568793, ""score_path"": 1.1037814520194162}"
training_epoch,2,811,training,,111,mean_reward,0.5937143523107764,1.0867240746625177,486079ba00a38cad0ce031d604decbac0821b781beb2e931e8a2d9c7e4c39352,"{""baseline"": 0.4503702235980693, ""control_residual_rms"": 0.1196949070223629, ""control_slew_rms"": 0.026783783752875705, ""epoch"": 111, ""gradient_norm_before_clip"": 1.0867240746625177, ""ground_outcome_fraction"": 0.8916666666666666, ""loss"": 0.04115080272442848, ""mean_reward"": 0.5937143523107764, ""score_path"": -0.6348650045927865}"
training_epoch,2,811,training,,112,mean_reward,0.5192540176678384,2.4147879005448045,486079ba00a38cad0ce031d604decbac0821b781beb2e931e8a2d9c7e4c39352,"{""baseline"": 0.4538144133015577, ""control_residual_rms"": 0.1226575062026249, ""control_slew_rms"": 0.025225441222447804, ""epoch"": 112, ""gradient_norm_before_clip"": 2.4147879005448045, ""ground_outcome_fraction"": 0.8833333333333333, ""loss"": -0.8191572193523685, ""mean_reward"": 0.5192540176678384, ""score_path"": 0.29990335849639727}"
training_epoch,2,811,training,,113,mean_reward,0.5600578681661114,1.6372629162155317,486079ba00a38cad0ce031d604decbac0821b781beb2e931e8a2d9c7e4c39352,"{""baseline"": 0.4591265860447854, ""control_residual_rms"": 0.12008428334581897, ""control_slew_rms"": 0.02749511546478595, ""epoch"": 113, ""gradient_norm_before_clip"": 1.6372629162155317, ""ground_outcome_fraction"": 0.8666666666666667, ""loss"": -0.4730653279510781, ""mean_reward"": 0.5600578681661114, ""score_path"": -0.0869923884528685}"
training_epoch,2,811,training,,114,mean_reward,0.6183275059612601,2.499624152629651,486079ba00a38cad0ce031d604decbac0821b781beb2e931e8a2d9c7e4c39352,"{""baseline"": 0.46708663204060913, ""control_residual_rms"": 0.12590020353582723, ""control_slew_rms"": 0.023900239093234334, ""epoch"": 114, ""gradient_norm_before_clip"": 2.499624152629651, ""ground_outcome_fraction"": 0.9166666666666666, ""loss"": -0.06039176598831101, ""mean_reward"": 0.6183275059612601, ""score_path"": -0.5579355757521223}"
training_epoch,2,811,training,,115,mean_reward,0.5164188007453712,2.113212148051035,486079ba00a38cad0ce031d604decbac0821b781beb2e931e8a2d9c7e4c39352,"{""baseline"": 0.46955324047584723, ""control_residual_rms"": 0.11836322382390914, ""control_slew_rms"": 0.02953593430156785, ""epoch"": 115, ""gradient_norm_before_clip"": 2.113212148051035, ""ground_outcome_fraction"": 0.8416666666666667, ""loss"": -0.5952176000912331, ""mean_reward"": 0.5164188007453712, ""score_path"": 0.07879894816810368}"
training_epoch,2,811,training,,116,mean_reward,0.3956617791477105,4.171121327049522,486079ba00a38cad0ce031d604decbac0821b781beb2e931e8a2d9c7e4c39352,"{""baseline"": 0.46585866740944043, ""control_residual_rms"": 0.11743391014646476, ""control_slew_rms"": 0.030621107416859833, ""epoch"": 116, ""gradient_norm_before_clip"": 4.171121327049522, ""ground_outcome_fraction"": 0.8, ""loss"": -2.120722005286267, ""mean_reward"": 0.3956617791477105, ""score_path"": 1.7250603734223118}"
training_epoch,2,811,training,,117,mean_reward,0.3580393156900386,2.8081967139730173,486079ba00a38cad0ce031d604decbac0821b781beb2e931e8a2d9c7e4c39352,"{""baseline"": 0.4604676998234703, ""control_residual_rms"": 0.12112041158866757, ""control_slew_rms"": 0.030557175615204872, ""epoch"": 117, ""gradient_norm_before_clip"": 2.8081967139730173, ""ground_outcome_fraction"": 0.8166666666666667, ""loss"": -1.861126279620513, ""mean_reward"": 0.3580393156900386, ""score_path"": 1.5030871199694253}"
training_epoch,2,811,training,,118,mean_reward,0.4724324557966629,1.5394113504409452,486079ba00a38cad0ce031d604decbac0821b781beb2e931e8a2d9c7e4c39352,"{""baseline"": 0.46106593762212994, ""control_residual_rms"": 0.12287880169226884, ""control_slew_rms"": 0.02677102550585726, ""epoch"": 118, ""gradient_norm_before_clip"": 1.5394113504409452, ""ground_outcome_fraction"": 0.8083333333333333, ""loss"": -1.2189192686087813, ""mean_reward"": 0.4724324557966629, ""score_path"": 0.7464869709709956}"
training_epoch,2,811,training,,119,mean_reward,0.47205011849288336,2.537505571700667,486079ba00a38cad0ce031d604decbac0821b781beb2e931e8a2d9c7e4c39352,"{""baseline"": 0.4616151466656676, ""control_residual_rms"": 0.12304574131723557, ""control_slew_rms"": 0.03119906169069821, ""epoch"": 119, ""gradient_norm_before_clip"": 2.537505571700667, ""ground_outcome_fraction"": 0.8333333333333334, ""loss"": -1.138304795730876, ""mean_reward"": 0.47205011849288336, ""score_path"": 0.6662548383743515}"
training_epoch,2,811,training,,120,mean_reward,0.3838791524340929,2.903225208197889,486079ba00a38cad0ce031d604decbac0821b781beb2e931e8a2d9c7e4c39352,"{""baseline"": 0.45772834695408887, ""control_residual_rms"": 0.12643207802096446, ""control_slew_rms"": 0.031033263645966116, ""epoch"": 120, ""gradient_norm_before_clip"": 2.903225208197889, ""ground_outcome_fraction"": 0.8333333333333334, ""loss"": -1.5863113507902005, ""mean_reward"": 0.3838791524340929, ""score_path"": 1.2024323678374458}"
training_epoch,2,811,training,,121,mean_reward,0.6073353110492339,1.4969735485068287,486079ba00a38cad0ce031d604decbac0821b781beb2e931e8a2d9c7e4c39352,"{""baseline"": 0.4652086951588461, ""control_residual_rms"": 0.1402084187332554, ""control_slew_rms"": 0.019906916918774307, ""epoch"": 121, ""gradient_norm_before_clip"": 1.4969735485068287, ""ground_outcome_fraction"": 0.95, ""loss"": -0.07779984231224867, ""mean_reward"": 0.6073353110492339, ""score_path"": -0.529535268190125}"
training_epoch,2,811,training,,122,mean_reward,0.46482484707543464,2.062718752726806,486079ba00a38cad0ce031d604decbac0821b781beb2e931e8a2d9c7e4c39352,"{""baseline"": 0.4651895027546755, ""control_residual_rms"": 0.1367478569294218, ""control_slew_rms"": 0.02566787416919814, ""epoch"": 122, ""gradient_norm_before_clip"": 2.062718752726806, ""ground_outcome_fraction"": 0.8916666666666666, ""loss"": -1.109947190999642, ""mean_reward"": 0.46482484707543464, ""score_path"": 0.6451225375123686}"
training_epoch,2,811,training,,123,mean_reward,0.587666235879132,1.586369037620557,486079ba00a38cad0ce031d604decbac0821b781beb2e931e8a2d9c7e4c39352,"{""baseline"": 0.47131333941089837, ""control_residual_rms"": 0.14408861115478608, ""control_slew_rms"": 0.02068029807866221, ""epoch"": 123, ""gradient_norm_before_clip"": 1.586369037620557, ""ground_outcome_fraction"": 0.95, ""loss"": -0.41377214686322733, ""mean_reward"": 0.587666235879132, ""score_path"": -0.17389387712387877}"
training_epoch,2,811,training,,124,mean_reward,0.4357550478278348,1.8857132404070203,486079ba00a38cad0ce031d604decbac0821b781beb2e931e8a2d9c7e4c39352,"{""baseline"": 0.46953542483174515, ""control_residual_rms"": 0.12245820440538446, ""control_slew_rms"": 0.03790025918786071, ""epoch"": 124, ""gradient_norm_before_clip"": 1.8857132404070203, ""ground_outcome_fraction"": 0.775, ""loss"": -1.2156230231113743, ""mean_reward"": 0.4357550478278348, ""score_path"": 0.7798681396079541}"
training_epoch,2,811,training,,125,mean_reward,0.4844624627290944,1.8921495770632384,486079ba00a38cad0ce031d604decbac0821b781beb2e931e8a2d9c7e4c39352,"{""baseline"": 0.47028177672661264, ""control_residual_rms"": 0.14147813489028224, ""control_slew_rms"": 0.02710490273326745, ""epoch"": 125, ""gradient_norm_before_clip"": 1.8921495770632384, ""ground_outcome_fraction"": 0.9083333333333333, ""loss"": -0.9916979228216064, ""mean_reward"": 0.4844624627290944, ""score_path"": 0.5072356675998961}"
training_epoch,2,811,training,,126,mean_reward,0.4980228202534818,1.0400992676745409,486079ba00a38cad0ce031d604decbac0821b781beb2e931e8a2d9c7e4c39352,"{""baseline"": 0.4716688289029561, ""control_residual_rms"": 0.1361211312429184, ""control_slew_rms"": 0.03223853601302282, ""epoch"": 126, ""gradient_norm_before_clip"": 1.0400992676745409, ""ground_outcome_fraction"": 0.8583333333333333, ""loss"": -0.6647134987426023, ""mean_reward"": 0.4980228202534818, ""score_path"": 0.16669087417197628}"
training_epoch,2,811,training,,127,mean_reward,0.44824081702892676,1.8144930437816689,486079ba00a38cad0ce031d604decbac0821b781beb2e931e8a2d9c7e4c39352,"{""baseline"": 0.4704974283092546, ""control_residual_rms"": 0.14278605331372288, ""control_slew_rms"": 0.029082818409387562, ""epoch"": 127, ""gradient_norm_before_clip"": 1.8144930437816689, ""ground_outcome_fraction"": 0.8916666666666666, ""loss"": -1.2912880379380551, ""mean_reward"": 0.44824081702892676, ""score_path"": 0.8430474332458019}"
training_epoch,2,811,training,,128,mean_reward,0.5389820758478467,3.3411576435954844,486079ba00a38cad0ce031d604decbac0821b781beb2e931e8a2d9c7e4c39352,"{""baseline"": 0.4739216606861842, ""control_residual_rms"": 0.13720767612180262, ""control_slew_rms"": 0.03230065669218049, ""epoch"": 128, ""gradient_norm_before_clip"": 3.3411576435954844, ""ground_outcome_fraction"": 0.85, ""loss"": -1.1437414727820414, ""mean_reward"": 0.5389820758478467, ""score_path"": 0.6047595956269827}"
training_epoch,2,811,training,,129,mean_reward,0.5232768405321702,2.4269121357554364,486079ba00a38cad0ce031d604decbac0821b781beb2e931e8a2d9c7e4c39352,"{""baseline"": 0.4763894196784835, ""control_residual_rms"": 0.14413110787055347, ""control_slew_rms"": 0.026867538882794705, ""epoch"": 129, ""gradient_norm_before_clip"": 2.4269121357554364, ""ground_outcome_fraction"": 0.8833333333333333, ""loss"": -1.0000890743952984, ""mean_reward"": 0.5232768405321702, ""score_path"": 0.47681244881953716}"
training_epoch,2,811,training,,130,mean_reward,0.47409468600449334,2.4192763858249045,486079ba00a38cad0ce031d604decbac0821b781beb2e931e8a2d9c7e4c39352,"{""baseline"": 0.476274682994784, ""control_residual_rms"": 0.14027453204709375, ""control_slew_rms"": 0.03158790167416103, ""epoch"": 130, ""gradient_norm_before_clip"": 2.4192763858249045, ""ground_outcome_fraction"": 0.8666666666666667, ""loss"": -0.9686680252887079, ""mean_reward"": 0.47409468600449334, ""score_path"": 0.49457354603161324}"
training_epoch,2,811,training,,131,mean_reward,0.5630462327799872,1.1774353015723071,486079ba00a38cad0ce031d604decbac0821b781beb2e931e8a2d9c7e4c39352,"{""baseline"": 0.4806132604840442, ""control_residual_rms"": 0.14465325492484152, ""control_slew_rms"": 0.027129129318300065, ""epoch"": 131, ""gradient_norm_before_clip"": 1.1774353015723071, ""ground_outcome_fraction"": 0.9083333333333333, ""loss"": -0.336111776881858, ""mean_reward"": 0.5630462327799872, ""score_path"": -0.22693423929259107}"
training_epoch,2,811,training,,132,mean_reward,0.37254476980714146,1.6476817131627555,486079ba00a38cad0ce031d604decbac0821b781beb2e931e8a2d9c7e4c39352,"{""baseline"": 0.47520983595019906, ""control_residual_rms"": 0.13508016586142707, ""control_slew_rms"": 0.03393237215789793, ""epoch"": 132, ""gradient_norm_before_clip"": 1.6476817131627555, ""ground_outcome_fraction"": 0.8083333333333333, ""loss"": -1.7891666033250047, ""mean_reward"": 0.37254476980714146, ""score_path"": 1.416622027498434}"
training_epoch,2,811,training,,133,mean_reward,0.29786912767148765,4.159454393811022,486079ba00a38cad0ce031d604decbac0821b781beb2e931e8a2d9c7e4c39352,"{""baseline"": 0.4663428005362635, ""control_residual_rms"": 0.11721307224879435, ""control_slew_rms"": 0.04134558124808279, ""epoch"": 133, ""gradient_norm_before_clip"": 4.159454393811022, ""ground_outcome_fraction"": 0.6583333333333333, ""loss"": -2.53462471821094, ""mean_reward"": 0.29786912767148765, ""score_path"": 2.236755745023067}"
training_epoch,2,811,training,,134,mean_reward,0.5513225018130661,2.0927732650558135,486079ba00a38cad0ce031d604decbac0821b781beb2e931e8a2d9c7e4c39352,"{""baseline"": 0.4705917856001036, ""control_residual_rms"": 0.14502994045565054, ""control_slew_rms"": 0.02769882678584169, ""epoch"": 134, ""gradient_norm_before_clip"": 2.0927732650558135, ""ground_outcome_fraction"": 0.9083333333333333, ""loss"": -0.0860654776989147, ""mean_reward"": 0.5513225018130661, ""score_path"": -0.46525680610506503}"
training_epoch,2,811,training,,135,mean_reward,0.6255389546224543,1.7167493934546991,486079ba00a38cad0ce031d604decbac0821b781beb2e931e8a2d9c7e4c39352,"{""baseline"": 0.47833914405122113, ""control_residual_rms"": 0.14499066018809426, ""control_slew_rms"": 0.026471248698873726, ""epoch"": 135, ""gradient_norm_before_clip"": 1.7167493934546991, ""ground_outcome_fraction"": 0.9166666666666666, ""loss"": 0.1269333888953402, ""mean_reward"": 0.6255389546224543, ""score_path"": -0.7524721262876091}"
training_epoch,2,811,training,,136,mean_reward,0.5758820745478412,2.2087360318287237,486079ba00a38cad0ce031d604decbac0821b781beb2e931e8a2d9c7e4c39352,"{""baseline"": 0.48321629057605214, ""control_residual_rms"": 0.14190833390514304, ""control_slew_rms"": 0.028341367456394425, ""epoch"": 136, ""gradient_norm_before_clip"": 2.2087360318287237, ""ground_outcome_fraction"": 0.8916666666666666, ""loss"": -0.27149178208841934, ""mean_reward"": 0.5758820745478412, ""score_path"": -0.3043900830473385}"
training_epoch,2,811,training,,137,mean_reward,0.4701929566747741,3.07960977256928,486079ba00a38cad0ce031d604decbac0821b781beb2e931e8a2d9c7e4c39352,"{""baseline"": 0.4825651238809882, ""control_residual_rms"": 0.13653820971705077, ""control_slew_rms"": 0.03061805216128044, ""epoch"": 137, ""gradient_norm_before_clip"": 3.07960977256928, ""ground_outcome_fraction"": 0.8333333333333334, ""loss"": -1.3635362822499835, ""mean_reward"": 0.4701929566747741, ""score_path"": 0.8933435213766876}"
training_epoch,2,811,training,,138,mean_reward,0.5529646680121998,1.5775629514986669,486079ba00a38cad0ce031d604decbac0821b781beb2e931e8a2d9c7e4c39352,"{""baseline"": 0.48608510108754877, ""control_residual_rms"": 0.14661153438642002, ""control_slew_rms"": 0.023779161837047095, ""epoch"": 138, ""gradient_norm_before_clip"": 1.5775629514986669, ""ground_outcome_fraction"": 0.9249999999999999, ""loss"": -0.3009210295683331, ""mean_reward"": 0.5529646680121998, ""score_path"": -0.25204341783996115}"
training_epoch,2,811,training,,139,mean_reward,0.49067697451792763,3.1807398991062423,486079ba00a38cad0ce031d604decbac0821b781beb2e931e8a2d9c7e4c39352,"{""baseline"": 0.48631469475906774, ""control_residual_rms"": 0.13718352971401948, ""control_slew_rms"": 0.03102087004921622, ""epoch"": 139, ""gradient_norm_before_clip"": 3.1807398991062423, ""ground_outcome_fraction"": 0.85, ""loss"": -1.5497511048270654, ""mean_reward"": 0.49067697451792763, ""score_path"": 1.05907432812529}"
training_epoch,2,811,training,,140,mean_reward,0.5038594786883502,1.495852326919389,486079ba00a38cad0ce031d604decbac0821b781beb2e931e8a2d9c7e4c39352,"{""baseline"": 0.4871919339555319, ""control_residual_rms"": 0.13837690600622085, ""control_slew_rms"": 0.03013118246181301, ""epoch"": 140, ""gradient_norm_before_clip"": 1.495852326919389, ""ground_outcome_fraction"": 0.8666666666666667, ""loss"": -1.2399794885071882, ""mean_reward"": 0.5038594786883502, ""score_path"": 0.7361202103794008}"
training_epoch,2,811,training,,141,mean_reward,0.4673812647899366,3.786495300063577,486079ba00a38cad0ce031d604decbac0821b781beb2e931e8a2d9c7e4c39352,"{""baseline"": 0.48620140049725213, ""control_residual_rms"": 0.13454438797182441, ""control_slew_rms"": 0.030523555894561436, ""epoch"": 141, ""gradient_norm_before_clip"": 3.786495300063577, ""ground_outcome_fraction"": 0.825, ""loss"": -1.019729381646569, ""mean_reward"": 0.4673812647899366, ""score_path"": 0.5523483071954305}"
training_epoch,2,811,training,,142,mean_reward,0.5656462628218324,1.8436142159884454,486079ba00a38cad0ce031d604decbac0821b781beb2e931e8a2d9c7e4c39352,"{""baseline"": 0.49017364361348115, ""control_residual_rms"": 0.1447611934070999, ""control_slew_rms"": 0.02381402166807638, ""epoch"": 142, ""gradient_norm_before_clip"": 1.8436142159884454, ""ground_outcome_fraction"": 0.9166666666666666, ""loss"": -0.4009467790444315, ""mean_reward"": 0.5656462628218324, ""score_path"": -0.16469926854829348}"
training_epoch,2,811,training,,143,mean_reward,0.47502647063801545,1.901621832830554,486079ba00a38cad0ce031d604decbac0821b781beb2e931e8a2d9c7e4c39352,"{""baseline"": 0.48941628496470785, ""control_residual_rms"": 0.13594737526214906, ""control_slew_rms"": 0.03156165261157283, ""epoch"": 143, ""gradient_norm_before_clip"": 1.901621832830554, ""ground_outcome_fraction"": 0.8333333333333334, ""loss"": -1.387655507565212, ""mean_reward"": 0.47502647063801545, ""score_path"": 0.9126292317054641}"
training_epoch,2,811,training,,144,mean_reward,0.6566830125429078,1.0151811868894618,486079ba00a38cad0ce031d604decbac0821b781beb2e931e8a2d9c7e4c39352,"{""baseline"": 0.4977796213436178, ""control_residual_rms"": 0.1500671826798452, ""control_slew_rms"": 0.020466385690556723, ""epoch"": 144, ""gradient_norm_before_clip"": 1.0151811868894618, ""ground_outcome_fraction"": 0.9583333333333334, ""loss"": -0.04890420438547018, ""mean_reward"": 0.6566830125429078, ""score_path"": -0.607778578767115}"
training_epoch,2,811,training,,145,mean_reward,0.40877426144910195,3.6815002246983877,486079ba00a38cad0ce031d604decbac0821b781beb2e931e8a2d9c7e4c39352,"{""baseline"": 0.493329353348892, ""control_residual_rms"": 0.1334533226050556, ""control_slew_rms"": 0.03315202517238306, ""epoch"": 145, ""gradient_norm_before_clip"": 3.6815002246983877, ""ground_outcome_fraction"": 0.8, ""loss"": -1.7079222810776986, ""mean_reward"": 0.40877426144910195, ""score_path"": 1.2991482087170576}"
training_epoch,2,811,training,,146,mean_reward,0.5324524727345926,3.696694324705619,486079ba00a38cad0ce031d604decbac0821b781beb2e931e8a2d9c7e4c39352,"{""baseline"": 0.49528550931817705, ""control_residual_rms"": 0.13753002678992518, ""control_slew_rms"": 0.031168942514345068, ""epoch"": 146, ""gradient_norm_before_clip"": 3.696694324705619, ""ground_outcome_fraction"": 0.8333333333333334, ""loss"": -0.7383925054163117, ""mean_reward"": 0.5324524727345926, ""score_path"": 0.20594023154183164}"
training_epoch,2,811,training,,147,mean_reward,0.49947959784765117,1.3615830238799531,486079ba00a38cad0ce031d604decbac0821b781beb2e931e8a2d9c7e4c39352,"{""baseline"": 0.4954952137446508, ""control_residual_rms"": 0.14476722722879476, ""control_slew_rms"": 0.02806015570448119, ""epoch"": 147, ""gradient_norm_before_clip"": 1.3615830238799531, ""ground_outcome_fraction"": 0.875, ""loss"": -1.1820191520717176, ""mean_reward"": 0.49947959784765117, ""score_path"": 0.6825397716732906}"
training_epoch,2,811,training,,148,mean_reward,0.45151244905932814,1.9956382502326293,486079ba00a38cad0ce031d604decbac0821b781beb2e931e8a2d9c7e4c39352,"{""baseline"": 0.4932960755103846, ""control_residual_rms"": 0.13624845125004212, ""control_slew_rms"": 0.035130731568101405, ""epoch"": 148, ""gradient_norm_before_clip"": 1.9956382502326293, ""ground_outcome_fraction"": 0.7916666666666666, ""loss"": -1.7616963563033912, ""mean_reward"": 0.45151244905932814, ""score_path"": 1.3101841052221508}"
training_epoch,2,811,training,,149,mean_reward,0.5551200389091313,1.6446739624997597,486079ba00a38cad0ce031d604decbac0821b781beb2e931e8a2d9c7e4c39352,"{""baseline"": 0.4963872736803219, ""control_residual_rms"": 0.15195644149621698, ""control_slew_rms"": 0.024550301383308243, ""epoch"": 149, ""gradient_norm_before_clip"": 1.6446739624997597, ""ground_outcome_fraction"": 0.9249999999999999, ""loss"": -0.6130896941486158, ""mean_reward"": 0.5551200389091313, ""score_path"": 0.05796989217425863}"
training_epoch,2,811,training,,150,mean_reward,0.41587869732391036,2.5539888969742433,486079ba00a38cad0ce031d604decbac0821b781beb2e931e8a2d9c7e4c39352,"{""baseline"": 0.49236184486250134, ""control_residual_rms"": 0.14199247093910444, ""control_slew_rms"": 0.0313626078091079, ""epoch"": 150, ""gradient_norm_before_clip"": 2.5539888969742433, ""ground_outcome_fraction"": 0.825, ""loss"": -1.7706651455463616, ""mean_reward"": 0.41587869732391036, ""score_path"": 1.354786659677201}"
training_epoch,2,811,training,,151,mean_reward,0.38577505148025343,3.5807969119635925,486079ba00a38cad0ce031d604decbac0821b781beb2e931e8a2d9c7e4c39352,"{""baseline"": 0.4870325051933889, ""control_residual_rms"": 0.13704656532384954, ""control_slew_rms"": 0.035174731085468855, ""epoch"": 151, ""gradient_norm_before_clip"": 3.5807969119635925, ""ground_outcome_fraction"": 0.7916666666666666, ""loss"": -2.198161469460034, ""mean_reward"": 0.38577505148025343, ""score_path"": 1.8123866181700088}"
training_epoch,2,811,training,,152,mean_reward,0.46967433577045076,3.511277622131606,486079ba00a38cad0ce031d604decbac0821b781beb2e931e8a2d9c7e4c39352,"{""baseline"": 0.48616459672224205, ""control_residual_rms"": 0.14564252725611915, ""control_slew_rms"": 0.02928397091520304, ""epoch"": 152, ""gradient_norm_before_clip"": 3.511277622131606, ""ground_outcome_fraction"": 0.8583333333333333, ""loss"": -1.120392887763414, ""mean_reward"": 0.46967433577045076, ""score_path"": 0.6507187726859303}"
training_epoch,2,811,training,,153,mean_reward,0.5719327907083973,2.178621425261046,486079ba00a38cad0ce031d604decbac0821b781beb2e931e8a2d9c7e4c39352,"{""baseline"": 0.4904530064215498, ""control_residual_rms"": 0.14702327351408614, ""control_slew_rms"": 0.027214453091665976, ""epoch"": 153, ""gradient_norm_before_clip"": 2.178621425261046, ""ground_outcome_fraction"": 0.8916666666666666, ""loss"": -0.40167484822785793, ""mean_reward"": 0.5719327907083973, ""score_path"": -0.17025771891584532}"
training_epoch,2,811,training,,154,mean_reward,0.5715812889595134,0.9717433051980711,486079ba00a38cad0ce031d604decbac0821b781beb2e931e8a2d9c7e4c39352,"{""baseline"": 0.494509420548448, ""control_residual_rms"": 0.1490453806024734, ""control_slew_rms"": 0.024521574087920477, ""epoch"": 154, ""gradient_norm_before_clip"": 0.9717433051980711, ""ground_outcome_fraction"": 0.9166666666666666, ""loss"": -0.37576296343586524, ""mean_reward"": 0.5715812889595134, ""score_path"": -0.1958180973653174}"
training_epoch,2,811,training,,155,mean_reward,0.47613574537882764,4.352983672316548,486079ba00a38cad0ce031d604decbac0821b781beb2e931e8a2d9c7e4c39352,"{""baseline"": 0.493590736789967, ""control_residual_rms"": 0.1353607754481815, ""control_slew_rms"": 0.032927088557844056, ""epoch"": 155, ""gradient_norm_before_clip"": 4.352983672316548, ""ground_outcome_fraction"": 0.8166666666666667, ""loss"": -1.6808524896358474, ""mean_reward"": 0.47613574537882764, ""score_path"": 1.2047169383243466}"
training_epoch,2,811,training,,156,mean_reward,0.5146114819658626,1.6340686767133514,486079ba00a38cad0ce031d604decbac0821b781beb2e931e8a2d9c7e4c39352,"{""baseline"": 0.4946417740487618, ""control_residual_rms"": 0.136044670499965, ""control_slew_rms"": 0.030186992895949078, ""epoch"": 156, ""gradient_norm_before_clip"": 1.6340686767133514, ""ground_outcome_fraction"": 0.8166666666666667, ""loss"": -1.1083945641305728, ""mean_reward"": 0.5146114819658626, ""score_path"": 0.5937832763587794}"
training_epoch,2,811,training,,157,mean_reward,0.4687194811142937,1.761830335385973,486079ba00a38cad0ce031d604decbac0821b781beb2e931e8a2d9c7e4c39352,"{""baseline"": 0.4933456594020384, ""control_residual_rms"": 0.1369927721387164, ""control_slew_rms"": 0.02900018117705074, ""epoch"": 157, ""gradient_norm_before_clip"": 1.761830335385973, ""ground_outcome_fraction"": 0.825, ""loss"": -1.1217557088707102, ""mean_reward"": 0.4687194811142937, ""score_path"": 0.6530364238367178}"
training_epoch,2,811,training,,158,mean_reward,0.5117255528072887,1.519101063999318,486079ba00a38cad0ce031d604decbac0821b781beb2e931e8a2d9c7e4c39352,"{""baseline"": 0.4942646540723009, ""control_residual_rms"": 0.13423814323294167, ""control_slew_rms"": 0.029523824983670264, ""epoch"": 158, ""gradient_norm_before_clip"": 1.519101063999318, ""ground_outcome_fraction"": 0.825, ""loss"": -1.3399223825007465, ""mean_reward"": 0.5117255528072887, ""score_path"": 0.8281970186088112}"
training_epoch,2,811,training,,159,mean_reward,0.44433658213319555,2.1501486805933876,486079ba00a38cad0ce031d604decbac0821b781beb2e931e8a2d9c7e4c39352,"{""baseline"": 0.4917682504753456, ""control_residual_rms"": 0.13756103046479615, ""control_slew_rms"": 0.028483727473382937, ""epoch"": 159, ""gradient_norm_before_clip"": 2.1501486805933876, ""ground_outcome_fraction"": 0.8333333333333334, ""loss"": -1.892854122221383, ""mean_reward"": 0.44433658213319555, ""score_path"": 1.4485177374317857}"
training_epoch,2,811,training,,160,mean_reward,0.5266567903279811,1.7633420624508622,486079ba00a38cad0ce031d604decbac0821b781beb2e931e8a2d9c7e4c39352,"{""baseline"": 0.4935126774679774, ""control_residual_rms"": 0.1428590951362106, ""control_slew_rms"": 0.024597934287762056, ""epoch"": 160, ""gradient_norm_before_clip"": 1.7633420624508622, ""ground_outcome_fraction"": 0.9083333333333333, ""loss"": -0.8427741232993636, ""mean_reward"": 0.5266567903279811, ""score_path"": 0.316117543109177}"
training_epoch,2,811,training,,161,mean_reward,0.44968796464226524,2.8774365019729635,486079ba00a38cad0ce031d604decbac0821b781beb2e931e8a2d9c7e4c39352,"{""baseline"": 0.4913214418266918, ""control_residual_rms"": 0.13748550209041685, ""control_slew_rms"": 0.02892704302251588, ""epoch"": 161, ""gradient_norm_before_clip"": 2.8774365019729635, ""ground_outcome_fraction"": 0.8583333333333333, ""loss"": -0.9545315674340804, ""mean_reward"": 0.44968796464226524, ""score_path"": 0.5048438001821862}"
training_epoch,2,811,training,,162,mean_reward,0.5717472262041556,1.42871699135832,486079ba00a38cad0ce031d604decbac0821b781beb2e931e8a2d9c7e4c39352,"{""baseline"": 0.495342731045565, ""control_residual_rms"": 0.1418593463958106, ""control_slew_rms"": 0.02515059597716397, ""epoch"": 162, ""gradient_norm_before_clip"": 1.42871699135832, ""ground_outcome_fraction"": 0.9, ""loss"": -0.2850052529659208, ""mean_reward"": 0.5717472262041556, ""score_path"": -0.2867417656719685}"
training_epoch,2,811,training,,163,mean_reward,0.5689538211449807,1.8313983588582465,486079ba00a38cad0ce031d604decbac0821b781beb2e931e8a2d9c7e4c39352,"{""baseline"": 0.49902328555053577, ""control_residual_rms"": 0.14304991613389467, ""control_slew_rms"": 0.02250612509787473, ""epoch"": 163, ""gradient_norm_before_clip"": 1.8313983588582465, ""ground_outcome_fraction"": 0.9083333333333333, ""loss"": -0.2734767424258405, ""mean_reward"": 0.5689538211449807, ""score_path"": -0.2954768690210985}"
training_epoch,2,811,training,,164,mean_reward,0.6190276415399636,1.171357898050829,486079ba00a38cad0ce031d604decbac0821b781beb2e931e8a2d9c7e4c39352,"{""baseline"": 0.5050235033500071, ""control_residual_rms"": 0.14615375294080105, ""control_slew_rms"": 0.019185031208977025, ""epoch"": 164, ""gradient_norm_before_clip"": 1.171357898050829, ""ground_outcome_fraction"": 0.9416666666666667, ""loss"": -0.2996009451876054, ""mean_reward"": 0.6190276415399636, ""score_path"": -0.319426479062509}"
training_epoch,2,811,training,,165,mean_reward,0.528970015277191,0.7010703407456873,486079ba00a38cad0ce031d604decbac0821b781beb2e931e8a2d9c7e4c39352,"{""baseline"": 0.5062208289463663, ""control_residual_rms"": 0.14533841563215208, ""control_slew_rms"": 0.021618891994605958, ""epoch"": 165, ""gradient_norm_before_clip"": 0.7010703407456873, ""ground_outcome_fraction"": 0.9166666666666666, ""loss"": -0.8980815242032789, ""mean_reward"": 0.528970015277191, ""score_path"": 0.3691117248324034}"
training_epoch,2,811,training,,166,mean_reward,0.5073576891672902,1.763928431991695,486079ba00a38cad0ce031d604decbac0821b781beb2e931e8a2d9c7e4c39352,"{""baseline"": 0.5062776719574126, ""control_residual_rms"": 0.1401538718170094, ""control_slew_rms"": 0.02508335644031002, ""epoch"": 166, ""gradient_norm_before_clip"": 1.763928431991695, ""ground_outcome_fraction"": 0.8833333333333333, ""loss"": -0.9175642390977017, ""mean_reward"": 0.5073576891672902, ""score_path"": 0.41020675265323703}"
training_epoch,2,811,training,,167,mean_reward,0.6229396046020488,2.4249859811076506,486079ba00a38cad0ce031d604decbac0821b781beb2e931e8a2d9c7e4c39352,"{""baseline"": 0.5121107685896443, ""control_residual_rms"": 0.14523444078903067, ""control_slew_rms"": 0.021542470646569833, ""epoch"": 167, ""gradient_norm_before_clip"": 2.4249859811076506, ""ground_outcome_fraction"": 0.9333333333333333, ""loss"": -0.5878010549901944, ""mean_reward"": 0.6229396046020488, ""score_path"": -0.035138334040646035}"
training_epoch,2,811,training,,168,mean_reward,0.5076346808988572,1.8886318233372787,486079ba00a38cad0ce031d604decbac0821b781beb2e931e8a2d9c7e4c39352,"{""baseline"": 0.5118869642051049, ""control_residual_rms"": 0.132876313128423, ""control_slew_rms"": 0.0302353555396935, ""epoch"": 168, ""gradient_norm_before_clip"": 1.8886318233372787, ""ground_outcome_fraction"": 0.8166666666666667, ""loss"": -1.4743917348735482, ""mean_reward"": 0.5076346808988572, ""score_path"": 0.9667572396776043}"
training_epoch,2,811,training,,169,mean_reward,0.5378933578806266,1.698330568762138,486079ba00a38cad0ce031d604decbac0821b781beb2e931e8a2d9c7e4c39352,"{""baseline"": 0.513187283888881, ""control_residual_rms"": 0.13668737637830944, ""control_slew_rms"": 0.027991190571736716, ""epoch"": 169, ""gradient_norm_before_clip"": 1.698330568762138, ""ground_outcome_fraction"": 0.8416666666666667, ""loss"": -0.986396383677004, ""mean_reward"": 0.5378933578806266, ""score_path"": 0.4485032204658335}"
training_epoch,2,811,training,,170,mean_reward,0.5853026811701084,2.167423830704697,486079ba00a38cad0ce031d604decbac0821b781beb2e931e8a2d9c7e4c39352,"{""baseline"": 0.5167930537529424, ""control_residual_rms"": 0.14575078171198513, ""control_slew_rms"": 0.02138878160591919, ""epoch"": 170, ""gradient_norm_before_clip"": 2.167423830704697, ""ground_outcome_fraction"": 0.9249999999999999, ""loss"": -0.543758113962289, ""mean_reward"": 0.5853026811701084, ""score_path"": -0.04154435020011591}"
training_epoch,2,811,training,,171,mean_reward,0.4066053348993853,3.35120909564435,486079ba00a38cad0ce031d604decbac0821b781beb2e931e8a2d9c7e4c39352,"{""baseline"": 0.5112836678102645, ""control_residual_rms"": 0.13658351934262267, ""control_slew_rms"": 0.028783203720949786, ""epoch"": 171, ""gradient_norm_before_clip"": 3.35120909564435, ""ground_outcome_fraction"": 0.825, ""loss"": -2.1414661471610636, ""mean_reward"": 0.4066053348993853, ""score_path"": 1.734861007096984}"
training_epoch,2,811,training,,172,mean_reward,0.515275964467164,2.7854943484541668,486079ba00a38cad0ce031d604decbac0821b781beb2e931e8a2d9c7e4c39352,"{""baseline"": 0.5114832826431094, ""control_residual_rms"": 0.14049320074179103, ""control_slew_rms"": 0.026431602184316144, ""epoch"": 172, ""gradient_norm_before_clip"": 2.7854943484541668, ""ground_outcome_fraction"": 0.875, ""loss"": -0.7826394542988091, ""mean_reward"": 0.515275964467164, ""score_path"": 0.26736369420133566}"
training_epoch,2,811,training,,173,mean_reward,0.4918651704458141,1.8368789839953181,486079ba00a38cad0ce031d604decbac0821b781beb2e931e8a2d9c7e4c39352,"{""baseline"": 0.5105023770332446, ""control_residual_rms"": 0.1478263508251157, ""control_slew_rms"": 0.021042049379735604, ""epoch"": 173, ""gradient_norm_before_clip"": 1.8368789839953181, ""ground_outcome_fraction"": 0.9166666666666666, ""loss"": -1.2769041589002426, ""mean_reward"": 0.4918651704458141, ""score_path"": 0.7850392114084068}"
training_epoch,2,811,training,,174,mean_reward,0.5621130381831576,1.8494990852908046,486079ba00a38cad0ce031d604decbac0821b781beb2e931e8a2d9c7e4c39352,"{""baseline"": 0.5130829100907403, ""control_residual_rms"": 0.14917116664248983, ""control_slew_rms"": 0.020883326065748685, ""epoch"": 174, ""gradient_norm_before_clip"": 1.8494990852908046, ""ground_outcome_fraction"": 0.9333333333333333, ""loss"": -0.5219136596943031, ""mean_reward"": 0.5621130381831576, ""score_path"": -0.04019915160735174}"
training_epoch,2,811,training,,175,mean_reward,0.4784096750057577,2.2415740031266576,486079ba00a38cad0ce031d604decbac0821b781beb2e931e8a2d9c7e4c39352,"{""baseline"": 0.5113492483364911, ""control_residual_rms"": 0.14474433813299756, ""control_slew_rms"": 0.025717247096009165, ""epoch"": 175, ""gradient_norm_before_clip"": 2.2415740031266576, ""ground_outcome_fraction"": 0.875, ""loss"": -1.5588609451200726, ""mean_reward"": 0.4784096750057577, ""score_path"": 1.0804514862373171}"
training_epoch,2,811,training,,176,mean_reward,0.6133558525824074,1.4338804969052839,486079ba00a38cad0ce031d604decbac0821b781beb2e931e8a2d9c7e4c39352,"{""baseline"": 0.5164495785487869, ""control_residual_rms"": 0.15076492855588813, ""control_slew_rms"": 0.02196995640504166, ""epoch"": 176, ""gradient_norm_before_clip"": 1.4338804969052839, ""ground_outcome_fraction"": 0.9333333333333333, ""loss"": -0.3031010963504511, ""mean_reward"": 0.6133558525824074, ""score_path"": -0.31025452410452964}"
training_epoch,2,811,training,,177,mean_reward,0.6061646196466497,1.415367438752301,486079ba00a38cad0ce031d604decbac0821b781beb2e931e8a2d9c7e4c39352,"{""baseline"": 0.52093533060368, ""control_residual_rms"": 0.14935823332308507, ""control_slew_rms"": 0.023709949780434666, ""epoch"": 177, ""gradient_norm_before_clip"": 1.415367438752301, ""ground_outcome_fraction"": 0.9083333333333333, ""loss"": -0.43085113438323813, ""mean_reward"": 0.6061646196466497, ""score_path"": -0.17531325656297575}"
training_epoch,2,811,training,,178,mean_reward,0.5411454006342327,4.023128454415533,486079ba00a38cad0ce031d604decbac0821b781beb2e931e8a2d9c7e4c39352,"{""baseline"": 0.5219458341052077, ""control_residual_rms"": 0.14068234831801615, ""control_slew_rms"": 0.031615540412772675, ""epoch"": 178, ""gradient_norm_before_clip"": 4.023128454415533, ""ground_outcome_fraction"": 0.8166666666666667, ""loss"": -0.947693539960494, ""mean_reward"": 0.5411454006342327, ""score_path"": 0.4065483472369166}"
training_epoch,2,811,training,,179,mean_reward,0.39993385949018717,4.449680742770751,486079ba00a38cad0ce031d604decbac0821b781beb2e931e8a2d9c7e4c39352,"{""baseline"": 0.5158452353744566, ""control_residual_rms"": 0.14221159675486408, ""control_slew_rms"": 0.031480595201873, ""epoch"": 179, ""gradient_norm_before_clip"": 4.449680742770751, ""ground_outcome_fraction"": 0.8, ""loss"": -2.462819086785856, ""mean_reward"": 0.39993385949018717, ""score_path"": 2.0628854394473297}"
training_epoch,2,811,training,,180,mean_reward,0.4652173146624562,2.9658137900243355,486079ba00a38cad0ce031d604decbac0821b781beb2e931e8a2d9c7e4c39352,"{""baseline"": 0.5133138393388565, ""control_residual_rms"": 0.14576431469136686, ""control_slew_rms"": 0.0297950131543231, ""epoch"": 180, ""gradient_norm_before_clip"": 2.9658137900243355, ""ground_outcome_fraction"": 0.8416666666666667, ""loss"": -1.0368538641228788, ""mean_reward"": 0.4652173146624562, ""score_path"": 0.5716367708102053}"
training_epoch,2,811,training,,181,mean_reward,0.543935371612386,2.003986108498297,486079ba00a38cad0ce031d604decbac0821b781beb2e931e8a2d9c7e4c39352,"{""baseline"": 0.514844915952533, ""control_residual_rms"": 0.15239886100266342, ""control_slew_rms"": 0.0248502144616955, ""epoch"": 181, ""gradient_norm_before_clip"": 2.003986108498297, ""ground_outcome_fraction"": 0.8916666666666666, ""loss"": -0.7607652795778066, ""mean_reward"": 0.543935371612386, ""score_path"": 0.21683014639488052}"
training_epoch,2,811,training,,182,mean_reward,0.5810640371319482,2.0090203717088446,486079ba00a38cad0ce031d604decbac0821b781beb2e931e8a2d9c7e4c39352,"{""baseline"": 0.5181558720115038, ""control_residual_rms"": 0.15238366802385914, ""control_slew_rms"": 0.025446783007354333, ""epoch"": 182, ""gradient_norm_before_clip"": 2.0090203717088446, ""ground_outcome_fraction"": 0.9, ""loss"": -0.43824954556458834, ""mean_reward"": 0.5810640371319482, ""score_path"": -0.1428142528841494}"
training_epoch,2,811,training,,183,mean_reward,0.5858850759450975,1.8460205386644364,486079ba00a38cad0ce031d604decbac0821b781beb2e931e8a2d9c7e4c39352,"{""baseline"": 0.5215423322081835, ""control_residual_rms"": 0.15781115705749826, ""control_slew_rms"": 0.021348171103207126, ""epoch"": 183, ""gradient_norm_before_clip"": 1.8460205386644364, ""ground_outcome_fraction"": 0.9333333333333333, ""loss"": -0.7421063705809828, ""mean_reward"": 0.5858850759450975, ""score_path"": 0.15622154823694231}"
training_epoch,2,811,training,,184,mean_reward,0.6198451722425496,1.4353211803370007,486079ba00a38cad0ce031d604decbac0821b781beb2e931e8a2d9c7e4c39352,"{""baseline"": 0.5264574742099017, ""control_residual_rms"": 0.1527369247158584, ""control_slew_rms"": 0.024683630222530843, ""epoch"": 184, ""gradient_norm_before_clip"": 1.4353211803370007, ""ground_outcome_fraction"": 0.9, ""loss"": -0.3936455284954354, ""mean_reward"": 0.6198451722425496, ""score_path"": -0.22619940436861655}"
training_epoch,2,811,training,,185,mean_reward,0.5220371200399394,2.536623947603657,486079ba00a38cad0ce031d604decbac0821b781beb2e931e8a2d9c7e4c39352,"{""baseline"": 0.5262364565014036, ""control_residual_rms"": 0.15192787131119015, ""control_slew_rms"": 0.02545739331769504, ""epoch"": 185, ""gradient_norm_before_clip"": 2.536623947603657, ""ground_outcome_fraction"": 0.8916666666666666, ""loss"": -0.9883355613056507, ""mean_reward"": 0.5220371200399394, ""score_path"": 0.46629867856728097}"
training_epoch,2,811,training,,186,mean_reward,0.5398099470318127,3.246992409158128,486079ba00a38cad0ce031d604decbac0821b781beb2e931e8a2d9c7e4c39352,"{""baseline"": 0.5269151310279241, ""control_residual_rms"": 0.15660263111996434, ""control_slew_rms"": 0.022390941724516368, ""epoch"": 186, ""gradient_norm_before_clip"": 3.246992409158128, ""ground_outcome_fraction"": 0.9249999999999999, ""loss"": -0.6396511329973101, ""mean_reward"": 0.5398099470318127, ""score_path"": 0.09984143622288091}"
training_epoch,2,811,training,,187,mean_reward,0.4815075423240428,3.1241300990625187,486079ba00a38cad0ce031d604decbac0821b781beb2e931e8a2d9c7e4c39352,"{""baseline"": 0.5246447515927299, ""control_residual_rms"": 0.15189201941502994, ""control_slew_rms"": 0.024978468582915556, ""epoch"": 187, ""gradient_norm_before_clip"": 3.1241300990625187, ""ground_outcome_fraction"": 0.8833333333333333, ""loss"": -1.8173505483451897, ""mean_reward"": 0.4815075423240428, ""score_path"": 1.3358432429722413}"
training_epoch,2,811,training,,188,mean_reward,0.5652993446615715,1.1796339875832154,486079ba00a38cad0ce031d604decbac0821b781beb2e931e8a2d9c7e4c39352,"{""baseline"": 0.5266774812461721, ""control_residual_rms"": 0.152102044738535, ""control_slew_rms"": 0.023643233586134956, ""epoch"": 188, ""gradient_norm_before_clip"": 1.1796339875832154, ""ground_outcome_fraction"": 0.9083333333333333, ""loss"": -0.7755229349880282, ""mean_reward"": 0.5652993446615715, ""score_path"": 0.21022382726680172}"
training_epoch,2,811,training,,189,mean_reward,0.47032971483186065,3.89345150654786,486079ba00a38cad0ce031d604decbac0821b781beb2e931e8a2d9c7e4c39352,"{""baseline"": 0.5238600929254565, ""control_residual_rms"": 0.15218834775575535, ""control_slew_rms"": 0.023043877630784748, ""epoch"": 189, ""gradient_norm_before_clip"": 3.89345150654786, ""ground_outcome_fraction"": 0.9, ""loss"": -1.0479043839474955, ""mean_reward"": 0.47032971483186065, ""score_path"": 0.5775749060387698}"
training_epoch,2,811,training,,190,mean_reward,0.5390748878778958,2.118476033371377,486079ba00a38cad0ce031d604decbac0821b781beb2e931e8a2d9c7e4c39352,"{""baseline"": 0.5246208326730786, ""control_residual_rms"": 0.14520083126856492, ""control_slew_rms"": 0.027470312109842087, ""epoch"": 190, ""gradient_norm_before_clip"": 2.118476033371377, ""ground_outcome_fraction"": 0.85, ""loss"": -0.9578660803094017, ""mean_reward"": 0.5390748878778958, ""score_path"": 0.41879141081050025}"
training_epoch,2,811,training,,191,mean_reward,0.49622371802773946,1.4600183320775175,486079ba00a38cad0ce031d604decbac0821b781beb2e931e8a2d9c7e4c39352,"{""baseline"": 0.5232009769408116, ""control_residual_rms"": 0.1418184289760565, ""control_slew_rms"": 0.029784171275021684, ""epoch"": 191, ""gradient_norm_before_clip"": 1.4600183320775175, ""ground_outcome_fraction"": 0.8166666666666667, ""loss"": -1.211232309287437, ""mean_reward"": 0.49622371802773946, ""score_path"": 0.7150088012553344}"
training_epoch,2,811,training,,192,mean_reward,0.5445916902798611,2.315937424180155,486079ba00a38cad0ce031d604decbac0821b781beb2e931e8a2d9c7e4c39352,"{""baseline"": 0.524270512607764, ""control_residual_rms"": 0.1524639599870267, ""control_slew_rms"": 0.0225581394106492, ""epoch"": 192, ""gradient_norm_before_clip"": 2.315937424180155, ""ground_outcome_fraction"": 0.9083333333333333, ""loss"": -0.6375948800136622, ""mean_reward"": 0.5445916902798611, ""score_path"": 0.09300342727508862}"
training_epoch,2,811,training,,193,mean_reward,0.6283132296710976,2.711142859698774,486079ba00a38cad0ce031d604decbac0821b781beb2e931e8a2d9c7e4c39352,"{""baseline"": 0.5294726484609308, ""control_residual_rms"": 0.15621115455589563, ""control_slew_rms"": 0.018936691292710722, ""epoch"": 193, ""gradient_norm_before_clip"": 2.711142859698774, ""ground_outcome_fraction"": 0.95, ""loss"": -0.7254037135224359, ""mean_reward"": 0.6283132296710976, ""score_path"": 0.09709073145656912}"
training_epoch,2,811,training,,194,mean_reward,0.5243126998245906,2.945049702195645,486079ba00a38cad0ce031d604decbac0821b781beb2e931e8a2d9c7e4c39352,"{""baseline"": 0.5292146510291138, ""control_residual_rms"": 0.1415967278064635, ""control_slew_rms"": 0.030611500269397893, ""epoch"": 194, ""gradient_norm_before_clip"": 2.945049702195645, ""ground_outcome_fraction"": 0.8, ""loss"": -1.281366063276179, ""mean_reward"": 0.5243126998245906, ""score_path"": 0.7570535733185612}"
training_epoch,2,811,training,,195,mean_reward,0.5988891333559438,0.9697333311309545,486079ba00a38cad0ce031d604decbac0821b781beb2e931e8a2d9c7e4c39352,"{""baseline"": 0.5326983751454553, ""control_residual_rms"": 0.15432435766431563, ""control_slew_rms"": 0.023138678994239666, ""epoch"": 195, ""gradient_norm_before_clip"": 0.9697333311309545, ""ground_outcome_fraction"": 0.9166666666666666, ""loss"": -0.5429683673117547, ""mean_reward"": 0.5988891333559438, ""score_path"": -0.05592052253013076}"
training_epoch,2,811,training,,196,mean_reward,0.5327214276927061,1.3830142806162693,486079ba00a38cad0ce031d604decbac0821b781beb2e931e8a2d9c7e4c39352,"{""baseline"": 0.5326995277728178, ""control_residual_rms"": 0.15625405124361375, ""control_slew_rms"": 0.02045207369375712, ""epoch"": 196, ""gradient_norm_before_clip"": 1.3830142806162693, ""ground_outcome_fraction"": 0.9166666666666666, ""loss"": -1.1291701327004076, ""mean_reward"": 0.5327214276927061, ""score_path"": 0.5964489533438599}"
training_epoch,2,811,training,,197,mean_reward,0.44380726020281364,3.327357233081882,486079ba00a38cad0ce031d604decbac0821b781beb2e931e8a2d9c7e4c39352,"{""baseline"": 0.5282549143943176, ""control_residual_rms"": 0.1557394448878924, ""control_slew_rms"": 0.022556000759776935, ""epoch"": 197, ""gradient_norm_before_clip"": 3.327357233081882, ""ground_outcome_fraction"": 0.9, ""loss"": -1.6159300145507467, ""mean_reward"": 0.44380726020281364, ""score_path"": 1.172123001983412}"
training_epoch,2,811,training,,198,mean_reward,0.3537381742026078,3.318956110847629,486079ba00a38cad0ce031d604decbac0821b781beb2e931e8a2d9c7e4c39352,"{""baseline"": 0.5195290773847322, ""control_residual_rms"": 0.1421773405874247, ""control_slew_rms"": 0.031920720204544895, ""epoch"": 198, ""gradient_norm_before_clip"": 3.318956110847629, ""ground_outcome_fraction"": 0.7666666666666666, ""loss"": -2.654636798745936, ""mean_reward"": 0.3537381742026078, ""score_path"": 2.3008988368766135}"
training_epoch,2,811,training,,199,mean_reward,0.43910941744591636,2.530913744756687,486079ba00a38cad0ce031d604decbac0821b781beb2e931e8a2d9c7e4c39352,"{""baseline"": 0.5155080943877914, ""control_residual_rms"": 0.15247925181433838, ""control_slew_rms"": 0.027238417925107884, ""epoch"": 199, ""gradient_norm_before_clip"": 2.530913744756687, ""ground_outcome_fraction"": 0.85, ""loss"": -1.5981143780216336, ""mean_reward"": 0.43910941744591636, ""score_path"": 1.1590052004942537}"
training_epoch,2,811,training,,200,mean_reward,0.4534538283004049,1.6952012599419346,486079ba00a38cad0ce031d604decbac0821b781beb2e931e8a2d9c7e4c39352,"{""baseline"": 0.5124053810834222, ""control_residual_rms"": 0.1513657874603953, ""control_slew_rms"": 0.028275827789616084, ""epoch"": 200, ""gradient_norm_before_clip"": 1.6952012599419346, ""ground_outcome_fraction"": 0.85, ""loss"": -1.5147279433961944, ""mean_reward"": 0.4534538283004049, ""score_path"": 1.0612743522070303}"
training_epoch,2,811,training,,201,mean_reward,0.4037246663537679,2.9179273698725448,486079ba00a38cad0ce031d604decbac0821b781beb2e931e8a2d9c7e4c39352,"{""baseline"": 0.5069713453469394, ""control_residual_rms"": 0.14993884019311124, ""control_slew_rms"": 0.02970908376934619, ""epoch"": 201, ""gradient_norm_before_clip"": 2.9179273698725448, ""ground_outcome_fraction"": 0.8083333333333333, ""loss"": -1.740208998065825, ""mean_reward"": 0.4037246663537679, ""score_path"": 1.3364845653549118}"
training_epoch,2,811,training,,202,mean_reward,0.5350101102403244,2.5267328700941967,486079ba00a38cad0ce031d604decbac0821b781beb2e931e8a2d9c7e4c39352,"{""baseline"": 0.5083732835916086, ""control_residual_rms"": 0.1553590876822316, ""control_slew_rms"": 0.026495106155456853, ""epoch"": 202, ""gradient_norm_before_clip"": 2.5267328700941967, ""ground_outcome_fraction"": 0.875, ""loss"": -0.6840285764717006, ""mean_reward"": 0.5350101102403244, ""score_path"": 0.149018714615744}"
training_epoch,2,811,training,,203,mean_reward,0.586322333484171,2.1842983807658163,486079ba00a38cad0ce031d604decbac0821b781beb2e931e8a2d9c7e4c39352,"{""baseline"": 0.5122707360862367, ""control_residual_rms"": 0.15087773967987067, ""control_slew_rms"": 0.028653234885018704, ""epoch"": 203, ""gradient_norm_before_clip"": 2.1842983807658163, ""ground_outcome_fraction"": 0.8416666666666667, ""loss"": -0.5142824441287458, ""mean_reward"": 0.586322333484171, ""score_path"": -0.07203965350442305}"
training_epoch,2,811,training,,204,mean_reward,0.446765923605999,3.4053586918378453,486079ba00a38cad0ce031d604decbac0821b781beb2e931e8a2d9c7e4c39352,"{""baseline"": 0.5089954954622248, ""control_residual_rms"": 0.1491733343897179, ""control_slew_rms"": 0.03038241166252407, ""epoch"": 204, ""gradient_norm_before_clip"": 3.4053586918378453, ""ground_outcome_fraction"": 0.825, ""loss"": -1.3148292798599812, ""mean_reward"": 0.446765923605999, ""score_path"": 0.8680635880117286}"
training_epoch,2,811,training,,205,mean_reward,0.5860492429263889,2.098730600839662,486079ba00a38cad0ce031d604decbac0821b781beb2e931e8a2d9c7e4c39352,"{""baseline"": 0.512848182835433, ""control_residual_rms"": 0.1614478066302106, ""control_slew_rms"": 0.020221422838516225, ""epoch"": 205, ""gradient_norm_before_clip"": 2.098730600839662, ""ground_outcome_fraction"": 0.9416666666666667, ""loss"": -0.49892652175655816, ""mean_reward"": 0.5860492429263889, ""score_path"": -0.08712245642682873}"
training_epoch,2,811,training,,206,mean_reward,0.6010167242008688,1.801477144380751,486079ba00a38cad0ce031d604decbac0821b781beb2e931e8a2d9c7e4c39352,"{""baseline"": 0.5172566099037048, ""control_residual_rms"": 0.15689641086623643, ""control_slew_rms"": 0.02335603870269269, ""epoch"": 206, ""gradient_norm_before_clip"": 1.801477144380751, ""ground_outcome_fraction"": 0.9, ""loss"": -0.22572361819413467, ""mean_reward"": 0.6010167242008688, ""score_path"": -0.3752928543868513}"
training_epoch,2,811,training,,207,mean_reward,0.6055798951273959,1.0987289898640806,486079ba00a38cad0ce031d604decbac0821b781beb2e931e8a2d9c7e4c39352,"{""baseline"": 0.5216727741648893, ""control_residual_rms"": 0.161614541725658, ""control_slew_rms"": 0.01827527533187042, ""epoch"": 207, ""gradient_norm_before_clip"": 1.0987289898640806, ""ground_outcome_fraction"": 0.95, ""loss"": -0.5365718940398589, ""mean_reward"": 0.6055798951273959, ""score_path"": -0.06900773655507904}"
training_epoch,2,811,training,,208,mean_reward,0.5560646359438797,1.9534318551373144,486079ba00a38cad0ce031d604decbac0821b781beb2e931e8a2d9c7e4c39352,"{""baseline"": 0.5233923672538389, ""control_residual_rms"": 0.15535774922959714, ""control_slew_rms"": 0.02340916836815535, ""epoch"": 208, ""gradient_norm_before_clip"": 1.9534318551373144, ""ground_outcome_fraction"": 0.8916666666666666, ""loss"": -1.2347482088644244, ""mean_reward"": 0.5560646359438797, ""score_path"": 0.6786838197607388}"
training_epoch,2,811,training,,209,mean_reward,0.5988918208075156,2.06954097479246,486079ba00a38cad0ce031d604decbac0821b781beb2e931e8a2d9c7e4c39352,"{""baseline"": 0.5271673399315226, ""control_residual_rms"": 0.15382310008108843, ""control_slew_rms"": 0.02340796412487115, ""epoch"": 209, ""gradient_norm_before_clip"": 2.06954097479246, ""ground_outcome_fraction"": 0.9, ""loss"": -0.3138385753659265, ""mean_reward"": 0.5988918208075156, ""score_path"": -0.28505300334680006}"
training_epoch,2,811,training,,210,mean_reward,0.2843499168448852,7.203987510906333,486079ba00a38cad0ce031d604decbac0821b781beb2e931e8a2d9c7e4c39352,"{""baseline"": 0.5150264687771908, ""control_residual_rms"": 0.13600209280021003, ""control_slew_rms"": 0.03200082416189504, ""epoch"": 210, ""gradient_norm_before_clip"": 7.203987510906333, ""ground_outcome_fraction"": 0.7, ""loss"": -3.424726114958005, ""mean_reward"": 0.2843499168448852, ""score_path"": 3.14037639331934}"
training_epoch,2,811,training,,211,mean_reward,0.5478605177563909,2.170298675709146,486079ba00a38cad0ce031d604decbac0821b781beb2e931e8a2d9c7e4c39352,"{""baseline"": 0.5166681712261508, ""control_residual_rms"": 0.1521253466005554, ""control_slew_rms"": 0.02458084950575261, ""epoch"": 211, ""gradient_norm_before_clip"": 2.170298675709146, ""ground_outcome_fraction"": 0.8833333333333333, ""loss"": -0.5379109742166355, ""mean_reward"": 0.5478605177563909, ""score_path"": -0.009949306076363055}"
training_epoch,2,811,training,,212,mean_reward,0.5523964346134014,1.3870214083272825,486079ba00a38cad0ce031d604decbac0821b781beb2e931e8a2d9c7e4c39352,"{""baseline"": 0.5184545843955134, ""control_residual_rms"": 0.15624145543121867, ""control_slew_rms"": 0.020961981927121797, ""epoch"": 212, ""gradient_norm_before_clip"": 1.3870214083272825, ""ground_outcome_fraction"": 0.9083333333333333, ""loss"": -0.6743195415759624, ""mean_reward"": 0.5523964346134014, ""score_path"": 0.1219233554705319}"
training_epoch,2,811,training,,213,mean_reward,0.4714790165502962,3.6742671291723004,486079ba00a38cad0ce031d604decbac0821b781beb2e931e8a2d9c7e4c39352,"{""baseline"": 0.5161058060032525, ""control_residual_rms"": 0.15159690390426495, ""control_slew_rms"": 0.024704291916267072, ""epoch"": 213, ""gradient_norm_before_clip"": 3.6742671291723004, ""ground_outcome_fraction"": 0.8666666666666667, ""loss"": -1.5520409708298968, ""mean_reward"": 0.4714790165502962, ""score_path"": 1.0805621901988336}"
training_epoch,2,811,training,,214,mean_reward,0.39607541999132423,2.5684597662499136,486079ba00a38cad0ce031d604decbac0821b781beb2e931e8a2d9c7e4c39352,"{""baseline"": 0.5101042867026561, ""control_residual_rms"": 0.15275920694069994, ""control_slew_rms"": 0.024087488343592697, ""epoch"": 214, ""gradient_norm_before_clip"": 2.5684597662499136, ""ground_outcome_fraction"": 0.85, ""loss"": -1.7085475325076014, ""mean_reward"": 0.39607541999132423, ""score_path"": 1.3124723516721013}"
training_epoch,2,811,training,,215,mean_reward,0.5731132625768355,2.0555125775832126,486079ba00a38cad0ce031d604decbac0821b781beb2e931e8a2d9c7e4c39352,"{""baseline"": 0.513254735496365, ""control_residual_rms"": 0.1528464352934912, ""control_slew_rms"": 0.02407754555098196, ""epoch"": 215, ""gradient_norm_before_clip"": 2.0555125775832126, ""ground_outcome_fraction"": 0.875, ""loss"": -0.32689040484584087, ""mean_reward"": 0.5731132625768355, ""score_path"": -0.24622261831338482}"
training_epoch,2,811,training,,216,mean_reward,0.6090881698667159,0.889718481332056,486079ba00a38cad0ce031d604decbac0821b781beb2e931e8a2d9c7e4c39352,"{""baseline"": 0.5180464072148826, ""control_residual_rms"": 0.1587559976486447, ""control_slew_rms"": 0.017983838213284798, ""epoch"": 216, ""gradient_norm_before_clip"": 0.889718481332056, ""ground_outcome_fraction"": 0.9416666666666667, ""loss"": -0.267417881232113, ""mean_reward"": 0.6090881698667159, ""score_path"": -0.3416700333657506}"
training_epoch,2,811,training,,217,mean_reward,0.5129897789054075,2.0082988846544727,486079ba00a38cad0ce031d604decbac0821b781beb2e931e8a2d9c7e4c39352,"{""baseline"": 0.5177935757994089, ""control_residual_rms"": 0.13873299640409562, ""control_slew_rms"": 0.030270998060190013, ""epoch"": 217, ""gradient_norm_before_clip"": 2.0082988846544727, ""ground_outcome_fraction"": 0.7416666666666667, ""loss"": -1.2249734447733005, ""mean_reward"": 0.5129897789054075, ""score_path"": 0.7119838674996691}"
training_epoch,2,811,training,,218,mean_reward,0.6026286584629981,3.0774602344506476,486079ba00a38cad0ce031d604decbac0821b781beb2e931e8a2d9c7e4c39352,"{""baseline"": 0.5220353299325884, ""control_residual_rms"": 0.1570042409203663, ""control_slew_rms"": 0.01992926874848225, ""epoch"": 218, ""gradient_norm_before_clip"": 3.0774602344506476, ""ground_outcome_fraction"": 0.9249999999999999, ""loss"": -0.5079215359728859, ""mean_reward"": 0.6026286584629981, ""score_path"": -0.09470687201503798}"
training_epoch,2,811,training,,219,mean_reward,0.5387011162998532,2.544134937418126,486079ba00a38cad0ce031d604decbac0821b781beb2e931e8a2d9c7e4c39352,"{""baseline"": 0.5228686192509516, ""control_residual_rms"": 0.14992324878546864, ""control_slew_rms"": 0.025822011578361472, ""epoch"": 219, ""gradient_norm_before_clip"": 2.544134937418126, ""ground_outcome_fraction"": 0.8333333333333334, ""loss"": -0.8709692719381283, ""mean_reward"": 0.5387011162998532, ""score_path"": 0.3322683870758432}"
training_epoch,2,811,training,,220,mean_reward,0.6213800341848157,1.7951742715927514,486079ba00a38cad0ce031d604decbac0821b781beb2e931e8a2d9c7e4c39352,"{""baseline"": 0.5277941899976448, ""control_residual_rms"": 0.15837290147037403, ""control_slew_rms"": 0.020118786258362675, ""epoch"": 220, ""gradient_norm_before_clip"": 1.7951742715927514, ""ground_outcome_fraction"": 0.9249999999999999, ""loss"": -0.24699853868509283, ""mean_reward"": 0.6213800341848157, ""score_path"": -0.37438124063230804}"
training_epoch,2,811,training,,221,mean_reward,0.5887194497694771,2.2262071706479984,486079ba00a38cad0ce031d604decbac0821b781beb2e931e8a2d9c7e4c39352,"{""baseline"": 0.5308404529862364, ""control_residual_rms"": 0.15597416135995026, ""control_slew_rms"": 0.02230028784130386, ""epoch"": 221, ""gradient_norm_before_clip"": 2.2262071706479984, ""ground_outcome_fraction"": 0.9, ""loss"": -0.4184789910435862, ""mean_reward"": 0.5887194497694771, ""score_path"": -0.17024021047347238}"
training_epoch,2,811,training,,222,mean_reward,0.5954850924223765,2.066060609952415,486079ba00a38cad0ce031d604decbac0821b781beb2e931e8a2d9c7e4c39352,"{""baseline"": 0.5340726849580434, ""control_residual_rms"": 0.15497762949246482, ""control_slew_rms"": 0.02277798151520367, ""epoch"": 222, ""gradient_norm_before_clip"": 2.066060609952415, ""ground_outcome_fraction"": 0.8833333333333333, ""loss"": -0.2725747396868012, ""mean_reward"": 0.5954850924223765, ""score_path"": -0.32291010736655446}"
training_epoch,2,811,training,,223,mean_reward,0.5574751767261867,1.9105079048247107,486079ba00a38cad0ce031d604decbac0821b781beb2e931e8a2d9c7e4c39352,"{""baseline"": 0.5352428095464505, ""control_residual_rms"": 0.15058802696855075, ""control_slew_rms"": 0.025858796809477325, ""epoch"": 223, ""gradient_norm_before_clip"": 1.9105079048247107, ""ground_outcome_fraction"": 0.85, ""loss"": -0.5669747417116306, ""mean_reward"": 0.5574751767261867, ""score_path"": 0.009499798439756235}"
training_epoch,2,811,training,,224,mean_reward,0.5587893279865421,1.2116474187032298,486079ba00a38cad0ce031d604decbac0821b781beb2e931e8a2d9c7e4c39352,"{""baseline"": 0.5364201354684551, ""control_residual_rms"": 0.14690323175167183, ""control_slew_rms"": 0.026477966548609556, ""epoch"": 224, ""gradient_norm_before_clip"": 1.2116474187032298, ""ground_outcome_fraction"": 0.8166666666666667, ""loss"": -0.5652199114482419, ""mean_reward"": 0.5587893279865421, ""score_path"": 0.006430806278121906}"
training_epoch,2,811,training,,225,mean_reward,0.522830396429262,2.799730048983415,486079ba00a38cad0ce031d604decbac0821b781beb2e931e8a2d9c7e4c39352,"{""baseline"": 0.5357406485164955, ""control_residual_rms"": 0.15309964808202947, ""control_slew_rms"": 0.02330990415418035, ""epoch"": 225, ""gradient_norm_before_clip"": 2.799730048983415, ""ground_outcome_fraction"": 0.8583333333333333, ""loss"": -1.1632339077605351, ""mean_reward"": 0.522830396429262, ""score_path"": 0.6404037511598119}"
training_epoch,2,811,training,,226,mean_reward,0.5842348891401297,1.4394855891282736,486079ba00a38cad0ce031d604decbac0821b781beb2e931e8a2d9c7e4c39352,"{""baseline"": 0.5381653605476772, ""control_residual_rms"": 0.1558582832420985, ""control_slew_rms"": 0.018986851005086586, ""epoch"": 226, ""gradient_norm_before_clip"": 1.4394855891282736, ""ground_outcome_fraction"": 0.9166666666666666, ""loss"": -0.5661023578522858, ""mean_reward"": 0.5842348891401297, ""score_path"": -0.018132284764794226}"
training_epoch,2,811,training,,227,mean_reward,0.5149071212226175,1.936752240641239,486079ba00a38cad0ce031d604decbac0821b781beb2e931e8a2d9c7e4c39352,"{""baseline"": 0.5370024485814242, ""control_residual_rms"": 0.14870846847388838, ""control_slew_rms"": 0.024257891927111936, ""epoch"": 227, ""gradient_norm_before_clip"": 1.936752240641239, ""ground_outcome_fraction"": 0.8416666666666667, ""loss"": -1.5091001052891404, ""mean_reward"": 0.5149071212226175, ""score_path"": 0.994193211093062}"
training_epoch,2,811,training,,228,mean_reward,0.49310320387636813,3.243261258361619,486079ba00a38cad0ce031d604decbac0821b781beb2e931e8a2d9c7e4c39352,"{""baseline"": 0.5348074863461714, ""control_residual_rms"": 0.15162827986846125, ""control_slew_rms"": 0.02203400138757433, ""epoch"": 228, ""gradient_norm_before_clip"": 3.243261258361619, ""ground_outcome_fraction"": 0.8666666666666667, ""loss"": -1.7718204346991135, ""mean_reward"": 0.49310320387636813, ""score_path"": 1.2787174655890703}"
training_epoch,2,811,training,,229,mean_reward,0.4752237219258071,2.80792434251342,486079ba00a38cad0ce031d604decbac0821b781beb2e931e8a2d9c7e4c39352,"{""baseline"": 0.5318282981251532, ""control_residual_rms"": 0.14967776250117265, ""control_slew_rms"": 0.02366213300077522, ""epoch"": 229, ""gradient_norm_before_clip"": 2.80792434251342, ""ground_outcome_fraction"": 0.8333333333333334, ""loss"": -1.637385568483997, ""mean_reward"": 0.4752237219258071, ""score_path"": 1.1621620761914813}"
training_epoch,2,811,training,,230,mean_reward,0.5759656200107864,2.089535054539854,486079ba00a38cad0ce031d604decbac0821b781beb2e931e8a2d9c7e4c39352,"{""baseline"": 0.5340351642194349, ""control_residual_rms"": 0.15318503617636797, ""control_slew_rms"": 0.02015606038771828, ""epoch"": 230, ""gradient_norm_before_clip"": 2.089535054539854, ""ground_outcome_fraction"": 0.9, ""loss"": -0.7088115574691484, ""mean_reward"": 0.5759656200107864, ""score_path"": 0.1328461761775828}"
training_epoch,2,811,training,,231,mean_reward,0.4757757206059992,2.7012338783461565,486079ba00a38cad0ce031d604decbac0821b781beb2e931e8a2d9c7e4c39352,"{""baseline"": 0.5311221920387631, ""control_residual_rms"": 0.14772361863414027, ""control_slew_rms"": 0.023947520492630384, ""epoch"": 231, ""gradient_norm_before_clip"": 2.7012338783461565, ""ground_outcome_fraction"": 0.825, ""loss"": -1.7741941711363278, ""mean_reward"": 0.4757757206059992, ""score_path"": 1.298418674487841}"
training_epoch,2,811,training,,232,mean_reward,0.48046870597179847,3.708818872124508,486079ba00a38cad0ce031d604decbac0821b781beb2e931e8a2d9c7e4c39352,"{""baseline"": 0.5285895177354148, ""control_residual_rms"": 0.14974248287216024, ""control_slew_rms"": 0.02352560092887889, ""epoch"": 232, ""gradient_norm_before_clip"": 3.708818872124508, ""ground_outcome_fraction"": 0.8416666666666667, ""loss"": -1.7849128465824335, ""mean_reward"": 0.48046870597179847, ""score_path"": 1.304444370373286}"
training_epoch,2,811,training,,233,mean_reward,0.47955784147607783,1.7516984882033118,486079ba00a38cad0ce031d604decbac0821b781beb2e931e8a2d9c7e4c39352,"{""baseline"": 0.526137933922448, ""control_residual_rms"": 0.15115052830269562, ""control_slew_rms"": 0.02166914463978188, ""epoch"": 233, ""gradient_norm_before_clip"": 1.7516984882033118, ""ground_outcome_fraction"": 0.8583333333333333, ""loss"": -1.4537196336279639, ""mean_reward"": 0.47955784147607783, ""score_path"": 0.9741620253122264}"
training_epoch,2,811,training,,234,mean_reward,0.6651150266352066,1.5443025341353847,486079ba00a38cad0ce031d604decbac0821b781beb2e931e8a2d9c7e4c39352,"{""baseline"": 0.533086788558086, ""control_residual_rms"": 0.15776696387011221, ""control_slew_rms"": 0.015439597465358019, ""epoch"": 234, ""gradient_norm_before_clip"": 1.5443025341353847, ""ground_outcome_fraction"": 0.9583333333333334, ""loss"": -0.13982606523786742, ""mean_reward"": 0.6651150266352066, ""score_path"": -0.5252887101093786}"
training_epoch,2,811,training,,235,mean_reward,0.5505157850920558,2.248589016436398,486079ba00a38cad0ce031d604decbac0821b781beb2e931e8a2d9c7e4c39352,"{""baseline"": 0.5339582383847845, ""control_residual_rms"": 0.15170451041730876, ""control_slew_rms"": 0.022169929409712907, ""epoch"": 235, ""gradient_norm_before_clip"": 2.248589016436398, ""ground_outcome_fraction"": 0.875, ""loss"": -0.8514962008693342, ""mean_reward"": 0.5505157850920558, ""score_path"": 0.30098065083492087}"
training_epoch,2,811,training,,236,mean_reward,0.6171260303478898,1.1664339642922674,486079ba00a38cad0ce031d604decbac0821b781beb2e931e8a2d9c7e4c39352,"{""baseline"": 0.5381166279829398, ""control_residual_rms"": 0.15706939399674155, ""control_slew_rms"": 0.016974821520840722, ""epoch"": 236, ""gradient_norm_before_clip"": 1.1664339642922674, ""ground_outcome_fraction"": 0.9333333333333333, ""loss"": -0.3846205829588658, ""mean_reward"": 0.6171260303478898, ""score_path"": -0.2325051977996331}"
training_epoch,2,811,training,,237,mean_reward,0.4088631093376872,2.455940939616579,486079ba00a38cad0ce031d604decbac0821b781beb2e931e8a2d9c7e4c39352,"{""baseline"": 0.5316539520506771, ""control_residual_rms"": 0.1435604378611116, ""control_slew_rms"": 0.026923289760157818, ""epoch"": 237, ""gradient_norm_before_clip"": 2.455940939616579, ""ground_outcome_fraction"": 0.7666666666666666, ""loss"": -2.1168080898756565, ""mean_reward"": 0.4088631093376872, ""score_path"": 1.707945193882598}"
training_epoch,2,811,training,,238,mean_reward,0.4691295862872096,4.222028689485213,486079ba00a38cad0ce031d604decbac0821b781beb2e931e8a2d9c7e4c39352,"{""baseline"": 0.5285277337625037, ""control_residual_rms"": 0.15729137301070323, ""control_slew_rms"": 0.01820779465202393, ""epoch"": 238, ""gradient_norm_before_clip"": 4.222028689485213, ""ground_outcome_fraction"": 0.8916666666666666, ""loss"": -1.1177379155277334, ""mean_reward"": 0.4691295862872096, ""score_path"": 0.648608579961522}"
training_epoch,2,811,training,,239,mean_reward,0.4345458231889707,1.7324914608808222,486079ba00a38cad0ce031d604decbac0821b781beb2e931e8a2d9c7e4c39352,"{""baseline"": 0.5238286382338271, ""control_residual_rms"": 0.15611877080769995, ""control_slew_rms"": 0.022381473176172187, ""epoch"": 239, ""gradient_norm_before_clip"": 1.7324914608808222, ""ground_outcome_fraction"": 0.8583333333333333, ""loss"": -1.6996751116644087, ""mean_reward"": 0.4345458231889707, ""score_path"": 1.2651295372154474}"
training_epoch,2,811,training,,240,mean_reward,0.49513233166593046,2.7298050001383714,486079ba00a38cad0ce031d604decbac0821b781beb2e931e8a2d9c7e4c39352,"{""baseline"": 0.5223938229054322, ""control_residual_rms"": 0.1523417207567614, ""control_slew_rms"": 0.025012958616536792, ""epoch"": 240, ""gradient_norm_before_clip"": 2.7298050001383714, ""ground_outcome_fraction"": 0.8166666666666667, ""loss"": -1.5284823131458471, ""mean_reward"": 0.49513233166593046, ""score_path"": 1.0333502198163964}"
training_epoch,2,811,training,,241,mean_reward,0.5481535130778468,1.8415130224462353,486079ba00a38cad0ce031d604decbac0821b781beb2e931e8a2d9c7e4c39352,"{""baseline"": 0.523681807414053, ""control_residual_rms"": 0.16279371952388097, ""control_slew_rms"": 0.01969782649955603, ""epoch"": 241, ""gradient_norm_before_clip"": 1.8415130224462353, ""ground_outcome_fraction"": 0.8916666666666666, ""loss"": -0.5602484812681449, ""mean_reward"": 0.5481535130778468, ""score_path"": 0.012095237088293001}"
training_epoch,2,811,training,,242,mean_reward,0.4187913926001424,2.667877363413194,486079ba00a38cad0ce031d604decbac0821b781beb2e931e8a2d9c7e4c39352,"{""baseline"": 0.5184372866733574, ""control_residual_rms"": 0.15994477738483462, ""control_slew_rms"": 0.02311031711454133, ""epoch"": 242, ""gradient_norm_before_clip"": 2.667877363413194, ""ground_outcome_fraction"": 0.85, ""loss"": -1.4870264467083423, ""mean_reward"": 0.4187913926001424, ""score_path"": 1.0682353152723856}"
training_epoch,2,811,training,,243,mean_reward,0.5216048746472401,2.0780322432502323,486079ba00a38cad0ce031d604decbac0821b781beb2e931e8a2d9c7e4c39352,"{""baseline"": 0.5185956660720515, ""control_residual_rms"": 0.16199938062149716, ""control_slew_rms"": 0.021730952289363344, ""epoch"": 243, ""gradient_norm_before_clip"": 2.0780322432502323, ""ground_outcome_fraction"": 0.8833333333333333, ""loss"": -1.1357996136402506, ""mean_reward"": 0.5216048746472401, ""score_path"": 0.6141950061533465}"
training_epoch,2,811,training,,244,mean_reward,0.6304739293838884,2.2449279415181764,486079ba00a38cad0ce031d604decbac0821b781beb2e931e8a2d9c7e4c39352,"{""baseline"": 0.5241895792376433, ""control_residual_rms"": 0.16432095969019053, ""control_slew_rms"": 0.01964764260400768, ""epoch"": 244, ""gradient_norm_before_clip"": 2.2449279415181764, ""ground_outcome_fraction"": 0.9166666666666666, ""loss"": -0.049720167142678566, ""mean_reward"": 0.6304739293838884, ""score_path"": -0.5807534883671333}"
training_epoch,2,811,training,,245,mean_reward,0.4812184629123213,5.463315163341756,486079ba00a38cad0ce031d604decbac0821b781beb2e931e8a2d9c7e4c39352,"{""baseline"": 0.5220410234213773, ""control_residual_rms"": 0.15892664223476954, ""control_slew_rms"": 0.02397335091410793, ""epoch"": 245, ""gradient_norm_before_clip"": 5.463315163341756, ""ground_outcome_fraction"": 0.8583333333333333, ""loss"": -2.070418966710206, ""mean_reward"": 0.4812184629123213, ""score_path"": 1.5892007621218762}"
training_epoch,2,811,training,,246,mean_reward,0.5374173005821117,1.7649476233089665,486079ba00a38cad0ce031d604decbac0821b781beb2e931e8a2d9c7e4c39352,"{""baseline"": 0.522809837279414, ""control_residual_rms"": 0.1611597404839222, ""control_slew_rms"": 0.020851499963652445, ""epoch"": 246, ""gradient_norm_before_clip"": 1.7649476233089665, ""ground_outcome_fraction"": 0.8833333333333333, ""loss"": -0.816107269073669, ""mean_reward"": 0.5374173005821117, ""score_path"": 0.27869023256402736}"
training_epoch,2,811,training,,247,mean_reward,0.5212626462720013,2.3686374045617535,486079ba00a38cad0ce031d604decbac0821b781beb2e931e8a2d9c7e4c39352,"{""baseline"": 0.5227324777290434, ""control_residual_rms"": 0.15843613096839035, ""control_slew_rms"": 0.021383869797282337, ""epoch"": 247, ""gradient_norm_before_clip"": 2.3686374045617535, ""ground_outcome_fraction"": 0.8833333333333333, ""loss"": -0.694703671976347, ""mean_reward"": 0.5212626462720013, ""score_path"": 0.17344128129712058}"
training_epoch,2,811,training,,248,mean_reward,0.5211672689898941,2.80705464178079,486079ba00a38cad0ce031d604decbac0821b781beb2e931e8a2d9c7e4c39352,"{""baseline"": 0.5226542172920859, ""control_residual_rms"": 0.1556253533313609, ""control_slew_rms"": 0.021805381733037962, ""epoch"": 248, ""gradient_norm_before_clip"": 2.80705464178079, ""ground_outcome_fraction"": 0.85, ""loss"": -0.7480348753661394, ""mean_reward"": 0.5211672689898941, ""score_path"": 0.22686785332349813}"
training_epoch,2,811,training,,249,mean_reward,0.576753501952637,3.0268807823434294,486079ba00a38cad0ce031d604decbac0821b781beb2e931e8a2d9c7e4c39352,"{""baseline"": 0.5253591815251135, ""control_residual_rms"": 0.15702369360645796, ""control_slew_rms"": 0.021342069295492098, ""epoch"": 249, ""gradient_norm_before_clip"": 3.0268807823434294, ""ground_outcome_fraction"": 0.8833333333333333, ""loss"": -0.8984192791234534, ""mean_reward"": 0.576753501952637, ""score_path"": 0.3216660282900592}"
training_epoch,2,811,training,,250,mean_reward,0.41960693663547854,1.9097784730578713,486079ba00a38cad0ce031d604decbac0821b781beb2e931e8a2d9c7e4c39352,"{""baseline"": 0.5200715692806318, ""control_residual_rms"": 0.15227400798234286, ""control_slew_rms"": 0.023719923673653238, ""epoch"": 250, ""gradient_norm_before_clip"": 1.9097784730578713, ""ground_outcome_fraction"": 0.8166666666666667, ""loss"": -1.8859543073792426, ""mean_reward"": 0.41960693663547854, ""score_path"": 1.4663476082438471}"
training_epoch,2,811,training,,251,mean_reward,0.5086353662641834,2.330537582906082,486079ba00a38cad0ce031d604decbac0821b781beb2e931e8a2d9c7e4c39352,"{""baseline"": 0.5194997591298094, ""control_residual_rms"": 0.1520621107652714, ""control_slew_rms"": 0.022143597351292135, ""epoch"": 251, ""gradient_norm_before_clip"": 2.330537582906082, ""ground_outcome_fraction"": 0.85, ""loss"": -0.9265097328524324, ""mean_reward"": 0.5086353662641834, ""score_path"": 0.4178746027204934}"
training_epoch,2,811,training,,252,mean_reward,0.5428980097357822,1.5822734911205063,486079ba00a38cad0ce031d604decbac0821b781beb2e931e8a2d9c7e4c39352,"{""baseline"": 0.520669671660108, ""control_residual_rms"": 0.15587081663687657, ""control_slew_rms"": 0.018024624015613423, ""epoch"": 252, ""gradient_norm_before_clip"": 1.5822734911205063, ""ground_outcome_fraction"": 0.9083333333333333, ""loss"": -0.9909979893674614, ""mean_reward"": 0.5428980097357822, ""score_path"": 0.44810022583766473}"
training_epoch,2,811,training,,253,mean_reward,0.5481033181758368,1.591485227082534,486079ba00a38cad0ce031d604decbac0821b781beb2e931e8a2d9c7e4c39352,"{""baseline"": 0.5220413539858945, ""control_residual_rms"": 0.14999626517719156, ""control_slew_rms"": 0.021398886235886646, ""epoch"": 253, ""gradient_norm_before_clip"": 1.591485227082534, ""ground_outcome_fraction"": 0.85, ""loss"": -0.5846647630301536, ""mean_reward"": 0.5481033181758368, ""score_path"": 0.03656167442223579}"
training_epoch,2,811,training,,254,mean_reward,0.4859372246469892,1.9203831518158452,486079ba00a38cad0ce031d604decbac0821b781beb2e931e8a2d9c7e4c39352,"{""baseline"": 0.5202361475189492, ""control_residual_rms"": 0.148169101059436, ""control_slew_rms"": 0.021561010621014814, ""epoch"": 254, ""gradient_norm_before_clip"": 1.9203831518158452, ""ground_outcome_fraction"": 0.8416666666666667, ""loss"": -1.1888839077412972, ""mean_reward"": 0.4859372246469892, ""score_path"": 0.7029469072839047}"
training_epoch,2,811,training,,255,mean_reward,0.5491280199099281,2.2229816461212066,486079ba00a38cad0ce031d604decbac0821b781beb2e931e8a2d9c7e4c39352,"{""baseline"": 0.5216807411384982, ""control_residual_rms"": 0.14174154438122344, ""control_slew_rms"": 0.02526852558686125, ""epoch"": 255, ""gradient_norm_before_clip"": 2.2229816461212066, ""ground_outcome_fraction"": 0.7833333333333333, ""loss"": -0.8714307618118228, ""mean_reward"": 0.5491280199099281, ""score_path"": 0.3223029491935326}"
training_epoch,2,811,training,,256,mean_reward,0.5488479558204085,1.636495591347705,486079ba00a38cad0ce031d604decbac0821b781beb2e931e8a2d9c7e4c39352,"{""baseline"": 0.5230391018725937, ""control_residual_rms"": 0.14875697773137878, ""control_slew_rms"": 0.020706147042293382, ""epoch"": 256, ""gradient_norm_before_clip"": 1.636495591347705, ""ground_outcome_fraction"": 0.8583333333333333, ""loss"": -0.8803214619943548, ""mean_reward"": 0.5488479558204085, ""score_path"": 0.3314737317477759}"
training_epoch,2,811,training,,257,mean_reward,0.5337274120628159,2.0164274475422723,486079ba00a38cad0ce031d604decbac0821b781beb2e931e8a2d9c7e4c39352,"{""baseline"": 0.5235735173821048, ""control_residual_rms"": 0.14780476827844294, ""control_slew_rms"": 0.0209028999124922, ""epoch"": 257, ""gradient_norm_before_clip"": 2.0164274475422723, ""ground_outcome_fraction"": 0.85, ""loss"": -1.0172957900576072, ""mean_reward"": 0.5337274120628159, ""score_path"": 0.4835686008265987}"
training_epoch,2,811,training,,258,mean_reward,0.5310794530737359,1.6603176871663539,486079ba00a38cad0ce031d604decbac0821b781beb2e931e8a2d9c7e4c39352,"{""baseline"": 0.5239488141666864, ""control_residual_rms"": 0.15077832435979482, ""control_slew_rms"": 0.018267967979271316, ""epoch"": 258, ""gradient_norm_before_clip"": 1.6603176871663539, ""ground_outcome_fraction"": 0.8916666666666666, ""loss"": -0.8588405117903957, ""mean_reward"": 0.5310794530737359, ""score_path"": 0.32776128939487725}"
training_epoch,2,811,training,,259,mean_reward,0.5146182131138092,3.7876248175636533,486079ba00a38cad0ce031d604decbac0821b781beb2e931e8a2d9c7e4c39352,"{""baseline"": 0.5234822841140425, ""control_residual_rms"": 0.14660658074970503, ""control_slew_rms"": 0.02082932804708735, ""epoch"": 259, ""gradient_norm_before_clip"": 3.7876248175636533, ""ground_outcome_fraction"": 0.8583333333333333, ""loss"": -0.9529350156806615, ""mean_reward"": 0.5146182131138092, ""score_path"": 0.43831702184035654}"
training_epoch,2,811,training,,260,mean_reward,0.5384105891687653,2.550508840910786,486079ba00a38cad0ce031d604decbac0821b781beb2e931e8a2d9c7e4c39352,"{""baseline"": 0.5242286993667786, ""control_residual_rms"": 0.14979558601347565, ""control_slew_rms"": 0.019317307075779312, ""epoch"": 260, ""gradient_norm_before_clip"": 2.550508840910786, ""ground_outcome_fraction"": 0.875, ""loss"": -0.7956249413139607, ""mean_reward"": 0.5384105891687653, ""score_path"": 0.2572145802639547}"
training_epoch,2,811,training,,261,mean_reward,0.5901638803062809,1.0445010528370386,486079ba00a38cad0ce031d604decbac0821b781beb2e931e8a2d9c7e4c39352,"{""baseline"": 0.5275254584137538, ""control_residual_rms"": 0.14922765692109385, ""control_slew_rms"": 0.018980207583403328, ""epoch"": 261, ""gradient_norm_before_clip"": 1.0445010528370386, ""ground_outcome_fraction"": 0.8833333333333333, ""loss"": -0.48566086096097794, ""mean_reward"": 0.5901638803062809, ""score_path"": -0.10450279305388423}"
training_epoch,2,811,training,,262,mean_reward,0.47782337462594626,2.6061942453017846,486079ba00a38cad0ce031d604decbac0821b781beb2e931e8a2d9c7e4c39352,"{""baseline"": 0.5250403542243635, ""control_residual_rms"": 0.14839426861094196, ""control_slew_rms"": 0.021276567669282476, ""epoch"": 262, ""gradient_norm_before_clip"": 2.6061942453017846, ""ground_outcome_fraction"": 0.8416666666666667, ""loss"": -1.4751695268868157, ""mean_reward"": 0.47782337462594626, ""score_path"": 0.9973463769963822}"
training_epoch,2,811,training,,263,mean_reward,0.4192231848209004,4.417804708427109,486079ba00a38cad0ce031d604decbac0821b781beb2e931e8a2d9c7e4c39352,"{""baseline"": 0.5197494957541903, ""control_residual_rms"": 0.153384534449428, ""control_slew_rms"": 0.019555286983916953, ""epoch"": 263, ""gradient_norm_before_clip"": 4.417804708427109, ""ground_outcome_fraction"": 0.8666666666666667, ""loss"": -1.337582174205188, ""mean_reward"": 0.4192231848209004, ""score_path"": 0.9183592284765343}"
training_epoch,2,811,training,,264,mean_reward,0.582775183816742,2.445658992232859,486079ba00a38cad0ce031d604decbac0821b781beb2e931e8a2d9c7e4c39352,"{""baseline"": 0.5229007801573179, ""control_residual_rms"": 0.15640514311856024, ""control_slew_rms"": 0.01824085851927603, ""epoch"": 264, ""gradient_norm_before_clip"": 2.445658992232859, ""ground_outcome_fraction"": 0.9166666666666666, ""loss"": -0.4314993180904672, ""mean_reward"": 0.582775183816742, ""score_path"": -0.15127561777329762}"
training_epoch,2,811,training,,265,mean_reward,0.534409554656744,1.5435944002471462,486079ba00a38cad0ce031d604decbac0821b781beb2e931e8a2d9c7e4c39352,"{""baseline"": 0.5234762188822892, ""control_residual_rms"": 0.1546071312430898, ""control_slew_rms"": 0.02164820907718613, ""epoch"": 265, ""gradient_norm_before_clip"": 1.5435944002471462, ""ground_outcome_fraction"": 0.8583333333333333, ""loss"": -0.7864426179059986, ""mean_reward"": 0.534409554656744, ""score_path"": 0.25203330696935444}"
training_epoch,2,811,training,,266,mean_reward,0.6216045360154885,1.895621531972736,486079ba00a38cad0ce031d604decbac0821b781beb2e931e8a2d9c7e4c39352,"{""baseline"": 0.5283826347389492, ""control_residual_rms"": 0.15959771091635286, ""control_slew_rms"": 0.017674907459144573, ""epoch"": 266, ""gradient_norm_before_clip"": 1.895621531972736, ""ground_outcome_fraction"": 0.9249999999999999, ""loss"": -0.16107693974598689, ""mean_reward"": 0.6216045360154885, ""score_path"": -0.46052733843118476}"
training_epoch,2,811,training,,267,mean_reward,0.5232016988974874,3.598141531143425,486079ba00a38cad0ce031d604decbac0821b781beb2e931e8a2d9c7e4c39352,"{""baseline"": 0.5281235879468762, ""control_residual_rms"": 0.15202394931664132, ""control_slew_rms"": 0.0243763952958224, ""epoch"": 267, ""gradient_norm_before_clip"": 3.598141531143425, ""ground_outcome_fraction"": 0.825, ""loss"": -1.4788017277151164, ""mean_reward"": 0.5232016988974874, ""score_path"": 0.9556002658725269}"
training_epoch,2,811,training,,268,mean_reward,0.5566536583800549,1.6915427219458086,486079ba00a38cad0ce031d604decbac0821b781beb2e931e8a2d9c7e4c39352,"{""baseline"": 0.5295500914685352, ""control_residual_rms"": 0.1599934692972178, ""control_slew_rms"": 0.018545966280370415, ""epoch"": 268, ""gradient_norm_before_clip"": 1.6915427219458086, ""ground_outcome_fraction"": 0.9083333333333333, ""loss"": -0.5459149330134655, ""mean_reward"": 0.5566536583800549, ""score_path"": -0.010738465947958612}"
training_epoch,2,811,training,,269,mean_reward,0.4119266293572523,3.3179363311316106,486079ba00a38cad0ce031d604decbac0821b781beb2e931e8a2d9c7e4c39352,"{""baseline"": 0.523668918362971, ""control_residual_rms"": 0.14928074705100172, ""control_slew_rms"": 0.02574854721834512, ""epoch"": 269, ""gradient_norm_before_clip"": 3.3179363311316106, ""ground_outcome_fraction"": 0.7916666666666666, ""loss"": -1.9286537015098657, ""mean_reward"": 0.4119266293572523, ""score_path"": 1.5167273016299045}"
training_epoch,2,811,training,,270,mean_reward,0.6166217743780413,1.623128938725921,486079ba00a38cad0ce031d604decbac0821b781beb2e931e8a2d9c7e4c39352,"{""baseline"": 0.5283165611637245, ""control_residual_rms"": 0.16220375619922908, ""control_slew_rms"": 0.01662089775293928, ""epoch"": 270, ""gradient_norm_before_clip"": 1.623128938725921, ""ground_outcome_fraction"": 0.9416666666666667, ""loss"": -0.3851145051187788, ""mean_reward"": 0.6166217743780413, ""score_path"": -0.23150700339613486}"
training_epoch,2,811,training,,271,mean_reward,0.5836521616111919,2.2915584372358277,486079ba00a38cad0ce031d604decbac0821b781beb2e931e8a2d9c7e4c39352,"{""baseline"": 0.5310833411860979, ""control_residual_rms"": 0.15461525249911526, ""control_slew_rms"": 0.020506223002692458, ""epoch"": 271, ""gradient_norm_before_clip"": 2.2915584372358277, ""ground_outcome_fraction"": 0.8416666666666667, ""loss"": -0.2503449288278415, ""mean_reward"": 0.5836521616111919, ""score_path"": -0.3333069895195356}"
training_epoch,2,811,training,,272,mean_reward,0.4794929837223292,2.566987535060531,486079ba00a38cad0ce031d604decbac0821b781beb2e931e8a2d9c7e4c39352,"{""baseline"": 0.5285038233129095, ""control_residual_rms"": 0.15298280097417846, ""control_slew_rms"": 0.026355996380089754, ""epoch"": 272, ""gradient_norm_before_clip"": 2.566987535060531, ""ground_outcome_fraction"": 0.8, ""loss"": -1.3863104107574258, ""mean_reward"": 0.4794929837223292, ""score_path"": 0.906817668018856}"
training_epoch,2,811,training,,273,mean_reward,0.5909932236646765,2.121776502710422,486079ba00a38cad0ce031d604decbac0821b781beb2e931e8a2d9c7e4c39352,"{""baseline"": 0.5316282933304979, ""control_residual_rms"": 0.1641649464025051, ""control_slew_rms"": 0.017457552710658682, ""epoch"": 273, ""gradient_norm_before_clip"": 2.121776502710422, ""ground_outcome_fraction"": 0.9333333333333333, ""loss"": -0.5942893075222951, ""mean_reward"": 0.5909932236646765, ""score_path"": 0.0032963564065763284}"
training_epoch,2,811,training,,274,mean_reward,0.40949201567693416,2.4425750909429604,486079ba00a38cad0ce031d604decbac0821b781beb2e931e8a2d9c7e4c39352,"{""baseline"": 0.5255214794478197, ""control_residual_rms"": 0.15010537204338095, ""control_slew_rms"": 0.02735123716691898, ""epoch"": 274, ""gradient_norm_before_clip"": 2.4425750909429604, ""ground_outcome_fraction"": 0.7583333333333333, ""loss"": -2.7425866918312813, ""mean_reward"": 0.40949201567693416, ""score_path"": 2.333094908951476}"
training_epoch,2,811,training,,275,mean_reward,0.4538596545888627,3.761544539606208,486079ba00a38cad0ce031d604decbac0821b781beb2e931e8a2d9c7e4c39352,"{""baseline"": 0.5219383882048718, ""control_residual_rms"": 0.15909016710908233, ""control_slew_rms"": 0.02230997978507927, ""epoch"": 275, ""gradient_norm_before_clip"": 3.761544539606208, ""ground_outcome_fraction"": 0.85, ""loss"": -2.03193108506097, ""mean_reward"": 0.4538596545888627, ""score_path"": 1.578071688546272}"
training_epoch,2,811,training,,276,mean_reward,0.5074488429900802,1.6978445505133402,486079ba00a38cad0ce031d604decbac0821b781beb2e931e8a2d9c7e4c39352,"{""baseline"": 0.5212139109441323, ""control_residual_rms"": 0.16043452331480276, ""control_slew_rms"": 0.019035879129807358, ""epoch"": 276, ""gradient_norm_before_clip"": 1.6978445505133402, ""ground_outcome_fraction"": 0.8916666666666666, ""loss"": -1.1840034726876218, ""mean_reward"": 0.5074488429900802, ""score_path"": 0.6765548907135513}"
training_epoch,2,811,training,,277,mean_reward,0.5138004897219954,2.7583979178874456,486079ba00a38cad0ce031d604decbac0821b781beb2e931e8a2d9c7e4c39352,"{""baseline"": 0.5208432398830254, ""control_residual_rms"": 0.15480579071639597, ""control_slew_rms"": 0.023480893421945453, ""epoch"": 277, ""gradient_norm_before_clip"": 2.7583979178874456, ""ground_outcome_fraction"": 0.8333333333333334, ""loss"": -0.94902626343113, ""mean_reward"": 0.5138004897219954, ""score_path"": 0.4352260188709865}"
training_epoch,2,811,training,,278,mean_reward,0.5280037995322027,3.640830302331319,486079ba00a38cad0ce031d604decbac0821b781beb2e931e8a2d9c7e4c39352,"{""baseline"": 0.5212012678654843, ""control_residual_rms"": 0.15405599585159035, ""control_slew_rms"": 0.024421394648869353, ""epoch"": 278, ""gradient_norm_before_clip"": 3.640830302331319, ""ground_outcome_fraction"": 0.825, ""loss"": -0.9270511195980918, ""mean_reward"": 0.5280037995322027, ""score_path"": 0.39904756336243286}"
training_epoch,2,811,training,,279,mean_reward,0.4825422735816183,2.744440315592806,486079ba00a38cad0ce031d604decbac0821b781beb2e931e8a2d9c7e4c39352,"{""baseline"": 0.5192683181512909, ""control_residual_rms"": 0.15576838753143538, ""control_slew_rms"": 0.02231333976944209, ""epoch"": 279, ""gradient_norm_before_clip"": 2.744440315592806, ""ground_outcome_fraction"": 0.85, ""loss"": -0.9971215308238058, ""mean_reward"": 0.4825422735816183, ""score_path"": 0.5145795048589444}"
training_epoch,2,811,training,,280,mean_reward,0.46820152267509496,2.2981675269621924,486079ba00a38cad0ce031d604decbac0821b781beb2e931e8a2d9c7e4c39352,"{""baseline"": 0.5167149783774811, ""control_residual_rms"": 0.15128369455190774, ""control_slew_rms"": 0.025228818290373208, ""epoch"": 280, ""gradient_norm_before_clip"": 2.2981675269621924, ""ground_outcome_fraction"": 0.7916666666666666, ""loss"": -1.2224169374079947, ""mean_reward"": 0.46820152267509496, ""score_path"": 0.7542156499653949}"
training_epoch,2,811,training,,281,mean_reward,0.5247191253148815,2.342324830943147,486079ba00a38cad0ce031d604decbac0821b781beb2e931e8a2d9c7e4c39352,"{""baseline"": 0.5171151857243512, ""control_residual_rms"": 0.157225606384529, ""control_slew_rms"": 0.02018227098370513, ""epoch"": 281, ""gradient_norm_before_clip"": 2.342324830943147, ""ground_outcome_fraction"": 0.8833333333333333, ""loss"": -1.0005432203617306, ""mean_reward"": 0.5247191253148815, ""score_path"": 0.47582434631900283}"
training_epoch,2,811,training,,282,mean_reward,0.47525619608229525,1.8545762750321972,486079ba00a38cad0ce031d604decbac0821b781beb2e931e8a2d9c7e4c39352,"{""baseline"": 0.5150222362422484, ""control_residual_rms"": 0.15403869501066275, ""control_slew_rms"": 0.021496292859449484, ""epoch"": 282, ""gradient_norm_before_clip"": 1.8545762750321972, ""ground_outcome_fraction"": 0.85, ""loss"": -1.3018152484847374, ""mean_reward"": 0.47525619608229525, ""score_path"": 0.8265592943025439}"
training_epoch,2,811,training,,283,mean_reward,0.6214972348697577,1.7351181019804538,486079ba00a38cad0ce031d604decbac0821b781beb2e931e8a2d9c7e4c39352,"{""baseline"": 0.5203459861736239, ""control_residual_rms"": 0.15473530982212677, ""control_slew_rms"": 0.020340630390645046, ""epoch"": 283, ""gradient_norm_before_clip"": 1.7351181019804538, ""ground_outcome_fraction"": 0.8833333333333333, ""loss"": -0.08459880959037286, ""mean_reward"": 0.6214972348697577, ""score_path"": -0.5368981817118114}"
training_epoch,2,811,training,,284,mean_reward,0.431147846998976,1.6697332974583845,486079ba00a38cad0ce031d604decbac0821b781beb2e931e8a2d9c7e4c39352,"{""baseline"": 0.5158860792148915, ""control_residual_rms"": 0.14981309623247321, ""control_slew_rms"": 0.022317006986379624, ""epoch"": 284, ""gradient_norm_before_clip"": 1.6697332974583845, ""ground_outcome_fraction"": 0.8083333333333333, ""loss"": -1.6437175418673413, ""mean_reward"": 0.431147846998976, ""score_path"": 1.2125699242884913}"
training_epoch,2,811,training,,285,mean_reward,0.5458935390603217,1.2395730963868892,486079ba00a38cad0ce031d604decbac0821b781beb2e931e8a2d9c7e4c39352,"{""baseline"": 0.517386452207163, ""control_residual_rms"": 0.14777114780139228, ""control_slew_rms"": 0.023943276526808242, ""epoch"": 285, ""gradient_norm_before_clip"": 1.2395730963868892, ""ground_outcome_fraction"": 0.8083333333333333, ""loss"": -0.5892432078372714, ""mean_reward"": 0.5458935390603217, ""score_path"": 0.043349892872875787}"
training_epoch,2,811,training,,286,mean_reward,0.39846321906237325,3.309774888870617,486079ba00a38cad0ce031d604decbac0821b781beb2e931e8a2d9c7e4c39352,"{""baseline"": 0.5114402905499235, ""control_residual_rms"": 0.14755094756964154, ""control_slew_rms"": 0.023541858934251144, ""epoch"": 286, ""gradient_norm_before_clip"": 3.309774888870617, ""ground_outcome_fraction"": 0.8, ""loss"": -2.264085723721497, ""mean_reward"": 0.39846321906237325, ""score_path"": 1.8656227279141362}"
training_epoch,2,811,training,,287,mean_reward,0.4847629179844644,3.7595588193620433,486079ba00a38cad0ce031d604decbac0821b781beb2e931e8a2d9c7e4c39352,"{""baseline"": 0.5101064219216506, ""control_residual_rms"": 0.14728087465723394, ""control_slew_rms"": 0.022637334142598185, ""epoch"": 287, ""gradient_norm_before_clip"": 3.7595588193620433, ""ground_outcome_fraction"": 0.825, ""loss"": -0.7149929440486059, ""mean_reward"": 0.4847629179844644, ""score_path"": 0.2302302481051908}"
training_epoch,2,811,training,,288,mean_reward,0.5080128794893207,2.2868307228865663,486079ba00a38cad0ce031d604decbac0821b781beb2e931e8a2d9c7e4c39352,"{""baseline"": 0.510001744800034, ""control_residual_rms"": 0.148977279006454, ""control_slew_rms"": 0.021390349794205187, ""epoch"": 288, ""gradient_norm_before_clip"": 2.2868307228865663, ""ground_outcome_fraction"": 0.8416666666666667, ""loss"": -1.1625484910149098, ""mean_reward"": 0.5080128794893207, ""score_path"": 0.6545358380433562}"
training_epoch,2,811,training,,289,mean_reward,0.5582736324572171,2.1841254040083715,486079ba00a38cad0ce031d604decbac0821b781beb2e931e8a2d9c7e4c39352,"{""baseline"": 0.5124153391828932, ""control_residual_rms"": 0.1538021318605348, ""control_slew_rms"": 0.016463497731824657, ""epoch"": 289, ""gradient_norm_before_clip"": 2.1841254040083715, ""ground_outcome_fraction"": 0.9166666666666666, ""loss"": -0.7100918629873904, ""mean_reward"": 0.5582736324572171, ""score_path"": 0.15181846979159858}"
training_epoch,2,811,training,,290,mean_reward,0.49218593499929925,1.9614002375622444,486079ba00a38cad0ce031d604decbac0821b781beb2e931e8a2d9c7e4c39352,"{""baseline"": 0.5114038689737135, ""control_residual_rms"": 0.1486365829571503, ""control_slew_rms"": 0.01944307504884937, ""epoch"": 290, ""gradient_norm_before_clip"": 1.9614002375622444, ""ground_outcome_fraction"": 0.8333333333333334, ""loss"": -1.026136636818525, ""mean_reward"": 0.49218593499929925, ""score_path"": 0.5339509265278952}"
training_epoch,2,811,training,,291,mean_reward,0.5888654868726101,2.9955839501981716,486079ba00a38cad0ce031d604decbac0821b781beb2e931e8a2d9c7e4c39352,"{""baseline"": 0.5152769498686582, ""control_residual_rms"": 0.14879948151163291, ""control_slew_rms"": 0.020654129300278656, ""epoch"": 291, ""gradient_norm_before_clip"": 2.9955839501981716, ""ground_outcome_fraction"": 0.8583333333333333, ""loss"": -0.5802684341975689, ""mean_reward"": 0.5888654868726101, ""score_path"": -0.008596826996253599}"
training_epoch,2,811,training,,292,mean_reward,0.5129194217457544,2.5454674810886537,486079ba00a38cad0ce031d604decbac0821b781beb2e931e8a2d9c7e4c39352,"{""baseline"": 0.5151590734625131, ""control_residual_rms"": 0.14849334416110826, ""control_slew_rms"": 0.020353603826806378, ""epoch"": 292, ""gradient_norm_before_clip"": 2.5454674810886537, ""ground_outcome_fraction"": 0.8416666666666667, ""loss"": -0.7845765387512709, ""mean_reward"": 0.5129194217457544, ""score_path"": 0.27165734165094096}"
training_epoch,2,811,training,,293,mean_reward,0.5833215230264216,2.8898674134807667,486079ba00a38cad0ce031d604decbac0821b781beb2e931e8a2d9c7e4c39352,"{""baseline"": 0.5185671959407085, ""control_residual_rms"": 0.14978995139069953, ""control_slew_rms"": 0.019545870112628184, ""epoch"": 293, ""gradient_norm_before_clip"": 2.8898674134807667, ""ground_outcome_fraction"": 0.875, ""loss"": -0.09541166772911137, ""mean_reward"": 0.5833215230264216, ""score_path"": -0.48790962710660446}"
training_epoch,2,811,training,,294,mean_reward,0.4641116615208188,1.5048515188500828,486079ba00a38cad0ce031d604decbac0821b781beb2e931e8a2d9c7e4c39352,"{""baseline"": 0.515844419219714, ""control_residual_rms"": 0.14775069901522303, ""control_slew_rms"": 0.02180324396927494, ""epoch"": 294, ""gradient_norm_before_clip"": 1.5048515188500828, ""ground_outcome_fraction"": 0.8166666666666667, ""loss"": -1.4730338920512118, ""mean_reward"": 0.4641116615208188, ""score_path"": 1.0089224535868981}"
training_epoch,2,811,training,,295,mean_reward,0.6054471645724266,1.3995256562110063,486079ba00a38cad0ce031d604decbac0821b781beb2e931e8a2d9c7e4c39352,"{""baseline"": 0.5203245564873497, ""control_residual_rms"": 0.15361150268485987, ""control_slew_rms"": 0.01574979303197471, ""epoch"": 295, ""gradient_norm_before_clip"": 1.3995256562110063, ""ground_outcome_fraction"": 0.9249999999999999, ""loss"": -0.3118311733624088, ""mean_reward"": 0.6054471645724266, ""score_path"": -0.29361575276452045}"
training_epoch,2,811,training,,296,mean_reward,0.5284008543658094,1.6468165824589762,486079ba00a38cad0ce031d604decbac0821b781beb2e931e8a2d9c7e4c39352,"{""baseline"": 0.5207283713812726, ""control_residual_rms"": 0.1471835150430504, ""control_slew_rms"": 0.022210089988327738, ""epoch"": 296, ""gradient_norm_before_clip"": 1.6468165824589762, ""ground_outcome_fraction"": 0.825, ""loss"": -0.7416935762784832, ""mean_reward"": 0.5284008543658094, ""score_path"": 0.21329294347542582}"
training_epoch,2,811,training,,297,mean_reward,0.5442018200332469,1.7416608621488783,486079ba00a38cad0ce031d604decbac0821b781beb2e931e8a2d9c7e4c39352,"{""baseline"": 0.5219020438138713, ""control_residual_rms"": 0.14870381446041897, ""control_slew_rms"": 0.019399768582227007, ""epoch"": 297, ""gradient_norm_before_clip"": 1.7416608621488783, ""ground_outcome_fraction"": 0.8666666666666667, ""loss"": -0.8947060031072831, ""mean_reward"": 0.5442018200332469, ""score_path"": 0.3505044079657907}"
training_epoch,2,811,training,,298,mean_reward,0.6119603722665975,2.3371584938022165,486079ba00a38cad0ce031d604decbac0821b781beb2e931e8a2d9c7e4c39352,"{""baseline"": 0.5264049602365076, ""control_residual_rms"": 0.1529572129461389, ""control_slew_rms"": 0.017231928456971964, ""epoch"": 298, ""gradient_norm_before_clip"": 2.3371584938022165, ""ground_outcome_fraction"": 0.9083333333333333, ""loss"": -0.5790549511265224, ""mean_reward"": 0.6119603722665975, ""score_path"": -0.03290518421159159}"
training_epoch,2,811,training,,299,mean_reward,0.48434513147249714,1.4503665210989451,486079ba00a38cad0ce031d604decbac0821b781beb2e931e8a2d9c7e4c39352,"{""baseline"": 0.524301968798307, ""control_residual_rms"": 0.14976486813374784, ""control_slew_rms"": 0.021232028527351298, ""epoch"": 299, ""gradient_norm_before_clip"": 1.4503665210989451, ""ground_outcome_fraction"": 0.8333333333333334, ""loss"": -0.9935516816847053, ""mean_reward"": 0.48434513147249714, ""score_path"": 0.5092067790153557}"
training_epoch,2,811,training,,300,mean_reward,0.5822833518806438,1.7810689789545382,486079ba00a38cad0ce031d604decbac0821b781beb2e931e8a2d9c7e4c39352,"{""baseline"": 0.5272010379524239, ""control_residual_rms"": 0.15075340203953047, ""control_slew_rms"": 0.02009023665613748, ""epoch"": 300, ""gradient_norm_before_clip"": 1.7810689789545382, ""ground_outcome_fraction"": 0.8666666666666667, ""loss"": -0.4585950791948032, ""mean_reward"": 0.5822833518806438, ""score_path"": -0.12368804138378227}"
training_epoch,2,811,training,,301,mean_reward,0.5461989671150352,1.8166557582808003,486079ba00a38cad0ce031d604decbac0821b781beb2e931e8a2d9c7e4c39352,"{""baseline"": 0.5281509344105544, ""control_residual_rms"": 0.14986848422385035, ""control_slew_rms"": 0.02090898223782102, ""epoch"": 301, ""gradient_norm_before_clip"": 1.8166557582808003, ""ground_outcome_fraction"": 0.85, ""loss"": -0.8012736793738334, ""mean_reward"": 0.5461989671150352, ""score_path"": 0.2550749412362793}"
training_epoch,2,811,training,,302,mean_reward,0.6080193445922358,1.4469480648182511,486079ba00a38cad0ce031d604decbac0821b781beb2e931e8a2d9c7e4c39352,"{""baseline"": 0.5321443549196385, ""control_residual_rms"": 0.1543343082519382, ""control_slew_rms"": 0.018814958123079463, ""epoch"": 302, ""gradient_norm_before_clip"": 1.4469480648182511, ""ground_outcome_fraction"": 0.8916666666666666, ""loss"": -0.29697898028063047, ""mean_reward"": 0.6080193445922358, ""score_path"": -0.31104012258079183}"
training_epoch,2,811,training,,303,mean_reward,0.5716637522193253,1.6141396920620896,486079ba00a38cad0ce031d604decbac0821b781beb2e931e8a2d9c7e4c39352,"{""baseline"": 0.5341203247846229, ""control_residual_rms"": 0.15437378383821132, ""control_slew_rms"": 0.019254026627780325, ""epoch"": 303, ""gradient_norm_before_clip"": 1.6141396920620896, ""ground_outcome_fraction"": 0.875, ""loss"": -0.8665571057214403, ""mean_reward"": 0.5716637522193253, ""score_path"": 0.2948935955219419}"
training_epoch,2,811,training,,304,mean_reward,0.6439854241806644,1.1801185174074944,486079ba00a38cad0ce031d604decbac0821b781beb2e931e8a2d9c7e4c39352,"{""baseline"": 0.5396135797544249, ""control_residual_rms"": 0.15762130925523601, ""control_slew_rms"": 0.015275518177314484, ""epoch"": 304, ""gradient_norm_before_clip"": 1.1801185174074944, ""ground_outcome_fraction"": 0.9416666666666667, ""loss"": -0.20566299619923814, ""mean_reward"": 0.6439854241806644, ""score_path"": -0.4383221772032404}"
training_epoch,2,811,training,,305,mean_reward,0.5103326732568532,1.9505335434329503,486079ba00a38cad0ce031d604decbac0821b781beb2e931e8a2d9c7e4c39352,"{""baseline"": 0.5381495344295464, ""control_residual_rms"": 0.15064433899298107, ""control_slew_rms"": 0.022123003712977738, ""epoch"": 305, ""gradient_norm_before_clip"": 1.9505335434329503, ""ground_outcome_fraction"": 0.8333333333333334, ""loss"": -0.8908276253723643, ""mean_reward"": 0.5103326732568532, ""score_path"": 0.38049518394695286}"
training_epoch,2,811,training,,306,mean_reward,0.5800013061233776,1.247217013836698,486079ba00a38cad0ce031d604decbac0821b781beb2e931e8a2d9c7e4c39352,"{""baseline"": 0.540242123014238, ""control_residual_rms"": 0.15275971682204484, ""control_slew_rms"": 0.01906695833598788, ""epoch"": 306, ""gradient_norm_before_clip"": 1.247217013836698, ""ground_outcome_fraction"": 0.875, ""loss"": -0.6118827339912905, ""mean_reward"": 0.5800013061233776, ""score_path"": 0.03188166485871265}"
training_epoch,2,811,training,,307,mean_reward,0.4831334985188964,1.5268032560429612,486079ba00a38cad0ce031d604decbac0821b781beb2e931e8a2d9c7e4c39352,"{""baseline"": 0.537386691789471, ""control_residual_rms"": 0.15117421381530433, ""control_slew_rms"": 0.020905213459811445, ""epoch"": 307, ""gradient_norm_before_clip"": 1.5268032560429612, ""ground_outcome_fraction"": 0.85, ""loss"": -1.277651358544815, ""mean_reward"": 0.4831334985188964, ""score_path"": 0.7945180929326274}"
training_epoch,2,811,training,,308,mean_reward,0.5183030989416574,3.038250485698081,486079ba00a38cad0ce031d604decbac0821b781beb2e931e8a2d9c7e4c39352,"{""baseline"": 0.5364325121470802, ""control_residual_rms"": 0.15450976468233252, ""control_slew_rms"": 0.018782359786239246, ""epoch"": 308, ""gradient_norm_before_clip"": 3.038250485698081, ""ground_outcome_fraction"": 0.875, ""loss"": -0.6210822654009638, ""mean_reward"": 0.5183030989416574, ""score_path"": 0.10277940871975069}"
training_epoch,2,811,training,,309,mean_reward,0.5006643710946617,2.055901144289143,486079ba00a38cad0ce031d604decbac0821b781beb2e931e8a2d9c7e4c39352,"{""baseline"": 0.5346441050944593, ""control_residual_rms"": 0.15067375216876758, ""control_slew_rms"": 0.022394851508658064, ""epoch"": 309, ""gradient_norm_before_clip"": 2.055901144289143, ""ground_outcome_fraction"": 0.8333333333333334, ""loss"": -1.2921524269275542, ""mean_reward"": 0.5006643710946617, ""score_path"": 0.7914882878739823}"
training_epoch,2,811,training,,310,mean_reward,0.5795756461693471,0.9029340250724983,486079ba00a38cad0ce031d604decbac0821b781beb2e931e8a2d9c7e4c39352,"{""baseline"": 0.5368906821482037, ""control_residual_rms"": 0.15695215562010417, ""control_slew_rms"": 0.018358839089270017, ""epoch"": 310, ""gradient_norm_before_clip"": 0.9029340250724983, ""ground_outcome_fraction"": 0.9, ""loss"": -0.4539314749627878, ""mean_reward"": 0.5795756461693471, ""score_path"": -0.12564392149629797}"
training_epoch,2,811,training,,311,mean_reward,0.6039893613644274,2.0430969120952494,486079ba00a38cad0ce031d604decbac0821b781beb2e931e8a2d9c7e4c39352,"{""baseline"": 0.5402456161090149, ""control_residual_rms"": 0.15839900848689437, ""control_slew_rms"": 0.016521263599940897, ""epoch"": 311, ""gradient_norm_before_clip"": 2.0430969120952494, ""ground_outcome_fraction"": 0.9249999999999999, ""loss"": -0.718444961138593, ""mean_reward"": 0.6039893613644274, ""score_path"": 0.11445585340614606}"
training_epoch,2,811,training,,312,mean_reward,0.5482946813153635,1.3824734257729814,486079ba00a38cad0ce031d604decbac0821b781beb2e931e8a2d9c7e4c39352,"{""baseline"": 0.5406480693693323, ""control_residual_rms"": 0.1555085349140699, ""control_slew_rms"": 0.019065756394387692, ""epoch"": 312, ""gradient_norm_before_clip"": 1.3824734257729814, ""ground_outcome_fraction"": 0.8833333333333333, ""loss"": -0.8715699897354423, ""mean_reward"": 0.5482946813153635, ""score_path"": 0.32327555388415385}"
training_epoch,2,811,training,,313,mean_reward,0.6122292634718327,1.5874703344885692,486079ba00a38cad0ce031d604decbac0821b781beb2e931e8a2d9c7e4c39352,"{""baseline"": 0.5442271290744572, ""control_residual_rms"": 0.1572411499402703, ""control_slew_rms"": 0.019338356463959178, ""epoch"": 313, ""gradient_norm_before_clip"": 1.5874703344885692, ""ground_outcome_fraction"": 0.9, ""loss"": -0.28127979522585356, ""mean_reward"": 0.6122292634718327, ""score_path"": -0.3309492172584665}"
training_epoch,2,811,training,,314,mean_reward,0.5105886379881837,2.2542936327307515,486079ba00a38cad0ce031d604decbac0821b781beb2e931e8a2d9c7e4c39352,"{""baseline"": 0.5425452045201435, ""control_residual_rms"": 0.1540056079175461, ""control_slew_rms"": 0.022315454922299305, ""epoch"": 314, ""gradient_norm_before_clip"": 2.2542936327307515, ""ground_outcome_fraction"": 0.8416666666666667, ""loss"": -1.3608403285467627, ""mean_reward"": 0.5105886379881837, ""score_path"": 0.850251932715647}"
training_epoch,2,811,training,,315,mean_reward,0.5857847843120442,1.9852036873023737,486079ba00a38cad0ce031d604decbac0821b781beb2e931e8a2d9c7e4c39352,"{""baseline"": 0.5447071835097386, ""control_residual_rms"": 0.15493186896796052, ""control_slew_rms"": 0.021895406127087052, ""epoch"": 315, ""gradient_norm_before_clip"": 1.9852036873023737, ""ground_outcome_fraction"": 0.8583333333333333, ""loss"": -0.5908103392180196, ""mean_reward"": 0.5857847843120442, ""score_path"": 0.0050257997389038245}"
training_epoch,2,811,training,,316,mean_reward,0.555618450118014,3.2375922764517036,486079ba00a38cad0ce031d604decbac0821b781beb2e931e8a2d9c7e4c39352,"{""baseline"": 0.5452527468401523, ""control_residual_rms"": 0.1564179445411562, ""control_slew_rms"": 0.021625130921493523, ""epoch"": 316, ""gradient_norm_before_clip"": 3.2375922764517036, ""ground_outcome_fraction"": 0.8666666666666667, ""loss"": -1.091883410641267, ""mean_reward"": 0.555618450118014, ""score_path"": 0.5362652098654493}"
training_epoch,2,811,training,,317,mean_reward,0.6287858845094357,2.193430826112025,486079ba00a38cad0ce031d604decbac0821b781beb2e931e8a2d9c7e4c39352,"{""baseline"": 0.5494294037236165, ""control_residual_rms"": 0.15912615290065535, ""control_slew_rms"": 0.02023023764936113, ""epoch"": 317, ""gradient_norm_before_clip"": 2.193430826112025, ""ground_outcome_fraction"": 0.8916666666666666, ""loss"": -0.08946251986113059, ""mean_reward"": 0.6287858845094357, ""score_path"": -0.5393231073443546}"
training_epoch,2,811,training,,318,mean_reward,0.6234962626806535,1.1933333746487644,486079ba00a38cad0ce031d604decbac0821b781beb2e931e8a2d9c7e4c39352,"{""baseline"": 0.5531327466714683, ""control_residual_rms"": 0.1605276769923904, ""control_slew_rms"": 0.018531406493877134, ""epoch"": 318, ""gradient_norm_before_clip"": 1.1933333746487644, ""ground_outcome_fraction"": 0.9166666666666666, ""loss"": -0.393938439876017, ""mean_reward"": 0.6234962626806535, ""score_path"": -0.22955756167915542}"
training_epoch,2,811,training,,319,mean_reward,0.4984376903110324,3.0288059357743857,486079ba00a38cad0ce031d604decbac0821b781beb2e931e8a2d9c7e4c39352,"{""baseline"": 0.5503979938534465, ""control_residual_rms"": 0.15638148396478588, ""control_slew_rms"": 0.02220994583626529, ""epoch"": 319, ""gradient_norm_before_clip"": 3.0288059357743857, ""ground_outcome_fraction"": 0.8583333333333333, ""loss"": -1.5272547497469344, ""mean_reward"": 0.4984376903110324, ""score_path"": 1.0288173089204045}"
training_epoch,2,811,training,,320,mean_reward,0.4813611063880475,1.4600197044847527,486079ba00a38cad0ce031d604decbac0821b781beb2e931e8a2d9c7e4c39352,"{""baseline"": 0.5469461494801765, ""control_residual_rms"": 0.1535996649316214, ""control_slew_rms"": 0.024548828724390227, ""epoch"": 320, ""gradient_norm_before_clip"": 1.4600197044847527, ""ground_outcome_fraction"": 0.8083333333333333, ""loss"": -1.6775307731105704, ""mean_reward"": 0.4813611063880475, ""score_path"": 1.1961699086775437}"
validation_checkpoint,2,811,validation,,0,selection_score,0.30231907570579764,,486079ba00a38cad0ce031d604decbac0821b781beb2e931e8a2d9c7e4c39352,"{""fidelity_effective_lifetime_cycles"": 3.5919712321007014, ""fidelity_normalized_auc"": 0.3364629308753555, ""logical_z_effective_lifetime_cycles"": 2.76470444443206, ""logical_z_normalized_auc"": 0.2681752205362398}"
validation_checkpoint,2,811,validation,,40,selection_score,0.37954449543545804,,486079ba00a38cad0ce031d604decbac0821b781beb2e931e8a2d9c7e4c39352,"{""fidelity_effective_lifetime_cycles"": 4.640545646606718, ""fidelity_normalized_auc"": 0.4090830108921265, ""logical_z_effective_lifetime_cycles"": 3.7855761183700256, ""logical_z_normalized_auc"": 0.35000597997878957}"
validation_checkpoint,2,811,validation,,80,selection_score,0.5292243712309508,,486079ba00a38cad0ce031d604decbac0821b781beb2e931e8a2d9c7e4c39352,"{""fidelity_effective_lifetime_cycles"": 7.63766721596275, ""fidelity_normalized_auc"": 0.5553240711184174, ""logical_z_effective_lifetime_cycles"": 6.427807186996152, ""logical_z_normalized_auc"": 0.503124671343484}"
validation_checkpoint,2,811,validation,,120,selection_score,0.5722871705476754,,486079ba00a38cad0ce031d604decbac0821b781beb2e931e8a2d9c7e4c39352,"{""fidelity_effective_lifetime_cycles"": 8.884365755369538, ""fidelity_normalized_auc"": 0.5995180807286111, ""logical_z_effective_lifetime_cycles"": 7.355163108257636, ""logical_z_normalized_auc"": 0.5450562603667397}"
validation_checkpoint,2,811,validation,,160,selection_score,0.572443427112676,,486079ba00a38cad0ce031d604decbac0821b781beb2e931e8a2d9c7e4c39352,"{""fidelity_effective_lifetime_cycles"": 8.936461279450981, ""fidelity_normalized_auc"": 0.600766806448501, ""logical_z_effective_lifetime_cycles"": 7.355083086013878, ""logical_z_normalized_auc"": 0.5441200477768511}"
validation_checkpoint,2,811,validation,,200,selection_score,0.5785059021543506,,486079ba00a38cad0ce031d604decbac0821b781beb2e931e8a2d9c7e4c39352,"{""fidelity_effective_lifetime_cycles"": 9.174472343526078, ""fidelity_normalized_auc"": 0.6081056891945111, ""logical_z_effective_lifetime_cycles"": 7.4701754291661135, ""logical_z_normalized_auc"": 0.5489061151141901}"
validation_checkpoint,2,811,validation,,240,selection_score,0.5790628353991002,,486079ba00a38cad0ce031d604decbac0821b781beb2e931e8a2d9c7e4c39352,"{""fidelity_effective_lifetime_cycles"": 9.215000981983279, ""fidelity_normalized_auc"": 0.6095788962289039, ""logical_z_effective_lifetime_cycles"": 7.435250195310548, ""logical_z_normalized_auc"": 0.5485467745692965}"
validation_checkpoint,2,811,validation,,280,selection_score,0.5824315394193238,,486079ba00a38cad0ce031d604decbac0821b781beb2e931e8a2d9c7e4c39352,"{""fidelity_effective_lifetime_cycles"": 9.286258222759773, ""fidelity_normalized_auc"": 0.6115161846909877, ""logical_z_effective_lifetime_cycles"": 7.564180490970411, ""logical_z_normalized_auc"": 0.5533468941476599}"
validation_checkpoint,2,811,validation,,320,selection_score,0.5867017738638844,,486079ba00a38cad0ce031d604decbac0821b781beb2e931e8a2d9c7e4c39352,"{""fidelity_effective_lifetime_cycles"": 9.422688817744492, ""fidelity_normalized_auc"": 0.6151806704114626, ""logical_z_effective_lifetime_cycles"": 7.710129457518049, ""logical_z_normalized_auc"": 0.5582228773163063}"
held_out_metric,2,811,evaluation,12,,fidelity_effective_lifetime_cycles,9.037036109007438,0.6048529604137615,486079ba00a38cad0ce031d604decbac0821b781beb2e931e8a2d9c7e4c39352,"{""data_seed"": 42013, ""maximum_hermiticity_error"": 0.0, ""maximum_trace_error"": 2.220446049250313e-16, ""minimum_final_eigenvalue"": 0.0, ""trajectory_count"": 64}"
held_out_metric,2,811,evaluation,12,,logical_z_effective_lifetime_cycles,7.243034516624451,0.5422002376416448,486079ba00a38cad0ce031d604decbac0821b781beb2e931e8a2d9c7e4c39352,"{""data_seed"": 42013, ""maximum_hermiticity_error"": 0.0, ""maximum_trace_error"": 2.220446049250313e-16, ""minimum_final_eigenvalue"": 0.0, ""trajectory_count"": 64}"
held_out_metric,2,811,evaluation,12,,fidelity_effective_lifetime_cycles,8.68284363034915,0.5938196124605415,486079ba00a38cad0ce031d604decbac0821b781beb2e931e8a2d9c7e4c39352,"{""data_seed"": 42017, ""maximum_hermiticity_error"": 0.0, ""maximum_trace_error"": 4.440892098500626e-16, ""minimum_final_eigenvalue"": 0.0, ""trajectory_count"": 64}"
held_out_metric,2,811,evaluation,12,,logical_z_effective_lifetime_cycles,6.898021922463601,0.5279450801531874,486079ba00a38cad0ce031d604decbac0821b781beb2e931e8a2d9c7e4c39352,"{""data_seed"": 42017, ""maximum_hermiticity_error"": 0.0, ""maximum_trace_error"": 4.440892098500626e-16, ""minimum_final_eigenvalue"": 0.0, ""trajectory_count"": 64}"
held_out_metric,2,811,evaluation,12,,fidelity_effective_lifetime_cycles,8.714445503233488,0.5948279881358467,486079ba00a38cad0ce031d604decbac0821b781beb2e931e8a2d9c7e4c39352,"{""data_seed"": 42019, ""maximum_hermiticity_error"": 0.0, ""maximum_trace_error"": 4.440892098500626e-16, ""minimum_final_eigenvalue"": 0.0, ""trajectory_count"": 64}"
held_out_metric,2,811,evaluation,12,,logical_z_effective_lifetime_cycles,6.862348864751814,0.5264237091836387,486079ba00a38cad0ce031d604decbac0821b781beb2e931e8a2d9c7e4c39352,"{""data_seed"": 42019, ""maximum_hermiticity_error"": 0.0, ""maximum_trace_error"": 4.440892098500626e-16, ""minimum_final_eigenvalue"": 0.0, ""trajectory_count"": 64}"
held_out_metric,2,811,evaluation,12,,fidelity_effective_lifetime_cycles,9.035593612334392,0.6048091945751178,486079ba00a38cad0ce031d604decbac0821b781beb2e931e8a2d9c7e4c39352,"{""data_seed"": 42023, ""maximum_hermiticity_error"": 0.0, ""maximum_trace_error"": 3.3306690738754696e-16, ""minimum_final_eigenvalue"": 0.0, ""trajectory_count"": 64}"
held_out_metric,2,811,evaluation,12,,logical_z_effective_lifetime_cycles,7.352968513845804,0.5465740359795513,486079ba00a38cad0ce031d604decbac0821b781beb2e931e8a2d9c7e4c39352,"{""data_seed"": 42023, ""maximum_hermiticity_error"": 0.0, ""maximum_trace_error"": 3.3306690738754696e-16, ""minimum_final_eigenvalue"": 0.0, ""trajectory_count"": 64}"
held_out_metric,2,811,evaluation,12,,fidelity_effective_lifetime_cycles,8.416937289905277,0.585140645966659,486079ba00a38cad0ce031d604decbac0821b781beb2e931e8a2d9c7e4c39352,"{""data_seed"": 42043, ""maximum_hermiticity_error"": 0.0, ""maximum_trace_error"": 3.3306690738754696e-16, ""minimum_final_eigenvalue"": 0.0, ""trajectory_count"": 64}"
held_out_metric,2,811,evaluation,12,,logical_z_effective_lifetime_cycles,6.4860007647822115,0.5098000563286406,486079ba00a38cad0ce031d604decbac0821b781beb2e931e8a2d9c7e4c39352,"{""data_seed"": 42043, ""maximum_hermiticity_error"": 0.0, ""maximum_trace_error"": 3.3306690738754696e-16, ""minimum_final_eigenvalue"": 0.0, ""trajectory_count"": 64}"
held_out_metric,2,811,evaluation,12,,fidelity_effective_lifetime_cycles,9.012698556581238,0.6041133002049919,486079ba00a38cad0ce031d604decbac0821b781beb2e931e8a2d9c7e4c39352,"{""data_seed"": 42061, ""maximum_hermiticity_error"": 0.0, ""maximum_trace_error"": 4.440892098500626e-16, ""minimum_final_eigenvalue"": 0.0, ""trajectory_count"": 64}"
held_out_metric,2,811,evaluation,12,,logical_z_effective_lifetime_cycles,7.189589638662881,0.5400451301665157,486079ba00a38cad0ce031d604decbac0821b781beb2e931e8a2d9c7e4c39352,"{""data_seed"": 42061, ""maximum_hermiticity_error"": 0.0, ""maximum_trace_error"": 4.440892098500626e-16, ""minimum_final_eigenvalue"": 0.0, ""trajectory_count"": 64}"
held_out_metric,2,811,evaluation,12,,fidelity_effective_lifetime_cycles,8.78452606327414,0.5970471265868944,486079ba00a38cad0ce031d604decbac0821b781beb2e931e8a2d9c7e4c39352,"{""data_seed"": 42071, ""maximum_hermiticity_error"": 0.0, ""maximum_trace_error"": 3.3306690738754696e-16, ""minimum_final_eigenvalue"": 0.0, ""trajectory_count"": 64}"
held_out_metric,2,811,evaluation,12,,logical_z_effective_lifetime_cycles,6.940173202647445,0.5297310120416067,486079ba00a38cad0ce031d604decbac0821b781beb2e931e8a2d9c7e4c39352,"{""data_seed"": 42071, ""maximum_hermiticity_error"": 0.0, ""maximum_trace_error"": 3.3306690738754696e-16, ""minimum_final_eigenvalue"": 0.0, ""trajectory_count"": 64}"
held_out_metric,2,811,evaluation,12,,fidelity_effective_lifetime_cycles,9.383175598115212,0.6150917547517738,486079ba00a38cad0ce031d604decbac0821b781beb2e931e8a2d9c7e4c39352,"{""data_seed"": 42073, ""maximum_hermiticity_error"": 0.0, ""maximum_trace_error"": 4.440892098500626e-16, ""minimum_final_eigenvalue"": 0.0, ""trajectory_count"": 64}"
held_out_metric,2,811,evaluation,12,,logical_z_effective_lifetime_cycles,7.7121027746208455,0.5603284637502935,486079ba00a38cad0ce031d604decbac0821b781beb2e931e8a2d9c7e4c39352,"{""data_seed"": 42073, ""maximum_hermiticity_error"": 0.0, ""maximum_trace_error"": 4.440892098500626e-16, ""minimum_final_eigenvalue"": 0.0, ""trajectory_count"": 64}"
held_out_metric,2,811,confirmation,16,,fidelity_effective_lifetime_cycles,10.285187312555522,0.6395095731567484,486079ba00a38cad0ce031d604decbac0821b781beb2e931e8a2d9c7e4c39352,"{""data_seed"": 43003, ""maximum_hermiticity_error"": 0.0, ""maximum_trace_error"": 3.3306690738754696e-16, ""minimum_final_eigenvalue"": 0.0, ""trajectory_count"": 32}"
held_out_metric,2,811,confirmation,16,,logical_z_effective_lifetime_cycles,8.84761294768673,0.5990249460794658,486079ba00a38cad0ce031d604decbac0821b781beb2e931e8a2d9c7e4c39352,"{""data_seed"": 43003, ""maximum_hermiticity_error"": 0.0, ""maximum_trace_error"": 3.3306690738754696e-16, ""minimum_final_eigenvalue"": 0.0, ""trajectory_count"": 32}"
held_out_metric,2,811,confirmation,16,,fidelity_effective_lifetime_cycles,9.680305141609697,0.6234808226789647,486079ba00a38cad0ce031d604decbac0821b781beb2e931e8a2d9c7e4c39352,"{""data_seed"": 43013, ""maximum_hermiticity_error"": 0.0, ""maximum_trace_error"": 3.3306690738754696e-16, ""minimum_final_eigenvalue"": 0.0, ""trajectory_count"": 32}"
held_out_metric,2,811,confirmation,16,,logical_z_effective_lifetime_cycles,7.900411557130273,0.5672291937622813,486079ba00a38cad0ce031d604decbac0821b781beb2e931e8a2d9c7e4c39352,"{""data_seed"": 43013, ""maximum_hermiticity_error"": 0.0, ""maximum_trace_error"": 3.3306690738754696e-16, ""minimum_final_eigenvalue"": 0.0, ""trajectory_count"": 32}"
held_out_metric,2,811,confirmation,16,,fidelity_effective_lifetime_cycles,9.526674247230105,0.6191878539838641,486079ba00a38cad0ce031d604decbac0821b781beb2e931e8a2d9c7e4c39352,"{""data_seed"": 43019, ""maximum_hermiticity_error"": 0.0, ""maximum_trace_error"": 4.440892098500626e-16, ""minimum_final_eigenvalue"": 0.0, ""trajectory_count"": 32}"
held_out_metric,2,811,confirmation,16,,logical_z_effective_lifetime_cycles,7.648351151157886,0.5579447687027732,486079ba00a38cad0ce031d604decbac0821b781beb2e931e8a2d9c7e4c39352,"{""data_seed"": 43019, ""maximum_hermiticity_error"": 0.0, ""maximum_trace_error"": 4.440892098500626e-16, ""minimum_final_eigenvalue"": 0.0, ""trajectory_count"": 32}"
held_out_metric,2,811,confirmation,16,,fidelity_effective_lifetime_cycles,9.576242640685603,0.6205832616198285,486079ba00a38cad0ce031d604decbac0821b781beb2e931e8a2d9c7e4c39352,"{""data_seed"": 43037, ""maximum_hermiticity_error"": 0.0, ""maximum_trace_error"": 4.440892098500626e-16, ""minimum_final_eigenvalue"": 0.0, ""trajectory_count"": 32}"
held_out_metric,2,811,confirmation,16,,logical_z_effective_lifetime_cycles,7.726898328245966,0.5608781980170645,486079ba00a38cad0ce031d604decbac0821b781beb2e931e8a2d9c7e4c39352,"{""data_seed"": 43037, ""maximum_hermiticity_error"": 0.0, ""maximum_trace_error"": 4.440892098500626e-16, ""minimum_final_eigenvalue"": 0.0, ""trajectory_count"": 32}"
action_bound,0,601,contract,,,layer1_phi,2.0,1.5707963267948966,aee37f0ca66257cda39ae5143305a583504e6068b837b04cdaca8c94a67ea076,
action_bound,0,601,contract,,,layer1_theta,2.0,1.5707963267948966,aee37f0ca66257cda39ae5143305a583504e6068b837b04cdaca8c94a67ea076,
action_bound,0,601,contract,,,layer1_beta_real,2.0,0.0,aee37f0ca66257cda39ae5143305a583504e6068b837b04cdaca8c94a67ea076,
action_bound,0,601,contract,,,layer1_beta_imag,2.0,0.2,aee37f0ca66257cda39ae5143305a583504e6068b837b04cdaca8c94a67ea076,
action_bound,0,601,contract,,,layer2_phi,2.0,0.0,aee37f0ca66257cda39ae5143305a583504e6068b837b04cdaca8c94a67ea076,
action_bound,0,601,contract,,,layer2_theta,2.0,-1.5707963267948966,aee37f0ca66257cda39ae5143305a583504e6068b837b04cdaca8c94a67ea076,
action_bound,0,601,contract,,,layer2_beta_real,2.0,2.5066282746310002,aee37f0ca66257cda39ae5143305a583504e6068b837b04cdaca8c94a67ea076,
action_bound,0,601,contract,,,layer2_beta_imag,2.0,0.0,aee37f0ca66257cda39ae5143305a583504e6068b837b04cdaca8c94a67ea076,
action_bound,0,601,contract,,,layer3_phi,2.0,0.0,aee37f0ca66257cda39ae5143305a583504e6068b837b04cdaca8c94a67ea076,
action_bound,0,601,contract,,,layer3_theta,2.0,1.5707963267948966,aee37f0ca66257cda39ae5143305a583504e6068b837b04cdaca8c94a67ea076,
action_bound,0,601,contract,,,layer3_beta_real,2.0,0.0,aee37f0ca66257cda39ae5143305a583504e6068b837b04cdaca8c94a67ea076,
action_bound,0,601,contract,,,layer3_beta_imag,2.0,0.2,aee37f0ca66257cda39ae5143305a583504e6068b837b04cdaca8c94a67ea076,
action_bound,0,601,contract,,,layer4_phi,2.0,1.5707963267948966,aee37f0ca66257cda39ae5143305a583504e6068b837b04cdaca8c94a67ea076,
action_bound,0,601,contract,,,layer4_theta,2.0,-1.5707963267948966,aee37f0ca66257cda39ae5143305a583504e6068b837b04cdaca8c94a67ea076,
action_bound,0,601,contract,,,virtual_rotation,1.0,1.5707963267948966,aee37f0ca66257cda39ae5143305a583504e6068b837b04cdaca8c94a67ea076,
