row_type,seed,profile_id,amplitude_over_lattice,logical_distance,metric,value,ci_low,ci_high,status_or_scope,trace_sha256,source_task
parent_artifact,,,,,docs/t2_0_5_displacement_fault_trend.json,14f5fcb38707a15178a71528723dc51f9e86a258d97a4b780062e94a0d99a415,,,True,,T2.0.5
parent_artifact,,,,,docs/t5_1_2_mixed_scenario_matrix.json,0f0337527d56485100de967ff1ff475993e8472d875d033aff01558f3d35918d,,,True,,T5.1.2
parent_artifact,,,,,docs/t2_3_3_cross_fidelity_validation.json,bb524810e4bcb87e3d4f855ed156fac4555a5752c24555e93823c2779e40e386,,,True,,T2.3.3
parent_artifact,,,,,docs/t5_1_6_experimental_feasibility.json,1dacc4344cf7790ee3447f7d841369e2c43a560b8302f8feb340a479a181b090,,,True,,T5.1.6
implementation_binding,,,,,cnn_fpga/benchmark/displacement_large_error_causal.py,8eb60c401e786dc93d58f04845af4a5a65d8b428168c15dc30c4db00141c8f5c,,,current,,T5.2.1
implementation_binding,,,,,physics/sbs_displacement_fault.py,eb0ec42a55f573cb2f56d54808e8547ae30afbb4249e1f7fbced8cdb7b73cc5f,,,current,,T5.2.1
implementation_binding,,,,,physics/ideal_gkp_decoder.py,b60d529aaa337c3a3d6104f1790e178e4108de5be2eea12ee7d28ac21b17c53a,,,current,,T5.2.1
recovery_seed_metric,202607162101,,0.0,0.0,mean_initial_recovery_depth,0.0,,,protocol_aligned_component,d3f0978ffb2b544c9323fac88ddff4995e6036c7d2f251f4f7628a218171b22a,T5.2.1
recovery_seed_metric,202607162101,,0.0,0.0,mean_observed_same_quadrature_max_e_run,0.1044921875,,,protocol_aligned_component,d3f0978ffb2b544c9323fac88ddff4995e6036c7d2f251f4f7628a218171b22a,T5.2.1
recovery_seed_metric,202607162101,,0.0,0.0,mean_ideal_same_quadrature_max_e_run,0.0,,,protocol_aligned_component,d3f0978ffb2b544c9323fac88ddff4995e6036c7d2f251f4f7628a218171b22a,T5.2.1
recovery_seed_metric,202607162101,,0.0,0.0,mean_restricted_recovery_cycles,0.0,,,protocol_aligned_component,d3f0978ffb2b544c9323fac88ddff4995e6036c7d2f251f4f7628a218171b22a,T5.2.1
recovery_seed_metric,202607162101,,0.0,0.0,recovered_fraction_by_horizon,1.0,,,protocol_aligned_component,d3f0978ffb2b544c9323fac88ddff4995e6036c7d2f251f4f7628a218171b22a,T5.2.1
recovery_seed_metric,202607162101,,0.0,0.0,unaffected_e_probability_max,0.0078125,,,protocol_aligned_component,d3f0978ffb2b544c9323fac88ddff4995e6036c7d2f251f4f7628a218171b22a,T5.2.1
recovery_seed_metric,202607162101,,0.03125,0.125,mean_initial_recovery_depth,0.7490234375,,,protocol_aligned_component,34b362ec455d209f6598bb15fe0d1bdef765be6f071ef404fe8517b487a7300f,T5.2.1
recovery_seed_metric,202607162101,,0.03125,0.125,mean_observed_same_quadrature_max_e_run,0.755615234375,,,protocol_aligned_component,34b362ec455d209f6598bb15fe0d1bdef765be6f071ef404fe8517b487a7300f,T5.2.1
recovery_seed_metric,202607162101,,0.03125,0.125,mean_ideal_same_quadrature_max_e_run,0.73046875,,,protocol_aligned_component,34b362ec455d209f6598bb15fe0d1bdef765be6f071ef404fe8517b487a7300f,T5.2.1
recovery_seed_metric,202607162101,,0.03125,0.125,mean_restricted_recovery_cycles,0.835693359375,,,protocol_aligned_component,34b362ec455d209f6598bb15fe0d1bdef765be6f071ef404fe8517b487a7300f,T5.2.1
recovery_seed_metric,202607162101,,0.03125,0.125,recovered_fraction_by_horizon,1.0,,,protocol_aligned_component,34b362ec455d209f6598bb15fe0d1bdef765be6f071ef404fe8517b487a7300f,T5.2.1
recovery_seed_metric,202607162101,,0.03125,0.125,unaffected_e_probability_max,0.015625,,,protocol_aligned_component,34b362ec455d209f6598bb15fe0d1bdef765be6f071ef404fe8517b487a7300f,T5.2.1
recovery_seed_metric,202607162101,,0.0625,0.25,mean_initial_recovery_depth,1.482177734375,,,protocol_aligned_component,a950da76a9bb571e3bc54037806a72eb536ffb2891e57f2fca17385bdfb8a1de,T5.2.1
recovery_seed_metric,202607162101,,0.0625,0.25,mean_observed_same_quadrature_max_e_run,1.383056640625,,,protocol_aligned_component,a950da76a9bb571e3bc54037806a72eb536ffb2891e57f2fca17385bdfb8a1de,T5.2.1
recovery_seed_metric,202607162101,,0.0625,0.25,mean_ideal_same_quadrature_max_e_run,1.39404296875,,,protocol_aligned_component,a950da76a9bb571e3bc54037806a72eb536ffb2891e57f2fca17385bdfb8a1de,T5.2.1
recovery_seed_metric,202607162101,,0.0625,0.25,mean_restricted_recovery_cycles,1.682861328125,,,protocol_aligned_component,a950da76a9bb571e3bc54037806a72eb536ffb2891e57f2fca17385bdfb8a1de,T5.2.1
recovery_seed_metric,202607162101,,0.0625,0.25,recovered_fraction_by_horizon,1.0,,,protocol_aligned_component,a950da76a9bb571e3bc54037806a72eb536ffb2891e57f2fca17385bdfb8a1de,T5.2.1
recovery_seed_metric,202607162101,,0.0625,0.25,unaffected_e_probability_max,0.019775390625,,,protocol_aligned_component,a950da76a9bb571e3bc54037806a72eb536ffb2891e57f2fca17385bdfb8a1de,T5.2.1
recovery_seed_metric,202607162101,,0.09375,0.375,mean_initial_recovery_depth,2.238037109375,,,protocol_aligned_component,c8b56a2a5d7abb35dfac5b4081b68e10c588354353ab128e5cd01e3b16b5129a,T5.2.1
recovery_seed_metric,202607162101,,0.09375,0.375,mean_observed_same_quadrature_max_e_run,2.020751953125,,,protocol_aligned_component,c8b56a2a5d7abb35dfac5b4081b68e10c588354353ab128e5cd01e3b16b5129a,T5.2.1
recovery_seed_metric,202607162101,,0.09375,0.375,mean_ideal_same_quadrature_max_e_run,2.05224609375,,,protocol_aligned_component,c8b56a2a5d7abb35dfac5b4081b68e10c588354353ab128e5cd01e3b16b5129a,T5.2.1
recovery_seed_metric,202607162101,,0.09375,0.375,mean_restricted_recovery_cycles,2.547119140625,,,protocol_aligned_component,c8b56a2a5d7abb35dfac5b4081b68e10c588354353ab128e5cd01e3b16b5129a,T5.2.1
recovery_seed_metric,202607162101,,0.09375,0.375,recovered_fraction_by_horizon,1.0,,,protocol_aligned_component,c8b56a2a5d7abb35dfac5b4081b68e10c588354353ab128e5cd01e3b16b5129a,T5.2.1
recovery_seed_metric,202607162101,,0.09375,0.375,unaffected_e_probability_max,0.021484375,,,protocol_aligned_component,c8b56a2a5d7abb35dfac5b4081b68e10c588354353ab128e5cd01e3b16b5129a,T5.2.1
recovery_seed_metric,202607162101,,0.125,0.5,mean_initial_recovery_depth,2.998779296875,,,protocol_aligned_component,aa214e69b0932cb2841d60ac521c77ca162225b35ae3fe78a0c4bd4ed9dd84d7,T5.2.1
recovery_seed_metric,202607162101,,0.125,0.5,mean_observed_same_quadrature_max_e_run,2.637939453125,,,protocol_aligned_component,aa214e69b0932cb2841d60ac521c77ca162225b35ae3fe78a0c4bd4ed9dd84d7,T5.2.1
recovery_seed_metric,202607162101,,0.125,0.5,mean_ideal_same_quadrature_max_e_run,2.693603515625,,,protocol_aligned_component,aa214e69b0932cb2841d60ac521c77ca162225b35ae3fe78a0c4bd4ed9dd84d7,T5.2.1
recovery_seed_metric,202607162101,,0.125,0.5,mean_restricted_recovery_cycles,3.41650390625,,,protocol_aligned_component,aa214e69b0932cb2841d60ac521c77ca162225b35ae3fe78a0c4bd4ed9dd84d7,T5.2.1
recovery_seed_metric,202607162101,,0.125,0.5,recovered_fraction_by_horizon,1.0,,,protocol_aligned_component,aa214e69b0932cb2841d60ac521c77ca162225b35ae3fe78a0c4bd4ed9dd84d7,T5.2.1
recovery_seed_metric,202607162101,,0.125,0.5,unaffected_e_probability_max,0.022216796875,,,protocol_aligned_component,aa214e69b0932cb2841d60ac521c77ca162225b35ae3fe78a0c4bd4ed9dd84d7,T5.2.1
recovery_seed_metric,202607162101,,0.15625,0.625,mean_initial_recovery_depth,3.761962890625,,,protocol_aligned_component,71d1a948a48cb0d7e9e9ad9a6f49b636c328c9999339962d1e4b4bd656972e04,T5.2.1
recovery_seed_metric,202607162101,,0.15625,0.625,mean_observed_same_quadrature_max_e_run,3.235107421875,,,protocol_aligned_component,71d1a948a48cb0d7e9e9ad9a6f49b636c328c9999339962d1e4b4bd656972e04,T5.2.1
recovery_seed_metric,202607162101,,0.15625,0.625,mean_ideal_same_quadrature_max_e_run,3.30859375,,,protocol_aligned_component,71d1a948a48cb0d7e9e9ad9a6f49b636c328c9999339962d1e4b4bd656972e04,T5.2.1
recovery_seed_metric,202607162101,,0.15625,0.625,mean_restricted_recovery_cycles,4.2890625,,,protocol_aligned_component,71d1a948a48cb0d7e9e9ad9a6f49b636c328c9999339962d1e4b4bd656972e04,T5.2.1
recovery_seed_metric,202607162101,,0.15625,0.625,recovered_fraction_by_horizon,1.0,,,protocol_aligned_component,71d1a948a48cb0d7e9e9ad9a6f49b636c328c9999339962d1e4b4bd656972e04,T5.2.1
recovery_seed_metric,202607162101,,0.15625,0.625,unaffected_e_probability_max,0.0224609375,,,protocol_aligned_component,71d1a948a48cb0d7e9e9ad9a6f49b636c328c9999339962d1e4b4bd656972e04,T5.2.1
recovery_seed_metric,202607162101,,0.1875,0.75,mean_initial_recovery_depth,4.517822265625,,,protocol_aligned_component,f32c33e94e809bb0e5ab18ecec60f7b73d741fb7b326b151e7f57d39fda1e2e1,T5.2.1
recovery_seed_metric,202607162101,,0.1875,0.75,mean_observed_same_quadrature_max_e_run,3.81103515625,,,protocol_aligned_component,f32c33e94e809bb0e5ab18ecec60f7b73d741fb7b326b151e7f57d39fda1e2e1,T5.2.1
recovery_seed_metric,202607162101,,0.1875,0.75,mean_ideal_same_quadrature_max_e_run,3.9130859375,,,protocol_aligned_component,f32c33e94e809bb0e5ab18ecec60f7b73d741fb7b326b151e7f57d39fda1e2e1,T5.2.1
recovery_seed_metric,202607162101,,0.1875,0.75,mean_restricted_recovery_cycles,5.140869140625,,,protocol_aligned_component,f32c33e94e809bb0e5ab18ecec60f7b73d741fb7b326b151e7f57d39fda1e2e1,T5.2.1
recovery_seed_metric,202607162101,,0.1875,0.75,recovered_fraction_by_horizon,1.0,,,protocol_aligned_component,f32c33e94e809bb0e5ab18ecec60f7b73d741fb7b326b151e7f57d39fda1e2e1,T5.2.1
recovery_seed_metric,202607162101,,0.1875,0.75,unaffected_e_probability_max,0.022705078125,,,protocol_aligned_component,f32c33e94e809bb0e5ab18ecec60f7b73d741fb7b326b151e7f57d39fda1e2e1,T5.2.1
recovery_seed_metric,202607162101,,0.21875,0.875,mean_initial_recovery_depth,5.2509765625,,,protocol_aligned_component,df3d9724eb35416557f113eb87ba187341a5215bd233bd7fc3fba563d67f8cf4,T5.2.1
recovery_seed_metric,202607162101,,0.21875,0.875,mean_observed_same_quadrature_max_e_run,4.343994140625,,,protocol_aligned_component,df3d9724eb35416557f113eb87ba187341a5215bd233bd7fc3fba563d67f8cf4,T5.2.1
recovery_seed_metric,202607162101,,0.21875,0.875,mean_ideal_same_quadrature_max_e_run,4.4658203125,,,protocol_aligned_component,df3d9724eb35416557f113eb87ba187341a5215bd233bd7fc3fba563d67f8cf4,T5.2.1
recovery_seed_metric,202607162101,,0.21875,0.875,mean_restricted_recovery_cycles,5.977294921875,,,protocol_aligned_component,df3d9724eb35416557f113eb87ba187341a5215bd233bd7fc3fba563d67f8cf4,T5.2.1
recovery_seed_metric,202607162101,,0.21875,0.875,recovered_fraction_by_horizon,1.0,,,protocol_aligned_component,df3d9724eb35416557f113eb87ba187341a5215bd233bd7fc3fba563d67f8cf4,T5.2.1
recovery_seed_metric,202607162101,,0.21875,0.875,unaffected_e_probability_max,0.022216796875,,,protocol_aligned_component,df3d9724eb35416557f113eb87ba187341a5215bd233bd7fc3fba563d67f8cf4,T5.2.1
recovery_seed_metric,202607162101,,0.25,1.0,mean_initial_recovery_depth,6.0,,,protocol_aligned_component,c5d77cbc3f9eca151c31d83d98472b8c118ca8c150b62479c3160622baa2ded6,T5.2.1
recovery_seed_metric,202607162101,,0.25,1.0,mean_observed_same_quadrature_max_e_run,4.861572265625,,,protocol_aligned_component,c5d77cbc3f9eca151c31d83d98472b8c118ca8c150b62479c3160622baa2ded6,T5.2.1
recovery_seed_metric,202607162101,,0.25,1.0,mean_ideal_same_quadrature_max_e_run,5.003662109375,,,protocol_aligned_component,c5d77cbc3f9eca151c31d83d98472b8c118ca8c150b62479c3160622baa2ded6,T5.2.1
recovery_seed_metric,202607162101,,0.25,1.0,mean_restricted_recovery_cycles,6.827880859375,,,protocol_aligned_component,c5d77cbc3f9eca151c31d83d98472b8c118ca8c150b62479c3160622baa2ded6,T5.2.1
recovery_seed_metric,202607162101,,0.25,1.0,recovered_fraction_by_horizon,1.0,,,protocol_aligned_component,c5d77cbc3f9eca151c31d83d98472b8c118ca8c150b62479c3160622baa2ded6,T5.2.1
recovery_seed_metric,202607162101,,0.25,1.0,unaffected_e_probability_max,0.023193359375,,,protocol_aligned_component,c5d77cbc3f9eca151c31d83d98472b8c118ca8c150b62479c3160622baa2ded6,T5.2.1
recovery_seed_metric,202607162101,,0.28125,0.875,mean_initial_recovery_depth,5.2509765625,,,protocol_aligned_component,df3d9724eb35416557f113eb87ba187341a5215bd233bd7fc3fba563d67f8cf4,T5.2.1
recovery_seed_metric,202607162101,,0.28125,0.875,mean_observed_same_quadrature_max_e_run,4.343994140625,,,protocol_aligned_component,df3d9724eb35416557f113eb87ba187341a5215bd233bd7fc3fba563d67f8cf4,T5.2.1
recovery_seed_metric,202607162101,,0.28125,0.875,mean_ideal_same_quadrature_max_e_run,4.4658203125,,,protocol_aligned_component,df3d9724eb35416557f113eb87ba187341a5215bd233bd7fc3fba563d67f8cf4,T5.2.1
recovery_seed_metric,202607162101,,0.28125,0.875,mean_restricted_recovery_cycles,5.977294921875,,,protocol_aligned_component,df3d9724eb35416557f113eb87ba187341a5215bd233bd7fc3fba563d67f8cf4,T5.2.1
recovery_seed_metric,202607162101,,0.28125,0.875,recovered_fraction_by_horizon,1.0,,,protocol_aligned_component,df3d9724eb35416557f113eb87ba187341a5215bd233bd7fc3fba563d67f8cf4,T5.2.1
recovery_seed_metric,202607162101,,0.28125,0.875,unaffected_e_probability_max,0.022216796875,,,protocol_aligned_component,df3d9724eb35416557f113eb87ba187341a5215bd233bd7fc3fba563d67f8cf4,T5.2.1
recovery_seed_metric,202607162101,,0.3125,0.75,mean_initial_recovery_depth,4.517822265625,,,protocol_aligned_component,f32c33e94e809bb0e5ab18ecec60f7b73d741fb7b326b151e7f57d39fda1e2e1,T5.2.1
recovery_seed_metric,202607162101,,0.3125,0.75,mean_observed_same_quadrature_max_e_run,3.81103515625,,,protocol_aligned_component,f32c33e94e809bb0e5ab18ecec60f7b73d741fb7b326b151e7f57d39fda1e2e1,T5.2.1
recovery_seed_metric,202607162101,,0.3125,0.75,mean_ideal_same_quadrature_max_e_run,3.9130859375,,,protocol_aligned_component,f32c33e94e809bb0e5ab18ecec60f7b73d741fb7b326b151e7f57d39fda1e2e1,T5.2.1
recovery_seed_metric,202607162101,,0.3125,0.75,mean_restricted_recovery_cycles,5.140869140625,,,protocol_aligned_component,f32c33e94e809bb0e5ab18ecec60f7b73d741fb7b326b151e7f57d39fda1e2e1,T5.2.1
recovery_seed_metric,202607162101,,0.3125,0.75,recovered_fraction_by_horizon,1.0,,,protocol_aligned_component,f32c33e94e809bb0e5ab18ecec60f7b73d741fb7b326b151e7f57d39fda1e2e1,T5.2.1
recovery_seed_metric,202607162101,,0.3125,0.75,unaffected_e_probability_max,0.022705078125,,,protocol_aligned_component,f32c33e94e809bb0e5ab18ecec60f7b73d741fb7b326b151e7f57d39fda1e2e1,T5.2.1
recovery_seed_metric,202607162101,,0.34375,0.625,mean_initial_recovery_depth,3.761962890625,,,protocol_aligned_component,71d1a948a48cb0d7e9e9ad9a6f49b636c328c9999339962d1e4b4bd656972e04,T5.2.1
recovery_seed_metric,202607162101,,0.34375,0.625,mean_observed_same_quadrature_max_e_run,3.235107421875,,,protocol_aligned_component,71d1a948a48cb0d7e9e9ad9a6f49b636c328c9999339962d1e4b4bd656972e04,T5.2.1
recovery_seed_metric,202607162101,,0.34375,0.625,mean_ideal_same_quadrature_max_e_run,3.30859375,,,protocol_aligned_component,71d1a948a48cb0d7e9e9ad9a6f49b636c328c9999339962d1e4b4bd656972e04,T5.2.1
recovery_seed_metric,202607162101,,0.34375,0.625,mean_restricted_recovery_cycles,4.2890625,,,protocol_aligned_component,71d1a948a48cb0d7e9e9ad9a6f49b636c328c9999339962d1e4b4bd656972e04,T5.2.1
recovery_seed_metric,202607162101,,0.34375,0.625,recovered_fraction_by_horizon,1.0,,,protocol_aligned_component,71d1a948a48cb0d7e9e9ad9a6f49b636c328c9999339962d1e4b4bd656972e04,T5.2.1
recovery_seed_metric,202607162101,,0.34375,0.625,unaffected_e_probability_max,0.0224609375,,,protocol_aligned_component,71d1a948a48cb0d7e9e9ad9a6f49b636c328c9999339962d1e4b4bd656972e04,T5.2.1
recovery_seed_metric,202607162101,,0.375,0.5,mean_initial_recovery_depth,2.998779296875,,,protocol_aligned_component,aa214e69b0932cb2841d60ac521c77ca162225b35ae3fe78a0c4bd4ed9dd84d7,T5.2.1
recovery_seed_metric,202607162101,,0.375,0.5,mean_observed_same_quadrature_max_e_run,2.637939453125,,,protocol_aligned_component,aa214e69b0932cb2841d60ac521c77ca162225b35ae3fe78a0c4bd4ed9dd84d7,T5.2.1
recovery_seed_metric,202607162101,,0.375,0.5,mean_ideal_same_quadrature_max_e_run,2.693603515625,,,protocol_aligned_component,aa214e69b0932cb2841d60ac521c77ca162225b35ae3fe78a0c4bd4ed9dd84d7,T5.2.1
recovery_seed_metric,202607162101,,0.375,0.5,mean_restricted_recovery_cycles,3.41650390625,,,protocol_aligned_component,aa214e69b0932cb2841d60ac521c77ca162225b35ae3fe78a0c4bd4ed9dd84d7,T5.2.1
recovery_seed_metric,202607162101,,0.375,0.5,recovered_fraction_by_horizon,1.0,,,protocol_aligned_component,aa214e69b0932cb2841d60ac521c77ca162225b35ae3fe78a0c4bd4ed9dd84d7,T5.2.1
recovery_seed_metric,202607162101,,0.375,0.5,unaffected_e_probability_max,0.022216796875,,,protocol_aligned_component,aa214e69b0932cb2841d60ac521c77ca162225b35ae3fe78a0c4bd4ed9dd84d7,T5.2.1
recovery_seed_metric,202607162101,,0.40625,0.375,mean_initial_recovery_depth,2.238037109375,,,protocol_aligned_component,c8b56a2a5d7abb35dfac5b4081b68e10c588354353ab128e5cd01e3b16b5129a,T5.2.1
recovery_seed_metric,202607162101,,0.40625,0.375,mean_observed_same_quadrature_max_e_run,2.020751953125,,,protocol_aligned_component,c8b56a2a5d7abb35dfac5b4081b68e10c588354353ab128e5cd01e3b16b5129a,T5.2.1
recovery_seed_metric,202607162101,,0.40625,0.375,mean_ideal_same_quadrature_max_e_run,2.05224609375,,,protocol_aligned_component,c8b56a2a5d7abb35dfac5b4081b68e10c588354353ab128e5cd01e3b16b5129a,T5.2.1
recovery_seed_metric,202607162101,,0.40625,0.375,mean_restricted_recovery_cycles,2.547119140625,,,protocol_aligned_component,c8b56a2a5d7abb35dfac5b4081b68e10c588354353ab128e5cd01e3b16b5129a,T5.2.1
recovery_seed_metric,202607162101,,0.40625,0.375,recovered_fraction_by_horizon,1.0,,,protocol_aligned_component,c8b56a2a5d7abb35dfac5b4081b68e10c588354353ab128e5cd01e3b16b5129a,T5.2.1
recovery_seed_metric,202607162101,,0.40625,0.375,unaffected_e_probability_max,0.021484375,,,protocol_aligned_component,c8b56a2a5d7abb35dfac5b4081b68e10c588354353ab128e5cd01e3b16b5129a,T5.2.1
recovery_seed_metric,202607162101,,0.4375,0.25,mean_initial_recovery_depth,1.482177734375,,,protocol_aligned_component,a950da76a9bb571e3bc54037806a72eb536ffb2891e57f2fca17385bdfb8a1de,T5.2.1
recovery_seed_metric,202607162101,,0.4375,0.25,mean_observed_same_quadrature_max_e_run,1.383056640625,,,protocol_aligned_component,a950da76a9bb571e3bc54037806a72eb536ffb2891e57f2fca17385bdfb8a1de,T5.2.1
recovery_seed_metric,202607162101,,0.4375,0.25,mean_ideal_same_quadrature_max_e_run,1.39404296875,,,protocol_aligned_component,a950da76a9bb571e3bc54037806a72eb536ffb2891e57f2fca17385bdfb8a1de,T5.2.1
recovery_seed_metric,202607162101,,0.4375,0.25,mean_restricted_recovery_cycles,1.682861328125,,,protocol_aligned_component,a950da76a9bb571e3bc54037806a72eb536ffb2891e57f2fca17385bdfb8a1de,T5.2.1
recovery_seed_metric,202607162101,,0.4375,0.25,recovered_fraction_by_horizon,1.0,,,protocol_aligned_component,a950da76a9bb571e3bc54037806a72eb536ffb2891e57f2fca17385bdfb8a1de,T5.2.1
recovery_seed_metric,202607162101,,0.4375,0.25,unaffected_e_probability_max,0.019775390625,,,protocol_aligned_component,a950da76a9bb571e3bc54037806a72eb536ffb2891e57f2fca17385bdfb8a1de,T5.2.1
recovery_seed_metric,202607162101,,0.46875,0.125,mean_initial_recovery_depth,0.7490234375,,,protocol_aligned_component,34b362ec455d209f6598bb15fe0d1bdef765be6f071ef404fe8517b487a7300f,T5.2.1
recovery_seed_metric,202607162101,,0.46875,0.125,mean_observed_same_quadrature_max_e_run,0.755615234375,,,protocol_aligned_component,34b362ec455d209f6598bb15fe0d1bdef765be6f071ef404fe8517b487a7300f,T5.2.1
recovery_seed_metric,202607162101,,0.46875,0.125,mean_ideal_same_quadrature_max_e_run,0.73046875,,,protocol_aligned_component,34b362ec455d209f6598bb15fe0d1bdef765be6f071ef404fe8517b487a7300f,T5.2.1
recovery_seed_metric,202607162101,,0.46875,0.125,mean_restricted_recovery_cycles,0.835693359375,,,protocol_aligned_component,34b362ec455d209f6598bb15fe0d1bdef765be6f071ef404fe8517b487a7300f,T5.2.1
recovery_seed_metric,202607162101,,0.46875,0.125,recovered_fraction_by_horizon,1.0,,,protocol_aligned_component,34b362ec455d209f6598bb15fe0d1bdef765be6f071ef404fe8517b487a7300f,T5.2.1
recovery_seed_metric,202607162101,,0.46875,0.125,unaffected_e_probability_max,0.015625,,,protocol_aligned_component,34b362ec455d209f6598bb15fe0d1bdef765be6f071ef404fe8517b487a7300f,T5.2.1
recovery_seed_metric,202607162101,,0.5,0.0,mean_initial_recovery_depth,0.0,,,protocol_aligned_component,d3f0978ffb2b544c9323fac88ddff4995e6036c7d2f251f4f7628a218171b22a,T5.2.1
recovery_seed_metric,202607162101,,0.5,0.0,mean_observed_same_quadrature_max_e_run,0.1044921875,,,protocol_aligned_component,d3f0978ffb2b544c9323fac88ddff4995e6036c7d2f251f4f7628a218171b22a,T5.2.1
recovery_seed_metric,202607162101,,0.5,0.0,mean_ideal_same_quadrature_max_e_run,0.0,,,protocol_aligned_component,d3f0978ffb2b544c9323fac88ddff4995e6036c7d2f251f4f7628a218171b22a,T5.2.1
recovery_seed_metric,202607162101,,0.5,0.0,mean_restricted_recovery_cycles,0.0,,,protocol_aligned_component,d3f0978ffb2b544c9323fac88ddff4995e6036c7d2f251f4f7628a218171b22a,T5.2.1
recovery_seed_metric,202607162101,,0.5,0.0,recovered_fraction_by_horizon,1.0,,,protocol_aligned_component,d3f0978ffb2b544c9323fac88ddff4995e6036c7d2f251f4f7628a218171b22a,T5.2.1
recovery_seed_metric,202607162101,,0.5,0.0,unaffected_e_probability_max,0.0078125,,,protocol_aligned_component,d3f0978ffb2b544c9323fac88ddff4995e6036c7d2f251f4f7628a218171b22a,T5.2.1
recovery_seed_metric,202607162102,,0.0,0.0,mean_initial_recovery_depth,0.0,,,protocol_aligned_component,47535eea4a0d700baca02015feaf2a3d4b132f72baac595c5566f5adc327f224,T5.2.1
recovery_seed_metric,202607162102,,0.0,0.0,mean_observed_same_quadrature_max_e_run,0.09326171875,,,protocol_aligned_component,47535eea4a0d700baca02015feaf2a3d4b132f72baac595c5566f5adc327f224,T5.2.1
recovery_seed_metric,202607162102,,0.0,0.0,mean_ideal_same_quadrature_max_e_run,0.0,,,protocol_aligned_component,47535eea4a0d700baca02015feaf2a3d4b132f72baac595c5566f5adc327f224,T5.2.1
recovery_seed_metric,202607162102,,0.0,0.0,mean_restricted_recovery_cycles,0.0,,,protocol_aligned_component,47535eea4a0d700baca02015feaf2a3d4b132f72baac595c5566f5adc327f224,T5.2.1
recovery_seed_metric,202607162102,,0.0,0.0,recovered_fraction_by_horizon,1.0,,,protocol_aligned_component,47535eea4a0d700baca02015feaf2a3d4b132f72baac595c5566f5adc327f224,T5.2.1
recovery_seed_metric,202607162102,,0.0,0.0,unaffected_e_probability_max,0.0078125,,,protocol_aligned_component,47535eea4a0d700baca02015feaf2a3d4b132f72baac595c5566f5adc327f224,T5.2.1
recovery_seed_metric,202607162102,,0.03125,0.125,mean_initial_recovery_depth,0.770751953125,,,protocol_aligned_component,8c5ef0e33d9e48ca9a685313d549e623d9a48c3e280351addfa1bab8430702dc,T5.2.1
recovery_seed_metric,202607162102,,0.03125,0.125,mean_observed_same_quadrature_max_e_run,0.780029296875,,,protocol_aligned_component,8c5ef0e33d9e48ca9a685313d549e623d9a48c3e280351addfa1bab8430702dc,T5.2.1
recovery_seed_metric,202607162102,,0.03125,0.125,mean_ideal_same_quadrature_max_e_run,0.747314453125,,,protocol_aligned_component,8c5ef0e33d9e48ca9a685313d549e623d9a48c3e280351addfa1bab8430702dc,T5.2.1
recovery_seed_metric,202607162102,,0.03125,0.125,mean_restricted_recovery_cycles,0.880615234375,,,protocol_aligned_component,8c5ef0e33d9e48ca9a685313d549e623d9a48c3e280351addfa1bab8430702dc,T5.2.1
recovery_seed_metric,202607162102,,0.03125,0.125,recovered_fraction_by_horizon,1.0,,,protocol_aligned_component,8c5ef0e33d9e48ca9a685313d549e623d9a48c3e280351addfa1bab8430702dc,T5.2.1
recovery_seed_metric,202607162102,,0.03125,0.125,unaffected_e_probability_max,0.015625,,,protocol_aligned_component,8c5ef0e33d9e48ca9a685313d549e623d9a48c3e280351addfa1bab8430702dc,T5.2.1
recovery_seed_metric,202607162102,,0.0625,0.25,mean_initial_recovery_depth,1.529052734375,,,protocol_aligned_component,f7fcb4b8d2ad196e08492b6b8cfc3755a60864f7e0f1791b0542bb71cbc63b5b,T5.2.1
recovery_seed_metric,202607162102,,0.0625,0.25,mean_observed_same_quadrature_max_e_run,1.4296875,,,protocol_aligned_component,f7fcb4b8d2ad196e08492b6b8cfc3755a60864f7e0f1791b0542bb71cbc63b5b,T5.2.1
recovery_seed_metric,202607162102,,0.0625,0.25,mean_ideal_same_quadrature_max_e_run,1.43505859375,,,protocol_aligned_component,f7fcb4b8d2ad196e08492b6b8cfc3755a60864f7e0f1791b0542bb71cbc63b5b,T5.2.1
recovery_seed_metric,202607162102,,0.0625,0.25,mean_restricted_recovery_cycles,1.740234375,,,protocol_aligned_component,f7fcb4b8d2ad196e08492b6b8cfc3755a60864f7e0f1791b0542bb71cbc63b5b,T5.2.1
recovery_seed_metric,202607162102,,0.0625,0.25,recovered_fraction_by_horizon,1.0,,,protocol_aligned_component,f7fcb4b8d2ad196e08492b6b8cfc3755a60864f7e0f1791b0542bb71cbc63b5b,T5.2.1
recovery_seed_metric,202607162102,,0.0625,0.25,unaffected_e_probability_max,0.02001953125,,,protocol_aligned_component,f7fcb4b8d2ad196e08492b6b8cfc3755a60864f7e0f1791b0542bb71cbc63b5b,T5.2.1
recovery_seed_metric,202607162102,,0.09375,0.375,mean_initial_recovery_depth,2.278564453125,,,protocol_aligned_component,ca59c0f88955f1b54994c9f37dd1d5b44b99a5e45c99e68e05f8da3053a39794,T5.2.1
recovery_seed_metric,202607162102,,0.09375,0.375,mean_observed_same_quadrature_max_e_run,2.0576171875,,,protocol_aligned_component,ca59c0f88955f1b54994c9f37dd1d5b44b99a5e45c99e68e05f8da3053a39794,T5.2.1
recovery_seed_metric,202607162102,,0.09375,0.375,mean_ideal_same_quadrature_max_e_run,2.09814453125,,,protocol_aligned_component,ca59c0f88955f1b54994c9f37dd1d5b44b99a5e45c99e68e05f8da3053a39794,T5.2.1
recovery_seed_metric,202607162102,,0.09375,0.375,mean_restricted_recovery_cycles,2.588623046875,,,protocol_aligned_component,ca59c0f88955f1b54994c9f37dd1d5b44b99a5e45c99e68e05f8da3053a39794,T5.2.1
recovery_seed_metric,202607162102,,0.09375,0.375,recovered_fraction_by_horizon,1.0,,,protocol_aligned_component,ca59c0f88955f1b54994c9f37dd1d5b44b99a5e45c99e68e05f8da3053a39794,T5.2.1
recovery_seed_metric,202607162102,,0.09375,0.375,unaffected_e_probability_max,0.021484375,,,protocol_aligned_component,ca59c0f88955f1b54994c9f37dd1d5b44b99a5e45c99e68e05f8da3053a39794,T5.2.1
recovery_seed_metric,202607162102,,0.125,0.5,mean_initial_recovery_depth,3.02685546875,,,protocol_aligned_component,bf039e90a09bbcfbb15566d2a3423e77f21175c4539a14daa8eb9f6edb44b13f,T5.2.1
recovery_seed_metric,202607162102,,0.125,0.5,mean_observed_same_quadrature_max_e_run,2.655029296875,,,protocol_aligned_component,bf039e90a09bbcfbb15566d2a3423e77f21175c4539a14daa8eb9f6edb44b13f,T5.2.1
recovery_seed_metric,202607162102,,0.125,0.5,mean_ideal_same_quadrature_max_e_run,2.725341796875,,,protocol_aligned_component,bf039e90a09bbcfbb15566d2a3423e77f21175c4539a14daa8eb9f6edb44b13f,T5.2.1
recovery_seed_metric,202607162102,,0.125,0.5,mean_restricted_recovery_cycles,3.44580078125,,,protocol_aligned_component,bf039e90a09bbcfbb15566d2a3423e77f21175c4539a14daa8eb9f6edb44b13f,T5.2.1
recovery_seed_metric,202607162102,,0.125,0.5,recovered_fraction_by_horizon,1.0,,,protocol_aligned_component,bf039e90a09bbcfbb15566d2a3423e77f21175c4539a14daa8eb9f6edb44b13f,T5.2.1
recovery_seed_metric,202607162102,,0.125,0.5,unaffected_e_probability_max,0.022705078125,,,protocol_aligned_component,bf039e90a09bbcfbb15566d2a3423e77f21175c4539a14daa8eb9f6edb44b13f,T5.2.1
recovery_seed_metric,202607162102,,0.15625,0.625,mean_initial_recovery_depth,3.721435546875,,,protocol_aligned_component,32e5f2f474bc0caae2eef3e4402a076d6a70a23a43292c753e7db29d37a1da0d,T5.2.1
recovery_seed_metric,202607162102,,0.15625,0.625,mean_observed_same_quadrature_max_e_run,3.213134765625,,,protocol_aligned_component,32e5f2f474bc0caae2eef3e4402a076d6a70a23a43292c753e7db29d37a1da0d,T5.2.1
recovery_seed_metric,202607162102,,0.15625,0.625,mean_ideal_same_quadrature_max_e_run,3.30419921875,,,protocol_aligned_component,32e5f2f474bc0caae2eef3e4402a076d6a70a23a43292c753e7db29d37a1da0d,T5.2.1
recovery_seed_metric,202607162102,,0.15625,0.625,mean_restricted_recovery_cycles,4.234130859375,,,protocol_aligned_component,32e5f2f474bc0caae2eef3e4402a076d6a70a23a43292c753e7db29d37a1da0d,T5.2.1
recovery_seed_metric,202607162102,,0.15625,0.625,recovered_fraction_by_horizon,1.0,,,protocol_aligned_component,32e5f2f474bc0caae2eef3e4402a076d6a70a23a43292c753e7db29d37a1da0d,T5.2.1
recovery_seed_metric,202607162102,,0.15625,0.625,unaffected_e_probability_max,0.022216796875,,,protocol_aligned_component,32e5f2f474bc0caae2eef3e4402a076d6a70a23a43292c753e7db29d37a1da0d,T5.2.1
recovery_seed_metric,202607162102,,0.1875,0.75,mean_initial_recovery_depth,4.470947265625,,,protocol_aligned_component,2a930bfc4dbe1686a32b09619e414676ad8f170fcc1d8503ffbb8d4da1111b81,T5.2.1
recovery_seed_metric,202607162102,,0.1875,0.75,mean_observed_same_quadrature_max_e_run,3.77978515625,,,protocol_aligned_component,2a930bfc4dbe1686a32b09619e414676ad8f170fcc1d8503ffbb8d4da1111b81,T5.2.1
recovery_seed_metric,202607162102,,0.1875,0.75,mean_ideal_same_quadrature_max_e_run,3.892822265625,,,protocol_aligned_component,2a930bfc4dbe1686a32b09619e414676ad8f170fcc1d8503ffbb8d4da1111b81,T5.2.1
recovery_seed_metric,202607162102,,0.1875,0.75,mean_restricted_recovery_cycles,5.0859375,,,protocol_aligned_component,2a930bfc4dbe1686a32b09619e414676ad8f170fcc1d8503ffbb8d4da1111b81,T5.2.1
recovery_seed_metric,202607162102,,0.1875,0.75,recovered_fraction_by_horizon,1.0,,,protocol_aligned_component,2a930bfc4dbe1686a32b09619e414676ad8f170fcc1d8503ffbb8d4da1111b81,T5.2.1
recovery_seed_metric,202607162102,,0.1875,0.75,unaffected_e_probability_max,0.023681640625,,,protocol_aligned_component,2a930bfc4dbe1686a32b09619e414676ad8f170fcc1d8503ffbb8d4da1111b81,T5.2.1
recovery_seed_metric,202607162102,,0.21875,0.875,mean_initial_recovery_depth,5.229248046875,,,protocol_aligned_component,533348f5e035d8833ce280e2f0623ddfa296d74366484ad97dd4df73e6cd7569,T5.2.1
recovery_seed_metric,202607162102,,0.21875,0.875,mean_observed_same_quadrature_max_e_run,4.313232421875,,,protocol_aligned_component,533348f5e035d8833ce280e2f0623ddfa296d74366484ad97dd4df73e6cd7569,T5.2.1
recovery_seed_metric,202607162102,,0.21875,0.875,mean_ideal_same_quadrature_max_e_run,4.458984375,,,protocol_aligned_component,533348f5e035d8833ce280e2f0623ddfa296d74366484ad97dd4df73e6cd7569,T5.2.1
recovery_seed_metric,202607162102,,0.21875,0.875,mean_restricted_recovery_cycles,5.94921875,,,protocol_aligned_component,533348f5e035d8833ce280e2f0623ddfa296d74366484ad97dd4df73e6cd7569,T5.2.1
recovery_seed_metric,202607162102,,0.21875,0.875,recovered_fraction_by_horizon,1.0,,,protocol_aligned_component,533348f5e035d8833ce280e2f0623ddfa296d74366484ad97dd4df73e6cd7569,T5.2.1
recovery_seed_metric,202607162102,,0.21875,0.875,unaffected_e_probability_max,0.025390625,,,protocol_aligned_component,533348f5e035d8833ce280e2f0623ddfa296d74366484ad97dd4df73e6cd7569,T5.2.1
recovery_seed_metric,202607162102,,0.25,1.0,mean_initial_recovery_depth,6.0,,,protocol_aligned_component,1b203b9611c1d61e0f4fe52f61fabc37b05259001146826e6b73608112621961,T5.2.1
recovery_seed_metric,202607162102,,0.25,1.0,mean_observed_same_quadrature_max_e_run,4.837890625,,,protocol_aligned_component,1b203b9611c1d61e0f4fe52f61fabc37b05259001146826e6b73608112621961,T5.2.1
recovery_seed_metric,202607162102,,0.25,1.0,mean_ideal_same_quadrature_max_e_run,5.0107421875,,,protocol_aligned_component,1b203b9611c1d61e0f4fe52f61fabc37b05259001146826e6b73608112621961,T5.2.1
recovery_seed_metric,202607162102,,0.25,1.0,mean_restricted_recovery_cycles,6.83251953125,,,protocol_aligned_component,1b203b9611c1d61e0f4fe52f61fabc37b05259001146826e6b73608112621961,T5.2.1
recovery_seed_metric,202607162102,,0.25,1.0,recovered_fraction_by_horizon,1.0,,,protocol_aligned_component,1b203b9611c1d61e0f4fe52f61fabc37b05259001146826e6b73608112621961,T5.2.1
recovery_seed_metric,202607162102,,0.25,1.0,unaffected_e_probability_max,0.025146484375,,,protocol_aligned_component,1b203b9611c1d61e0f4fe52f61fabc37b05259001146826e6b73608112621961,T5.2.1
recovery_seed_metric,202607162102,,0.28125,0.875,mean_initial_recovery_depth,5.229248046875,,,protocol_aligned_component,533348f5e035d8833ce280e2f0623ddfa296d74366484ad97dd4df73e6cd7569,T5.2.1
recovery_seed_metric,202607162102,,0.28125,0.875,mean_observed_same_quadrature_max_e_run,4.313232421875,,,protocol_aligned_component,533348f5e035d8833ce280e2f0623ddfa296d74366484ad97dd4df73e6cd7569,T5.2.1
recovery_seed_metric,202607162102,,0.28125,0.875,mean_ideal_same_quadrature_max_e_run,4.458984375,,,protocol_aligned_component,533348f5e035d8833ce280e2f0623ddfa296d74366484ad97dd4df73e6cd7569,T5.2.1
recovery_seed_metric,202607162102,,0.28125,0.875,mean_restricted_recovery_cycles,5.94921875,,,protocol_aligned_component,533348f5e035d8833ce280e2f0623ddfa296d74366484ad97dd4df73e6cd7569,T5.2.1
recovery_seed_metric,202607162102,,0.28125,0.875,recovered_fraction_by_horizon,1.0,,,protocol_aligned_component,533348f5e035d8833ce280e2f0623ddfa296d74366484ad97dd4df73e6cd7569,T5.2.1
recovery_seed_metric,202607162102,,0.28125,0.875,unaffected_e_probability_max,0.025390625,,,protocol_aligned_component,533348f5e035d8833ce280e2f0623ddfa296d74366484ad97dd4df73e6cd7569,T5.2.1
recovery_seed_metric,202607162102,,0.3125,0.75,mean_initial_recovery_depth,4.470947265625,,,protocol_aligned_component,2a930bfc4dbe1686a32b09619e414676ad8f170fcc1d8503ffbb8d4da1111b81,T5.2.1
recovery_seed_metric,202607162102,,0.3125,0.75,mean_observed_same_quadrature_max_e_run,3.77978515625,,,protocol_aligned_component,2a930bfc4dbe1686a32b09619e414676ad8f170fcc1d8503ffbb8d4da1111b81,T5.2.1
recovery_seed_metric,202607162102,,0.3125,0.75,mean_ideal_same_quadrature_max_e_run,3.892822265625,,,protocol_aligned_component,2a930bfc4dbe1686a32b09619e414676ad8f170fcc1d8503ffbb8d4da1111b81,T5.2.1
recovery_seed_metric,202607162102,,0.3125,0.75,mean_restricted_recovery_cycles,5.0859375,,,protocol_aligned_component,2a930bfc4dbe1686a32b09619e414676ad8f170fcc1d8503ffbb8d4da1111b81,T5.2.1
recovery_seed_metric,202607162102,,0.3125,0.75,recovered_fraction_by_horizon,1.0,,,protocol_aligned_component,2a930bfc4dbe1686a32b09619e414676ad8f170fcc1d8503ffbb8d4da1111b81,T5.2.1
recovery_seed_metric,202607162102,,0.3125,0.75,unaffected_e_probability_max,0.023681640625,,,protocol_aligned_component,2a930bfc4dbe1686a32b09619e414676ad8f170fcc1d8503ffbb8d4da1111b81,T5.2.1
recovery_seed_metric,202607162102,,0.34375,0.625,mean_initial_recovery_depth,3.721435546875,,,protocol_aligned_component,32e5f2f474bc0caae2eef3e4402a076d6a70a23a43292c753e7db29d37a1da0d,T5.2.1
recovery_seed_metric,202607162102,,0.34375,0.625,mean_observed_same_quadrature_max_e_run,3.213134765625,,,protocol_aligned_component,32e5f2f474bc0caae2eef3e4402a076d6a70a23a43292c753e7db29d37a1da0d,T5.2.1
recovery_seed_metric,202607162102,,0.34375,0.625,mean_ideal_same_quadrature_max_e_run,3.30419921875,,,protocol_aligned_component,32e5f2f474bc0caae2eef3e4402a076d6a70a23a43292c753e7db29d37a1da0d,T5.2.1
recovery_seed_metric,202607162102,,0.34375,0.625,mean_restricted_recovery_cycles,4.234130859375,,,protocol_aligned_component,32e5f2f474bc0caae2eef3e4402a076d6a70a23a43292c753e7db29d37a1da0d,T5.2.1
recovery_seed_metric,202607162102,,0.34375,0.625,recovered_fraction_by_horizon,1.0,,,protocol_aligned_component,32e5f2f474bc0caae2eef3e4402a076d6a70a23a43292c753e7db29d37a1da0d,T5.2.1
recovery_seed_metric,202607162102,,0.34375,0.625,unaffected_e_probability_max,0.022216796875,,,protocol_aligned_component,32e5f2f474bc0caae2eef3e4402a076d6a70a23a43292c753e7db29d37a1da0d,T5.2.1
recovery_seed_metric,202607162102,,0.375,0.5,mean_initial_recovery_depth,3.02685546875,,,protocol_aligned_component,bf039e90a09bbcfbb15566d2a3423e77f21175c4539a14daa8eb9f6edb44b13f,T5.2.1
recovery_seed_metric,202607162102,,0.375,0.5,mean_observed_same_quadrature_max_e_run,2.655029296875,,,protocol_aligned_component,bf039e90a09bbcfbb15566d2a3423e77f21175c4539a14daa8eb9f6edb44b13f,T5.2.1
recovery_seed_metric,202607162102,,0.375,0.5,mean_ideal_same_quadrature_max_e_run,2.725341796875,,,protocol_aligned_component,bf039e90a09bbcfbb15566d2a3423e77f21175c4539a14daa8eb9f6edb44b13f,T5.2.1
recovery_seed_metric,202607162102,,0.375,0.5,mean_restricted_recovery_cycles,3.44580078125,,,protocol_aligned_component,bf039e90a09bbcfbb15566d2a3423e77f21175c4539a14daa8eb9f6edb44b13f,T5.2.1
recovery_seed_metric,202607162102,,0.375,0.5,recovered_fraction_by_horizon,1.0,,,protocol_aligned_component,bf039e90a09bbcfbb15566d2a3423e77f21175c4539a14daa8eb9f6edb44b13f,T5.2.1
recovery_seed_metric,202607162102,,0.375,0.5,unaffected_e_probability_max,0.022705078125,,,protocol_aligned_component,bf039e90a09bbcfbb15566d2a3423e77f21175c4539a14daa8eb9f6edb44b13f,T5.2.1
recovery_seed_metric,202607162102,,0.40625,0.375,mean_initial_recovery_depth,2.278564453125,,,protocol_aligned_component,ca59c0f88955f1b54994c9f37dd1d5b44b99a5e45c99e68e05f8da3053a39794,T5.2.1
recovery_seed_metric,202607162102,,0.40625,0.375,mean_observed_same_quadrature_max_e_run,2.0576171875,,,protocol_aligned_component,ca59c0f88955f1b54994c9f37dd1d5b44b99a5e45c99e68e05f8da3053a39794,T5.2.1
recovery_seed_metric,202607162102,,0.40625,0.375,mean_ideal_same_quadrature_max_e_run,2.09814453125,,,protocol_aligned_component,ca59c0f88955f1b54994c9f37dd1d5b44b99a5e45c99e68e05f8da3053a39794,T5.2.1
recovery_seed_metric,202607162102,,0.40625,0.375,mean_restricted_recovery_cycles,2.588623046875,,,protocol_aligned_component,ca59c0f88955f1b54994c9f37dd1d5b44b99a5e45c99e68e05f8da3053a39794,T5.2.1
recovery_seed_metric,202607162102,,0.40625,0.375,recovered_fraction_by_horizon,1.0,,,protocol_aligned_component,ca59c0f88955f1b54994c9f37dd1d5b44b99a5e45c99e68e05f8da3053a39794,T5.2.1
recovery_seed_metric,202607162102,,0.40625,0.375,unaffected_e_probability_max,0.021484375,,,protocol_aligned_component,ca59c0f88955f1b54994c9f37dd1d5b44b99a5e45c99e68e05f8da3053a39794,T5.2.1
recovery_seed_metric,202607162102,,0.4375,0.25,mean_initial_recovery_depth,1.529052734375,,,protocol_aligned_component,f7fcb4b8d2ad196e08492b6b8cfc3755a60864f7e0f1791b0542bb71cbc63b5b,T5.2.1
recovery_seed_metric,202607162102,,0.4375,0.25,mean_observed_same_quadrature_max_e_run,1.4296875,,,protocol_aligned_component,f7fcb4b8d2ad196e08492b6b8cfc3755a60864f7e0f1791b0542bb71cbc63b5b,T5.2.1
recovery_seed_metric,202607162102,,0.4375,0.25,mean_ideal_same_quadrature_max_e_run,1.43505859375,,,protocol_aligned_component,f7fcb4b8d2ad196e08492b6b8cfc3755a60864f7e0f1791b0542bb71cbc63b5b,T5.2.1
recovery_seed_metric,202607162102,,0.4375,0.25,mean_restricted_recovery_cycles,1.740234375,,,protocol_aligned_component,f7fcb4b8d2ad196e08492b6b8cfc3755a60864f7e0f1791b0542bb71cbc63b5b,T5.2.1
recovery_seed_metric,202607162102,,0.4375,0.25,recovered_fraction_by_horizon,1.0,,,protocol_aligned_component,f7fcb4b8d2ad196e08492b6b8cfc3755a60864f7e0f1791b0542bb71cbc63b5b,T5.2.1
recovery_seed_metric,202607162102,,0.4375,0.25,unaffected_e_probability_max,0.02001953125,,,protocol_aligned_component,f7fcb4b8d2ad196e08492b6b8cfc3755a60864f7e0f1791b0542bb71cbc63b5b,T5.2.1
recovery_seed_metric,202607162102,,0.46875,0.125,mean_initial_recovery_depth,0.770751953125,,,protocol_aligned_component,8c5ef0e33d9e48ca9a685313d549e623d9a48c3e280351addfa1bab8430702dc,T5.2.1
recovery_seed_metric,202607162102,,0.46875,0.125,mean_observed_same_quadrature_max_e_run,0.780029296875,,,protocol_aligned_component,8c5ef0e33d9e48ca9a685313d549e623d9a48c3e280351addfa1bab8430702dc,T5.2.1
recovery_seed_metric,202607162102,,0.46875,0.125,mean_ideal_same_quadrature_max_e_run,0.747314453125,,,protocol_aligned_component,8c5ef0e33d9e48ca9a685313d549e623d9a48c3e280351addfa1bab8430702dc,T5.2.1
recovery_seed_metric,202607162102,,0.46875,0.125,mean_restricted_recovery_cycles,0.880615234375,,,protocol_aligned_component,8c5ef0e33d9e48ca9a685313d549e623d9a48c3e280351addfa1bab8430702dc,T5.2.1
recovery_seed_metric,202607162102,,0.46875,0.125,recovered_fraction_by_horizon,1.0,,,protocol_aligned_component,8c5ef0e33d9e48ca9a685313d549e623d9a48c3e280351addfa1bab8430702dc,T5.2.1
recovery_seed_metric,202607162102,,0.46875,0.125,unaffected_e_probability_max,0.015625,,,protocol_aligned_component,8c5ef0e33d9e48ca9a685313d549e623d9a48c3e280351addfa1bab8430702dc,T5.2.1
recovery_seed_metric,202607162102,,0.5,0.0,mean_initial_recovery_depth,0.0,,,protocol_aligned_component,47535eea4a0d700baca02015feaf2a3d4b132f72baac595c5566f5adc327f224,T5.2.1
recovery_seed_metric,202607162102,,0.5,0.0,mean_observed_same_quadrature_max_e_run,0.09326171875,,,protocol_aligned_component,47535eea4a0d700baca02015feaf2a3d4b132f72baac595c5566f5adc327f224,T5.2.1
recovery_seed_metric,202607162102,,0.5,0.0,mean_ideal_same_quadrature_max_e_run,0.0,,,protocol_aligned_component,47535eea4a0d700baca02015feaf2a3d4b132f72baac595c5566f5adc327f224,T5.2.1
recovery_seed_metric,202607162102,,0.5,0.0,mean_restricted_recovery_cycles,0.0,,,protocol_aligned_component,47535eea4a0d700baca02015feaf2a3d4b132f72baac595c5566f5adc327f224,T5.2.1
recovery_seed_metric,202607162102,,0.5,0.0,recovered_fraction_by_horizon,1.0,,,protocol_aligned_component,47535eea4a0d700baca02015feaf2a3d4b132f72baac595c5566f5adc327f224,T5.2.1
recovery_seed_metric,202607162102,,0.5,0.0,unaffected_e_probability_max,0.0078125,,,protocol_aligned_component,47535eea4a0d700baca02015feaf2a3d4b132f72baac595c5566f5adc327f224,T5.2.1
recovery_seed_metric,202607162103,,0.0,0.0,mean_initial_recovery_depth,0.0,,,protocol_aligned_component,39b8aa7c4329151d2200b9e8d6f725dac7fccbef58666375578cb4908bf6ac78,T5.2.1
recovery_seed_metric,202607162103,,0.0,0.0,mean_observed_same_quadrature_max_e_run,0.0947265625,,,protocol_aligned_component,39b8aa7c4329151d2200b9e8d6f725dac7fccbef58666375578cb4908bf6ac78,T5.2.1
recovery_seed_metric,202607162103,,0.0,0.0,mean_ideal_same_quadrature_max_e_run,0.0,,,protocol_aligned_component,39b8aa7c4329151d2200b9e8d6f725dac7fccbef58666375578cb4908bf6ac78,T5.2.1
recovery_seed_metric,202607162103,,0.0,0.0,mean_restricted_recovery_cycles,0.0,,,protocol_aligned_component,39b8aa7c4329151d2200b9e8d6f725dac7fccbef58666375578cb4908bf6ac78,T5.2.1
recovery_seed_metric,202607162103,,0.0,0.0,recovered_fraction_by_horizon,1.0,,,protocol_aligned_component,39b8aa7c4329151d2200b9e8d6f725dac7fccbef58666375578cb4908bf6ac78,T5.2.1
recovery_seed_metric,202607162103,,0.0,0.0,unaffected_e_probability_max,0.00634765625,,,protocol_aligned_component,39b8aa7c4329151d2200b9e8d6f725dac7fccbef58666375578cb4908bf6ac78,T5.2.1
recovery_seed_metric,202607162103,,0.03125,0.125,mean_initial_recovery_depth,0.745849609375,,,protocol_aligned_component,b347f92f738b97538ba24f5cb118a27ca5acea3737e407fe8ebc1c9e3ed710a2,T5.2.1
recovery_seed_metric,202607162103,,0.03125,0.125,mean_observed_same_quadrature_max_e_run,0.759765625,,,protocol_aligned_component,b347f92f738b97538ba24f5cb118a27ca5acea3737e407fe8ebc1c9e3ed710a2,T5.2.1
recovery_seed_metric,202607162103,,0.03125,0.125,mean_ideal_same_quadrature_max_e_run,0.723876953125,,,protocol_aligned_component,b347f92f738b97538ba24f5cb118a27ca5acea3737e407fe8ebc1c9e3ed710a2,T5.2.1
recovery_seed_metric,202607162103,,0.03125,0.125,mean_restricted_recovery_cycles,0.853759765625,,,protocol_aligned_component,b347f92f738b97538ba24f5cb118a27ca5acea3737e407fe8ebc1c9e3ed710a2,T5.2.1
recovery_seed_metric,202607162103,,0.03125,0.125,recovered_fraction_by_horizon,1.0,,,protocol_aligned_component,b347f92f738b97538ba24f5cb118a27ca5acea3737e407fe8ebc1c9e3ed710a2,T5.2.1
recovery_seed_metric,202607162103,,0.03125,0.125,unaffected_e_probability_max,0.016845703125,,,protocol_aligned_component,b347f92f738b97538ba24f5cb118a27ca5acea3737e407fe8ebc1c9e3ed710a2,T5.2.1
recovery_seed_metric,202607162103,,0.0625,0.25,mean_initial_recovery_depth,1.500244140625,,,protocol_aligned_component,0bb1857f778af7fb4dee1ada974c697793c5a571c809fd480d67430edf8c9b43,T5.2.1
recovery_seed_metric,202607162103,,0.0625,0.25,mean_observed_same_quadrature_max_e_run,1.40234375,,,protocol_aligned_component,0bb1857f778af7fb4dee1ada974c697793c5a571c809fd480d67430edf8c9b43,T5.2.1
recovery_seed_metric,202607162103,,0.0625,0.25,mean_ideal_same_quadrature_max_e_run,1.411376953125,,,protocol_aligned_component,0bb1857f778af7fb4dee1ada974c697793c5a571c809fd480d67430edf8c9b43,T5.2.1
recovery_seed_metric,202607162103,,0.0625,0.25,mean_restricted_recovery_cycles,1.71728515625,,,protocol_aligned_component,0bb1857f778af7fb4dee1ada974c697793c5a571c809fd480d67430edf8c9b43,T5.2.1
recovery_seed_metric,202607162103,,0.0625,0.25,recovered_fraction_by_horizon,1.0,,,protocol_aligned_component,0bb1857f778af7fb4dee1ada974c697793c5a571c809fd480d67430edf8c9b43,T5.2.1
recovery_seed_metric,202607162103,,0.0625,0.25,unaffected_e_probability_max,0.0224609375,,,protocol_aligned_component,0bb1857f778af7fb4dee1ada974c697793c5a571c809fd480d67430edf8c9b43,T5.2.1
recovery_seed_metric,202607162103,,0.09375,0.375,mean_initial_recovery_depth,2.24658203125,,,protocol_aligned_component,baed2434356a381c1914a70c254ac5ef0c3bcd29f85a89e145bc3e6769b73a99,T5.2.1
recovery_seed_metric,202607162103,,0.09375,0.375,mean_observed_same_quadrature_max_e_run,2.03515625,,,protocol_aligned_component,baed2434356a381c1914a70c254ac5ef0c3bcd29f85a89e145bc3e6769b73a99,T5.2.1
recovery_seed_metric,202607162103,,0.09375,0.375,mean_ideal_same_quadrature_max_e_run,2.069091796875,,,protocol_aligned_component,baed2434356a381c1914a70c254ac5ef0c3bcd29f85a89e145bc3e6769b73a99,T5.2.1
recovery_seed_metric,202607162103,,0.09375,0.375,mean_restricted_recovery_cycles,2.56787109375,,,protocol_aligned_component,baed2434356a381c1914a70c254ac5ef0c3bcd29f85a89e145bc3e6769b73a99,T5.2.1
recovery_seed_metric,202607162103,,0.09375,0.375,recovered_fraction_by_horizon,1.0,,,protocol_aligned_component,baed2434356a381c1914a70c254ac5ef0c3bcd29f85a89e145bc3e6769b73a99,T5.2.1
recovery_seed_metric,202607162103,,0.09375,0.375,unaffected_e_probability_max,0.0234375,,,protocol_aligned_component,baed2434356a381c1914a70c254ac5ef0c3bcd29f85a89e145bc3e6769b73a99,T5.2.1
recovery_seed_metric,202607162103,,0.125,0.5,mean_initial_recovery_depth,3.003173828125,,,protocol_aligned_component,c09866d6e1b18f2bfef4d1a11df91034cdccb7bbd2426f9830bfb924f52914f9,T5.2.1
recovery_seed_metric,202607162103,,0.125,0.5,mean_observed_same_quadrature_max_e_run,2.647216796875,,,protocol_aligned_component,c09866d6e1b18f2bfef4d1a11df91034cdccb7bbd2426f9830bfb924f52914f9,T5.2.1
recovery_seed_metric,202607162103,,0.125,0.5,mean_ideal_same_quadrature_max_e_run,2.70947265625,,,protocol_aligned_component,c09866d6e1b18f2bfef4d1a11df91034cdccb7bbd2426f9830bfb924f52914f9,T5.2.1
recovery_seed_metric,202607162103,,0.125,0.5,mean_restricted_recovery_cycles,3.425048828125,,,protocol_aligned_component,c09866d6e1b18f2bfef4d1a11df91034cdccb7bbd2426f9830bfb924f52914f9,T5.2.1
recovery_seed_metric,202607162103,,0.125,0.5,recovered_fraction_by_horizon,1.0,,,protocol_aligned_component,c09866d6e1b18f2bfef4d1a11df91034cdccb7bbd2426f9830bfb924f52914f9,T5.2.1
recovery_seed_metric,202607162103,,0.125,0.5,unaffected_e_probability_max,0.023193359375,,,protocol_aligned_component,c09866d6e1b18f2bfef4d1a11df91034cdccb7bbd2426f9830bfb924f52914f9,T5.2.1
recovery_seed_metric,202607162103,,0.15625,0.625,mean_initial_recovery_depth,3.75341796875,,,protocol_aligned_component,1a61ba1012ce8c079d9edb3e240f06717948b81428031062230a1cb62c3644c3,T5.2.1
recovery_seed_metric,202607162103,,0.15625,0.625,mean_observed_same_quadrature_max_e_run,3.2548828125,,,protocol_aligned_component,1a61ba1012ce8c079d9edb3e240f06717948b81428031062230a1cb62c3644c3,T5.2.1
recovery_seed_metric,202607162103,,0.15625,0.625,mean_ideal_same_quadrature_max_e_run,3.330322265625,,,protocol_aligned_component,1a61ba1012ce8c079d9edb3e240f06717948b81428031062230a1cb62c3644c3,T5.2.1
recovery_seed_metric,202607162103,,0.15625,0.625,mean_restricted_recovery_cycles,4.27734375,,,protocol_aligned_component,1a61ba1012ce8c079d9edb3e240f06717948b81428031062230a1cb62c3644c3,T5.2.1
recovery_seed_metric,202607162103,,0.15625,0.625,recovered_fraction_by_horizon,1.0,,,protocol_aligned_component,1a61ba1012ce8c079d9edb3e240f06717948b81428031062230a1cb62c3644c3,T5.2.1
recovery_seed_metric,202607162103,,0.15625,0.625,unaffected_e_probability_max,0.023681640625,,,protocol_aligned_component,1a61ba1012ce8c079d9edb3e240f06717948b81428031062230a1cb62c3644c3,T5.2.1
recovery_seed_metric,202607162103,,0.1875,0.75,mean_initial_recovery_depth,4.499755859375,,,protocol_aligned_component,6a26bf00eadeff31c383bac45e9ac883c352daa380afe2ec4cf971f22782cfee,T5.2.1
recovery_seed_metric,202607162103,,0.1875,0.75,mean_observed_same_quadrature_max_e_run,3.815185546875,,,protocol_aligned_component,6a26bf00eadeff31c383bac45e9ac883c352daa380afe2ec4cf971f22782cfee,T5.2.1
recovery_seed_metric,202607162103,,0.1875,0.75,mean_ideal_same_quadrature_max_e_run,3.92236328125,,,protocol_aligned_component,6a26bf00eadeff31c383bac45e9ac883c352daa380afe2ec4cf971f22782cfee,T5.2.1
recovery_seed_metric,202607162103,,0.1875,0.75,mean_restricted_recovery_cycles,5.127685546875,,,protocol_aligned_component,6a26bf00eadeff31c383bac45e9ac883c352daa380afe2ec4cf971f22782cfee,T5.2.1
recovery_seed_metric,202607162103,,0.1875,0.75,recovered_fraction_by_horizon,1.0,,,protocol_aligned_component,6a26bf00eadeff31c383bac45e9ac883c352daa380afe2ec4cf971f22782cfee,T5.2.1
recovery_seed_metric,202607162103,,0.1875,0.75,unaffected_e_probability_max,0.024169921875,,,protocol_aligned_component,6a26bf00eadeff31c383bac45e9ac883c352daa380afe2ec4cf971f22782cfee,T5.2.1
recovery_seed_metric,202607162103,,0.21875,0.875,mean_initial_recovery_depth,5.254150390625,,,protocol_aligned_component,2e629c4747d862890c6675a6982a5d9f92f6ca71465e8af86234478975c9c18b,T5.2.1
recovery_seed_metric,202607162103,,0.21875,0.875,mean_observed_same_quadrature_max_e_run,4.358642578125,,,protocol_aligned_component,2e629c4747d862890c6675a6982a5d9f92f6ca71465e8af86234478975c9c18b,T5.2.1
recovery_seed_metric,202607162103,,0.21875,0.875,mean_ideal_same_quadrature_max_e_run,4.48974609375,,,protocol_aligned_component,2e629c4747d862890c6675a6982a5d9f92f6ca71465e8af86234478975c9c18b,T5.2.1
recovery_seed_metric,202607162103,,0.21875,0.875,mean_restricted_recovery_cycles,5.990478515625,,,protocol_aligned_component,2e629c4747d862890c6675a6982a5d9f92f6ca71465e8af86234478975c9c18b,T5.2.1
recovery_seed_metric,202607162103,,0.21875,0.875,recovered_fraction_by_horizon,1.0,,,protocol_aligned_component,2e629c4747d862890c6675a6982a5d9f92f6ca71465e8af86234478975c9c18b,T5.2.1
recovery_seed_metric,202607162103,,0.21875,0.875,unaffected_e_probability_max,0.024658203125,,,protocol_aligned_component,2e629c4747d862890c6675a6982a5d9f92f6ca71465e8af86234478975c9c18b,T5.2.1
recovery_seed_metric,202607162103,,0.25,1.0,mean_initial_recovery_depth,6.0,,,protocol_aligned_component,368c8298b82b36070399932fd06407a0409d92b3b5788f06bce57e7962666183,T5.2.1
recovery_seed_metric,202607162103,,0.25,1.0,mean_observed_same_quadrature_max_e_run,4.865966796875,,,protocol_aligned_component,368c8298b82b36070399932fd06407a0409d92b3b5788f06bce57e7962666183,T5.2.1
recovery_seed_metric,202607162103,,0.25,1.0,mean_ideal_same_quadrature_max_e_run,5.01904296875,,,protocol_aligned_component,368c8298b82b36070399932fd06407a0409d92b3b5788f06bce57e7962666183,T5.2.1
recovery_seed_metric,202607162103,,0.25,1.0,mean_restricted_recovery_cycles,6.838134765625,,,protocol_aligned_component,368c8298b82b36070399932fd06407a0409d92b3b5788f06bce57e7962666183,T5.2.1
recovery_seed_metric,202607162103,,0.25,1.0,recovered_fraction_by_horizon,1.0,,,protocol_aligned_component,368c8298b82b36070399932fd06407a0409d92b3b5788f06bce57e7962666183,T5.2.1
recovery_seed_metric,202607162103,,0.25,1.0,unaffected_e_probability_max,0.023681640625,,,protocol_aligned_component,368c8298b82b36070399932fd06407a0409d92b3b5788f06bce57e7962666183,T5.2.1
recovery_seed_metric,202607162103,,0.28125,0.875,mean_initial_recovery_depth,5.254150390625,,,protocol_aligned_component,2e629c4747d862890c6675a6982a5d9f92f6ca71465e8af86234478975c9c18b,T5.2.1
recovery_seed_metric,202607162103,,0.28125,0.875,mean_observed_same_quadrature_max_e_run,4.358642578125,,,protocol_aligned_component,2e629c4747d862890c6675a6982a5d9f92f6ca71465e8af86234478975c9c18b,T5.2.1
recovery_seed_metric,202607162103,,0.28125,0.875,mean_ideal_same_quadrature_max_e_run,4.48974609375,,,protocol_aligned_component,2e629c4747d862890c6675a6982a5d9f92f6ca71465e8af86234478975c9c18b,T5.2.1
recovery_seed_metric,202607162103,,0.28125,0.875,mean_restricted_recovery_cycles,5.990478515625,,,protocol_aligned_component,2e629c4747d862890c6675a6982a5d9f92f6ca71465e8af86234478975c9c18b,T5.2.1
recovery_seed_metric,202607162103,,0.28125,0.875,recovered_fraction_by_horizon,1.0,,,protocol_aligned_component,2e629c4747d862890c6675a6982a5d9f92f6ca71465e8af86234478975c9c18b,T5.2.1
recovery_seed_metric,202607162103,,0.28125,0.875,unaffected_e_probability_max,0.024658203125,,,protocol_aligned_component,2e629c4747d862890c6675a6982a5d9f92f6ca71465e8af86234478975c9c18b,T5.2.1
recovery_seed_metric,202607162103,,0.3125,0.75,mean_initial_recovery_depth,4.499755859375,,,protocol_aligned_component,6a26bf00eadeff31c383bac45e9ac883c352daa380afe2ec4cf971f22782cfee,T5.2.1
recovery_seed_metric,202607162103,,0.3125,0.75,mean_observed_same_quadrature_max_e_run,3.815185546875,,,protocol_aligned_component,6a26bf00eadeff31c383bac45e9ac883c352daa380afe2ec4cf971f22782cfee,T5.2.1
recovery_seed_metric,202607162103,,0.3125,0.75,mean_ideal_same_quadrature_max_e_run,3.92236328125,,,protocol_aligned_component,6a26bf00eadeff31c383bac45e9ac883c352daa380afe2ec4cf971f22782cfee,T5.2.1
recovery_seed_metric,202607162103,,0.3125,0.75,mean_restricted_recovery_cycles,5.127685546875,,,protocol_aligned_component,6a26bf00eadeff31c383bac45e9ac883c352daa380afe2ec4cf971f22782cfee,T5.2.1
recovery_seed_metric,202607162103,,0.3125,0.75,recovered_fraction_by_horizon,1.0,,,protocol_aligned_component,6a26bf00eadeff31c383bac45e9ac883c352daa380afe2ec4cf971f22782cfee,T5.2.1
recovery_seed_metric,202607162103,,0.3125,0.75,unaffected_e_probability_max,0.024169921875,,,protocol_aligned_component,6a26bf00eadeff31c383bac45e9ac883c352daa380afe2ec4cf971f22782cfee,T5.2.1
recovery_seed_metric,202607162103,,0.34375,0.625,mean_initial_recovery_depth,3.75341796875,,,protocol_aligned_component,1a61ba1012ce8c079d9edb3e240f06717948b81428031062230a1cb62c3644c3,T5.2.1
recovery_seed_metric,202607162103,,0.34375,0.625,mean_observed_same_quadrature_max_e_run,3.2548828125,,,protocol_aligned_component,1a61ba1012ce8c079d9edb3e240f06717948b81428031062230a1cb62c3644c3,T5.2.1
recovery_seed_metric,202607162103,,0.34375,0.625,mean_ideal_same_quadrature_max_e_run,3.330322265625,,,protocol_aligned_component,1a61ba1012ce8c079d9edb3e240f06717948b81428031062230a1cb62c3644c3,T5.2.1
recovery_seed_metric,202607162103,,0.34375,0.625,mean_restricted_recovery_cycles,4.27734375,,,protocol_aligned_component,1a61ba1012ce8c079d9edb3e240f06717948b81428031062230a1cb62c3644c3,T5.2.1
recovery_seed_metric,202607162103,,0.34375,0.625,recovered_fraction_by_horizon,1.0,,,protocol_aligned_component,1a61ba1012ce8c079d9edb3e240f06717948b81428031062230a1cb62c3644c3,T5.2.1
recovery_seed_metric,202607162103,,0.34375,0.625,unaffected_e_probability_max,0.023681640625,,,protocol_aligned_component,1a61ba1012ce8c079d9edb3e240f06717948b81428031062230a1cb62c3644c3,T5.2.1
recovery_seed_metric,202607162103,,0.375,0.5,mean_initial_recovery_depth,3.003173828125,,,protocol_aligned_component,c09866d6e1b18f2bfef4d1a11df91034cdccb7bbd2426f9830bfb924f52914f9,T5.2.1
recovery_seed_metric,202607162103,,0.375,0.5,mean_observed_same_quadrature_max_e_run,2.647216796875,,,protocol_aligned_component,c09866d6e1b18f2bfef4d1a11df91034cdccb7bbd2426f9830bfb924f52914f9,T5.2.1
recovery_seed_metric,202607162103,,0.375,0.5,mean_ideal_same_quadrature_max_e_run,2.70947265625,,,protocol_aligned_component,c09866d6e1b18f2bfef4d1a11df91034cdccb7bbd2426f9830bfb924f52914f9,T5.2.1
recovery_seed_metric,202607162103,,0.375,0.5,mean_restricted_recovery_cycles,3.425048828125,,,protocol_aligned_component,c09866d6e1b18f2bfef4d1a11df91034cdccb7bbd2426f9830bfb924f52914f9,T5.2.1
recovery_seed_metric,202607162103,,0.375,0.5,recovered_fraction_by_horizon,1.0,,,protocol_aligned_component,c09866d6e1b18f2bfef4d1a11df91034cdccb7bbd2426f9830bfb924f52914f9,T5.2.1
recovery_seed_metric,202607162103,,0.375,0.5,unaffected_e_probability_max,0.023193359375,,,protocol_aligned_component,c09866d6e1b18f2bfef4d1a11df91034cdccb7bbd2426f9830bfb924f52914f9,T5.2.1
recovery_seed_metric,202607162103,,0.40625,0.375,mean_initial_recovery_depth,2.24658203125,,,protocol_aligned_component,baed2434356a381c1914a70c254ac5ef0c3bcd29f85a89e145bc3e6769b73a99,T5.2.1
recovery_seed_metric,202607162103,,0.40625,0.375,mean_observed_same_quadrature_max_e_run,2.03515625,,,protocol_aligned_component,baed2434356a381c1914a70c254ac5ef0c3bcd29f85a89e145bc3e6769b73a99,T5.2.1
recovery_seed_metric,202607162103,,0.40625,0.375,mean_ideal_same_quadrature_max_e_run,2.069091796875,,,protocol_aligned_component,baed2434356a381c1914a70c254ac5ef0c3bcd29f85a89e145bc3e6769b73a99,T5.2.1
recovery_seed_metric,202607162103,,0.40625,0.375,mean_restricted_recovery_cycles,2.56787109375,,,protocol_aligned_component,baed2434356a381c1914a70c254ac5ef0c3bcd29f85a89e145bc3e6769b73a99,T5.2.1
recovery_seed_metric,202607162103,,0.40625,0.375,recovered_fraction_by_horizon,1.0,,,protocol_aligned_component,baed2434356a381c1914a70c254ac5ef0c3bcd29f85a89e145bc3e6769b73a99,T5.2.1
recovery_seed_metric,202607162103,,0.40625,0.375,unaffected_e_probability_max,0.0234375,,,protocol_aligned_component,baed2434356a381c1914a70c254ac5ef0c3bcd29f85a89e145bc3e6769b73a99,T5.2.1
recovery_seed_metric,202607162103,,0.4375,0.25,mean_initial_recovery_depth,1.500244140625,,,protocol_aligned_component,0bb1857f778af7fb4dee1ada974c697793c5a571c809fd480d67430edf8c9b43,T5.2.1
recovery_seed_metric,202607162103,,0.4375,0.25,mean_observed_same_quadrature_max_e_run,1.40234375,,,protocol_aligned_component,0bb1857f778af7fb4dee1ada974c697793c5a571c809fd480d67430edf8c9b43,T5.2.1
recovery_seed_metric,202607162103,,0.4375,0.25,mean_ideal_same_quadrature_max_e_run,1.411376953125,,,protocol_aligned_component,0bb1857f778af7fb4dee1ada974c697793c5a571c809fd480d67430edf8c9b43,T5.2.1
recovery_seed_metric,202607162103,,0.4375,0.25,mean_restricted_recovery_cycles,1.71728515625,,,protocol_aligned_component,0bb1857f778af7fb4dee1ada974c697793c5a571c809fd480d67430edf8c9b43,T5.2.1
recovery_seed_metric,202607162103,,0.4375,0.25,recovered_fraction_by_horizon,1.0,,,protocol_aligned_component,0bb1857f778af7fb4dee1ada974c697793c5a571c809fd480d67430edf8c9b43,T5.2.1
recovery_seed_metric,202607162103,,0.4375,0.25,unaffected_e_probability_max,0.0224609375,,,protocol_aligned_component,0bb1857f778af7fb4dee1ada974c697793c5a571c809fd480d67430edf8c9b43,T5.2.1
recovery_seed_metric,202607162103,,0.46875,0.125,mean_initial_recovery_depth,0.745849609375,,,protocol_aligned_component,b347f92f738b97538ba24f5cb118a27ca5acea3737e407fe8ebc1c9e3ed710a2,T5.2.1
recovery_seed_metric,202607162103,,0.46875,0.125,mean_observed_same_quadrature_max_e_run,0.759765625,,,protocol_aligned_component,b347f92f738b97538ba24f5cb118a27ca5acea3737e407fe8ebc1c9e3ed710a2,T5.2.1
recovery_seed_metric,202607162103,,0.46875,0.125,mean_ideal_same_quadrature_max_e_run,0.723876953125,,,protocol_aligned_component,b347f92f738b97538ba24f5cb118a27ca5acea3737e407fe8ebc1c9e3ed710a2,T5.2.1
recovery_seed_metric,202607162103,,0.46875,0.125,mean_restricted_recovery_cycles,0.853759765625,,,protocol_aligned_component,b347f92f738b97538ba24f5cb118a27ca5acea3737e407fe8ebc1c9e3ed710a2,T5.2.1
recovery_seed_metric,202607162103,,0.46875,0.125,recovered_fraction_by_horizon,1.0,,,protocol_aligned_component,b347f92f738b97538ba24f5cb118a27ca5acea3737e407fe8ebc1c9e3ed710a2,T5.2.1
recovery_seed_metric,202607162103,,0.46875,0.125,unaffected_e_probability_max,0.016845703125,,,protocol_aligned_component,b347f92f738b97538ba24f5cb118a27ca5acea3737e407fe8ebc1c9e3ed710a2,T5.2.1
recovery_seed_metric,202607162103,,0.5,0.0,mean_initial_recovery_depth,0.0,,,protocol_aligned_component,39b8aa7c4329151d2200b9e8d6f725dac7fccbef58666375578cb4908bf6ac78,T5.2.1
recovery_seed_metric,202607162103,,0.5,0.0,mean_observed_same_quadrature_max_e_run,0.0947265625,,,protocol_aligned_component,39b8aa7c4329151d2200b9e8d6f725dac7fccbef58666375578cb4908bf6ac78,T5.2.1
recovery_seed_metric,202607162103,,0.5,0.0,mean_ideal_same_quadrature_max_e_run,0.0,,,protocol_aligned_component,39b8aa7c4329151d2200b9e8d6f725dac7fccbef58666375578cb4908bf6ac78,T5.2.1
recovery_seed_metric,202607162103,,0.5,0.0,mean_restricted_recovery_cycles,0.0,,,protocol_aligned_component,39b8aa7c4329151d2200b9e8d6f725dac7fccbef58666375578cb4908bf6ac78,T5.2.1
recovery_seed_metric,202607162103,,0.5,0.0,recovered_fraction_by_horizon,1.0,,,protocol_aligned_component,39b8aa7c4329151d2200b9e8d6f725dac7fccbef58666375578cb4908bf6ac78,T5.2.1
recovery_seed_metric,202607162103,,0.5,0.0,unaffected_e_probability_max,0.00634765625,,,protocol_aligned_component,39b8aa7c4329151d2200b9e8d6f725dac7fccbef58666375578cb4908bf6ac78,T5.2.1
recovery_seed_metric,202607162104,,0.0,0.0,mean_initial_recovery_depth,0.0,,,protocol_aligned_component,e0425bb5a9b57b41ff6110768e3e233d5547ba4faefbbe166743ea913ebb88d8,T5.2.1
recovery_seed_metric,202607162104,,0.0,0.0,mean_observed_same_quadrature_max_e_run,0.0966796875,,,protocol_aligned_component,e0425bb5a9b57b41ff6110768e3e233d5547ba4faefbbe166743ea913ebb88d8,T5.2.1
recovery_seed_metric,202607162104,,0.0,0.0,mean_ideal_same_quadrature_max_e_run,0.0,,,protocol_aligned_component,e0425bb5a9b57b41ff6110768e3e233d5547ba4faefbbe166743ea913ebb88d8,T5.2.1
recovery_seed_metric,202607162104,,0.0,0.0,mean_restricted_recovery_cycles,0.0,,,protocol_aligned_component,e0425bb5a9b57b41ff6110768e3e233d5547ba4faefbbe166743ea913ebb88d8,T5.2.1
recovery_seed_metric,202607162104,,0.0,0.0,recovered_fraction_by_horizon,1.0,,,protocol_aligned_component,e0425bb5a9b57b41ff6110768e3e233d5547ba4faefbbe166743ea913ebb88d8,T5.2.1
recovery_seed_metric,202607162104,,0.0,0.0,unaffected_e_probability_max,0.007568359375,,,protocol_aligned_component,e0425bb5a9b57b41ff6110768e3e233d5547ba4faefbbe166743ea913ebb88d8,T5.2.1
recovery_seed_metric,202607162104,,0.03125,0.125,mean_initial_recovery_depth,0.75048828125,,,protocol_aligned_component,d982f5e7be88a1abd55361f91af9aa14b552f7245483a461ae28cb7e02001d5f,T5.2.1
recovery_seed_metric,202607162104,,0.03125,0.125,mean_observed_same_quadrature_max_e_run,0.752197265625,,,protocol_aligned_component,d982f5e7be88a1abd55361f91af9aa14b552f7245483a461ae28cb7e02001d5f,T5.2.1
recovery_seed_metric,202607162104,,0.03125,0.125,mean_ideal_same_quadrature_max_e_run,0.725830078125,,,protocol_aligned_component,d982f5e7be88a1abd55361f91af9aa14b552f7245483a461ae28cb7e02001d5f,T5.2.1
recovery_seed_metric,202607162104,,0.03125,0.125,mean_restricted_recovery_cycles,0.86328125,,,protocol_aligned_component,d982f5e7be88a1abd55361f91af9aa14b552f7245483a461ae28cb7e02001d5f,T5.2.1
recovery_seed_metric,202607162104,,0.03125,0.125,recovered_fraction_by_horizon,1.0,,,protocol_aligned_component,d982f5e7be88a1abd55361f91af9aa14b552f7245483a461ae28cb7e02001d5f,T5.2.1
recovery_seed_metric,202607162104,,0.03125,0.125,unaffected_e_probability_max,0.016845703125,,,protocol_aligned_component,d982f5e7be88a1abd55361f91af9aa14b552f7245483a461ae28cb7e02001d5f,T5.2.1
recovery_seed_metric,202607162104,,0.0625,0.25,mean_initial_recovery_depth,1.49462890625,,,protocol_aligned_component,e682e662e9a20fe80e90afe3f5533043995387d229457681a9306d71ffb1cca4,T5.2.1
recovery_seed_metric,202607162104,,0.0625,0.25,mean_observed_same_quadrature_max_e_run,1.394775390625,,,protocol_aligned_component,e682e662e9a20fe80e90afe3f5533043995387d229457681a9306d71ffb1cca4,T5.2.1
recovery_seed_metric,202607162104,,0.0625,0.25,mean_ideal_same_quadrature_max_e_run,1.404296875,,,protocol_aligned_component,e682e662e9a20fe80e90afe3f5533043995387d229457681a9306d71ffb1cca4,T5.2.1
recovery_seed_metric,202607162104,,0.0625,0.25,mean_restricted_recovery_cycles,1.706787109375,,,protocol_aligned_component,e682e662e9a20fe80e90afe3f5533043995387d229457681a9306d71ffb1cca4,T5.2.1
recovery_seed_metric,202607162104,,0.0625,0.25,recovered_fraction_by_horizon,1.0,,,protocol_aligned_component,e682e662e9a20fe80e90afe3f5533043995387d229457681a9306d71ffb1cca4,T5.2.1
recovery_seed_metric,202607162104,,0.0625,0.25,unaffected_e_probability_max,0.020751953125,,,protocol_aligned_component,e682e662e9a20fe80e90afe3f5533043995387d229457681a9306d71ffb1cca4,T5.2.1
recovery_seed_metric,202607162104,,0.09375,0.375,mean_initial_recovery_depth,2.243408203125,,,protocol_aligned_component,bf7756c6d5e2d5977e1120ed295b376bceab1aa4d3167a20a951f39bdd3b03f7,T5.2.1
recovery_seed_metric,202607162104,,0.09375,0.375,mean_observed_same_quadrature_max_e_run,2.02880859375,,,protocol_aligned_component,bf7756c6d5e2d5977e1120ed295b376bceab1aa4d3167a20a951f39bdd3b03f7,T5.2.1
recovery_seed_metric,202607162104,,0.09375,0.375,mean_ideal_same_quadrature_max_e_run,2.064453125,,,protocol_aligned_component,bf7756c6d5e2d5977e1120ed295b376bceab1aa4d3167a20a951f39bdd3b03f7,T5.2.1
recovery_seed_metric,202607162104,,0.09375,0.375,mean_restricted_recovery_cycles,2.562744140625,,,protocol_aligned_component,bf7756c6d5e2d5977e1120ed295b376bceab1aa4d3167a20a951f39bdd3b03f7,T5.2.1
recovery_seed_metric,202607162104,,0.09375,0.375,recovered_fraction_by_horizon,1.0,,,protocol_aligned_component,bf7756c6d5e2d5977e1120ed295b376bceab1aa4d3167a20a951f39bdd3b03f7,T5.2.1
recovery_seed_metric,202607162104,,0.09375,0.375,unaffected_e_probability_max,0.0224609375,,,protocol_aligned_component,bf7756c6d5e2d5977e1120ed295b376bceab1aa4d3167a20a951f39bdd3b03f7,T5.2.1
recovery_seed_metric,202607162104,,0.125,0.5,mean_initial_recovery_depth,2.993896484375,,,protocol_aligned_component,8a7760fd167823e754a19ecbef8f9c8564a6504db0ec0d111dc5c64451e5ac42,T5.2.1
recovery_seed_metric,202607162104,,0.125,0.5,mean_observed_same_quadrature_max_e_run,2.630615234375,,,protocol_aligned_component,8a7760fd167823e754a19ecbef8f9c8564a6504db0ec0d111dc5c64451e5ac42,T5.2.1
recovery_seed_metric,202607162104,,0.125,0.5,mean_ideal_same_quadrature_max_e_run,2.6943359375,,,protocol_aligned_component,8a7760fd167823e754a19ecbef8f9c8564a6504db0ec0d111dc5c64451e5ac42,T5.2.1
recovery_seed_metric,202607162104,,0.125,0.5,mean_restricted_recovery_cycles,3.423828125,,,protocol_aligned_component,8a7760fd167823e754a19ecbef8f9c8564a6504db0ec0d111dc5c64451e5ac42,T5.2.1
recovery_seed_metric,202607162104,,0.125,0.5,recovered_fraction_by_horizon,1.0,,,protocol_aligned_component,8a7760fd167823e754a19ecbef8f9c8564a6504db0ec0d111dc5c64451e5ac42,T5.2.1
recovery_seed_metric,202607162104,,0.125,0.5,unaffected_e_probability_max,0.025146484375,,,protocol_aligned_component,8a7760fd167823e754a19ecbef8f9c8564a6504db0ec0d111dc5c64451e5ac42,T5.2.1
recovery_seed_metric,202607162104,,0.15625,0.625,mean_initial_recovery_depth,3.756591796875,,,protocol_aligned_component,e18a272ab76e137ae36aaf22840058f37661b772cd4c3ae438a9ff6c96070705,T5.2.1
recovery_seed_metric,202607162104,,0.15625,0.625,mean_observed_same_quadrature_max_e_run,3.227294921875,,,protocol_aligned_component,e18a272ab76e137ae36aaf22840058f37661b772cd4c3ae438a9ff6c96070705,T5.2.1
recovery_seed_metric,202607162104,,0.15625,0.625,mean_ideal_same_quadrature_max_e_run,3.317138671875,,,protocol_aligned_component,e18a272ab76e137ae36aaf22840058f37661b772cd4c3ae438a9ff6c96070705,T5.2.1
recovery_seed_metric,202607162104,,0.15625,0.625,mean_restricted_recovery_cycles,4.28955078125,,,protocol_aligned_component,e18a272ab76e137ae36aaf22840058f37661b772cd4c3ae438a9ff6c96070705,T5.2.1
recovery_seed_metric,202607162104,,0.15625,0.625,recovered_fraction_by_horizon,1.0,,,protocol_aligned_component,e18a272ab76e137ae36aaf22840058f37661b772cd4c3ae438a9ff6c96070705,T5.2.1
recovery_seed_metric,202607162104,,0.15625,0.625,unaffected_e_probability_max,0.02587890625,,,protocol_aligned_component,e18a272ab76e137ae36aaf22840058f37661b772cd4c3ae438a9ff6c96070705,T5.2.1
recovery_seed_metric,202607162104,,0.1875,0.75,mean_initial_recovery_depth,4.50537109375,,,protocol_aligned_component,d8590e38294b02c93307db41f4a0428945bae7188a599c33692a1af853f947b4,T5.2.1
recovery_seed_metric,202607162104,,0.1875,0.75,mean_observed_same_quadrature_max_e_run,3.801025390625,,,protocol_aligned_component,d8590e38294b02c93307db41f4a0428945bae7188a599c33692a1af853f947b4,T5.2.1
recovery_seed_metric,202607162104,,0.1875,0.75,mean_ideal_same_quadrature_max_e_run,3.910400390625,,,protocol_aligned_component,d8590e38294b02c93307db41f4a0428945bae7188a599c33692a1af853f947b4,T5.2.1
recovery_seed_metric,202607162104,,0.1875,0.75,mean_restricted_recovery_cycles,5.14599609375,,,protocol_aligned_component,d8590e38294b02c93307db41f4a0428945bae7188a599c33692a1af853f947b4,T5.2.1
recovery_seed_metric,202607162104,,0.1875,0.75,recovered_fraction_by_horizon,1.0,,,protocol_aligned_component,d8590e38294b02c93307db41f4a0428945bae7188a599c33692a1af853f947b4,T5.2.1
recovery_seed_metric,202607162104,,0.1875,0.75,unaffected_e_probability_max,0.026611328125,,,protocol_aligned_component,d8590e38294b02c93307db41f4a0428945bae7188a599c33692a1af853f947b4,T5.2.1
recovery_seed_metric,202607162104,,0.21875,0.875,mean_initial_recovery_depth,5.24951171875,,,protocol_aligned_component,756706d7b8bb5da1f8dcb92798c62f19d35edb6f795046471cc978e70080b33e,T5.2.1
recovery_seed_metric,202607162104,,0.21875,0.875,mean_observed_same_quadrature_max_e_run,4.343994140625,,,protocol_aligned_component,756706d7b8bb5da1f8dcb92798c62f19d35edb6f795046471cc978e70080b33e,T5.2.1
recovery_seed_metric,202607162104,,0.21875,0.875,mean_ideal_same_quadrature_max_e_run,4.480712890625,,,protocol_aligned_component,756706d7b8bb5da1f8dcb92798c62f19d35edb6f795046471cc978e70080b33e,T5.2.1
recovery_seed_metric,202607162104,,0.21875,0.875,mean_restricted_recovery_cycles,5.99560546875,,,protocol_aligned_component,756706d7b8bb5da1f8dcb92798c62f19d35edb6f795046471cc978e70080b33e,T5.2.1
recovery_seed_metric,202607162104,,0.21875,0.875,recovered_fraction_by_horizon,1.0,,,protocol_aligned_component,756706d7b8bb5da1f8dcb92798c62f19d35edb6f795046471cc978e70080b33e,T5.2.1
recovery_seed_metric,202607162104,,0.21875,0.875,unaffected_e_probability_max,0.02783203125,,,protocol_aligned_component,756706d7b8bb5da1f8dcb92798c62f19d35edb6f795046471cc978e70080b33e,T5.2.1
recovery_seed_metric,202607162104,,0.25,1.0,mean_initial_recovery_depth,6.0,,,protocol_aligned_component,b6780396e4c661926979efa502c63f2dfd1e8646c03c813fa81d03fe380357ae,T5.2.1
recovery_seed_metric,202607162104,,0.25,1.0,mean_observed_same_quadrature_max_e_run,4.847412109375,,,protocol_aligned_component,b6780396e4c661926979efa502c63f2dfd1e8646c03c813fa81d03fe380357ae,T5.2.1
recovery_seed_metric,202607162104,,0.25,1.0,mean_ideal_same_quadrature_max_e_run,5.008056640625,,,protocol_aligned_component,b6780396e4c661926979efa502c63f2dfd1e8646c03c813fa81d03fe380357ae,T5.2.1
recovery_seed_metric,202607162104,,0.25,1.0,mean_restricted_recovery_cycles,6.845703125,,,protocol_aligned_component,b6780396e4c661926979efa502c63f2dfd1e8646c03c813fa81d03fe380357ae,T5.2.1
recovery_seed_metric,202607162104,,0.25,1.0,recovered_fraction_by_horizon,1.0,,,protocol_aligned_component,b6780396e4c661926979efa502c63f2dfd1e8646c03c813fa81d03fe380357ae,T5.2.1
recovery_seed_metric,202607162104,,0.25,1.0,unaffected_e_probability_max,0.029052734375,,,protocol_aligned_component,b6780396e4c661926979efa502c63f2dfd1e8646c03c813fa81d03fe380357ae,T5.2.1
recovery_seed_metric,202607162104,,0.28125,0.875,mean_initial_recovery_depth,5.24951171875,,,protocol_aligned_component,756706d7b8bb5da1f8dcb92798c62f19d35edb6f795046471cc978e70080b33e,T5.2.1
recovery_seed_metric,202607162104,,0.28125,0.875,mean_observed_same_quadrature_max_e_run,4.343994140625,,,protocol_aligned_component,756706d7b8bb5da1f8dcb92798c62f19d35edb6f795046471cc978e70080b33e,T5.2.1
recovery_seed_metric,202607162104,,0.28125,0.875,mean_ideal_same_quadrature_max_e_run,4.480712890625,,,protocol_aligned_component,756706d7b8bb5da1f8dcb92798c62f19d35edb6f795046471cc978e70080b33e,T5.2.1
recovery_seed_metric,202607162104,,0.28125,0.875,mean_restricted_recovery_cycles,5.99560546875,,,protocol_aligned_component,756706d7b8bb5da1f8dcb92798c62f19d35edb6f795046471cc978e70080b33e,T5.2.1
recovery_seed_metric,202607162104,,0.28125,0.875,recovered_fraction_by_horizon,1.0,,,protocol_aligned_component,756706d7b8bb5da1f8dcb92798c62f19d35edb6f795046471cc978e70080b33e,T5.2.1
recovery_seed_metric,202607162104,,0.28125,0.875,unaffected_e_probability_max,0.02783203125,,,protocol_aligned_component,756706d7b8bb5da1f8dcb92798c62f19d35edb6f795046471cc978e70080b33e,T5.2.1
recovery_seed_metric,202607162104,,0.3125,0.75,mean_initial_recovery_depth,4.50537109375,,,protocol_aligned_component,d8590e38294b02c93307db41f4a0428945bae7188a599c33692a1af853f947b4,T5.2.1
recovery_seed_metric,202607162104,,0.3125,0.75,mean_observed_same_quadrature_max_e_run,3.801025390625,,,protocol_aligned_component,d8590e38294b02c93307db41f4a0428945bae7188a599c33692a1af853f947b4,T5.2.1
recovery_seed_metric,202607162104,,0.3125,0.75,mean_ideal_same_quadrature_max_e_run,3.910400390625,,,protocol_aligned_component,d8590e38294b02c93307db41f4a0428945bae7188a599c33692a1af853f947b4,T5.2.1
recovery_seed_metric,202607162104,,0.3125,0.75,mean_restricted_recovery_cycles,5.14599609375,,,protocol_aligned_component,d8590e38294b02c93307db41f4a0428945bae7188a599c33692a1af853f947b4,T5.2.1
recovery_seed_metric,202607162104,,0.3125,0.75,recovered_fraction_by_horizon,1.0,,,protocol_aligned_component,d8590e38294b02c93307db41f4a0428945bae7188a599c33692a1af853f947b4,T5.2.1
recovery_seed_metric,202607162104,,0.3125,0.75,unaffected_e_probability_max,0.026611328125,,,protocol_aligned_component,d8590e38294b02c93307db41f4a0428945bae7188a599c33692a1af853f947b4,T5.2.1
recovery_seed_metric,202607162104,,0.34375,0.625,mean_initial_recovery_depth,3.756591796875,,,protocol_aligned_component,e18a272ab76e137ae36aaf22840058f37661b772cd4c3ae438a9ff6c96070705,T5.2.1
recovery_seed_metric,202607162104,,0.34375,0.625,mean_observed_same_quadrature_max_e_run,3.227294921875,,,protocol_aligned_component,e18a272ab76e137ae36aaf22840058f37661b772cd4c3ae438a9ff6c96070705,T5.2.1
recovery_seed_metric,202607162104,,0.34375,0.625,mean_ideal_same_quadrature_max_e_run,3.317138671875,,,protocol_aligned_component,e18a272ab76e137ae36aaf22840058f37661b772cd4c3ae438a9ff6c96070705,T5.2.1
recovery_seed_metric,202607162104,,0.34375,0.625,mean_restricted_recovery_cycles,4.28955078125,,,protocol_aligned_component,e18a272ab76e137ae36aaf22840058f37661b772cd4c3ae438a9ff6c96070705,T5.2.1
recovery_seed_metric,202607162104,,0.34375,0.625,recovered_fraction_by_horizon,1.0,,,protocol_aligned_component,e18a272ab76e137ae36aaf22840058f37661b772cd4c3ae438a9ff6c96070705,T5.2.1
recovery_seed_metric,202607162104,,0.34375,0.625,unaffected_e_probability_max,0.02587890625,,,protocol_aligned_component,e18a272ab76e137ae36aaf22840058f37661b772cd4c3ae438a9ff6c96070705,T5.2.1
recovery_seed_metric,202607162104,,0.375,0.5,mean_initial_recovery_depth,2.993896484375,,,protocol_aligned_component,8a7760fd167823e754a19ecbef8f9c8564a6504db0ec0d111dc5c64451e5ac42,T5.2.1
recovery_seed_metric,202607162104,,0.375,0.5,mean_observed_same_quadrature_max_e_run,2.630615234375,,,protocol_aligned_component,8a7760fd167823e754a19ecbef8f9c8564a6504db0ec0d111dc5c64451e5ac42,T5.2.1
recovery_seed_metric,202607162104,,0.375,0.5,mean_ideal_same_quadrature_max_e_run,2.6943359375,,,protocol_aligned_component,8a7760fd167823e754a19ecbef8f9c8564a6504db0ec0d111dc5c64451e5ac42,T5.2.1
recovery_seed_metric,202607162104,,0.375,0.5,mean_restricted_recovery_cycles,3.423828125,,,protocol_aligned_component,8a7760fd167823e754a19ecbef8f9c8564a6504db0ec0d111dc5c64451e5ac42,T5.2.1
recovery_seed_metric,202607162104,,0.375,0.5,recovered_fraction_by_horizon,1.0,,,protocol_aligned_component,8a7760fd167823e754a19ecbef8f9c8564a6504db0ec0d111dc5c64451e5ac42,T5.2.1
recovery_seed_metric,202607162104,,0.375,0.5,unaffected_e_probability_max,0.025146484375,,,protocol_aligned_component,8a7760fd167823e754a19ecbef8f9c8564a6504db0ec0d111dc5c64451e5ac42,T5.2.1
recovery_seed_metric,202607162104,,0.40625,0.375,mean_initial_recovery_depth,2.243408203125,,,protocol_aligned_component,bf7756c6d5e2d5977e1120ed295b376bceab1aa4d3167a20a951f39bdd3b03f7,T5.2.1
recovery_seed_metric,202607162104,,0.40625,0.375,mean_observed_same_quadrature_max_e_run,2.02880859375,,,protocol_aligned_component,bf7756c6d5e2d5977e1120ed295b376bceab1aa4d3167a20a951f39bdd3b03f7,T5.2.1
recovery_seed_metric,202607162104,,0.40625,0.375,mean_ideal_same_quadrature_max_e_run,2.064453125,,,protocol_aligned_component,bf7756c6d5e2d5977e1120ed295b376bceab1aa4d3167a20a951f39bdd3b03f7,T5.2.1
recovery_seed_metric,202607162104,,0.40625,0.375,mean_restricted_recovery_cycles,2.562744140625,,,protocol_aligned_component,bf7756c6d5e2d5977e1120ed295b376bceab1aa4d3167a20a951f39bdd3b03f7,T5.2.1
recovery_seed_metric,202607162104,,0.40625,0.375,recovered_fraction_by_horizon,1.0,,,protocol_aligned_component,bf7756c6d5e2d5977e1120ed295b376bceab1aa4d3167a20a951f39bdd3b03f7,T5.2.1
recovery_seed_metric,202607162104,,0.40625,0.375,unaffected_e_probability_max,0.0224609375,,,protocol_aligned_component,bf7756c6d5e2d5977e1120ed295b376bceab1aa4d3167a20a951f39bdd3b03f7,T5.2.1
recovery_seed_metric,202607162104,,0.4375,0.25,mean_initial_recovery_depth,1.49462890625,,,protocol_aligned_component,e682e662e9a20fe80e90afe3f5533043995387d229457681a9306d71ffb1cca4,T5.2.1
recovery_seed_metric,202607162104,,0.4375,0.25,mean_observed_same_quadrature_max_e_run,1.394775390625,,,protocol_aligned_component,e682e662e9a20fe80e90afe3f5533043995387d229457681a9306d71ffb1cca4,T5.2.1
recovery_seed_metric,202607162104,,0.4375,0.25,mean_ideal_same_quadrature_max_e_run,1.404296875,,,protocol_aligned_component,e682e662e9a20fe80e90afe3f5533043995387d229457681a9306d71ffb1cca4,T5.2.1
recovery_seed_metric,202607162104,,0.4375,0.25,mean_restricted_recovery_cycles,1.706787109375,,,protocol_aligned_component,e682e662e9a20fe80e90afe3f5533043995387d229457681a9306d71ffb1cca4,T5.2.1
recovery_seed_metric,202607162104,,0.4375,0.25,recovered_fraction_by_horizon,1.0,,,protocol_aligned_component,e682e662e9a20fe80e90afe3f5533043995387d229457681a9306d71ffb1cca4,T5.2.1
recovery_seed_metric,202607162104,,0.4375,0.25,unaffected_e_probability_max,0.020751953125,,,protocol_aligned_component,e682e662e9a20fe80e90afe3f5533043995387d229457681a9306d71ffb1cca4,T5.2.1
recovery_seed_metric,202607162104,,0.46875,0.125,mean_initial_recovery_depth,0.75048828125,,,protocol_aligned_component,d982f5e7be88a1abd55361f91af9aa14b552f7245483a461ae28cb7e02001d5f,T5.2.1
recovery_seed_metric,202607162104,,0.46875,0.125,mean_observed_same_quadrature_max_e_run,0.752197265625,,,protocol_aligned_component,d982f5e7be88a1abd55361f91af9aa14b552f7245483a461ae28cb7e02001d5f,T5.2.1
recovery_seed_metric,202607162104,,0.46875,0.125,mean_ideal_same_quadrature_max_e_run,0.725830078125,,,protocol_aligned_component,d982f5e7be88a1abd55361f91af9aa14b552f7245483a461ae28cb7e02001d5f,T5.2.1
recovery_seed_metric,202607162104,,0.46875,0.125,mean_restricted_recovery_cycles,0.86328125,,,protocol_aligned_component,d982f5e7be88a1abd55361f91af9aa14b552f7245483a461ae28cb7e02001d5f,T5.2.1
recovery_seed_metric,202607162104,,0.46875,0.125,recovered_fraction_by_horizon,1.0,,,protocol_aligned_component,d982f5e7be88a1abd55361f91af9aa14b552f7245483a461ae28cb7e02001d5f,T5.2.1
recovery_seed_metric,202607162104,,0.46875,0.125,unaffected_e_probability_max,0.016845703125,,,protocol_aligned_component,d982f5e7be88a1abd55361f91af9aa14b552f7245483a461ae28cb7e02001d5f,T5.2.1
recovery_seed_metric,202607162104,,0.5,0.0,mean_initial_recovery_depth,0.0,,,protocol_aligned_component,e0425bb5a9b57b41ff6110768e3e233d5547ba4faefbbe166743ea913ebb88d8,T5.2.1
recovery_seed_metric,202607162104,,0.5,0.0,mean_observed_same_quadrature_max_e_run,0.0966796875,,,protocol_aligned_component,e0425bb5a9b57b41ff6110768e3e233d5547ba4faefbbe166743ea913ebb88d8,T5.2.1
recovery_seed_metric,202607162104,,0.5,0.0,mean_ideal_same_quadrature_max_e_run,0.0,,,protocol_aligned_component,e0425bb5a9b57b41ff6110768e3e233d5547ba4faefbbe166743ea913ebb88d8,T5.2.1
recovery_seed_metric,202607162104,,0.5,0.0,mean_restricted_recovery_cycles,0.0,,,protocol_aligned_component,e0425bb5a9b57b41ff6110768e3e233d5547ba4faefbbe166743ea913ebb88d8,T5.2.1
recovery_seed_metric,202607162104,,0.5,0.0,recovered_fraction_by_horizon,1.0,,,protocol_aligned_component,e0425bb5a9b57b41ff6110768e3e233d5547ba4faefbbe166743ea913ebb88d8,T5.2.1
recovery_seed_metric,202607162104,,0.5,0.0,unaffected_e_probability_max,0.007568359375,,,protocol_aligned_component,e0425bb5a9b57b41ff6110768e3e233d5547ba4faefbbe166743ea913ebb88d8,T5.2.1
recovery_seed_metric,202607162105,,0.0,0.0,mean_initial_recovery_depth,0.0,,,protocol_aligned_component,a836dd564ff99e8f441c1aa278f6a9d1116f3107bf527997a69dfc474c8130ae,T5.2.1
recovery_seed_metric,202607162105,,0.0,0.0,mean_observed_same_quadrature_max_e_run,0.100341796875,,,protocol_aligned_component,a836dd564ff99e8f441c1aa278f6a9d1116f3107bf527997a69dfc474c8130ae,T5.2.1
recovery_seed_metric,202607162105,,0.0,0.0,mean_ideal_same_quadrature_max_e_run,0.0,,,protocol_aligned_component,a836dd564ff99e8f441c1aa278f6a9d1116f3107bf527997a69dfc474c8130ae,T5.2.1
recovery_seed_metric,202607162105,,0.0,0.0,mean_restricted_recovery_cycles,0.0,,,protocol_aligned_component,a836dd564ff99e8f441c1aa278f6a9d1116f3107bf527997a69dfc474c8130ae,T5.2.1
recovery_seed_metric,202607162105,,0.0,0.0,recovered_fraction_by_horizon,1.0,,,protocol_aligned_component,a836dd564ff99e8f441c1aa278f6a9d1116f3107bf527997a69dfc474c8130ae,T5.2.1
recovery_seed_metric,202607162105,,0.0,0.0,unaffected_e_probability_max,0.0068359375,,,protocol_aligned_component,a836dd564ff99e8f441c1aa278f6a9d1116f3107bf527997a69dfc474c8130ae,T5.2.1
recovery_seed_metric,202607162105,,0.03125,0.125,mean_initial_recovery_depth,0.74609375,,,protocol_aligned_component,a197d11ef7d2d6e9a03904e20d6049da769c9d21068eb8b15e38dec95be5f9ac,T5.2.1
recovery_seed_metric,202607162105,,0.03125,0.125,mean_observed_same_quadrature_max_e_run,0.754150390625,,,protocol_aligned_component,a197d11ef7d2d6e9a03904e20d6049da769c9d21068eb8b15e38dec95be5f9ac,T5.2.1
recovery_seed_metric,202607162105,,0.03125,0.125,mean_ideal_same_quadrature_max_e_run,0.721923828125,,,protocol_aligned_component,a197d11ef7d2d6e9a03904e20d6049da769c9d21068eb8b15e38dec95be5f9ac,T5.2.1
recovery_seed_metric,202607162105,,0.03125,0.125,mean_restricted_recovery_cycles,0.845947265625,,,protocol_aligned_component,a197d11ef7d2d6e9a03904e20d6049da769c9d21068eb8b15e38dec95be5f9ac,T5.2.1
recovery_seed_metric,202607162105,,0.03125,0.125,recovered_fraction_by_horizon,1.0,,,protocol_aligned_component,a197d11ef7d2d6e9a03904e20d6049da769c9d21068eb8b15e38dec95be5f9ac,T5.2.1
recovery_seed_metric,202607162105,,0.03125,0.125,unaffected_e_probability_max,0.01123046875,,,protocol_aligned_component,a197d11ef7d2d6e9a03904e20d6049da769c9d21068eb8b15e38dec95be5f9ac,T5.2.1
recovery_seed_metric,202607162105,,0.0625,0.25,mean_initial_recovery_depth,1.48779296875,,,protocol_aligned_component,bf54df299cc23080082300a519013d94e34c6829c0736d08cc12eed7f0cba098,T5.2.1
recovery_seed_metric,202607162105,,0.0625,0.25,mean_observed_same_quadrature_max_e_run,1.393798828125,,,protocol_aligned_component,bf54df299cc23080082300a519013d94e34c6829c0736d08cc12eed7f0cba098,T5.2.1
recovery_seed_metric,202607162105,,0.0625,0.25,mean_ideal_same_quadrature_max_e_run,1.40283203125,,,protocol_aligned_component,bf54df299cc23080082300a519013d94e34c6829c0736d08cc12eed7f0cba098,T5.2.1
recovery_seed_metric,202607162105,,0.0625,0.25,mean_restricted_recovery_cycles,1.688232421875,,,protocol_aligned_component,bf54df299cc23080082300a519013d94e34c6829c0736d08cc12eed7f0cba098,T5.2.1
recovery_seed_metric,202607162105,,0.0625,0.25,recovered_fraction_by_horizon,1.0,,,protocol_aligned_component,bf54df299cc23080082300a519013d94e34c6829c0736d08cc12eed7f0cba098,T5.2.1
recovery_seed_metric,202607162105,,0.0625,0.25,unaffected_e_probability_max,0.017578125,,,protocol_aligned_component,bf54df299cc23080082300a519013d94e34c6829c0736d08cc12eed7f0cba098,T5.2.1
recovery_seed_metric,202607162105,,0.09375,0.375,mean_initial_recovery_depth,2.236572265625,,,protocol_aligned_component,9d4bf0185de759c13f3c90e704afcc9c1f9dfe7e1abeade4091bc5074b23975d,T5.2.1
recovery_seed_metric,202607162105,,0.09375,0.375,mean_observed_same_quadrature_max_e_run,2.025390625,,,protocol_aligned_component,9d4bf0185de759c13f3c90e704afcc9c1f9dfe7e1abeade4091bc5074b23975d,T5.2.1
recovery_seed_metric,202607162105,,0.09375,0.375,mean_ideal_same_quadrature_max_e_run,2.0654296875,,,protocol_aligned_component,9d4bf0185de759c13f3c90e704afcc9c1f9dfe7e1abeade4091bc5074b23975d,T5.2.1
recovery_seed_metric,202607162105,,0.09375,0.375,mean_restricted_recovery_cycles,2.530029296875,,,protocol_aligned_component,9d4bf0185de759c13f3c90e704afcc9c1f9dfe7e1abeade4091bc5074b23975d,T5.2.1
recovery_seed_metric,202607162105,,0.09375,0.375,recovered_fraction_by_horizon,1.0,,,protocol_aligned_component,9d4bf0185de759c13f3c90e704afcc9c1f9dfe7e1abeade4091bc5074b23975d,T5.2.1
recovery_seed_metric,202607162105,,0.09375,0.375,unaffected_e_probability_max,0.0185546875,,,protocol_aligned_component,9d4bf0185de759c13f3c90e704afcc9c1f9dfe7e1abeade4091bc5074b23975d,T5.2.1
recovery_seed_metric,202607162105,,0.125,0.5,mean_initial_recovery_depth,2.984375,,,protocol_aligned_component,6e00c18eb4fa88200d43ccba776be8f19b1c07418b84bb2deda0869c61c0685e,T5.2.1
recovery_seed_metric,202607162105,,0.125,0.5,mean_observed_same_quadrature_max_e_run,2.6357421875,,,protocol_aligned_component,6e00c18eb4fa88200d43ccba776be8f19b1c07418b84bb2deda0869c61c0685e,T5.2.1
recovery_seed_metric,202607162105,,0.125,0.5,mean_ideal_same_quadrature_max_e_run,2.6982421875,,,protocol_aligned_component,6e00c18eb4fa88200d43ccba776be8f19b1c07418b84bb2deda0869c61c0685e,T5.2.1
recovery_seed_metric,202607162105,,0.125,0.5,mean_restricted_recovery_cycles,3.380859375,,,protocol_aligned_component,6e00c18eb4fa88200d43ccba776be8f19b1c07418b84bb2deda0869c61c0685e,T5.2.1
recovery_seed_metric,202607162105,,0.125,0.5,recovered_fraction_by_horizon,1.0,,,protocol_aligned_component,6e00c18eb4fa88200d43ccba776be8f19b1c07418b84bb2deda0869c61c0685e,T5.2.1
recovery_seed_metric,202607162105,,0.125,0.5,unaffected_e_probability_max,0.0205078125,,,protocol_aligned_component,6e00c18eb4fa88200d43ccba776be8f19b1c07418b84bb2deda0869c61c0685e,T5.2.1
recovery_seed_metric,202607162105,,0.15625,0.625,mean_initial_recovery_depth,3.763427734375,,,protocol_aligned_component,b22e42293952d83f65bc096ecd41a5dc13d3345b775c5f21a587d39393f227bb,T5.2.1
recovery_seed_metric,202607162105,,0.15625,0.625,mean_observed_same_quadrature_max_e_run,3.244873046875,,,protocol_aligned_component,b22e42293952d83f65bc096ecd41a5dc13d3345b775c5f21a587d39393f227bb,T5.2.1
recovery_seed_metric,202607162105,,0.15625,0.625,mean_ideal_same_quadrature_max_e_run,3.3349609375,,,protocol_aligned_component,b22e42293952d83f65bc096ecd41a5dc13d3345b775c5f21a587d39393f227bb,T5.2.1
recovery_seed_metric,202607162105,,0.15625,0.625,mean_restricted_recovery_cycles,4.268310546875,,,protocol_aligned_component,b22e42293952d83f65bc096ecd41a5dc13d3345b775c5f21a587d39393f227bb,T5.2.1
recovery_seed_metric,202607162105,,0.15625,0.625,recovered_fraction_by_horizon,1.0,,,protocol_aligned_component,b22e42293952d83f65bc096ecd41a5dc13d3345b775c5f21a587d39393f227bb,T5.2.1
recovery_seed_metric,202607162105,,0.15625,0.625,unaffected_e_probability_max,0.02294921875,,,protocol_aligned_component,b22e42293952d83f65bc096ecd41a5dc13d3345b775c5f21a587d39393f227bb,T5.2.1
recovery_seed_metric,202607162105,,0.1875,0.75,mean_initial_recovery_depth,4.51220703125,,,protocol_aligned_component,ac96e67257819ab4c2eaf25e276afee2fba6aa9c5049d0dff965790fcbebbb99,T5.2.1
recovery_seed_metric,202607162105,,0.1875,0.75,mean_observed_same_quadrature_max_e_run,3.8203125,,,protocol_aligned_component,ac96e67257819ab4c2eaf25e276afee2fba6aa9c5049d0dff965790fcbebbb99,T5.2.1
recovery_seed_metric,202607162105,,0.1875,0.75,mean_ideal_same_quadrature_max_e_run,3.925048828125,,,protocol_aligned_component,ac96e67257819ab4c2eaf25e276afee2fba6aa9c5049d0dff965790fcbebbb99,T5.2.1
recovery_seed_metric,202607162105,,0.1875,0.75,mean_restricted_recovery_cycles,5.11865234375,,,protocol_aligned_component,ac96e67257819ab4c2eaf25e276afee2fba6aa9c5049d0dff965790fcbebbb99,T5.2.1
recovery_seed_metric,202607162105,,0.1875,0.75,recovered_fraction_by_horizon,1.0,,,protocol_aligned_component,ac96e67257819ab4c2eaf25e276afee2fba6aa9c5049d0dff965790fcbebbb99,T5.2.1
recovery_seed_metric,202607162105,,0.1875,0.75,unaffected_e_probability_max,0.024658203125,,,protocol_aligned_component,ac96e67257819ab4c2eaf25e276afee2fba6aa9c5049d0dff965790fcbebbb99,T5.2.1
recovery_seed_metric,202607162105,,0.21875,0.875,mean_initial_recovery_depth,5.25390625,,,protocol_aligned_component,3b62f2a585aa2f6f8d7196ce182a71c906c8e28497efe35a7c5040b0f8c4d3e6,T5.2.1
recovery_seed_metric,202607162105,,0.21875,0.875,mean_observed_same_quadrature_max_e_run,4.3515625,,,protocol_aligned_component,3b62f2a585aa2f6f8d7196ce182a71c906c8e28497efe35a7c5040b0f8c4d3e6,T5.2.1
recovery_seed_metric,202607162105,,0.21875,0.875,mean_ideal_same_quadrature_max_e_run,4.47900390625,,,protocol_aligned_component,3b62f2a585aa2f6f8d7196ce182a71c906c8e28497efe35a7c5040b0f8c4d3e6,T5.2.1
recovery_seed_metric,202607162105,,0.21875,0.875,mean_restricted_recovery_cycles,5.97216796875,,,protocol_aligned_component,3b62f2a585aa2f6f8d7196ce182a71c906c8e28497efe35a7c5040b0f8c4d3e6,T5.2.1
recovery_seed_metric,202607162105,,0.21875,0.875,recovered_fraction_by_horizon,1.0,,,protocol_aligned_component,3b62f2a585aa2f6f8d7196ce182a71c906c8e28497efe35a7c5040b0f8c4d3e6,T5.2.1
recovery_seed_metric,202607162105,,0.21875,0.875,unaffected_e_probability_max,0.024169921875,,,protocol_aligned_component,3b62f2a585aa2f6f8d7196ce182a71c906c8e28497efe35a7c5040b0f8c4d3e6,T5.2.1
recovery_seed_metric,202607162105,,0.25,1.0,mean_initial_recovery_depth,6.0,,,protocol_aligned_component,03b7216f9f5671dfc1c1ed05d292cd5d04cc97df12acf63ef08f068fe8d92951,T5.2.1
recovery_seed_metric,202607162105,,0.25,1.0,mean_observed_same_quadrature_max_e_run,4.85302734375,,,protocol_aligned_component,03b7216f9f5671dfc1c1ed05d292cd5d04cc97df12acf63ef08f068fe8d92951,T5.2.1
recovery_seed_metric,202607162105,,0.25,1.0,mean_ideal_same_quadrature_max_e_run,5.016357421875,,,protocol_aligned_component,03b7216f9f5671dfc1c1ed05d292cd5d04cc97df12acf63ef08f068fe8d92951,T5.2.1
recovery_seed_metric,202607162105,,0.25,1.0,mean_restricted_recovery_cycles,6.811279296875,,,protocol_aligned_component,03b7216f9f5671dfc1c1ed05d292cd5d04cc97df12acf63ef08f068fe8d92951,T5.2.1
recovery_seed_metric,202607162105,,0.25,1.0,recovered_fraction_by_horizon,1.0,,,protocol_aligned_component,03b7216f9f5671dfc1c1ed05d292cd5d04cc97df12acf63ef08f068fe8d92951,T5.2.1
recovery_seed_metric,202607162105,,0.25,1.0,unaffected_e_probability_max,0.025634765625,,,protocol_aligned_component,03b7216f9f5671dfc1c1ed05d292cd5d04cc97df12acf63ef08f068fe8d92951,T5.2.1
recovery_seed_metric,202607162105,,0.28125,0.875,mean_initial_recovery_depth,5.25390625,,,protocol_aligned_component,3b62f2a585aa2f6f8d7196ce182a71c906c8e28497efe35a7c5040b0f8c4d3e6,T5.2.1
recovery_seed_metric,202607162105,,0.28125,0.875,mean_observed_same_quadrature_max_e_run,4.3515625,,,protocol_aligned_component,3b62f2a585aa2f6f8d7196ce182a71c906c8e28497efe35a7c5040b0f8c4d3e6,T5.2.1
recovery_seed_metric,202607162105,,0.28125,0.875,mean_ideal_same_quadrature_max_e_run,4.47900390625,,,protocol_aligned_component,3b62f2a585aa2f6f8d7196ce182a71c906c8e28497efe35a7c5040b0f8c4d3e6,T5.2.1
recovery_seed_metric,202607162105,,0.28125,0.875,mean_restricted_recovery_cycles,5.97216796875,,,protocol_aligned_component,3b62f2a585aa2f6f8d7196ce182a71c906c8e28497efe35a7c5040b0f8c4d3e6,T5.2.1
recovery_seed_metric,202607162105,,0.28125,0.875,recovered_fraction_by_horizon,1.0,,,protocol_aligned_component,3b62f2a585aa2f6f8d7196ce182a71c906c8e28497efe35a7c5040b0f8c4d3e6,T5.2.1
recovery_seed_metric,202607162105,,0.28125,0.875,unaffected_e_probability_max,0.024169921875,,,protocol_aligned_component,3b62f2a585aa2f6f8d7196ce182a71c906c8e28497efe35a7c5040b0f8c4d3e6,T5.2.1
recovery_seed_metric,202607162105,,0.3125,0.75,mean_initial_recovery_depth,4.51220703125,,,protocol_aligned_component,ac96e67257819ab4c2eaf25e276afee2fba6aa9c5049d0dff965790fcbebbb99,T5.2.1
recovery_seed_metric,202607162105,,0.3125,0.75,mean_observed_same_quadrature_max_e_run,3.8203125,,,protocol_aligned_component,ac96e67257819ab4c2eaf25e276afee2fba6aa9c5049d0dff965790fcbebbb99,T5.2.1
recovery_seed_metric,202607162105,,0.3125,0.75,mean_ideal_same_quadrature_max_e_run,3.925048828125,,,protocol_aligned_component,ac96e67257819ab4c2eaf25e276afee2fba6aa9c5049d0dff965790fcbebbb99,T5.2.1
recovery_seed_metric,202607162105,,0.3125,0.75,mean_restricted_recovery_cycles,5.11865234375,,,protocol_aligned_component,ac96e67257819ab4c2eaf25e276afee2fba6aa9c5049d0dff965790fcbebbb99,T5.2.1
recovery_seed_metric,202607162105,,0.3125,0.75,recovered_fraction_by_horizon,1.0,,,protocol_aligned_component,ac96e67257819ab4c2eaf25e276afee2fba6aa9c5049d0dff965790fcbebbb99,T5.2.1
recovery_seed_metric,202607162105,,0.3125,0.75,unaffected_e_probability_max,0.024658203125,,,protocol_aligned_component,ac96e67257819ab4c2eaf25e276afee2fba6aa9c5049d0dff965790fcbebbb99,T5.2.1
recovery_seed_metric,202607162105,,0.34375,0.625,mean_initial_recovery_depth,3.763427734375,,,protocol_aligned_component,b22e42293952d83f65bc096ecd41a5dc13d3345b775c5f21a587d39393f227bb,T5.2.1
recovery_seed_metric,202607162105,,0.34375,0.625,mean_observed_same_quadrature_max_e_run,3.244873046875,,,protocol_aligned_component,b22e42293952d83f65bc096ecd41a5dc13d3345b775c5f21a587d39393f227bb,T5.2.1
recovery_seed_metric,202607162105,,0.34375,0.625,mean_ideal_same_quadrature_max_e_run,3.3349609375,,,protocol_aligned_component,b22e42293952d83f65bc096ecd41a5dc13d3345b775c5f21a587d39393f227bb,T5.2.1
recovery_seed_metric,202607162105,,0.34375,0.625,mean_restricted_recovery_cycles,4.268310546875,,,protocol_aligned_component,b22e42293952d83f65bc096ecd41a5dc13d3345b775c5f21a587d39393f227bb,T5.2.1
recovery_seed_metric,202607162105,,0.34375,0.625,recovered_fraction_by_horizon,1.0,,,protocol_aligned_component,b22e42293952d83f65bc096ecd41a5dc13d3345b775c5f21a587d39393f227bb,T5.2.1
recovery_seed_metric,202607162105,,0.34375,0.625,unaffected_e_probability_max,0.02294921875,,,protocol_aligned_component,b22e42293952d83f65bc096ecd41a5dc13d3345b775c5f21a587d39393f227bb,T5.2.1
recovery_seed_metric,202607162105,,0.375,0.5,mean_initial_recovery_depth,2.984375,,,protocol_aligned_component,6e00c18eb4fa88200d43ccba776be8f19b1c07418b84bb2deda0869c61c0685e,T5.2.1
recovery_seed_metric,202607162105,,0.375,0.5,mean_observed_same_quadrature_max_e_run,2.6357421875,,,protocol_aligned_component,6e00c18eb4fa88200d43ccba776be8f19b1c07418b84bb2deda0869c61c0685e,T5.2.1
recovery_seed_metric,202607162105,,0.375,0.5,mean_ideal_same_quadrature_max_e_run,2.6982421875,,,protocol_aligned_component,6e00c18eb4fa88200d43ccba776be8f19b1c07418b84bb2deda0869c61c0685e,T5.2.1
recovery_seed_metric,202607162105,,0.375,0.5,mean_restricted_recovery_cycles,3.380859375,,,protocol_aligned_component,6e00c18eb4fa88200d43ccba776be8f19b1c07418b84bb2deda0869c61c0685e,T5.2.1
recovery_seed_metric,202607162105,,0.375,0.5,recovered_fraction_by_horizon,1.0,,,protocol_aligned_component,6e00c18eb4fa88200d43ccba776be8f19b1c07418b84bb2deda0869c61c0685e,T5.2.1
recovery_seed_metric,202607162105,,0.375,0.5,unaffected_e_probability_max,0.0205078125,,,protocol_aligned_component,6e00c18eb4fa88200d43ccba776be8f19b1c07418b84bb2deda0869c61c0685e,T5.2.1
recovery_seed_metric,202607162105,,0.40625,0.375,mean_initial_recovery_depth,2.236572265625,,,protocol_aligned_component,9d4bf0185de759c13f3c90e704afcc9c1f9dfe7e1abeade4091bc5074b23975d,T5.2.1
recovery_seed_metric,202607162105,,0.40625,0.375,mean_observed_same_quadrature_max_e_run,2.025390625,,,protocol_aligned_component,9d4bf0185de759c13f3c90e704afcc9c1f9dfe7e1abeade4091bc5074b23975d,T5.2.1
recovery_seed_metric,202607162105,,0.40625,0.375,mean_ideal_same_quadrature_max_e_run,2.0654296875,,,protocol_aligned_component,9d4bf0185de759c13f3c90e704afcc9c1f9dfe7e1abeade4091bc5074b23975d,T5.2.1
recovery_seed_metric,202607162105,,0.40625,0.375,mean_restricted_recovery_cycles,2.530029296875,,,protocol_aligned_component,9d4bf0185de759c13f3c90e704afcc9c1f9dfe7e1abeade4091bc5074b23975d,T5.2.1
recovery_seed_metric,202607162105,,0.40625,0.375,recovered_fraction_by_horizon,1.0,,,protocol_aligned_component,9d4bf0185de759c13f3c90e704afcc9c1f9dfe7e1abeade4091bc5074b23975d,T5.2.1
recovery_seed_metric,202607162105,,0.40625,0.375,unaffected_e_probability_max,0.0185546875,,,protocol_aligned_component,9d4bf0185de759c13f3c90e704afcc9c1f9dfe7e1abeade4091bc5074b23975d,T5.2.1
recovery_seed_metric,202607162105,,0.4375,0.25,mean_initial_recovery_depth,1.48779296875,,,protocol_aligned_component,bf54df299cc23080082300a519013d94e34c6829c0736d08cc12eed7f0cba098,T5.2.1
recovery_seed_metric,202607162105,,0.4375,0.25,mean_observed_same_quadrature_max_e_run,1.393798828125,,,protocol_aligned_component,bf54df299cc23080082300a519013d94e34c6829c0736d08cc12eed7f0cba098,T5.2.1
recovery_seed_metric,202607162105,,0.4375,0.25,mean_ideal_same_quadrature_max_e_run,1.40283203125,,,protocol_aligned_component,bf54df299cc23080082300a519013d94e34c6829c0736d08cc12eed7f0cba098,T5.2.1
recovery_seed_metric,202607162105,,0.4375,0.25,mean_restricted_recovery_cycles,1.688232421875,,,protocol_aligned_component,bf54df299cc23080082300a519013d94e34c6829c0736d08cc12eed7f0cba098,T5.2.1
recovery_seed_metric,202607162105,,0.4375,0.25,recovered_fraction_by_horizon,1.0,,,protocol_aligned_component,bf54df299cc23080082300a519013d94e34c6829c0736d08cc12eed7f0cba098,T5.2.1
recovery_seed_metric,202607162105,,0.4375,0.25,unaffected_e_probability_max,0.017578125,,,protocol_aligned_component,bf54df299cc23080082300a519013d94e34c6829c0736d08cc12eed7f0cba098,T5.2.1
recovery_seed_metric,202607162105,,0.46875,0.125,mean_initial_recovery_depth,0.74609375,,,protocol_aligned_component,a197d11ef7d2d6e9a03904e20d6049da769c9d21068eb8b15e38dec95be5f9ac,T5.2.1
recovery_seed_metric,202607162105,,0.46875,0.125,mean_observed_same_quadrature_max_e_run,0.754150390625,,,protocol_aligned_component,a197d11ef7d2d6e9a03904e20d6049da769c9d21068eb8b15e38dec95be5f9ac,T5.2.1
recovery_seed_metric,202607162105,,0.46875,0.125,mean_ideal_same_quadrature_max_e_run,0.721923828125,,,protocol_aligned_component,a197d11ef7d2d6e9a03904e20d6049da769c9d21068eb8b15e38dec95be5f9ac,T5.2.1
recovery_seed_metric,202607162105,,0.46875,0.125,mean_restricted_recovery_cycles,0.845947265625,,,protocol_aligned_component,a197d11ef7d2d6e9a03904e20d6049da769c9d21068eb8b15e38dec95be5f9ac,T5.2.1
recovery_seed_metric,202607162105,,0.46875,0.125,recovered_fraction_by_horizon,1.0,,,protocol_aligned_component,a197d11ef7d2d6e9a03904e20d6049da769c9d21068eb8b15e38dec95be5f9ac,T5.2.1
recovery_seed_metric,202607162105,,0.46875,0.125,unaffected_e_probability_max,0.01123046875,,,protocol_aligned_component,a197d11ef7d2d6e9a03904e20d6049da769c9d21068eb8b15e38dec95be5f9ac,T5.2.1
recovery_seed_metric,202607162105,,0.5,0.0,mean_initial_recovery_depth,0.0,,,protocol_aligned_component,a836dd564ff99e8f441c1aa278f6a9d1116f3107bf527997a69dfc474c8130ae,T5.2.1
recovery_seed_metric,202607162105,,0.5,0.0,mean_observed_same_quadrature_max_e_run,0.100341796875,,,protocol_aligned_component,a836dd564ff99e8f441c1aa278f6a9d1116f3107bf527997a69dfc474c8130ae,T5.2.1
recovery_seed_metric,202607162105,,0.5,0.0,mean_ideal_same_quadrature_max_e_run,0.0,,,protocol_aligned_component,a836dd564ff99e8f441c1aa278f6a9d1116f3107bf527997a69dfc474c8130ae,T5.2.1
recovery_seed_metric,202607162105,,0.5,0.0,mean_restricted_recovery_cycles,0.0,,,protocol_aligned_component,a836dd564ff99e8f441c1aa278f6a9d1116f3107bf527997a69dfc474c8130ae,T5.2.1
recovery_seed_metric,202607162105,,0.5,0.0,recovered_fraction_by_horizon,1.0,,,protocol_aligned_component,a836dd564ff99e8f441c1aa278f6a9d1116f3107bf527997a69dfc474c8130ae,T5.2.1
recovery_seed_metric,202607162105,,0.5,0.0,unaffected_e_probability_max,0.0068359375,,,protocol_aligned_component,a836dd564ff99e8f441c1aa278f6a9d1116f3107bf527997a69dfc474c8130ae,T5.2.1
recovery_seed_metric,202607162106,,0.0,0.0,mean_initial_recovery_depth,0.0,,,protocol_aligned_component,8c60d85102c4be5243d52ffd460e89fc38dbf606a815ffaeffe1b57507615185,T5.2.1
recovery_seed_metric,202607162106,,0.0,0.0,mean_observed_same_quadrature_max_e_run,0.092041015625,,,protocol_aligned_component,8c60d85102c4be5243d52ffd460e89fc38dbf606a815ffaeffe1b57507615185,T5.2.1
recovery_seed_metric,202607162106,,0.0,0.0,mean_ideal_same_quadrature_max_e_run,0.0,,,protocol_aligned_component,8c60d85102c4be5243d52ffd460e89fc38dbf606a815ffaeffe1b57507615185,T5.2.1
recovery_seed_metric,202607162106,,0.0,0.0,mean_restricted_recovery_cycles,0.0,,,protocol_aligned_component,8c60d85102c4be5243d52ffd460e89fc38dbf606a815ffaeffe1b57507615185,T5.2.1
recovery_seed_metric,202607162106,,0.0,0.0,recovered_fraction_by_horizon,1.0,,,protocol_aligned_component,8c60d85102c4be5243d52ffd460e89fc38dbf606a815ffaeffe1b57507615185,T5.2.1
recovery_seed_metric,202607162106,,0.0,0.0,unaffected_e_probability_max,0.00634765625,,,protocol_aligned_component,8c60d85102c4be5243d52ffd460e89fc38dbf606a815ffaeffe1b57507615185,T5.2.1
recovery_seed_metric,202607162106,,0.03125,0.125,mean_initial_recovery_depth,0.73681640625,,,protocol_aligned_component,2f9b1c1b7234421ee4c419a6b9070c5cb13b5a25fb916ce295d7f6302e1bec2d,T5.2.1
recovery_seed_metric,202607162106,,0.03125,0.125,mean_observed_same_quadrature_max_e_run,0.74853515625,,,protocol_aligned_component,2f9b1c1b7234421ee4c419a6b9070c5cb13b5a25fb916ce295d7f6302e1bec2d,T5.2.1
recovery_seed_metric,202607162106,,0.03125,0.125,mean_ideal_same_quadrature_max_e_run,0.71826171875,,,protocol_aligned_component,2f9b1c1b7234421ee4c419a6b9070c5cb13b5a25fb916ce295d7f6302e1bec2d,T5.2.1
recovery_seed_metric,202607162106,,0.03125,0.125,mean_restricted_recovery_cycles,0.834716796875,,,protocol_aligned_component,2f9b1c1b7234421ee4c419a6b9070c5cb13b5a25fb916ce295d7f6302e1bec2d,T5.2.1
recovery_seed_metric,202607162106,,0.03125,0.125,recovered_fraction_by_horizon,1.0,,,protocol_aligned_component,2f9b1c1b7234421ee4c419a6b9070c5cb13b5a25fb916ce295d7f6302e1bec2d,T5.2.1
recovery_seed_metric,202607162106,,0.03125,0.125,unaffected_e_probability_max,0.015625,,,protocol_aligned_component,2f9b1c1b7234421ee4c419a6b9070c5cb13b5a25fb916ce295d7f6302e1bec2d,T5.2.1
recovery_seed_metric,202607162106,,0.0625,0.25,mean_initial_recovery_depth,1.47412109375,,,protocol_aligned_component,e94bb6cec193ff94028f3b2ecd47c67b9ceb574238d859d076276b9f2281c237,T5.2.1
recovery_seed_metric,202607162106,,0.0625,0.25,mean_observed_same_quadrature_max_e_run,1.392578125,,,protocol_aligned_component,e94bb6cec193ff94028f3b2ecd47c67b9ceb574238d859d076276b9f2281c237,T5.2.1
recovery_seed_metric,202607162106,,0.0625,0.25,mean_ideal_same_quadrature_max_e_run,1.400390625,,,protocol_aligned_component,e94bb6cec193ff94028f3b2ecd47c67b9ceb574238d859d076276b9f2281c237,T5.2.1
recovery_seed_metric,202607162106,,0.0625,0.25,mean_restricted_recovery_cycles,1.6630859375,,,protocol_aligned_component,e94bb6cec193ff94028f3b2ecd47c67b9ceb574238d859d076276b9f2281c237,T5.2.1
recovery_seed_metric,202607162106,,0.0625,0.25,recovered_fraction_by_horizon,1.0,,,protocol_aligned_component,e94bb6cec193ff94028f3b2ecd47c67b9ceb574238d859d076276b9f2281c237,T5.2.1
recovery_seed_metric,202607162106,,0.0625,0.25,unaffected_e_probability_max,0.0205078125,,,protocol_aligned_component,e94bb6cec193ff94028f3b2ecd47c67b9ceb574238d859d076276b9f2281c237,T5.2.1
recovery_seed_metric,202607162106,,0.09375,0.375,mean_initial_recovery_depth,2.217041015625,,,protocol_aligned_component,2e54867fc06748be40ca4d7ae5266115f90279176ed3197851546d1f5b8b360b,T5.2.1
recovery_seed_metric,202607162106,,0.09375,0.375,mean_observed_same_quadrature_max_e_run,2.017333984375,,,protocol_aligned_component,2e54867fc06748be40ca4d7ae5266115f90279176ed3197851546d1f5b8b360b,T5.2.1
recovery_seed_metric,202607162106,,0.09375,0.375,mean_ideal_same_quadrature_max_e_run,2.058349609375,,,protocol_aligned_component,2e54867fc06748be40ca4d7ae5266115f90279176ed3197851546d1f5b8b360b,T5.2.1
recovery_seed_metric,202607162106,,0.09375,0.375,mean_restricted_recovery_cycles,2.5029296875,,,protocol_aligned_component,2e54867fc06748be40ca4d7ae5266115f90279176ed3197851546d1f5b8b360b,T5.2.1
recovery_seed_metric,202607162106,,0.09375,0.375,recovered_fraction_by_horizon,1.0,,,protocol_aligned_component,2e54867fc06748be40ca4d7ae5266115f90279176ed3197851546d1f5b8b360b,T5.2.1
recovery_seed_metric,202607162106,,0.09375,0.375,unaffected_e_probability_max,0.0244140625,,,protocol_aligned_component,2e54867fc06748be40ca4d7ae5266115f90279176ed3197851546d1f5b8b360b,T5.2.1
recovery_seed_metric,202607162106,,0.125,0.5,mean_initial_recovery_depth,2.981201171875,,,protocol_aligned_component,d3811965b4d36bd3165f4c93802854116cdc6c42504f8e2d51d386b322528341,T5.2.1
recovery_seed_metric,202607162106,,0.125,0.5,mean_observed_same_quadrature_max_e_run,2.645751953125,,,protocol_aligned_component,d3811965b4d36bd3165f4c93802854116cdc6c42504f8e2d51d386b322528341,T5.2.1
recovery_seed_metric,202607162106,,0.125,0.5,mean_ideal_same_quadrature_max_e_run,2.714111328125,,,protocol_aligned_component,d3811965b4d36bd3165f4c93802854116cdc6c42504f8e2d51d386b322528341,T5.2.1
recovery_seed_metric,202607162106,,0.125,0.5,mean_restricted_recovery_cycles,3.366455078125,,,protocol_aligned_component,d3811965b4d36bd3165f4c93802854116cdc6c42504f8e2d51d386b322528341,T5.2.1
recovery_seed_metric,202607162106,,0.125,0.5,recovered_fraction_by_horizon,1.0,,,protocol_aligned_component,d3811965b4d36bd3165f4c93802854116cdc6c42504f8e2d51d386b322528341,T5.2.1
recovery_seed_metric,202607162106,,0.125,0.5,unaffected_e_probability_max,0.023193359375,,,protocol_aligned_component,d3811965b4d36bd3165f4c93802854116cdc6c42504f8e2d51d386b322528341,T5.2.1
recovery_seed_metric,202607162106,,0.15625,0.625,mean_initial_recovery_depth,3.782958984375,,,protocol_aligned_component,0cdbb3d21be610027675f2f70bf984ce769753d57f2460a5803a0f8ef308cbd5,T5.2.1
recovery_seed_metric,202607162106,,0.15625,0.625,mean_observed_same_quadrature_max_e_run,3.277587890625,,,protocol_aligned_component,0cdbb3d21be610027675f2f70bf984ce769753d57f2460a5803a0f8ef308cbd5,T5.2.1
recovery_seed_metric,202607162106,,0.15625,0.625,mean_ideal_same_quadrature_max_e_run,3.378662109375,,,protocol_aligned_component,0cdbb3d21be610027675f2f70bf984ce769753d57f2460a5803a0f8ef308cbd5,T5.2.1
recovery_seed_metric,202607162106,,0.15625,0.625,mean_restricted_recovery_cycles,4.281982421875,,,protocol_aligned_component,0cdbb3d21be610027675f2f70bf984ce769753d57f2460a5803a0f8ef308cbd5,T5.2.1
recovery_seed_metric,202607162106,,0.15625,0.625,recovered_fraction_by_horizon,1.0,,,protocol_aligned_component,0cdbb3d21be610027675f2f70bf984ce769753d57f2460a5803a0f8ef308cbd5,T5.2.1
recovery_seed_metric,202607162106,,0.15625,0.625,unaffected_e_probability_max,0.026123046875,,,protocol_aligned_component,0cdbb3d21be610027675f2f70bf984ce769753d57f2460a5803a0f8ef308cbd5,T5.2.1
recovery_seed_metric,202607162106,,0.1875,0.75,mean_initial_recovery_depth,4.52587890625,,,protocol_aligned_component,b2aaca448574ff3dd039af1025bccf50409a060753b72d6c004a691a9967b5d8,T5.2.1
recovery_seed_metric,202607162106,,0.1875,0.75,mean_observed_same_quadrature_max_e_run,3.825927734375,,,protocol_aligned_component,b2aaca448574ff3dd039af1025bccf50409a060753b72d6c004a691a9967b5d8,T5.2.1
recovery_seed_metric,202607162106,,0.1875,0.75,mean_ideal_same_quadrature_max_e_run,3.95361328125,,,protocol_aligned_component,b2aaca448574ff3dd039af1025bccf50409a060753b72d6c004a691a9967b5d8,T5.2.1
recovery_seed_metric,202607162106,,0.1875,0.75,mean_restricted_recovery_cycles,5.12939453125,,,protocol_aligned_component,b2aaca448574ff3dd039af1025bccf50409a060753b72d6c004a691a9967b5d8,T5.2.1
recovery_seed_metric,202607162106,,0.1875,0.75,recovered_fraction_by_horizon,1.0,,,protocol_aligned_component,b2aaca448574ff3dd039af1025bccf50409a060753b72d6c004a691a9967b5d8,T5.2.1
recovery_seed_metric,202607162106,,0.1875,0.75,unaffected_e_probability_max,0.024658203125,,,protocol_aligned_component,b2aaca448574ff3dd039af1025bccf50409a060753b72d6c004a691a9967b5d8,T5.2.1
recovery_seed_metric,202607162106,,0.21875,0.875,mean_initial_recovery_depth,5.26318359375,,,protocol_aligned_component,06124838ff8d37997a2bb7fc841794c3b359c7b89c6f6b1e0d96f7f002c86ea7,T5.2.1
recovery_seed_metric,202607162106,,0.21875,0.875,mean_observed_same_quadrature_max_e_run,4.345458984375,,,protocol_aligned_component,06124838ff8d37997a2bb7fc841794c3b359c7b89c6f6b1e0d96f7f002c86ea7,T5.2.1
recovery_seed_metric,202607162106,,0.21875,0.875,mean_ideal_same_quadrature_max_e_run,4.494140625,,,protocol_aligned_component,06124838ff8d37997a2bb7fc841794c3b359c7b89c6f6b1e0d96f7f002c86ea7,T5.2.1
recovery_seed_metric,202607162106,,0.21875,0.875,mean_restricted_recovery_cycles,5.965576171875,,,protocol_aligned_component,06124838ff8d37997a2bb7fc841794c3b359c7b89c6f6b1e0d96f7f002c86ea7,T5.2.1
recovery_seed_metric,202607162106,,0.21875,0.875,recovered_fraction_by_horizon,1.0,,,protocol_aligned_component,06124838ff8d37997a2bb7fc841794c3b359c7b89c6f6b1e0d96f7f002c86ea7,T5.2.1
recovery_seed_metric,202607162106,,0.21875,0.875,unaffected_e_probability_max,0.024658203125,,,protocol_aligned_component,06124838ff8d37997a2bb7fc841794c3b359c7b89c6f6b1e0d96f7f002c86ea7,T5.2.1
recovery_seed_metric,202607162106,,0.25,1.0,mean_initial_recovery_depth,6.0,,,protocol_aligned_component,401da8ebd1e4f2911e2a89c76d4e7088c574d9955cf2a4363aed55c7e2a27932,T5.2.1
recovery_seed_metric,202607162106,,0.25,1.0,mean_observed_same_quadrature_max_e_run,4.842529296875,,,protocol_aligned_component,401da8ebd1e4f2911e2a89c76d4e7088c574d9955cf2a4363aed55c7e2a27932,T5.2.1
recovery_seed_metric,202607162106,,0.25,1.0,mean_ideal_same_quadrature_max_e_run,5.01708984375,,,protocol_aligned_component,401da8ebd1e4f2911e2a89c76d4e7088c574d9955cf2a4363aed55c7e2a27932,T5.2.1
recovery_seed_metric,202607162106,,0.25,1.0,mean_restricted_recovery_cycles,6.802734375,,,protocol_aligned_component,401da8ebd1e4f2911e2a89c76d4e7088c574d9955cf2a4363aed55c7e2a27932,T5.2.1
recovery_seed_metric,202607162106,,0.25,1.0,recovered_fraction_by_horizon,1.0,,,protocol_aligned_component,401da8ebd1e4f2911e2a89c76d4e7088c574d9955cf2a4363aed55c7e2a27932,T5.2.1
recovery_seed_metric,202607162106,,0.25,1.0,unaffected_e_probability_max,0.02783203125,,,protocol_aligned_component,401da8ebd1e4f2911e2a89c76d4e7088c574d9955cf2a4363aed55c7e2a27932,T5.2.1
recovery_seed_metric,202607162106,,0.28125,0.875,mean_initial_recovery_depth,5.26318359375,,,protocol_aligned_component,06124838ff8d37997a2bb7fc841794c3b359c7b89c6f6b1e0d96f7f002c86ea7,T5.2.1
recovery_seed_metric,202607162106,,0.28125,0.875,mean_observed_same_quadrature_max_e_run,4.345458984375,,,protocol_aligned_component,06124838ff8d37997a2bb7fc841794c3b359c7b89c6f6b1e0d96f7f002c86ea7,T5.2.1
recovery_seed_metric,202607162106,,0.28125,0.875,mean_ideal_same_quadrature_max_e_run,4.494140625,,,protocol_aligned_component,06124838ff8d37997a2bb7fc841794c3b359c7b89c6f6b1e0d96f7f002c86ea7,T5.2.1
recovery_seed_metric,202607162106,,0.28125,0.875,mean_restricted_recovery_cycles,5.965576171875,,,protocol_aligned_component,06124838ff8d37997a2bb7fc841794c3b359c7b89c6f6b1e0d96f7f002c86ea7,T5.2.1
recovery_seed_metric,202607162106,,0.28125,0.875,recovered_fraction_by_horizon,1.0,,,protocol_aligned_component,06124838ff8d37997a2bb7fc841794c3b359c7b89c6f6b1e0d96f7f002c86ea7,T5.2.1
recovery_seed_metric,202607162106,,0.28125,0.875,unaffected_e_probability_max,0.024658203125,,,protocol_aligned_component,06124838ff8d37997a2bb7fc841794c3b359c7b89c6f6b1e0d96f7f002c86ea7,T5.2.1
recovery_seed_metric,202607162106,,0.3125,0.75,mean_initial_recovery_depth,4.52587890625,,,protocol_aligned_component,b2aaca448574ff3dd039af1025bccf50409a060753b72d6c004a691a9967b5d8,T5.2.1
recovery_seed_metric,202607162106,,0.3125,0.75,mean_observed_same_quadrature_max_e_run,3.825927734375,,,protocol_aligned_component,b2aaca448574ff3dd039af1025bccf50409a060753b72d6c004a691a9967b5d8,T5.2.1
recovery_seed_metric,202607162106,,0.3125,0.75,mean_ideal_same_quadrature_max_e_run,3.95361328125,,,protocol_aligned_component,b2aaca448574ff3dd039af1025bccf50409a060753b72d6c004a691a9967b5d8,T5.2.1
recovery_seed_metric,202607162106,,0.3125,0.75,mean_restricted_recovery_cycles,5.12939453125,,,protocol_aligned_component,b2aaca448574ff3dd039af1025bccf50409a060753b72d6c004a691a9967b5d8,T5.2.1
recovery_seed_metric,202607162106,,0.3125,0.75,recovered_fraction_by_horizon,1.0,,,protocol_aligned_component,b2aaca448574ff3dd039af1025bccf50409a060753b72d6c004a691a9967b5d8,T5.2.1
recovery_seed_metric,202607162106,,0.3125,0.75,unaffected_e_probability_max,0.024658203125,,,protocol_aligned_component,b2aaca448574ff3dd039af1025bccf50409a060753b72d6c004a691a9967b5d8,T5.2.1
recovery_seed_metric,202607162106,,0.34375,0.625,mean_initial_recovery_depth,3.782958984375,,,protocol_aligned_component,0cdbb3d21be610027675f2f70bf984ce769753d57f2460a5803a0f8ef308cbd5,T5.2.1
recovery_seed_metric,202607162106,,0.34375,0.625,mean_observed_same_quadrature_max_e_run,3.277587890625,,,protocol_aligned_component,0cdbb3d21be610027675f2f70bf984ce769753d57f2460a5803a0f8ef308cbd5,T5.2.1
recovery_seed_metric,202607162106,,0.34375,0.625,mean_ideal_same_quadrature_max_e_run,3.378662109375,,,protocol_aligned_component,0cdbb3d21be610027675f2f70bf984ce769753d57f2460a5803a0f8ef308cbd5,T5.2.1
recovery_seed_metric,202607162106,,0.34375,0.625,mean_restricted_recovery_cycles,4.281982421875,,,protocol_aligned_component,0cdbb3d21be610027675f2f70bf984ce769753d57f2460a5803a0f8ef308cbd5,T5.2.1
recovery_seed_metric,202607162106,,0.34375,0.625,recovered_fraction_by_horizon,1.0,,,protocol_aligned_component,0cdbb3d21be610027675f2f70bf984ce769753d57f2460a5803a0f8ef308cbd5,T5.2.1
recovery_seed_metric,202607162106,,0.34375,0.625,unaffected_e_probability_max,0.026123046875,,,protocol_aligned_component,0cdbb3d21be610027675f2f70bf984ce769753d57f2460a5803a0f8ef308cbd5,T5.2.1
recovery_seed_metric,202607162106,,0.375,0.5,mean_initial_recovery_depth,2.981201171875,,,protocol_aligned_component,d3811965b4d36bd3165f4c93802854116cdc6c42504f8e2d51d386b322528341,T5.2.1
recovery_seed_metric,202607162106,,0.375,0.5,mean_observed_same_quadrature_max_e_run,2.645751953125,,,protocol_aligned_component,d3811965b4d36bd3165f4c93802854116cdc6c42504f8e2d51d386b322528341,T5.2.1
recovery_seed_metric,202607162106,,0.375,0.5,mean_ideal_same_quadrature_max_e_run,2.714111328125,,,protocol_aligned_component,d3811965b4d36bd3165f4c93802854116cdc6c42504f8e2d51d386b322528341,T5.2.1
recovery_seed_metric,202607162106,,0.375,0.5,mean_restricted_recovery_cycles,3.366455078125,,,protocol_aligned_component,d3811965b4d36bd3165f4c93802854116cdc6c42504f8e2d51d386b322528341,T5.2.1
recovery_seed_metric,202607162106,,0.375,0.5,recovered_fraction_by_horizon,1.0,,,protocol_aligned_component,d3811965b4d36bd3165f4c93802854116cdc6c42504f8e2d51d386b322528341,T5.2.1
recovery_seed_metric,202607162106,,0.375,0.5,unaffected_e_probability_max,0.023193359375,,,protocol_aligned_component,d3811965b4d36bd3165f4c93802854116cdc6c42504f8e2d51d386b322528341,T5.2.1
recovery_seed_metric,202607162106,,0.40625,0.375,mean_initial_recovery_depth,2.217041015625,,,protocol_aligned_component,2e54867fc06748be40ca4d7ae5266115f90279176ed3197851546d1f5b8b360b,T5.2.1
recovery_seed_metric,202607162106,,0.40625,0.375,mean_observed_same_quadrature_max_e_run,2.017333984375,,,protocol_aligned_component,2e54867fc06748be40ca4d7ae5266115f90279176ed3197851546d1f5b8b360b,T5.2.1
recovery_seed_metric,202607162106,,0.40625,0.375,mean_ideal_same_quadrature_max_e_run,2.058349609375,,,protocol_aligned_component,2e54867fc06748be40ca4d7ae5266115f90279176ed3197851546d1f5b8b360b,T5.2.1
recovery_seed_metric,202607162106,,0.40625,0.375,mean_restricted_recovery_cycles,2.5029296875,,,protocol_aligned_component,2e54867fc06748be40ca4d7ae5266115f90279176ed3197851546d1f5b8b360b,T5.2.1
recovery_seed_metric,202607162106,,0.40625,0.375,recovered_fraction_by_horizon,1.0,,,protocol_aligned_component,2e54867fc06748be40ca4d7ae5266115f90279176ed3197851546d1f5b8b360b,T5.2.1
recovery_seed_metric,202607162106,,0.40625,0.375,unaffected_e_probability_max,0.0244140625,,,protocol_aligned_component,2e54867fc06748be40ca4d7ae5266115f90279176ed3197851546d1f5b8b360b,T5.2.1
recovery_seed_metric,202607162106,,0.4375,0.25,mean_initial_recovery_depth,1.47412109375,,,protocol_aligned_component,e94bb6cec193ff94028f3b2ecd47c67b9ceb574238d859d076276b9f2281c237,T5.2.1
recovery_seed_metric,202607162106,,0.4375,0.25,mean_observed_same_quadrature_max_e_run,1.392578125,,,protocol_aligned_component,e94bb6cec193ff94028f3b2ecd47c67b9ceb574238d859d076276b9f2281c237,T5.2.1
recovery_seed_metric,202607162106,,0.4375,0.25,mean_ideal_same_quadrature_max_e_run,1.400390625,,,protocol_aligned_component,e94bb6cec193ff94028f3b2ecd47c67b9ceb574238d859d076276b9f2281c237,T5.2.1
recovery_seed_metric,202607162106,,0.4375,0.25,mean_restricted_recovery_cycles,1.6630859375,,,protocol_aligned_component,e94bb6cec193ff94028f3b2ecd47c67b9ceb574238d859d076276b9f2281c237,T5.2.1
recovery_seed_metric,202607162106,,0.4375,0.25,recovered_fraction_by_horizon,1.0,,,protocol_aligned_component,e94bb6cec193ff94028f3b2ecd47c67b9ceb574238d859d076276b9f2281c237,T5.2.1
recovery_seed_metric,202607162106,,0.4375,0.25,unaffected_e_probability_max,0.0205078125,,,protocol_aligned_component,e94bb6cec193ff94028f3b2ecd47c67b9ceb574238d859d076276b9f2281c237,T5.2.1
recovery_seed_metric,202607162106,,0.46875,0.125,mean_initial_recovery_depth,0.73681640625,,,protocol_aligned_component,2f9b1c1b7234421ee4c419a6b9070c5cb13b5a25fb916ce295d7f6302e1bec2d,T5.2.1
recovery_seed_metric,202607162106,,0.46875,0.125,mean_observed_same_quadrature_max_e_run,0.74853515625,,,protocol_aligned_component,2f9b1c1b7234421ee4c419a6b9070c5cb13b5a25fb916ce295d7f6302e1bec2d,T5.2.1
recovery_seed_metric,202607162106,,0.46875,0.125,mean_ideal_same_quadrature_max_e_run,0.71826171875,,,protocol_aligned_component,2f9b1c1b7234421ee4c419a6b9070c5cb13b5a25fb916ce295d7f6302e1bec2d,T5.2.1
recovery_seed_metric,202607162106,,0.46875,0.125,mean_restricted_recovery_cycles,0.834716796875,,,protocol_aligned_component,2f9b1c1b7234421ee4c419a6b9070c5cb13b5a25fb916ce295d7f6302e1bec2d,T5.2.1
recovery_seed_metric,202607162106,,0.46875,0.125,recovered_fraction_by_horizon,1.0,,,protocol_aligned_component,2f9b1c1b7234421ee4c419a6b9070c5cb13b5a25fb916ce295d7f6302e1bec2d,T5.2.1
recovery_seed_metric,202607162106,,0.46875,0.125,unaffected_e_probability_max,0.015625,,,protocol_aligned_component,2f9b1c1b7234421ee4c419a6b9070c5cb13b5a25fb916ce295d7f6302e1bec2d,T5.2.1
recovery_seed_metric,202607162106,,0.5,0.0,mean_initial_recovery_depth,0.0,,,protocol_aligned_component,8c60d85102c4be5243d52ffd460e89fc38dbf606a815ffaeffe1b57507615185,T5.2.1
recovery_seed_metric,202607162106,,0.5,0.0,mean_observed_same_quadrature_max_e_run,0.092041015625,,,protocol_aligned_component,8c60d85102c4be5243d52ffd460e89fc38dbf606a815ffaeffe1b57507615185,T5.2.1
recovery_seed_metric,202607162106,,0.5,0.0,mean_ideal_same_quadrature_max_e_run,0.0,,,protocol_aligned_component,8c60d85102c4be5243d52ffd460e89fc38dbf606a815ffaeffe1b57507615185,T5.2.1
recovery_seed_metric,202607162106,,0.5,0.0,mean_restricted_recovery_cycles,0.0,,,protocol_aligned_component,8c60d85102c4be5243d52ffd460e89fc38dbf606a815ffaeffe1b57507615185,T5.2.1
recovery_seed_metric,202607162106,,0.5,0.0,recovered_fraction_by_horizon,1.0,,,protocol_aligned_component,8c60d85102c4be5243d52ffd460e89fc38dbf606a815ffaeffe1b57507615185,T5.2.1
recovery_seed_metric,202607162106,,0.5,0.0,unaffected_e_probability_max,0.00634765625,,,protocol_aligned_component,8c60d85102c4be5243d52ffd460e89fc38dbf606a815ffaeffe1b57507615185,T5.2.1
recovery_seed_metric,202607162107,,0.0,0.0,mean_initial_recovery_depth,0.0,,,protocol_aligned_component,b646b2ab68013a56e889d9e44c424401be16a347c0ee4aea1c42d4b2369f6d13,T5.2.1
recovery_seed_metric,202607162107,,0.0,0.0,mean_observed_same_quadrature_max_e_run,0.09716796875,,,protocol_aligned_component,b646b2ab68013a56e889d9e44c424401be16a347c0ee4aea1c42d4b2369f6d13,T5.2.1
recovery_seed_metric,202607162107,,0.0,0.0,mean_ideal_same_quadrature_max_e_run,0.0,,,protocol_aligned_component,b646b2ab68013a56e889d9e44c424401be16a347c0ee4aea1c42d4b2369f6d13,T5.2.1
recovery_seed_metric,202607162107,,0.0,0.0,mean_restricted_recovery_cycles,0.0,,,protocol_aligned_component,b646b2ab68013a56e889d9e44c424401be16a347c0ee4aea1c42d4b2369f6d13,T5.2.1
recovery_seed_metric,202607162107,,0.0,0.0,recovered_fraction_by_horizon,1.0,,,protocol_aligned_component,b646b2ab68013a56e889d9e44c424401be16a347c0ee4aea1c42d4b2369f6d13,T5.2.1
recovery_seed_metric,202607162107,,0.0,0.0,unaffected_e_probability_max,0.007080078125,,,protocol_aligned_component,b646b2ab68013a56e889d9e44c424401be16a347c0ee4aea1c42d4b2369f6d13,T5.2.1
recovery_seed_metric,202607162107,,0.03125,0.125,mean_initial_recovery_depth,0.7509765625,,,protocol_aligned_component,ea753f4dcfbd823aa607510b8044cb66ca08f2e47d758d0a342feba59da76afa,T5.2.1
recovery_seed_metric,202607162107,,0.03125,0.125,mean_observed_same_quadrature_max_e_run,0.76025390625,,,protocol_aligned_component,ea753f4dcfbd823aa607510b8044cb66ca08f2e47d758d0a342feba59da76afa,T5.2.1
recovery_seed_metric,202607162107,,0.03125,0.125,mean_ideal_same_quadrature_max_e_run,0.72607421875,,,protocol_aligned_component,ea753f4dcfbd823aa607510b8044cb66ca08f2e47d758d0a342feba59da76afa,T5.2.1
recovery_seed_metric,202607162107,,0.03125,0.125,mean_restricted_recovery_cycles,0.857666015625,,,protocol_aligned_component,ea753f4dcfbd823aa607510b8044cb66ca08f2e47d758d0a342feba59da76afa,T5.2.1
recovery_seed_metric,202607162107,,0.03125,0.125,recovered_fraction_by_horizon,1.0,,,protocol_aligned_component,ea753f4dcfbd823aa607510b8044cb66ca08f2e47d758d0a342feba59da76afa,T5.2.1
recovery_seed_metric,202607162107,,0.03125,0.125,unaffected_e_probability_max,0.01708984375,,,protocol_aligned_component,ea753f4dcfbd823aa607510b8044cb66ca08f2e47d758d0a342feba59da76afa,T5.2.1
recovery_seed_metric,202607162107,,0.0625,0.25,mean_initial_recovery_depth,1.49951171875,,,protocol_aligned_component,4999991adcb2e52bf809fd598aac2adee25421e928798a2b2869f1ca48e63942,T5.2.1
recovery_seed_metric,202607162107,,0.0625,0.25,mean_observed_same_quadrature_max_e_run,1.40576171875,,,protocol_aligned_component,4999991adcb2e52bf809fd598aac2adee25421e928798a2b2869f1ca48e63942,T5.2.1
recovery_seed_metric,202607162107,,0.0625,0.25,mean_ideal_same_quadrature_max_e_run,1.415771484375,,,protocol_aligned_component,4999991adcb2e52bf809fd598aac2adee25421e928798a2b2869f1ca48e63942,T5.2.1
recovery_seed_metric,202607162107,,0.0625,0.25,mean_restricted_recovery_cycles,1.706298828125,,,protocol_aligned_component,4999991adcb2e52bf809fd598aac2adee25421e928798a2b2869f1ca48e63942,T5.2.1
recovery_seed_metric,202607162107,,0.0625,0.25,recovered_fraction_by_horizon,1.0,,,protocol_aligned_component,4999991adcb2e52bf809fd598aac2adee25421e928798a2b2869f1ca48e63942,T5.2.1
recovery_seed_metric,202607162107,,0.0625,0.25,unaffected_e_probability_max,0.02392578125,,,protocol_aligned_component,4999991adcb2e52bf809fd598aac2adee25421e928798a2b2869f1ca48e63942,T5.2.1
recovery_seed_metric,202607162107,,0.09375,0.375,mean_initial_recovery_depth,2.245361328125,,,protocol_aligned_component,f2223f2868b77fd8172442e4d5c30582a6294af4ca4f7740e3d25471472fe389,T5.2.1
recovery_seed_metric,202607162107,,0.09375,0.375,mean_observed_same_quadrature_max_e_run,2.029052734375,,,protocol_aligned_component,f2223f2868b77fd8172442e4d5c30582a6294af4ca4f7740e3d25471472fe389,T5.2.1
recovery_seed_metric,202607162107,,0.09375,0.375,mean_ideal_same_quadrature_max_e_run,2.074462890625,,,protocol_aligned_component,f2223f2868b77fd8172442e4d5c30582a6294af4ca4f7740e3d25471472fe389,T5.2.1
recovery_seed_metric,202607162107,,0.09375,0.375,mean_restricted_recovery_cycles,2.55224609375,,,protocol_aligned_component,f2223f2868b77fd8172442e4d5c30582a6294af4ca4f7740e3d25471472fe389,T5.2.1
recovery_seed_metric,202607162107,,0.09375,0.375,recovered_fraction_by_horizon,1.0,,,protocol_aligned_component,f2223f2868b77fd8172442e4d5c30582a6294af4ca4f7740e3d25471472fe389,T5.2.1
recovery_seed_metric,202607162107,,0.09375,0.375,unaffected_e_probability_max,0.026123046875,,,protocol_aligned_component,f2223f2868b77fd8172442e4d5c30582a6294af4ca4f7740e3d25471472fe389,T5.2.1
recovery_seed_metric,202607162107,,0.125,0.5,mean_initial_recovery_depth,2.999755859375,,,protocol_aligned_component,31f34e004db8db16c606e624bbe3796b32905d27086dcb0f1dbb31effe0eaac8,T5.2.1
recovery_seed_metric,202607162107,,0.125,0.5,mean_observed_same_quadrature_max_e_run,2.640380859375,,,protocol_aligned_component,31f34e004db8db16c606e624bbe3796b32905d27086dcb0f1dbb31effe0eaac8,T5.2.1
recovery_seed_metric,202607162107,,0.125,0.5,mean_ideal_same_quadrature_max_e_run,2.699462890625,,,protocol_aligned_component,31f34e004db8db16c606e624bbe3796b32905d27086dcb0f1dbb31effe0eaac8,T5.2.1
recovery_seed_metric,202607162107,,0.125,0.5,mean_restricted_recovery_cycles,3.41552734375,,,protocol_aligned_component,31f34e004db8db16c606e624bbe3796b32905d27086dcb0f1dbb31effe0eaac8,T5.2.1
recovery_seed_metric,202607162107,,0.125,0.5,recovered_fraction_by_horizon,1.0,,,protocol_aligned_component,31f34e004db8db16c606e624bbe3796b32905d27086dcb0f1dbb31effe0eaac8,T5.2.1
recovery_seed_metric,202607162107,,0.125,0.5,unaffected_e_probability_max,0.0263671875,,,protocol_aligned_component,31f34e004db8db16c606e624bbe3796b32905d27086dcb0f1dbb31effe0eaac8,T5.2.1
recovery_seed_metric,202607162107,,0.15625,0.625,mean_initial_recovery_depth,3.754638671875,,,protocol_aligned_component,d97d11596001fe33060bf463664e673ca1a666f9506d143f9f86f1db60a0303a,T5.2.1
recovery_seed_metric,202607162107,,0.15625,0.625,mean_observed_same_quadrature_max_e_run,3.232421875,,,protocol_aligned_component,d97d11596001fe33060bf463664e673ca1a666f9506d143f9f86f1db60a0303a,T5.2.1
recovery_seed_metric,202607162107,,0.15625,0.625,mean_ideal_same_quadrature_max_e_run,3.311279296875,,,protocol_aligned_component,d97d11596001fe33060bf463664e673ca1a666f9506d143f9f86f1db60a0303a,T5.2.1
recovery_seed_metric,202607162107,,0.15625,0.625,mean_restricted_recovery_cycles,4.273681640625,,,protocol_aligned_component,d97d11596001fe33060bf463664e673ca1a666f9506d143f9f86f1db60a0303a,T5.2.1
recovery_seed_metric,202607162107,,0.15625,0.625,recovered_fraction_by_horizon,1.0,,,protocol_aligned_component,d97d11596001fe33060bf463664e673ca1a666f9506d143f9f86f1db60a0303a,T5.2.1
recovery_seed_metric,202607162107,,0.15625,0.625,unaffected_e_probability_max,0.027587890625,,,protocol_aligned_component,d97d11596001fe33060bf463664e673ca1a666f9506d143f9f86f1db60a0303a,T5.2.1
recovery_seed_metric,202607162107,,0.1875,0.75,mean_initial_recovery_depth,4.50048828125,,,protocol_aligned_component,4fda2f7e681da06cd6d07693559da278bb4d79f7a5f8514957760d3c7841aeaa,T5.2.1
recovery_seed_metric,202607162107,,0.1875,0.75,mean_observed_same_quadrature_max_e_run,3.79443359375,,,protocol_aligned_component,4fda2f7e681da06cd6d07693559da278bb4d79f7a5f8514957760d3c7841aeaa,T5.2.1
recovery_seed_metric,202607162107,,0.1875,0.75,mean_ideal_same_quadrature_max_e_run,3.903564453125,,,protocol_aligned_component,4fda2f7e681da06cd6d07693559da278bb4d79f7a5f8514957760d3c7841aeaa,T5.2.1
recovery_seed_metric,202607162107,,0.1875,0.75,mean_restricted_recovery_cycles,5.12646484375,,,protocol_aligned_component,4fda2f7e681da06cd6d07693559da278bb4d79f7a5f8514957760d3c7841aeaa,T5.2.1
recovery_seed_metric,202607162107,,0.1875,0.75,recovered_fraction_by_horizon,1.0,,,protocol_aligned_component,4fda2f7e681da06cd6d07693559da278bb4d79f7a5f8514957760d3c7841aeaa,T5.2.1
recovery_seed_metric,202607162107,,0.1875,0.75,unaffected_e_probability_max,0.026611328125,,,protocol_aligned_component,4fda2f7e681da06cd6d07693559da278bb4d79f7a5f8514957760d3c7841aeaa,T5.2.1
recovery_seed_metric,202607162107,,0.21875,0.875,mean_initial_recovery_depth,5.2490234375,,,protocol_aligned_component,249c3824ce53a40cf834c9ccb872ffb91f7f01eeb24e68f9e0149923b374ea16,T5.2.1
recovery_seed_metric,202607162107,,0.21875,0.875,mean_observed_same_quadrature_max_e_run,4.3232421875,,,protocol_aligned_component,249c3824ce53a40cf834c9ccb872ffb91f7f01eeb24e68f9e0149923b374ea16,T5.2.1
recovery_seed_metric,202607162107,,0.21875,0.875,mean_ideal_same_quadrature_max_e_run,4.4541015625,,,protocol_aligned_component,249c3824ce53a40cf834c9ccb872ffb91f7f01eeb24e68f9e0149923b374ea16,T5.2.1
recovery_seed_metric,202607162107,,0.21875,0.875,mean_restricted_recovery_cycles,5.973876953125,,,protocol_aligned_component,249c3824ce53a40cf834c9ccb872ffb91f7f01eeb24e68f9e0149923b374ea16,T5.2.1
recovery_seed_metric,202607162107,,0.21875,0.875,recovered_fraction_by_horizon,1.0,,,protocol_aligned_component,249c3824ce53a40cf834c9ccb872ffb91f7f01eeb24e68f9e0149923b374ea16,T5.2.1
recovery_seed_metric,202607162107,,0.21875,0.875,unaffected_e_probability_max,0.027587890625,,,protocol_aligned_component,249c3824ce53a40cf834c9ccb872ffb91f7f01eeb24e68f9e0149923b374ea16,T5.2.1
recovery_seed_metric,202607162107,,0.25,1.0,mean_initial_recovery_depth,6.0,,,protocol_aligned_component,0223d339b9d326424d46d7f7da96ee97ca359545d9aca68fb623b545b5cf7102,T5.2.1
recovery_seed_metric,202607162107,,0.25,1.0,mean_observed_same_quadrature_max_e_run,4.826416015625,,,protocol_aligned_component,0223d339b9d326424d46d7f7da96ee97ca359545d9aca68fb623b545b5cf7102,T5.2.1
recovery_seed_metric,202607162107,,0.25,1.0,mean_ideal_same_quadrature_max_e_run,4.98681640625,,,protocol_aligned_component,0223d339b9d326424d46d7f7da96ee97ca359545d9aca68fb623b545b5cf7102,T5.2.1
recovery_seed_metric,202607162107,,0.25,1.0,mean_restricted_recovery_cycles,6.83837890625,,,protocol_aligned_component,0223d339b9d326424d46d7f7da96ee97ca359545d9aca68fb623b545b5cf7102,T5.2.1
recovery_seed_metric,202607162107,,0.25,1.0,recovered_fraction_by_horizon,1.0,,,protocol_aligned_component,0223d339b9d326424d46d7f7da96ee97ca359545d9aca68fb623b545b5cf7102,T5.2.1
recovery_seed_metric,202607162107,,0.25,1.0,unaffected_e_probability_max,0.025146484375,,,protocol_aligned_component,0223d339b9d326424d46d7f7da96ee97ca359545d9aca68fb623b545b5cf7102,T5.2.1
recovery_seed_metric,202607162107,,0.28125,0.875,mean_initial_recovery_depth,5.2490234375,,,protocol_aligned_component,249c3824ce53a40cf834c9ccb872ffb91f7f01eeb24e68f9e0149923b374ea16,T5.2.1
recovery_seed_metric,202607162107,,0.28125,0.875,mean_observed_same_quadrature_max_e_run,4.3232421875,,,protocol_aligned_component,249c3824ce53a40cf834c9ccb872ffb91f7f01eeb24e68f9e0149923b374ea16,T5.2.1
recovery_seed_metric,202607162107,,0.28125,0.875,mean_ideal_same_quadrature_max_e_run,4.4541015625,,,protocol_aligned_component,249c3824ce53a40cf834c9ccb872ffb91f7f01eeb24e68f9e0149923b374ea16,T5.2.1
recovery_seed_metric,202607162107,,0.28125,0.875,mean_restricted_recovery_cycles,5.973876953125,,,protocol_aligned_component,249c3824ce53a40cf834c9ccb872ffb91f7f01eeb24e68f9e0149923b374ea16,T5.2.1
recovery_seed_metric,202607162107,,0.28125,0.875,recovered_fraction_by_horizon,1.0,,,protocol_aligned_component,249c3824ce53a40cf834c9ccb872ffb91f7f01eeb24e68f9e0149923b374ea16,T5.2.1
recovery_seed_metric,202607162107,,0.28125,0.875,unaffected_e_probability_max,0.027587890625,,,protocol_aligned_component,249c3824ce53a40cf834c9ccb872ffb91f7f01eeb24e68f9e0149923b374ea16,T5.2.1
recovery_seed_metric,202607162107,,0.3125,0.75,mean_initial_recovery_depth,4.50048828125,,,protocol_aligned_component,4fda2f7e681da06cd6d07693559da278bb4d79f7a5f8514957760d3c7841aeaa,T5.2.1
recovery_seed_metric,202607162107,,0.3125,0.75,mean_observed_same_quadrature_max_e_run,3.79443359375,,,protocol_aligned_component,4fda2f7e681da06cd6d07693559da278bb4d79f7a5f8514957760d3c7841aeaa,T5.2.1
recovery_seed_metric,202607162107,,0.3125,0.75,mean_ideal_same_quadrature_max_e_run,3.903564453125,,,protocol_aligned_component,4fda2f7e681da06cd6d07693559da278bb4d79f7a5f8514957760d3c7841aeaa,T5.2.1
recovery_seed_metric,202607162107,,0.3125,0.75,mean_restricted_recovery_cycles,5.12646484375,,,protocol_aligned_component,4fda2f7e681da06cd6d07693559da278bb4d79f7a5f8514957760d3c7841aeaa,T5.2.1
recovery_seed_metric,202607162107,,0.3125,0.75,recovered_fraction_by_horizon,1.0,,,protocol_aligned_component,4fda2f7e681da06cd6d07693559da278bb4d79f7a5f8514957760d3c7841aeaa,T5.2.1
recovery_seed_metric,202607162107,,0.3125,0.75,unaffected_e_probability_max,0.026611328125,,,protocol_aligned_component,4fda2f7e681da06cd6d07693559da278bb4d79f7a5f8514957760d3c7841aeaa,T5.2.1
recovery_seed_metric,202607162107,,0.34375,0.625,mean_initial_recovery_depth,3.754638671875,,,protocol_aligned_component,d97d11596001fe33060bf463664e673ca1a666f9506d143f9f86f1db60a0303a,T5.2.1
recovery_seed_metric,202607162107,,0.34375,0.625,mean_observed_same_quadrature_max_e_run,3.232421875,,,protocol_aligned_component,d97d11596001fe33060bf463664e673ca1a666f9506d143f9f86f1db60a0303a,T5.2.1
recovery_seed_metric,202607162107,,0.34375,0.625,mean_ideal_same_quadrature_max_e_run,3.311279296875,,,protocol_aligned_component,d97d11596001fe33060bf463664e673ca1a666f9506d143f9f86f1db60a0303a,T5.2.1
recovery_seed_metric,202607162107,,0.34375,0.625,mean_restricted_recovery_cycles,4.273681640625,,,protocol_aligned_component,d97d11596001fe33060bf463664e673ca1a666f9506d143f9f86f1db60a0303a,T5.2.1
recovery_seed_metric,202607162107,,0.34375,0.625,recovered_fraction_by_horizon,1.0,,,protocol_aligned_component,d97d11596001fe33060bf463664e673ca1a666f9506d143f9f86f1db60a0303a,T5.2.1
recovery_seed_metric,202607162107,,0.34375,0.625,unaffected_e_probability_max,0.027587890625,,,protocol_aligned_component,d97d11596001fe33060bf463664e673ca1a666f9506d143f9f86f1db60a0303a,T5.2.1
recovery_seed_metric,202607162107,,0.375,0.5,mean_initial_recovery_depth,2.999755859375,,,protocol_aligned_component,31f34e004db8db16c606e624bbe3796b32905d27086dcb0f1dbb31effe0eaac8,T5.2.1
recovery_seed_metric,202607162107,,0.375,0.5,mean_observed_same_quadrature_max_e_run,2.640380859375,,,protocol_aligned_component,31f34e004db8db16c606e624bbe3796b32905d27086dcb0f1dbb31effe0eaac8,T5.2.1
recovery_seed_metric,202607162107,,0.375,0.5,mean_ideal_same_quadrature_max_e_run,2.699462890625,,,protocol_aligned_component,31f34e004db8db16c606e624bbe3796b32905d27086dcb0f1dbb31effe0eaac8,T5.2.1
recovery_seed_metric,202607162107,,0.375,0.5,mean_restricted_recovery_cycles,3.41552734375,,,protocol_aligned_component,31f34e004db8db16c606e624bbe3796b32905d27086dcb0f1dbb31effe0eaac8,T5.2.1
recovery_seed_metric,202607162107,,0.375,0.5,recovered_fraction_by_horizon,1.0,,,protocol_aligned_component,31f34e004db8db16c606e624bbe3796b32905d27086dcb0f1dbb31effe0eaac8,T5.2.1
recovery_seed_metric,202607162107,,0.375,0.5,unaffected_e_probability_max,0.0263671875,,,protocol_aligned_component,31f34e004db8db16c606e624bbe3796b32905d27086dcb0f1dbb31effe0eaac8,T5.2.1
recovery_seed_metric,202607162107,,0.40625,0.375,mean_initial_recovery_depth,2.245361328125,,,protocol_aligned_component,f2223f2868b77fd8172442e4d5c30582a6294af4ca4f7740e3d25471472fe389,T5.2.1
recovery_seed_metric,202607162107,,0.40625,0.375,mean_observed_same_quadrature_max_e_run,2.029052734375,,,protocol_aligned_component,f2223f2868b77fd8172442e4d5c30582a6294af4ca4f7740e3d25471472fe389,T5.2.1
recovery_seed_metric,202607162107,,0.40625,0.375,mean_ideal_same_quadrature_max_e_run,2.074462890625,,,protocol_aligned_component,f2223f2868b77fd8172442e4d5c30582a6294af4ca4f7740e3d25471472fe389,T5.2.1
recovery_seed_metric,202607162107,,0.40625,0.375,mean_restricted_recovery_cycles,2.55224609375,,,protocol_aligned_component,f2223f2868b77fd8172442e4d5c30582a6294af4ca4f7740e3d25471472fe389,T5.2.1
recovery_seed_metric,202607162107,,0.40625,0.375,recovered_fraction_by_horizon,1.0,,,protocol_aligned_component,f2223f2868b77fd8172442e4d5c30582a6294af4ca4f7740e3d25471472fe389,T5.2.1
recovery_seed_metric,202607162107,,0.40625,0.375,unaffected_e_probability_max,0.026123046875,,,protocol_aligned_component,f2223f2868b77fd8172442e4d5c30582a6294af4ca4f7740e3d25471472fe389,T5.2.1
recovery_seed_metric,202607162107,,0.4375,0.25,mean_initial_recovery_depth,1.49951171875,,,protocol_aligned_component,4999991adcb2e52bf809fd598aac2adee25421e928798a2b2869f1ca48e63942,T5.2.1
recovery_seed_metric,202607162107,,0.4375,0.25,mean_observed_same_quadrature_max_e_run,1.40576171875,,,protocol_aligned_component,4999991adcb2e52bf809fd598aac2adee25421e928798a2b2869f1ca48e63942,T5.2.1
recovery_seed_metric,202607162107,,0.4375,0.25,mean_ideal_same_quadrature_max_e_run,1.415771484375,,,protocol_aligned_component,4999991adcb2e52bf809fd598aac2adee25421e928798a2b2869f1ca48e63942,T5.2.1
recovery_seed_metric,202607162107,,0.4375,0.25,mean_restricted_recovery_cycles,1.706298828125,,,protocol_aligned_component,4999991adcb2e52bf809fd598aac2adee25421e928798a2b2869f1ca48e63942,T5.2.1
recovery_seed_metric,202607162107,,0.4375,0.25,recovered_fraction_by_horizon,1.0,,,protocol_aligned_component,4999991adcb2e52bf809fd598aac2adee25421e928798a2b2869f1ca48e63942,T5.2.1
recovery_seed_metric,202607162107,,0.4375,0.25,unaffected_e_probability_max,0.02392578125,,,protocol_aligned_component,4999991adcb2e52bf809fd598aac2adee25421e928798a2b2869f1ca48e63942,T5.2.1
recovery_seed_metric,202607162107,,0.46875,0.125,mean_initial_recovery_depth,0.7509765625,,,protocol_aligned_component,ea753f4dcfbd823aa607510b8044cb66ca08f2e47d758d0a342feba59da76afa,T5.2.1
recovery_seed_metric,202607162107,,0.46875,0.125,mean_observed_same_quadrature_max_e_run,0.76025390625,,,protocol_aligned_component,ea753f4dcfbd823aa607510b8044cb66ca08f2e47d758d0a342feba59da76afa,T5.2.1
recovery_seed_metric,202607162107,,0.46875,0.125,mean_ideal_same_quadrature_max_e_run,0.72607421875,,,protocol_aligned_component,ea753f4dcfbd823aa607510b8044cb66ca08f2e47d758d0a342feba59da76afa,T5.2.1
recovery_seed_metric,202607162107,,0.46875,0.125,mean_restricted_recovery_cycles,0.857666015625,,,protocol_aligned_component,ea753f4dcfbd823aa607510b8044cb66ca08f2e47d758d0a342feba59da76afa,T5.2.1
recovery_seed_metric,202607162107,,0.46875,0.125,recovered_fraction_by_horizon,1.0,,,protocol_aligned_component,ea753f4dcfbd823aa607510b8044cb66ca08f2e47d758d0a342feba59da76afa,T5.2.1
recovery_seed_metric,202607162107,,0.46875,0.125,unaffected_e_probability_max,0.01708984375,,,protocol_aligned_component,ea753f4dcfbd823aa607510b8044cb66ca08f2e47d758d0a342feba59da76afa,T5.2.1
recovery_seed_metric,202607162107,,0.5,0.0,mean_initial_recovery_depth,0.0,,,protocol_aligned_component,b646b2ab68013a56e889d9e44c424401be16a347c0ee4aea1c42d4b2369f6d13,T5.2.1
recovery_seed_metric,202607162107,,0.5,0.0,mean_observed_same_quadrature_max_e_run,0.09716796875,,,protocol_aligned_component,b646b2ab68013a56e889d9e44c424401be16a347c0ee4aea1c42d4b2369f6d13,T5.2.1
recovery_seed_metric,202607162107,,0.5,0.0,mean_ideal_same_quadrature_max_e_run,0.0,,,protocol_aligned_component,b646b2ab68013a56e889d9e44c424401be16a347c0ee4aea1c42d4b2369f6d13,T5.2.1
recovery_seed_metric,202607162107,,0.5,0.0,mean_restricted_recovery_cycles,0.0,,,protocol_aligned_component,b646b2ab68013a56e889d9e44c424401be16a347c0ee4aea1c42d4b2369f6d13,T5.2.1
recovery_seed_metric,202607162107,,0.5,0.0,recovered_fraction_by_horizon,1.0,,,protocol_aligned_component,b646b2ab68013a56e889d9e44c424401be16a347c0ee4aea1c42d4b2369f6d13,T5.2.1
recovery_seed_metric,202607162107,,0.5,0.0,unaffected_e_probability_max,0.007080078125,,,protocol_aligned_component,b646b2ab68013a56e889d9e44c424401be16a347c0ee4aea1c42d4b2369f6d13,T5.2.1
recovery_seed_metric,202607162108,,0.0,0.0,mean_initial_recovery_depth,0.0,,,protocol_aligned_component,bdc0fa0a41cf47f7ea032ca86899d4a3009943d4a60b5f6b45f4548cbdef446f,T5.2.1
recovery_seed_metric,202607162108,,0.0,0.0,mean_observed_same_quadrature_max_e_run,0.090576171875,,,protocol_aligned_component,bdc0fa0a41cf47f7ea032ca86899d4a3009943d4a60b5f6b45f4548cbdef446f,T5.2.1
recovery_seed_metric,202607162108,,0.0,0.0,mean_ideal_same_quadrature_max_e_run,0.0,,,protocol_aligned_component,bdc0fa0a41cf47f7ea032ca86899d4a3009943d4a60b5f6b45f4548cbdef446f,T5.2.1
recovery_seed_metric,202607162108,,0.0,0.0,mean_restricted_recovery_cycles,0.0,,,protocol_aligned_component,bdc0fa0a41cf47f7ea032ca86899d4a3009943d4a60b5f6b45f4548cbdef446f,T5.2.1
recovery_seed_metric,202607162108,,0.0,0.0,recovered_fraction_by_horizon,1.0,,,protocol_aligned_component,bdc0fa0a41cf47f7ea032ca86899d4a3009943d4a60b5f6b45f4548cbdef446f,T5.2.1
recovery_seed_metric,202607162108,,0.0,0.0,unaffected_e_probability_max,0.007080078125,,,protocol_aligned_component,bdc0fa0a41cf47f7ea032ca86899d4a3009943d4a60b5f6b45f4548cbdef446f,T5.2.1
recovery_seed_metric,202607162108,,0.03125,0.125,mean_initial_recovery_depth,0.762451171875,,,protocol_aligned_component,e878ffef256763f8f81a949b66aee461348fbb90b6dc8f4c399ae92995c3f967,T5.2.1
recovery_seed_metric,202607162108,,0.03125,0.125,mean_observed_same_quadrature_max_e_run,0.7705078125,,,protocol_aligned_component,e878ffef256763f8f81a949b66aee461348fbb90b6dc8f4c399ae92995c3f967,T5.2.1
recovery_seed_metric,202607162108,,0.03125,0.125,mean_ideal_same_quadrature_max_e_run,0.736328125,,,protocol_aligned_component,e878ffef256763f8f81a949b66aee461348fbb90b6dc8f4c399ae92995c3f967,T5.2.1
recovery_seed_metric,202607162108,,0.03125,0.125,mean_restricted_recovery_cycles,0.865234375,,,protocol_aligned_component,e878ffef256763f8f81a949b66aee461348fbb90b6dc8f4c399ae92995c3f967,T5.2.1
recovery_seed_metric,202607162108,,0.03125,0.125,recovered_fraction_by_horizon,1.0,,,protocol_aligned_component,e878ffef256763f8f81a949b66aee461348fbb90b6dc8f4c399ae92995c3f967,T5.2.1
recovery_seed_metric,202607162108,,0.03125,0.125,unaffected_e_probability_max,0.01416015625,,,protocol_aligned_component,e878ffef256763f8f81a949b66aee461348fbb90b6dc8f4c399ae92995c3f967,T5.2.1
recovery_seed_metric,202607162108,,0.0625,0.25,mean_initial_recovery_depth,1.511962890625,,,protocol_aligned_component,7d8789d83300282d1bb0389d66f158649e1e8a7bc895cc4f90c2789fa75186ed,T5.2.1
recovery_seed_metric,202607162108,,0.0625,0.25,mean_observed_same_quadrature_max_e_run,1.42529296875,,,protocol_aligned_component,7d8789d83300282d1bb0389d66f158649e1e8a7bc895cc4f90c2789fa75186ed,T5.2.1
recovery_seed_metric,202607162108,,0.0625,0.25,mean_ideal_same_quadrature_max_e_run,1.427001953125,,,protocol_aligned_component,7d8789d83300282d1bb0389d66f158649e1e8a7bc895cc4f90c2789fa75186ed,T5.2.1
recovery_seed_metric,202607162108,,0.0625,0.25,mean_restricted_recovery_cycles,1.72216796875,,,protocol_aligned_component,7d8789d83300282d1bb0389d66f158649e1e8a7bc895cc4f90c2789fa75186ed,T5.2.1
recovery_seed_metric,202607162108,,0.0625,0.25,recovered_fraction_by_horizon,1.0,,,protocol_aligned_component,7d8789d83300282d1bb0389d66f158649e1e8a7bc895cc4f90c2789fa75186ed,T5.2.1
recovery_seed_metric,202607162108,,0.0625,0.25,unaffected_e_probability_max,0.017578125,,,protocol_aligned_component,7d8789d83300282d1bb0389d66f158649e1e8a7bc895cc4f90c2789fa75186ed,T5.2.1
recovery_seed_metric,202607162108,,0.09375,0.375,mean_initial_recovery_depth,2.264892578125,,,protocol_aligned_component,e10e692d3cb95fad63787e53e9e76dcd873ad4ba3cf09b12d68bd75fc4c0d892,T5.2.1
recovery_seed_metric,202607162108,,0.09375,0.375,mean_observed_same_quadrature_max_e_run,2.0537109375,,,protocol_aligned_component,e10e692d3cb95fad63787e53e9e76dcd873ad4ba3cf09b12d68bd75fc4c0d892,T5.2.1
recovery_seed_metric,202607162108,,0.09375,0.375,mean_ideal_same_quadrature_max_e_run,2.080322265625,,,protocol_aligned_component,e10e692d3cb95fad63787e53e9e76dcd873ad4ba3cf09b12d68bd75fc4c0d892,T5.2.1
recovery_seed_metric,202607162108,,0.09375,0.375,mean_restricted_recovery_cycles,2.578369140625,,,protocol_aligned_component,e10e692d3cb95fad63787e53e9e76dcd873ad4ba3cf09b12d68bd75fc4c0d892,T5.2.1
recovery_seed_metric,202607162108,,0.09375,0.375,recovered_fraction_by_horizon,1.0,,,protocol_aligned_component,e10e692d3cb95fad63787e53e9e76dcd873ad4ba3cf09b12d68bd75fc4c0d892,T5.2.1
recovery_seed_metric,202607162108,,0.09375,0.375,unaffected_e_probability_max,0.019287109375,,,protocol_aligned_component,e10e692d3cb95fad63787e53e9e76dcd873ad4ba3cf09b12d68bd75fc4c0d892,T5.2.1
recovery_seed_metric,202607162108,,0.125,0.5,mean_initial_recovery_depth,3.01708984375,,,protocol_aligned_component,c6c2f878ce93f211c7a844cd6debf45eb7db6b9a21233f905095226dcffb548d,T5.2.1
recovery_seed_metric,202607162108,,0.125,0.5,mean_observed_same_quadrature_max_e_run,2.6669921875,,,protocol_aligned_component,c6c2f878ce93f211c7a844cd6debf45eb7db6b9a21233f905095226dcffb548d,T5.2.1
recovery_seed_metric,202607162108,,0.125,0.5,mean_ideal_same_quadrature_max_e_run,2.724609375,,,protocol_aligned_component,c6c2f878ce93f211c7a844cd6debf45eb7db6b9a21233f905095226dcffb548d,T5.2.1
recovery_seed_metric,202607162108,,0.125,0.5,mean_restricted_recovery_cycles,3.429931640625,,,protocol_aligned_component,c6c2f878ce93f211c7a844cd6debf45eb7db6b9a21233f905095226dcffb548d,T5.2.1
recovery_seed_metric,202607162108,,0.125,0.5,recovered_fraction_by_horizon,1.0,,,protocol_aligned_component,c6c2f878ce93f211c7a844cd6debf45eb7db6b9a21233f905095226dcffb548d,T5.2.1
recovery_seed_metric,202607162108,,0.125,0.5,unaffected_e_probability_max,0.019775390625,,,protocol_aligned_component,c6c2f878ce93f211c7a844cd6debf45eb7db6b9a21233f905095226dcffb548d,T5.2.1
recovery_seed_metric,202607162108,,0.15625,0.625,mean_initial_recovery_depth,3.735107421875,,,protocol_aligned_component,29bc21606899e2761ef62cdea240a7a2d902a5f7ed20116419ddeae1068920e7,T5.2.1
recovery_seed_metric,202607162108,,0.15625,0.625,mean_observed_same_quadrature_max_e_run,3.226806640625,,,protocol_aligned_component,29bc21606899e2761ef62cdea240a7a2d902a5f7ed20116419ddeae1068920e7,T5.2.1
recovery_seed_metric,202607162108,,0.15625,0.625,mean_ideal_same_quadrature_max_e_run,3.308349609375,,,protocol_aligned_component,29bc21606899e2761ef62cdea240a7a2d902a5f7ed20116419ddeae1068920e7,T5.2.1
recovery_seed_metric,202607162108,,0.15625,0.625,mean_restricted_recovery_cycles,4.246337890625,,,protocol_aligned_component,29bc21606899e2761ef62cdea240a7a2d902a5f7ed20116419ddeae1068920e7,T5.2.1
recovery_seed_metric,202607162108,,0.15625,0.625,recovered_fraction_by_horizon,1.0,,,protocol_aligned_component,29bc21606899e2761ef62cdea240a7a2d902a5f7ed20116419ddeae1068920e7,T5.2.1
recovery_seed_metric,202607162108,,0.15625,0.625,unaffected_e_probability_max,0.019287109375,,,protocol_aligned_component,29bc21606899e2761ef62cdea240a7a2d902a5f7ed20116419ddeae1068920e7,T5.2.1
recovery_seed_metric,202607162108,,0.1875,0.75,mean_initial_recovery_depth,4.488037109375,,,protocol_aligned_component,1750df098c56221117ac4fb60b70a5815d9d755fc897c217513a198686d3222b,T5.2.1
recovery_seed_metric,202607162108,,0.1875,0.75,mean_observed_same_quadrature_max_e_run,3.7841796875,,,protocol_aligned_component,1750df098c56221117ac4fb60b70a5815d9d755fc897c217513a198686d3222b,T5.2.1
recovery_seed_metric,202607162108,,0.1875,0.75,mean_ideal_same_quadrature_max_e_run,3.890625,,,protocol_aligned_component,1750df098c56221117ac4fb60b70a5815d9d755fc897c217513a198686d3222b,T5.2.1
recovery_seed_metric,202607162108,,0.1875,0.75,mean_restricted_recovery_cycles,5.11279296875,,,protocol_aligned_component,1750df098c56221117ac4fb60b70a5815d9d755fc897c217513a198686d3222b,T5.2.1
recovery_seed_metric,202607162108,,0.1875,0.75,recovered_fraction_by_horizon,1.0,,,protocol_aligned_component,1750df098c56221117ac4fb60b70a5815d9d755fc897c217513a198686d3222b,T5.2.1
recovery_seed_metric,202607162108,,0.1875,0.75,unaffected_e_probability_max,0.020751953125,,,protocol_aligned_component,1750df098c56221117ac4fb60b70a5815d9d755fc897c217513a198686d3222b,T5.2.1
recovery_seed_metric,202607162108,,0.21875,0.875,mean_initial_recovery_depth,5.237548828125,,,protocol_aligned_component,80613309a10b1ac60a352b77e8a46f5d7ff870862b27b655b375d9b0b16cfddf,T5.2.1
recovery_seed_metric,202607162108,,0.21875,0.875,mean_observed_same_quadrature_max_e_run,4.3173828125,,,protocol_aligned_component,80613309a10b1ac60a352b77e8a46f5d7ff870862b27b655b375d9b0b16cfddf,T5.2.1
recovery_seed_metric,202607162108,,0.21875,0.875,mean_ideal_same_quadrature_max_e_run,4.459228515625,,,protocol_aligned_component,80613309a10b1ac60a352b77e8a46f5d7ff870862b27b655b375d9b0b16cfddf,T5.2.1
recovery_seed_metric,202607162108,,0.21875,0.875,mean_restricted_recovery_cycles,5.963134765625,,,protocol_aligned_component,80613309a10b1ac60a352b77e8a46f5d7ff870862b27b655b375d9b0b16cfddf,T5.2.1
recovery_seed_metric,202607162108,,0.21875,0.875,recovered_fraction_by_horizon,1.0,,,protocol_aligned_component,80613309a10b1ac60a352b77e8a46f5d7ff870862b27b655b375d9b0b16cfddf,T5.2.1
recovery_seed_metric,202607162108,,0.21875,0.875,unaffected_e_probability_max,0.0224609375,,,protocol_aligned_component,80613309a10b1ac60a352b77e8a46f5d7ff870862b27b655b375d9b0b16cfddf,T5.2.1
recovery_seed_metric,202607162108,,0.25,1.0,mean_initial_recovery_depth,6.0,,,protocol_aligned_component,83259f332d08258d2434147fff5fea91e45be684557fa6df7268669c916980c1,T5.2.1
recovery_seed_metric,202607162108,,0.25,1.0,mean_observed_same_quadrature_max_e_run,4.826171875,,,protocol_aligned_component,83259f332d08258d2434147fff5fea91e45be684557fa6df7268669c916980c1,T5.2.1
recovery_seed_metric,202607162108,,0.25,1.0,mean_ideal_same_quadrature_max_e_run,4.99267578125,,,protocol_aligned_component,83259f332d08258d2434147fff5fea91e45be684557fa6df7268669c916980c1,T5.2.1
recovery_seed_metric,202607162108,,0.25,1.0,mean_restricted_recovery_cycles,6.838623046875,,,protocol_aligned_component,83259f332d08258d2434147fff5fea91e45be684557fa6df7268669c916980c1,T5.2.1
recovery_seed_metric,202607162108,,0.25,1.0,recovered_fraction_by_horizon,1.0,,,protocol_aligned_component,83259f332d08258d2434147fff5fea91e45be684557fa6df7268669c916980c1,T5.2.1
recovery_seed_metric,202607162108,,0.25,1.0,unaffected_e_probability_max,0.023681640625,,,protocol_aligned_component,83259f332d08258d2434147fff5fea91e45be684557fa6df7268669c916980c1,T5.2.1
recovery_seed_metric,202607162108,,0.28125,0.875,mean_initial_recovery_depth,5.237548828125,,,protocol_aligned_component,80613309a10b1ac60a352b77e8a46f5d7ff870862b27b655b375d9b0b16cfddf,T5.2.1
recovery_seed_metric,202607162108,,0.28125,0.875,mean_observed_same_quadrature_max_e_run,4.3173828125,,,protocol_aligned_component,80613309a10b1ac60a352b77e8a46f5d7ff870862b27b655b375d9b0b16cfddf,T5.2.1
recovery_seed_metric,202607162108,,0.28125,0.875,mean_ideal_same_quadrature_max_e_run,4.459228515625,,,protocol_aligned_component,80613309a10b1ac60a352b77e8a46f5d7ff870862b27b655b375d9b0b16cfddf,T5.2.1
recovery_seed_metric,202607162108,,0.28125,0.875,mean_restricted_recovery_cycles,5.963134765625,,,protocol_aligned_component,80613309a10b1ac60a352b77e8a46f5d7ff870862b27b655b375d9b0b16cfddf,T5.2.1
recovery_seed_metric,202607162108,,0.28125,0.875,recovered_fraction_by_horizon,1.0,,,protocol_aligned_component,80613309a10b1ac60a352b77e8a46f5d7ff870862b27b655b375d9b0b16cfddf,T5.2.1
recovery_seed_metric,202607162108,,0.28125,0.875,unaffected_e_probability_max,0.0224609375,,,protocol_aligned_component,80613309a10b1ac60a352b77e8a46f5d7ff870862b27b655b375d9b0b16cfddf,T5.2.1
recovery_seed_metric,202607162108,,0.3125,0.75,mean_initial_recovery_depth,4.488037109375,,,protocol_aligned_component,1750df098c56221117ac4fb60b70a5815d9d755fc897c217513a198686d3222b,T5.2.1
recovery_seed_metric,202607162108,,0.3125,0.75,mean_observed_same_quadrature_max_e_run,3.7841796875,,,protocol_aligned_component,1750df098c56221117ac4fb60b70a5815d9d755fc897c217513a198686d3222b,T5.2.1
recovery_seed_metric,202607162108,,0.3125,0.75,mean_ideal_same_quadrature_max_e_run,3.890625,,,protocol_aligned_component,1750df098c56221117ac4fb60b70a5815d9d755fc897c217513a198686d3222b,T5.2.1
recovery_seed_metric,202607162108,,0.3125,0.75,mean_restricted_recovery_cycles,5.11279296875,,,protocol_aligned_component,1750df098c56221117ac4fb60b70a5815d9d755fc897c217513a198686d3222b,T5.2.1
recovery_seed_metric,202607162108,,0.3125,0.75,recovered_fraction_by_horizon,1.0,,,protocol_aligned_component,1750df098c56221117ac4fb60b70a5815d9d755fc897c217513a198686d3222b,T5.2.1
recovery_seed_metric,202607162108,,0.3125,0.75,unaffected_e_probability_max,0.020751953125,,,protocol_aligned_component,1750df098c56221117ac4fb60b70a5815d9d755fc897c217513a198686d3222b,T5.2.1
recovery_seed_metric,202607162108,,0.34375,0.625,mean_initial_recovery_depth,3.735107421875,,,protocol_aligned_component,29bc21606899e2761ef62cdea240a7a2d902a5f7ed20116419ddeae1068920e7,T5.2.1
recovery_seed_metric,202607162108,,0.34375,0.625,mean_observed_same_quadrature_max_e_run,3.226806640625,,,protocol_aligned_component,29bc21606899e2761ef62cdea240a7a2d902a5f7ed20116419ddeae1068920e7,T5.2.1
recovery_seed_metric,202607162108,,0.34375,0.625,mean_ideal_same_quadrature_max_e_run,3.308349609375,,,protocol_aligned_component,29bc21606899e2761ef62cdea240a7a2d902a5f7ed20116419ddeae1068920e7,T5.2.1
recovery_seed_metric,202607162108,,0.34375,0.625,mean_restricted_recovery_cycles,4.246337890625,,,protocol_aligned_component,29bc21606899e2761ef62cdea240a7a2d902a5f7ed20116419ddeae1068920e7,T5.2.1
recovery_seed_metric,202607162108,,0.34375,0.625,recovered_fraction_by_horizon,1.0,,,protocol_aligned_component,29bc21606899e2761ef62cdea240a7a2d902a5f7ed20116419ddeae1068920e7,T5.2.1
recovery_seed_metric,202607162108,,0.34375,0.625,unaffected_e_probability_max,0.019287109375,,,protocol_aligned_component,29bc21606899e2761ef62cdea240a7a2d902a5f7ed20116419ddeae1068920e7,T5.2.1
recovery_seed_metric,202607162108,,0.375,0.5,mean_initial_recovery_depth,3.01708984375,,,protocol_aligned_component,c6c2f878ce93f211c7a844cd6debf45eb7db6b9a21233f905095226dcffb548d,T5.2.1
recovery_seed_metric,202607162108,,0.375,0.5,mean_observed_same_quadrature_max_e_run,2.6669921875,,,protocol_aligned_component,c6c2f878ce93f211c7a844cd6debf45eb7db6b9a21233f905095226dcffb548d,T5.2.1
recovery_seed_metric,202607162108,,0.375,0.5,mean_ideal_same_quadrature_max_e_run,2.724609375,,,protocol_aligned_component,c6c2f878ce93f211c7a844cd6debf45eb7db6b9a21233f905095226dcffb548d,T5.2.1
recovery_seed_metric,202607162108,,0.375,0.5,mean_restricted_recovery_cycles,3.429931640625,,,protocol_aligned_component,c6c2f878ce93f211c7a844cd6debf45eb7db6b9a21233f905095226dcffb548d,T5.2.1
recovery_seed_metric,202607162108,,0.375,0.5,recovered_fraction_by_horizon,1.0,,,protocol_aligned_component,c6c2f878ce93f211c7a844cd6debf45eb7db6b9a21233f905095226dcffb548d,T5.2.1
recovery_seed_metric,202607162108,,0.375,0.5,unaffected_e_probability_max,0.019775390625,,,protocol_aligned_component,c6c2f878ce93f211c7a844cd6debf45eb7db6b9a21233f905095226dcffb548d,T5.2.1
recovery_seed_metric,202607162108,,0.40625,0.375,mean_initial_recovery_depth,2.264892578125,,,protocol_aligned_component,e10e692d3cb95fad63787e53e9e76dcd873ad4ba3cf09b12d68bd75fc4c0d892,T5.2.1
recovery_seed_metric,202607162108,,0.40625,0.375,mean_observed_same_quadrature_max_e_run,2.0537109375,,,protocol_aligned_component,e10e692d3cb95fad63787e53e9e76dcd873ad4ba3cf09b12d68bd75fc4c0d892,T5.2.1
recovery_seed_metric,202607162108,,0.40625,0.375,mean_ideal_same_quadrature_max_e_run,2.080322265625,,,protocol_aligned_component,e10e692d3cb95fad63787e53e9e76dcd873ad4ba3cf09b12d68bd75fc4c0d892,T5.2.1
recovery_seed_metric,202607162108,,0.40625,0.375,mean_restricted_recovery_cycles,2.578369140625,,,protocol_aligned_component,e10e692d3cb95fad63787e53e9e76dcd873ad4ba3cf09b12d68bd75fc4c0d892,T5.2.1
recovery_seed_metric,202607162108,,0.40625,0.375,recovered_fraction_by_horizon,1.0,,,protocol_aligned_component,e10e692d3cb95fad63787e53e9e76dcd873ad4ba3cf09b12d68bd75fc4c0d892,T5.2.1
recovery_seed_metric,202607162108,,0.40625,0.375,unaffected_e_probability_max,0.019287109375,,,protocol_aligned_component,e10e692d3cb95fad63787e53e9e76dcd873ad4ba3cf09b12d68bd75fc4c0d892,T5.2.1
recovery_seed_metric,202607162108,,0.4375,0.25,mean_initial_recovery_depth,1.511962890625,,,protocol_aligned_component,7d8789d83300282d1bb0389d66f158649e1e8a7bc895cc4f90c2789fa75186ed,T5.2.1
recovery_seed_metric,202607162108,,0.4375,0.25,mean_observed_same_quadrature_max_e_run,1.42529296875,,,protocol_aligned_component,7d8789d83300282d1bb0389d66f158649e1e8a7bc895cc4f90c2789fa75186ed,T5.2.1
recovery_seed_metric,202607162108,,0.4375,0.25,mean_ideal_same_quadrature_max_e_run,1.427001953125,,,protocol_aligned_component,7d8789d83300282d1bb0389d66f158649e1e8a7bc895cc4f90c2789fa75186ed,T5.2.1
recovery_seed_metric,202607162108,,0.4375,0.25,mean_restricted_recovery_cycles,1.72216796875,,,protocol_aligned_component,7d8789d83300282d1bb0389d66f158649e1e8a7bc895cc4f90c2789fa75186ed,T5.2.1
recovery_seed_metric,202607162108,,0.4375,0.25,recovered_fraction_by_horizon,1.0,,,protocol_aligned_component,7d8789d83300282d1bb0389d66f158649e1e8a7bc895cc4f90c2789fa75186ed,T5.2.1
recovery_seed_metric,202607162108,,0.4375,0.25,unaffected_e_probability_max,0.017578125,,,protocol_aligned_component,7d8789d83300282d1bb0389d66f158649e1e8a7bc895cc4f90c2789fa75186ed,T5.2.1
recovery_seed_metric,202607162108,,0.46875,0.125,mean_initial_recovery_depth,0.762451171875,,,protocol_aligned_component,e878ffef256763f8f81a949b66aee461348fbb90b6dc8f4c399ae92995c3f967,T5.2.1
recovery_seed_metric,202607162108,,0.46875,0.125,mean_observed_same_quadrature_max_e_run,0.7705078125,,,protocol_aligned_component,e878ffef256763f8f81a949b66aee461348fbb90b6dc8f4c399ae92995c3f967,T5.2.1
recovery_seed_metric,202607162108,,0.46875,0.125,mean_ideal_same_quadrature_max_e_run,0.736328125,,,protocol_aligned_component,e878ffef256763f8f81a949b66aee461348fbb90b6dc8f4c399ae92995c3f967,T5.2.1
recovery_seed_metric,202607162108,,0.46875,0.125,mean_restricted_recovery_cycles,0.865234375,,,protocol_aligned_component,e878ffef256763f8f81a949b66aee461348fbb90b6dc8f4c399ae92995c3f967,T5.2.1
recovery_seed_metric,202607162108,,0.46875,0.125,recovered_fraction_by_horizon,1.0,,,protocol_aligned_component,e878ffef256763f8f81a949b66aee461348fbb90b6dc8f4c399ae92995c3f967,T5.2.1
recovery_seed_metric,202607162108,,0.46875,0.125,unaffected_e_probability_max,0.01416015625,,,protocol_aligned_component,e878ffef256763f8f81a949b66aee461348fbb90b6dc8f4c399ae92995c3f967,T5.2.1
recovery_seed_metric,202607162108,,0.5,0.0,mean_initial_recovery_depth,0.0,,,protocol_aligned_component,bdc0fa0a41cf47f7ea032ca86899d4a3009943d4a60b5f6b45f4548cbdef446f,T5.2.1
recovery_seed_metric,202607162108,,0.5,0.0,mean_observed_same_quadrature_max_e_run,0.090576171875,,,protocol_aligned_component,bdc0fa0a41cf47f7ea032ca86899d4a3009943d4a60b5f6b45f4548cbdef446f,T5.2.1
recovery_seed_metric,202607162108,,0.5,0.0,mean_ideal_same_quadrature_max_e_run,0.0,,,protocol_aligned_component,bdc0fa0a41cf47f7ea032ca86899d4a3009943d4a60b5f6b45f4548cbdef446f,T5.2.1
recovery_seed_metric,202607162108,,0.5,0.0,mean_restricted_recovery_cycles,0.0,,,protocol_aligned_component,bdc0fa0a41cf47f7ea032ca86899d4a3009943d4a60b5f6b45f4548cbdef446f,T5.2.1
recovery_seed_metric,202607162108,,0.5,0.0,recovered_fraction_by_horizon,1.0,,,protocol_aligned_component,bdc0fa0a41cf47f7ea032ca86899d4a3009943d4a60b5f6b45f4548cbdef446f,T5.2.1
recovery_seed_metric,202607162108,,0.5,0.0,unaffected_e_probability_max,0.007080078125,,,protocol_aligned_component,bdc0fa0a41cf47f7ea032ca86899d4a3009943d4a60b5f6b45f4548cbdef446f,T5.2.1
logical_seed_metric,202607162101,primary_sigma_0p040,0.0,0.0,nearest_operation_logical_failure_rate,0.0,,,evaluator_only_not_physical_memory_ler,5b0846ba87f10a841aa641c08cb093403403c418e7d9492444b8badf8c420c17,T5.2.1
logical_seed_metric,202607162101,primary_sigma_0p040,0.0,0.0,identity_reference_logical_flip_rate,0.0,,,evaluator_only_not_physical_memory_ler,5b0846ba87f10a841aa641c08cb093403403c418e7d9492444b8badf8c420c17,T5.2.1
logical_seed_metric,202607162101,primary_sigma_0p040,0.0,0.0,analytic_nearest_operation_failure_rate,2.052263425218952e-10,,,evaluator_only_not_physical_memory_ler,5b0846ba87f10a841aa641c08cb093403403c418e7d9492444b8badf8c420c17,T5.2.1
logical_seed_metric,202607162101,primary_sigma_0p040,0.03125,0.125,nearest_operation_logical_failure_rate,0.0,,,evaluator_only_not_physical_memory_ler,5b0846ba87f10a841aa641c08cb093403403c418e7d9492444b8badf8c420c17,T5.2.1
logical_seed_metric,202607162101,primary_sigma_0p040,0.03125,0.125,identity_reference_logical_flip_rate,0.0,,,evaluator_only_not_physical_memory_ler,5b0846ba87f10a841aa641c08cb093403403c418e7d9492444b8badf8c420c17,T5.2.1
logical_seed_metric,202607162101,primary_sigma_0p040,0.03125,0.125,analytic_nearest_operation_failure_rate,2.266102353349704e-08,,,evaluator_only_not_physical_memory_ler,5b0846ba87f10a841aa641c08cb093403403c418e7d9492444b8badf8c420c17,T5.2.1
logical_seed_metric,202607162101,primary_sigma_0p040,0.0625,0.25,nearest_operation_logical_failure_rate,0.0,,,evaluator_only_not_physical_memory_ler,5b0846ba87f10a841aa641c08cb093403403c418e7d9492444b8badf8c420c17,T5.2.1
logical_seed_metric,202607162101,primary_sigma_0p040,0.0625,0.25,identity_reference_logical_flip_rate,0.0,,,evaluator_only_not_physical_memory_ler,5b0846ba87f10a841aa641c08cb093403403c418e7d9492444b8badf8c420c17,T5.2.1
logical_seed_metric,202607162101,primary_sigma_0p040,0.0625,0.25,analytic_nearest_operation_failure_rate,1.3828135064100948e-06,,,evaluator_only_not_physical_memory_ler,5b0846ba87f10a841aa641c08cb093403403c418e7d9492444b8badf8c420c17,T5.2.1
logical_seed_metric,202607162101,primary_sigma_0p040,0.09375,0.375,nearest_operation_logical_failure_rate,0.0,,,evaluator_only_not_physical_memory_ler,5b0846ba87f10a841aa641c08cb093403403c418e7d9492444b8badf8c420c17,T5.2.1
logical_seed_metric,202607162101,primary_sigma_0p040,0.09375,0.375,identity_reference_logical_flip_rate,0.0,,,evaluator_only_not_physical_memory_ler,5b0846ba87f10a841aa641c08cb093403403c418e7d9492444b8badf8c420c17,T5.2.1
logical_seed_metric,202607162101,primary_sigma_0p040,0.09375,0.375,analytic_nearest_operation_failure_rate,4.6869765016455317e-05,,,evaluator_only_not_physical_memory_ler,5b0846ba87f10a841aa641c08cb093403403c418e7d9492444b8badf8c420c17,T5.2.1
logical_seed_metric,202607162101,primary_sigma_0p040,0.125,0.5,nearest_operation_logical_failure_rate,0.001708984375,,,evaluator_only_not_physical_memory_ler,5b0846ba87f10a841aa641c08cb093403403c418e7d9492444b8badf8c420c17,T5.2.1
logical_seed_metric,202607162101,primary_sigma_0p040,0.125,0.5,identity_reference_logical_flip_rate,0.001708984375,,,evaluator_only_not_physical_memory_ler,5b0846ba87f10a841aa641c08cb093403403c418e7d9492444b8badf8c420c17,T5.2.1
logical_seed_metric,202607162101,primary_sigma_0p040,0.125,0.5,analytic_nearest_operation_failure_rate,0.0008890252991084335,,,evaluator_only_not_physical_memory_ler,5b0846ba87f10a841aa641c08cb093403403c418e7d9492444b8badf8c420c17,T5.2.1
logical_seed_metric,202607162101,primary_sigma_0p040,0.15625,0.625,nearest_operation_logical_failure_rate,0.009765625,,,evaluator_only_not_physical_memory_ler,5b0846ba87f10a841aa641c08cb093403403c418e7d9492444b8badf8c420c17,T5.2.1
logical_seed_metric,202607162101,primary_sigma_0p040,0.15625,0.625,identity_reference_logical_flip_rate,0.009765625,,,evaluator_only_not_physical_memory_ler,5b0846ba87f10a841aa641c08cb093403403c418e7d9492444b8badf8c420c17,T5.2.1
logical_seed_metric,202607162101,primary_sigma_0p040,0.15625,0.625,analytic_nearest_operation_failure_rate,0.009545481536386161,,,evaluator_only_not_physical_memory_ler,5b0846ba87f10a841aa641c08cb093403403c418e7d9492444b8badf8c420c17,T5.2.1
logical_seed_metric,202607162101,primary_sigma_0p040,0.1875,0.75,nearest_operation_logical_failure_rate,0.05908203125,,,evaluator_only_not_physical_memory_ler,5b0846ba87f10a841aa641c08cb093403403c418e7d9492444b8badf8c420c17,T5.2.1
logical_seed_metric,202607162101,primary_sigma_0p040,0.1875,0.75,identity_reference_logical_flip_rate,0.05908203125,,,evaluator_only_not_physical_memory_ler,5b0846ba87f10a841aa641c08cb093403403c418e7d9492444b8badf8c420c17,T5.2.1
logical_seed_metric,202607162101,primary_sigma_0p040,0.1875,0.75,analytic_nearest_operation_failure_rate,0.05908512293266757,,,evaluator_only_not_physical_memory_ler,5b0846ba87f10a841aa641c08cb093403403c418e7d9492444b8badf8c420c17,T5.2.1
logical_seed_metric,202607162101,primary_sigma_0p040,0.21875,0.875,nearest_operation_logical_failure_rate,0.220703125,,,evaluator_only_not_physical_memory_ler,5b0846ba87f10a841aa641c08cb093403403c418e7d9492444b8badf8c420c17,T5.2.1
logical_seed_metric,202607162101,primary_sigma_0p040,0.21875,0.875,identity_reference_logical_flip_rate,0.220703125,,,evaluator_only_not_physical_memory_ler,5b0846ba87f10a841aa641c08cb093403403c418e7d9492444b8badf8c420c17,T5.2.1
logical_seed_metric,202607162101,primary_sigma_0p040,0.21875,0.875,analytic_nearest_operation_failure_rate,0.21732773567808567,,,evaluator_only_not_physical_memory_ler,5b0846ba87f10a841aa641c08cb093403403c418e7d9492444b8badf8c420c17,T5.2.1
logical_seed_metric,202607162101,primary_sigma_0p040,0.25,1.0,nearest_operation_logical_failure_rate,0.492919921875,,,evaluator_only_not_physical_memory_ler,5b0846ba87f10a841aa641c08cb093403403c418e7d9492444b8badf8c420c17,T5.2.1
logical_seed_metric,202607162101,primary_sigma_0p040,0.25,1.0,identity_reference_logical_flip_rate,0.507080078125,,,evaluator_only_not_physical_memory_ler,5b0846ba87f10a841aa641c08cb093403403c418e7d9492444b8badf8c420c17,T5.2.1
logical_seed_metric,202607162101,primary_sigma_0p040,0.25,1.0,analytic_nearest_operation_failure_rate,0.5,,,evaluator_only_not_physical_memory_ler,5b0846ba87f10a841aa641c08cb093403403c418e7d9492444b8badf8c420c17,T5.2.1
logical_seed_metric,202607162101,primary_sigma_0p040,0.28125,0.875,nearest_operation_logical_failure_rate,0.214599609375,,,evaluator_only_not_physical_memory_ler,5b0846ba87f10a841aa641c08cb093403403c418e7d9492444b8badf8c420c17,T5.2.1
logical_seed_metric,202607162101,primary_sigma_0p040,0.28125,0.875,identity_reference_logical_flip_rate,0.785400390625,,,evaluator_only_not_physical_memory_ler,5b0846ba87f10a841aa641c08cb093403403c418e7d9492444b8badf8c420c17,T5.2.1
logical_seed_metric,202607162101,primary_sigma_0p040,0.28125,0.875,analytic_nearest_operation_failure_rate,0.21732773567808567,,,evaluator_only_not_physical_memory_ler,5b0846ba87f10a841aa641c08cb093403403c418e7d9492444b8badf8c420c17,T5.2.1
logical_seed_metric,202607162101,primary_sigma_0p040,0.3125,0.75,nearest_operation_logical_failure_rate,0.053955078125,,,evaluator_only_not_physical_memory_ler,5b0846ba87f10a841aa641c08cb093403403c418e7d9492444b8badf8c420c17,T5.2.1
logical_seed_metric,202607162101,primary_sigma_0p040,0.3125,0.75,identity_reference_logical_flip_rate,0.946044921875,,,evaluator_only_not_physical_memory_ler,5b0846ba87f10a841aa641c08cb093403403c418e7d9492444b8badf8c420c17,T5.2.1
logical_seed_metric,202607162101,primary_sigma_0p040,0.3125,0.75,analytic_nearest_operation_failure_rate,0.05908512293266757,,,evaluator_only_not_physical_memory_ler,5b0846ba87f10a841aa641c08cb093403403c418e7d9492444b8badf8c420c17,T5.2.1
logical_seed_metric,202607162101,primary_sigma_0p040,0.34375,0.625,nearest_operation_logical_failure_rate,0.0087890625,,,evaluator_only_not_physical_memory_ler,5b0846ba87f10a841aa641c08cb093403403c418e7d9492444b8badf8c420c17,T5.2.1
logical_seed_metric,202607162101,primary_sigma_0p040,0.34375,0.625,identity_reference_logical_flip_rate,0.9912109375,,,evaluator_only_not_physical_memory_ler,5b0846ba87f10a841aa641c08cb093403403c418e7d9492444b8badf8c420c17,T5.2.1
logical_seed_metric,202607162101,primary_sigma_0p040,0.34375,0.625,analytic_nearest_operation_failure_rate,0.009545481536386161,,,evaluator_only_not_physical_memory_ler,5b0846ba87f10a841aa641c08cb093403403c418e7d9492444b8badf8c420c17,T5.2.1
logical_seed_metric,202607162101,primary_sigma_0p040,0.375,0.5,nearest_operation_logical_failure_rate,0.000244140625,,,evaluator_only_not_physical_memory_ler,5b0846ba87f10a841aa641c08cb093403403c418e7d9492444b8badf8c420c17,T5.2.1
logical_seed_metric,202607162101,primary_sigma_0p040,0.375,0.5,identity_reference_logical_flip_rate,0.999755859375,,,evaluator_only_not_physical_memory_ler,5b0846ba87f10a841aa641c08cb093403403c418e7d9492444b8badf8c420c17,T5.2.1
logical_seed_metric,202607162101,primary_sigma_0p040,0.375,0.5,analytic_nearest_operation_failure_rate,0.0008890252991084335,,,evaluator_only_not_physical_memory_ler,5b0846ba87f10a841aa641c08cb093403403c418e7d9492444b8badf8c420c17,T5.2.1
logical_seed_metric,202607162101,primary_sigma_0p040,0.40625,0.375,nearest_operation_logical_failure_rate,0.0,,,evaluator_only_not_physical_memory_ler,5b0846ba87f10a841aa641c08cb093403403c418e7d9492444b8badf8c420c17,T5.2.1
logical_seed_metric,202607162101,primary_sigma_0p040,0.40625,0.375,identity_reference_logical_flip_rate,1.0,,,evaluator_only_not_physical_memory_ler,5b0846ba87f10a841aa641c08cb093403403c418e7d9492444b8badf8c420c17,T5.2.1
logical_seed_metric,202607162101,primary_sigma_0p040,0.40625,0.375,analytic_nearest_operation_failure_rate,4.6869765016455317e-05,,,evaluator_only_not_physical_memory_ler,5b0846ba87f10a841aa641c08cb093403403c418e7d9492444b8badf8c420c17,T5.2.1
logical_seed_metric,202607162101,primary_sigma_0p040,0.4375,0.25,nearest_operation_logical_failure_rate,0.0,,,evaluator_only_not_physical_memory_ler,5b0846ba87f10a841aa641c08cb093403403c418e7d9492444b8badf8c420c17,T5.2.1
logical_seed_metric,202607162101,primary_sigma_0p040,0.4375,0.25,identity_reference_logical_flip_rate,1.0,,,evaluator_only_not_physical_memory_ler,5b0846ba87f10a841aa641c08cb093403403c418e7d9492444b8badf8c420c17,T5.2.1
logical_seed_metric,202607162101,primary_sigma_0p040,0.4375,0.25,analytic_nearest_operation_failure_rate,1.3828135064100948e-06,,,evaluator_only_not_physical_memory_ler,5b0846ba87f10a841aa641c08cb093403403c418e7d9492444b8badf8c420c17,T5.2.1
logical_seed_metric,202607162101,primary_sigma_0p040,0.46875,0.125,nearest_operation_logical_failure_rate,0.0,,,evaluator_only_not_physical_memory_ler,5b0846ba87f10a841aa641c08cb093403403c418e7d9492444b8badf8c420c17,T5.2.1
logical_seed_metric,202607162101,primary_sigma_0p040,0.46875,0.125,identity_reference_logical_flip_rate,1.0,,,evaluator_only_not_physical_memory_ler,5b0846ba87f10a841aa641c08cb093403403c418e7d9492444b8badf8c420c17,T5.2.1
logical_seed_metric,202607162101,primary_sigma_0p040,0.46875,0.125,analytic_nearest_operation_failure_rate,2.266102353349704e-08,,,evaluator_only_not_physical_memory_ler,5b0846ba87f10a841aa641c08cb093403403c418e7d9492444b8badf8c420c17,T5.2.1
logical_seed_metric,202607162101,primary_sigma_0p040,0.5,0.0,nearest_operation_logical_failure_rate,0.0,,,evaluator_only_not_physical_memory_ler,5b0846ba87f10a841aa641c08cb093403403c418e7d9492444b8badf8c420c17,T5.2.1
logical_seed_metric,202607162101,primary_sigma_0p040,0.5,0.0,identity_reference_logical_flip_rate,1.0,,,evaluator_only_not_physical_memory_ler,5b0846ba87f10a841aa641c08cb093403403c418e7d9492444b8badf8c420c17,T5.2.1
logical_seed_metric,202607162101,primary_sigma_0p040,0.5,0.0,analytic_nearest_operation_failure_rate,2.052263425218952e-10,,,evaluator_only_not_physical_memory_ler,5b0846ba87f10a841aa641c08cb093403403c418e7d9492444b8badf8c420c17,T5.2.1
logical_seed_metric,202607162101,confirmation_sigma_0p025,0.0,0.0,nearest_operation_logical_failure_rate,0.0,,,evaluator_only_not_physical_memory_ler,748ddb686436e9e7f17f3716918c92bdf24670af6c2b698ea1e84a73a83c4bcd,T5.2.1
logical_seed_metric,202607162101,confirmation_sigma_0p025,0.0,0.0,identity_reference_logical_flip_rate,0.0,,,evaluator_only_not_physical_memory_ler,748ddb686436e9e7f17f3716918c92bdf24670af6c2b698ea1e84a73a83c4bcd,T5.2.1
logical_seed_metric,202607162101,confirmation_sigma_0p025,0.0,0.0,analytic_nearest_operation_failure_rate,7.619853024160689e-24,,,evaluator_only_not_physical_memory_ler,748ddb686436e9e7f17f3716918c92bdf24670af6c2b698ea1e84a73a83c4bcd,T5.2.1
logical_seed_metric,202607162101,confirmation_sigma_0p025,0.03125,0.125,nearest_operation_logical_failure_rate,0.0,,,evaluator_only_not_physical_memory_ler,748ddb686436e9e7f17f3716918c92bdf24670af6c2b698ea1e84a73a83c4bcd,T5.2.1
logical_seed_metric,202607162101,confirmation_sigma_0p025,0.03125,0.125,identity_reference_logical_flip_rate,0.0,,,evaluator_only_not_physical_memory_ler,748ddb686436e9e7f17f3716918c92bdf24670af6c2b698ea1e84a73a83c4bcd,T5.2.1
logical_seed_metric,202607162101,confirmation_sigma_0p025,0.03125,0.125,analytic_nearest_operation_failure_rate,1.0667637375475064e-18,,,evaluator_only_not_physical_memory_ler,748ddb686436e9e7f17f3716918c92bdf24670af6c2b698ea1e84a73a83c4bcd,T5.2.1
logical_seed_metric,202607162101,confirmation_sigma_0p025,0.0625,0.25,nearest_operation_logical_failure_rate,0.0,,,evaluator_only_not_physical_memory_ler,748ddb686436e9e7f17f3716918c92bdf24670af6c2b698ea1e84a73a83c4bcd,T5.2.1
logical_seed_metric,202607162101,confirmation_sigma_0p025,0.0625,0.25,identity_reference_logical_flip_rate,0.0,,,evaluator_only_not_physical_memory_ler,748ddb686436e9e7f17f3716918c92bdf24670af6c2b698ea1e84a73a83c4bcd,T5.2.1
logical_seed_metric,202607162101,confirmation_sigma_0p025,0.0625,0.25,analytic_nearest_operation_failure_rate,3.19089167291092e-14,,,evaluator_only_not_physical_memory_ler,748ddb686436e9e7f17f3716918c92bdf24670af6c2b698ea1e84a73a83c4bcd,T5.2.1
logical_seed_metric,202607162101,confirmation_sigma_0p025,0.09375,0.375,nearest_operation_logical_failure_rate,0.0,,,evaluator_only_not_physical_memory_ler,748ddb686436e9e7f17f3716918c92bdf24670af6c2b698ea1e84a73a83c4bcd,T5.2.1
logical_seed_metric,202607162101,confirmation_sigma_0p025,0.09375,0.375,identity_reference_logical_flip_rate,0.0,,,evaluator_only_not_physical_memory_ler,748ddb686436e9e7f17f3716918c92bdf24670af6c2b698ea1e84a73a83c4bcd,T5.2.1
logical_seed_metric,202607162101,confirmation_sigma_0p025,0.09375,0.375,analytic_nearest_operation_failure_rate,2.052263425218952e-10,,,evaluator_only_not_physical_memory_ler,748ddb686436e9e7f17f3716918c92bdf24670af6c2b698ea1e84a73a83c4bcd,T5.2.1
logical_seed_metric,202607162101,confirmation_sigma_0p025,0.125,0.5,nearest_operation_logical_failure_rate,0.0,,,evaluator_only_not_physical_memory_ler,748ddb686436e9e7f17f3716918c92bdf24670af6c2b698ea1e84a73a83c4bcd,T5.2.1
logical_seed_metric,202607162101,confirmation_sigma_0p025,0.125,0.5,identity_reference_logical_flip_rate,0.0,,,evaluator_only_not_physical_memory_ler,748ddb686436e9e7f17f3716918c92bdf24670af6c2b698ea1e84a73a83c4bcd,T5.2.1
logical_seed_metric,202607162101,confirmation_sigma_0p025,0.125,0.5,analytic_nearest_operation_failure_rate,2.866515718791955e-07,,,evaluator_only_not_physical_memory_ler,748ddb686436e9e7f17f3716918c92bdf24670af6c2b698ea1e84a73a83c4bcd,T5.2.1
logical_seed_metric,202607162101,confirmation_sigma_0p025,0.15625,0.625,nearest_operation_logical_failure_rate,0.000244140625,,,evaluator_only_not_physical_memory_ler,748ddb686436e9e7f17f3716918c92bdf24670af6c2b698ea1e84a73a83c4bcd,T5.2.1
logical_seed_metric,202607162101,confirmation_sigma_0p025,0.15625,0.625,identity_reference_logical_flip_rate,0.000244140625,,,evaluator_only_not_physical_memory_ler,748ddb686436e9e7f17f3716918c92bdf24670af6c2b698ea1e84a73a83c4bcd,T5.2.1
logical_seed_metric,202607162101,confirmation_sigma_0p025,0.15625,0.625,analytic_nearest_operation_failure_rate,8.841728520080404e-05,,,evaluator_only_not_physical_memory_ler,748ddb686436e9e7f17f3716918c92bdf24670af6c2b698ea1e84a73a83c4bcd,T5.2.1
logical_seed_metric,202607162101,confirmation_sigma_0p025,0.1875,0.75,nearest_operation_logical_failure_rate,0.006103515625,,,evaluator_only_not_physical_memory_ler,748ddb686436e9e7f17f3716918c92bdf24670af6c2b698ea1e84a73a83c4bcd,T5.2.1
logical_seed_metric,202607162101,confirmation_sigma_0p025,0.1875,0.75,identity_reference_logical_flip_rate,0.006103515625,,,evaluator_only_not_physical_memory_ler,748ddb686436e9e7f17f3716918c92bdf24670af6c2b698ea1e84a73a83c4bcd,T5.2.1
logical_seed_metric,202607162101,confirmation_sigma_0p025,0.1875,0.75,analytic_nearest_operation_failure_rate,0.006209665325776144,,,evaluator_only_not_physical_memory_ler,748ddb686436e9e7f17f3716918c92bdf24670af6c2b698ea1e84a73a83c4bcd,T5.2.1
logical_seed_metric,202607162101,confirmation_sigma_0p025,0.21875,0.875,nearest_operation_logical_failure_rate,0.107421875,,,evaluator_only_not_physical_memory_ler,748ddb686436e9e7f17f3716918c92bdf24670af6c2b698ea1e84a73a83c4bcd,T5.2.1
logical_seed_metric,202607162101,confirmation_sigma_0p025,0.21875,0.875,identity_reference_logical_flip_rate,0.107421875,,,evaluator_only_not_physical_memory_ler,748ddb686436e9e7f17f3716918c92bdf24670af6c2b698ea1e84a73a83c4bcd,T5.2.1
logical_seed_metric,202607162101,confirmation_sigma_0p025,0.21875,0.875,analytic_nearest_operation_failure_rate,0.1056497736668553,,,evaluator_only_not_physical_memory_ler,748ddb686436e9e7f17f3716918c92bdf24670af6c2b698ea1e84a73a83c4bcd,T5.2.1
logical_seed_metric,202607162101,confirmation_sigma_0p025,0.25,1.0,nearest_operation_logical_failure_rate,0.512939453125,,,evaluator_only_not_physical_memory_ler,748ddb686436e9e7f17f3716918c92bdf24670af6c2b698ea1e84a73a83c4bcd,T5.2.1
logical_seed_metric,202607162101,confirmation_sigma_0p025,0.25,1.0,identity_reference_logical_flip_rate,0.487060546875,,,evaluator_only_not_physical_memory_ler,748ddb686436e9e7f17f3716918c92bdf24670af6c2b698ea1e84a73a83c4bcd,T5.2.1
logical_seed_metric,202607162101,confirmation_sigma_0p025,0.25,1.0,analytic_nearest_operation_failure_rate,0.5,,,evaluator_only_not_physical_memory_ler,748ddb686436e9e7f17f3716918c92bdf24670af6c2b698ea1e84a73a83c4bcd,T5.2.1
logical_seed_metric,202607162101,confirmation_sigma_0p025,0.28125,0.875,nearest_operation_logical_failure_rate,0.10302734375,,,evaluator_only_not_physical_memory_ler,748ddb686436e9e7f17f3716918c92bdf24670af6c2b698ea1e84a73a83c4bcd,T5.2.1
logical_seed_metric,202607162101,confirmation_sigma_0p025,0.28125,0.875,identity_reference_logical_flip_rate,0.89697265625,,,evaluator_only_not_physical_memory_ler,748ddb686436e9e7f17f3716918c92bdf24670af6c2b698ea1e84a73a83c4bcd,T5.2.1
logical_seed_metric,202607162101,confirmation_sigma_0p025,0.28125,0.875,analytic_nearest_operation_failure_rate,0.1056497736668553,,,evaluator_only_not_physical_memory_ler,748ddb686436e9e7f17f3716918c92bdf24670af6c2b698ea1e84a73a83c4bcd,T5.2.1
logical_seed_metric,202607162101,confirmation_sigma_0p025,0.3125,0.75,nearest_operation_logical_failure_rate,0.006103515625,,,evaluator_only_not_physical_memory_ler,748ddb686436e9e7f17f3716918c92bdf24670af6c2b698ea1e84a73a83c4bcd,T5.2.1
logical_seed_metric,202607162101,confirmation_sigma_0p025,0.3125,0.75,identity_reference_logical_flip_rate,0.993896484375,,,evaluator_only_not_physical_memory_ler,748ddb686436e9e7f17f3716918c92bdf24670af6c2b698ea1e84a73a83c4bcd,T5.2.1
logical_seed_metric,202607162101,confirmation_sigma_0p025,0.3125,0.75,analytic_nearest_operation_failure_rate,0.006209665325776144,,,evaluator_only_not_physical_memory_ler,748ddb686436e9e7f17f3716918c92bdf24670af6c2b698ea1e84a73a83c4bcd,T5.2.1
logical_seed_metric,202607162101,confirmation_sigma_0p025,0.34375,0.625,nearest_operation_logical_failure_rate,0.000244140625,,,evaluator_only_not_physical_memory_ler,748ddb686436e9e7f17f3716918c92bdf24670af6c2b698ea1e84a73a83c4bcd,T5.2.1
logical_seed_metric,202607162101,confirmation_sigma_0p025,0.34375,0.625,identity_reference_logical_flip_rate,0.999755859375,,,evaluator_only_not_physical_memory_ler,748ddb686436e9e7f17f3716918c92bdf24670af6c2b698ea1e84a73a83c4bcd,T5.2.1
logical_seed_metric,202607162101,confirmation_sigma_0p025,0.34375,0.625,analytic_nearest_operation_failure_rate,8.841728520080404e-05,,,evaluator_only_not_physical_memory_ler,748ddb686436e9e7f17f3716918c92bdf24670af6c2b698ea1e84a73a83c4bcd,T5.2.1
logical_seed_metric,202607162101,confirmation_sigma_0p025,0.375,0.5,nearest_operation_logical_failure_rate,0.0,,,evaluator_only_not_physical_memory_ler,748ddb686436e9e7f17f3716918c92bdf24670af6c2b698ea1e84a73a83c4bcd,T5.2.1
logical_seed_metric,202607162101,confirmation_sigma_0p025,0.375,0.5,identity_reference_logical_flip_rate,1.0,,,evaluator_only_not_physical_memory_ler,748ddb686436e9e7f17f3716918c92bdf24670af6c2b698ea1e84a73a83c4bcd,T5.2.1
logical_seed_metric,202607162101,confirmation_sigma_0p025,0.375,0.5,analytic_nearest_operation_failure_rate,2.866515718791955e-07,,,evaluator_only_not_physical_memory_ler,748ddb686436e9e7f17f3716918c92bdf24670af6c2b698ea1e84a73a83c4bcd,T5.2.1
logical_seed_metric,202607162101,confirmation_sigma_0p025,0.40625,0.375,nearest_operation_logical_failure_rate,0.0,,,evaluator_only_not_physical_memory_ler,748ddb686436e9e7f17f3716918c92bdf24670af6c2b698ea1e84a73a83c4bcd,T5.2.1
logical_seed_metric,202607162101,confirmation_sigma_0p025,0.40625,0.375,identity_reference_logical_flip_rate,1.0,,,evaluator_only_not_physical_memory_ler,748ddb686436e9e7f17f3716918c92bdf24670af6c2b698ea1e84a73a83c4bcd,T5.2.1
logical_seed_metric,202607162101,confirmation_sigma_0p025,0.40625,0.375,analytic_nearest_operation_failure_rate,2.052263425218952e-10,,,evaluator_only_not_physical_memory_ler,748ddb686436e9e7f17f3716918c92bdf24670af6c2b698ea1e84a73a83c4bcd,T5.2.1
logical_seed_metric,202607162101,confirmation_sigma_0p025,0.4375,0.25,nearest_operation_logical_failure_rate,0.0,,,evaluator_only_not_physical_memory_ler,748ddb686436e9e7f17f3716918c92bdf24670af6c2b698ea1e84a73a83c4bcd,T5.2.1
logical_seed_metric,202607162101,confirmation_sigma_0p025,0.4375,0.25,identity_reference_logical_flip_rate,1.0,,,evaluator_only_not_physical_memory_ler,748ddb686436e9e7f17f3716918c92bdf24670af6c2b698ea1e84a73a83c4bcd,T5.2.1
logical_seed_metric,202607162101,confirmation_sigma_0p025,0.4375,0.25,analytic_nearest_operation_failure_rate,3.19089167291092e-14,,,evaluator_only_not_physical_memory_ler,748ddb686436e9e7f17f3716918c92bdf24670af6c2b698ea1e84a73a83c4bcd,T5.2.1
logical_seed_metric,202607162101,confirmation_sigma_0p025,0.46875,0.125,nearest_operation_logical_failure_rate,0.0,,,evaluator_only_not_physical_memory_ler,748ddb686436e9e7f17f3716918c92bdf24670af6c2b698ea1e84a73a83c4bcd,T5.2.1
logical_seed_metric,202607162101,confirmation_sigma_0p025,0.46875,0.125,identity_reference_logical_flip_rate,1.0,,,evaluator_only_not_physical_memory_ler,748ddb686436e9e7f17f3716918c92bdf24670af6c2b698ea1e84a73a83c4bcd,T5.2.1
logical_seed_metric,202607162101,confirmation_sigma_0p025,0.46875,0.125,analytic_nearest_operation_failure_rate,1.0667637375475064e-18,,,evaluator_only_not_physical_memory_ler,748ddb686436e9e7f17f3716918c92bdf24670af6c2b698ea1e84a73a83c4bcd,T5.2.1
logical_seed_metric,202607162101,confirmation_sigma_0p025,0.5,0.0,nearest_operation_logical_failure_rate,0.0,,,evaluator_only_not_physical_memory_ler,748ddb686436e9e7f17f3716918c92bdf24670af6c2b698ea1e84a73a83c4bcd,T5.2.1
logical_seed_metric,202607162101,confirmation_sigma_0p025,0.5,0.0,identity_reference_logical_flip_rate,1.0,,,evaluator_only_not_physical_memory_ler,748ddb686436e9e7f17f3716918c92bdf24670af6c2b698ea1e84a73a83c4bcd,T5.2.1
logical_seed_metric,202607162101,confirmation_sigma_0p025,0.5,0.0,analytic_nearest_operation_failure_rate,7.619853024160689e-24,,,evaluator_only_not_physical_memory_ler,748ddb686436e9e7f17f3716918c92bdf24670af6c2b698ea1e84a73a83c4bcd,T5.2.1
logical_seed_metric,202607162102,primary_sigma_0p040,0.0,0.0,nearest_operation_logical_failure_rate,0.0,,,evaluator_only_not_physical_memory_ler,0ef9a6b26c0821a9af995caff634e7f016490aecbfd47ff01ebea7b16347bf2e,T5.2.1
logical_seed_metric,202607162102,primary_sigma_0p040,0.0,0.0,identity_reference_logical_flip_rate,0.0,,,evaluator_only_not_physical_memory_ler,0ef9a6b26c0821a9af995caff634e7f016490aecbfd47ff01ebea7b16347bf2e,T5.2.1
logical_seed_metric,202607162102,primary_sigma_0p040,0.0,0.0,analytic_nearest_operation_failure_rate,2.052263425218952e-10,,,evaluator_only_not_physical_memory_ler,0ef9a6b26c0821a9af995caff634e7f016490aecbfd47ff01ebea7b16347bf2e,T5.2.1
logical_seed_metric,202607162102,primary_sigma_0p040,0.03125,0.125,nearest_operation_logical_failure_rate,0.0,,,evaluator_only_not_physical_memory_ler,0ef9a6b26c0821a9af995caff634e7f016490aecbfd47ff01ebea7b16347bf2e,T5.2.1
logical_seed_metric,202607162102,primary_sigma_0p040,0.03125,0.125,identity_reference_logical_flip_rate,0.0,,,evaluator_only_not_physical_memory_ler,0ef9a6b26c0821a9af995caff634e7f016490aecbfd47ff01ebea7b16347bf2e,T5.2.1
logical_seed_metric,202607162102,primary_sigma_0p040,0.03125,0.125,analytic_nearest_operation_failure_rate,2.266102353349704e-08,,,evaluator_only_not_physical_memory_ler,0ef9a6b26c0821a9af995caff634e7f016490aecbfd47ff01ebea7b16347bf2e,T5.2.1
logical_seed_metric,202607162102,primary_sigma_0p040,0.0625,0.25,nearest_operation_logical_failure_rate,0.0,,,evaluator_only_not_physical_memory_ler,0ef9a6b26c0821a9af995caff634e7f016490aecbfd47ff01ebea7b16347bf2e,T5.2.1
logical_seed_metric,202607162102,primary_sigma_0p040,0.0625,0.25,identity_reference_logical_flip_rate,0.0,,,evaluator_only_not_physical_memory_ler,0ef9a6b26c0821a9af995caff634e7f016490aecbfd47ff01ebea7b16347bf2e,T5.2.1
logical_seed_metric,202607162102,primary_sigma_0p040,0.0625,0.25,analytic_nearest_operation_failure_rate,1.3828135064100948e-06,,,evaluator_only_not_physical_memory_ler,0ef9a6b26c0821a9af995caff634e7f016490aecbfd47ff01ebea7b16347bf2e,T5.2.1
logical_seed_metric,202607162102,primary_sigma_0p040,0.09375,0.375,nearest_operation_logical_failure_rate,0.0,,,evaluator_only_not_physical_memory_ler,0ef9a6b26c0821a9af995caff634e7f016490aecbfd47ff01ebea7b16347bf2e,T5.2.1
logical_seed_metric,202607162102,primary_sigma_0p040,0.09375,0.375,identity_reference_logical_flip_rate,0.0,,,evaluator_only_not_physical_memory_ler,0ef9a6b26c0821a9af995caff634e7f016490aecbfd47ff01ebea7b16347bf2e,T5.2.1
logical_seed_metric,202607162102,primary_sigma_0p040,0.09375,0.375,analytic_nearest_operation_failure_rate,4.6869765016455317e-05,,,evaluator_only_not_physical_memory_ler,0ef9a6b26c0821a9af995caff634e7f016490aecbfd47ff01ebea7b16347bf2e,T5.2.1
logical_seed_metric,202607162102,primary_sigma_0p040,0.125,0.5,nearest_operation_logical_failure_rate,0.000732421875,,,evaluator_only_not_physical_memory_ler,0ef9a6b26c0821a9af995caff634e7f016490aecbfd47ff01ebea7b16347bf2e,T5.2.1
logical_seed_metric,202607162102,primary_sigma_0p040,0.125,0.5,identity_reference_logical_flip_rate,0.000732421875,,,evaluator_only_not_physical_memory_ler,0ef9a6b26c0821a9af995caff634e7f016490aecbfd47ff01ebea7b16347bf2e,T5.2.1
logical_seed_metric,202607162102,primary_sigma_0p040,0.125,0.5,analytic_nearest_operation_failure_rate,0.0008890252991084335,,,evaluator_only_not_physical_memory_ler,0ef9a6b26c0821a9af995caff634e7f016490aecbfd47ff01ebea7b16347bf2e,T5.2.1
logical_seed_metric,202607162102,primary_sigma_0p040,0.15625,0.625,nearest_operation_logical_failure_rate,0.009765625,,,evaluator_only_not_physical_memory_ler,0ef9a6b26c0821a9af995caff634e7f016490aecbfd47ff01ebea7b16347bf2e,T5.2.1
logical_seed_metric,202607162102,primary_sigma_0p040,0.15625,0.625,identity_reference_logical_flip_rate,0.009765625,,,evaluator_only_not_physical_memory_ler,0ef9a6b26c0821a9af995caff634e7f016490aecbfd47ff01ebea7b16347bf2e,T5.2.1
logical_seed_metric,202607162102,primary_sigma_0p040,0.15625,0.625,analytic_nearest_operation_failure_rate,0.009545481536386161,,,evaluator_only_not_physical_memory_ler,0ef9a6b26c0821a9af995caff634e7f016490aecbfd47ff01ebea7b16347bf2e,T5.2.1
logical_seed_metric,202607162102,primary_sigma_0p040,0.1875,0.75,nearest_operation_logical_failure_rate,0.057373046875,,,evaluator_only_not_physical_memory_ler,0ef9a6b26c0821a9af995caff634e7f016490aecbfd47ff01ebea7b16347bf2e,T5.2.1
logical_seed_metric,202607162102,primary_sigma_0p040,0.1875,0.75,identity_reference_logical_flip_rate,0.057373046875,,,evaluator_only_not_physical_memory_ler,0ef9a6b26c0821a9af995caff634e7f016490aecbfd47ff01ebea7b16347bf2e,T5.2.1
logical_seed_metric,202607162102,primary_sigma_0p040,0.1875,0.75,analytic_nearest_operation_failure_rate,0.05908512293266757,,,evaluator_only_not_physical_memory_ler,0ef9a6b26c0821a9af995caff634e7f016490aecbfd47ff01ebea7b16347bf2e,T5.2.1
logical_seed_metric,202607162102,primary_sigma_0p040,0.21875,0.875,nearest_operation_logical_failure_rate,0.2138671875,,,evaluator_only_not_physical_memory_ler,0ef9a6b26c0821a9af995caff634e7f016490aecbfd47ff01ebea7b16347bf2e,T5.2.1
logical_seed_metric,202607162102,primary_sigma_0p040,0.21875,0.875,identity_reference_logical_flip_rate,0.2138671875,,,evaluator_only_not_physical_memory_ler,0ef9a6b26c0821a9af995caff634e7f016490aecbfd47ff01ebea7b16347bf2e,T5.2.1
logical_seed_metric,202607162102,primary_sigma_0p040,0.21875,0.875,analytic_nearest_operation_failure_rate,0.21732773567808567,,,evaluator_only_not_physical_memory_ler,0ef9a6b26c0821a9af995caff634e7f016490aecbfd47ff01ebea7b16347bf2e,T5.2.1
logical_seed_metric,202607162102,primary_sigma_0p040,0.25,1.0,nearest_operation_logical_failure_rate,0.490234375,,,evaluator_only_not_physical_memory_ler,0ef9a6b26c0821a9af995caff634e7f016490aecbfd47ff01ebea7b16347bf2e,T5.2.1
logical_seed_metric,202607162102,primary_sigma_0p040,0.25,1.0,identity_reference_logical_flip_rate,0.509765625,,,evaluator_only_not_physical_memory_ler,0ef9a6b26c0821a9af995caff634e7f016490aecbfd47ff01ebea7b16347bf2e,T5.2.1
logical_seed_metric,202607162102,primary_sigma_0p040,0.25,1.0,analytic_nearest_operation_failure_rate,0.5,,,evaluator_only_not_physical_memory_ler,0ef9a6b26c0821a9af995caff634e7f016490aecbfd47ff01ebea7b16347bf2e,T5.2.1
logical_seed_metric,202607162102,primary_sigma_0p040,0.28125,0.875,nearest_operation_logical_failure_rate,0.216796875,,,evaluator_only_not_physical_memory_ler,0ef9a6b26c0821a9af995caff634e7f016490aecbfd47ff01ebea7b16347bf2e,T5.2.1
logical_seed_metric,202607162102,primary_sigma_0p040,0.28125,0.875,identity_reference_logical_flip_rate,0.783203125,,,evaluator_only_not_physical_memory_ler,0ef9a6b26c0821a9af995caff634e7f016490aecbfd47ff01ebea7b16347bf2e,T5.2.1
logical_seed_metric,202607162102,primary_sigma_0p040,0.28125,0.875,analytic_nearest_operation_failure_rate,0.21732773567808567,,,evaluator_only_not_physical_memory_ler,0ef9a6b26c0821a9af995caff634e7f016490aecbfd47ff01ebea7b16347bf2e,T5.2.1
logical_seed_metric,202607162102,primary_sigma_0p040,0.3125,0.75,nearest_operation_logical_failure_rate,0.057861328125,,,evaluator_only_not_physical_memory_ler,0ef9a6b26c0821a9af995caff634e7f016490aecbfd47ff01ebea7b16347bf2e,T5.2.1
logical_seed_metric,202607162102,primary_sigma_0p040,0.3125,0.75,identity_reference_logical_flip_rate,0.942138671875,,,evaluator_only_not_physical_memory_ler,0ef9a6b26c0821a9af995caff634e7f016490aecbfd47ff01ebea7b16347bf2e,T5.2.1
logical_seed_metric,202607162102,primary_sigma_0p040,0.3125,0.75,analytic_nearest_operation_failure_rate,0.05908512293266757,,,evaluator_only_not_physical_memory_ler,0ef9a6b26c0821a9af995caff634e7f016490aecbfd47ff01ebea7b16347bf2e,T5.2.1
logical_seed_metric,202607162102,primary_sigma_0p040,0.34375,0.625,nearest_operation_logical_failure_rate,0.008056640625,,,evaluator_only_not_physical_memory_ler,0ef9a6b26c0821a9af995caff634e7f016490aecbfd47ff01ebea7b16347bf2e,T5.2.1
logical_seed_metric,202607162102,primary_sigma_0p040,0.34375,0.625,identity_reference_logical_flip_rate,0.991943359375,,,evaluator_only_not_physical_memory_ler,0ef9a6b26c0821a9af995caff634e7f016490aecbfd47ff01ebea7b16347bf2e,T5.2.1
logical_seed_metric,202607162102,primary_sigma_0p040,0.34375,0.625,analytic_nearest_operation_failure_rate,0.009545481536386161,,,evaluator_only_not_physical_memory_ler,0ef9a6b26c0821a9af995caff634e7f016490aecbfd47ff01ebea7b16347bf2e,T5.2.1
logical_seed_metric,202607162102,primary_sigma_0p040,0.375,0.5,nearest_operation_logical_failure_rate,0.00048828125,,,evaluator_only_not_physical_memory_ler,0ef9a6b26c0821a9af995caff634e7f016490aecbfd47ff01ebea7b16347bf2e,T5.2.1
logical_seed_metric,202607162102,primary_sigma_0p040,0.375,0.5,identity_reference_logical_flip_rate,0.99951171875,,,evaluator_only_not_physical_memory_ler,0ef9a6b26c0821a9af995caff634e7f016490aecbfd47ff01ebea7b16347bf2e,T5.2.1
logical_seed_metric,202607162102,primary_sigma_0p040,0.375,0.5,analytic_nearest_operation_failure_rate,0.0008890252991084335,,,evaluator_only_not_physical_memory_ler,0ef9a6b26c0821a9af995caff634e7f016490aecbfd47ff01ebea7b16347bf2e,T5.2.1
logical_seed_metric,202607162102,primary_sigma_0p040,0.40625,0.375,nearest_operation_logical_failure_rate,0.0,,,evaluator_only_not_physical_memory_ler,0ef9a6b26c0821a9af995caff634e7f016490aecbfd47ff01ebea7b16347bf2e,T5.2.1
logical_seed_metric,202607162102,primary_sigma_0p040,0.40625,0.375,identity_reference_logical_flip_rate,1.0,,,evaluator_only_not_physical_memory_ler,0ef9a6b26c0821a9af995caff634e7f016490aecbfd47ff01ebea7b16347bf2e,T5.2.1
logical_seed_metric,202607162102,primary_sigma_0p040,0.40625,0.375,analytic_nearest_operation_failure_rate,4.6869765016455317e-05,,,evaluator_only_not_physical_memory_ler,0ef9a6b26c0821a9af995caff634e7f016490aecbfd47ff01ebea7b16347bf2e,T5.2.1
logical_seed_metric,202607162102,primary_sigma_0p040,0.4375,0.25,nearest_operation_logical_failure_rate,0.0,,,evaluator_only_not_physical_memory_ler,0ef9a6b26c0821a9af995caff634e7f016490aecbfd47ff01ebea7b16347bf2e,T5.2.1
logical_seed_metric,202607162102,primary_sigma_0p040,0.4375,0.25,identity_reference_logical_flip_rate,1.0,,,evaluator_only_not_physical_memory_ler,0ef9a6b26c0821a9af995caff634e7f016490aecbfd47ff01ebea7b16347bf2e,T5.2.1
logical_seed_metric,202607162102,primary_sigma_0p040,0.4375,0.25,analytic_nearest_operation_failure_rate,1.3828135064100948e-06,,,evaluator_only_not_physical_memory_ler,0ef9a6b26c0821a9af995caff634e7f016490aecbfd47ff01ebea7b16347bf2e,T5.2.1
logical_seed_metric,202607162102,primary_sigma_0p040,0.46875,0.125,nearest_operation_logical_failure_rate,0.0,,,evaluator_only_not_physical_memory_ler,0ef9a6b26c0821a9af995caff634e7f016490aecbfd47ff01ebea7b16347bf2e,T5.2.1
logical_seed_metric,202607162102,primary_sigma_0p040,0.46875,0.125,identity_reference_logical_flip_rate,1.0,,,evaluator_only_not_physical_memory_ler,0ef9a6b26c0821a9af995caff634e7f016490aecbfd47ff01ebea7b16347bf2e,T5.2.1
logical_seed_metric,202607162102,primary_sigma_0p040,0.46875,0.125,analytic_nearest_operation_failure_rate,2.266102353349704e-08,,,evaluator_only_not_physical_memory_ler,0ef9a6b26c0821a9af995caff634e7f016490aecbfd47ff01ebea7b16347bf2e,T5.2.1
logical_seed_metric,202607162102,primary_sigma_0p040,0.5,0.0,nearest_operation_logical_failure_rate,0.0,,,evaluator_only_not_physical_memory_ler,0ef9a6b26c0821a9af995caff634e7f016490aecbfd47ff01ebea7b16347bf2e,T5.2.1
logical_seed_metric,202607162102,primary_sigma_0p040,0.5,0.0,identity_reference_logical_flip_rate,1.0,,,evaluator_only_not_physical_memory_ler,0ef9a6b26c0821a9af995caff634e7f016490aecbfd47ff01ebea7b16347bf2e,T5.2.1
logical_seed_metric,202607162102,primary_sigma_0p040,0.5,0.0,analytic_nearest_operation_failure_rate,2.052263425218952e-10,,,evaluator_only_not_physical_memory_ler,0ef9a6b26c0821a9af995caff634e7f016490aecbfd47ff01ebea7b16347bf2e,T5.2.1
logical_seed_metric,202607162102,confirmation_sigma_0p025,0.0,0.0,nearest_operation_logical_failure_rate,0.0,,,evaluator_only_not_physical_memory_ler,81623eaefb0c1780c14a58a9c6bdf5522e176893a8bbafc537723a6667502f7d,T5.2.1
logical_seed_metric,202607162102,confirmation_sigma_0p025,0.0,0.0,identity_reference_logical_flip_rate,0.0,,,evaluator_only_not_physical_memory_ler,81623eaefb0c1780c14a58a9c6bdf5522e176893a8bbafc537723a6667502f7d,T5.2.1
logical_seed_metric,202607162102,confirmation_sigma_0p025,0.0,0.0,analytic_nearest_operation_failure_rate,7.619853024160689e-24,,,evaluator_only_not_physical_memory_ler,81623eaefb0c1780c14a58a9c6bdf5522e176893a8bbafc537723a6667502f7d,T5.2.1
logical_seed_metric,202607162102,confirmation_sigma_0p025,0.03125,0.125,nearest_operation_logical_failure_rate,0.0,,,evaluator_only_not_physical_memory_ler,81623eaefb0c1780c14a58a9c6bdf5522e176893a8bbafc537723a6667502f7d,T5.2.1
logical_seed_metric,202607162102,confirmation_sigma_0p025,0.03125,0.125,identity_reference_logical_flip_rate,0.0,,,evaluator_only_not_physical_memory_ler,81623eaefb0c1780c14a58a9c6bdf5522e176893a8bbafc537723a6667502f7d,T5.2.1
logical_seed_metric,202607162102,confirmation_sigma_0p025,0.03125,0.125,analytic_nearest_operation_failure_rate,1.0667637375475064e-18,,,evaluator_only_not_physical_memory_ler,81623eaefb0c1780c14a58a9c6bdf5522e176893a8bbafc537723a6667502f7d,T5.2.1
logical_seed_metric,202607162102,confirmation_sigma_0p025,0.0625,0.25,nearest_operation_logical_failure_rate,0.0,,,evaluator_only_not_physical_memory_ler,81623eaefb0c1780c14a58a9c6bdf5522e176893a8bbafc537723a6667502f7d,T5.2.1
logical_seed_metric,202607162102,confirmation_sigma_0p025,0.0625,0.25,identity_reference_logical_flip_rate,0.0,,,evaluator_only_not_physical_memory_ler,81623eaefb0c1780c14a58a9c6bdf5522e176893a8bbafc537723a6667502f7d,T5.2.1
logical_seed_metric,202607162102,confirmation_sigma_0p025,0.0625,0.25,analytic_nearest_operation_failure_rate,3.19089167291092e-14,,,evaluator_only_not_physical_memory_ler,81623eaefb0c1780c14a58a9c6bdf5522e176893a8bbafc537723a6667502f7d,T5.2.1
logical_seed_metric,202607162102,confirmation_sigma_0p025,0.09375,0.375,nearest_operation_logical_failure_rate,0.0,,,evaluator_only_not_physical_memory_ler,81623eaefb0c1780c14a58a9c6bdf5522e176893a8bbafc537723a6667502f7d,T5.2.1
logical_seed_metric,202607162102,confirmation_sigma_0p025,0.09375,0.375,identity_reference_logical_flip_rate,0.0,,,evaluator_only_not_physical_memory_ler,81623eaefb0c1780c14a58a9c6bdf5522e176893a8bbafc537723a6667502f7d,T5.2.1
logical_seed_metric,202607162102,confirmation_sigma_0p025,0.09375,0.375,analytic_nearest_operation_failure_rate,2.052263425218952e-10,,,evaluator_only_not_physical_memory_ler,81623eaefb0c1780c14a58a9c6bdf5522e176893a8bbafc537723a6667502f7d,T5.2.1
logical_seed_metric,202607162102,confirmation_sigma_0p025,0.125,0.5,nearest_operation_logical_failure_rate,0.0,,,evaluator_only_not_physical_memory_ler,81623eaefb0c1780c14a58a9c6bdf5522e176893a8bbafc537723a6667502f7d,T5.2.1
logical_seed_metric,202607162102,confirmation_sigma_0p025,0.125,0.5,identity_reference_logical_flip_rate,0.0,,,evaluator_only_not_physical_memory_ler,81623eaefb0c1780c14a58a9c6bdf5522e176893a8bbafc537723a6667502f7d,T5.2.1
logical_seed_metric,202607162102,confirmation_sigma_0p025,0.125,0.5,analytic_nearest_operation_failure_rate,2.866515718791955e-07,,,evaluator_only_not_physical_memory_ler,81623eaefb0c1780c14a58a9c6bdf5522e176893a8bbafc537723a6667502f7d,T5.2.1
logical_seed_metric,202607162102,confirmation_sigma_0p025,0.15625,0.625,nearest_operation_logical_failure_rate,0.0,,,evaluator_only_not_physical_memory_ler,81623eaefb0c1780c14a58a9c6bdf5522e176893a8bbafc537723a6667502f7d,T5.2.1
logical_seed_metric,202607162102,confirmation_sigma_0p025,0.15625,0.625,identity_reference_logical_flip_rate,0.0,,,evaluator_only_not_physical_memory_ler,81623eaefb0c1780c14a58a9c6bdf5522e176893a8bbafc537723a6667502f7d,T5.2.1
logical_seed_metric,202607162102,confirmation_sigma_0p025,0.15625,0.625,analytic_nearest_operation_failure_rate,8.841728520080404e-05,,,evaluator_only_not_physical_memory_ler,81623eaefb0c1780c14a58a9c6bdf5522e176893a8bbafc537723a6667502f7d,T5.2.1
logical_seed_metric,202607162102,confirmation_sigma_0p025,0.1875,0.75,nearest_operation_logical_failure_rate,0.003662109375,,,evaluator_only_not_physical_memory_ler,81623eaefb0c1780c14a58a9c6bdf5522e176893a8bbafc537723a6667502f7d,T5.2.1
logical_seed_metric,202607162102,confirmation_sigma_0p025,0.1875,0.75,identity_reference_logical_flip_rate,0.003662109375,,,evaluator_only_not_physical_memory_ler,81623eaefb0c1780c14a58a9c6bdf5522e176893a8bbafc537723a6667502f7d,T5.2.1
logical_seed_metric,202607162102,confirmation_sigma_0p025,0.1875,0.75,analytic_nearest_operation_failure_rate,0.006209665325776144,,,evaluator_only_not_physical_memory_ler,81623eaefb0c1780c14a58a9c6bdf5522e176893a8bbafc537723a6667502f7d,T5.2.1
logical_seed_metric,202607162102,confirmation_sigma_0p025,0.21875,0.875,nearest_operation_logical_failure_rate,0.10546875,,,evaluator_only_not_physical_memory_ler,81623eaefb0c1780c14a58a9c6bdf5522e176893a8bbafc537723a6667502f7d,T5.2.1
logical_seed_metric,202607162102,confirmation_sigma_0p025,0.21875,0.875,identity_reference_logical_flip_rate,0.10546875,,,evaluator_only_not_physical_memory_ler,81623eaefb0c1780c14a58a9c6bdf5522e176893a8bbafc537723a6667502f7d,T5.2.1
logical_seed_metric,202607162102,confirmation_sigma_0p025,0.21875,0.875,analytic_nearest_operation_failure_rate,0.1056497736668553,,,evaluator_only_not_physical_memory_ler,81623eaefb0c1780c14a58a9c6bdf5522e176893a8bbafc537723a6667502f7d,T5.2.1
logical_seed_metric,202607162102,confirmation_sigma_0p025,0.25,1.0,nearest_operation_logical_failure_rate,0.50830078125,,,evaluator_only_not_physical_memory_ler,81623eaefb0c1780c14a58a9c6bdf5522e176893a8bbafc537723a6667502f7d,T5.2.1
logical_seed_metric,202607162102,confirmation_sigma_0p025,0.25,1.0,identity_reference_logical_flip_rate,0.49169921875,,,evaluator_only_not_physical_memory_ler,81623eaefb0c1780c14a58a9c6bdf5522e176893a8bbafc537723a6667502f7d,T5.2.1
logical_seed_metric,202607162102,confirmation_sigma_0p025,0.25,1.0,analytic_nearest_operation_failure_rate,0.5,,,evaluator_only_not_physical_memory_ler,81623eaefb0c1780c14a58a9c6bdf5522e176893a8bbafc537723a6667502f7d,T5.2.1
logical_seed_metric,202607162102,confirmation_sigma_0p025,0.28125,0.875,nearest_operation_logical_failure_rate,0.109619140625,,,evaluator_only_not_physical_memory_ler,81623eaefb0c1780c14a58a9c6bdf5522e176893a8bbafc537723a6667502f7d,T5.2.1
logical_seed_metric,202607162102,confirmation_sigma_0p025,0.28125,0.875,identity_reference_logical_flip_rate,0.890380859375,,,evaluator_only_not_physical_memory_ler,81623eaefb0c1780c14a58a9c6bdf5522e176893a8bbafc537723a6667502f7d,T5.2.1
logical_seed_metric,202607162102,confirmation_sigma_0p025,0.28125,0.875,analytic_nearest_operation_failure_rate,0.1056497736668553,,,evaluator_only_not_physical_memory_ler,81623eaefb0c1780c14a58a9c6bdf5522e176893a8bbafc537723a6667502f7d,T5.2.1
logical_seed_metric,202607162102,confirmation_sigma_0p025,0.3125,0.75,nearest_operation_logical_failure_rate,0.007568359375,,,evaluator_only_not_physical_memory_ler,81623eaefb0c1780c14a58a9c6bdf5522e176893a8bbafc537723a6667502f7d,T5.2.1
logical_seed_metric,202607162102,confirmation_sigma_0p025,0.3125,0.75,identity_reference_logical_flip_rate,0.992431640625,,,evaluator_only_not_physical_memory_ler,81623eaefb0c1780c14a58a9c6bdf5522e176893a8bbafc537723a6667502f7d,T5.2.1
logical_seed_metric,202607162102,confirmation_sigma_0p025,0.3125,0.75,analytic_nearest_operation_failure_rate,0.006209665325776144,,,evaluator_only_not_physical_memory_ler,81623eaefb0c1780c14a58a9c6bdf5522e176893a8bbafc537723a6667502f7d,T5.2.1
logical_seed_metric,202607162102,confirmation_sigma_0p025,0.34375,0.625,nearest_operation_logical_failure_rate,0.00048828125,,,evaluator_only_not_physical_memory_ler,81623eaefb0c1780c14a58a9c6bdf5522e176893a8bbafc537723a6667502f7d,T5.2.1
logical_seed_metric,202607162102,confirmation_sigma_0p025,0.34375,0.625,identity_reference_logical_flip_rate,0.99951171875,,,evaluator_only_not_physical_memory_ler,81623eaefb0c1780c14a58a9c6bdf5522e176893a8bbafc537723a6667502f7d,T5.2.1
logical_seed_metric,202607162102,confirmation_sigma_0p025,0.34375,0.625,analytic_nearest_operation_failure_rate,8.841728520080404e-05,,,evaluator_only_not_physical_memory_ler,81623eaefb0c1780c14a58a9c6bdf5522e176893a8bbafc537723a6667502f7d,T5.2.1
logical_seed_metric,202607162102,confirmation_sigma_0p025,0.375,0.5,nearest_operation_logical_failure_rate,0.0,,,evaluator_only_not_physical_memory_ler,81623eaefb0c1780c14a58a9c6bdf5522e176893a8bbafc537723a6667502f7d,T5.2.1
logical_seed_metric,202607162102,confirmation_sigma_0p025,0.375,0.5,identity_reference_logical_flip_rate,1.0,,,evaluator_only_not_physical_memory_ler,81623eaefb0c1780c14a58a9c6bdf5522e176893a8bbafc537723a6667502f7d,T5.2.1
logical_seed_metric,202607162102,confirmation_sigma_0p025,0.375,0.5,analytic_nearest_operation_failure_rate,2.866515718791955e-07,,,evaluator_only_not_physical_memory_ler,81623eaefb0c1780c14a58a9c6bdf5522e176893a8bbafc537723a6667502f7d,T5.2.1
logical_seed_metric,202607162102,confirmation_sigma_0p025,0.40625,0.375,nearest_operation_logical_failure_rate,0.0,,,evaluator_only_not_physical_memory_ler,81623eaefb0c1780c14a58a9c6bdf5522e176893a8bbafc537723a6667502f7d,T5.2.1
logical_seed_metric,202607162102,confirmation_sigma_0p025,0.40625,0.375,identity_reference_logical_flip_rate,1.0,,,evaluator_only_not_physical_memory_ler,81623eaefb0c1780c14a58a9c6bdf5522e176893a8bbafc537723a6667502f7d,T5.2.1
logical_seed_metric,202607162102,confirmation_sigma_0p025,0.40625,0.375,analytic_nearest_operation_failure_rate,2.052263425218952e-10,,,evaluator_only_not_physical_memory_ler,81623eaefb0c1780c14a58a9c6bdf5522e176893a8bbafc537723a6667502f7d,T5.2.1
logical_seed_metric,202607162102,confirmation_sigma_0p025,0.4375,0.25,nearest_operation_logical_failure_rate,0.0,,,evaluator_only_not_physical_memory_ler,81623eaefb0c1780c14a58a9c6bdf5522e176893a8bbafc537723a6667502f7d,T5.2.1
logical_seed_metric,202607162102,confirmation_sigma_0p025,0.4375,0.25,identity_reference_logical_flip_rate,1.0,,,evaluator_only_not_physical_memory_ler,81623eaefb0c1780c14a58a9c6bdf5522e176893a8bbafc537723a6667502f7d,T5.2.1
logical_seed_metric,202607162102,confirmation_sigma_0p025,0.4375,0.25,analytic_nearest_operation_failure_rate,3.19089167291092e-14,,,evaluator_only_not_physical_memory_ler,81623eaefb0c1780c14a58a9c6bdf5522e176893a8bbafc537723a6667502f7d,T5.2.1
logical_seed_metric,202607162102,confirmation_sigma_0p025,0.46875,0.125,nearest_operation_logical_failure_rate,0.0,,,evaluator_only_not_physical_memory_ler,81623eaefb0c1780c14a58a9c6bdf5522e176893a8bbafc537723a6667502f7d,T5.2.1
logical_seed_metric,202607162102,confirmation_sigma_0p025,0.46875,0.125,identity_reference_logical_flip_rate,1.0,,,evaluator_only_not_physical_memory_ler,81623eaefb0c1780c14a58a9c6bdf5522e176893a8bbafc537723a6667502f7d,T5.2.1
logical_seed_metric,202607162102,confirmation_sigma_0p025,0.46875,0.125,analytic_nearest_operation_failure_rate,1.0667637375475064e-18,,,evaluator_only_not_physical_memory_ler,81623eaefb0c1780c14a58a9c6bdf5522e176893a8bbafc537723a6667502f7d,T5.2.1
logical_seed_metric,202607162102,confirmation_sigma_0p025,0.5,0.0,nearest_operation_logical_failure_rate,0.0,,,evaluator_only_not_physical_memory_ler,81623eaefb0c1780c14a58a9c6bdf5522e176893a8bbafc537723a6667502f7d,T5.2.1
logical_seed_metric,202607162102,confirmation_sigma_0p025,0.5,0.0,identity_reference_logical_flip_rate,1.0,,,evaluator_only_not_physical_memory_ler,81623eaefb0c1780c14a58a9c6bdf5522e176893a8bbafc537723a6667502f7d,T5.2.1
logical_seed_metric,202607162102,confirmation_sigma_0p025,0.5,0.0,analytic_nearest_operation_failure_rate,7.619853024160689e-24,,,evaluator_only_not_physical_memory_ler,81623eaefb0c1780c14a58a9c6bdf5522e176893a8bbafc537723a6667502f7d,T5.2.1
logical_seed_metric,202607162103,primary_sigma_0p040,0.0,0.0,nearest_operation_logical_failure_rate,0.0,,,evaluator_only_not_physical_memory_ler,6a482260c1f980dae95ab962ffb476a2a224f0d9ee889e4996b2ba6c5dd5f40d,T5.2.1
logical_seed_metric,202607162103,primary_sigma_0p040,0.0,0.0,identity_reference_logical_flip_rate,0.0,,,evaluator_only_not_physical_memory_ler,6a482260c1f980dae95ab962ffb476a2a224f0d9ee889e4996b2ba6c5dd5f40d,T5.2.1
logical_seed_metric,202607162103,primary_sigma_0p040,0.0,0.0,analytic_nearest_operation_failure_rate,2.052263425218952e-10,,,evaluator_only_not_physical_memory_ler,6a482260c1f980dae95ab962ffb476a2a224f0d9ee889e4996b2ba6c5dd5f40d,T5.2.1
logical_seed_metric,202607162103,primary_sigma_0p040,0.03125,0.125,nearest_operation_logical_failure_rate,0.0,,,evaluator_only_not_physical_memory_ler,6a482260c1f980dae95ab962ffb476a2a224f0d9ee889e4996b2ba6c5dd5f40d,T5.2.1
logical_seed_metric,202607162103,primary_sigma_0p040,0.03125,0.125,identity_reference_logical_flip_rate,0.0,,,evaluator_only_not_physical_memory_ler,6a482260c1f980dae95ab962ffb476a2a224f0d9ee889e4996b2ba6c5dd5f40d,T5.2.1
logical_seed_metric,202607162103,primary_sigma_0p040,0.03125,0.125,analytic_nearest_operation_failure_rate,2.266102353349704e-08,,,evaluator_only_not_physical_memory_ler,6a482260c1f980dae95ab962ffb476a2a224f0d9ee889e4996b2ba6c5dd5f40d,T5.2.1
logical_seed_metric,202607162103,primary_sigma_0p040,0.0625,0.25,nearest_operation_logical_failure_rate,0.0,,,evaluator_only_not_physical_memory_ler,6a482260c1f980dae95ab962ffb476a2a224f0d9ee889e4996b2ba6c5dd5f40d,T5.2.1
logical_seed_metric,202607162103,primary_sigma_0p040,0.0625,0.25,identity_reference_logical_flip_rate,0.0,,,evaluator_only_not_physical_memory_ler,6a482260c1f980dae95ab962ffb476a2a224f0d9ee889e4996b2ba6c5dd5f40d,T5.2.1
logical_seed_metric,202607162103,primary_sigma_0p040,0.0625,0.25,analytic_nearest_operation_failure_rate,1.3828135064100948e-06,,,evaluator_only_not_physical_memory_ler,6a482260c1f980dae95ab962ffb476a2a224f0d9ee889e4996b2ba6c5dd5f40d,T5.2.1
logical_seed_metric,202607162103,primary_sigma_0p040,0.09375,0.375,nearest_operation_logical_failure_rate,0.00048828125,,,evaluator_only_not_physical_memory_ler,6a482260c1f980dae95ab962ffb476a2a224f0d9ee889e4996b2ba6c5dd5f40d,T5.2.1
logical_seed_metric,202607162103,primary_sigma_0p040,0.09375,0.375,identity_reference_logical_flip_rate,0.00048828125,,,evaluator_only_not_physical_memory_ler,6a482260c1f980dae95ab962ffb476a2a224f0d9ee889e4996b2ba6c5dd5f40d,T5.2.1
logical_seed_metric,202607162103,primary_sigma_0p040,0.09375,0.375,analytic_nearest_operation_failure_rate,4.6869765016455317e-05,,,evaluator_only_not_physical_memory_ler,6a482260c1f980dae95ab962ffb476a2a224f0d9ee889e4996b2ba6c5dd5f40d,T5.2.1
logical_seed_metric,202607162103,primary_sigma_0p040,0.125,0.5,nearest_operation_logical_failure_rate,0.001708984375,,,evaluator_only_not_physical_memory_ler,6a482260c1f980dae95ab962ffb476a2a224f0d9ee889e4996b2ba6c5dd5f40d,T5.2.1
logical_seed_metric,202607162103,primary_sigma_0p040,0.125,0.5,identity_reference_logical_flip_rate,0.001708984375,,,evaluator_only_not_physical_memory_ler,6a482260c1f980dae95ab962ffb476a2a224f0d9ee889e4996b2ba6c5dd5f40d,T5.2.1
logical_seed_metric,202607162103,primary_sigma_0p040,0.125,0.5,analytic_nearest_operation_failure_rate,0.0008890252991084335,,,evaluator_only_not_physical_memory_ler,6a482260c1f980dae95ab962ffb476a2a224f0d9ee889e4996b2ba6c5dd5f40d,T5.2.1
logical_seed_metric,202607162103,primary_sigma_0p040,0.15625,0.625,nearest_operation_logical_failure_rate,0.012451171875,,,evaluator_only_not_physical_memory_ler,6a482260c1f980dae95ab962ffb476a2a224f0d9ee889e4996b2ba6c5dd5f40d,T5.2.1
logical_seed_metric,202607162103,primary_sigma_0p040,0.15625,0.625,identity_reference_logical_flip_rate,0.012451171875,,,evaluator_only_not_physical_memory_ler,6a482260c1f980dae95ab962ffb476a2a224f0d9ee889e4996b2ba6c5dd5f40d,T5.2.1
logical_seed_metric,202607162103,primary_sigma_0p040,0.15625,0.625,analytic_nearest_operation_failure_rate,0.009545481536386161,,,evaluator_only_not_physical_memory_ler,6a482260c1f980dae95ab962ffb476a2a224f0d9ee889e4996b2ba6c5dd5f40d,T5.2.1
logical_seed_metric,202607162103,primary_sigma_0p040,0.1875,0.75,nearest_operation_logical_failure_rate,0.06591796875,,,evaluator_only_not_physical_memory_ler,6a482260c1f980dae95ab962ffb476a2a224f0d9ee889e4996b2ba6c5dd5f40d,T5.2.1
logical_seed_metric,202607162103,primary_sigma_0p040,0.1875,0.75,identity_reference_logical_flip_rate,0.06591796875,,,evaluator_only_not_physical_memory_ler,6a482260c1f980dae95ab962ffb476a2a224f0d9ee889e4996b2ba6c5dd5f40d,T5.2.1
logical_seed_metric,202607162103,primary_sigma_0p040,0.1875,0.75,analytic_nearest_operation_failure_rate,0.05908512293266757,,,evaluator_only_not_physical_memory_ler,6a482260c1f980dae95ab962ffb476a2a224f0d9ee889e4996b2ba6c5dd5f40d,T5.2.1
logical_seed_metric,202607162103,primary_sigma_0p040,0.21875,0.875,nearest_operation_logical_failure_rate,0.22216796875,,,evaluator_only_not_physical_memory_ler,6a482260c1f980dae95ab962ffb476a2a224f0d9ee889e4996b2ba6c5dd5f40d,T5.2.1
logical_seed_metric,202607162103,primary_sigma_0p040,0.21875,0.875,identity_reference_logical_flip_rate,0.22216796875,,,evaluator_only_not_physical_memory_ler,6a482260c1f980dae95ab962ffb476a2a224f0d9ee889e4996b2ba6c5dd5f40d,T5.2.1
logical_seed_metric,202607162103,primary_sigma_0p040,0.21875,0.875,analytic_nearest_operation_failure_rate,0.21732773567808567,,,evaluator_only_not_physical_memory_ler,6a482260c1f980dae95ab962ffb476a2a224f0d9ee889e4996b2ba6c5dd5f40d,T5.2.1
logical_seed_metric,202607162103,primary_sigma_0p040,0.25,1.0,nearest_operation_logical_failure_rate,0.487548828125,,,evaluator_only_not_physical_memory_ler,6a482260c1f980dae95ab962ffb476a2a224f0d9ee889e4996b2ba6c5dd5f40d,T5.2.1
logical_seed_metric,202607162103,primary_sigma_0p040,0.25,1.0,identity_reference_logical_flip_rate,0.512451171875,,,evaluator_only_not_physical_memory_ler,6a482260c1f980dae95ab962ffb476a2a224f0d9ee889e4996b2ba6c5dd5f40d,T5.2.1
logical_seed_metric,202607162103,primary_sigma_0p040,0.25,1.0,analytic_nearest_operation_failure_rate,0.5,,,evaluator_only_not_physical_memory_ler,6a482260c1f980dae95ab962ffb476a2a224f0d9ee889e4996b2ba6c5dd5f40d,T5.2.1
logical_seed_metric,202607162103,primary_sigma_0p040,0.28125,0.875,nearest_operation_logical_failure_rate,0.2119140625,,,evaluator_only_not_physical_memory_ler,6a482260c1f980dae95ab962ffb476a2a224f0d9ee889e4996b2ba6c5dd5f40d,T5.2.1
logical_seed_metric,202607162103,primary_sigma_0p040,0.28125,0.875,identity_reference_logical_flip_rate,0.7880859375,,,evaluator_only_not_physical_memory_ler,6a482260c1f980dae95ab962ffb476a2a224f0d9ee889e4996b2ba6c5dd5f40d,T5.2.1
logical_seed_metric,202607162103,primary_sigma_0p040,0.28125,0.875,analytic_nearest_operation_failure_rate,0.21732773567808567,,,evaluator_only_not_physical_memory_ler,6a482260c1f980dae95ab962ffb476a2a224f0d9ee889e4996b2ba6c5dd5f40d,T5.2.1
logical_seed_metric,202607162103,primary_sigma_0p040,0.3125,0.75,nearest_operation_logical_failure_rate,0.059814453125,,,evaluator_only_not_physical_memory_ler,6a482260c1f980dae95ab962ffb476a2a224f0d9ee889e4996b2ba6c5dd5f40d,T5.2.1
logical_seed_metric,202607162103,primary_sigma_0p040,0.3125,0.75,identity_reference_logical_flip_rate,0.940185546875,,,evaluator_only_not_physical_memory_ler,6a482260c1f980dae95ab962ffb476a2a224f0d9ee889e4996b2ba6c5dd5f40d,T5.2.1
logical_seed_metric,202607162103,primary_sigma_0p040,0.3125,0.75,analytic_nearest_operation_failure_rate,0.05908512293266757,,,evaluator_only_not_physical_memory_ler,6a482260c1f980dae95ab962ffb476a2a224f0d9ee889e4996b2ba6c5dd5f40d,T5.2.1
logical_seed_metric,202607162103,primary_sigma_0p040,0.34375,0.625,nearest_operation_logical_failure_rate,0.00927734375,,,evaluator_only_not_physical_memory_ler,6a482260c1f980dae95ab962ffb476a2a224f0d9ee889e4996b2ba6c5dd5f40d,T5.2.1
logical_seed_metric,202607162103,primary_sigma_0p040,0.34375,0.625,identity_reference_logical_flip_rate,0.99072265625,,,evaluator_only_not_physical_memory_ler,6a482260c1f980dae95ab962ffb476a2a224f0d9ee889e4996b2ba6c5dd5f40d,T5.2.1
logical_seed_metric,202607162103,primary_sigma_0p040,0.34375,0.625,analytic_nearest_operation_failure_rate,0.009545481536386161,,,evaluator_only_not_physical_memory_ler,6a482260c1f980dae95ab962ffb476a2a224f0d9ee889e4996b2ba6c5dd5f40d,T5.2.1
logical_seed_metric,202607162103,primary_sigma_0p040,0.375,0.5,nearest_operation_logical_failure_rate,0.000732421875,,,evaluator_only_not_physical_memory_ler,6a482260c1f980dae95ab962ffb476a2a224f0d9ee889e4996b2ba6c5dd5f40d,T5.2.1
logical_seed_metric,202607162103,primary_sigma_0p040,0.375,0.5,identity_reference_logical_flip_rate,0.999267578125,,,evaluator_only_not_physical_memory_ler,6a482260c1f980dae95ab962ffb476a2a224f0d9ee889e4996b2ba6c5dd5f40d,T5.2.1
logical_seed_metric,202607162103,primary_sigma_0p040,0.375,0.5,analytic_nearest_operation_failure_rate,0.0008890252991084335,,,evaluator_only_not_physical_memory_ler,6a482260c1f980dae95ab962ffb476a2a224f0d9ee889e4996b2ba6c5dd5f40d,T5.2.1
logical_seed_metric,202607162103,primary_sigma_0p040,0.40625,0.375,nearest_operation_logical_failure_rate,0.0,,,evaluator_only_not_physical_memory_ler,6a482260c1f980dae95ab962ffb476a2a224f0d9ee889e4996b2ba6c5dd5f40d,T5.2.1
logical_seed_metric,202607162103,primary_sigma_0p040,0.40625,0.375,identity_reference_logical_flip_rate,1.0,,,evaluator_only_not_physical_memory_ler,6a482260c1f980dae95ab962ffb476a2a224f0d9ee889e4996b2ba6c5dd5f40d,T5.2.1
logical_seed_metric,202607162103,primary_sigma_0p040,0.40625,0.375,analytic_nearest_operation_failure_rate,4.6869765016455317e-05,,,evaluator_only_not_physical_memory_ler,6a482260c1f980dae95ab962ffb476a2a224f0d9ee889e4996b2ba6c5dd5f40d,T5.2.1
logical_seed_metric,202607162103,primary_sigma_0p040,0.4375,0.25,nearest_operation_logical_failure_rate,0.0,,,evaluator_only_not_physical_memory_ler,6a482260c1f980dae95ab962ffb476a2a224f0d9ee889e4996b2ba6c5dd5f40d,T5.2.1
logical_seed_metric,202607162103,primary_sigma_0p040,0.4375,0.25,identity_reference_logical_flip_rate,1.0,,,evaluator_only_not_physical_memory_ler,6a482260c1f980dae95ab962ffb476a2a224f0d9ee889e4996b2ba6c5dd5f40d,T5.2.1
logical_seed_metric,202607162103,primary_sigma_0p040,0.4375,0.25,analytic_nearest_operation_failure_rate,1.3828135064100948e-06,,,evaluator_only_not_physical_memory_ler,6a482260c1f980dae95ab962ffb476a2a224f0d9ee889e4996b2ba6c5dd5f40d,T5.2.1
logical_seed_metric,202607162103,primary_sigma_0p040,0.46875,0.125,nearest_operation_logical_failure_rate,0.0,,,evaluator_only_not_physical_memory_ler,6a482260c1f980dae95ab962ffb476a2a224f0d9ee889e4996b2ba6c5dd5f40d,T5.2.1
logical_seed_metric,202607162103,primary_sigma_0p040,0.46875,0.125,identity_reference_logical_flip_rate,1.0,,,evaluator_only_not_physical_memory_ler,6a482260c1f980dae95ab962ffb476a2a224f0d9ee889e4996b2ba6c5dd5f40d,T5.2.1
logical_seed_metric,202607162103,primary_sigma_0p040,0.46875,0.125,analytic_nearest_operation_failure_rate,2.266102353349704e-08,,,evaluator_only_not_physical_memory_ler,6a482260c1f980dae95ab962ffb476a2a224f0d9ee889e4996b2ba6c5dd5f40d,T5.2.1
logical_seed_metric,202607162103,primary_sigma_0p040,0.5,0.0,nearest_operation_logical_failure_rate,0.0,,,evaluator_only_not_physical_memory_ler,6a482260c1f980dae95ab962ffb476a2a224f0d9ee889e4996b2ba6c5dd5f40d,T5.2.1
logical_seed_metric,202607162103,primary_sigma_0p040,0.5,0.0,identity_reference_logical_flip_rate,1.0,,,evaluator_only_not_physical_memory_ler,6a482260c1f980dae95ab962ffb476a2a224f0d9ee889e4996b2ba6c5dd5f40d,T5.2.1
logical_seed_metric,202607162103,primary_sigma_0p040,0.5,0.0,analytic_nearest_operation_failure_rate,2.052263425218952e-10,,,evaluator_only_not_physical_memory_ler,6a482260c1f980dae95ab962ffb476a2a224f0d9ee889e4996b2ba6c5dd5f40d,T5.2.1
logical_seed_metric,202607162103,confirmation_sigma_0p025,0.0,0.0,nearest_operation_logical_failure_rate,0.0,,,evaluator_only_not_physical_memory_ler,77088f2c99015eee019ada11cf0851de63127e18fd88b5899edffa02fd5f41cc,T5.2.1
logical_seed_metric,202607162103,confirmation_sigma_0p025,0.0,0.0,identity_reference_logical_flip_rate,0.0,,,evaluator_only_not_physical_memory_ler,77088f2c99015eee019ada11cf0851de63127e18fd88b5899edffa02fd5f41cc,T5.2.1
logical_seed_metric,202607162103,confirmation_sigma_0p025,0.0,0.0,analytic_nearest_operation_failure_rate,7.619853024160689e-24,,,evaluator_only_not_physical_memory_ler,77088f2c99015eee019ada11cf0851de63127e18fd88b5899edffa02fd5f41cc,T5.2.1
logical_seed_metric,202607162103,confirmation_sigma_0p025,0.03125,0.125,nearest_operation_logical_failure_rate,0.0,,,evaluator_only_not_physical_memory_ler,77088f2c99015eee019ada11cf0851de63127e18fd88b5899edffa02fd5f41cc,T5.2.1
logical_seed_metric,202607162103,confirmation_sigma_0p025,0.03125,0.125,identity_reference_logical_flip_rate,0.0,,,evaluator_only_not_physical_memory_ler,77088f2c99015eee019ada11cf0851de63127e18fd88b5899edffa02fd5f41cc,T5.2.1
logical_seed_metric,202607162103,confirmation_sigma_0p025,0.03125,0.125,analytic_nearest_operation_failure_rate,1.0667637375475064e-18,,,evaluator_only_not_physical_memory_ler,77088f2c99015eee019ada11cf0851de63127e18fd88b5899edffa02fd5f41cc,T5.2.1
logical_seed_metric,202607162103,confirmation_sigma_0p025,0.0625,0.25,nearest_operation_logical_failure_rate,0.0,,,evaluator_only_not_physical_memory_ler,77088f2c99015eee019ada11cf0851de63127e18fd88b5899edffa02fd5f41cc,T5.2.1
logical_seed_metric,202607162103,confirmation_sigma_0p025,0.0625,0.25,identity_reference_logical_flip_rate,0.0,,,evaluator_only_not_physical_memory_ler,77088f2c99015eee019ada11cf0851de63127e18fd88b5899edffa02fd5f41cc,T5.2.1
logical_seed_metric,202607162103,confirmation_sigma_0p025,0.0625,0.25,analytic_nearest_operation_failure_rate,3.19089167291092e-14,,,evaluator_only_not_physical_memory_ler,77088f2c99015eee019ada11cf0851de63127e18fd88b5899edffa02fd5f41cc,T5.2.1
logical_seed_metric,202607162103,confirmation_sigma_0p025,0.09375,0.375,nearest_operation_logical_failure_rate,0.0,,,evaluator_only_not_physical_memory_ler,77088f2c99015eee019ada11cf0851de63127e18fd88b5899edffa02fd5f41cc,T5.2.1
logical_seed_metric,202607162103,confirmation_sigma_0p025,0.09375,0.375,identity_reference_logical_flip_rate,0.0,,,evaluator_only_not_physical_memory_ler,77088f2c99015eee019ada11cf0851de63127e18fd88b5899edffa02fd5f41cc,T5.2.1
logical_seed_metric,202607162103,confirmation_sigma_0p025,0.09375,0.375,analytic_nearest_operation_failure_rate,2.052263425218952e-10,,,evaluator_only_not_physical_memory_ler,77088f2c99015eee019ada11cf0851de63127e18fd88b5899edffa02fd5f41cc,T5.2.1
logical_seed_metric,202607162103,confirmation_sigma_0p025,0.125,0.5,nearest_operation_logical_failure_rate,0.0,,,evaluator_only_not_physical_memory_ler,77088f2c99015eee019ada11cf0851de63127e18fd88b5899edffa02fd5f41cc,T5.2.1
logical_seed_metric,202607162103,confirmation_sigma_0p025,0.125,0.5,identity_reference_logical_flip_rate,0.0,,,evaluator_only_not_physical_memory_ler,77088f2c99015eee019ada11cf0851de63127e18fd88b5899edffa02fd5f41cc,T5.2.1
logical_seed_metric,202607162103,confirmation_sigma_0p025,0.125,0.5,analytic_nearest_operation_failure_rate,2.866515718791955e-07,,,evaluator_only_not_physical_memory_ler,77088f2c99015eee019ada11cf0851de63127e18fd88b5899edffa02fd5f41cc,T5.2.1
logical_seed_metric,202607162103,confirmation_sigma_0p025,0.15625,0.625,nearest_operation_logical_failure_rate,0.000244140625,,,evaluator_only_not_physical_memory_ler,77088f2c99015eee019ada11cf0851de63127e18fd88b5899edffa02fd5f41cc,T5.2.1
logical_seed_metric,202607162103,confirmation_sigma_0p025,0.15625,0.625,identity_reference_logical_flip_rate,0.000244140625,,,evaluator_only_not_physical_memory_ler,77088f2c99015eee019ada11cf0851de63127e18fd88b5899edffa02fd5f41cc,T5.2.1
logical_seed_metric,202607162103,confirmation_sigma_0p025,0.15625,0.625,analytic_nearest_operation_failure_rate,8.841728520080404e-05,,,evaluator_only_not_physical_memory_ler,77088f2c99015eee019ada11cf0851de63127e18fd88b5899edffa02fd5f41cc,T5.2.1
logical_seed_metric,202607162103,confirmation_sigma_0p025,0.1875,0.75,nearest_operation_logical_failure_rate,0.0068359375,,,evaluator_only_not_physical_memory_ler,77088f2c99015eee019ada11cf0851de63127e18fd88b5899edffa02fd5f41cc,T5.2.1
logical_seed_metric,202607162103,confirmation_sigma_0p025,0.1875,0.75,identity_reference_logical_flip_rate,0.0068359375,,,evaluator_only_not_physical_memory_ler,77088f2c99015eee019ada11cf0851de63127e18fd88b5899edffa02fd5f41cc,T5.2.1
logical_seed_metric,202607162103,confirmation_sigma_0p025,0.1875,0.75,analytic_nearest_operation_failure_rate,0.006209665325776144,,,evaluator_only_not_physical_memory_ler,77088f2c99015eee019ada11cf0851de63127e18fd88b5899edffa02fd5f41cc,T5.2.1
logical_seed_metric,202607162103,confirmation_sigma_0p025,0.21875,0.875,nearest_operation_logical_failure_rate,0.109375,,,evaluator_only_not_physical_memory_ler,77088f2c99015eee019ada11cf0851de63127e18fd88b5899edffa02fd5f41cc,T5.2.1
logical_seed_metric,202607162103,confirmation_sigma_0p025,0.21875,0.875,identity_reference_logical_flip_rate,0.109375,,,evaluator_only_not_physical_memory_ler,77088f2c99015eee019ada11cf0851de63127e18fd88b5899edffa02fd5f41cc,T5.2.1
logical_seed_metric,202607162103,confirmation_sigma_0p025,0.21875,0.875,analytic_nearest_operation_failure_rate,0.1056497736668553,,,evaluator_only_not_physical_memory_ler,77088f2c99015eee019ada11cf0851de63127e18fd88b5899edffa02fd5f41cc,T5.2.1
logical_seed_metric,202607162103,confirmation_sigma_0p025,0.25,1.0,nearest_operation_logical_failure_rate,0.4970703125,,,evaluator_only_not_physical_memory_ler,77088f2c99015eee019ada11cf0851de63127e18fd88b5899edffa02fd5f41cc,T5.2.1
logical_seed_metric,202607162103,confirmation_sigma_0p025,0.25,1.0,identity_reference_logical_flip_rate,0.5029296875,,,evaluator_only_not_physical_memory_ler,77088f2c99015eee019ada11cf0851de63127e18fd88b5899edffa02fd5f41cc,T5.2.1
logical_seed_metric,202607162103,confirmation_sigma_0p025,0.25,1.0,analytic_nearest_operation_failure_rate,0.5,,,evaluator_only_not_physical_memory_ler,77088f2c99015eee019ada11cf0851de63127e18fd88b5899edffa02fd5f41cc,T5.2.1
logical_seed_metric,202607162103,confirmation_sigma_0p025,0.28125,0.875,nearest_operation_logical_failure_rate,0.1025390625,,,evaluator_only_not_physical_memory_ler,77088f2c99015eee019ada11cf0851de63127e18fd88b5899edffa02fd5f41cc,T5.2.1
logical_seed_metric,202607162103,confirmation_sigma_0p025,0.28125,0.875,identity_reference_logical_flip_rate,0.8974609375,,,evaluator_only_not_physical_memory_ler,77088f2c99015eee019ada11cf0851de63127e18fd88b5899edffa02fd5f41cc,T5.2.1
logical_seed_metric,202607162103,confirmation_sigma_0p025,0.28125,0.875,analytic_nearest_operation_failure_rate,0.1056497736668553,,,evaluator_only_not_physical_memory_ler,77088f2c99015eee019ada11cf0851de63127e18fd88b5899edffa02fd5f41cc,T5.2.1
logical_seed_metric,202607162103,confirmation_sigma_0p025,0.3125,0.75,nearest_operation_logical_failure_rate,0.0048828125,,,evaluator_only_not_physical_memory_ler,77088f2c99015eee019ada11cf0851de63127e18fd88b5899edffa02fd5f41cc,T5.2.1
logical_seed_metric,202607162103,confirmation_sigma_0p025,0.3125,0.75,identity_reference_logical_flip_rate,0.9951171875,,,evaluator_only_not_physical_memory_ler,77088f2c99015eee019ada11cf0851de63127e18fd88b5899edffa02fd5f41cc,T5.2.1
logical_seed_metric,202607162103,confirmation_sigma_0p025,0.3125,0.75,analytic_nearest_operation_failure_rate,0.006209665325776144,,,evaluator_only_not_physical_memory_ler,77088f2c99015eee019ada11cf0851de63127e18fd88b5899edffa02fd5f41cc,T5.2.1
logical_seed_metric,202607162103,confirmation_sigma_0p025,0.34375,0.625,nearest_operation_logical_failure_rate,0.0,,,evaluator_only_not_physical_memory_ler,77088f2c99015eee019ada11cf0851de63127e18fd88b5899edffa02fd5f41cc,T5.2.1
logical_seed_metric,202607162103,confirmation_sigma_0p025,0.34375,0.625,identity_reference_logical_flip_rate,1.0,,,evaluator_only_not_physical_memory_ler,77088f2c99015eee019ada11cf0851de63127e18fd88b5899edffa02fd5f41cc,T5.2.1
logical_seed_metric,202607162103,confirmation_sigma_0p025,0.34375,0.625,analytic_nearest_operation_failure_rate,8.841728520080404e-05,,,evaluator_only_not_physical_memory_ler,77088f2c99015eee019ada11cf0851de63127e18fd88b5899edffa02fd5f41cc,T5.2.1
logical_seed_metric,202607162103,confirmation_sigma_0p025,0.375,0.5,nearest_operation_logical_failure_rate,0.0,,,evaluator_only_not_physical_memory_ler,77088f2c99015eee019ada11cf0851de63127e18fd88b5899edffa02fd5f41cc,T5.2.1
logical_seed_metric,202607162103,confirmation_sigma_0p025,0.375,0.5,identity_reference_logical_flip_rate,1.0,,,evaluator_only_not_physical_memory_ler,77088f2c99015eee019ada11cf0851de63127e18fd88b5899edffa02fd5f41cc,T5.2.1
logical_seed_metric,202607162103,confirmation_sigma_0p025,0.375,0.5,analytic_nearest_operation_failure_rate,2.866515718791955e-07,,,evaluator_only_not_physical_memory_ler,77088f2c99015eee019ada11cf0851de63127e18fd88b5899edffa02fd5f41cc,T5.2.1
logical_seed_metric,202607162103,confirmation_sigma_0p025,0.40625,0.375,nearest_operation_logical_failure_rate,0.0,,,evaluator_only_not_physical_memory_ler,77088f2c99015eee019ada11cf0851de63127e18fd88b5899edffa02fd5f41cc,T5.2.1
logical_seed_metric,202607162103,confirmation_sigma_0p025,0.40625,0.375,identity_reference_logical_flip_rate,1.0,,,evaluator_only_not_physical_memory_ler,77088f2c99015eee019ada11cf0851de63127e18fd88b5899edffa02fd5f41cc,T5.2.1
logical_seed_metric,202607162103,confirmation_sigma_0p025,0.40625,0.375,analytic_nearest_operation_failure_rate,2.052263425218952e-10,,,evaluator_only_not_physical_memory_ler,77088f2c99015eee019ada11cf0851de63127e18fd88b5899edffa02fd5f41cc,T5.2.1
logical_seed_metric,202607162103,confirmation_sigma_0p025,0.4375,0.25,nearest_operation_logical_failure_rate,0.0,,,evaluator_only_not_physical_memory_ler,77088f2c99015eee019ada11cf0851de63127e18fd88b5899edffa02fd5f41cc,T5.2.1
logical_seed_metric,202607162103,confirmation_sigma_0p025,0.4375,0.25,identity_reference_logical_flip_rate,1.0,,,evaluator_only_not_physical_memory_ler,77088f2c99015eee019ada11cf0851de63127e18fd88b5899edffa02fd5f41cc,T5.2.1
logical_seed_metric,202607162103,confirmation_sigma_0p025,0.4375,0.25,analytic_nearest_operation_failure_rate,3.19089167291092e-14,,,evaluator_only_not_physical_memory_ler,77088f2c99015eee019ada11cf0851de63127e18fd88b5899edffa02fd5f41cc,T5.2.1
logical_seed_metric,202607162103,confirmation_sigma_0p025,0.46875,0.125,nearest_operation_logical_failure_rate,0.0,,,evaluator_only_not_physical_memory_ler,77088f2c99015eee019ada11cf0851de63127e18fd88b5899edffa02fd5f41cc,T5.2.1
logical_seed_metric,202607162103,confirmation_sigma_0p025,0.46875,0.125,identity_reference_logical_flip_rate,1.0,,,evaluator_only_not_physical_memory_ler,77088f2c99015eee019ada11cf0851de63127e18fd88b5899edffa02fd5f41cc,T5.2.1
logical_seed_metric,202607162103,confirmation_sigma_0p025,0.46875,0.125,analytic_nearest_operation_failure_rate,1.0667637375475064e-18,,,evaluator_only_not_physical_memory_ler,77088f2c99015eee019ada11cf0851de63127e18fd88b5899edffa02fd5f41cc,T5.2.1
logical_seed_metric,202607162103,confirmation_sigma_0p025,0.5,0.0,nearest_operation_logical_failure_rate,0.0,,,evaluator_only_not_physical_memory_ler,77088f2c99015eee019ada11cf0851de63127e18fd88b5899edffa02fd5f41cc,T5.2.1
logical_seed_metric,202607162103,confirmation_sigma_0p025,0.5,0.0,identity_reference_logical_flip_rate,1.0,,,evaluator_only_not_physical_memory_ler,77088f2c99015eee019ada11cf0851de63127e18fd88b5899edffa02fd5f41cc,T5.2.1
logical_seed_metric,202607162103,confirmation_sigma_0p025,0.5,0.0,analytic_nearest_operation_failure_rate,7.619853024160689e-24,,,evaluator_only_not_physical_memory_ler,77088f2c99015eee019ada11cf0851de63127e18fd88b5899edffa02fd5f41cc,T5.2.1
logical_seed_metric,202607162104,primary_sigma_0p040,0.0,0.0,nearest_operation_logical_failure_rate,0.0,,,evaluator_only_not_physical_memory_ler,51a7dcfaf37ce7356a06ea955d4a1a86c956b2089fd899feede56f155197d2d6,T5.2.1
logical_seed_metric,202607162104,primary_sigma_0p040,0.0,0.0,identity_reference_logical_flip_rate,0.0,,,evaluator_only_not_physical_memory_ler,51a7dcfaf37ce7356a06ea955d4a1a86c956b2089fd899feede56f155197d2d6,T5.2.1
logical_seed_metric,202607162104,primary_sigma_0p040,0.0,0.0,analytic_nearest_operation_failure_rate,2.052263425218952e-10,,,evaluator_only_not_physical_memory_ler,51a7dcfaf37ce7356a06ea955d4a1a86c956b2089fd899feede56f155197d2d6,T5.2.1
logical_seed_metric,202607162104,primary_sigma_0p040,0.03125,0.125,nearest_operation_logical_failure_rate,0.0,,,evaluator_only_not_physical_memory_ler,51a7dcfaf37ce7356a06ea955d4a1a86c956b2089fd899feede56f155197d2d6,T5.2.1
logical_seed_metric,202607162104,primary_sigma_0p040,0.03125,0.125,identity_reference_logical_flip_rate,0.0,,,evaluator_only_not_physical_memory_ler,51a7dcfaf37ce7356a06ea955d4a1a86c956b2089fd899feede56f155197d2d6,T5.2.1
logical_seed_metric,202607162104,primary_sigma_0p040,0.03125,0.125,analytic_nearest_operation_failure_rate,2.266102353349704e-08,,,evaluator_only_not_physical_memory_ler,51a7dcfaf37ce7356a06ea955d4a1a86c956b2089fd899feede56f155197d2d6,T5.2.1
logical_seed_metric,202607162104,primary_sigma_0p040,0.0625,0.25,nearest_operation_logical_failure_rate,0.0,,,evaluator_only_not_physical_memory_ler,51a7dcfaf37ce7356a06ea955d4a1a86c956b2089fd899feede56f155197d2d6,T5.2.1
logical_seed_metric,202607162104,primary_sigma_0p040,0.0625,0.25,identity_reference_logical_flip_rate,0.0,,,evaluator_only_not_physical_memory_ler,51a7dcfaf37ce7356a06ea955d4a1a86c956b2089fd899feede56f155197d2d6,T5.2.1
logical_seed_metric,202607162104,primary_sigma_0p040,0.0625,0.25,analytic_nearest_operation_failure_rate,1.3828135064100948e-06,,,evaluator_only_not_physical_memory_ler,51a7dcfaf37ce7356a06ea955d4a1a86c956b2089fd899feede56f155197d2d6,T5.2.1
logical_seed_metric,202607162104,primary_sigma_0p040,0.09375,0.375,nearest_operation_logical_failure_rate,0.0,,,evaluator_only_not_physical_memory_ler,51a7dcfaf37ce7356a06ea955d4a1a86c956b2089fd899feede56f155197d2d6,T5.2.1
logical_seed_metric,202607162104,primary_sigma_0p040,0.09375,0.375,identity_reference_logical_flip_rate,0.0,,,evaluator_only_not_physical_memory_ler,51a7dcfaf37ce7356a06ea955d4a1a86c956b2089fd899feede56f155197d2d6,T5.2.1
logical_seed_metric,202607162104,primary_sigma_0p040,0.09375,0.375,analytic_nearest_operation_failure_rate,4.6869765016455317e-05,,,evaluator_only_not_physical_memory_ler,51a7dcfaf37ce7356a06ea955d4a1a86c956b2089fd899feede56f155197d2d6,T5.2.1
logical_seed_metric,202607162104,primary_sigma_0p040,0.125,0.5,nearest_operation_logical_failure_rate,0.000732421875,,,evaluator_only_not_physical_memory_ler,51a7dcfaf37ce7356a06ea955d4a1a86c956b2089fd899feede56f155197d2d6,T5.2.1
logical_seed_metric,202607162104,primary_sigma_0p040,0.125,0.5,identity_reference_logical_flip_rate,0.000732421875,,,evaluator_only_not_physical_memory_ler,51a7dcfaf37ce7356a06ea955d4a1a86c956b2089fd899feede56f155197d2d6,T5.2.1
logical_seed_metric,202607162104,primary_sigma_0p040,0.125,0.5,analytic_nearest_operation_failure_rate,0.0008890252991084335,,,evaluator_only_not_physical_memory_ler,51a7dcfaf37ce7356a06ea955d4a1a86c956b2089fd899feede56f155197d2d6,T5.2.1
logical_seed_metric,202607162104,primary_sigma_0p040,0.15625,0.625,nearest_operation_logical_failure_rate,0.007080078125,,,evaluator_only_not_physical_memory_ler,51a7dcfaf37ce7356a06ea955d4a1a86c956b2089fd899feede56f155197d2d6,T5.2.1
logical_seed_metric,202607162104,primary_sigma_0p040,0.15625,0.625,identity_reference_logical_flip_rate,0.007080078125,,,evaluator_only_not_physical_memory_ler,51a7dcfaf37ce7356a06ea955d4a1a86c956b2089fd899feede56f155197d2d6,T5.2.1
logical_seed_metric,202607162104,primary_sigma_0p040,0.15625,0.625,analytic_nearest_operation_failure_rate,0.009545481536386161,,,evaluator_only_not_physical_memory_ler,51a7dcfaf37ce7356a06ea955d4a1a86c956b2089fd899feede56f155197d2d6,T5.2.1
logical_seed_metric,202607162104,primary_sigma_0p040,0.1875,0.75,nearest_operation_logical_failure_rate,0.054443359375,,,evaluator_only_not_physical_memory_ler,51a7dcfaf37ce7356a06ea955d4a1a86c956b2089fd899feede56f155197d2d6,T5.2.1
logical_seed_metric,202607162104,primary_sigma_0p040,0.1875,0.75,identity_reference_logical_flip_rate,0.054443359375,,,evaluator_only_not_physical_memory_ler,51a7dcfaf37ce7356a06ea955d4a1a86c956b2089fd899feede56f155197d2d6,T5.2.1
logical_seed_metric,202607162104,primary_sigma_0p040,0.1875,0.75,analytic_nearest_operation_failure_rate,0.05908512293266757,,,evaluator_only_not_physical_memory_ler,51a7dcfaf37ce7356a06ea955d4a1a86c956b2089fd899feede56f155197d2d6,T5.2.1
logical_seed_metric,202607162104,primary_sigma_0p040,0.21875,0.875,nearest_operation_logical_failure_rate,0.209716796875,,,evaluator_only_not_physical_memory_ler,51a7dcfaf37ce7356a06ea955d4a1a86c956b2089fd899feede56f155197d2d6,T5.2.1
logical_seed_metric,202607162104,primary_sigma_0p040,0.21875,0.875,identity_reference_logical_flip_rate,0.209716796875,,,evaluator_only_not_physical_memory_ler,51a7dcfaf37ce7356a06ea955d4a1a86c956b2089fd899feede56f155197d2d6,T5.2.1
logical_seed_metric,202607162104,primary_sigma_0p040,0.21875,0.875,analytic_nearest_operation_failure_rate,0.21732773567808567,,,evaluator_only_not_physical_memory_ler,51a7dcfaf37ce7356a06ea955d4a1a86c956b2089fd899feede56f155197d2d6,T5.2.1
logical_seed_metric,202607162104,primary_sigma_0p040,0.25,1.0,nearest_operation_logical_failure_rate,0.510009765625,,,evaluator_only_not_physical_memory_ler,51a7dcfaf37ce7356a06ea955d4a1a86c956b2089fd899feede56f155197d2d6,T5.2.1
logical_seed_metric,202607162104,primary_sigma_0p040,0.25,1.0,identity_reference_logical_flip_rate,0.489990234375,,,evaluator_only_not_physical_memory_ler,51a7dcfaf37ce7356a06ea955d4a1a86c956b2089fd899feede56f155197d2d6,T5.2.1
logical_seed_metric,202607162104,primary_sigma_0p040,0.25,1.0,analytic_nearest_operation_failure_rate,0.5,,,evaluator_only_not_physical_memory_ler,51a7dcfaf37ce7356a06ea955d4a1a86c956b2089fd899feede56f155197d2d6,T5.2.1
logical_seed_metric,202607162104,primary_sigma_0p040,0.28125,0.875,nearest_operation_logical_failure_rate,0.22314453125,,,evaluator_only_not_physical_memory_ler,51a7dcfaf37ce7356a06ea955d4a1a86c956b2089fd899feede56f155197d2d6,T5.2.1
logical_seed_metric,202607162104,primary_sigma_0p040,0.28125,0.875,identity_reference_logical_flip_rate,0.77685546875,,,evaluator_only_not_physical_memory_ler,51a7dcfaf37ce7356a06ea955d4a1a86c956b2089fd899feede56f155197d2d6,T5.2.1
logical_seed_metric,202607162104,primary_sigma_0p040,0.28125,0.875,analytic_nearest_operation_failure_rate,0.21732773567808567,,,evaluator_only_not_physical_memory_ler,51a7dcfaf37ce7356a06ea955d4a1a86c956b2089fd899feede56f155197d2d6,T5.2.1
logical_seed_metric,202607162104,primary_sigma_0p040,0.3125,0.75,nearest_operation_logical_failure_rate,0.057861328125,,,evaluator_only_not_physical_memory_ler,51a7dcfaf37ce7356a06ea955d4a1a86c956b2089fd899feede56f155197d2d6,T5.2.1
logical_seed_metric,202607162104,primary_sigma_0p040,0.3125,0.75,identity_reference_logical_flip_rate,0.942138671875,,,evaluator_only_not_physical_memory_ler,51a7dcfaf37ce7356a06ea955d4a1a86c956b2089fd899feede56f155197d2d6,T5.2.1
logical_seed_metric,202607162104,primary_sigma_0p040,0.3125,0.75,analytic_nearest_operation_failure_rate,0.05908512293266757,,,evaluator_only_not_physical_memory_ler,51a7dcfaf37ce7356a06ea955d4a1a86c956b2089fd899feede56f155197d2d6,T5.2.1
logical_seed_metric,202607162104,primary_sigma_0p040,0.34375,0.625,nearest_operation_logical_failure_rate,0.00830078125,,,evaluator_only_not_physical_memory_ler,51a7dcfaf37ce7356a06ea955d4a1a86c956b2089fd899feede56f155197d2d6,T5.2.1
logical_seed_metric,202607162104,primary_sigma_0p040,0.34375,0.625,identity_reference_logical_flip_rate,0.99169921875,,,evaluator_only_not_physical_memory_ler,51a7dcfaf37ce7356a06ea955d4a1a86c956b2089fd899feede56f155197d2d6,T5.2.1
logical_seed_metric,202607162104,primary_sigma_0p040,0.34375,0.625,analytic_nearest_operation_failure_rate,0.009545481536386161,,,evaluator_only_not_physical_memory_ler,51a7dcfaf37ce7356a06ea955d4a1a86c956b2089fd899feede56f155197d2d6,T5.2.1
logical_seed_metric,202607162104,primary_sigma_0p040,0.375,0.5,nearest_operation_logical_failure_rate,0.000732421875,,,evaluator_only_not_physical_memory_ler,51a7dcfaf37ce7356a06ea955d4a1a86c956b2089fd899feede56f155197d2d6,T5.2.1
logical_seed_metric,202607162104,primary_sigma_0p040,0.375,0.5,identity_reference_logical_flip_rate,0.999267578125,,,evaluator_only_not_physical_memory_ler,51a7dcfaf37ce7356a06ea955d4a1a86c956b2089fd899feede56f155197d2d6,T5.2.1
logical_seed_metric,202607162104,primary_sigma_0p040,0.375,0.5,analytic_nearest_operation_failure_rate,0.0008890252991084335,,,evaluator_only_not_physical_memory_ler,51a7dcfaf37ce7356a06ea955d4a1a86c956b2089fd899feede56f155197d2d6,T5.2.1
logical_seed_metric,202607162104,primary_sigma_0p040,0.40625,0.375,nearest_operation_logical_failure_rate,0.000244140625,,,evaluator_only_not_physical_memory_ler,51a7dcfaf37ce7356a06ea955d4a1a86c956b2089fd899feede56f155197d2d6,T5.2.1
logical_seed_metric,202607162104,primary_sigma_0p040,0.40625,0.375,identity_reference_logical_flip_rate,0.999755859375,,,evaluator_only_not_physical_memory_ler,51a7dcfaf37ce7356a06ea955d4a1a86c956b2089fd899feede56f155197d2d6,T5.2.1
logical_seed_metric,202607162104,primary_sigma_0p040,0.40625,0.375,analytic_nearest_operation_failure_rate,4.6869765016455317e-05,,,evaluator_only_not_physical_memory_ler,51a7dcfaf37ce7356a06ea955d4a1a86c956b2089fd899feede56f155197d2d6,T5.2.1
logical_seed_metric,202607162104,primary_sigma_0p040,0.4375,0.25,nearest_operation_logical_failure_rate,0.0,,,evaluator_only_not_physical_memory_ler,51a7dcfaf37ce7356a06ea955d4a1a86c956b2089fd899feede56f155197d2d6,T5.2.1
logical_seed_metric,202607162104,primary_sigma_0p040,0.4375,0.25,identity_reference_logical_flip_rate,1.0,,,evaluator_only_not_physical_memory_ler,51a7dcfaf37ce7356a06ea955d4a1a86c956b2089fd899feede56f155197d2d6,T5.2.1
logical_seed_metric,202607162104,primary_sigma_0p040,0.4375,0.25,analytic_nearest_operation_failure_rate,1.3828135064100948e-06,,,evaluator_only_not_physical_memory_ler,51a7dcfaf37ce7356a06ea955d4a1a86c956b2089fd899feede56f155197d2d6,T5.2.1
logical_seed_metric,202607162104,primary_sigma_0p040,0.46875,0.125,nearest_operation_logical_failure_rate,0.0,,,evaluator_only_not_physical_memory_ler,51a7dcfaf37ce7356a06ea955d4a1a86c956b2089fd899feede56f155197d2d6,T5.2.1
logical_seed_metric,202607162104,primary_sigma_0p040,0.46875,0.125,identity_reference_logical_flip_rate,1.0,,,evaluator_only_not_physical_memory_ler,51a7dcfaf37ce7356a06ea955d4a1a86c956b2089fd899feede56f155197d2d6,T5.2.1
logical_seed_metric,202607162104,primary_sigma_0p040,0.46875,0.125,analytic_nearest_operation_failure_rate,2.266102353349704e-08,,,evaluator_only_not_physical_memory_ler,51a7dcfaf37ce7356a06ea955d4a1a86c956b2089fd899feede56f155197d2d6,T5.2.1
logical_seed_metric,202607162104,primary_sigma_0p040,0.5,0.0,nearest_operation_logical_failure_rate,0.0,,,evaluator_only_not_physical_memory_ler,51a7dcfaf37ce7356a06ea955d4a1a86c956b2089fd899feede56f155197d2d6,T5.2.1
logical_seed_metric,202607162104,primary_sigma_0p040,0.5,0.0,identity_reference_logical_flip_rate,1.0,,,evaluator_only_not_physical_memory_ler,51a7dcfaf37ce7356a06ea955d4a1a86c956b2089fd899feede56f155197d2d6,T5.2.1
logical_seed_metric,202607162104,primary_sigma_0p040,0.5,0.0,analytic_nearest_operation_failure_rate,2.052263425218952e-10,,,evaluator_only_not_physical_memory_ler,51a7dcfaf37ce7356a06ea955d4a1a86c956b2089fd899feede56f155197d2d6,T5.2.1
logical_seed_metric,202607162104,confirmation_sigma_0p025,0.0,0.0,nearest_operation_logical_failure_rate,0.0,,,evaluator_only_not_physical_memory_ler,91ce35dd2f2d2364ea53bd92b32a7c3e106d26cbea6e83de8e8347c1c3443e96,T5.2.1
logical_seed_metric,202607162104,confirmation_sigma_0p025,0.0,0.0,identity_reference_logical_flip_rate,0.0,,,evaluator_only_not_physical_memory_ler,91ce35dd2f2d2364ea53bd92b32a7c3e106d26cbea6e83de8e8347c1c3443e96,T5.2.1
logical_seed_metric,202607162104,confirmation_sigma_0p025,0.0,0.0,analytic_nearest_operation_failure_rate,7.619853024160689e-24,,,evaluator_only_not_physical_memory_ler,91ce35dd2f2d2364ea53bd92b32a7c3e106d26cbea6e83de8e8347c1c3443e96,T5.2.1
logical_seed_metric,202607162104,confirmation_sigma_0p025,0.03125,0.125,nearest_operation_logical_failure_rate,0.0,,,evaluator_only_not_physical_memory_ler,91ce35dd2f2d2364ea53bd92b32a7c3e106d26cbea6e83de8e8347c1c3443e96,T5.2.1
logical_seed_metric,202607162104,confirmation_sigma_0p025,0.03125,0.125,identity_reference_logical_flip_rate,0.0,,,evaluator_only_not_physical_memory_ler,91ce35dd2f2d2364ea53bd92b32a7c3e106d26cbea6e83de8e8347c1c3443e96,T5.2.1
logical_seed_metric,202607162104,confirmation_sigma_0p025,0.03125,0.125,analytic_nearest_operation_failure_rate,1.0667637375475064e-18,,,evaluator_only_not_physical_memory_ler,91ce35dd2f2d2364ea53bd92b32a7c3e106d26cbea6e83de8e8347c1c3443e96,T5.2.1
logical_seed_metric,202607162104,confirmation_sigma_0p025,0.0625,0.25,nearest_operation_logical_failure_rate,0.0,,,evaluator_only_not_physical_memory_ler,91ce35dd2f2d2364ea53bd92b32a7c3e106d26cbea6e83de8e8347c1c3443e96,T5.2.1
logical_seed_metric,202607162104,confirmation_sigma_0p025,0.0625,0.25,identity_reference_logical_flip_rate,0.0,,,evaluator_only_not_physical_memory_ler,91ce35dd2f2d2364ea53bd92b32a7c3e106d26cbea6e83de8e8347c1c3443e96,T5.2.1
logical_seed_metric,202607162104,confirmation_sigma_0p025,0.0625,0.25,analytic_nearest_operation_failure_rate,3.19089167291092e-14,,,evaluator_only_not_physical_memory_ler,91ce35dd2f2d2364ea53bd92b32a7c3e106d26cbea6e83de8e8347c1c3443e96,T5.2.1
logical_seed_metric,202607162104,confirmation_sigma_0p025,0.09375,0.375,nearest_operation_logical_failure_rate,0.0,,,evaluator_only_not_physical_memory_ler,91ce35dd2f2d2364ea53bd92b32a7c3e106d26cbea6e83de8e8347c1c3443e96,T5.2.1
logical_seed_metric,202607162104,confirmation_sigma_0p025,0.09375,0.375,identity_reference_logical_flip_rate,0.0,,,evaluator_only_not_physical_memory_ler,91ce35dd2f2d2364ea53bd92b32a7c3e106d26cbea6e83de8e8347c1c3443e96,T5.2.1
logical_seed_metric,202607162104,confirmation_sigma_0p025,0.09375,0.375,analytic_nearest_operation_failure_rate,2.052263425218952e-10,,,evaluator_only_not_physical_memory_ler,91ce35dd2f2d2364ea53bd92b32a7c3e106d26cbea6e83de8e8347c1c3443e96,T5.2.1
logical_seed_metric,202607162104,confirmation_sigma_0p025,0.125,0.5,nearest_operation_logical_failure_rate,0.0,,,evaluator_only_not_physical_memory_ler,91ce35dd2f2d2364ea53bd92b32a7c3e106d26cbea6e83de8e8347c1c3443e96,T5.2.1
logical_seed_metric,202607162104,confirmation_sigma_0p025,0.125,0.5,identity_reference_logical_flip_rate,0.0,,,evaluator_only_not_physical_memory_ler,91ce35dd2f2d2364ea53bd92b32a7c3e106d26cbea6e83de8e8347c1c3443e96,T5.2.1
logical_seed_metric,202607162104,confirmation_sigma_0p025,0.125,0.5,analytic_nearest_operation_failure_rate,2.866515718791955e-07,,,evaluator_only_not_physical_memory_ler,91ce35dd2f2d2364ea53bd92b32a7c3e106d26cbea6e83de8e8347c1c3443e96,T5.2.1
logical_seed_metric,202607162104,confirmation_sigma_0p025,0.15625,0.625,nearest_operation_logical_failure_rate,0.0,,,evaluator_only_not_physical_memory_ler,91ce35dd2f2d2364ea53bd92b32a7c3e106d26cbea6e83de8e8347c1c3443e96,T5.2.1
logical_seed_metric,202607162104,confirmation_sigma_0p025,0.15625,0.625,identity_reference_logical_flip_rate,0.0,,,evaluator_only_not_physical_memory_ler,91ce35dd2f2d2364ea53bd92b32a7c3e106d26cbea6e83de8e8347c1c3443e96,T5.2.1
logical_seed_metric,202607162104,confirmation_sigma_0p025,0.15625,0.625,analytic_nearest_operation_failure_rate,8.841728520080404e-05,,,evaluator_only_not_physical_memory_ler,91ce35dd2f2d2364ea53bd92b32a7c3e106d26cbea6e83de8e8347c1c3443e96,T5.2.1
logical_seed_metric,202607162104,confirmation_sigma_0p025,0.1875,0.75,nearest_operation_logical_failure_rate,0.004150390625,,,evaluator_only_not_physical_memory_ler,91ce35dd2f2d2364ea53bd92b32a7c3e106d26cbea6e83de8e8347c1c3443e96,T5.2.1
logical_seed_metric,202607162104,confirmation_sigma_0p025,0.1875,0.75,identity_reference_logical_flip_rate,0.004150390625,,,evaluator_only_not_physical_memory_ler,91ce35dd2f2d2364ea53bd92b32a7c3e106d26cbea6e83de8e8347c1c3443e96,T5.2.1
logical_seed_metric,202607162104,confirmation_sigma_0p025,0.1875,0.75,analytic_nearest_operation_failure_rate,0.006209665325776144,,,evaluator_only_not_physical_memory_ler,91ce35dd2f2d2364ea53bd92b32a7c3e106d26cbea6e83de8e8347c1c3443e96,T5.2.1
logical_seed_metric,202607162104,confirmation_sigma_0p025,0.21875,0.875,nearest_operation_logical_failure_rate,0.101318359375,,,evaluator_only_not_physical_memory_ler,91ce35dd2f2d2364ea53bd92b32a7c3e106d26cbea6e83de8e8347c1c3443e96,T5.2.1
logical_seed_metric,202607162104,confirmation_sigma_0p025,0.21875,0.875,identity_reference_logical_flip_rate,0.101318359375,,,evaluator_only_not_physical_memory_ler,91ce35dd2f2d2364ea53bd92b32a7c3e106d26cbea6e83de8e8347c1c3443e96,T5.2.1
logical_seed_metric,202607162104,confirmation_sigma_0p025,0.21875,0.875,analytic_nearest_operation_failure_rate,0.1056497736668553,,,evaluator_only_not_physical_memory_ler,91ce35dd2f2d2364ea53bd92b32a7c3e106d26cbea6e83de8e8347c1c3443e96,T5.2.1
logical_seed_metric,202607162104,confirmation_sigma_0p025,0.25,1.0,nearest_operation_logical_failure_rate,0.505615234375,,,evaluator_only_not_physical_memory_ler,91ce35dd2f2d2364ea53bd92b32a7c3e106d26cbea6e83de8e8347c1c3443e96,T5.2.1
logical_seed_metric,202607162104,confirmation_sigma_0p025,0.25,1.0,identity_reference_logical_flip_rate,0.494384765625,,,evaluator_only_not_physical_memory_ler,91ce35dd2f2d2364ea53bd92b32a7c3e106d26cbea6e83de8e8347c1c3443e96,T5.2.1
logical_seed_metric,202607162104,confirmation_sigma_0p025,0.25,1.0,analytic_nearest_operation_failure_rate,0.5,,,evaluator_only_not_physical_memory_ler,91ce35dd2f2d2364ea53bd92b32a7c3e106d26cbea6e83de8e8347c1c3443e96,T5.2.1
logical_seed_metric,202607162104,confirmation_sigma_0p025,0.28125,0.875,nearest_operation_logical_failure_rate,0.099365234375,,,evaluator_only_not_physical_memory_ler,91ce35dd2f2d2364ea53bd92b32a7c3e106d26cbea6e83de8e8347c1c3443e96,T5.2.1
logical_seed_metric,202607162104,confirmation_sigma_0p025,0.28125,0.875,identity_reference_logical_flip_rate,0.900634765625,,,evaluator_only_not_physical_memory_ler,91ce35dd2f2d2364ea53bd92b32a7c3e106d26cbea6e83de8e8347c1c3443e96,T5.2.1
logical_seed_metric,202607162104,confirmation_sigma_0p025,0.28125,0.875,analytic_nearest_operation_failure_rate,0.1056497736668553,,,evaluator_only_not_physical_memory_ler,91ce35dd2f2d2364ea53bd92b32a7c3e106d26cbea6e83de8e8347c1c3443e96,T5.2.1
logical_seed_metric,202607162104,confirmation_sigma_0p025,0.3125,0.75,nearest_operation_logical_failure_rate,0.004638671875,,,evaluator_only_not_physical_memory_ler,91ce35dd2f2d2364ea53bd92b32a7c3e106d26cbea6e83de8e8347c1c3443e96,T5.2.1
logical_seed_metric,202607162104,confirmation_sigma_0p025,0.3125,0.75,identity_reference_logical_flip_rate,0.995361328125,,,evaluator_only_not_physical_memory_ler,91ce35dd2f2d2364ea53bd92b32a7c3e106d26cbea6e83de8e8347c1c3443e96,T5.2.1
logical_seed_metric,202607162104,confirmation_sigma_0p025,0.3125,0.75,analytic_nearest_operation_failure_rate,0.006209665325776144,,,evaluator_only_not_physical_memory_ler,91ce35dd2f2d2364ea53bd92b32a7c3e106d26cbea6e83de8e8347c1c3443e96,T5.2.1
logical_seed_metric,202607162104,confirmation_sigma_0p025,0.34375,0.625,nearest_operation_logical_failure_rate,0.0,,,evaluator_only_not_physical_memory_ler,91ce35dd2f2d2364ea53bd92b32a7c3e106d26cbea6e83de8e8347c1c3443e96,T5.2.1
logical_seed_metric,202607162104,confirmation_sigma_0p025,0.34375,0.625,identity_reference_logical_flip_rate,1.0,,,evaluator_only_not_physical_memory_ler,91ce35dd2f2d2364ea53bd92b32a7c3e106d26cbea6e83de8e8347c1c3443e96,T5.2.1
logical_seed_metric,202607162104,confirmation_sigma_0p025,0.34375,0.625,analytic_nearest_operation_failure_rate,8.841728520080404e-05,,,evaluator_only_not_physical_memory_ler,91ce35dd2f2d2364ea53bd92b32a7c3e106d26cbea6e83de8e8347c1c3443e96,T5.2.1
logical_seed_metric,202607162104,confirmation_sigma_0p025,0.375,0.5,nearest_operation_logical_failure_rate,0.0,,,evaluator_only_not_physical_memory_ler,91ce35dd2f2d2364ea53bd92b32a7c3e106d26cbea6e83de8e8347c1c3443e96,T5.2.1
logical_seed_metric,202607162104,confirmation_sigma_0p025,0.375,0.5,identity_reference_logical_flip_rate,1.0,,,evaluator_only_not_physical_memory_ler,91ce35dd2f2d2364ea53bd92b32a7c3e106d26cbea6e83de8e8347c1c3443e96,T5.2.1
logical_seed_metric,202607162104,confirmation_sigma_0p025,0.375,0.5,analytic_nearest_operation_failure_rate,2.866515718791955e-07,,,evaluator_only_not_physical_memory_ler,91ce35dd2f2d2364ea53bd92b32a7c3e106d26cbea6e83de8e8347c1c3443e96,T5.2.1
logical_seed_metric,202607162104,confirmation_sigma_0p025,0.40625,0.375,nearest_operation_logical_failure_rate,0.0,,,evaluator_only_not_physical_memory_ler,91ce35dd2f2d2364ea53bd92b32a7c3e106d26cbea6e83de8e8347c1c3443e96,T5.2.1
logical_seed_metric,202607162104,confirmation_sigma_0p025,0.40625,0.375,identity_reference_logical_flip_rate,1.0,,,evaluator_only_not_physical_memory_ler,91ce35dd2f2d2364ea53bd92b32a7c3e106d26cbea6e83de8e8347c1c3443e96,T5.2.1
logical_seed_metric,202607162104,confirmation_sigma_0p025,0.40625,0.375,analytic_nearest_operation_failure_rate,2.052263425218952e-10,,,evaluator_only_not_physical_memory_ler,91ce35dd2f2d2364ea53bd92b32a7c3e106d26cbea6e83de8e8347c1c3443e96,T5.2.1
logical_seed_metric,202607162104,confirmation_sigma_0p025,0.4375,0.25,nearest_operation_logical_failure_rate,0.0,,,evaluator_only_not_physical_memory_ler,91ce35dd2f2d2364ea53bd92b32a7c3e106d26cbea6e83de8e8347c1c3443e96,T5.2.1
logical_seed_metric,202607162104,confirmation_sigma_0p025,0.4375,0.25,identity_reference_logical_flip_rate,1.0,,,evaluator_only_not_physical_memory_ler,91ce35dd2f2d2364ea53bd92b32a7c3e106d26cbea6e83de8e8347c1c3443e96,T5.2.1
logical_seed_metric,202607162104,confirmation_sigma_0p025,0.4375,0.25,analytic_nearest_operation_failure_rate,3.19089167291092e-14,,,evaluator_only_not_physical_memory_ler,91ce35dd2f2d2364ea53bd92b32a7c3e106d26cbea6e83de8e8347c1c3443e96,T5.2.1
logical_seed_metric,202607162104,confirmation_sigma_0p025,0.46875,0.125,nearest_operation_logical_failure_rate,0.0,,,evaluator_only_not_physical_memory_ler,91ce35dd2f2d2364ea53bd92b32a7c3e106d26cbea6e83de8e8347c1c3443e96,T5.2.1
logical_seed_metric,202607162104,confirmation_sigma_0p025,0.46875,0.125,identity_reference_logical_flip_rate,1.0,,,evaluator_only_not_physical_memory_ler,91ce35dd2f2d2364ea53bd92b32a7c3e106d26cbea6e83de8e8347c1c3443e96,T5.2.1
logical_seed_metric,202607162104,confirmation_sigma_0p025,0.46875,0.125,analytic_nearest_operation_failure_rate,1.0667637375475064e-18,,,evaluator_only_not_physical_memory_ler,91ce35dd2f2d2364ea53bd92b32a7c3e106d26cbea6e83de8e8347c1c3443e96,T5.2.1
logical_seed_metric,202607162104,confirmation_sigma_0p025,0.5,0.0,nearest_operation_logical_failure_rate,0.0,,,evaluator_only_not_physical_memory_ler,91ce35dd2f2d2364ea53bd92b32a7c3e106d26cbea6e83de8e8347c1c3443e96,T5.2.1
logical_seed_metric,202607162104,confirmation_sigma_0p025,0.5,0.0,identity_reference_logical_flip_rate,1.0,,,evaluator_only_not_physical_memory_ler,91ce35dd2f2d2364ea53bd92b32a7c3e106d26cbea6e83de8e8347c1c3443e96,T5.2.1
logical_seed_metric,202607162104,confirmation_sigma_0p025,0.5,0.0,analytic_nearest_operation_failure_rate,7.619853024160689e-24,,,evaluator_only_not_physical_memory_ler,91ce35dd2f2d2364ea53bd92b32a7c3e106d26cbea6e83de8e8347c1c3443e96,T5.2.1
logical_seed_metric,202607162105,primary_sigma_0p040,0.0,0.0,nearest_operation_logical_failure_rate,0.0,,,evaluator_only_not_physical_memory_ler,b499fa500d3808001a858f5aaec0baaa0cdcb11827ec916af5c6179a1c0f59ed,T5.2.1
logical_seed_metric,202607162105,primary_sigma_0p040,0.0,0.0,identity_reference_logical_flip_rate,0.0,,,evaluator_only_not_physical_memory_ler,b499fa500d3808001a858f5aaec0baaa0cdcb11827ec916af5c6179a1c0f59ed,T5.2.1
logical_seed_metric,202607162105,primary_sigma_0p040,0.0,0.0,analytic_nearest_operation_failure_rate,2.052263425218952e-10,,,evaluator_only_not_physical_memory_ler,b499fa500d3808001a858f5aaec0baaa0cdcb11827ec916af5c6179a1c0f59ed,T5.2.1
logical_seed_metric,202607162105,primary_sigma_0p040,0.03125,0.125,nearest_operation_logical_failure_rate,0.0,,,evaluator_only_not_physical_memory_ler,b499fa500d3808001a858f5aaec0baaa0cdcb11827ec916af5c6179a1c0f59ed,T5.2.1
logical_seed_metric,202607162105,primary_sigma_0p040,0.03125,0.125,identity_reference_logical_flip_rate,0.0,,,evaluator_only_not_physical_memory_ler,b499fa500d3808001a858f5aaec0baaa0cdcb11827ec916af5c6179a1c0f59ed,T5.2.1
logical_seed_metric,202607162105,primary_sigma_0p040,0.03125,0.125,analytic_nearest_operation_failure_rate,2.266102353349704e-08,,,evaluator_only_not_physical_memory_ler,b499fa500d3808001a858f5aaec0baaa0cdcb11827ec916af5c6179a1c0f59ed,T5.2.1
logical_seed_metric,202607162105,primary_sigma_0p040,0.0625,0.25,nearest_operation_logical_failure_rate,0.0,,,evaluator_only_not_physical_memory_ler,b499fa500d3808001a858f5aaec0baaa0cdcb11827ec916af5c6179a1c0f59ed,T5.2.1
logical_seed_metric,202607162105,primary_sigma_0p040,0.0625,0.25,identity_reference_logical_flip_rate,0.0,,,evaluator_only_not_physical_memory_ler,b499fa500d3808001a858f5aaec0baaa0cdcb11827ec916af5c6179a1c0f59ed,T5.2.1
logical_seed_metric,202607162105,primary_sigma_0p040,0.0625,0.25,analytic_nearest_operation_failure_rate,1.3828135064100948e-06,,,evaluator_only_not_physical_memory_ler,b499fa500d3808001a858f5aaec0baaa0cdcb11827ec916af5c6179a1c0f59ed,T5.2.1
logical_seed_metric,202607162105,primary_sigma_0p040,0.09375,0.375,nearest_operation_logical_failure_rate,0.000244140625,,,evaluator_only_not_physical_memory_ler,b499fa500d3808001a858f5aaec0baaa0cdcb11827ec916af5c6179a1c0f59ed,T5.2.1
logical_seed_metric,202607162105,primary_sigma_0p040,0.09375,0.375,identity_reference_logical_flip_rate,0.000244140625,,,evaluator_only_not_physical_memory_ler,b499fa500d3808001a858f5aaec0baaa0cdcb11827ec916af5c6179a1c0f59ed,T5.2.1
logical_seed_metric,202607162105,primary_sigma_0p040,0.09375,0.375,analytic_nearest_operation_failure_rate,4.6869765016455317e-05,,,evaluator_only_not_physical_memory_ler,b499fa500d3808001a858f5aaec0baaa0cdcb11827ec916af5c6179a1c0f59ed,T5.2.1
logical_seed_metric,202607162105,primary_sigma_0p040,0.125,0.5,nearest_operation_logical_failure_rate,0.0009765625,,,evaluator_only_not_physical_memory_ler,b499fa500d3808001a858f5aaec0baaa0cdcb11827ec916af5c6179a1c0f59ed,T5.2.1
logical_seed_metric,202607162105,primary_sigma_0p040,0.125,0.5,identity_reference_logical_flip_rate,0.0009765625,,,evaluator_only_not_physical_memory_ler,b499fa500d3808001a858f5aaec0baaa0cdcb11827ec916af5c6179a1c0f59ed,T5.2.1
logical_seed_metric,202607162105,primary_sigma_0p040,0.125,0.5,analytic_nearest_operation_failure_rate,0.0008890252991084335,,,evaluator_only_not_physical_memory_ler,b499fa500d3808001a858f5aaec0baaa0cdcb11827ec916af5c6179a1c0f59ed,T5.2.1
logical_seed_metric,202607162105,primary_sigma_0p040,0.15625,0.625,nearest_operation_logical_failure_rate,0.011474609375,,,evaluator_only_not_physical_memory_ler,b499fa500d3808001a858f5aaec0baaa0cdcb11827ec916af5c6179a1c0f59ed,T5.2.1
logical_seed_metric,202607162105,primary_sigma_0p040,0.15625,0.625,identity_reference_logical_flip_rate,0.011474609375,,,evaluator_only_not_physical_memory_ler,b499fa500d3808001a858f5aaec0baaa0cdcb11827ec916af5c6179a1c0f59ed,T5.2.1
logical_seed_metric,202607162105,primary_sigma_0p040,0.15625,0.625,analytic_nearest_operation_failure_rate,0.009545481536386161,,,evaluator_only_not_physical_memory_ler,b499fa500d3808001a858f5aaec0baaa0cdcb11827ec916af5c6179a1c0f59ed,T5.2.1
logical_seed_metric,202607162105,primary_sigma_0p040,0.1875,0.75,nearest_operation_logical_failure_rate,0.06201171875,,,evaluator_only_not_physical_memory_ler,b499fa500d3808001a858f5aaec0baaa0cdcb11827ec916af5c6179a1c0f59ed,T5.2.1
logical_seed_metric,202607162105,primary_sigma_0p040,0.1875,0.75,identity_reference_logical_flip_rate,0.06201171875,,,evaluator_only_not_physical_memory_ler,b499fa500d3808001a858f5aaec0baaa0cdcb11827ec916af5c6179a1c0f59ed,T5.2.1
logical_seed_metric,202607162105,primary_sigma_0p040,0.1875,0.75,analytic_nearest_operation_failure_rate,0.05908512293266757,,,evaluator_only_not_physical_memory_ler,b499fa500d3808001a858f5aaec0baaa0cdcb11827ec916af5c6179a1c0f59ed,T5.2.1
logical_seed_metric,202607162105,primary_sigma_0p040,0.21875,0.875,nearest_operation_logical_failure_rate,0.21923828125,,,evaluator_only_not_physical_memory_ler,b499fa500d3808001a858f5aaec0baaa0cdcb11827ec916af5c6179a1c0f59ed,T5.2.1
logical_seed_metric,202607162105,primary_sigma_0p040,0.21875,0.875,identity_reference_logical_flip_rate,0.21923828125,,,evaluator_only_not_physical_memory_ler,b499fa500d3808001a858f5aaec0baaa0cdcb11827ec916af5c6179a1c0f59ed,T5.2.1
logical_seed_metric,202607162105,primary_sigma_0p040,0.21875,0.875,analytic_nearest_operation_failure_rate,0.21732773567808567,,,evaluator_only_not_physical_memory_ler,b499fa500d3808001a858f5aaec0baaa0cdcb11827ec916af5c6179a1c0f59ed,T5.2.1
logical_seed_metric,202607162105,primary_sigma_0p040,0.25,1.0,nearest_operation_logical_failure_rate,0.490478515625,,,evaluator_only_not_physical_memory_ler,b499fa500d3808001a858f5aaec0baaa0cdcb11827ec916af5c6179a1c0f59ed,T5.2.1
logical_seed_metric,202607162105,primary_sigma_0p040,0.25,1.0,identity_reference_logical_flip_rate,0.509521484375,,,evaluator_only_not_physical_memory_ler,b499fa500d3808001a858f5aaec0baaa0cdcb11827ec916af5c6179a1c0f59ed,T5.2.1
logical_seed_metric,202607162105,primary_sigma_0p040,0.25,1.0,analytic_nearest_operation_failure_rate,0.5,,,evaluator_only_not_physical_memory_ler,b499fa500d3808001a858f5aaec0baaa0cdcb11827ec916af5c6179a1c0f59ed,T5.2.1
logical_seed_metric,202607162105,primary_sigma_0p040,0.28125,0.875,nearest_operation_logical_failure_rate,0.210205078125,,,evaluator_only_not_physical_memory_ler,b499fa500d3808001a858f5aaec0baaa0cdcb11827ec916af5c6179a1c0f59ed,T5.2.1
logical_seed_metric,202607162105,primary_sigma_0p040,0.28125,0.875,identity_reference_logical_flip_rate,0.789794921875,,,evaluator_only_not_physical_memory_ler,b499fa500d3808001a858f5aaec0baaa0cdcb11827ec916af5c6179a1c0f59ed,T5.2.1
logical_seed_metric,202607162105,primary_sigma_0p040,0.28125,0.875,analytic_nearest_operation_failure_rate,0.21732773567808567,,,evaluator_only_not_physical_memory_ler,b499fa500d3808001a858f5aaec0baaa0cdcb11827ec916af5c6179a1c0f59ed,T5.2.1
logical_seed_metric,202607162105,primary_sigma_0p040,0.3125,0.75,nearest_operation_logical_failure_rate,0.053466796875,,,evaluator_only_not_physical_memory_ler,b499fa500d3808001a858f5aaec0baaa0cdcb11827ec916af5c6179a1c0f59ed,T5.2.1
logical_seed_metric,202607162105,primary_sigma_0p040,0.3125,0.75,identity_reference_logical_flip_rate,0.946533203125,,,evaluator_only_not_physical_memory_ler,b499fa500d3808001a858f5aaec0baaa0cdcb11827ec916af5c6179a1c0f59ed,T5.2.1
logical_seed_metric,202607162105,primary_sigma_0p040,0.3125,0.75,analytic_nearest_operation_failure_rate,0.05908512293266757,,,evaluator_only_not_physical_memory_ler,b499fa500d3808001a858f5aaec0baaa0cdcb11827ec916af5c6179a1c0f59ed,T5.2.1
logical_seed_metric,202607162105,primary_sigma_0p040,0.34375,0.625,nearest_operation_logical_failure_rate,0.00830078125,,,evaluator_only_not_physical_memory_ler,b499fa500d3808001a858f5aaec0baaa0cdcb11827ec916af5c6179a1c0f59ed,T5.2.1
logical_seed_metric,202607162105,primary_sigma_0p040,0.34375,0.625,identity_reference_logical_flip_rate,0.99169921875,,,evaluator_only_not_physical_memory_ler,b499fa500d3808001a858f5aaec0baaa0cdcb11827ec916af5c6179a1c0f59ed,T5.2.1
logical_seed_metric,202607162105,primary_sigma_0p040,0.34375,0.625,analytic_nearest_operation_failure_rate,0.009545481536386161,,,evaluator_only_not_physical_memory_ler,b499fa500d3808001a858f5aaec0baaa0cdcb11827ec916af5c6179a1c0f59ed,T5.2.1
logical_seed_metric,202607162105,primary_sigma_0p040,0.375,0.5,nearest_operation_logical_failure_rate,0.00048828125,,,evaluator_only_not_physical_memory_ler,b499fa500d3808001a858f5aaec0baaa0cdcb11827ec916af5c6179a1c0f59ed,T5.2.1
logical_seed_metric,202607162105,primary_sigma_0p040,0.375,0.5,identity_reference_logical_flip_rate,0.99951171875,,,evaluator_only_not_physical_memory_ler,b499fa500d3808001a858f5aaec0baaa0cdcb11827ec916af5c6179a1c0f59ed,T5.2.1
logical_seed_metric,202607162105,primary_sigma_0p040,0.375,0.5,analytic_nearest_operation_failure_rate,0.0008890252991084335,,,evaluator_only_not_physical_memory_ler,b499fa500d3808001a858f5aaec0baaa0cdcb11827ec916af5c6179a1c0f59ed,T5.2.1
logical_seed_metric,202607162105,primary_sigma_0p040,0.40625,0.375,nearest_operation_logical_failure_rate,0.0,,,evaluator_only_not_physical_memory_ler,b499fa500d3808001a858f5aaec0baaa0cdcb11827ec916af5c6179a1c0f59ed,T5.2.1
logical_seed_metric,202607162105,primary_sigma_0p040,0.40625,0.375,identity_reference_logical_flip_rate,1.0,,,evaluator_only_not_physical_memory_ler,b499fa500d3808001a858f5aaec0baaa0cdcb11827ec916af5c6179a1c0f59ed,T5.2.1
logical_seed_metric,202607162105,primary_sigma_0p040,0.40625,0.375,analytic_nearest_operation_failure_rate,4.6869765016455317e-05,,,evaluator_only_not_physical_memory_ler,b499fa500d3808001a858f5aaec0baaa0cdcb11827ec916af5c6179a1c0f59ed,T5.2.1
logical_seed_metric,202607162105,primary_sigma_0p040,0.4375,0.25,nearest_operation_logical_failure_rate,0.0,,,evaluator_only_not_physical_memory_ler,b499fa500d3808001a858f5aaec0baaa0cdcb11827ec916af5c6179a1c0f59ed,T5.2.1
logical_seed_metric,202607162105,primary_sigma_0p040,0.4375,0.25,identity_reference_logical_flip_rate,1.0,,,evaluator_only_not_physical_memory_ler,b499fa500d3808001a858f5aaec0baaa0cdcb11827ec916af5c6179a1c0f59ed,T5.2.1
logical_seed_metric,202607162105,primary_sigma_0p040,0.4375,0.25,analytic_nearest_operation_failure_rate,1.3828135064100948e-06,,,evaluator_only_not_physical_memory_ler,b499fa500d3808001a858f5aaec0baaa0cdcb11827ec916af5c6179a1c0f59ed,T5.2.1
logical_seed_metric,202607162105,primary_sigma_0p040,0.46875,0.125,nearest_operation_logical_failure_rate,0.0,,,evaluator_only_not_physical_memory_ler,b499fa500d3808001a858f5aaec0baaa0cdcb11827ec916af5c6179a1c0f59ed,T5.2.1
logical_seed_metric,202607162105,primary_sigma_0p040,0.46875,0.125,identity_reference_logical_flip_rate,1.0,,,evaluator_only_not_physical_memory_ler,b499fa500d3808001a858f5aaec0baaa0cdcb11827ec916af5c6179a1c0f59ed,T5.2.1
logical_seed_metric,202607162105,primary_sigma_0p040,0.46875,0.125,analytic_nearest_operation_failure_rate,2.266102353349704e-08,,,evaluator_only_not_physical_memory_ler,b499fa500d3808001a858f5aaec0baaa0cdcb11827ec916af5c6179a1c0f59ed,T5.2.1
logical_seed_metric,202607162105,primary_sigma_0p040,0.5,0.0,nearest_operation_logical_failure_rate,0.0,,,evaluator_only_not_physical_memory_ler,b499fa500d3808001a858f5aaec0baaa0cdcb11827ec916af5c6179a1c0f59ed,T5.2.1
logical_seed_metric,202607162105,primary_sigma_0p040,0.5,0.0,identity_reference_logical_flip_rate,1.0,,,evaluator_only_not_physical_memory_ler,b499fa500d3808001a858f5aaec0baaa0cdcb11827ec916af5c6179a1c0f59ed,T5.2.1
logical_seed_metric,202607162105,primary_sigma_0p040,0.5,0.0,analytic_nearest_operation_failure_rate,2.052263425218952e-10,,,evaluator_only_not_physical_memory_ler,b499fa500d3808001a858f5aaec0baaa0cdcb11827ec916af5c6179a1c0f59ed,T5.2.1
logical_seed_metric,202607162105,confirmation_sigma_0p025,0.0,0.0,nearest_operation_logical_failure_rate,0.0,,,evaluator_only_not_physical_memory_ler,3df4817ee6c17dff9027c19fec4a9ff465774c88ec5c1f535aaf6be3a068652b,T5.2.1
logical_seed_metric,202607162105,confirmation_sigma_0p025,0.0,0.0,identity_reference_logical_flip_rate,0.0,,,evaluator_only_not_physical_memory_ler,3df4817ee6c17dff9027c19fec4a9ff465774c88ec5c1f535aaf6be3a068652b,T5.2.1
logical_seed_metric,202607162105,confirmation_sigma_0p025,0.0,0.0,analytic_nearest_operation_failure_rate,7.619853024160689e-24,,,evaluator_only_not_physical_memory_ler,3df4817ee6c17dff9027c19fec4a9ff465774c88ec5c1f535aaf6be3a068652b,T5.2.1
logical_seed_metric,202607162105,confirmation_sigma_0p025,0.03125,0.125,nearest_operation_logical_failure_rate,0.0,,,evaluator_only_not_physical_memory_ler,3df4817ee6c17dff9027c19fec4a9ff465774c88ec5c1f535aaf6be3a068652b,T5.2.1
logical_seed_metric,202607162105,confirmation_sigma_0p025,0.03125,0.125,identity_reference_logical_flip_rate,0.0,,,evaluator_only_not_physical_memory_ler,3df4817ee6c17dff9027c19fec4a9ff465774c88ec5c1f535aaf6be3a068652b,T5.2.1
logical_seed_metric,202607162105,confirmation_sigma_0p025,0.03125,0.125,analytic_nearest_operation_failure_rate,1.0667637375475064e-18,,,evaluator_only_not_physical_memory_ler,3df4817ee6c17dff9027c19fec4a9ff465774c88ec5c1f535aaf6be3a068652b,T5.2.1
logical_seed_metric,202607162105,confirmation_sigma_0p025,0.0625,0.25,nearest_operation_logical_failure_rate,0.0,,,evaluator_only_not_physical_memory_ler,3df4817ee6c17dff9027c19fec4a9ff465774c88ec5c1f535aaf6be3a068652b,T5.2.1
logical_seed_metric,202607162105,confirmation_sigma_0p025,0.0625,0.25,identity_reference_logical_flip_rate,0.0,,,evaluator_only_not_physical_memory_ler,3df4817ee6c17dff9027c19fec4a9ff465774c88ec5c1f535aaf6be3a068652b,T5.2.1
logical_seed_metric,202607162105,confirmation_sigma_0p025,0.0625,0.25,analytic_nearest_operation_failure_rate,3.19089167291092e-14,,,evaluator_only_not_physical_memory_ler,3df4817ee6c17dff9027c19fec4a9ff465774c88ec5c1f535aaf6be3a068652b,T5.2.1
logical_seed_metric,202607162105,confirmation_sigma_0p025,0.09375,0.375,nearest_operation_logical_failure_rate,0.0,,,evaluator_only_not_physical_memory_ler,3df4817ee6c17dff9027c19fec4a9ff465774c88ec5c1f535aaf6be3a068652b,T5.2.1
logical_seed_metric,202607162105,confirmation_sigma_0p025,0.09375,0.375,identity_reference_logical_flip_rate,0.0,,,evaluator_only_not_physical_memory_ler,3df4817ee6c17dff9027c19fec4a9ff465774c88ec5c1f535aaf6be3a068652b,T5.2.1
logical_seed_metric,202607162105,confirmation_sigma_0p025,0.09375,0.375,analytic_nearest_operation_failure_rate,2.052263425218952e-10,,,evaluator_only_not_physical_memory_ler,3df4817ee6c17dff9027c19fec4a9ff465774c88ec5c1f535aaf6be3a068652b,T5.2.1
logical_seed_metric,202607162105,confirmation_sigma_0p025,0.125,0.5,nearest_operation_logical_failure_rate,0.0,,,evaluator_only_not_physical_memory_ler,3df4817ee6c17dff9027c19fec4a9ff465774c88ec5c1f535aaf6be3a068652b,T5.2.1
logical_seed_metric,202607162105,confirmation_sigma_0p025,0.125,0.5,identity_reference_logical_flip_rate,0.0,,,evaluator_only_not_physical_memory_ler,3df4817ee6c17dff9027c19fec4a9ff465774c88ec5c1f535aaf6be3a068652b,T5.2.1
logical_seed_metric,202607162105,confirmation_sigma_0p025,0.125,0.5,analytic_nearest_operation_failure_rate,2.866515718791955e-07,,,evaluator_only_not_physical_memory_ler,3df4817ee6c17dff9027c19fec4a9ff465774c88ec5c1f535aaf6be3a068652b,T5.2.1
logical_seed_metric,202607162105,confirmation_sigma_0p025,0.15625,0.625,nearest_operation_logical_failure_rate,0.0,,,evaluator_only_not_physical_memory_ler,3df4817ee6c17dff9027c19fec4a9ff465774c88ec5c1f535aaf6be3a068652b,T5.2.1
logical_seed_metric,202607162105,confirmation_sigma_0p025,0.15625,0.625,identity_reference_logical_flip_rate,0.0,,,evaluator_only_not_physical_memory_ler,3df4817ee6c17dff9027c19fec4a9ff465774c88ec5c1f535aaf6be3a068652b,T5.2.1
logical_seed_metric,202607162105,confirmation_sigma_0p025,0.15625,0.625,analytic_nearest_operation_failure_rate,8.841728520080404e-05,,,evaluator_only_not_physical_memory_ler,3df4817ee6c17dff9027c19fec4a9ff465774c88ec5c1f535aaf6be3a068652b,T5.2.1
logical_seed_metric,202607162105,confirmation_sigma_0p025,0.1875,0.75,nearest_operation_logical_failure_rate,0.00439453125,,,evaluator_only_not_physical_memory_ler,3df4817ee6c17dff9027c19fec4a9ff465774c88ec5c1f535aaf6be3a068652b,T5.2.1
logical_seed_metric,202607162105,confirmation_sigma_0p025,0.1875,0.75,identity_reference_logical_flip_rate,0.00439453125,,,evaluator_only_not_physical_memory_ler,3df4817ee6c17dff9027c19fec4a9ff465774c88ec5c1f535aaf6be3a068652b,T5.2.1
logical_seed_metric,202607162105,confirmation_sigma_0p025,0.1875,0.75,analytic_nearest_operation_failure_rate,0.006209665325776144,,,evaluator_only_not_physical_memory_ler,3df4817ee6c17dff9027c19fec4a9ff465774c88ec5c1f535aaf6be3a068652b,T5.2.1
logical_seed_metric,202607162105,confirmation_sigma_0p025,0.21875,0.875,nearest_operation_logical_failure_rate,0.10107421875,,,evaluator_only_not_physical_memory_ler,3df4817ee6c17dff9027c19fec4a9ff465774c88ec5c1f535aaf6be3a068652b,T5.2.1
logical_seed_metric,202607162105,confirmation_sigma_0p025,0.21875,0.875,identity_reference_logical_flip_rate,0.10107421875,,,evaluator_only_not_physical_memory_ler,3df4817ee6c17dff9027c19fec4a9ff465774c88ec5c1f535aaf6be3a068652b,T5.2.1
logical_seed_metric,202607162105,confirmation_sigma_0p025,0.21875,0.875,analytic_nearest_operation_failure_rate,0.1056497736668553,,,evaluator_only_not_physical_memory_ler,3df4817ee6c17dff9027c19fec4a9ff465774c88ec5c1f535aaf6be3a068652b,T5.2.1
logical_seed_metric,202607162105,confirmation_sigma_0p025,0.25,1.0,nearest_operation_logical_failure_rate,0.494140625,,,evaluator_only_not_physical_memory_ler,3df4817ee6c17dff9027c19fec4a9ff465774c88ec5c1f535aaf6be3a068652b,T5.2.1
logical_seed_metric,202607162105,confirmation_sigma_0p025,0.25,1.0,identity_reference_logical_flip_rate,0.505859375,,,evaluator_only_not_physical_memory_ler,3df4817ee6c17dff9027c19fec4a9ff465774c88ec5c1f535aaf6be3a068652b,T5.2.1
logical_seed_metric,202607162105,confirmation_sigma_0p025,0.25,1.0,analytic_nearest_operation_failure_rate,0.5,,,evaluator_only_not_physical_memory_ler,3df4817ee6c17dff9027c19fec4a9ff465774c88ec5c1f535aaf6be3a068652b,T5.2.1
logical_seed_metric,202607162105,confirmation_sigma_0p025,0.28125,0.875,nearest_operation_logical_failure_rate,0.102294921875,,,evaluator_only_not_physical_memory_ler,3df4817ee6c17dff9027c19fec4a9ff465774c88ec5c1f535aaf6be3a068652b,T5.2.1
logical_seed_metric,202607162105,confirmation_sigma_0p025,0.28125,0.875,identity_reference_logical_flip_rate,0.897705078125,,,evaluator_only_not_physical_memory_ler,3df4817ee6c17dff9027c19fec4a9ff465774c88ec5c1f535aaf6be3a068652b,T5.2.1
logical_seed_metric,202607162105,confirmation_sigma_0p025,0.28125,0.875,analytic_nearest_operation_failure_rate,0.1056497736668553,,,evaluator_only_not_physical_memory_ler,3df4817ee6c17dff9027c19fec4a9ff465774c88ec5c1f535aaf6be3a068652b,T5.2.1
logical_seed_metric,202607162105,confirmation_sigma_0p025,0.3125,0.75,nearest_operation_logical_failure_rate,0.00537109375,,,evaluator_only_not_physical_memory_ler,3df4817ee6c17dff9027c19fec4a9ff465774c88ec5c1f535aaf6be3a068652b,T5.2.1
logical_seed_metric,202607162105,confirmation_sigma_0p025,0.3125,0.75,identity_reference_logical_flip_rate,0.99462890625,,,evaluator_only_not_physical_memory_ler,3df4817ee6c17dff9027c19fec4a9ff465774c88ec5c1f535aaf6be3a068652b,T5.2.1
logical_seed_metric,202607162105,confirmation_sigma_0p025,0.3125,0.75,analytic_nearest_operation_failure_rate,0.006209665325776144,,,evaluator_only_not_physical_memory_ler,3df4817ee6c17dff9027c19fec4a9ff465774c88ec5c1f535aaf6be3a068652b,T5.2.1
logical_seed_metric,202607162105,confirmation_sigma_0p025,0.34375,0.625,nearest_operation_logical_failure_rate,0.0,,,evaluator_only_not_physical_memory_ler,3df4817ee6c17dff9027c19fec4a9ff465774c88ec5c1f535aaf6be3a068652b,T5.2.1
logical_seed_metric,202607162105,confirmation_sigma_0p025,0.34375,0.625,identity_reference_logical_flip_rate,1.0,,,evaluator_only_not_physical_memory_ler,3df4817ee6c17dff9027c19fec4a9ff465774c88ec5c1f535aaf6be3a068652b,T5.2.1
logical_seed_metric,202607162105,confirmation_sigma_0p025,0.34375,0.625,analytic_nearest_operation_failure_rate,8.841728520080404e-05,,,evaluator_only_not_physical_memory_ler,3df4817ee6c17dff9027c19fec4a9ff465774c88ec5c1f535aaf6be3a068652b,T5.2.1
logical_seed_metric,202607162105,confirmation_sigma_0p025,0.375,0.5,nearest_operation_logical_failure_rate,0.0,,,evaluator_only_not_physical_memory_ler,3df4817ee6c17dff9027c19fec4a9ff465774c88ec5c1f535aaf6be3a068652b,T5.2.1
logical_seed_metric,202607162105,confirmation_sigma_0p025,0.375,0.5,identity_reference_logical_flip_rate,1.0,,,evaluator_only_not_physical_memory_ler,3df4817ee6c17dff9027c19fec4a9ff465774c88ec5c1f535aaf6be3a068652b,T5.2.1
logical_seed_metric,202607162105,confirmation_sigma_0p025,0.375,0.5,analytic_nearest_operation_failure_rate,2.866515718791955e-07,,,evaluator_only_not_physical_memory_ler,3df4817ee6c17dff9027c19fec4a9ff465774c88ec5c1f535aaf6be3a068652b,T5.2.1
logical_seed_metric,202607162105,confirmation_sigma_0p025,0.40625,0.375,nearest_operation_logical_failure_rate,0.0,,,evaluator_only_not_physical_memory_ler,3df4817ee6c17dff9027c19fec4a9ff465774c88ec5c1f535aaf6be3a068652b,T5.2.1
logical_seed_metric,202607162105,confirmation_sigma_0p025,0.40625,0.375,identity_reference_logical_flip_rate,1.0,,,evaluator_only_not_physical_memory_ler,3df4817ee6c17dff9027c19fec4a9ff465774c88ec5c1f535aaf6be3a068652b,T5.2.1
logical_seed_metric,202607162105,confirmation_sigma_0p025,0.40625,0.375,analytic_nearest_operation_failure_rate,2.052263425218952e-10,,,evaluator_only_not_physical_memory_ler,3df4817ee6c17dff9027c19fec4a9ff465774c88ec5c1f535aaf6be3a068652b,T5.2.1
logical_seed_metric,202607162105,confirmation_sigma_0p025,0.4375,0.25,nearest_operation_logical_failure_rate,0.0,,,evaluator_only_not_physical_memory_ler,3df4817ee6c17dff9027c19fec4a9ff465774c88ec5c1f535aaf6be3a068652b,T5.2.1
logical_seed_metric,202607162105,confirmation_sigma_0p025,0.4375,0.25,identity_reference_logical_flip_rate,1.0,,,evaluator_only_not_physical_memory_ler,3df4817ee6c17dff9027c19fec4a9ff465774c88ec5c1f535aaf6be3a068652b,T5.2.1
logical_seed_metric,202607162105,confirmation_sigma_0p025,0.4375,0.25,analytic_nearest_operation_failure_rate,3.19089167291092e-14,,,evaluator_only_not_physical_memory_ler,3df4817ee6c17dff9027c19fec4a9ff465774c88ec5c1f535aaf6be3a068652b,T5.2.1
logical_seed_metric,202607162105,confirmation_sigma_0p025,0.46875,0.125,nearest_operation_logical_failure_rate,0.0,,,evaluator_only_not_physical_memory_ler,3df4817ee6c17dff9027c19fec4a9ff465774c88ec5c1f535aaf6be3a068652b,T5.2.1
logical_seed_metric,202607162105,confirmation_sigma_0p025,0.46875,0.125,identity_reference_logical_flip_rate,1.0,,,evaluator_only_not_physical_memory_ler,3df4817ee6c17dff9027c19fec4a9ff465774c88ec5c1f535aaf6be3a068652b,T5.2.1
logical_seed_metric,202607162105,confirmation_sigma_0p025,0.46875,0.125,analytic_nearest_operation_failure_rate,1.0667637375475064e-18,,,evaluator_only_not_physical_memory_ler,3df4817ee6c17dff9027c19fec4a9ff465774c88ec5c1f535aaf6be3a068652b,T5.2.1
logical_seed_metric,202607162105,confirmation_sigma_0p025,0.5,0.0,nearest_operation_logical_failure_rate,0.0,,,evaluator_only_not_physical_memory_ler,3df4817ee6c17dff9027c19fec4a9ff465774c88ec5c1f535aaf6be3a068652b,T5.2.1
logical_seed_metric,202607162105,confirmation_sigma_0p025,0.5,0.0,identity_reference_logical_flip_rate,1.0,,,evaluator_only_not_physical_memory_ler,3df4817ee6c17dff9027c19fec4a9ff465774c88ec5c1f535aaf6be3a068652b,T5.2.1
logical_seed_metric,202607162105,confirmation_sigma_0p025,0.5,0.0,analytic_nearest_operation_failure_rate,7.619853024160689e-24,,,evaluator_only_not_physical_memory_ler,3df4817ee6c17dff9027c19fec4a9ff465774c88ec5c1f535aaf6be3a068652b,T5.2.1
logical_seed_metric,202607162106,primary_sigma_0p040,0.0,0.0,nearest_operation_logical_failure_rate,0.0,,,evaluator_only_not_physical_memory_ler,1b4c534f9222bd7f5927dc7471403b6ef26ad6387f12999aef18fd272578ece1,T5.2.1
logical_seed_metric,202607162106,primary_sigma_0p040,0.0,0.0,identity_reference_logical_flip_rate,0.0,,,evaluator_only_not_physical_memory_ler,1b4c534f9222bd7f5927dc7471403b6ef26ad6387f12999aef18fd272578ece1,T5.2.1
logical_seed_metric,202607162106,primary_sigma_0p040,0.0,0.0,analytic_nearest_operation_failure_rate,2.052263425218952e-10,,,evaluator_only_not_physical_memory_ler,1b4c534f9222bd7f5927dc7471403b6ef26ad6387f12999aef18fd272578ece1,T5.2.1
logical_seed_metric,202607162106,primary_sigma_0p040,0.03125,0.125,nearest_operation_logical_failure_rate,0.0,,,evaluator_only_not_physical_memory_ler,1b4c534f9222bd7f5927dc7471403b6ef26ad6387f12999aef18fd272578ece1,T5.2.1
logical_seed_metric,202607162106,primary_sigma_0p040,0.03125,0.125,identity_reference_logical_flip_rate,0.0,,,evaluator_only_not_physical_memory_ler,1b4c534f9222bd7f5927dc7471403b6ef26ad6387f12999aef18fd272578ece1,T5.2.1
logical_seed_metric,202607162106,primary_sigma_0p040,0.03125,0.125,analytic_nearest_operation_failure_rate,2.266102353349704e-08,,,evaluator_only_not_physical_memory_ler,1b4c534f9222bd7f5927dc7471403b6ef26ad6387f12999aef18fd272578ece1,T5.2.1
logical_seed_metric,202607162106,primary_sigma_0p040,0.0625,0.25,nearest_operation_logical_failure_rate,0.0,,,evaluator_only_not_physical_memory_ler,1b4c534f9222bd7f5927dc7471403b6ef26ad6387f12999aef18fd272578ece1,T5.2.1
logical_seed_metric,202607162106,primary_sigma_0p040,0.0625,0.25,identity_reference_logical_flip_rate,0.0,,,evaluator_only_not_physical_memory_ler,1b4c534f9222bd7f5927dc7471403b6ef26ad6387f12999aef18fd272578ece1,T5.2.1
logical_seed_metric,202607162106,primary_sigma_0p040,0.0625,0.25,analytic_nearest_operation_failure_rate,1.3828135064100948e-06,,,evaluator_only_not_physical_memory_ler,1b4c534f9222bd7f5927dc7471403b6ef26ad6387f12999aef18fd272578ece1,T5.2.1
logical_seed_metric,202607162106,primary_sigma_0p040,0.09375,0.375,nearest_operation_logical_failure_rate,0.0,,,evaluator_only_not_physical_memory_ler,1b4c534f9222bd7f5927dc7471403b6ef26ad6387f12999aef18fd272578ece1,T5.2.1
logical_seed_metric,202607162106,primary_sigma_0p040,0.09375,0.375,identity_reference_logical_flip_rate,0.0,,,evaluator_only_not_physical_memory_ler,1b4c534f9222bd7f5927dc7471403b6ef26ad6387f12999aef18fd272578ece1,T5.2.1
logical_seed_metric,202607162106,primary_sigma_0p040,0.09375,0.375,analytic_nearest_operation_failure_rate,4.6869765016455317e-05,,,evaluator_only_not_physical_memory_ler,1b4c534f9222bd7f5927dc7471403b6ef26ad6387f12999aef18fd272578ece1,T5.2.1
logical_seed_metric,202607162106,primary_sigma_0p040,0.125,0.5,nearest_operation_logical_failure_rate,0.001220703125,,,evaluator_only_not_physical_memory_ler,1b4c534f9222bd7f5927dc7471403b6ef26ad6387f12999aef18fd272578ece1,T5.2.1
logical_seed_metric,202607162106,primary_sigma_0p040,0.125,0.5,identity_reference_logical_flip_rate,0.001220703125,,,evaluator_only_not_physical_memory_ler,1b4c534f9222bd7f5927dc7471403b6ef26ad6387f12999aef18fd272578ece1,T5.2.1
logical_seed_metric,202607162106,primary_sigma_0p040,0.125,0.5,analytic_nearest_operation_failure_rate,0.0008890252991084335,,,evaluator_only_not_physical_memory_ler,1b4c534f9222bd7f5927dc7471403b6ef26ad6387f12999aef18fd272578ece1,T5.2.1
logical_seed_metric,202607162106,primary_sigma_0p040,0.15625,0.625,nearest_operation_logical_failure_rate,0.0126953125,,,evaluator_only_not_physical_memory_ler,1b4c534f9222bd7f5927dc7471403b6ef26ad6387f12999aef18fd272578ece1,T5.2.1
logical_seed_metric,202607162106,primary_sigma_0p040,0.15625,0.625,identity_reference_logical_flip_rate,0.0126953125,,,evaluator_only_not_physical_memory_ler,1b4c534f9222bd7f5927dc7471403b6ef26ad6387f12999aef18fd272578ece1,T5.2.1
logical_seed_metric,202607162106,primary_sigma_0p040,0.15625,0.625,analytic_nearest_operation_failure_rate,0.009545481536386161,,,evaluator_only_not_physical_memory_ler,1b4c534f9222bd7f5927dc7471403b6ef26ad6387f12999aef18fd272578ece1,T5.2.1
logical_seed_metric,202607162106,primary_sigma_0p040,0.1875,0.75,nearest_operation_logical_failure_rate,0.056640625,,,evaluator_only_not_physical_memory_ler,1b4c534f9222bd7f5927dc7471403b6ef26ad6387f12999aef18fd272578ece1,T5.2.1
logical_seed_metric,202607162106,primary_sigma_0p040,0.1875,0.75,identity_reference_logical_flip_rate,0.056640625,,,evaluator_only_not_physical_memory_ler,1b4c534f9222bd7f5927dc7471403b6ef26ad6387f12999aef18fd272578ece1,T5.2.1
logical_seed_metric,202607162106,primary_sigma_0p040,0.1875,0.75,analytic_nearest_operation_failure_rate,0.05908512293266757,,,evaluator_only_not_physical_memory_ler,1b4c534f9222bd7f5927dc7471403b6ef26ad6387f12999aef18fd272578ece1,T5.2.1
logical_seed_metric,202607162106,primary_sigma_0p040,0.21875,0.875,nearest_operation_logical_failure_rate,0.216796875,,,evaluator_only_not_physical_memory_ler,1b4c534f9222bd7f5927dc7471403b6ef26ad6387f12999aef18fd272578ece1,T5.2.1
logical_seed_metric,202607162106,primary_sigma_0p040,0.21875,0.875,identity_reference_logical_flip_rate,0.216796875,,,evaluator_only_not_physical_memory_ler,1b4c534f9222bd7f5927dc7471403b6ef26ad6387f12999aef18fd272578ece1,T5.2.1
logical_seed_metric,202607162106,primary_sigma_0p040,0.21875,0.875,analytic_nearest_operation_failure_rate,0.21732773567808567,,,evaluator_only_not_physical_memory_ler,1b4c534f9222bd7f5927dc7471403b6ef26ad6387f12999aef18fd272578ece1,T5.2.1
logical_seed_metric,202607162106,primary_sigma_0p040,0.25,1.0,nearest_operation_logical_failure_rate,0.50439453125,,,evaluator_only_not_physical_memory_ler,1b4c534f9222bd7f5927dc7471403b6ef26ad6387f12999aef18fd272578ece1,T5.2.1
logical_seed_metric,202607162106,primary_sigma_0p040,0.25,1.0,identity_reference_logical_flip_rate,0.49560546875,,,evaluator_only_not_physical_memory_ler,1b4c534f9222bd7f5927dc7471403b6ef26ad6387f12999aef18fd272578ece1,T5.2.1
logical_seed_metric,202607162106,primary_sigma_0p040,0.25,1.0,analytic_nearest_operation_failure_rate,0.5,,,evaluator_only_not_physical_memory_ler,1b4c534f9222bd7f5927dc7471403b6ef26ad6387f12999aef18fd272578ece1,T5.2.1
logical_seed_metric,202607162106,primary_sigma_0p040,0.28125,0.875,nearest_operation_logical_failure_rate,0.21826171875,,,evaluator_only_not_physical_memory_ler,1b4c534f9222bd7f5927dc7471403b6ef26ad6387f12999aef18fd272578ece1,T5.2.1
logical_seed_metric,202607162106,primary_sigma_0p040,0.28125,0.875,identity_reference_logical_flip_rate,0.78173828125,,,evaluator_only_not_physical_memory_ler,1b4c534f9222bd7f5927dc7471403b6ef26ad6387f12999aef18fd272578ece1,T5.2.1
logical_seed_metric,202607162106,primary_sigma_0p040,0.28125,0.875,analytic_nearest_operation_failure_rate,0.21732773567808567,,,evaluator_only_not_physical_memory_ler,1b4c534f9222bd7f5927dc7471403b6ef26ad6387f12999aef18fd272578ece1,T5.2.1
logical_seed_metric,202607162106,primary_sigma_0p040,0.3125,0.75,nearest_operation_logical_failure_rate,0.0546875,,,evaluator_only_not_physical_memory_ler,1b4c534f9222bd7f5927dc7471403b6ef26ad6387f12999aef18fd272578ece1,T5.2.1
logical_seed_metric,202607162106,primary_sigma_0p040,0.3125,0.75,identity_reference_logical_flip_rate,0.9453125,,,evaluator_only_not_physical_memory_ler,1b4c534f9222bd7f5927dc7471403b6ef26ad6387f12999aef18fd272578ece1,T5.2.1
logical_seed_metric,202607162106,primary_sigma_0p040,0.3125,0.75,analytic_nearest_operation_failure_rate,0.05908512293266757,,,evaluator_only_not_physical_memory_ler,1b4c534f9222bd7f5927dc7471403b6ef26ad6387f12999aef18fd272578ece1,T5.2.1
logical_seed_metric,202607162106,primary_sigma_0p040,0.34375,0.625,nearest_operation_logical_failure_rate,0.0078125,,,evaluator_only_not_physical_memory_ler,1b4c534f9222bd7f5927dc7471403b6ef26ad6387f12999aef18fd272578ece1,T5.2.1
logical_seed_metric,202607162106,primary_sigma_0p040,0.34375,0.625,identity_reference_logical_flip_rate,0.9921875,,,evaluator_only_not_physical_memory_ler,1b4c534f9222bd7f5927dc7471403b6ef26ad6387f12999aef18fd272578ece1,T5.2.1
logical_seed_metric,202607162106,primary_sigma_0p040,0.34375,0.625,analytic_nearest_operation_failure_rate,0.009545481536386161,,,evaluator_only_not_physical_memory_ler,1b4c534f9222bd7f5927dc7471403b6ef26ad6387f12999aef18fd272578ece1,T5.2.1
logical_seed_metric,202607162106,primary_sigma_0p040,0.375,0.5,nearest_operation_logical_failure_rate,0.00048828125,,,evaluator_only_not_physical_memory_ler,1b4c534f9222bd7f5927dc7471403b6ef26ad6387f12999aef18fd272578ece1,T5.2.1
logical_seed_metric,202607162106,primary_sigma_0p040,0.375,0.5,identity_reference_logical_flip_rate,0.99951171875,,,evaluator_only_not_physical_memory_ler,1b4c534f9222bd7f5927dc7471403b6ef26ad6387f12999aef18fd272578ece1,T5.2.1
logical_seed_metric,202607162106,primary_sigma_0p040,0.375,0.5,analytic_nearest_operation_failure_rate,0.0008890252991084335,,,evaluator_only_not_physical_memory_ler,1b4c534f9222bd7f5927dc7471403b6ef26ad6387f12999aef18fd272578ece1,T5.2.1
logical_seed_metric,202607162106,primary_sigma_0p040,0.40625,0.375,nearest_operation_logical_failure_rate,0.0,,,evaluator_only_not_physical_memory_ler,1b4c534f9222bd7f5927dc7471403b6ef26ad6387f12999aef18fd272578ece1,T5.2.1
logical_seed_metric,202607162106,primary_sigma_0p040,0.40625,0.375,identity_reference_logical_flip_rate,1.0,,,evaluator_only_not_physical_memory_ler,1b4c534f9222bd7f5927dc7471403b6ef26ad6387f12999aef18fd272578ece1,T5.2.1
logical_seed_metric,202607162106,primary_sigma_0p040,0.40625,0.375,analytic_nearest_operation_failure_rate,4.6869765016455317e-05,,,evaluator_only_not_physical_memory_ler,1b4c534f9222bd7f5927dc7471403b6ef26ad6387f12999aef18fd272578ece1,T5.2.1
logical_seed_metric,202607162106,primary_sigma_0p040,0.4375,0.25,nearest_operation_logical_failure_rate,0.0,,,evaluator_only_not_physical_memory_ler,1b4c534f9222bd7f5927dc7471403b6ef26ad6387f12999aef18fd272578ece1,T5.2.1
logical_seed_metric,202607162106,primary_sigma_0p040,0.4375,0.25,identity_reference_logical_flip_rate,1.0,,,evaluator_only_not_physical_memory_ler,1b4c534f9222bd7f5927dc7471403b6ef26ad6387f12999aef18fd272578ece1,T5.2.1
logical_seed_metric,202607162106,primary_sigma_0p040,0.4375,0.25,analytic_nearest_operation_failure_rate,1.3828135064100948e-06,,,evaluator_only_not_physical_memory_ler,1b4c534f9222bd7f5927dc7471403b6ef26ad6387f12999aef18fd272578ece1,T5.2.1
logical_seed_metric,202607162106,primary_sigma_0p040,0.46875,0.125,nearest_operation_logical_failure_rate,0.0,,,evaluator_only_not_physical_memory_ler,1b4c534f9222bd7f5927dc7471403b6ef26ad6387f12999aef18fd272578ece1,T5.2.1
logical_seed_metric,202607162106,primary_sigma_0p040,0.46875,0.125,identity_reference_logical_flip_rate,1.0,,,evaluator_only_not_physical_memory_ler,1b4c534f9222bd7f5927dc7471403b6ef26ad6387f12999aef18fd272578ece1,T5.2.1
logical_seed_metric,202607162106,primary_sigma_0p040,0.46875,0.125,analytic_nearest_operation_failure_rate,2.266102353349704e-08,,,evaluator_only_not_physical_memory_ler,1b4c534f9222bd7f5927dc7471403b6ef26ad6387f12999aef18fd272578ece1,T5.2.1
logical_seed_metric,202607162106,primary_sigma_0p040,0.5,0.0,nearest_operation_logical_failure_rate,0.0,,,evaluator_only_not_physical_memory_ler,1b4c534f9222bd7f5927dc7471403b6ef26ad6387f12999aef18fd272578ece1,T5.2.1
logical_seed_metric,202607162106,primary_sigma_0p040,0.5,0.0,identity_reference_logical_flip_rate,1.0,,,evaluator_only_not_physical_memory_ler,1b4c534f9222bd7f5927dc7471403b6ef26ad6387f12999aef18fd272578ece1,T5.2.1
logical_seed_metric,202607162106,primary_sigma_0p040,0.5,0.0,analytic_nearest_operation_failure_rate,2.052263425218952e-10,,,evaluator_only_not_physical_memory_ler,1b4c534f9222bd7f5927dc7471403b6ef26ad6387f12999aef18fd272578ece1,T5.2.1
logical_seed_metric,202607162106,confirmation_sigma_0p025,0.0,0.0,nearest_operation_logical_failure_rate,0.0,,,evaluator_only_not_physical_memory_ler,cf87d6848e359650c3e5451dc390b6507ac6ceb01dbde9853fb5ed74afe55583,T5.2.1
logical_seed_metric,202607162106,confirmation_sigma_0p025,0.0,0.0,identity_reference_logical_flip_rate,0.0,,,evaluator_only_not_physical_memory_ler,cf87d6848e359650c3e5451dc390b6507ac6ceb01dbde9853fb5ed74afe55583,T5.2.1
logical_seed_metric,202607162106,confirmation_sigma_0p025,0.0,0.0,analytic_nearest_operation_failure_rate,7.619853024160689e-24,,,evaluator_only_not_physical_memory_ler,cf87d6848e359650c3e5451dc390b6507ac6ceb01dbde9853fb5ed74afe55583,T5.2.1
logical_seed_metric,202607162106,confirmation_sigma_0p025,0.03125,0.125,nearest_operation_logical_failure_rate,0.0,,,evaluator_only_not_physical_memory_ler,cf87d6848e359650c3e5451dc390b6507ac6ceb01dbde9853fb5ed74afe55583,T5.2.1
logical_seed_metric,202607162106,confirmation_sigma_0p025,0.03125,0.125,identity_reference_logical_flip_rate,0.0,,,evaluator_only_not_physical_memory_ler,cf87d6848e359650c3e5451dc390b6507ac6ceb01dbde9853fb5ed74afe55583,T5.2.1
logical_seed_metric,202607162106,confirmation_sigma_0p025,0.03125,0.125,analytic_nearest_operation_failure_rate,1.0667637375475064e-18,,,evaluator_only_not_physical_memory_ler,cf87d6848e359650c3e5451dc390b6507ac6ceb01dbde9853fb5ed74afe55583,T5.2.1
logical_seed_metric,202607162106,confirmation_sigma_0p025,0.0625,0.25,nearest_operation_logical_failure_rate,0.0,,,evaluator_only_not_physical_memory_ler,cf87d6848e359650c3e5451dc390b6507ac6ceb01dbde9853fb5ed74afe55583,T5.2.1
logical_seed_metric,202607162106,confirmation_sigma_0p025,0.0625,0.25,identity_reference_logical_flip_rate,0.0,,,evaluator_only_not_physical_memory_ler,cf87d6848e359650c3e5451dc390b6507ac6ceb01dbde9853fb5ed74afe55583,T5.2.1
logical_seed_metric,202607162106,confirmation_sigma_0p025,0.0625,0.25,analytic_nearest_operation_failure_rate,3.19089167291092e-14,,,evaluator_only_not_physical_memory_ler,cf87d6848e359650c3e5451dc390b6507ac6ceb01dbde9853fb5ed74afe55583,T5.2.1
logical_seed_metric,202607162106,confirmation_sigma_0p025,0.09375,0.375,nearest_operation_logical_failure_rate,0.0,,,evaluator_only_not_physical_memory_ler,cf87d6848e359650c3e5451dc390b6507ac6ceb01dbde9853fb5ed74afe55583,T5.2.1
logical_seed_metric,202607162106,confirmation_sigma_0p025,0.09375,0.375,identity_reference_logical_flip_rate,0.0,,,evaluator_only_not_physical_memory_ler,cf87d6848e359650c3e5451dc390b6507ac6ceb01dbde9853fb5ed74afe55583,T5.2.1
logical_seed_metric,202607162106,confirmation_sigma_0p025,0.09375,0.375,analytic_nearest_operation_failure_rate,2.052263425218952e-10,,,evaluator_only_not_physical_memory_ler,cf87d6848e359650c3e5451dc390b6507ac6ceb01dbde9853fb5ed74afe55583,T5.2.1
logical_seed_metric,202607162106,confirmation_sigma_0p025,0.125,0.5,nearest_operation_logical_failure_rate,0.0,,,evaluator_only_not_physical_memory_ler,cf87d6848e359650c3e5451dc390b6507ac6ceb01dbde9853fb5ed74afe55583,T5.2.1
logical_seed_metric,202607162106,confirmation_sigma_0p025,0.125,0.5,identity_reference_logical_flip_rate,0.0,,,evaluator_only_not_physical_memory_ler,cf87d6848e359650c3e5451dc390b6507ac6ceb01dbde9853fb5ed74afe55583,T5.2.1
logical_seed_metric,202607162106,confirmation_sigma_0p025,0.125,0.5,analytic_nearest_operation_failure_rate,2.866515718791955e-07,,,evaluator_only_not_physical_memory_ler,cf87d6848e359650c3e5451dc390b6507ac6ceb01dbde9853fb5ed74afe55583,T5.2.1
logical_seed_metric,202607162106,confirmation_sigma_0p025,0.15625,0.625,nearest_operation_logical_failure_rate,0.000244140625,,,evaluator_only_not_physical_memory_ler,cf87d6848e359650c3e5451dc390b6507ac6ceb01dbde9853fb5ed74afe55583,T5.2.1
logical_seed_metric,202607162106,confirmation_sigma_0p025,0.15625,0.625,identity_reference_logical_flip_rate,0.000244140625,,,evaluator_only_not_physical_memory_ler,cf87d6848e359650c3e5451dc390b6507ac6ceb01dbde9853fb5ed74afe55583,T5.2.1
logical_seed_metric,202607162106,confirmation_sigma_0p025,0.15625,0.625,analytic_nearest_operation_failure_rate,8.841728520080404e-05,,,evaluator_only_not_physical_memory_ler,cf87d6848e359650c3e5451dc390b6507ac6ceb01dbde9853fb5ed74afe55583,T5.2.1
logical_seed_metric,202607162106,confirmation_sigma_0p025,0.1875,0.75,nearest_operation_logical_failure_rate,0.0048828125,,,evaluator_only_not_physical_memory_ler,cf87d6848e359650c3e5451dc390b6507ac6ceb01dbde9853fb5ed74afe55583,T5.2.1
logical_seed_metric,202607162106,confirmation_sigma_0p025,0.1875,0.75,identity_reference_logical_flip_rate,0.0048828125,,,evaluator_only_not_physical_memory_ler,cf87d6848e359650c3e5451dc390b6507ac6ceb01dbde9853fb5ed74afe55583,T5.2.1
logical_seed_metric,202607162106,confirmation_sigma_0p025,0.1875,0.75,analytic_nearest_operation_failure_rate,0.006209665325776144,,,evaluator_only_not_physical_memory_ler,cf87d6848e359650c3e5451dc390b6507ac6ceb01dbde9853fb5ed74afe55583,T5.2.1
logical_seed_metric,202607162106,confirmation_sigma_0p025,0.21875,0.875,nearest_operation_logical_failure_rate,0.103271484375,,,evaluator_only_not_physical_memory_ler,cf87d6848e359650c3e5451dc390b6507ac6ceb01dbde9853fb5ed74afe55583,T5.2.1
logical_seed_metric,202607162106,confirmation_sigma_0p025,0.21875,0.875,identity_reference_logical_flip_rate,0.103271484375,,,evaluator_only_not_physical_memory_ler,cf87d6848e359650c3e5451dc390b6507ac6ceb01dbde9853fb5ed74afe55583,T5.2.1
logical_seed_metric,202607162106,confirmation_sigma_0p025,0.21875,0.875,analytic_nearest_operation_failure_rate,0.1056497736668553,,,evaluator_only_not_physical_memory_ler,cf87d6848e359650c3e5451dc390b6507ac6ceb01dbde9853fb5ed74afe55583,T5.2.1
logical_seed_metric,202607162106,confirmation_sigma_0p025,0.25,1.0,nearest_operation_logical_failure_rate,0.48095703125,,,evaluator_only_not_physical_memory_ler,cf87d6848e359650c3e5451dc390b6507ac6ceb01dbde9853fb5ed74afe55583,T5.2.1
logical_seed_metric,202607162106,confirmation_sigma_0p025,0.25,1.0,identity_reference_logical_flip_rate,0.51904296875,,,evaluator_only_not_physical_memory_ler,cf87d6848e359650c3e5451dc390b6507ac6ceb01dbde9853fb5ed74afe55583,T5.2.1
logical_seed_metric,202607162106,confirmation_sigma_0p025,0.25,1.0,analytic_nearest_operation_failure_rate,0.5,,,evaluator_only_not_physical_memory_ler,cf87d6848e359650c3e5451dc390b6507ac6ceb01dbde9853fb5ed74afe55583,T5.2.1
logical_seed_metric,202607162106,confirmation_sigma_0p025,0.28125,0.875,nearest_operation_logical_failure_rate,0.095458984375,,,evaluator_only_not_physical_memory_ler,cf87d6848e359650c3e5451dc390b6507ac6ceb01dbde9853fb5ed74afe55583,T5.2.1
logical_seed_metric,202607162106,confirmation_sigma_0p025,0.28125,0.875,identity_reference_logical_flip_rate,0.904541015625,,,evaluator_only_not_physical_memory_ler,cf87d6848e359650c3e5451dc390b6507ac6ceb01dbde9853fb5ed74afe55583,T5.2.1
logical_seed_metric,202607162106,confirmation_sigma_0p025,0.28125,0.875,analytic_nearest_operation_failure_rate,0.1056497736668553,,,evaluator_only_not_physical_memory_ler,cf87d6848e359650c3e5451dc390b6507ac6ceb01dbde9853fb5ed74afe55583,T5.2.1
logical_seed_metric,202607162106,confirmation_sigma_0p025,0.3125,0.75,nearest_operation_logical_failure_rate,0.007080078125,,,evaluator_only_not_physical_memory_ler,cf87d6848e359650c3e5451dc390b6507ac6ceb01dbde9853fb5ed74afe55583,T5.2.1
logical_seed_metric,202607162106,confirmation_sigma_0p025,0.3125,0.75,identity_reference_logical_flip_rate,0.992919921875,,,evaluator_only_not_physical_memory_ler,cf87d6848e359650c3e5451dc390b6507ac6ceb01dbde9853fb5ed74afe55583,T5.2.1
logical_seed_metric,202607162106,confirmation_sigma_0p025,0.3125,0.75,analytic_nearest_operation_failure_rate,0.006209665325776144,,,evaluator_only_not_physical_memory_ler,cf87d6848e359650c3e5451dc390b6507ac6ceb01dbde9853fb5ed74afe55583,T5.2.1
logical_seed_metric,202607162106,confirmation_sigma_0p025,0.34375,0.625,nearest_operation_logical_failure_rate,0.0,,,evaluator_only_not_physical_memory_ler,cf87d6848e359650c3e5451dc390b6507ac6ceb01dbde9853fb5ed74afe55583,T5.2.1
logical_seed_metric,202607162106,confirmation_sigma_0p025,0.34375,0.625,identity_reference_logical_flip_rate,1.0,,,evaluator_only_not_physical_memory_ler,cf87d6848e359650c3e5451dc390b6507ac6ceb01dbde9853fb5ed74afe55583,T5.2.1
logical_seed_metric,202607162106,confirmation_sigma_0p025,0.34375,0.625,analytic_nearest_operation_failure_rate,8.841728520080404e-05,,,evaluator_only_not_physical_memory_ler,cf87d6848e359650c3e5451dc390b6507ac6ceb01dbde9853fb5ed74afe55583,T5.2.1
logical_seed_metric,202607162106,confirmation_sigma_0p025,0.375,0.5,nearest_operation_logical_failure_rate,0.0,,,evaluator_only_not_physical_memory_ler,cf87d6848e359650c3e5451dc390b6507ac6ceb01dbde9853fb5ed74afe55583,T5.2.1
logical_seed_metric,202607162106,confirmation_sigma_0p025,0.375,0.5,identity_reference_logical_flip_rate,1.0,,,evaluator_only_not_physical_memory_ler,cf87d6848e359650c3e5451dc390b6507ac6ceb01dbde9853fb5ed74afe55583,T5.2.1
logical_seed_metric,202607162106,confirmation_sigma_0p025,0.375,0.5,analytic_nearest_operation_failure_rate,2.866515718791955e-07,,,evaluator_only_not_physical_memory_ler,cf87d6848e359650c3e5451dc390b6507ac6ceb01dbde9853fb5ed74afe55583,T5.2.1
logical_seed_metric,202607162106,confirmation_sigma_0p025,0.40625,0.375,nearest_operation_logical_failure_rate,0.0,,,evaluator_only_not_physical_memory_ler,cf87d6848e359650c3e5451dc390b6507ac6ceb01dbde9853fb5ed74afe55583,T5.2.1
logical_seed_metric,202607162106,confirmation_sigma_0p025,0.40625,0.375,identity_reference_logical_flip_rate,1.0,,,evaluator_only_not_physical_memory_ler,cf87d6848e359650c3e5451dc390b6507ac6ceb01dbde9853fb5ed74afe55583,T5.2.1
logical_seed_metric,202607162106,confirmation_sigma_0p025,0.40625,0.375,analytic_nearest_operation_failure_rate,2.052263425218952e-10,,,evaluator_only_not_physical_memory_ler,cf87d6848e359650c3e5451dc390b6507ac6ceb01dbde9853fb5ed74afe55583,T5.2.1
logical_seed_metric,202607162106,confirmation_sigma_0p025,0.4375,0.25,nearest_operation_logical_failure_rate,0.0,,,evaluator_only_not_physical_memory_ler,cf87d6848e359650c3e5451dc390b6507ac6ceb01dbde9853fb5ed74afe55583,T5.2.1
logical_seed_metric,202607162106,confirmation_sigma_0p025,0.4375,0.25,identity_reference_logical_flip_rate,1.0,,,evaluator_only_not_physical_memory_ler,cf87d6848e359650c3e5451dc390b6507ac6ceb01dbde9853fb5ed74afe55583,T5.2.1
logical_seed_metric,202607162106,confirmation_sigma_0p025,0.4375,0.25,analytic_nearest_operation_failure_rate,3.19089167291092e-14,,,evaluator_only_not_physical_memory_ler,cf87d6848e359650c3e5451dc390b6507ac6ceb01dbde9853fb5ed74afe55583,T5.2.1
logical_seed_metric,202607162106,confirmation_sigma_0p025,0.46875,0.125,nearest_operation_logical_failure_rate,0.0,,,evaluator_only_not_physical_memory_ler,cf87d6848e359650c3e5451dc390b6507ac6ceb01dbde9853fb5ed74afe55583,T5.2.1
logical_seed_metric,202607162106,confirmation_sigma_0p025,0.46875,0.125,identity_reference_logical_flip_rate,1.0,,,evaluator_only_not_physical_memory_ler,cf87d6848e359650c3e5451dc390b6507ac6ceb01dbde9853fb5ed74afe55583,T5.2.1
logical_seed_metric,202607162106,confirmation_sigma_0p025,0.46875,0.125,analytic_nearest_operation_failure_rate,1.0667637375475064e-18,,,evaluator_only_not_physical_memory_ler,cf87d6848e359650c3e5451dc390b6507ac6ceb01dbde9853fb5ed74afe55583,T5.2.1
logical_seed_metric,202607162106,confirmation_sigma_0p025,0.5,0.0,nearest_operation_logical_failure_rate,0.0,,,evaluator_only_not_physical_memory_ler,cf87d6848e359650c3e5451dc390b6507ac6ceb01dbde9853fb5ed74afe55583,T5.2.1
logical_seed_metric,202607162106,confirmation_sigma_0p025,0.5,0.0,identity_reference_logical_flip_rate,1.0,,,evaluator_only_not_physical_memory_ler,cf87d6848e359650c3e5451dc390b6507ac6ceb01dbde9853fb5ed74afe55583,T5.2.1
logical_seed_metric,202607162106,confirmation_sigma_0p025,0.5,0.0,analytic_nearest_operation_failure_rate,7.619853024160689e-24,,,evaluator_only_not_physical_memory_ler,cf87d6848e359650c3e5451dc390b6507ac6ceb01dbde9853fb5ed74afe55583,T5.2.1
logical_seed_metric,202607162107,primary_sigma_0p040,0.0,0.0,nearest_operation_logical_failure_rate,0.0,,,evaluator_only_not_physical_memory_ler,3e25da3c682c8cbf0dbd7d2c684a7a8df7558030e0d40f7eba4aed3e700b86d3,T5.2.1
logical_seed_metric,202607162107,primary_sigma_0p040,0.0,0.0,identity_reference_logical_flip_rate,0.0,,,evaluator_only_not_physical_memory_ler,3e25da3c682c8cbf0dbd7d2c684a7a8df7558030e0d40f7eba4aed3e700b86d3,T5.2.1
logical_seed_metric,202607162107,primary_sigma_0p040,0.0,0.0,analytic_nearest_operation_failure_rate,2.052263425218952e-10,,,evaluator_only_not_physical_memory_ler,3e25da3c682c8cbf0dbd7d2c684a7a8df7558030e0d40f7eba4aed3e700b86d3,T5.2.1
logical_seed_metric,202607162107,primary_sigma_0p040,0.03125,0.125,nearest_operation_logical_failure_rate,0.0,,,evaluator_only_not_physical_memory_ler,3e25da3c682c8cbf0dbd7d2c684a7a8df7558030e0d40f7eba4aed3e700b86d3,T5.2.1
logical_seed_metric,202607162107,primary_sigma_0p040,0.03125,0.125,identity_reference_logical_flip_rate,0.0,,,evaluator_only_not_physical_memory_ler,3e25da3c682c8cbf0dbd7d2c684a7a8df7558030e0d40f7eba4aed3e700b86d3,T5.2.1
logical_seed_metric,202607162107,primary_sigma_0p040,0.03125,0.125,analytic_nearest_operation_failure_rate,2.266102353349704e-08,,,evaluator_only_not_physical_memory_ler,3e25da3c682c8cbf0dbd7d2c684a7a8df7558030e0d40f7eba4aed3e700b86d3,T5.2.1
logical_seed_metric,202607162107,primary_sigma_0p040,0.0625,0.25,nearest_operation_logical_failure_rate,0.0,,,evaluator_only_not_physical_memory_ler,3e25da3c682c8cbf0dbd7d2c684a7a8df7558030e0d40f7eba4aed3e700b86d3,T5.2.1
logical_seed_metric,202607162107,primary_sigma_0p040,0.0625,0.25,identity_reference_logical_flip_rate,0.0,,,evaluator_only_not_physical_memory_ler,3e25da3c682c8cbf0dbd7d2c684a7a8df7558030e0d40f7eba4aed3e700b86d3,T5.2.1
logical_seed_metric,202607162107,primary_sigma_0p040,0.0625,0.25,analytic_nearest_operation_failure_rate,1.3828135064100948e-06,,,evaluator_only_not_physical_memory_ler,3e25da3c682c8cbf0dbd7d2c684a7a8df7558030e0d40f7eba4aed3e700b86d3,T5.2.1
logical_seed_metric,202607162107,primary_sigma_0p040,0.09375,0.375,nearest_operation_logical_failure_rate,0.0,,,evaluator_only_not_physical_memory_ler,3e25da3c682c8cbf0dbd7d2c684a7a8df7558030e0d40f7eba4aed3e700b86d3,T5.2.1
logical_seed_metric,202607162107,primary_sigma_0p040,0.09375,0.375,identity_reference_logical_flip_rate,0.0,,,evaluator_only_not_physical_memory_ler,3e25da3c682c8cbf0dbd7d2c684a7a8df7558030e0d40f7eba4aed3e700b86d3,T5.2.1
logical_seed_metric,202607162107,primary_sigma_0p040,0.09375,0.375,analytic_nearest_operation_failure_rate,4.6869765016455317e-05,,,evaluator_only_not_physical_memory_ler,3e25da3c682c8cbf0dbd7d2c684a7a8df7558030e0d40f7eba4aed3e700b86d3,T5.2.1
logical_seed_metric,202607162107,primary_sigma_0p040,0.125,0.5,nearest_operation_logical_failure_rate,0.0009765625,,,evaluator_only_not_physical_memory_ler,3e25da3c682c8cbf0dbd7d2c684a7a8df7558030e0d40f7eba4aed3e700b86d3,T5.2.1
logical_seed_metric,202607162107,primary_sigma_0p040,0.125,0.5,identity_reference_logical_flip_rate,0.0009765625,,,evaluator_only_not_physical_memory_ler,3e25da3c682c8cbf0dbd7d2c684a7a8df7558030e0d40f7eba4aed3e700b86d3,T5.2.1
logical_seed_metric,202607162107,primary_sigma_0p040,0.125,0.5,analytic_nearest_operation_failure_rate,0.0008890252991084335,,,evaluator_only_not_physical_memory_ler,3e25da3c682c8cbf0dbd7d2c684a7a8df7558030e0d40f7eba4aed3e700b86d3,T5.2.1
logical_seed_metric,202607162107,primary_sigma_0p040,0.15625,0.625,nearest_operation_logical_failure_rate,0.010009765625,,,evaluator_only_not_physical_memory_ler,3e25da3c682c8cbf0dbd7d2c684a7a8df7558030e0d40f7eba4aed3e700b86d3,T5.2.1
logical_seed_metric,202607162107,primary_sigma_0p040,0.15625,0.625,identity_reference_logical_flip_rate,0.010009765625,,,evaluator_only_not_physical_memory_ler,3e25da3c682c8cbf0dbd7d2c684a7a8df7558030e0d40f7eba4aed3e700b86d3,T5.2.1
logical_seed_metric,202607162107,primary_sigma_0p040,0.15625,0.625,analytic_nearest_operation_failure_rate,0.009545481536386161,,,evaluator_only_not_physical_memory_ler,3e25da3c682c8cbf0dbd7d2c684a7a8df7558030e0d40f7eba4aed3e700b86d3,T5.2.1
logical_seed_metric,202607162107,primary_sigma_0p040,0.1875,0.75,nearest_operation_logical_failure_rate,0.061767578125,,,evaluator_only_not_physical_memory_ler,3e25da3c682c8cbf0dbd7d2c684a7a8df7558030e0d40f7eba4aed3e700b86d3,T5.2.1
logical_seed_metric,202607162107,primary_sigma_0p040,0.1875,0.75,identity_reference_logical_flip_rate,0.061767578125,,,evaluator_only_not_physical_memory_ler,3e25da3c682c8cbf0dbd7d2c684a7a8df7558030e0d40f7eba4aed3e700b86d3,T5.2.1
logical_seed_metric,202607162107,primary_sigma_0p040,0.1875,0.75,analytic_nearest_operation_failure_rate,0.05908512293266757,,,evaluator_only_not_physical_memory_ler,3e25da3c682c8cbf0dbd7d2c684a7a8df7558030e0d40f7eba4aed3e700b86d3,T5.2.1
logical_seed_metric,202607162107,primary_sigma_0p040,0.21875,0.875,nearest_operation_logical_failure_rate,0.226806640625,,,evaluator_only_not_physical_memory_ler,3e25da3c682c8cbf0dbd7d2c684a7a8df7558030e0d40f7eba4aed3e700b86d3,T5.2.1
logical_seed_metric,202607162107,primary_sigma_0p040,0.21875,0.875,identity_reference_logical_flip_rate,0.226806640625,,,evaluator_only_not_physical_memory_ler,3e25da3c682c8cbf0dbd7d2c684a7a8df7558030e0d40f7eba4aed3e700b86d3,T5.2.1
logical_seed_metric,202607162107,primary_sigma_0p040,0.21875,0.875,analytic_nearest_operation_failure_rate,0.21732773567808567,,,evaluator_only_not_physical_memory_ler,3e25da3c682c8cbf0dbd7d2c684a7a8df7558030e0d40f7eba4aed3e700b86d3,T5.2.1
logical_seed_metric,202607162107,primary_sigma_0p040,0.25,1.0,nearest_operation_logical_failure_rate,0.488525390625,,,evaluator_only_not_physical_memory_ler,3e25da3c682c8cbf0dbd7d2c684a7a8df7558030e0d40f7eba4aed3e700b86d3,T5.2.1
logical_seed_metric,202607162107,primary_sigma_0p040,0.25,1.0,identity_reference_logical_flip_rate,0.511474609375,,,evaluator_only_not_physical_memory_ler,3e25da3c682c8cbf0dbd7d2c684a7a8df7558030e0d40f7eba4aed3e700b86d3,T5.2.1
logical_seed_metric,202607162107,primary_sigma_0p040,0.25,1.0,analytic_nearest_operation_failure_rate,0.5,,,evaluator_only_not_physical_memory_ler,3e25da3c682c8cbf0dbd7d2c684a7a8df7558030e0d40f7eba4aed3e700b86d3,T5.2.1
logical_seed_metric,202607162107,primary_sigma_0p040,0.28125,0.875,nearest_operation_logical_failure_rate,0.214111328125,,,evaluator_only_not_physical_memory_ler,3e25da3c682c8cbf0dbd7d2c684a7a8df7558030e0d40f7eba4aed3e700b86d3,T5.2.1
logical_seed_metric,202607162107,primary_sigma_0p040,0.28125,0.875,identity_reference_logical_flip_rate,0.785888671875,,,evaluator_only_not_physical_memory_ler,3e25da3c682c8cbf0dbd7d2c684a7a8df7558030e0d40f7eba4aed3e700b86d3,T5.2.1
logical_seed_metric,202607162107,primary_sigma_0p040,0.28125,0.875,analytic_nearest_operation_failure_rate,0.21732773567808567,,,evaluator_only_not_physical_memory_ler,3e25da3c682c8cbf0dbd7d2c684a7a8df7558030e0d40f7eba4aed3e700b86d3,T5.2.1
logical_seed_metric,202607162107,primary_sigma_0p040,0.3125,0.75,nearest_operation_logical_failure_rate,0.06103515625,,,evaluator_only_not_physical_memory_ler,3e25da3c682c8cbf0dbd7d2c684a7a8df7558030e0d40f7eba4aed3e700b86d3,T5.2.1
logical_seed_metric,202607162107,primary_sigma_0p040,0.3125,0.75,identity_reference_logical_flip_rate,0.93896484375,,,evaluator_only_not_physical_memory_ler,3e25da3c682c8cbf0dbd7d2c684a7a8df7558030e0d40f7eba4aed3e700b86d3,T5.2.1
logical_seed_metric,202607162107,primary_sigma_0p040,0.3125,0.75,analytic_nearest_operation_failure_rate,0.05908512293266757,,,evaluator_only_not_physical_memory_ler,3e25da3c682c8cbf0dbd7d2c684a7a8df7558030e0d40f7eba4aed3e700b86d3,T5.2.1
logical_seed_metric,202607162107,primary_sigma_0p040,0.34375,0.625,nearest_operation_logical_failure_rate,0.01123046875,,,evaluator_only_not_physical_memory_ler,3e25da3c682c8cbf0dbd7d2c684a7a8df7558030e0d40f7eba4aed3e700b86d3,T5.2.1
logical_seed_metric,202607162107,primary_sigma_0p040,0.34375,0.625,identity_reference_logical_flip_rate,0.98876953125,,,evaluator_only_not_physical_memory_ler,3e25da3c682c8cbf0dbd7d2c684a7a8df7558030e0d40f7eba4aed3e700b86d3,T5.2.1
logical_seed_metric,202607162107,primary_sigma_0p040,0.34375,0.625,analytic_nearest_operation_failure_rate,0.009545481536386161,,,evaluator_only_not_physical_memory_ler,3e25da3c682c8cbf0dbd7d2c684a7a8df7558030e0d40f7eba4aed3e700b86d3,T5.2.1
logical_seed_metric,202607162107,primary_sigma_0p040,0.375,0.5,nearest_operation_logical_failure_rate,0.001708984375,,,evaluator_only_not_physical_memory_ler,3e25da3c682c8cbf0dbd7d2c684a7a8df7558030e0d40f7eba4aed3e700b86d3,T5.2.1
logical_seed_metric,202607162107,primary_sigma_0p040,0.375,0.5,identity_reference_logical_flip_rate,0.998291015625,,,evaluator_only_not_physical_memory_ler,3e25da3c682c8cbf0dbd7d2c684a7a8df7558030e0d40f7eba4aed3e700b86d3,T5.2.1
logical_seed_metric,202607162107,primary_sigma_0p040,0.375,0.5,analytic_nearest_operation_failure_rate,0.0008890252991084335,,,evaluator_only_not_physical_memory_ler,3e25da3c682c8cbf0dbd7d2c684a7a8df7558030e0d40f7eba4aed3e700b86d3,T5.2.1
logical_seed_metric,202607162107,primary_sigma_0p040,0.40625,0.375,nearest_operation_logical_failure_rate,0.0,,,evaluator_only_not_physical_memory_ler,3e25da3c682c8cbf0dbd7d2c684a7a8df7558030e0d40f7eba4aed3e700b86d3,T5.2.1
logical_seed_metric,202607162107,primary_sigma_0p040,0.40625,0.375,identity_reference_logical_flip_rate,1.0,,,evaluator_only_not_physical_memory_ler,3e25da3c682c8cbf0dbd7d2c684a7a8df7558030e0d40f7eba4aed3e700b86d3,T5.2.1
logical_seed_metric,202607162107,primary_sigma_0p040,0.40625,0.375,analytic_nearest_operation_failure_rate,4.6869765016455317e-05,,,evaluator_only_not_physical_memory_ler,3e25da3c682c8cbf0dbd7d2c684a7a8df7558030e0d40f7eba4aed3e700b86d3,T5.2.1
logical_seed_metric,202607162107,primary_sigma_0p040,0.4375,0.25,nearest_operation_logical_failure_rate,0.0,,,evaluator_only_not_physical_memory_ler,3e25da3c682c8cbf0dbd7d2c684a7a8df7558030e0d40f7eba4aed3e700b86d3,T5.2.1
logical_seed_metric,202607162107,primary_sigma_0p040,0.4375,0.25,identity_reference_logical_flip_rate,1.0,,,evaluator_only_not_physical_memory_ler,3e25da3c682c8cbf0dbd7d2c684a7a8df7558030e0d40f7eba4aed3e700b86d3,T5.2.1
logical_seed_metric,202607162107,primary_sigma_0p040,0.4375,0.25,analytic_nearest_operation_failure_rate,1.3828135064100948e-06,,,evaluator_only_not_physical_memory_ler,3e25da3c682c8cbf0dbd7d2c684a7a8df7558030e0d40f7eba4aed3e700b86d3,T5.2.1
logical_seed_metric,202607162107,primary_sigma_0p040,0.46875,0.125,nearest_operation_logical_failure_rate,0.0,,,evaluator_only_not_physical_memory_ler,3e25da3c682c8cbf0dbd7d2c684a7a8df7558030e0d40f7eba4aed3e700b86d3,T5.2.1
logical_seed_metric,202607162107,primary_sigma_0p040,0.46875,0.125,identity_reference_logical_flip_rate,1.0,,,evaluator_only_not_physical_memory_ler,3e25da3c682c8cbf0dbd7d2c684a7a8df7558030e0d40f7eba4aed3e700b86d3,T5.2.1
logical_seed_metric,202607162107,primary_sigma_0p040,0.46875,0.125,analytic_nearest_operation_failure_rate,2.266102353349704e-08,,,evaluator_only_not_physical_memory_ler,3e25da3c682c8cbf0dbd7d2c684a7a8df7558030e0d40f7eba4aed3e700b86d3,T5.2.1
logical_seed_metric,202607162107,primary_sigma_0p040,0.5,0.0,nearest_operation_logical_failure_rate,0.0,,,evaluator_only_not_physical_memory_ler,3e25da3c682c8cbf0dbd7d2c684a7a8df7558030e0d40f7eba4aed3e700b86d3,T5.2.1
logical_seed_metric,202607162107,primary_sigma_0p040,0.5,0.0,identity_reference_logical_flip_rate,1.0,,,evaluator_only_not_physical_memory_ler,3e25da3c682c8cbf0dbd7d2c684a7a8df7558030e0d40f7eba4aed3e700b86d3,T5.2.1
logical_seed_metric,202607162107,primary_sigma_0p040,0.5,0.0,analytic_nearest_operation_failure_rate,2.052263425218952e-10,,,evaluator_only_not_physical_memory_ler,3e25da3c682c8cbf0dbd7d2c684a7a8df7558030e0d40f7eba4aed3e700b86d3,T5.2.1
logical_seed_metric,202607162107,confirmation_sigma_0p025,0.0,0.0,nearest_operation_logical_failure_rate,0.0,,,evaluator_only_not_physical_memory_ler,66eca622c1eca5aad1e9a5fd999ba65ec1173c74a20ceb0d793c41bb1d1b11fc,T5.2.1
logical_seed_metric,202607162107,confirmation_sigma_0p025,0.0,0.0,identity_reference_logical_flip_rate,0.0,,,evaluator_only_not_physical_memory_ler,66eca622c1eca5aad1e9a5fd999ba65ec1173c74a20ceb0d793c41bb1d1b11fc,T5.2.1
logical_seed_metric,202607162107,confirmation_sigma_0p025,0.0,0.0,analytic_nearest_operation_failure_rate,7.619853024160689e-24,,,evaluator_only_not_physical_memory_ler,66eca622c1eca5aad1e9a5fd999ba65ec1173c74a20ceb0d793c41bb1d1b11fc,T5.2.1
logical_seed_metric,202607162107,confirmation_sigma_0p025,0.03125,0.125,nearest_operation_logical_failure_rate,0.0,,,evaluator_only_not_physical_memory_ler,66eca622c1eca5aad1e9a5fd999ba65ec1173c74a20ceb0d793c41bb1d1b11fc,T5.2.1
logical_seed_metric,202607162107,confirmation_sigma_0p025,0.03125,0.125,identity_reference_logical_flip_rate,0.0,,,evaluator_only_not_physical_memory_ler,66eca622c1eca5aad1e9a5fd999ba65ec1173c74a20ceb0d793c41bb1d1b11fc,T5.2.1
logical_seed_metric,202607162107,confirmation_sigma_0p025,0.03125,0.125,analytic_nearest_operation_failure_rate,1.0667637375475064e-18,,,evaluator_only_not_physical_memory_ler,66eca622c1eca5aad1e9a5fd999ba65ec1173c74a20ceb0d793c41bb1d1b11fc,T5.2.1
logical_seed_metric,202607162107,confirmation_sigma_0p025,0.0625,0.25,nearest_operation_logical_failure_rate,0.0,,,evaluator_only_not_physical_memory_ler,66eca622c1eca5aad1e9a5fd999ba65ec1173c74a20ceb0d793c41bb1d1b11fc,T5.2.1
logical_seed_metric,202607162107,confirmation_sigma_0p025,0.0625,0.25,identity_reference_logical_flip_rate,0.0,,,evaluator_only_not_physical_memory_ler,66eca622c1eca5aad1e9a5fd999ba65ec1173c74a20ceb0d793c41bb1d1b11fc,T5.2.1
logical_seed_metric,202607162107,confirmation_sigma_0p025,0.0625,0.25,analytic_nearest_operation_failure_rate,3.19089167291092e-14,,,evaluator_only_not_physical_memory_ler,66eca622c1eca5aad1e9a5fd999ba65ec1173c74a20ceb0d793c41bb1d1b11fc,T5.2.1
logical_seed_metric,202607162107,confirmation_sigma_0p025,0.09375,0.375,nearest_operation_logical_failure_rate,0.0,,,evaluator_only_not_physical_memory_ler,66eca622c1eca5aad1e9a5fd999ba65ec1173c74a20ceb0d793c41bb1d1b11fc,T5.2.1
logical_seed_metric,202607162107,confirmation_sigma_0p025,0.09375,0.375,identity_reference_logical_flip_rate,0.0,,,evaluator_only_not_physical_memory_ler,66eca622c1eca5aad1e9a5fd999ba65ec1173c74a20ceb0d793c41bb1d1b11fc,T5.2.1
logical_seed_metric,202607162107,confirmation_sigma_0p025,0.09375,0.375,analytic_nearest_operation_failure_rate,2.052263425218952e-10,,,evaluator_only_not_physical_memory_ler,66eca622c1eca5aad1e9a5fd999ba65ec1173c74a20ceb0d793c41bb1d1b11fc,T5.2.1
logical_seed_metric,202607162107,confirmation_sigma_0p025,0.125,0.5,nearest_operation_logical_failure_rate,0.0,,,evaluator_only_not_physical_memory_ler,66eca622c1eca5aad1e9a5fd999ba65ec1173c74a20ceb0d793c41bb1d1b11fc,T5.2.1
logical_seed_metric,202607162107,confirmation_sigma_0p025,0.125,0.5,identity_reference_logical_flip_rate,0.0,,,evaluator_only_not_physical_memory_ler,66eca622c1eca5aad1e9a5fd999ba65ec1173c74a20ceb0d793c41bb1d1b11fc,T5.2.1
logical_seed_metric,202607162107,confirmation_sigma_0p025,0.125,0.5,analytic_nearest_operation_failure_rate,2.866515718791955e-07,,,evaluator_only_not_physical_memory_ler,66eca622c1eca5aad1e9a5fd999ba65ec1173c74a20ceb0d793c41bb1d1b11fc,T5.2.1
logical_seed_metric,202607162107,confirmation_sigma_0p025,0.15625,0.625,nearest_operation_logical_failure_rate,0.0,,,evaluator_only_not_physical_memory_ler,66eca622c1eca5aad1e9a5fd999ba65ec1173c74a20ceb0d793c41bb1d1b11fc,T5.2.1
logical_seed_metric,202607162107,confirmation_sigma_0p025,0.15625,0.625,identity_reference_logical_flip_rate,0.0,,,evaluator_only_not_physical_memory_ler,66eca622c1eca5aad1e9a5fd999ba65ec1173c74a20ceb0d793c41bb1d1b11fc,T5.2.1
logical_seed_metric,202607162107,confirmation_sigma_0p025,0.15625,0.625,analytic_nearest_operation_failure_rate,8.841728520080404e-05,,,evaluator_only_not_physical_memory_ler,66eca622c1eca5aad1e9a5fd999ba65ec1173c74a20ceb0d793c41bb1d1b11fc,T5.2.1
logical_seed_metric,202607162107,confirmation_sigma_0p025,0.1875,0.75,nearest_operation_logical_failure_rate,0.007080078125,,,evaluator_only_not_physical_memory_ler,66eca622c1eca5aad1e9a5fd999ba65ec1173c74a20ceb0d793c41bb1d1b11fc,T5.2.1
logical_seed_metric,202607162107,confirmation_sigma_0p025,0.1875,0.75,identity_reference_logical_flip_rate,0.007080078125,,,evaluator_only_not_physical_memory_ler,66eca622c1eca5aad1e9a5fd999ba65ec1173c74a20ceb0d793c41bb1d1b11fc,T5.2.1
logical_seed_metric,202607162107,confirmation_sigma_0p025,0.1875,0.75,analytic_nearest_operation_failure_rate,0.006209665325776144,,,evaluator_only_not_physical_memory_ler,66eca622c1eca5aad1e9a5fd999ba65ec1173c74a20ceb0d793c41bb1d1b11fc,T5.2.1
logical_seed_metric,202607162107,confirmation_sigma_0p025,0.21875,0.875,nearest_operation_logical_failure_rate,0.103271484375,,,evaluator_only_not_physical_memory_ler,66eca622c1eca5aad1e9a5fd999ba65ec1173c74a20ceb0d793c41bb1d1b11fc,T5.2.1
logical_seed_metric,202607162107,confirmation_sigma_0p025,0.21875,0.875,identity_reference_logical_flip_rate,0.103271484375,,,evaluator_only_not_physical_memory_ler,66eca622c1eca5aad1e9a5fd999ba65ec1173c74a20ceb0d793c41bb1d1b11fc,T5.2.1
logical_seed_metric,202607162107,confirmation_sigma_0p025,0.21875,0.875,analytic_nearest_operation_failure_rate,0.1056497736668553,,,evaluator_only_not_physical_memory_ler,66eca622c1eca5aad1e9a5fd999ba65ec1173c74a20ceb0d793c41bb1d1b11fc,T5.2.1
logical_seed_metric,202607162107,confirmation_sigma_0p025,0.25,1.0,nearest_operation_logical_failure_rate,0.500244140625,,,evaluator_only_not_physical_memory_ler,66eca622c1eca5aad1e9a5fd999ba65ec1173c74a20ceb0d793c41bb1d1b11fc,T5.2.1
logical_seed_metric,202607162107,confirmation_sigma_0p025,0.25,1.0,identity_reference_logical_flip_rate,0.499755859375,,,evaluator_only_not_physical_memory_ler,66eca622c1eca5aad1e9a5fd999ba65ec1173c74a20ceb0d793c41bb1d1b11fc,T5.2.1
logical_seed_metric,202607162107,confirmation_sigma_0p025,0.25,1.0,analytic_nearest_operation_failure_rate,0.5,,,evaluator_only_not_physical_memory_ler,66eca622c1eca5aad1e9a5fd999ba65ec1173c74a20ceb0d793c41bb1d1b11fc,T5.2.1
logical_seed_metric,202607162107,confirmation_sigma_0p025,0.28125,0.875,nearest_operation_logical_failure_rate,0.108154296875,,,evaluator_only_not_physical_memory_ler,66eca622c1eca5aad1e9a5fd999ba65ec1173c74a20ceb0d793c41bb1d1b11fc,T5.2.1
logical_seed_metric,202607162107,confirmation_sigma_0p025,0.28125,0.875,identity_reference_logical_flip_rate,0.891845703125,,,evaluator_only_not_physical_memory_ler,66eca622c1eca5aad1e9a5fd999ba65ec1173c74a20ceb0d793c41bb1d1b11fc,T5.2.1
logical_seed_metric,202607162107,confirmation_sigma_0p025,0.28125,0.875,analytic_nearest_operation_failure_rate,0.1056497736668553,,,evaluator_only_not_physical_memory_ler,66eca622c1eca5aad1e9a5fd999ba65ec1173c74a20ceb0d793c41bb1d1b11fc,T5.2.1
logical_seed_metric,202607162107,confirmation_sigma_0p025,0.3125,0.75,nearest_operation_logical_failure_rate,0.005859375,,,evaluator_only_not_physical_memory_ler,66eca622c1eca5aad1e9a5fd999ba65ec1173c74a20ceb0d793c41bb1d1b11fc,T5.2.1
logical_seed_metric,202607162107,confirmation_sigma_0p025,0.3125,0.75,identity_reference_logical_flip_rate,0.994140625,,,evaluator_only_not_physical_memory_ler,66eca622c1eca5aad1e9a5fd999ba65ec1173c74a20ceb0d793c41bb1d1b11fc,T5.2.1
logical_seed_metric,202607162107,confirmation_sigma_0p025,0.3125,0.75,analytic_nearest_operation_failure_rate,0.006209665325776144,,,evaluator_only_not_physical_memory_ler,66eca622c1eca5aad1e9a5fd999ba65ec1173c74a20ceb0d793c41bb1d1b11fc,T5.2.1
logical_seed_metric,202607162107,confirmation_sigma_0p025,0.34375,0.625,nearest_operation_logical_failure_rate,0.000244140625,,,evaluator_only_not_physical_memory_ler,66eca622c1eca5aad1e9a5fd999ba65ec1173c74a20ceb0d793c41bb1d1b11fc,T5.2.1
logical_seed_metric,202607162107,confirmation_sigma_0p025,0.34375,0.625,identity_reference_logical_flip_rate,0.999755859375,,,evaluator_only_not_physical_memory_ler,66eca622c1eca5aad1e9a5fd999ba65ec1173c74a20ceb0d793c41bb1d1b11fc,T5.2.1
logical_seed_metric,202607162107,confirmation_sigma_0p025,0.34375,0.625,analytic_nearest_operation_failure_rate,8.841728520080404e-05,,,evaluator_only_not_physical_memory_ler,66eca622c1eca5aad1e9a5fd999ba65ec1173c74a20ceb0d793c41bb1d1b11fc,T5.2.1
logical_seed_metric,202607162107,confirmation_sigma_0p025,0.375,0.5,nearest_operation_logical_failure_rate,0.0,,,evaluator_only_not_physical_memory_ler,66eca622c1eca5aad1e9a5fd999ba65ec1173c74a20ceb0d793c41bb1d1b11fc,T5.2.1
logical_seed_metric,202607162107,confirmation_sigma_0p025,0.375,0.5,identity_reference_logical_flip_rate,1.0,,,evaluator_only_not_physical_memory_ler,66eca622c1eca5aad1e9a5fd999ba65ec1173c74a20ceb0d793c41bb1d1b11fc,T5.2.1
logical_seed_metric,202607162107,confirmation_sigma_0p025,0.375,0.5,analytic_nearest_operation_failure_rate,2.866515718791955e-07,,,evaluator_only_not_physical_memory_ler,66eca622c1eca5aad1e9a5fd999ba65ec1173c74a20ceb0d793c41bb1d1b11fc,T5.2.1
logical_seed_metric,202607162107,confirmation_sigma_0p025,0.40625,0.375,nearest_operation_logical_failure_rate,0.0,,,evaluator_only_not_physical_memory_ler,66eca622c1eca5aad1e9a5fd999ba65ec1173c74a20ceb0d793c41bb1d1b11fc,T5.2.1
logical_seed_metric,202607162107,confirmation_sigma_0p025,0.40625,0.375,identity_reference_logical_flip_rate,1.0,,,evaluator_only_not_physical_memory_ler,66eca622c1eca5aad1e9a5fd999ba65ec1173c74a20ceb0d793c41bb1d1b11fc,T5.2.1
logical_seed_metric,202607162107,confirmation_sigma_0p025,0.40625,0.375,analytic_nearest_operation_failure_rate,2.052263425218952e-10,,,evaluator_only_not_physical_memory_ler,66eca622c1eca5aad1e9a5fd999ba65ec1173c74a20ceb0d793c41bb1d1b11fc,T5.2.1
logical_seed_metric,202607162107,confirmation_sigma_0p025,0.4375,0.25,nearest_operation_logical_failure_rate,0.0,,,evaluator_only_not_physical_memory_ler,66eca622c1eca5aad1e9a5fd999ba65ec1173c74a20ceb0d793c41bb1d1b11fc,T5.2.1
logical_seed_metric,202607162107,confirmation_sigma_0p025,0.4375,0.25,identity_reference_logical_flip_rate,1.0,,,evaluator_only_not_physical_memory_ler,66eca622c1eca5aad1e9a5fd999ba65ec1173c74a20ceb0d793c41bb1d1b11fc,T5.2.1
logical_seed_metric,202607162107,confirmation_sigma_0p025,0.4375,0.25,analytic_nearest_operation_failure_rate,3.19089167291092e-14,,,evaluator_only_not_physical_memory_ler,66eca622c1eca5aad1e9a5fd999ba65ec1173c74a20ceb0d793c41bb1d1b11fc,T5.2.1
logical_seed_metric,202607162107,confirmation_sigma_0p025,0.46875,0.125,nearest_operation_logical_failure_rate,0.0,,,evaluator_only_not_physical_memory_ler,66eca622c1eca5aad1e9a5fd999ba65ec1173c74a20ceb0d793c41bb1d1b11fc,T5.2.1
logical_seed_metric,202607162107,confirmation_sigma_0p025,0.46875,0.125,identity_reference_logical_flip_rate,1.0,,,evaluator_only_not_physical_memory_ler,66eca622c1eca5aad1e9a5fd999ba65ec1173c74a20ceb0d793c41bb1d1b11fc,T5.2.1
logical_seed_metric,202607162107,confirmation_sigma_0p025,0.46875,0.125,analytic_nearest_operation_failure_rate,1.0667637375475064e-18,,,evaluator_only_not_physical_memory_ler,66eca622c1eca5aad1e9a5fd999ba65ec1173c74a20ceb0d793c41bb1d1b11fc,T5.2.1
logical_seed_metric,202607162107,confirmation_sigma_0p025,0.5,0.0,nearest_operation_logical_failure_rate,0.0,,,evaluator_only_not_physical_memory_ler,66eca622c1eca5aad1e9a5fd999ba65ec1173c74a20ceb0d793c41bb1d1b11fc,T5.2.1
logical_seed_metric,202607162107,confirmation_sigma_0p025,0.5,0.0,identity_reference_logical_flip_rate,1.0,,,evaluator_only_not_physical_memory_ler,66eca622c1eca5aad1e9a5fd999ba65ec1173c74a20ceb0d793c41bb1d1b11fc,T5.2.1
logical_seed_metric,202607162107,confirmation_sigma_0p025,0.5,0.0,analytic_nearest_operation_failure_rate,7.619853024160689e-24,,,evaluator_only_not_physical_memory_ler,66eca622c1eca5aad1e9a5fd999ba65ec1173c74a20ceb0d793c41bb1d1b11fc,T5.2.1
logical_seed_metric,202607162108,primary_sigma_0p040,0.0,0.0,nearest_operation_logical_failure_rate,0.0,,,evaluator_only_not_physical_memory_ler,96940452979a06923a7c37c499c06b0924f3200e39c55db230af0d308ea68d94,T5.2.1
logical_seed_metric,202607162108,primary_sigma_0p040,0.0,0.0,identity_reference_logical_flip_rate,0.0,,,evaluator_only_not_physical_memory_ler,96940452979a06923a7c37c499c06b0924f3200e39c55db230af0d308ea68d94,T5.2.1
logical_seed_metric,202607162108,primary_sigma_0p040,0.0,0.0,analytic_nearest_operation_failure_rate,2.052263425218952e-10,,,evaluator_only_not_physical_memory_ler,96940452979a06923a7c37c499c06b0924f3200e39c55db230af0d308ea68d94,T5.2.1
logical_seed_metric,202607162108,primary_sigma_0p040,0.03125,0.125,nearest_operation_logical_failure_rate,0.0,,,evaluator_only_not_physical_memory_ler,96940452979a06923a7c37c499c06b0924f3200e39c55db230af0d308ea68d94,T5.2.1
logical_seed_metric,202607162108,primary_sigma_0p040,0.03125,0.125,identity_reference_logical_flip_rate,0.0,,,evaluator_only_not_physical_memory_ler,96940452979a06923a7c37c499c06b0924f3200e39c55db230af0d308ea68d94,T5.2.1
logical_seed_metric,202607162108,primary_sigma_0p040,0.03125,0.125,analytic_nearest_operation_failure_rate,2.266102353349704e-08,,,evaluator_only_not_physical_memory_ler,96940452979a06923a7c37c499c06b0924f3200e39c55db230af0d308ea68d94,T5.2.1
logical_seed_metric,202607162108,primary_sigma_0p040,0.0625,0.25,nearest_operation_logical_failure_rate,0.0,,,evaluator_only_not_physical_memory_ler,96940452979a06923a7c37c499c06b0924f3200e39c55db230af0d308ea68d94,T5.2.1
logical_seed_metric,202607162108,primary_sigma_0p040,0.0625,0.25,identity_reference_logical_flip_rate,0.0,,,evaluator_only_not_physical_memory_ler,96940452979a06923a7c37c499c06b0924f3200e39c55db230af0d308ea68d94,T5.2.1
logical_seed_metric,202607162108,primary_sigma_0p040,0.0625,0.25,analytic_nearest_operation_failure_rate,1.3828135064100948e-06,,,evaluator_only_not_physical_memory_ler,96940452979a06923a7c37c499c06b0924f3200e39c55db230af0d308ea68d94,T5.2.1
logical_seed_metric,202607162108,primary_sigma_0p040,0.09375,0.375,nearest_operation_logical_failure_rate,0.0,,,evaluator_only_not_physical_memory_ler,96940452979a06923a7c37c499c06b0924f3200e39c55db230af0d308ea68d94,T5.2.1
logical_seed_metric,202607162108,primary_sigma_0p040,0.09375,0.375,identity_reference_logical_flip_rate,0.0,,,evaluator_only_not_physical_memory_ler,96940452979a06923a7c37c499c06b0924f3200e39c55db230af0d308ea68d94,T5.2.1
logical_seed_metric,202607162108,primary_sigma_0p040,0.09375,0.375,analytic_nearest_operation_failure_rate,4.6869765016455317e-05,,,evaluator_only_not_physical_memory_ler,96940452979a06923a7c37c499c06b0924f3200e39c55db230af0d308ea68d94,T5.2.1
logical_seed_metric,202607162108,primary_sigma_0p040,0.125,0.5,nearest_operation_logical_failure_rate,0.000732421875,,,evaluator_only_not_physical_memory_ler,96940452979a06923a7c37c499c06b0924f3200e39c55db230af0d308ea68d94,T5.2.1
logical_seed_metric,202607162108,primary_sigma_0p040,0.125,0.5,identity_reference_logical_flip_rate,0.000732421875,,,evaluator_only_not_physical_memory_ler,96940452979a06923a7c37c499c06b0924f3200e39c55db230af0d308ea68d94,T5.2.1
logical_seed_metric,202607162108,primary_sigma_0p040,0.125,0.5,analytic_nearest_operation_failure_rate,0.0008890252991084335,,,evaluator_only_not_physical_memory_ler,96940452979a06923a7c37c499c06b0924f3200e39c55db230af0d308ea68d94,T5.2.1
logical_seed_metric,202607162108,primary_sigma_0p040,0.15625,0.625,nearest_operation_logical_failure_rate,0.009521484375,,,evaluator_only_not_physical_memory_ler,96940452979a06923a7c37c499c06b0924f3200e39c55db230af0d308ea68d94,T5.2.1
logical_seed_metric,202607162108,primary_sigma_0p040,0.15625,0.625,identity_reference_logical_flip_rate,0.009521484375,,,evaluator_only_not_physical_memory_ler,96940452979a06923a7c37c499c06b0924f3200e39c55db230af0d308ea68d94,T5.2.1
logical_seed_metric,202607162108,primary_sigma_0p040,0.15625,0.625,analytic_nearest_operation_failure_rate,0.009545481536386161,,,evaluator_only_not_physical_memory_ler,96940452979a06923a7c37c499c06b0924f3200e39c55db230af0d308ea68d94,T5.2.1
logical_seed_metric,202607162108,primary_sigma_0p040,0.1875,0.75,nearest_operation_logical_failure_rate,0.064453125,,,evaluator_only_not_physical_memory_ler,96940452979a06923a7c37c499c06b0924f3200e39c55db230af0d308ea68d94,T5.2.1
logical_seed_metric,202607162108,primary_sigma_0p040,0.1875,0.75,identity_reference_logical_flip_rate,0.064453125,,,evaluator_only_not_physical_memory_ler,96940452979a06923a7c37c499c06b0924f3200e39c55db230af0d308ea68d94,T5.2.1
logical_seed_metric,202607162108,primary_sigma_0p040,0.1875,0.75,analytic_nearest_operation_failure_rate,0.05908512293266757,,,evaluator_only_not_physical_memory_ler,96940452979a06923a7c37c499c06b0924f3200e39c55db230af0d308ea68d94,T5.2.1
logical_seed_metric,202607162108,primary_sigma_0p040,0.21875,0.875,nearest_operation_logical_failure_rate,0.225341796875,,,evaluator_only_not_physical_memory_ler,96940452979a06923a7c37c499c06b0924f3200e39c55db230af0d308ea68d94,T5.2.1
logical_seed_metric,202607162108,primary_sigma_0p040,0.21875,0.875,identity_reference_logical_flip_rate,0.225341796875,,,evaluator_only_not_physical_memory_ler,96940452979a06923a7c37c499c06b0924f3200e39c55db230af0d308ea68d94,T5.2.1
logical_seed_metric,202607162108,primary_sigma_0p040,0.21875,0.875,analytic_nearest_operation_failure_rate,0.21732773567808567,,,evaluator_only_not_physical_memory_ler,96940452979a06923a7c37c499c06b0924f3200e39c55db230af0d308ea68d94,T5.2.1
logical_seed_metric,202607162108,primary_sigma_0p040,0.25,1.0,nearest_operation_logical_failure_rate,0.498291015625,,,evaluator_only_not_physical_memory_ler,96940452979a06923a7c37c499c06b0924f3200e39c55db230af0d308ea68d94,T5.2.1
logical_seed_metric,202607162108,primary_sigma_0p040,0.25,1.0,identity_reference_logical_flip_rate,0.501708984375,,,evaluator_only_not_physical_memory_ler,96940452979a06923a7c37c499c06b0924f3200e39c55db230af0d308ea68d94,T5.2.1
logical_seed_metric,202607162108,primary_sigma_0p040,0.25,1.0,analytic_nearest_operation_failure_rate,0.5,,,evaluator_only_not_physical_memory_ler,96940452979a06923a7c37c499c06b0924f3200e39c55db230af0d308ea68d94,T5.2.1
logical_seed_metric,202607162108,primary_sigma_0p040,0.28125,0.875,nearest_operation_logical_failure_rate,0.21142578125,,,evaluator_only_not_physical_memory_ler,96940452979a06923a7c37c499c06b0924f3200e39c55db230af0d308ea68d94,T5.2.1
logical_seed_metric,202607162108,primary_sigma_0p040,0.28125,0.875,identity_reference_logical_flip_rate,0.78857421875,,,evaluator_only_not_physical_memory_ler,96940452979a06923a7c37c499c06b0924f3200e39c55db230af0d308ea68d94,T5.2.1
logical_seed_metric,202607162108,primary_sigma_0p040,0.28125,0.875,analytic_nearest_operation_failure_rate,0.21732773567808567,,,evaluator_only_not_physical_memory_ler,96940452979a06923a7c37c499c06b0924f3200e39c55db230af0d308ea68d94,T5.2.1
logical_seed_metric,202607162108,primary_sigma_0p040,0.3125,0.75,nearest_operation_logical_failure_rate,0.050537109375,,,evaluator_only_not_physical_memory_ler,96940452979a06923a7c37c499c06b0924f3200e39c55db230af0d308ea68d94,T5.2.1
logical_seed_metric,202607162108,primary_sigma_0p040,0.3125,0.75,identity_reference_logical_flip_rate,0.949462890625,,,evaluator_only_not_physical_memory_ler,96940452979a06923a7c37c499c06b0924f3200e39c55db230af0d308ea68d94,T5.2.1
logical_seed_metric,202607162108,primary_sigma_0p040,0.3125,0.75,analytic_nearest_operation_failure_rate,0.05908512293266757,,,evaluator_only_not_physical_memory_ler,96940452979a06923a7c37c499c06b0924f3200e39c55db230af0d308ea68d94,T5.2.1
logical_seed_metric,202607162108,primary_sigma_0p040,0.34375,0.625,nearest_operation_logical_failure_rate,0.0087890625,,,evaluator_only_not_physical_memory_ler,96940452979a06923a7c37c499c06b0924f3200e39c55db230af0d308ea68d94,T5.2.1
logical_seed_metric,202607162108,primary_sigma_0p040,0.34375,0.625,identity_reference_logical_flip_rate,0.9912109375,,,evaluator_only_not_physical_memory_ler,96940452979a06923a7c37c499c06b0924f3200e39c55db230af0d308ea68d94,T5.2.1
logical_seed_metric,202607162108,primary_sigma_0p040,0.34375,0.625,analytic_nearest_operation_failure_rate,0.009545481536386161,,,evaluator_only_not_physical_memory_ler,96940452979a06923a7c37c499c06b0924f3200e39c55db230af0d308ea68d94,T5.2.1
logical_seed_metric,202607162108,primary_sigma_0p040,0.375,0.5,nearest_operation_logical_failure_rate,0.0009765625,,,evaluator_only_not_physical_memory_ler,96940452979a06923a7c37c499c06b0924f3200e39c55db230af0d308ea68d94,T5.2.1
logical_seed_metric,202607162108,primary_sigma_0p040,0.375,0.5,identity_reference_logical_flip_rate,0.9990234375,,,evaluator_only_not_physical_memory_ler,96940452979a06923a7c37c499c06b0924f3200e39c55db230af0d308ea68d94,T5.2.1
logical_seed_metric,202607162108,primary_sigma_0p040,0.375,0.5,analytic_nearest_operation_failure_rate,0.0008890252991084335,,,evaluator_only_not_physical_memory_ler,96940452979a06923a7c37c499c06b0924f3200e39c55db230af0d308ea68d94,T5.2.1
logical_seed_metric,202607162108,primary_sigma_0p040,0.40625,0.375,nearest_operation_logical_failure_rate,0.000244140625,,,evaluator_only_not_physical_memory_ler,96940452979a06923a7c37c499c06b0924f3200e39c55db230af0d308ea68d94,T5.2.1
logical_seed_metric,202607162108,primary_sigma_0p040,0.40625,0.375,identity_reference_logical_flip_rate,0.999755859375,,,evaluator_only_not_physical_memory_ler,96940452979a06923a7c37c499c06b0924f3200e39c55db230af0d308ea68d94,T5.2.1
logical_seed_metric,202607162108,primary_sigma_0p040,0.40625,0.375,analytic_nearest_operation_failure_rate,4.6869765016455317e-05,,,evaluator_only_not_physical_memory_ler,96940452979a06923a7c37c499c06b0924f3200e39c55db230af0d308ea68d94,T5.2.1
logical_seed_metric,202607162108,primary_sigma_0p040,0.4375,0.25,nearest_operation_logical_failure_rate,0.0,,,evaluator_only_not_physical_memory_ler,96940452979a06923a7c37c499c06b0924f3200e39c55db230af0d308ea68d94,T5.2.1
logical_seed_metric,202607162108,primary_sigma_0p040,0.4375,0.25,identity_reference_logical_flip_rate,1.0,,,evaluator_only_not_physical_memory_ler,96940452979a06923a7c37c499c06b0924f3200e39c55db230af0d308ea68d94,T5.2.1
logical_seed_metric,202607162108,primary_sigma_0p040,0.4375,0.25,analytic_nearest_operation_failure_rate,1.3828135064100948e-06,,,evaluator_only_not_physical_memory_ler,96940452979a06923a7c37c499c06b0924f3200e39c55db230af0d308ea68d94,T5.2.1
logical_seed_metric,202607162108,primary_sigma_0p040,0.46875,0.125,nearest_operation_logical_failure_rate,0.0,,,evaluator_only_not_physical_memory_ler,96940452979a06923a7c37c499c06b0924f3200e39c55db230af0d308ea68d94,T5.2.1
logical_seed_metric,202607162108,primary_sigma_0p040,0.46875,0.125,identity_reference_logical_flip_rate,1.0,,,evaluator_only_not_physical_memory_ler,96940452979a06923a7c37c499c06b0924f3200e39c55db230af0d308ea68d94,T5.2.1
logical_seed_metric,202607162108,primary_sigma_0p040,0.46875,0.125,analytic_nearest_operation_failure_rate,2.266102353349704e-08,,,evaluator_only_not_physical_memory_ler,96940452979a06923a7c37c499c06b0924f3200e39c55db230af0d308ea68d94,T5.2.1
logical_seed_metric,202607162108,primary_sigma_0p040,0.5,0.0,nearest_operation_logical_failure_rate,0.0,,,evaluator_only_not_physical_memory_ler,96940452979a06923a7c37c499c06b0924f3200e39c55db230af0d308ea68d94,T5.2.1
logical_seed_metric,202607162108,primary_sigma_0p040,0.5,0.0,identity_reference_logical_flip_rate,1.0,,,evaluator_only_not_physical_memory_ler,96940452979a06923a7c37c499c06b0924f3200e39c55db230af0d308ea68d94,T5.2.1
logical_seed_metric,202607162108,primary_sigma_0p040,0.5,0.0,analytic_nearest_operation_failure_rate,2.052263425218952e-10,,,evaluator_only_not_physical_memory_ler,96940452979a06923a7c37c499c06b0924f3200e39c55db230af0d308ea68d94,T5.2.1
logical_seed_metric,202607162108,confirmation_sigma_0p025,0.0,0.0,nearest_operation_logical_failure_rate,0.0,,,evaluator_only_not_physical_memory_ler,ff13cacbc42b9a6d4a817f989f8c6b56b4ee0d33309362cff4eb4cef4a4a299f,T5.2.1
logical_seed_metric,202607162108,confirmation_sigma_0p025,0.0,0.0,identity_reference_logical_flip_rate,0.0,,,evaluator_only_not_physical_memory_ler,ff13cacbc42b9a6d4a817f989f8c6b56b4ee0d33309362cff4eb4cef4a4a299f,T5.2.1
logical_seed_metric,202607162108,confirmation_sigma_0p025,0.0,0.0,analytic_nearest_operation_failure_rate,7.619853024160689e-24,,,evaluator_only_not_physical_memory_ler,ff13cacbc42b9a6d4a817f989f8c6b56b4ee0d33309362cff4eb4cef4a4a299f,T5.2.1
logical_seed_metric,202607162108,confirmation_sigma_0p025,0.03125,0.125,nearest_operation_logical_failure_rate,0.0,,,evaluator_only_not_physical_memory_ler,ff13cacbc42b9a6d4a817f989f8c6b56b4ee0d33309362cff4eb4cef4a4a299f,T5.2.1
logical_seed_metric,202607162108,confirmation_sigma_0p025,0.03125,0.125,identity_reference_logical_flip_rate,0.0,,,evaluator_only_not_physical_memory_ler,ff13cacbc42b9a6d4a817f989f8c6b56b4ee0d33309362cff4eb4cef4a4a299f,T5.2.1
logical_seed_metric,202607162108,confirmation_sigma_0p025,0.03125,0.125,analytic_nearest_operation_failure_rate,1.0667637375475064e-18,,,evaluator_only_not_physical_memory_ler,ff13cacbc42b9a6d4a817f989f8c6b56b4ee0d33309362cff4eb4cef4a4a299f,T5.2.1
logical_seed_metric,202607162108,confirmation_sigma_0p025,0.0625,0.25,nearest_operation_logical_failure_rate,0.0,,,evaluator_only_not_physical_memory_ler,ff13cacbc42b9a6d4a817f989f8c6b56b4ee0d33309362cff4eb4cef4a4a299f,T5.2.1
logical_seed_metric,202607162108,confirmation_sigma_0p025,0.0625,0.25,identity_reference_logical_flip_rate,0.0,,,evaluator_only_not_physical_memory_ler,ff13cacbc42b9a6d4a817f989f8c6b56b4ee0d33309362cff4eb4cef4a4a299f,T5.2.1
logical_seed_metric,202607162108,confirmation_sigma_0p025,0.0625,0.25,analytic_nearest_operation_failure_rate,3.19089167291092e-14,,,evaluator_only_not_physical_memory_ler,ff13cacbc42b9a6d4a817f989f8c6b56b4ee0d33309362cff4eb4cef4a4a299f,T5.2.1
logical_seed_metric,202607162108,confirmation_sigma_0p025,0.09375,0.375,nearest_operation_logical_failure_rate,0.0,,,evaluator_only_not_physical_memory_ler,ff13cacbc42b9a6d4a817f989f8c6b56b4ee0d33309362cff4eb4cef4a4a299f,T5.2.1
logical_seed_metric,202607162108,confirmation_sigma_0p025,0.09375,0.375,identity_reference_logical_flip_rate,0.0,,,evaluator_only_not_physical_memory_ler,ff13cacbc42b9a6d4a817f989f8c6b56b4ee0d33309362cff4eb4cef4a4a299f,T5.2.1
logical_seed_metric,202607162108,confirmation_sigma_0p025,0.09375,0.375,analytic_nearest_operation_failure_rate,2.052263425218952e-10,,,evaluator_only_not_physical_memory_ler,ff13cacbc42b9a6d4a817f989f8c6b56b4ee0d33309362cff4eb4cef4a4a299f,T5.2.1
logical_seed_metric,202607162108,confirmation_sigma_0p025,0.125,0.5,nearest_operation_logical_failure_rate,0.0,,,evaluator_only_not_physical_memory_ler,ff13cacbc42b9a6d4a817f989f8c6b56b4ee0d33309362cff4eb4cef4a4a299f,T5.2.1
logical_seed_metric,202607162108,confirmation_sigma_0p025,0.125,0.5,identity_reference_logical_flip_rate,0.0,,,evaluator_only_not_physical_memory_ler,ff13cacbc42b9a6d4a817f989f8c6b56b4ee0d33309362cff4eb4cef4a4a299f,T5.2.1
logical_seed_metric,202607162108,confirmation_sigma_0p025,0.125,0.5,analytic_nearest_operation_failure_rate,2.866515718791955e-07,,,evaluator_only_not_physical_memory_ler,ff13cacbc42b9a6d4a817f989f8c6b56b4ee0d33309362cff4eb4cef4a4a299f,T5.2.1
logical_seed_metric,202607162108,confirmation_sigma_0p025,0.15625,0.625,nearest_operation_logical_failure_rate,0.0,,,evaluator_only_not_physical_memory_ler,ff13cacbc42b9a6d4a817f989f8c6b56b4ee0d33309362cff4eb4cef4a4a299f,T5.2.1
logical_seed_metric,202607162108,confirmation_sigma_0p025,0.15625,0.625,identity_reference_logical_flip_rate,0.0,,,evaluator_only_not_physical_memory_ler,ff13cacbc42b9a6d4a817f989f8c6b56b4ee0d33309362cff4eb4cef4a4a299f,T5.2.1
logical_seed_metric,202607162108,confirmation_sigma_0p025,0.15625,0.625,analytic_nearest_operation_failure_rate,8.841728520080404e-05,,,evaluator_only_not_physical_memory_ler,ff13cacbc42b9a6d4a817f989f8c6b56b4ee0d33309362cff4eb4cef4a4a299f,T5.2.1
logical_seed_metric,202607162108,confirmation_sigma_0p025,0.1875,0.75,nearest_operation_logical_failure_rate,0.0068359375,,,evaluator_only_not_physical_memory_ler,ff13cacbc42b9a6d4a817f989f8c6b56b4ee0d33309362cff4eb4cef4a4a299f,T5.2.1
logical_seed_metric,202607162108,confirmation_sigma_0p025,0.1875,0.75,identity_reference_logical_flip_rate,0.0068359375,,,evaluator_only_not_physical_memory_ler,ff13cacbc42b9a6d4a817f989f8c6b56b4ee0d33309362cff4eb4cef4a4a299f,T5.2.1
logical_seed_metric,202607162108,confirmation_sigma_0p025,0.1875,0.75,analytic_nearest_operation_failure_rate,0.006209665325776144,,,evaluator_only_not_physical_memory_ler,ff13cacbc42b9a6d4a817f989f8c6b56b4ee0d33309362cff4eb4cef4a4a299f,T5.2.1
logical_seed_metric,202607162108,confirmation_sigma_0p025,0.21875,0.875,nearest_operation_logical_failure_rate,0.1162109375,,,evaluator_only_not_physical_memory_ler,ff13cacbc42b9a6d4a817f989f8c6b56b4ee0d33309362cff4eb4cef4a4a299f,T5.2.1
logical_seed_metric,202607162108,confirmation_sigma_0p025,0.21875,0.875,identity_reference_logical_flip_rate,0.1162109375,,,evaluator_only_not_physical_memory_ler,ff13cacbc42b9a6d4a817f989f8c6b56b4ee0d33309362cff4eb4cef4a4a299f,T5.2.1
logical_seed_metric,202607162108,confirmation_sigma_0p025,0.21875,0.875,analytic_nearest_operation_failure_rate,0.1056497736668553,,,evaluator_only_not_physical_memory_ler,ff13cacbc42b9a6d4a817f989f8c6b56b4ee0d33309362cff4eb4cef4a4a299f,T5.2.1
logical_seed_metric,202607162108,confirmation_sigma_0p025,0.25,1.0,nearest_operation_logical_failure_rate,0.483642578125,,,evaluator_only_not_physical_memory_ler,ff13cacbc42b9a6d4a817f989f8c6b56b4ee0d33309362cff4eb4cef4a4a299f,T5.2.1
logical_seed_metric,202607162108,confirmation_sigma_0p025,0.25,1.0,identity_reference_logical_flip_rate,0.516357421875,,,evaluator_only_not_physical_memory_ler,ff13cacbc42b9a6d4a817f989f8c6b56b4ee0d33309362cff4eb4cef4a4a299f,T5.2.1
logical_seed_metric,202607162108,confirmation_sigma_0p025,0.25,1.0,analytic_nearest_operation_failure_rate,0.5,,,evaluator_only_not_physical_memory_ler,ff13cacbc42b9a6d4a817f989f8c6b56b4ee0d33309362cff4eb4cef4a4a299f,T5.2.1
logical_seed_metric,202607162108,confirmation_sigma_0p025,0.28125,0.875,nearest_operation_logical_failure_rate,0.10107421875,,,evaluator_only_not_physical_memory_ler,ff13cacbc42b9a6d4a817f989f8c6b56b4ee0d33309362cff4eb4cef4a4a299f,T5.2.1
logical_seed_metric,202607162108,confirmation_sigma_0p025,0.28125,0.875,identity_reference_logical_flip_rate,0.89892578125,,,evaluator_only_not_physical_memory_ler,ff13cacbc42b9a6d4a817f989f8c6b56b4ee0d33309362cff4eb4cef4a4a299f,T5.2.1
logical_seed_metric,202607162108,confirmation_sigma_0p025,0.28125,0.875,analytic_nearest_operation_failure_rate,0.1056497736668553,,,evaluator_only_not_physical_memory_ler,ff13cacbc42b9a6d4a817f989f8c6b56b4ee0d33309362cff4eb4cef4a4a299f,T5.2.1
logical_seed_metric,202607162108,confirmation_sigma_0p025,0.3125,0.75,nearest_operation_logical_failure_rate,0.004150390625,,,evaluator_only_not_physical_memory_ler,ff13cacbc42b9a6d4a817f989f8c6b56b4ee0d33309362cff4eb4cef4a4a299f,T5.2.1
logical_seed_metric,202607162108,confirmation_sigma_0p025,0.3125,0.75,identity_reference_logical_flip_rate,0.995849609375,,,evaluator_only_not_physical_memory_ler,ff13cacbc42b9a6d4a817f989f8c6b56b4ee0d33309362cff4eb4cef4a4a299f,T5.2.1
logical_seed_metric,202607162108,confirmation_sigma_0p025,0.3125,0.75,analytic_nearest_operation_failure_rate,0.006209665325776144,,,evaluator_only_not_physical_memory_ler,ff13cacbc42b9a6d4a817f989f8c6b56b4ee0d33309362cff4eb4cef4a4a299f,T5.2.1
logical_seed_metric,202607162108,confirmation_sigma_0p025,0.34375,0.625,nearest_operation_logical_failure_rate,0.0,,,evaluator_only_not_physical_memory_ler,ff13cacbc42b9a6d4a817f989f8c6b56b4ee0d33309362cff4eb4cef4a4a299f,T5.2.1
logical_seed_metric,202607162108,confirmation_sigma_0p025,0.34375,0.625,identity_reference_logical_flip_rate,1.0,,,evaluator_only_not_physical_memory_ler,ff13cacbc42b9a6d4a817f989f8c6b56b4ee0d33309362cff4eb4cef4a4a299f,T5.2.1
logical_seed_metric,202607162108,confirmation_sigma_0p025,0.34375,0.625,analytic_nearest_operation_failure_rate,8.841728520080404e-05,,,evaluator_only_not_physical_memory_ler,ff13cacbc42b9a6d4a817f989f8c6b56b4ee0d33309362cff4eb4cef4a4a299f,T5.2.1
logical_seed_metric,202607162108,confirmation_sigma_0p025,0.375,0.5,nearest_operation_logical_failure_rate,0.0,,,evaluator_only_not_physical_memory_ler,ff13cacbc42b9a6d4a817f989f8c6b56b4ee0d33309362cff4eb4cef4a4a299f,T5.2.1
logical_seed_metric,202607162108,confirmation_sigma_0p025,0.375,0.5,identity_reference_logical_flip_rate,1.0,,,evaluator_only_not_physical_memory_ler,ff13cacbc42b9a6d4a817f989f8c6b56b4ee0d33309362cff4eb4cef4a4a299f,T5.2.1
logical_seed_metric,202607162108,confirmation_sigma_0p025,0.375,0.5,analytic_nearest_operation_failure_rate,2.866515718791955e-07,,,evaluator_only_not_physical_memory_ler,ff13cacbc42b9a6d4a817f989f8c6b56b4ee0d33309362cff4eb4cef4a4a299f,T5.2.1
logical_seed_metric,202607162108,confirmation_sigma_0p025,0.40625,0.375,nearest_operation_logical_failure_rate,0.0,,,evaluator_only_not_physical_memory_ler,ff13cacbc42b9a6d4a817f989f8c6b56b4ee0d33309362cff4eb4cef4a4a299f,T5.2.1
logical_seed_metric,202607162108,confirmation_sigma_0p025,0.40625,0.375,identity_reference_logical_flip_rate,1.0,,,evaluator_only_not_physical_memory_ler,ff13cacbc42b9a6d4a817f989f8c6b56b4ee0d33309362cff4eb4cef4a4a299f,T5.2.1
logical_seed_metric,202607162108,confirmation_sigma_0p025,0.40625,0.375,analytic_nearest_operation_failure_rate,2.052263425218952e-10,,,evaluator_only_not_physical_memory_ler,ff13cacbc42b9a6d4a817f989f8c6b56b4ee0d33309362cff4eb4cef4a4a299f,T5.2.1
logical_seed_metric,202607162108,confirmation_sigma_0p025,0.4375,0.25,nearest_operation_logical_failure_rate,0.0,,,evaluator_only_not_physical_memory_ler,ff13cacbc42b9a6d4a817f989f8c6b56b4ee0d33309362cff4eb4cef4a4a299f,T5.2.1
logical_seed_metric,202607162108,confirmation_sigma_0p025,0.4375,0.25,identity_reference_logical_flip_rate,1.0,,,evaluator_only_not_physical_memory_ler,ff13cacbc42b9a6d4a817f989f8c6b56b4ee0d33309362cff4eb4cef4a4a299f,T5.2.1
logical_seed_metric,202607162108,confirmation_sigma_0p025,0.4375,0.25,analytic_nearest_operation_failure_rate,3.19089167291092e-14,,,evaluator_only_not_physical_memory_ler,ff13cacbc42b9a6d4a817f989f8c6b56b4ee0d33309362cff4eb4cef4a4a299f,T5.2.1
logical_seed_metric,202607162108,confirmation_sigma_0p025,0.46875,0.125,nearest_operation_logical_failure_rate,0.0,,,evaluator_only_not_physical_memory_ler,ff13cacbc42b9a6d4a817f989f8c6b56b4ee0d33309362cff4eb4cef4a4a299f,T5.2.1
logical_seed_metric,202607162108,confirmation_sigma_0p025,0.46875,0.125,identity_reference_logical_flip_rate,1.0,,,evaluator_only_not_physical_memory_ler,ff13cacbc42b9a6d4a817f989f8c6b56b4ee0d33309362cff4eb4cef4a4a299f,T5.2.1
logical_seed_metric,202607162108,confirmation_sigma_0p025,0.46875,0.125,analytic_nearest_operation_failure_rate,1.0667637375475064e-18,,,evaluator_only_not_physical_memory_ler,ff13cacbc42b9a6d4a817f989f8c6b56b4ee0d33309362cff4eb4cef4a4a299f,T5.2.1
logical_seed_metric,202607162108,confirmation_sigma_0p025,0.5,0.0,nearest_operation_logical_failure_rate,0.0,,,evaluator_only_not_physical_memory_ler,ff13cacbc42b9a6d4a817f989f8c6b56b4ee0d33309362cff4eb4cef4a4a299f,T5.2.1
logical_seed_metric,202607162108,confirmation_sigma_0p025,0.5,0.0,identity_reference_logical_flip_rate,1.0,,,evaluator_only_not_physical_memory_ler,ff13cacbc42b9a6d4a817f989f8c6b56b4ee0d33309362cff4eb4cef4a4a299f,T5.2.1
logical_seed_metric,202607162108,confirmation_sigma_0p025,0.5,0.0,analytic_nearest_operation_failure_rate,7.619853024160689e-24,,,evaluator_only_not_physical_memory_ler,ff13cacbc42b9a6d4a817f989f8c6b56b4ee0d33309362cff4eb4cef4a4a299f,T5.2.1
recovery_cluster_summary,,,0.0,0.0,mean_initial_recovery_depth,0.0,0.0,0.0,whole_seed_cluster_bootstrap,,T5.2.1
recovery_cluster_summary,,,0.0,0.0,mean_observed_same_quadrature_max_e_run,0.096160888671875,0.0933837890625,0.0992431640625,whole_seed_cluster_bootstrap,,T5.2.1
recovery_cluster_summary,,,0.0,0.0,mean_ideal_same_quadrature_max_e_run,0.0,0.0,0.0,whole_seed_cluster_bootstrap,,T5.2.1
recovery_cluster_summary,,,0.0,0.0,mean_restricted_recovery_cycles,0.0,0.0,0.0,whole_seed_cluster_bootstrap,,T5.2.1
recovery_cluster_summary,,,0.0,0.0,recovered_fraction_by_horizon,1.0,1.0,1.0,whole_seed_cluster_bootstrap,,T5.2.1
recovery_cluster_summary,,,0.0,0.0,unaffected_e_probability_max,0.007110595703125,0.0067138671875,0.007476806640625,whole_seed_cluster_bootstrap,,T5.2.1
recovery_cluster_summary,,,0.03125,0.125,mean_initial_recovery_depth,0.751556396484375,0.745086669921875,0.75872802734375,whole_seed_cluster_bootstrap,,T5.2.1
recovery_cluster_summary,,,0.03125,0.125,mean_observed_same_quadrature_max_e_run,0.7601318359375,0.7540283203125,0.7673042297363281,whole_seed_cluster_bootstrap,,T5.2.1
recovery_cluster_summary,,,0.03125,0.125,mean_ideal_same_quadrature_max_e_run,0.728759765625,0.7233879089355469,0.735321044921875,whole_seed_cluster_bootstrap,,T5.2.1
recovery_cluster_summary,,,0.03125,0.125,mean_restricted_recovery_cycles,0.8546142578125,0.844696044921875,0.86480712890625,whole_seed_cluster_bootstrap,,T5.2.1
recovery_cluster_summary,,,0.03125,0.125,recovered_fraction_by_horizon,1.0,1.0,1.0,whole_seed_cluster_bootstrap,,T5.2.1
recovery_cluster_summary,,,0.03125,0.125,unaffected_e_probability_max,0.015380859375,0.01397705078125,0.016448974609375,whole_seed_cluster_bootstrap,,T5.2.1
recovery_cluster_summary,,,0.0625,0.25,mean_initial_recovery_depth,1.4974365234375,1.48675537109375,1.509307861328125,whole_seed_cluster_bootstrap,,T5.2.1
recovery_cluster_summary,,,0.0625,0.25,mean_observed_same_quadrature_max_e_run,1.403411865234375,1.3934623718261718,1.4144287109375,whole_seed_cluster_bootstrap,,T5.2.1
recovery_cluster_summary,,,0.0625,0.25,mean_ideal_same_quadrature_max_e_run,1.411346435546875,1.40283203125,1.420746612548828,whole_seed_cluster_bootstrap,,T5.2.1
recovery_cluster_summary,,,0.0625,0.25,mean_restricted_recovery_cycles,1.703369140625,1.68756103515625,1.719024658203125,whole_seed_cluster_bootstrap,,T5.2.1
recovery_cluster_summary,,,0.0625,0.25,recovered_fraction_by_horizon,1.0,1.0,1.0,whole_seed_cluster_bootstrap,,T5.2.1
recovery_cluster_summary,,,0.0625,0.25,unaffected_e_probability_max,0.02032470703125,0.0189208984375,0.021759033203125,whole_seed_cluster_bootstrap,,T5.2.1
recovery_cluster_summary,,,0.09375,0.375,mean_initial_recovery_depth,2.246307373046875,2.234893798828125,2.2589111328125,whole_seed_cluster_bootstrap,,T5.2.1
recovery_cluster_summary,,,0.09375,0.375,mean_observed_same_quadrature_max_e_run,2.033477783203125,2.02459716796875,2.043824005126953,whole_seed_cluster_bootstrap,,T5.2.1
recovery_cluster_summary,,,0.09375,0.375,mean_ideal_same_quadrature_max_e_run,2.0703125,2.06182861328125,2.0802001953125,whole_seed_cluster_bootstrap,,T5.2.1
recovery_cluster_summary,,,0.09375,0.375,mean_restricted_recovery_cycles,2.553741455078125,2.534912109375,2.57049560546875,whole_seed_cluster_bootstrap,,T5.2.1
recovery_cluster_summary,,,0.09375,0.375,recovered_fraction_by_horizon,1.0,1.0,1.0,whole_seed_cluster_bootstrap,,T5.2.1
recovery_cluster_summary,,,0.09375,0.375,unaffected_e_probability_max,0.02215576171875,0.020538330078125,0.0238037109375,whole_seed_cluster_bootstrap,,T5.2.1
recovery_cluster_summary,,,0.125,0.5,mean_initial_recovery_depth,3.000640869140625,2.991180419921875,3.0108642578125,whole_seed_cluster_bootstrap,,T5.2.1
recovery_cluster_summary,,,0.125,0.5,mean_observed_same_quadrature_max_e_run,2.64495849609375,2.637908935546875,2.6529541015625,whole_seed_cluster_bootstrap,,T5.2.1
recovery_cluster_summary,,,0.125,0.5,mean_ideal_same_quadrature_max_e_run,2.7073974609375,2.69921875,2.71600341796875,whole_seed_cluster_bootstrap,,T5.2.1
recovery_cluster_summary,,,0.125,0.5,mean_restricted_recovery_cycles,3.412994384765625,3.39495849609375,3.4287109375,whole_seed_cluster_bootstrap,,T5.2.1
recovery_cluster_summary,,,0.125,0.5,recovered_fraction_by_horizon,1.0,1.0,1.0,whole_seed_cluster_bootstrap,,T5.2.1
recovery_cluster_summary,,,0.125,0.5,unaffected_e_probability_max,0.02288818359375,0.021484375,0.024322509765625,whole_seed_cluster_bootstrap,,T5.2.1
recovery_cluster_summary,,,0.15625,0.625,mean_initial_recovery_depth,3.753692626953125,3.741271209716797,3.76531982421875,whole_seed_cluster_bootstrap,,T5.2.1
recovery_cluster_summary,,,0.15625,0.625,mean_observed_same_quadrature_max_e_run,3.239013671875,3.226959228515625,3.25274658203125,whole_seed_cluster_bootstrap,,T5.2.1
recovery_cluster_summary,,,0.15625,0.625,mean_ideal_same_quadrature_max_e_run,3.324188232421875,3.311004638671875,3.3419189453125,whole_seed_cluster_bootstrap,,T5.2.1
recovery_cluster_summary,,,0.15625,0.625,mean_restricted_recovery_cycles,4.270050048828125,4.256256103515625,4.2821044921875,whole_seed_cluster_bootstrap,,T5.2.1
recovery_cluster_summary,,,0.15625,0.625,recovered_fraction_by_horizon,1.0,1.0,1.0,whole_seed_cluster_bootstrap,,T5.2.1
recovery_cluster_summary,,,0.15625,0.625,unaffected_e_probability_max,0.023773193359375,0.022003173828125,0.02545166015625,whole_seed_cluster_bootstrap,,T5.2.1
recovery_cluster_summary,,,0.1875,0.75,mean_initial_recovery_depth,4.5025634765625,4.490936279296875,4.5133056640625,whole_seed_cluster_bootstrap,,T5.2.1
recovery_cluster_summary,,,0.1875,0.75,mean_observed_same_quadrature_max_e_run,3.803985595703125,3.792906951904297,3.814605712890625,whole_seed_cluster_bootstrap,,T5.2.1
recovery_cluster_summary,,,0.1875,0.75,mean_ideal_same_quadrature_max_e_run,3.9139404296875,3.901641845703125,3.92791748046875,whole_seed_cluster_bootstrap,,T5.2.1
recovery_cluster_summary,,,0.1875,0.75,mean_restricted_recovery_cycles,5.12347412109375,5.110411834716797,5.134461212158203,whole_seed_cluster_bootstrap,,T5.2.1
recovery_cluster_summary,,,0.1875,0.75,recovered_fraction_by_horizon,1.0,1.0,1.0,whole_seed_cluster_bootstrap,,T5.2.1
recovery_cluster_summary,,,0.1875,0.75,unaffected_e_probability_max,0.02423095703125,0.02294921875,0.025390625,whole_seed_cluster_bootstrap,,T5.2.1
recovery_cluster_summary,,,0.21875,0.875,mean_initial_recovery_depth,5.248443603515625,5.241119384765625,5.254791259765625,whole_seed_cluster_bootstrap,,T5.2.1
recovery_cluster_summary,,,0.21875,0.875,mean_observed_same_quadrature_max_e_run,4.337188720703125,4.32598876953125,4.34783935546875,whole_seed_cluster_bootstrap,,T5.2.1
recovery_cluster_summary,,,0.21875,0.875,mean_ideal_same_quadrature_max_e_run,4.47271728515625,4.463043212890625,4.482666015625,whole_seed_cluster_bootstrap,,T5.2.1
recovery_cluster_summary,,,0.21875,0.875,mean_restricted_recovery_cycles,5.973419189453125,5.963836669921875,5.9830322265625,whole_seed_cluster_bootstrap,,T5.2.1
recovery_cluster_summary,,,0.21875,0.875,recovered_fraction_by_horizon,1.0,1.0,1.0,whole_seed_cluster_bootstrap,,T5.2.1
recovery_cluster_summary,,,0.21875,0.875,unaffected_e_probability_max,0.024871826171875,0.023590087890625,0.0262451171875,whole_seed_cluster_bootstrap,,T5.2.1
recovery_cluster_summary,,,0.25,1.0,mean_initial_recovery_depth,6.0,6.0,6.0,whole_seed_cluster_bootstrap,,T5.2.1
recovery_cluster_summary,,,0.25,1.0,mean_observed_same_quadrature_max_e_run,4.845123291015625,4.8355712890625,4.854522705078125,whole_seed_cluster_bootstrap,,T5.2.1
recovery_cluster_summary,,,0.25,1.0,mean_ideal_same_quadrature_max_e_run,5.006805419921875,4.9986572265625,5.013916015625,whole_seed_cluster_bootstrap,,T5.2.1
recovery_cluster_summary,,,0.25,1.0,mean_restricted_recovery_cycles,6.82940673828125,6.819305419921875,6.838165283203125,whole_seed_cluster_bootstrap,,T5.2.1
recovery_cluster_summary,,,0.25,1.0,recovered_fraction_by_horizon,1.0,1.0,1.0,whole_seed_cluster_bootstrap,,T5.2.1
recovery_cluster_summary,,,0.25,1.0,unaffected_e_probability_max,0.025421142578125,0.024169921875,0.02679443359375,whole_seed_cluster_bootstrap,,T5.2.1
recovery_cluster_summary,,,0.28125,0.875,mean_initial_recovery_depth,5.248443603515625,5.2412109375,5.254852294921875,whole_seed_cluster_bootstrap,,T5.2.1
recovery_cluster_summary,,,0.28125,0.875,mean_observed_same_quadrature_max_e_run,4.337188720703125,4.32598876953125,4.34783935546875,whole_seed_cluster_bootstrap,,T5.2.1
recovery_cluster_summary,,,0.28125,0.875,mean_ideal_same_quadrature_max_e_run,4.47271728515625,4.463072967529297,4.482879638671875,whole_seed_cluster_bootstrap,,T5.2.1
recovery_cluster_summary,,,0.28125,0.875,mean_restricted_recovery_cycles,5.973419189453125,5.963836669921875,5.983062744140625,whole_seed_cluster_bootstrap,,T5.2.1
recovery_cluster_summary,,,0.28125,0.875,recovered_fraction_by_horizon,1.0,1.0,1.0,whole_seed_cluster_bootstrap,,T5.2.1
recovery_cluster_summary,,,0.28125,0.875,unaffected_e_probability_max,0.024871826171875,0.023529052734375,0.0262451171875,whole_seed_cluster_bootstrap,,T5.2.1
recovery_cluster_summary,,,0.3125,0.75,mean_initial_recovery_depth,4.5025634765625,4.4908447265625,4.5133056640625,whole_seed_cluster_bootstrap,,T5.2.1
recovery_cluster_summary,,,0.3125,0.75,mean_observed_same_quadrature_max_e_run,3.803985595703125,3.79290771484375,3.814697265625,whole_seed_cluster_bootstrap,,T5.2.1
recovery_cluster_summary,,,0.3125,0.75,mean_ideal_same_quadrature_max_e_run,3.9139404296875,3.901763916015625,3.928131866455078,whole_seed_cluster_bootstrap,,T5.2.1
recovery_cluster_summary,,,0.3125,0.75,mean_restricted_recovery_cycles,5.12347412109375,5.110809326171875,5.13427734375,whole_seed_cluster_bootstrap,,T5.2.1
recovery_cluster_summary,,,0.3125,0.75,recovered_fraction_by_horizon,1.0,1.0,1.0,whole_seed_cluster_bootstrap,,T5.2.1
recovery_cluster_summary,,,0.3125,0.75,unaffected_e_probability_max,0.02423095703125,0.02294921875,0.02545166015625,whole_seed_cluster_bootstrap,,T5.2.1
recovery_cluster_summary,,,0.34375,0.625,mean_initial_recovery_depth,3.753692626953125,3.74139404296875,3.76513671875,whole_seed_cluster_bootstrap,,T5.2.1
recovery_cluster_summary,,,0.34375,0.625,mean_observed_same_quadrature_max_e_run,3.239013671875,3.22698974609375,3.252716064453125,whole_seed_cluster_bootstrap,,T5.2.1
recovery_cluster_summary,,,0.34375,0.625,mean_ideal_same_quadrature_max_e_run,3.324188232421875,3.310821533203125,3.34173583984375,whole_seed_cluster_bootstrap,,T5.2.1
recovery_cluster_summary,,,0.34375,0.625,mean_restricted_recovery_cycles,4.270050048828125,4.256194305419922,4.28173828125,whole_seed_cluster_bootstrap,,T5.2.1
recovery_cluster_summary,,,0.34375,0.625,recovered_fraction_by_horizon,1.0,1.0,1.0,whole_seed_cluster_bootstrap,,T5.2.1
recovery_cluster_summary,,,0.34375,0.625,unaffected_e_probability_max,0.023773193359375,0.022064208984375,0.025482177734375,whole_seed_cluster_bootstrap,,T5.2.1
recovery_cluster_summary,,,0.375,0.5,mean_initial_recovery_depth,3.000640869140625,2.990997314453125,3.01104736328125,whole_seed_cluster_bootstrap,,T5.2.1
recovery_cluster_summary,,,0.375,0.5,mean_observed_same_quadrature_max_e_run,2.64495849609375,2.637939453125,2.652924346923828,whole_seed_cluster_bootstrap,,T5.2.1
recovery_cluster_summary,,,0.375,0.5,mean_ideal_same_quadrature_max_e_run,2.7073974609375,2.69915771484375,2.715911865234375,whole_seed_cluster_bootstrap,,T5.2.1
recovery_cluster_summary,,,0.375,0.5,mean_restricted_recovery_cycles,3.412994384765625,3.395233154296875,3.428558349609375,whole_seed_cluster_bootstrap,,T5.2.1
recovery_cluster_summary,,,0.375,0.5,recovered_fraction_by_horizon,1.0,1.0,1.0,whole_seed_cluster_bootstrap,,T5.2.1
recovery_cluster_summary,,,0.375,0.5,unaffected_e_probability_max,0.02288818359375,0.021484375,0.0242919921875,whole_seed_cluster_bootstrap,,T5.2.1
recovery_cluster_summary,,,0.40625,0.375,mean_initial_recovery_depth,2.246307373046875,2.23468017578125,2.258544921875,whole_seed_cluster_bootstrap,,T5.2.1
recovery_cluster_summary,,,0.40625,0.375,mean_observed_same_quadrature_max_e_run,2.033477783203125,2.02459716796875,2.0435791015625,whole_seed_cluster_bootstrap,,T5.2.1
recovery_cluster_summary,,,0.40625,0.375,mean_ideal_same_quadrature_max_e_run,2.0703125,2.061737060546875,2.08013916015625,whole_seed_cluster_bootstrap,,T5.2.1
recovery_cluster_summary,,,0.40625,0.375,mean_restricted_recovery_cycles,2.553741455078125,2.535369873046875,2.57049560546875,whole_seed_cluster_bootstrap,,T5.2.1
recovery_cluster_summary,,,0.40625,0.375,recovered_fraction_by_horizon,1.0,1.0,1.0,whole_seed_cluster_bootstrap,,T5.2.1
recovery_cluster_summary,,,0.40625,0.375,unaffected_e_probability_max,0.02215576171875,0.0205078125,0.023773193359375,whole_seed_cluster_bootstrap,,T5.2.1
recovery_cluster_summary,,,0.4375,0.25,mean_initial_recovery_depth,1.4974365234375,1.48675537109375,1.508880615234375,whole_seed_cluster_bootstrap,,T5.2.1
recovery_cluster_summary,,,0.4375,0.25,mean_observed_same_quadrature_max_e_run,1.403411865234375,1.39349365234375,1.414398193359375,whole_seed_cluster_bootstrap,,T5.2.1
recovery_cluster_summary,,,0.4375,0.25,mean_ideal_same_quadrature_max_e_run,1.411346435546875,1.402679443359375,1.420623779296875,whole_seed_cluster_bootstrap,,T5.2.1
recovery_cluster_summary,,,0.4375,0.25,mean_restricted_recovery_cycles,1.703369140625,1.68743896484375,1.718811798095703,whole_seed_cluster_bootstrap,,T5.2.1
recovery_cluster_summary,,,0.4375,0.25,recovered_fraction_by_horizon,1.0,1.0,1.0,whole_seed_cluster_bootstrap,,T5.2.1
recovery_cluster_summary,,,0.4375,0.25,unaffected_e_probability_max,0.02032470703125,0.0189208984375,0.021759033203125,whole_seed_cluster_bootstrap,,T5.2.1
recovery_cluster_summary,,,0.46875,0.125,mean_initial_recovery_depth,0.751556396484375,0.7452392578125,0.758819580078125,whole_seed_cluster_bootstrap,,T5.2.1
recovery_cluster_summary,,,0.46875,0.125,mean_observed_same_quadrature_max_e_run,0.7601318359375,0.75408935546875,0.767303466796875,whole_seed_cluster_bootstrap,,T5.2.1
recovery_cluster_summary,,,0.46875,0.125,mean_ideal_same_quadrature_max_e_run,0.728759765625,0.723388671875,0.735260009765625,whole_seed_cluster_bootstrap,,T5.2.1
recovery_cluster_summary,,,0.46875,0.125,mean_restricted_recovery_cycles,0.8546142578125,0.844818115234375,0.864654541015625,whole_seed_cluster_bootstrap,,T5.2.1
recovery_cluster_summary,,,0.46875,0.125,recovered_fraction_by_horizon,1.0,1.0,1.0,whole_seed_cluster_bootstrap,,T5.2.1
recovery_cluster_summary,,,0.46875,0.125,unaffected_e_probability_max,0.015380859375,0.01397705078125,0.016448974609375,whole_seed_cluster_bootstrap,,T5.2.1
recovery_cluster_summary,,,0.5,0.0,mean_initial_recovery_depth,0.0,0.0,0.0,whole_seed_cluster_bootstrap,,T5.2.1
recovery_cluster_summary,,,0.5,0.0,mean_observed_same_quadrature_max_e_run,0.096160888671875,0.093353271484375,0.09930419921875,whole_seed_cluster_bootstrap,,T5.2.1
recovery_cluster_summary,,,0.5,0.0,mean_ideal_same_quadrature_max_e_run,0.0,0.0,0.0,whole_seed_cluster_bootstrap,,T5.2.1
recovery_cluster_summary,,,0.5,0.0,mean_restricted_recovery_cycles,0.0,0.0,0.0,whole_seed_cluster_bootstrap,,T5.2.1
recovery_cluster_summary,,,0.5,0.0,recovered_fraction_by_horizon,1.0,1.0,1.0,whole_seed_cluster_bootstrap,,T5.2.1
recovery_cluster_summary,,,0.5,0.0,unaffected_e_probability_max,0.007110595703125,0.0067138671875,0.007476806640625,whole_seed_cluster_bootstrap,,T5.2.1
logical_cluster_summary,,primary_sigma_0p040,0.0,0.0,nearest_operation_logical_failure_rate,0.0,0.0,0.0,whole_seed_cluster_bootstrap,,T5.2.1
logical_cluster_summary,,primary_sigma_0p040,0.0,0.0,identity_reference_logical_flip_rate,0.0,0.0,0.0,whole_seed_cluster_bootstrap,,T5.2.1
logical_cluster_summary,,primary_sigma_0p040,0.0,0.0,analytic_nearest_operation_failure_rate,2.052263425218952e-10,2.052263425218952e-10,2.052263425218952e-10,whole_seed_cluster_bootstrap,,T5.2.1
logical_cluster_summary,,primary_sigma_0p040,0.03125,0.125,nearest_operation_logical_failure_rate,0.0,0.0,0.0,whole_seed_cluster_bootstrap,,T5.2.1
logical_cluster_summary,,primary_sigma_0p040,0.03125,0.125,identity_reference_logical_flip_rate,0.0,0.0,0.0,whole_seed_cluster_bootstrap,,T5.2.1
logical_cluster_summary,,primary_sigma_0p040,0.03125,0.125,analytic_nearest_operation_failure_rate,2.266102353349704e-08,2.266102353349704e-08,2.266102353349704e-08,whole_seed_cluster_bootstrap,,T5.2.1
logical_cluster_summary,,primary_sigma_0p040,0.0625,0.25,nearest_operation_logical_failure_rate,0.0,0.0,0.0,whole_seed_cluster_bootstrap,,T5.2.1
logical_cluster_summary,,primary_sigma_0p040,0.0625,0.25,identity_reference_logical_flip_rate,0.0,0.0,0.0,whole_seed_cluster_bootstrap,,T5.2.1
logical_cluster_summary,,primary_sigma_0p040,0.0625,0.25,analytic_nearest_operation_failure_rate,1.3828135064100948e-06,1.3828135064100948e-06,1.3828135064100948e-06,whole_seed_cluster_bootstrap,,T5.2.1
logical_cluster_summary,,primary_sigma_0p040,0.09375,0.375,nearest_operation_logical_failure_rate,9.1552734375e-05,0.0,0.000213623046875,whole_seed_cluster_bootstrap,,T5.2.1
logical_cluster_summary,,primary_sigma_0p040,0.09375,0.375,identity_reference_logical_flip_rate,9.1552734375e-05,0.0,0.000213623046875,whole_seed_cluster_bootstrap,,T5.2.1
logical_cluster_summary,,primary_sigma_0p040,0.09375,0.375,analytic_nearest_operation_failure_rate,4.6869765016455317e-05,4.6869765016455317e-05,4.6869765016455317e-05,whole_seed_cluster_bootstrap,,T5.2.1
logical_cluster_summary,,primary_sigma_0p040,0.125,0.5,nearest_operation_logical_failure_rate,0.0010986328125,0.0008544921875,0.001373291015625,whole_seed_cluster_bootstrap,,T5.2.1
logical_cluster_summary,,primary_sigma_0p040,0.125,0.5,identity_reference_logical_flip_rate,0.0010986328125,0.0008544921875,0.001373291015625,whole_seed_cluster_bootstrap,,T5.2.1
logical_cluster_summary,,primary_sigma_0p040,0.125,0.5,analytic_nearest_operation_failure_rate,0.0008890252991084335,0.0008890252991084335,0.0008890252991084335,whole_seed_cluster_bootstrap,,T5.2.1
logical_cluster_summary,,primary_sigma_0p040,0.15625,0.625,nearest_operation_logical_failure_rate,0.010345458984375,0.009124755859375,0.011474609375,whole_seed_cluster_bootstrap,,T5.2.1
logical_cluster_summary,,primary_sigma_0p040,0.15625,0.625,identity_reference_logical_flip_rate,0.010345458984375,0.009124755859375,0.011474609375,whole_seed_cluster_bootstrap,,T5.2.1
logical_cluster_summary,,primary_sigma_0p040,0.15625,0.625,analytic_nearest_operation_failure_rate,0.009545481536386161,0.009545481536386161,0.009545481536386161,whole_seed_cluster_bootstrap,,T5.2.1
logical_cluster_summary,,primary_sigma_0p040,0.1875,0.75,nearest_operation_logical_failure_rate,0.060211181640625,0.0576171875,0.06280517578125,whole_seed_cluster_bootstrap,,T5.2.1
logical_cluster_summary,,primary_sigma_0p040,0.1875,0.75,identity_reference_logical_flip_rate,0.060211181640625,0.057647705078125,0.062774658203125,whole_seed_cluster_bootstrap,,T5.2.1
logical_cluster_summary,,primary_sigma_0p040,0.1875,0.75,analytic_nearest_operation_failure_rate,0.05908512293266757,0.05908512293266757,0.05908512293266757,whole_seed_cluster_bootstrap,,T5.2.1
logical_cluster_summary,,primary_sigma_0p040,0.21875,0.875,nearest_operation_logical_failure_rate,0.219329833984375,0.215484619140625,0.222900390625,whole_seed_cluster_bootstrap,,T5.2.1
logical_cluster_summary,,primary_sigma_0p040,0.21875,0.875,identity_reference_logical_flip_rate,0.219329833984375,0.215545654296875,0.222900390625,whole_seed_cluster_bootstrap,,T5.2.1
logical_cluster_summary,,primary_sigma_0p040,0.21875,0.875,analytic_nearest_operation_failure_rate,0.21732773567808567,0.21732773567808567,0.21732773567808567,whole_seed_cluster_bootstrap,,T5.2.1
logical_cluster_summary,,primary_sigma_0p040,0.25,1.0,nearest_operation_logical_failure_rate,0.49530029296875,0.490447998046875,0.5010986328125,whole_seed_cluster_bootstrap,,T5.2.1
logical_cluster_summary,,primary_sigma_0p040,0.25,1.0,identity_reference_logical_flip_rate,0.50469970703125,0.499114990234375,0.509521484375,whole_seed_cluster_bootstrap,,T5.2.1
logical_cluster_summary,,primary_sigma_0p040,0.25,1.0,analytic_nearest_operation_failure_rate,0.5,0.5,0.5,whole_seed_cluster_bootstrap,,T5.2.1
logical_cluster_summary,,primary_sigma_0p040,0.28125,0.875,nearest_operation_logical_failure_rate,0.215057373046875,0.2125244140625,0.21795654296875,whole_seed_cluster_bootstrap,,T5.2.1
logical_cluster_summary,,primary_sigma_0p040,0.28125,0.875,identity_reference_logical_flip_rate,0.784942626953125,0.7821044921875,0.7874755859375,whole_seed_cluster_bootstrap,,T5.2.1
logical_cluster_summary,,primary_sigma_0p040,0.28125,0.875,analytic_nearest_operation_failure_rate,0.21732773567808567,0.21732773567808567,0.21732773567808567,whole_seed_cluster_bootstrap,,T5.2.1
logical_cluster_summary,,primary_sigma_0p040,0.3125,0.75,nearest_operation_logical_failure_rate,0.05615234375,0.053863525390625,0.05841064453125,whole_seed_cluster_bootstrap,,T5.2.1
logical_cluster_summary,,primary_sigma_0p040,0.3125,0.75,identity_reference_logical_flip_rate,0.94384765625,0.9415283203125,0.9461669921875,whole_seed_cluster_bootstrap,,T5.2.1
logical_cluster_summary,,primary_sigma_0p040,0.3125,0.75,analytic_nearest_operation_failure_rate,0.05908512293266757,0.05908512293266757,0.05908512293266757,whole_seed_cluster_bootstrap,,T5.2.1
logical_cluster_summary,,primary_sigma_0p040,0.34375,0.625,nearest_operation_logical_failure_rate,0.008819580078125,0.00823974609375,0.00958251953125,whole_seed_cluster_bootstrap,,T5.2.1
logical_cluster_summary,,primary_sigma_0p040,0.34375,0.625,identity_reference_logical_flip_rate,0.991180419921875,0.99041748046875,0.99176025390625,whole_seed_cluster_bootstrap,,T5.2.1
logical_cluster_summary,,primary_sigma_0p040,0.34375,0.625,analytic_nearest_operation_failure_rate,0.009545481536386161,0.009545481536386161,0.009545481536386161,whole_seed_cluster_bootstrap,,T5.2.1
logical_cluster_summary,,primary_sigma_0p040,0.375,0.5,nearest_operation_logical_failure_rate,0.000732421875,0.00048828125,0.001068115234375,whole_seed_cluster_bootstrap,,T5.2.1
logical_cluster_summary,,primary_sigma_0p040,0.375,0.5,identity_reference_logical_flip_rate,0.999267578125,0.99896240234375,0.99951171875,whole_seed_cluster_bootstrap,,T5.2.1
logical_cluster_summary,,primary_sigma_0p040,0.375,0.5,analytic_nearest_operation_failure_rate,0.0008890252991084335,0.0008890252991084335,0.0008890252991084335,whole_seed_cluster_bootstrap,,T5.2.1
logical_cluster_summary,,primary_sigma_0p040,0.40625,0.375,nearest_operation_logical_failure_rate,6.103515625e-05,0.0,0.000152587890625,whole_seed_cluster_bootstrap,,T5.2.1
logical_cluster_summary,,primary_sigma_0p040,0.40625,0.375,identity_reference_logical_flip_rate,0.99993896484375,0.999847412109375,1.0,whole_seed_cluster_bootstrap,,T5.2.1
logical_cluster_summary,,primary_sigma_0p040,0.40625,0.375,analytic_nearest_operation_failure_rate,4.6869765016455317e-05,4.6869765016455317e-05,4.6869765016455317e-05,whole_seed_cluster_bootstrap,,T5.2.1
logical_cluster_summary,,primary_sigma_0p040,0.4375,0.25,nearest_operation_logical_failure_rate,0.0,0.0,0.0,whole_seed_cluster_bootstrap,,T5.2.1
logical_cluster_summary,,primary_sigma_0p040,0.4375,0.25,identity_reference_logical_flip_rate,1.0,1.0,1.0,whole_seed_cluster_bootstrap,,T5.2.1
logical_cluster_summary,,primary_sigma_0p040,0.4375,0.25,analytic_nearest_operation_failure_rate,1.3828135064100948e-06,1.3828135064100948e-06,1.3828135064100948e-06,whole_seed_cluster_bootstrap,,T5.2.1
logical_cluster_summary,,primary_sigma_0p040,0.46875,0.125,nearest_operation_logical_failure_rate,0.0,0.0,0.0,whole_seed_cluster_bootstrap,,T5.2.1
logical_cluster_summary,,primary_sigma_0p040,0.46875,0.125,identity_reference_logical_flip_rate,1.0,1.0,1.0,whole_seed_cluster_bootstrap,,T5.2.1
logical_cluster_summary,,primary_sigma_0p040,0.46875,0.125,analytic_nearest_operation_failure_rate,2.266102353349704e-08,2.266102353349704e-08,2.266102353349704e-08,whole_seed_cluster_bootstrap,,T5.2.1
logical_cluster_summary,,primary_sigma_0p040,0.5,0.0,nearest_operation_logical_failure_rate,0.0,0.0,0.0,whole_seed_cluster_bootstrap,,T5.2.1
logical_cluster_summary,,primary_sigma_0p040,0.5,0.0,identity_reference_logical_flip_rate,1.0,1.0,1.0,whole_seed_cluster_bootstrap,,T5.2.1
logical_cluster_summary,,primary_sigma_0p040,0.5,0.0,analytic_nearest_operation_failure_rate,2.052263425218952e-10,2.052263425218952e-10,2.052263425218952e-10,whole_seed_cluster_bootstrap,,T5.2.1
logical_cluster_summary,,confirmation_sigma_0p025,0.0,0.0,nearest_operation_logical_failure_rate,0.0,0.0,0.0,whole_seed_cluster_bootstrap,,T5.2.1
logical_cluster_summary,,confirmation_sigma_0p025,0.0,0.0,identity_reference_logical_flip_rate,0.0,0.0,0.0,whole_seed_cluster_bootstrap,,T5.2.1
logical_cluster_summary,,confirmation_sigma_0p025,0.0,0.0,analytic_nearest_operation_failure_rate,7.619853024160689e-24,7.619853024160689e-24,7.619853024160689e-24,whole_seed_cluster_bootstrap,,T5.2.1
logical_cluster_summary,,confirmation_sigma_0p025,0.03125,0.125,nearest_operation_logical_failure_rate,0.0,0.0,0.0,whole_seed_cluster_bootstrap,,T5.2.1
logical_cluster_summary,,confirmation_sigma_0p025,0.03125,0.125,identity_reference_logical_flip_rate,0.0,0.0,0.0,whole_seed_cluster_bootstrap,,T5.2.1
logical_cluster_summary,,confirmation_sigma_0p025,0.03125,0.125,analytic_nearest_operation_failure_rate,1.0667637375475064e-18,1.0667637375475064e-18,1.0667637375475064e-18,whole_seed_cluster_bootstrap,,T5.2.1
logical_cluster_summary,,confirmation_sigma_0p025,0.0625,0.25,nearest_operation_logical_failure_rate,0.0,0.0,0.0,whole_seed_cluster_bootstrap,,T5.2.1
logical_cluster_summary,,confirmation_sigma_0p025,0.0625,0.25,identity_reference_logical_flip_rate,0.0,0.0,0.0,whole_seed_cluster_bootstrap,,T5.2.1
logical_cluster_summary,,confirmation_sigma_0p025,0.0625,0.25,analytic_nearest_operation_failure_rate,3.19089167291092e-14,3.19089167291092e-14,3.19089167291092e-14,whole_seed_cluster_bootstrap,,T5.2.1
logical_cluster_summary,,confirmation_sigma_0p025,0.09375,0.375,nearest_operation_logical_failure_rate,0.0,0.0,0.0,whole_seed_cluster_bootstrap,,T5.2.1
logical_cluster_summary,,confirmation_sigma_0p025,0.09375,0.375,identity_reference_logical_flip_rate,0.0,0.0,0.0,whole_seed_cluster_bootstrap,,T5.2.1
logical_cluster_summary,,confirmation_sigma_0p025,0.09375,0.375,analytic_nearest_operation_failure_rate,2.052263425218952e-10,2.052263425218952e-10,2.052263425218952e-10,whole_seed_cluster_bootstrap,,T5.2.1
logical_cluster_summary,,confirmation_sigma_0p025,0.125,0.5,nearest_operation_logical_failure_rate,0.0,0.0,0.0,whole_seed_cluster_bootstrap,,T5.2.1
logical_cluster_summary,,confirmation_sigma_0p025,0.125,0.5,identity_reference_logical_flip_rate,0.0,0.0,0.0,whole_seed_cluster_bootstrap,,T5.2.1
logical_cluster_summary,,confirmation_sigma_0p025,0.125,0.5,analytic_nearest_operation_failure_rate,2.866515718791955e-07,2.866515718791955e-07,2.866515718791955e-07,whole_seed_cluster_bootstrap,,T5.2.1
logical_cluster_summary,,confirmation_sigma_0p025,0.15625,0.625,nearest_operation_logical_failure_rate,9.1552734375e-05,3.0517578125e-05,0.00018310546875,whole_seed_cluster_bootstrap,,T5.2.1
logical_cluster_summary,,confirmation_sigma_0p025,0.15625,0.625,identity_reference_logical_flip_rate,9.1552734375e-05,3.0517578125e-05,0.00018310546875,whole_seed_cluster_bootstrap,,T5.2.1
logical_cluster_summary,,confirmation_sigma_0p025,0.15625,0.625,analytic_nearest_operation_failure_rate,8.841728520080404e-05,8.841728520080404e-05,8.841728520080404e-05,whole_seed_cluster_bootstrap,,T5.2.1
logical_cluster_summary,,confirmation_sigma_0p025,0.1875,0.75,nearest_operation_logical_failure_rate,0.0054931640625,0.004608154296875,0.006378173828125,whole_seed_cluster_bootstrap,,T5.2.1
logical_cluster_summary,,confirmation_sigma_0p025,0.1875,0.75,identity_reference_logical_flip_rate,0.0054931640625,0.004608154296875,0.006378173828125,whole_seed_cluster_bootstrap,,T5.2.1
logical_cluster_summary,,confirmation_sigma_0p025,0.1875,0.75,analytic_nearest_operation_failure_rate,0.006209665325776144,0.006209665325776144,0.006209665325776144,whole_seed_cluster_bootstrap,,T5.2.1
logical_cluster_summary,,confirmation_sigma_0p025,0.21875,0.875,nearest_operation_logical_failure_rate,0.105926513671875,0.10302734375,0.10943603515625,whole_seed_cluster_bootstrap,,T5.2.1
logical_cluster_summary,,confirmation_sigma_0p025,0.21875,0.875,identity_reference_logical_flip_rate,0.105926513671875,0.10302734375,0.10943603515625,whole_seed_cluster_bootstrap,,T5.2.1
logical_cluster_summary,,confirmation_sigma_0p025,0.21875,0.875,analytic_nearest_operation_failure_rate,0.1056497736668553,0.1056497736668553,0.1056497736668553,whole_seed_cluster_bootstrap,,T5.2.1
logical_cluster_summary,,confirmation_sigma_0p025,0.25,1.0,nearest_operation_logical_failure_rate,0.49786376953125,0.4903564453125,0.5050048828125,whole_seed_cluster_bootstrap,,T5.2.1
logical_cluster_summary,,confirmation_sigma_0p025,0.25,1.0,identity_reference_logical_flip_rate,0.50213623046875,0.494903564453125,0.5096435546875,whole_seed_cluster_bootstrap,,T5.2.1
logical_cluster_summary,,confirmation_sigma_0p025,0.25,1.0,analytic_nearest_operation_failure_rate,0.5,0.5,0.5,whole_seed_cluster_bootstrap,,T5.2.1
logical_cluster_summary,,confirmation_sigma_0p025,0.28125,0.875,nearest_operation_logical_failure_rate,0.102691650390625,0.09979248046875,0.10565185546875,whole_seed_cluster_bootstrap,,T5.2.1
logical_cluster_summary,,confirmation_sigma_0p025,0.28125,0.875,identity_reference_logical_flip_rate,0.897308349609375,0.894378662109375,0.900238037109375,whole_seed_cluster_bootstrap,,T5.2.1
logical_cluster_summary,,confirmation_sigma_0p025,0.28125,0.875,analytic_nearest_operation_failure_rate,0.1056497736668553,0.1056497736668553,0.1056497736668553,whole_seed_cluster_bootstrap,,T5.2.1
logical_cluster_summary,,confirmation_sigma_0p025,0.3125,0.75,nearest_operation_logical_failure_rate,0.005706787109375,0.00494384765625,0.006500244140625,whole_seed_cluster_bootstrap,,T5.2.1
logical_cluster_summary,,confirmation_sigma_0p025,0.3125,0.75,identity_reference_logical_flip_rate,0.994293212890625,0.9935302734375,0.99505615234375,whole_seed_cluster_bootstrap,,T5.2.1
logical_cluster_summary,,confirmation_sigma_0p025,0.3125,0.75,analytic_nearest_operation_failure_rate,0.006209665325776144,0.006209665325776144,0.006209665325776144,whole_seed_cluster_bootstrap,,T5.2.1
logical_cluster_summary,,confirmation_sigma_0p025,0.34375,0.625,nearest_operation_logical_failure_rate,0.0001220703125,3.0517578125e-05,0.000244140625,whole_seed_cluster_bootstrap,,T5.2.1
logical_cluster_summary,,confirmation_sigma_0p025,0.34375,0.625,identity_reference_logical_flip_rate,0.9998779296875,0.999755859375,0.999969482421875,whole_seed_cluster_bootstrap,,T5.2.1
logical_cluster_summary,,confirmation_sigma_0p025,0.34375,0.625,analytic_nearest_operation_failure_rate,8.841728520080404e-05,8.841728520080404e-05,8.841728520080404e-05,whole_seed_cluster_bootstrap,,T5.2.1
logical_cluster_summary,,confirmation_sigma_0p025,0.375,0.5,nearest_operation_logical_failure_rate,0.0,0.0,0.0,whole_seed_cluster_bootstrap,,T5.2.1
logical_cluster_summary,,confirmation_sigma_0p025,0.375,0.5,identity_reference_logical_flip_rate,1.0,1.0,1.0,whole_seed_cluster_bootstrap,,T5.2.1
logical_cluster_summary,,confirmation_sigma_0p025,0.375,0.5,analytic_nearest_operation_failure_rate,2.866515718791955e-07,2.866515718791955e-07,2.866515718791955e-07,whole_seed_cluster_bootstrap,,T5.2.1
logical_cluster_summary,,confirmation_sigma_0p025,0.40625,0.375,nearest_operation_logical_failure_rate,0.0,0.0,0.0,whole_seed_cluster_bootstrap,,T5.2.1
logical_cluster_summary,,confirmation_sigma_0p025,0.40625,0.375,identity_reference_logical_flip_rate,1.0,1.0,1.0,whole_seed_cluster_bootstrap,,T5.2.1
logical_cluster_summary,,confirmation_sigma_0p025,0.40625,0.375,analytic_nearest_operation_failure_rate,2.052263425218952e-10,2.052263425218952e-10,2.052263425218952e-10,whole_seed_cluster_bootstrap,,T5.2.1
logical_cluster_summary,,confirmation_sigma_0p025,0.4375,0.25,nearest_operation_logical_failure_rate,0.0,0.0,0.0,whole_seed_cluster_bootstrap,,T5.2.1
logical_cluster_summary,,confirmation_sigma_0p025,0.4375,0.25,identity_reference_logical_flip_rate,1.0,1.0,1.0,whole_seed_cluster_bootstrap,,T5.2.1
logical_cluster_summary,,confirmation_sigma_0p025,0.4375,0.25,analytic_nearest_operation_failure_rate,3.19089167291092e-14,3.19089167291092e-14,3.19089167291092e-14,whole_seed_cluster_bootstrap,,T5.2.1
logical_cluster_summary,,confirmation_sigma_0p025,0.46875,0.125,nearest_operation_logical_failure_rate,0.0,0.0,0.0,whole_seed_cluster_bootstrap,,T5.2.1
logical_cluster_summary,,confirmation_sigma_0p025,0.46875,0.125,identity_reference_logical_flip_rate,1.0,1.0,1.0,whole_seed_cluster_bootstrap,,T5.2.1
logical_cluster_summary,,confirmation_sigma_0p025,0.46875,0.125,analytic_nearest_operation_failure_rate,1.0667637375475064e-18,1.0667637375475064e-18,1.0667637375475064e-18,whole_seed_cluster_bootstrap,,T5.2.1
logical_cluster_summary,,confirmation_sigma_0p025,0.5,0.0,nearest_operation_logical_failure_rate,0.0,0.0,0.0,whole_seed_cluster_bootstrap,,T5.2.1
logical_cluster_summary,,confirmation_sigma_0p025,0.5,0.0,identity_reference_logical_flip_rate,1.0,1.0,1.0,whole_seed_cluster_bootstrap,,T5.2.1
logical_cluster_summary,,confirmation_sigma_0p025,0.5,0.0,analytic_nearest_operation_failure_rate,7.619853024160689e-24,7.619853024160689e-24,7.619853024160689e-24,whole_seed_cluster_bootstrap,,T5.2.1
contract_gate,,,,,all_parent_artifacts_are_current_and_machine_pass,True,,,PASS,,T5.2.1
contract_gate,,,,,implementation_bindings_are_current,True,,,PASS,,T5.2.1
contract_gate,,,,,formal_grid_has_17_points_and_midpoint,True,,,PASS,,T5.2.1
contract_gate,,,,,eight_disjoint_evaluation_seed_clusters,True,,,PASS,,T5.2.1
contract_gate,,,,,every_recovery_seed_executes_every_amplitude,True,,,PASS,,T5.2.1
contract_gate,,,,,every_logical_profile_seed_executes_every_amplitude,True,,,PASS,,T5.2.1
contract_gate,,,,,recovery_depth_peaks_at_large_distance_midpoint,True,,,PASS,,T5.2.1
contract_gate,,,,,same_quadrature_e_run_peaks_at_large_distance_midpoint,True,,,PASS,,T5.2.1
contract_gate,,,,,midpoint_depth_matches_frozen_six_level_injection,True,,,PASS,,T5.2.1
contract_gate,,,,,unaffected_quadrature_remains_negative_control,True,,,PASS,,T5.2.1
contract_gate,,,,,nearest_operation_logical_failure_is_midpoint_peaked_in_both_profiles,True,,,PASS,,T5.2.1
contract_gate,,,,,identity_reference_logical_flip_rate_is_monotone_not_relabelled,True,,,PASS,,T5.2.1
contract_gate,,,,,logical_monte_carlo_matches_independent_gaussian_boundary_formula,True,,,PASS,,T5.2.1
contract_gate,,,,,logical_failure_and_recovery_censoring_are_separate_estimands,True,,,PASS,,T5.2.1
contract_gate,,,,,logical_truth_is_evaluator_only,True,,,PASS,,T5.2.1
contract_gate,,,,,only_displacement_channel_changes_across_paired_runs,True,,,PASS,,T5.2.1
contract_gate,,,,,active_fallback_branch_is_preserved,True,,,PASS,,T5.2.1
contract_gate,,,,,device_and_experimental_claims_remain_false,True,,,PASS,,T5.2.1
contract_gate,,,,,source_anchors_are_hash_bound,True,,,PASS,,T5.2.1
contract_gate,,,,,semantic_validator_accepts_only_complete_nonmixing_campaign,True,,,PASS,,T5.2.1
