row_type,family,seed,intervention_rate,metric,value,ci_low,ci_high,status_or_scope,trace_sha256,source_task
parent_artifact,,,,docs/t2_0_6_occupancy_correlation.json,901f4ff4ef8837125597fb79d95fc1d2b15c2649cf8421ed67fa439332681280,,,True,,T2.0.6
parent_artifact,,,,docs/t5_1_2_mixed_scenario_matrix.json,0f0337527d56485100de967ff1ff475993e8472d875d033aff01558f3d35918d,,,True,,T5.1.2
parent_artifact,,,,docs/t5_1_6_experimental_feasibility.json,1dacc4344cf7790ee3447f7d841369e2c43a560b8302f8feb340a479a181b090,,,True,,T5.1.6
parent_artifact,,,,docs/t5_2_2_ancilla_readout_causal.json,14847d889dacf248052860efa576793472c5da61ee48d2033180fc6932cd0c6f,,,True,,T5.2.2
implementation_binding,,,,cnn_fpga/benchmark/leakage_reset_causal.py,628b6e071675e0efb5a66a7c1373fbee6fc4032df0fb8643409706eab279e990,,,current,,T5.2.3
implementation_binding,,,,physics/sbs_observation_reset.py,d4d08b4c93ec8e2c372292a6e65f756aa6f15605238d10d8dcb5655fe0a69a6e,,,current,,T5.2.3
implementation_binding,,,,physics/sbs_occupancy_correlation.py,449f942d0f2f15359bf5b3c3477fe0c9041f6c364b5dfe07de480ee0384cd7f4,,,current,,T5.2.3
primary_source_anchor,,,,line:181:independent_hidden_state_reference,expectation value of the code projector $ \langle \Pi_{0}\rangle=0.825\pm 0.003 $,,,exact_line_fragment,,Sivak2023
primary_source_anchor,,,,line:965:syndrome_string_fit,P([gg]^{n})=a\lambda^{n},,,exact_line_fragment,,Sivak2023
primary_source_anchor,,,,line:967:occupancy_estimator_identity,p_{\mathrm{err}} \approx 1-\lambda,,,exact_line_fragment,,Sivak2023
primary_source_anchor,,,,line:1015:higher_leakage_duration,decay constant of 17.2 cycles,,,exact_line_fragment,,Sivak2023
primary_source_anchor,,,,line:1027:long_leakage_rate,"p_{l,\geq2}=(1.280\pm0.002)\times10^{-4}",,,exact_line_fragment,,Sivak2023
primary_source_anchor,,,,line:1039:correlation_postselection,length-two or longer leakage events,,,exact_line_fragment,,Sivak2023
channel_intervention,higher_leakage_injection,202607162301,0.0,channel_spec_sha256,7d61ab77777c967f172b09b118b5d572717049828938778f7dec874b7d8b824d,,,exactly_one_physical_channel_changes,5a871189b708c47622f5318fe6858c50ad89f37b8e17c804eda0937f7cd0b59c,T5.2.3
seed_metric,higher_leakage_injection,202607162301,0.0,injection_episode_rate_per_1000_cycles,0.0,,,whole_seed_trajectory_cluster,5a871189b708c47622f5318fe6858c50ad89f37b8e17c804eda0937f7cd0b59c,T5.2.3
seed_metric,higher_leakage_injection,202607162301,0.0,empirical_higher_injection_probability,0.0,,,whole_seed_trajectory_cluster,5a871189b708c47622f5318fe6858c50ad89f37b8e17c804eda0937f7cd0b59c,T5.2.3
seed_metric,higher_leakage_injection,202607162301,0.0,detection_probability,,,,NOT_APPLICABLE_NO_TRUE_EPISODES,5a871189b708c47622f5318fe6858c50ad89f37b8e17c804eda0937f7cd0b59c,T5.2.3
seed_metric,higher_leakage_injection,202607162301,0.0,mean_detection_delay_steps,,,,NOT_APPLICABLE_NO_TRUE_EPISODES,5a871189b708c47622f5318fe6858c50ad89f37b8e17c804eda0937f7cd0b59c,T5.2.3
seed_metric,higher_leakage_injection,202607162301,0.0,p95_detection_delay_steps,,,,NOT_APPLICABLE_NO_TRUE_EPISODES,5a871189b708c47622f5318fe6858c50ad89f37b8e17c804eda0937f7cd0b59c,T5.2.3
seed_metric,higher_leakage_injection,202607162301,0.0,false_alarm_rate_per_healthy_step,0.000186920166015625,,,whole_seed_trajectory_cluster,5a871189b708c47622f5318fe6858c50ad89f37b8e17c804eda0937f7cd0b59c,T5.2.3
seed_metric,higher_leakage_injection,202607162301,0.0,false_negative_rate_per_leakage_step,,,,NOT_APPLICABLE_NO_TRUE_EPISODES,5a871189b708c47622f5318fe6858c50ad89f37b8e17c804eda0937f7cd0b59c,T5.2.3
seed_metric,higher_leakage_injection,202607162301,0.0,hidden_leakage_occupancy,0.0,,,whole_seed_trajectory_cluster,5a871189b708c47622f5318fe6858c50ad89f37b8e17c804eda0937f7cd0b59c,T5.2.3
seed_metric,higher_leakage_injection,202607162301,0.0,observed_leakage_alarm_rate,0.000186920166015625,,,whole_seed_trajectory_cluster,5a871189b708c47622f5318fe6858c50ad89f37b8e17c804eda0937f7cd0b59c,T5.2.3
seed_metric,higher_leakage_injection,202607162301,0.0,declared_normal_action_availability,0.9998130798339844,,,whole_seed_trajectory_cluster,5a871189b708c47622f5318fe6858c50ad89f37b8e17c804eda0937f7cd0b59c,T5.2.3
seed_metric,higher_leakage_injection,202607162301,0.0,safe_normal_action_availability,0.9998130798339844,,,whole_seed_trajectory_cluster,5a871189b708c47622f5318fe6858c50ad89f37b8e17c804eda0937f7cd0b59c,T5.2.3
seed_metric,higher_leakage_injection,202607162301,0.0,unsafe_declared_available_fraction,0.0,,,whole_seed_trajectory_cluster,5a871189b708c47622f5318fe6858c50ad89f37b8e17c804eda0937f7cd0b59c,T5.2.3
seed_metric,higher_leakage_injection,202607162301,0.0,reset_requests_per_1000_cycles,0.37384033203125,,,whole_seed_trajectory_cluster,5a871189b708c47622f5318fe6858c50ad89f37b8e17c804eda0937f7cd0b59c,T5.2.3
seed_metric,higher_leakage_injection,202607162301,0.0,reset_attempts_per_1000_cycles,0.0,,,whole_seed_trajectory_cluster,5a871189b708c47622f5318fe6858c50ad89f37b8e17c804eda0937f7cd0b59c,T5.2.3
seed_metric,higher_leakage_injection,202607162301,0.0,empirical_reset_failure_probability,,,,NOT_APPLICABLE_NO_TRUE_EPISODES,5a871189b708c47622f5318fe6858c50ad89f37b8e17c804eda0937f7cd0b59c,T5.2.3
seed_metric,higher_leakage_injection,202607162301,0.0,reset_failures_per_1000_cycles,0.0,,,whole_seed_trajectory_cluster,5a871189b708c47622f5318fe6858c50ad89f37b8e17c804eda0937f7cd0b59c,T5.2.3
seed_metric,higher_leakage_injection,202607162301,0.0,successful_resets_per_1000_cycles,0.0,,,whole_seed_trajectory_cluster,5a871189b708c47622f5318fe6858c50ad89f37b8e17c804eda0937f7cd0b59c,T5.2.3
seed_metric,higher_leakage_injection,202607162301,0.0,mean_hidden_leakage_run_steps,,,,NOT_APPLICABLE_NO_TRUE_EPISODES,5a871189b708c47622f5318fe6858c50ad89f37b8e17c804eda0937f7cd0b59c,T5.2.3
seed_metric,higher_leakage_injection,202607162301,0.0,p95_hidden_leakage_run_steps,,,,NOT_APPLICABLE_NO_TRUE_EPISODES,5a871189b708c47622f5318fe6858c50ad89f37b8e17c804eda0937f7cd0b59c,T5.2.3
seed_metric,higher_leakage_injection,202607162301,0.0,mean_short_lag_correlation,-0.00018738244860759938,,,whole_seed_trajectory_cluster,5a871189b708c47622f5318fe6858c50ad89f37b8e17c804eda0937f7cd0b59c,T5.2.3
seed_metric,higher_leakage_injection,202607162301,0.0,mean_long_lag_correlation,-0.00018846971525238076,,,whole_seed_trajectory_cluster,5a871189b708c47622f5318fe6858c50ad89f37b8e17c804eda0937f7cd0b59c,T5.2.3
seed_metric,higher_leakage_injection,202607162301,0.0,mean_long_lag_covariance,-3.550762510644588e-08,,,whole_seed_trajectory_cluster,5a871189b708c47622f5318fe6858c50ad89f37b8e17c804eda0937f7cd0b59c,T5.2.3
channel_intervention,higher_leakage_injection,202607162301,0.00025,channel_spec_sha256,a5f949dd0f1893e243a92822beec343c88be56f7c9c3529d3ca723584e4f34ce,,,exactly_one_physical_channel_changes,9b414c6344b4c3ad15b71dc23aab4d84769ae9d80bf26381736d477bf466ad76,T5.2.3
seed_metric,higher_leakage_injection,202607162301,0.00025,injection_episode_rate_per_1000_cycles,0.54168701171875,,,whole_seed_trajectory_cluster,9b414c6344b4c3ad15b71dc23aab4d84769ae9d80bf26381736d477bf466ad76,T5.2.3
seed_metric,higher_leakage_injection,202607162301,0.00025,empirical_higher_injection_probability,0.0002723363776193198,,,whole_seed_trajectory_cluster,9b414c6344b4c3ad15b71dc23aab4d84769ae9d80bf26381736d477bf466ad76,T5.2.3
seed_metric,higher_leakage_injection,202607162301,0.00025,detection_probability,1.0,,,whole_seed_trajectory_cluster,9b414c6344b4c3ad15b71dc23aab4d84769ae9d80bf26381736d477bf466ad76,T5.2.3
seed_metric,higher_leakage_injection,202607162301,0.00025,mean_detection_delay_steps,0.04225352112676056,,,whole_seed_trajectory_cluster,9b414c6344b4c3ad15b71dc23aab4d84769ae9d80bf26381736d477bf466ad76,T5.2.3
seed_metric,higher_leakage_injection,202607162301,0.00025,p95_detection_delay_steps,0.0,,,whole_seed_trajectory_cluster,9b414c6344b4c3ad15b71dc23aab4d84769ae9d80bf26381736d477bf466ad76,T5.2.3
seed_metric,higher_leakage_injection,202607162301,0.00025,false_alarm_rate_per_healthy_step,0.00018366527004534235,,,whole_seed_trajectory_cluster,9b414c6344b4c3ad15b71dc23aab4d84769ae9d80bf26381736d477bf466ad76,T5.2.3
seed_metric,higher_leakage_injection,202607162301,0.00025,false_negative_rate_per_leakage_step,0.052565707133917394,,,whole_seed_trajectory_cluster,9b414c6344b4c3ad15b71dc23aab4d84769ae9d80bf26381736d477bf466ad76,T5.2.3
seed_metric,higher_leakage_injection,202607162301,0.00025,hidden_leakage_occupancy,0.003047943115234375,,,whole_seed_trajectory_cluster,9b414c6344b4c3ad15b71dc23aab4d84769ae9d80bf26381736d477bf466ad76,T5.2.3
seed_metric,higher_leakage_injection,202607162301,0.00025,observed_leakage_alarm_rate,0.003070831298828125,,,whole_seed_trajectory_cluster,9b414c6344b4c3ad15b71dc23aab4d84769ae9d80bf26381736d477bf466ad76,T5.2.3
seed_metric,higher_leakage_injection,202607162301,0.00025,declared_normal_action_availability,0.9969291687011719,,,whole_seed_trajectory_cluster,9b414c6344b4c3ad15b71dc23aab4d84769ae9d80bf26381736d477bf466ad76,T5.2.3
seed_metric,higher_leakage_injection,202607162301,0.00025,safe_normal_action_availability,0.9967689514160156,,,whole_seed_trajectory_cluster,9b414c6344b4c3ad15b71dc23aab4d84769ae9d80bf26381736d477bf466ad76,T5.2.3
seed_metric,higher_leakage_injection,202607162301,0.00025,unsafe_declared_available_fraction,0.00016021728515625,,,whole_seed_trajectory_cluster,9b414c6344b4c3ad15b71dc23aab4d84769ae9d80bf26381736d477bf466ad76,T5.2.3
seed_metric,higher_leakage_injection,202607162301,0.00025,reset_requests_per_1000_cycles,6.14166259765625,,,whole_seed_trajectory_cluster,9b414c6344b4c3ad15b71dc23aab4d84769ae9d80bf26381736d477bf466ad76,T5.2.3
seed_metric,higher_leakage_injection,202607162301,0.00025,reset_attempts_per_1000_cycles,5.77545166015625,,,whole_seed_trajectory_cluster,9b414c6344b4c3ad15b71dc23aab4d84769ae9d80bf26381736d477bf466ad76,T5.2.3
seed_metric,higher_leakage_injection,202607162301,0.00025,empirical_reset_failure_probability,0.904887714663144,,,whole_seed_trajectory_cluster,9b414c6344b4c3ad15b71dc23aab4d84769ae9d80bf26381736d477bf466ad76,T5.2.3
seed_metric,higher_leakage_injection,202607162301,0.00025,reset_failures_per_1000_cycles,5.22613525390625,,,whole_seed_trajectory_cluster,9b414c6344b4c3ad15b71dc23aab4d84769ae9d80bf26381736d477bf466ad76,T5.2.3
seed_metric,higher_leakage_injection,202607162301,0.00025,successful_resets_per_1000_cycles,0.54931640625,,,whole_seed_trajectory_cluster,9b414c6344b4c3ad15b71dc23aab4d84769ae9d80bf26381736d477bf466ad76,T5.2.3
seed_metric,higher_leakage_injection,202607162301,0.00025,mean_hidden_leakage_run_steps,11.097222222222221,,,whole_seed_trajectory_cluster,9b414c6344b4c3ad15b71dc23aab4d84769ae9d80bf26381736d477bf466ad76,T5.2.3
seed_metric,higher_leakage_injection,202607162301,0.00025,p95_hidden_leakage_run_steps,26.0,,,whole_seed_trajectory_cluster,9b414c6344b4c3ad15b71dc23aab4d84769ae9d80bf26381736d477bf466ad76,T5.2.3
seed_metric,higher_leakage_injection,202607162301,0.00025,mean_short_lag_correlation,0.7134336743685491,,,whole_seed_trajectory_cluster,9b414c6344b4c3ad15b71dc23aab4d84769ae9d80bf26381736d477bf466ad76,T5.2.3
seed_metric,higher_leakage_injection,202607162301,0.00025,mean_long_lag_correlation,0.21729200232993276,,,whole_seed_trajectory_cluster,9b414c6344b4c3ad15b71dc23aab4d84769ae9d80bf26381736d477bf466ad76,T5.2.3
seed_metric,higher_leakage_injection,202607162301,0.00025,mean_long_lag_covariance,0.0006672832511342347,,,whole_seed_trajectory_cluster,9b414c6344b4c3ad15b71dc23aab4d84769ae9d80bf26381736d477bf466ad76,T5.2.3
channel_intervention,higher_leakage_injection,202607162301,0.0005,channel_spec_sha256,26caa5856dd0a98d2fcf7cc731c98d9fa0ccf05690e32b7a0bdea9b83da1822b,,,exactly_one_physical_channel_changes,446ab6b1a48333fc4a14358966af8be7169a2836bf088167e5b356fc21b720a3,T5.2.3
seed_metric,higher_leakage_injection,202607162301,0.0005,injection_episode_rate_per_1000_cycles,0.98419189453125,,,whole_seed_trajectory_cluster,446ab6b1a48333fc4a14358966af8be7169a2836bf088167e5b356fc21b720a3,T5.2.3
seed_metric,higher_leakage_injection,202607162301,0.0005,empirical_higher_injection_probability,0.0004959154252763095,,,whole_seed_trajectory_cluster,446ab6b1a48333fc4a14358966af8be7169a2836bf088167e5b356fc21b720a3,T5.2.3
seed_metric,higher_leakage_injection,202607162301,0.0005,detection_probability,1.0,,,whole_seed_trajectory_cluster,446ab6b1a48333fc4a14358966af8be7169a2836bf088167e5b356fc21b720a3,T5.2.3
seed_metric,higher_leakage_injection,202607162301,0.0005,mean_detection_delay_steps,0.046511627906976744,,,whole_seed_trajectory_cluster,446ab6b1a48333fc4a14358966af8be7169a2836bf088167e5b356fc21b720a3,T5.2.3
seed_metric,higher_leakage_injection,202607162301,0.0005,p95_detection_delay_steps,0.0,,,whole_seed_trajectory_cluster,446ab6b1a48333fc4a14358966af8be7169a2836bf088167e5b356fc21b720a3,T5.2.3
seed_metric,higher_leakage_injection,202607162301,0.0005,false_alarm_rate_per_healthy_step,0.00018411967779056386,,,whole_seed_trajectory_cluster,446ab6b1a48333fc4a14358966af8be7169a2836bf088167e5b356fc21b720a3,T5.2.3
seed_metric,higher_leakage_injection,202607162301,0.0005,false_negative_rate_per_leakage_step,0.04986149584487535,,,whole_seed_trajectory_cluster,446ab6b1a48333fc4a14358966af8be7169a2836bf088167e5b356fc21b720a3,T5.2.3
seed_metric,higher_leakage_injection,202607162301,0.0005,hidden_leakage_occupancy,0.0055084228515625,,,whole_seed_trajectory_cluster,446ab6b1a48333fc4a14358966af8be7169a2836bf088167e5b356fc21b720a3,T5.2.3
seed_metric,higher_leakage_injection,202607162301,0.0005,observed_leakage_alarm_rate,0.0054168701171875,,,whole_seed_trajectory_cluster,446ab6b1a48333fc4a14358966af8be7169a2836bf088167e5b356fc21b720a3,T5.2.3
seed_metric,higher_leakage_injection,202607162301,0.0005,declared_normal_action_availability,0.9945831298828125,,,whole_seed_trajectory_cluster,446ab6b1a48333fc4a14358966af8be7169a2836bf088167e5b356fc21b720a3,T5.2.3
seed_metric,higher_leakage_injection,202607162301,0.0005,safe_normal_action_availability,0.9943084716796875,,,whole_seed_trajectory_cluster,446ab6b1a48333fc4a14358966af8be7169a2836bf088167e5b356fc21b720a3,T5.2.3
seed_metric,higher_leakage_injection,202607162301,0.0005,unsafe_declared_available_fraction,0.000274658203125,,,whole_seed_trajectory_cluster,446ab6b1a48333fc4a14358966af8be7169a2836bf088167e5b356fc21b720a3,T5.2.3
seed_metric,higher_leakage_injection,202607162301,0.0005,reset_requests_per_1000_cycles,10.833740234375,,,whole_seed_trajectory_cluster,446ab6b1a48333fc4a14358966af8be7169a2836bf088167e5b356fc21b720a3,T5.2.3
seed_metric,higher_leakage_injection,202607162301,0.0005,reset_attempts_per_1000_cycles,10.467529296875,,,whole_seed_trajectory_cluster,446ab6b1a48333fc4a14358966af8be7169a2836bf088167e5b356fc21b720a3,T5.2.3
seed_metric,higher_leakage_injection,202607162301,0.0005,empirical_reset_failure_probability,0.9045189504373178,,,whole_seed_trajectory_cluster,446ab6b1a48333fc4a14358966af8be7169a2836bf088167e5b356fc21b720a3,T5.2.3
seed_metric,higher_leakage_injection,202607162301,0.0005,reset_failures_per_1000_cycles,9.46807861328125,,,whole_seed_trajectory_cluster,446ab6b1a48333fc4a14358966af8be7169a2836bf088167e5b356fc21b720a3,T5.2.3
seed_metric,higher_leakage_injection,202607162301,0.0005,successful_resets_per_1000_cycles,0.99945068359375,,,whole_seed_trajectory_cluster,446ab6b1a48333fc4a14358966af8be7169a2836bf088167e5b356fc21b720a3,T5.2.3
seed_metric,higher_leakage_injection,202607162301,0.0005,mean_hidden_leakage_run_steps,11.022900763358779,,,whole_seed_trajectory_cluster,446ab6b1a48333fc4a14358966af8be7169a2836bf088167e5b356fc21b720a3,T5.2.3
seed_metric,higher_leakage_injection,202607162301,0.0005,p95_hidden_leakage_run_steps,28.5,,,whole_seed_trajectory_cluster,446ab6b1a48333fc4a14358966af8be7169a2836bf088167e5b356fc21b720a3,T5.2.3
seed_metric,higher_leakage_injection,202607162301,0.0005,mean_short_lag_correlation,0.7384553072950784,,,whole_seed_trajectory_cluster,446ab6b1a48333fc4a14358966af8be7169a2836bf088167e5b356fc21b720a3,T5.2.3
seed_metric,higher_leakage_injection,202607162301,0.0005,mean_long_lag_correlation,0.23907167868083348,,,whole_seed_trajectory_cluster,446ab6b1a48333fc4a14358966af8be7169a2836bf088167e5b356fc21b720a3,T5.2.3
seed_metric,higher_leakage_injection,202607162301,0.0005,mean_long_lag_covariance,0.00129133234766258,,,whole_seed_trajectory_cluster,446ab6b1a48333fc4a14358966af8be7169a2836bf088167e5b356fc21b720a3,T5.2.3
channel_intervention,higher_leakage_injection,202607162301,0.001,channel_spec_sha256,df202c33efdc80992db2a2ea6bcdc728b1f59d490135a90d21c33f3a287fc9bd,,,exactly_one_physical_channel_changes,4675663b1cd3988dc8da11fdca2cfc7d645a4ecfce791a6c660878d574d5d858,T5.2.3
seed_metric,higher_leakage_injection,202607162301,0.001,injection_episode_rate_per_1000_cycles,1.983642578125,,,whole_seed_trajectory_cluster,4675663b1cd3988dc8da11fdca2cfc7d645a4ecfce791a6c660878d574d5d858,T5.2.3
seed_metric,higher_leakage_injection,202607162301,0.001,empirical_higher_injection_probability,0.0010046018492401733,,,whole_seed_trajectory_cluster,4675663b1cd3988dc8da11fdca2cfc7d645a4ecfce791a6c660878d574d5d858,T5.2.3
seed_metric,higher_leakage_injection,202607162301,0.001,detection_probability,1.0,,,whole_seed_trajectory_cluster,4675663b1cd3988dc8da11fdca2cfc7d645a4ecfce791a6c660878d574d5d858,T5.2.3
seed_metric,higher_leakage_injection,202607162301,0.001,mean_detection_delay_steps,0.06923076923076923,,,whole_seed_trajectory_cluster,4675663b1cd3988dc8da11fdca2cfc7d645a4ecfce791a6c660878d574d5d858,T5.2.3
seed_metric,higher_leakage_injection,202607162301,0.001,p95_detection_delay_steps,1.0,,,whole_seed_trajectory_cluster,4675663b1cd3988dc8da11fdca2cfc7d645a4ecfce791a6c660878d574d5d858,T5.2.3
seed_metric,higher_leakage_injection,202607162301,0.001,false_alarm_rate_per_healthy_step,0.00018514946962391515,,,whole_seed_trajectory_cluster,4675663b1cd3988dc8da11fdca2cfc7d645a4ecfce791a6c660878d574d5d858,T5.2.3
seed_metric,higher_leakage_injection,202607162301,0.001,false_negative_rate_per_leakage_step,0.050103662750518314,,,whole_seed_trajectory_cluster,4675663b1cd3988dc8da11fdca2cfc7d645a4ecfce791a6c660878d574d5d858,T5.2.3
seed_metric,higher_leakage_injection,202607162301,0.001,hidden_leakage_occupancy,0.01103973388671875,,,whole_seed_trajectory_cluster,4675663b1cd3988dc8da11fdca2cfc7d645a4ecfce791a6c660878d574d5d858,T5.2.3
seed_metric,higher_leakage_injection,202607162301,0.001,observed_leakage_alarm_rate,0.010669708251953125,,,whole_seed_trajectory_cluster,4675663b1cd3988dc8da11fdca2cfc7d645a4ecfce791a6c660878d574d5d858,T5.2.3
seed_metric,higher_leakage_injection,202607162301,0.001,declared_normal_action_availability,0.9893302917480469,,,whole_seed_trajectory_cluster,4675663b1cd3988dc8da11fdca2cfc7d645a4ecfce791a6c660878d574d5d858,T5.2.3
seed_metric,higher_leakage_injection,202607162301,0.001,safe_normal_action_availability,0.9887771606445312,,,whole_seed_trajectory_cluster,4675663b1cd3988dc8da11fdca2cfc7d645a4ecfce791a6c660878d574d5d858,T5.2.3
seed_metric,higher_leakage_injection,202607162301,0.001,unsafe_declared_available_fraction,0.000553131103515625,,,whole_seed_trajectory_cluster,4675663b1cd3988dc8da11fdca2cfc7d645a4ecfce791a6c660878d574d5d858,T5.2.3
seed_metric,higher_leakage_injection,202607162301,0.001,reset_requests_per_1000_cycles,21.33941650390625,,,whole_seed_trajectory_cluster,4675663b1cd3988dc8da11fdca2cfc7d645a4ecfce791a6c660878d574d5d858,T5.2.3
seed_metric,higher_leakage_injection,202607162301,0.001,reset_attempts_per_1000_cycles,20.97320556640625,,,whole_seed_trajectory_cluster,4675663b1cd3988dc8da11fdca2cfc7d645a4ecfce791a6c660878d574d5d858,T5.2.3
seed_metric,higher_leakage_injection,202607162301,0.001,empirical_reset_failure_probability,0.9057839214259731,,,whole_seed_trajectory_cluster,4675663b1cd3988dc8da11fdca2cfc7d645a4ecfce791a6c660878d574d5d858,T5.2.3
seed_metric,higher_leakage_injection,202607162301,0.001,reset_failures_per_1000_cycles,18.9971923828125,,,whole_seed_trajectory_cluster,4675663b1cd3988dc8da11fdca2cfc7d645a4ecfce791a6c660878d574d5d858,T5.2.3
seed_metric,higher_leakage_injection,202607162301,0.001,successful_resets_per_1000_cycles,1.97601318359375,,,whole_seed_trajectory_cluster,4675663b1cd3988dc8da11fdca2cfc7d645a4ecfce791a6c660878d574d5d858,T5.2.3
seed_metric,higher_leakage_injection,202607162301,0.001,mean_hidden_leakage_run_steps,11.088122605363985,,,whole_seed_trajectory_cluster,4675663b1cd3988dc8da11fdca2cfc7d645a4ecfce791a6c660878d574d5d858,T5.2.3
seed_metric,higher_leakage_injection,202607162301,0.001,p95_hidden_leakage_run_steps,32.0,,,whole_seed_trajectory_cluster,4675663b1cd3988dc8da11fdca2cfc7d645a4ecfce791a6c660878d574d5d858,T5.2.3
seed_metric,higher_leakage_injection,202607162301,0.001,mean_short_lag_correlation,0.7546796419013745,,,whole_seed_trajectory_cluster,4675663b1cd3988dc8da11fdca2cfc7d645a4ecfce791a6c660878d574d5d858,T5.2.3
seed_metric,higher_leakage_injection,202607162301,0.001,mean_long_lag_correlation,0.2522741000849614,,,whole_seed_trajectory_cluster,4675663b1cd3988dc8da11fdca2cfc7d645a4ecfce791a6c660878d574d5d858,T5.2.3
seed_metric,higher_leakage_injection,202607162301,0.001,mean_long_lag_covariance,0.0026615629588981776,,,whole_seed_trajectory_cluster,4675663b1cd3988dc8da11fdca2cfc7d645a4ecfce791a6c660878d574d5d858,T5.2.3
channel_intervention,higher_leakage_injection,202607162301,0.002,channel_spec_sha256,f5fd03ea5c93871bdde8860cba5abd0a731b406babfb5e4d22da0937c9930dc0,,,exactly_one_physical_channel_changes,b39b6e94412da15e4bae6b47c9a7545c11baba8f782d201468bc15b2f2338dd4,T5.2.3
seed_metric,higher_leakage_injection,202607162301,0.002,injection_episode_rate_per_1000_cycles,3.7994384765625,,,whole_seed_trajectory_cluster,b39b6e94412da15e4bae6b47c9a7545c11baba8f782d201468bc15b2f2338dd4,T5.2.3
seed_metric,higher_leakage_injection,202607162301,0.002,empirical_higher_injection_probability,0.0019420959036595639,,,whole_seed_trajectory_cluster,b39b6e94412da15e4bae6b47c9a7545c11baba8f782d201468bc15b2f2338dd4,T5.2.3
seed_metric,higher_leakage_injection,202607162301,0.002,detection_probability,1.0,,,whole_seed_trajectory_cluster,b39b6e94412da15e4bae6b47c9a7545c11baba8f782d201468bc15b2f2338dd4,T5.2.3
seed_metric,higher_leakage_injection,202607162301,0.002,mean_detection_delay_steps,0.05421686746987952,,,whole_seed_trajectory_cluster,b39b6e94412da15e4bae6b47c9a7545c11baba8f782d201468bc15b2f2338dd4,T5.2.3
seed_metric,higher_leakage_injection,202607162301,0.002,p95_detection_delay_steps,0.14999999999997726,,,whole_seed_trajectory_cluster,b39b6e94412da15e4bae6b47c9a7545c11baba8f782d201468bc15b2f2338dd4,T5.2.3
seed_metric,higher_leakage_injection,202607162301,0.002,false_alarm_rate_per_healthy_step,0.0001870484533431014,,,whole_seed_trajectory_cluster,b39b6e94412da15e4bae6b47c9a7545c11baba8f782d201468bc15b2f2338dd4,T5.2.3
seed_metric,higher_leakage_injection,202607162301,0.002,false_negative_rate_per_leakage_step,0.05175533840028954,,,whole_seed_trajectory_cluster,b39b6e94412da15e4bae6b47c9a7545c11baba8f782d201468bc15b2f2338dd4,T5.2.3
seed_metric,higher_leakage_injection,202607162301,0.002,hidden_leakage_occupancy,0.02108001708984375,,,whole_seed_trajectory_cluster,b39b6e94412da15e4bae6b47c9a7545c11baba8f782d201468bc15b2f2338dd4,T5.2.3
seed_metric,higher_leakage_injection,202607162301,0.002,observed_leakage_alarm_rate,0.020172119140625,,,whole_seed_trajectory_cluster,b39b6e94412da15e4bae6b47c9a7545c11baba8f782d201468bc15b2f2338dd4,T5.2.3
seed_metric,higher_leakage_injection,202607162301,0.002,declared_normal_action_availability,0.979827880859375,,,whole_seed_trajectory_cluster,b39b6e94412da15e4bae6b47c9a7545c11baba8f782d201468bc15b2f2338dd4,T5.2.3
seed_metric,higher_leakage_injection,202607162301,0.002,safe_normal_action_availability,0.9787368774414062,,,whole_seed_trajectory_cluster,b39b6e94412da15e4bae6b47c9a7545c11baba8f782d201468bc15b2f2338dd4,T5.2.3
seed_metric,higher_leakage_injection,202607162301,0.002,unsafe_declared_available_fraction,0.00109100341796875,,,whole_seed_trajectory_cluster,b39b6e94412da15e4bae6b47c9a7545c11baba8f782d201468bc15b2f2338dd4,T5.2.3
seed_metric,higher_leakage_injection,202607162301,0.002,reset_requests_per_1000_cycles,40.34423828125,,,whole_seed_trajectory_cluster,b39b6e94412da15e4bae6b47c9a7545c11baba8f782d201468bc15b2f2338dd4,T5.2.3
seed_metric,higher_leakage_injection,202607162301,0.002,reset_attempts_per_1000_cycles,39.97802734375,,,whole_seed_trajectory_cluster,b39b6e94412da15e4bae6b47c9a7545c11baba8f782d201468bc15b2f2338dd4,T5.2.3
seed_metric,higher_leakage_injection,202607162301,0.002,empirical_reset_failure_probability,0.9049618320610687,,,whole_seed_trajectory_cluster,b39b6e94412da15e4bae6b47c9a7545c11baba8f782d201468bc15b2f2338dd4,T5.2.3
seed_metric,higher_leakage_injection,202607162301,0.002,reset_failures_per_1000_cycles,36.1785888671875,,,whole_seed_trajectory_cluster,b39b6e94412da15e4bae6b47c9a7545c11baba8f782d201468bc15b2f2338dd4,T5.2.3
seed_metric,higher_leakage_injection,202607162301,0.002,successful_resets_per_1000_cycles,3.7994384765625,,,whole_seed_trajectory_cluster,b39b6e94412da15e4bae6b47c9a7545c11baba8f782d201468bc15b2f2338dd4,T5.2.3
seed_metric,higher_leakage_injection,202607162301,0.002,mean_hidden_leakage_run_steps,11.029940119760479,,,whole_seed_trajectory_cluster,b39b6e94412da15e4bae6b47c9a7545c11baba8f782d201468bc15b2f2338dd4,T5.2.3
seed_metric,higher_leakage_injection,202607162301,0.002,p95_hidden_leakage_run_steps,33.0,,,whole_seed_trajectory_cluster,b39b6e94412da15e4bae6b47c9a7545c11baba8f782d201468bc15b2f2338dd4,T5.2.3
seed_metric,higher_leakage_injection,202607162301,0.002,mean_short_lag_correlation,0.7530377730695571,,,whole_seed_trajectory_cluster,b39b6e94412da15e4bae6b47c9a7545c11baba8f782d201468bc15b2f2338dd4,T5.2.3
seed_metric,higher_leakage_injection,202607162301,0.002,mean_long_lag_correlation,0.24344749565974919,,,whole_seed_trajectory_cluster,b39b6e94412da15e4bae6b47c9a7545c11baba8f782d201468bc15b2f2338dd4,T5.2.3
seed_metric,higher_leakage_injection,202607162301,0.002,mean_long_lag_covariance,0.004810493806631865,,,whole_seed_trajectory_cluster,b39b6e94412da15e4bae6b47c9a7545c11baba8f782d201468bc15b2f2338dd4,T5.2.3
channel_intervention,higher_leakage_injection,202607162301,0.004,channel_spec_sha256,0f01501ebe5eb850566962eb943fbe42333f0560ee9403a3e0ac9dcfaf28dd41,,,exactly_one_physical_channel_changes,086aeeb3eaa144ce1d4115633283f9985a36c63498c426c0965f8d78a1c1b98a,T5.2.3
seed_metric,higher_leakage_injection,202607162301,0.004,injection_episode_rate_per_1000_cycles,7.36236572265625,,,whole_seed_trajectory_cluster,086aeeb3eaa144ce1d4115633283f9985a36c63498c426c0965f8d78a1c1b98a,T5.2.3
seed_metric,higher_leakage_injection,202607162301,0.004,empirical_higher_injection_probability,0.003834767231615967,,,whole_seed_trajectory_cluster,086aeeb3eaa144ce1d4115633283f9985a36c63498c426c0965f8d78a1c1b98a,T5.2.3
seed_metric,higher_leakage_injection,202607162301,0.004,detection_probability,1.0,,,whole_seed_trajectory_cluster,086aeeb3eaa144ce1d4115633283f9985a36c63498c426c0965f8d78a1c1b98a,T5.2.3
seed_metric,higher_leakage_injection,202607162301,0.004,mean_detection_delay_steps,0.054922279792746116,,,whole_seed_trajectory_cluster,086aeeb3eaa144ce1d4115633283f9985a36c63498c426c0965f8d78a1c1b98a,T5.2.3
seed_metric,higher_leakage_injection,202607162301,0.004,p95_detection_delay_steps,0.7999999999999545,,,whole_seed_trajectory_cluster,086aeeb3eaa144ce1d4115633283f9985a36c63498c426c0965f8d78a1c1b98a,T5.2.3
seed_metric,higher_leakage_injection,202607162301,0.004,false_alarm_rate_per_healthy_step,0.00018698504517479123,,,whole_seed_trajectory_cluster,086aeeb3eaa144ce1d4115633283f9985a36c63498c426c0965f8d78a1c1b98a,T5.2.3
seed_metric,higher_leakage_injection,202607162301,0.004,false_negative_rate_per_leakage_step,0.04839158246036896,,,whole_seed_trajectory_cluster,086aeeb3eaa144ce1d4115633283f9985a36c63498c426c0965f8d78a1c1b98a,T5.2.3
seed_metric,higher_leakage_injection,202607162301,0.004,hidden_leakage_occupancy,0.041149139404296875,,,whole_seed_trajectory_cluster,086aeeb3eaa144ce1d4115633283f9985a36c63498c426c0965f8d78a1c1b98a,T5.2.3
seed_metric,higher_leakage_injection,202607162301,0.004,observed_leakage_alarm_rate,0.039337158203125,,,whole_seed_trajectory_cluster,086aeeb3eaa144ce1d4115633283f9985a36c63498c426c0965f8d78a1c1b98a,T5.2.3
seed_metric,higher_leakage_injection,202607162301,0.004,declared_normal_action_availability,0.960662841796875,,,whole_seed_trajectory_cluster,086aeeb3eaa144ce1d4115633283f9985a36c63498c426c0965f8d78a1c1b98a,T5.2.3
seed_metric,higher_leakage_injection,202607162301,0.004,safe_normal_action_availability,0.9586715698242188,,,whole_seed_trajectory_cluster,086aeeb3eaa144ce1d4115633283f9985a36c63498c426c0965f8d78a1c1b98a,T5.2.3
seed_metric,higher_leakage_injection,202607162301,0.004,unsafe_declared_available_fraction,0.00199127197265625,,,whole_seed_trajectory_cluster,086aeeb3eaa144ce1d4115633283f9985a36c63498c426c0965f8d78a1c1b98a,T5.2.3
seed_metric,higher_leakage_injection,202607162301,0.004,reset_requests_per_1000_cycles,78.67431640625,,,whole_seed_trajectory_cluster,086aeeb3eaa144ce1d4115633283f9985a36c63498c426c0965f8d78a1c1b98a,T5.2.3
seed_metric,higher_leakage_injection,202607162301,0.004,reset_attempts_per_1000_cycles,78.31573486328125,,,whole_seed_trajectory_cluster,086aeeb3eaa144ce1d4115633283f9985a36c63498c426c0965f8d78a1c1b98a,T5.2.3
seed_metric,higher_leakage_injection,202607162301,0.004,empirical_reset_failure_probability,0.9056015586945932,,,whole_seed_trajectory_cluster,086aeeb3eaa144ce1d4115633283f9985a36c63498c426c0965f8d78a1c1b98a,T5.2.3
seed_metric,higher_leakage_injection,202607162301,0.004,reset_failures_per_1000_cycles,70.9228515625,,,whole_seed_trajectory_cluster,086aeeb3eaa144ce1d4115633283f9985a36c63498c426c0965f8d78a1c1b98a,T5.2.3
seed_metric,higher_leakage_injection,202607162301,0.004,successful_resets_per_1000_cycles,7.39288330078125,,,whole_seed_trajectory_cluster,086aeeb3eaa144ce1d4115633283f9985a36c63498c426c0965f8d78a1c1b98a,T5.2.3
seed_metric,higher_leakage_injection,202607162301,0.004,mean_hidden_leakage_run_steps,11.097736625514404,,,whole_seed_trajectory_cluster,086aeeb3eaa144ce1d4115633283f9985a36c63498c426c0965f8d78a1c1b98a,T5.2.3
seed_metric,higher_leakage_injection,202607162301,0.004,p95_hidden_leakage_run_steps,33.0,,,whole_seed_trajectory_cluster,086aeeb3eaa144ce1d4115633283f9985a36c63498c426c0965f8d78a1c1b98a,T5.2.3
seed_metric,higher_leakage_injection,202607162301,0.004,mean_short_lag_correlation,0.7558710883207507,,,whole_seed_trajectory_cluster,086aeeb3eaa144ce1d4115633283f9985a36c63498c426c0965f8d78a1c1b98a,T5.2.3
seed_metric,higher_leakage_injection,202607162301,0.004,mean_long_lag_correlation,0.23348482084583136,,,whole_seed_trajectory_cluster,086aeeb3eaa144ce1d4115633283f9985a36c63498c426c0965f8d78a1c1b98a,T5.2.3
seed_metric,higher_leakage_injection,202607162301,0.004,mean_long_lag_covariance,0.008836048353407502,,,whole_seed_trajectory_cluster,086aeeb3eaa144ce1d4115633283f9985a36c63498c426c0965f8d78a1c1b98a,T5.2.3
channel_intervention,higher_leakage_injection,202607162302,0.0,channel_spec_sha256,7d61ab77777c967f172b09b118b5d572717049828938778f7dec874b7d8b824d,,,exactly_one_physical_channel_changes,bfc73f0bd91b413c712526c57338e8ae42b2bebcfb9f135512ca8f4c84274caa,T5.2.3
seed_metric,higher_leakage_injection,202607162302,0.0,injection_episode_rate_per_1000_cycles,0.0,,,whole_seed_trajectory_cluster,bfc73f0bd91b413c712526c57338e8ae42b2bebcfb9f135512ca8f4c84274caa,T5.2.3
seed_metric,higher_leakage_injection,202607162302,0.0,empirical_higher_injection_probability,0.0,,,whole_seed_trajectory_cluster,bfc73f0bd91b413c712526c57338e8ae42b2bebcfb9f135512ca8f4c84274caa,T5.2.3
seed_metric,higher_leakage_injection,202607162302,0.0,detection_probability,,,,NOT_APPLICABLE_NO_TRUE_EPISODES,bfc73f0bd91b413c712526c57338e8ae42b2bebcfb9f135512ca8f4c84274caa,T5.2.3
seed_metric,higher_leakage_injection,202607162302,0.0,mean_detection_delay_steps,,,,NOT_APPLICABLE_NO_TRUE_EPISODES,bfc73f0bd91b413c712526c57338e8ae42b2bebcfb9f135512ca8f4c84274caa,T5.2.3
seed_metric,higher_leakage_injection,202607162302,0.0,p95_detection_delay_steps,,,,NOT_APPLICABLE_NO_TRUE_EPISODES,bfc73f0bd91b413c712526c57338e8ae42b2bebcfb9f135512ca8f4c84274caa,T5.2.3
seed_metric,higher_leakage_injection,202607162302,0.0,false_alarm_rate_per_healthy_step,0.000213623046875,,,whole_seed_trajectory_cluster,bfc73f0bd91b413c712526c57338e8ae42b2bebcfb9f135512ca8f4c84274caa,T5.2.3
seed_metric,higher_leakage_injection,202607162302,0.0,false_negative_rate_per_leakage_step,,,,NOT_APPLICABLE_NO_TRUE_EPISODES,bfc73f0bd91b413c712526c57338e8ae42b2bebcfb9f135512ca8f4c84274caa,T5.2.3
seed_metric,higher_leakage_injection,202607162302,0.0,hidden_leakage_occupancy,0.0,,,whole_seed_trajectory_cluster,bfc73f0bd91b413c712526c57338e8ae42b2bebcfb9f135512ca8f4c84274caa,T5.2.3
seed_metric,higher_leakage_injection,202607162302,0.0,observed_leakage_alarm_rate,0.000213623046875,,,whole_seed_trajectory_cluster,bfc73f0bd91b413c712526c57338e8ae42b2bebcfb9f135512ca8f4c84274caa,T5.2.3
seed_metric,higher_leakage_injection,202607162302,0.0,declared_normal_action_availability,0.999786376953125,,,whole_seed_trajectory_cluster,bfc73f0bd91b413c712526c57338e8ae42b2bebcfb9f135512ca8f4c84274caa,T5.2.3
seed_metric,higher_leakage_injection,202607162302,0.0,safe_normal_action_availability,0.999786376953125,,,whole_seed_trajectory_cluster,bfc73f0bd91b413c712526c57338e8ae42b2bebcfb9f135512ca8f4c84274caa,T5.2.3
seed_metric,higher_leakage_injection,202607162302,0.0,unsafe_declared_available_fraction,0.0,,,whole_seed_trajectory_cluster,bfc73f0bd91b413c712526c57338e8ae42b2bebcfb9f135512ca8f4c84274caa,T5.2.3
seed_metric,higher_leakage_injection,202607162302,0.0,reset_requests_per_1000_cycles,0.42724609375,,,whole_seed_trajectory_cluster,bfc73f0bd91b413c712526c57338e8ae42b2bebcfb9f135512ca8f4c84274caa,T5.2.3
seed_metric,higher_leakage_injection,202607162302,0.0,reset_attempts_per_1000_cycles,0.0,,,whole_seed_trajectory_cluster,bfc73f0bd91b413c712526c57338e8ae42b2bebcfb9f135512ca8f4c84274caa,T5.2.3
seed_metric,higher_leakage_injection,202607162302,0.0,empirical_reset_failure_probability,,,,NOT_APPLICABLE_NO_TRUE_EPISODES,bfc73f0bd91b413c712526c57338e8ae42b2bebcfb9f135512ca8f4c84274caa,T5.2.3
seed_metric,higher_leakage_injection,202607162302,0.0,reset_failures_per_1000_cycles,0.0,,,whole_seed_trajectory_cluster,bfc73f0bd91b413c712526c57338e8ae42b2bebcfb9f135512ca8f4c84274caa,T5.2.3
seed_metric,higher_leakage_injection,202607162302,0.0,successful_resets_per_1000_cycles,0.0,,,whole_seed_trajectory_cluster,bfc73f0bd91b413c712526c57338e8ae42b2bebcfb9f135512ca8f4c84274caa,T5.2.3
seed_metric,higher_leakage_injection,202607162302,0.0,mean_hidden_leakage_run_steps,,,,NOT_APPLICABLE_NO_TRUE_EPISODES,bfc73f0bd91b413c712526c57338e8ae42b2bebcfb9f135512ca8f4c84274caa,T5.2.3
seed_metric,higher_leakage_injection,202607162302,0.0,p95_hidden_leakage_run_steps,,,,NOT_APPLICABLE_NO_TRUE_EPISODES,bfc73f0bd91b413c712526c57338e8ae42b2bebcfb9f135512ca8f4c84274caa,T5.2.3
seed_metric,higher_leakage_injection,202607162302,0.0,mean_short_lag_correlation,-0.00021415710260042154,,,whole_seed_trajectory_cluster,bfc73f0bd91b413c712526c57338e8ae42b2bebcfb9f135512ca8f4c84274caa,T5.2.3
seed_metric,higher_leakage_injection,202607162302,0.0,mean_long_lag_correlation,-0.00021439265052504195,,,whole_seed_trajectory_cluster,bfc73f0bd91b413c712526c57338e8ae42b2bebcfb9f135512ca8f4c84274caa,T5.2.3
seed_metric,higher_leakage_injection,202607162302,0.0,mean_long_lag_covariance,-4.59450147813182e-08,,,whole_seed_trajectory_cluster,bfc73f0bd91b413c712526c57338e8ae42b2bebcfb9f135512ca8f4c84274caa,T5.2.3
channel_intervention,higher_leakage_injection,202607162302,0.00025,channel_spec_sha256,a5f949dd0f1893e243a92822beec343c88be56f7c9c3529d3ca723584e4f34ce,,,exactly_one_physical_channel_changes,78d58be995aedf2b04596878c8c3fc442c038ced3b51c90dd50587d5b9aac5be,T5.2.3
seed_metric,higher_leakage_injection,202607162302,0.00025,injection_episode_rate_per_1000_cycles,0.51116943359375,,,whole_seed_trajectory_cluster,78d58be995aedf2b04596878c8c3fc442c038ced3b51c90dd50587d5b9aac5be,T5.2.3
seed_metric,higher_leakage_injection,202607162302,0.00025,empirical_higher_injection_probability,0.00025687327712792675,,,whole_seed_trajectory_cluster,78d58be995aedf2b04596878c8c3fc442c038ced3b51c90dd50587d5b9aac5be,T5.2.3
seed_metric,higher_leakage_injection,202607162302,0.00025,detection_probability,1.0,,,whole_seed_trajectory_cluster,78d58be995aedf2b04596878c8c3fc442c038ced3b51c90dd50587d5b9aac5be,T5.2.3
seed_metric,higher_leakage_injection,202607162302,0.00025,mean_detection_delay_steps,0.05970149253731343,,,whole_seed_trajectory_cluster,78d58be995aedf2b04596878c8c3fc442c038ced3b51c90dd50587d5b9aac5be,T5.2.3
seed_metric,higher_leakage_injection,202607162302,0.00025,p95_detection_delay_steps,0.6999999999999957,,,whole_seed_trajectory_cluster,78d58be995aedf2b04596878c8c3fc442c038ced3b51c90dd50587d5b9aac5be,T5.2.3
seed_metric,higher_leakage_injection,202607162302,0.00025,false_alarm_rate_per_healthy_step,0.00021419337071517636,,,whole_seed_trajectory_cluster,78d58be995aedf2b04596878c8c3fc442c038ced3b51c90dd50587d5b9aac5be,T5.2.3
seed_metric,higher_leakage_injection,202607162302,0.00025,false_negative_rate_per_leakage_step,0.06446991404011461,,,whole_seed_trajectory_cluster,78d58be995aedf2b04596878c8c3fc442c038ced3b51c90dd50587d5b9aac5be,T5.2.3
seed_metric,higher_leakage_injection,202607162302,0.00025,hidden_leakage_occupancy,0.00266265869140625,,,whole_seed_trajectory_cluster,78d58be995aedf2b04596878c8c3fc442c038ced3b51c90dd50587d5b9aac5be,T5.2.3
seed_metric,higher_leakage_injection,202607162302,0.00025,observed_leakage_alarm_rate,0.002704620361328125,,,whole_seed_trajectory_cluster,78d58be995aedf2b04596878c8c3fc442c038ced3b51c90dd50587d5b9aac5be,T5.2.3
seed_metric,higher_leakage_injection,202607162302,0.00025,declared_normal_action_availability,0.9972953796386719,,,whole_seed_trajectory_cluster,78d58be995aedf2b04596878c8c3fc442c038ced3b51c90dd50587d5b9aac5be,T5.2.3
seed_metric,higher_leakage_injection,202607162302,0.00025,safe_normal_action_availability,0.9971237182617188,,,whole_seed_trajectory_cluster,78d58be995aedf2b04596878c8c3fc442c038ced3b51c90dd50587d5b9aac5be,T5.2.3
seed_metric,higher_leakage_injection,202607162302,0.00025,unsafe_declared_available_fraction,0.000171661376953125,,,whole_seed_trajectory_cluster,78d58be995aedf2b04596878c8c3fc442c038ced3b51c90dd50587d5b9aac5be,T5.2.3
seed_metric,higher_leakage_injection,202607162302,0.00025,reset_requests_per_1000_cycles,5.40924072265625,,,whole_seed_trajectory_cluster,78d58be995aedf2b04596878c8c3fc442c038ced3b51c90dd50587d5b9aac5be,T5.2.3
seed_metric,higher_leakage_injection,202607162302,0.00025,reset_attempts_per_1000_cycles,4.98199462890625,,,whole_seed_trajectory_cluster,78d58be995aedf2b04596878c8c3fc442c038ced3b51c90dd50587d5b9aac5be,T5.2.3
seed_metric,higher_leakage_injection,202607162302,0.00025,empirical_reset_failure_probability,0.8989280245022971,,,whole_seed_trajectory_cluster,78d58be995aedf2b04596878c8c3fc442c038ced3b51c90dd50587d5b9aac5be,T5.2.3
seed_metric,higher_leakage_injection,202607162302,0.00025,reset_failures_per_1000_cycles,4.47845458984375,,,whole_seed_trajectory_cluster,78d58be995aedf2b04596878c8c3fc442c038ced3b51c90dd50587d5b9aac5be,T5.2.3
seed_metric,higher_leakage_injection,202607162302,0.00025,successful_resets_per_1000_cycles,0.5035400390625,,,whole_seed_trajectory_cluster,78d58be995aedf2b04596878c8c3fc442c038ced3b51c90dd50587d5b9aac5be,T5.2.3
seed_metric,higher_leakage_injection,202607162302,0.00025,mean_hidden_leakage_run_steps,10.417910447761194,,,whole_seed_trajectory_cluster,78d58be995aedf2b04596878c8c3fc442c038ced3b51c90dd50587d5b9aac5be,T5.2.3
seed_metric,higher_leakage_injection,202607162302,0.00025,p95_hidden_leakage_run_steps,27.099999999999987,,,whole_seed_trajectory_cluster,78d58be995aedf2b04596878c8c3fc442c038ced3b51c90dd50587d5b9aac5be,T5.2.3
seed_metric,higher_leakage_injection,202607162302,0.00025,mean_short_lag_correlation,0.6804856657925785,,,whole_seed_trajectory_cluster,78d58be995aedf2b04596878c8c3fc442c038ced3b51c90dd50587d5b9aac5be,T5.2.3
seed_metric,higher_leakage_injection,202607162302,0.00025,mean_long_lag_correlation,0.18362105517019858,,,whole_seed_trajectory_cluster,78d58be995aedf2b04596878c8c3fc442c038ced3b51c90dd50587d5b9aac5be,T5.2.3
seed_metric,higher_leakage_injection,202607162302,0.00025,mean_long_lag_covariance,0.0004963699895481385,,,whole_seed_trajectory_cluster,78d58be995aedf2b04596878c8c3fc442c038ced3b51c90dd50587d5b9aac5be,T5.2.3
channel_intervention,higher_leakage_injection,202607162302,0.0005,channel_spec_sha256,26caa5856dd0a98d2fcf7cc731c98d9fa0ccf05690e32b7a0bdea9b83da1822b,,,exactly_one_physical_channel_changes,044d468ff3b35267bb01ce6b303d4d1fb517298700efaf501368c01e3fb95cea,T5.2.3
seed_metric,higher_leakage_injection,202607162302,0.0005,injection_episode_rate_per_1000_cycles,0.98419189453125,,,whole_seed_trajectory_cluster,044d468ff3b35267bb01ce6b303d4d1fb517298700efaf501368c01e3fb95cea,T5.2.3
seed_metric,higher_leakage_injection,202607162302,0.0005,empirical_higher_injection_probability,0.0004956429526488082,,,whole_seed_trajectory_cluster,044d468ff3b35267bb01ce6b303d4d1fb517298700efaf501368c01e3fb95cea,T5.2.3
seed_metric,higher_leakage_injection,202607162302,0.0005,detection_probability,1.0,,,whole_seed_trajectory_cluster,044d468ff3b35267bb01ce6b303d4d1fb517298700efaf501368c01e3fb95cea,T5.2.3
seed_metric,higher_leakage_injection,202607162302,0.0005,mean_detection_delay_steps,0.046511627906976744,,,whole_seed_trajectory_cluster,044d468ff3b35267bb01ce6b303d4d1fb517298700efaf501368c01e3fb95cea,T5.2.3
seed_metric,higher_leakage_injection,202607162302,0.0005,p95_detection_delay_steps,0.0,,,whole_seed_trajectory_cluster,044d468ff3b35267bb01ce6b303d4d1fb517298700efaf501368c01e3fb95cea,T5.2.3
seed_metric,higher_leakage_injection,202607162302,0.0005,false_alarm_rate_per_healthy_step,0.0002147058146935458,,,whole_seed_trajectory_cluster,044d468ff3b35267bb01ce6b303d4d1fb517298700efaf501368c01e3fb95cea,T5.2.3
seed_metric,higher_leakage_injection,202607162302,0.0005,false_negative_rate_per_leakage_step,0.0529500756429652,,,whole_seed_trajectory_cluster,044d468ff3b35267bb01ce6b303d4d1fb517298700efaf501368c01e3fb95cea,T5.2.3
seed_metric,higher_leakage_injection,202607162302,0.0005,hidden_leakage_occupancy,0.00504302978515625,,,whole_seed_trajectory_cluster,044d468ff3b35267bb01ce6b303d4d1fb517298700efaf501368c01e3fb95cea,T5.2.3
seed_metric,higher_leakage_injection,202607162302,0.0005,observed_leakage_alarm_rate,0.0049896240234375,,,whole_seed_trajectory_cluster,044d468ff3b35267bb01ce6b303d4d1fb517298700efaf501368c01e3fb95cea,T5.2.3
seed_metric,higher_leakage_injection,202607162302,0.0005,declared_normal_action_availability,0.9950103759765625,,,whole_seed_trajectory_cluster,044d468ff3b35267bb01ce6b303d4d1fb517298700efaf501368c01e3fb95cea,T5.2.3
seed_metric,higher_leakage_injection,202607162302,0.0005,safe_normal_action_availability,0.9947433471679688,,,whole_seed_trajectory_cluster,044d468ff3b35267bb01ce6b303d4d1fb517298700efaf501368c01e3fb95cea,T5.2.3
seed_metric,higher_leakage_injection,202607162302,0.0005,unsafe_declared_available_fraction,0.00026702880859375,,,whole_seed_trajectory_cluster,044d468ff3b35267bb01ce6b303d4d1fb517298700efaf501368c01e3fb95cea,T5.2.3
seed_metric,higher_leakage_injection,202607162302,0.0005,reset_requests_per_1000_cycles,9.979248046875,,,whole_seed_trajectory_cluster,044d468ff3b35267bb01ce6b303d4d1fb517298700efaf501368c01e3fb95cea,T5.2.3
seed_metric,higher_leakage_injection,202607162302,0.0005,reset_attempts_per_1000_cycles,9.552001953125,,,whole_seed_trajectory_cluster,044d468ff3b35267bb01ce6b303d4d1fb517298700efaf501368c01e3fb95cea,T5.2.3
seed_metric,higher_leakage_injection,202607162302,0.0005,empirical_reset_failure_probability,0.896964856230032,,,whole_seed_trajectory_cluster,044d468ff3b35267bb01ce6b303d4d1fb517298700efaf501368c01e3fb95cea,T5.2.3
seed_metric,higher_leakage_injection,202607162302,0.0005,reset_failures_per_1000_cycles,8.56781005859375,,,whole_seed_trajectory_cluster,044d468ff3b35267bb01ce6b303d4d1fb517298700efaf501368c01e3fb95cea,T5.2.3
seed_metric,higher_leakage_injection,202607162302,0.0005,successful_resets_per_1000_cycles,0.98419189453125,,,whole_seed_trajectory_cluster,044d468ff3b35267bb01ce6b303d4d1fb517298700efaf501368c01e3fb95cea,T5.2.3
seed_metric,higher_leakage_injection,202607162302,0.0005,mean_hidden_leakage_run_steps,10.169230769230769,,,whole_seed_trajectory_cluster,044d468ff3b35267bb01ce6b303d4d1fb517298700efaf501368c01e3fb95cea,T5.2.3
seed_metric,higher_leakage_injection,202607162302,0.0005,p95_hidden_leakage_run_steps,29.099999999999994,,,whole_seed_trajectory_cluster,044d468ff3b35267bb01ce6b303d4d1fb517298700efaf501368c01e3fb95cea,T5.2.3
seed_metric,higher_leakage_injection,202607162302,0.0005,mean_short_lag_correlation,0.7120330716937316,,,whole_seed_trajectory_cluster,044d468ff3b35267bb01ce6b303d4d1fb517298700efaf501368c01e3fb95cea,T5.2.3
seed_metric,higher_leakage_injection,202607162302,0.0005,mean_long_lag_correlation,0.20602713044101736,,,whole_seed_trajectory_cluster,044d468ff3b35267bb01ce6b303d4d1fb517298700efaf501368c01e3fb95cea,T5.2.3
seed_metric,higher_leakage_injection,202607162302,0.0005,mean_long_lag_covariance,0.0010249438202411122,,,whole_seed_trajectory_cluster,044d468ff3b35267bb01ce6b303d4d1fb517298700efaf501368c01e3fb95cea,T5.2.3
channel_intervention,higher_leakage_injection,202607162302,0.001,channel_spec_sha256,df202c33efdc80992db2a2ea6bcdc728b1f59d490135a90d21c33f3a287fc9bd,,,exactly_one_physical_channel_changes,f637478a13cc8d12725ecc366931cc83c8c03a40110d9d6d14fffcca3ab85ba0,T5.2.3
seed_metric,higher_leakage_injection,202607162302,0.001,injection_episode_rate_per_1000_cycles,1.94549560546875,,,whole_seed_trajectory_cluster,f637478a13cc8d12725ecc366931cc83c8c03a40110d9d6d14fffcca3ab85ba0,T5.2.3
seed_metric,higher_leakage_injection,202607162302,0.001,empirical_higher_injection_probability,0.0009851074926116939,,,whole_seed_trajectory_cluster,f637478a13cc8d12725ecc366931cc83c8c03a40110d9d6d14fffcca3ab85ba0,T5.2.3
seed_metric,higher_leakage_injection,202607162302,0.001,detection_probability,1.0,,,whole_seed_trajectory_cluster,f637478a13cc8d12725ecc366931cc83c8c03a40110d9d6d14fffcca3ab85ba0,T5.2.3
seed_metric,higher_leakage_injection,202607162302,0.001,mean_detection_delay_steps,0.047058823529411764,,,whole_seed_trajectory_cluster,f637478a13cc8d12725ecc366931cc83c8c03a40110d9d6d14fffcca3ab85ba0,T5.2.3
seed_metric,higher_leakage_injection,202607162302,0.001,p95_detection_delay_steps,0.0,,,whole_seed_trajectory_cluster,f637478a13cc8d12725ecc366931cc83c8c03a40110d9d6d14fffcca3ab85ba0,T5.2.3
seed_metric,higher_leakage_injection,202607162302,0.001,false_alarm_rate_per_healthy_step,0.00021598522043991562,,,whole_seed_trajectory_cluster,f637478a13cc8d12725ecc366931cc83c8c03a40110d9d6d14fffcca3ab85ba0,T5.2.3
seed_metric,higher_leakage_injection,202607162302,0.001,false_negative_rate_per_leakage_step,0.0533658876874782,,,whole_seed_trajectory_cluster,f637478a13cc8d12725ecc366931cc83c8c03a40110d9d6d14fffcca3ab85ba0,T5.2.3
seed_metric,higher_leakage_injection,202607162302,0.001,hidden_leakage_occupancy,0.010936737060546875,,,whole_seed_trajectory_cluster,f637478a13cc8d12725ecc366931cc83c8c03a40110d9d6d14fffcca3ab85ba0,T5.2.3
seed_metric,higher_leakage_injection,202607162302,0.001,observed_leakage_alarm_rate,0.01056671142578125,,,whole_seed_trajectory_cluster,f637478a13cc8d12725ecc366931cc83c8c03a40110d9d6d14fffcca3ab85ba0,T5.2.3
seed_metric,higher_leakage_injection,202607162302,0.001,declared_normal_action_availability,0.9894332885742188,,,whole_seed_trajectory_cluster,f637478a13cc8d12725ecc366931cc83c8c03a40110d9d6d14fffcca3ab85ba0,T5.2.3
seed_metric,higher_leakage_injection,202607162302,0.001,safe_normal_action_availability,0.9888496398925781,,,whole_seed_trajectory_cluster,f637478a13cc8d12725ecc366931cc83c8c03a40110d9d6d14fffcca3ab85ba0,T5.2.3
seed_metric,higher_leakage_injection,202607162302,0.001,unsafe_declared_available_fraction,0.000583648681640625,,,whole_seed_trajectory_cluster,f637478a13cc8d12725ecc366931cc83c8c03a40110d9d6d14fffcca3ab85ba0,T5.2.3
seed_metric,higher_leakage_injection,202607162302,0.001,reset_requests_per_1000_cycles,21.1334228515625,,,whole_seed_trajectory_cluster,f637478a13cc8d12725ecc366931cc83c8c03a40110d9d6d14fffcca3ab85ba0,T5.2.3
seed_metric,higher_leakage_injection,202607162302,0.001,reset_attempts_per_1000_cycles,20.7061767578125,,,whole_seed_trajectory_cluster,f637478a13cc8d12725ecc366931cc83c8c03a40110d9d6d14fffcca3ab85ba0,T5.2.3
seed_metric,higher_leakage_injection,202607162302,0.001,empirical_reset_failure_probability,0.9060427413411938,,,whole_seed_trajectory_cluster,f637478a13cc8d12725ecc366931cc83c8c03a40110d9d6d14fffcca3ab85ba0,T5.2.3
seed_metric,higher_leakage_injection,202607162302,0.001,reset_failures_per_1000_cycles,18.76068115234375,,,whole_seed_trajectory_cluster,f637478a13cc8d12725ecc366931cc83c8c03a40110d9d6d14fffcca3ab85ba0,T5.2.3
seed_metric,higher_leakage_injection,202607162302,0.001,successful_resets_per_1000_cycles,1.94549560546875,,,whole_seed_trajectory_cluster,f637478a13cc8d12725ecc366931cc83c8c03a40110d9d6d14fffcca3ab85ba0,T5.2.3
seed_metric,higher_leakage_injection,202607162302,0.001,mean_hidden_leakage_run_steps,11.19921875,,,whole_seed_trajectory_cluster,f637478a13cc8d12725ecc366931cc83c8c03a40110d9d6d14fffcca3ab85ba0,T5.2.3
seed_metric,higher_leakage_injection,202607162302,0.001,p95_hidden_leakage_run_steps,34.0,,,whole_seed_trajectory_cluster,f637478a13cc8d12725ecc366931cc83c8c03a40110d9d6d14fffcca3ab85ba0,T5.2.3
seed_metric,higher_leakage_injection,202607162302,0.001,mean_short_lag_correlation,0.7431173205815583,,,whole_seed_trajectory_cluster,f637478a13cc8d12725ecc366931cc83c8c03a40110d9d6d14fffcca3ab85ba0,T5.2.3
seed_metric,higher_leakage_injection,202607162302,0.001,mean_long_lag_correlation,0.22530422556542662,,,whole_seed_trajectory_cluster,f637478a13cc8d12725ecc366931cc83c8c03a40110d9d6d14fffcca3ab85ba0,T5.2.3
seed_metric,higher_leakage_injection,202607162302,0.001,mean_long_lag_covariance,0.002367862325475891,,,whole_seed_trajectory_cluster,f637478a13cc8d12725ecc366931cc83c8c03a40110d9d6d14fffcca3ab85ba0,T5.2.3
channel_intervention,higher_leakage_injection,202607162302,0.002,channel_spec_sha256,f5fd03ea5c93871bdde8860cba5abd0a731b406babfb5e4d22da0937c9930dc0,,,exactly_one_physical_channel_changes,1c1934ae59cf6373932fa49a18c7c3de576f14b296afba2e99880fa66c2a46cb,T5.2.3
seed_metric,higher_leakage_injection,202607162302,0.002,injection_episode_rate_per_1000_cycles,3.875732421875,,,whole_seed_trajectory_cluster,1c1934ae59cf6373932fa49a18c7c3de576f14b296afba2e99880fa66c2a46cb,T5.2.3
seed_metric,higher_leakage_injection,202607162302,0.002,empirical_higher_injection_probability,0.001982911053948452,,,whole_seed_trajectory_cluster,1c1934ae59cf6373932fa49a18c7c3de576f14b296afba2e99880fa66c2a46cb,T5.2.3
seed_metric,higher_leakage_injection,202607162302,0.002,detection_probability,1.0,,,whole_seed_trajectory_cluster,1c1934ae59cf6373932fa49a18c7c3de576f14b296afba2e99880fa66c2a46cb,T5.2.3
seed_metric,higher_leakage_injection,202607162302,0.002,mean_detection_delay_steps,0.05708661417322835,,,whole_seed_trajectory_cluster,1c1934ae59cf6373932fa49a18c7c3de576f14b296afba2e99880fa66c2a46cb,T5.2.3
seed_metric,higher_leakage_injection,202607162302,0.002,p95_detection_delay_steps,1.0,,,whole_seed_trajectory_cluster,1c1934ae59cf6373932fa49a18c7c3de576f14b296afba2e99880fa66c2a46cb,T5.2.3
seed_metric,higher_leakage_injection,202607162302,0.002,false_alarm_rate_per_healthy_step,0.0002145495824084946,,,whole_seed_trajectory_cluster,1c1934ae59cf6373932fa49a18c7c3de576f14b296afba2e99880fa66c2a46cb,T5.2.3
seed_metric,higher_leakage_injection,202607162302,0.002,false_negative_rate_per_leakage_step,0.053512860348696706,,,whole_seed_trajectory_cluster,1c1934ae59cf6373932fa49a18c7c3de576f14b296afba2e99880fa66c2a46cb,T5.2.3
seed_metric,higher_leakage_injection,202607162302,0.002,hidden_leakage_occupancy,0.022098541259765625,,,whole_seed_trajectory_cluster,1c1934ae59cf6373932fa49a18c7c3de576f14b296afba2e99880fa66c2a46cb,T5.2.3
seed_metric,higher_leakage_injection,202607162302,0.002,observed_leakage_alarm_rate,0.02112579345703125,,,whole_seed_trajectory_cluster,1c1934ae59cf6373932fa49a18c7c3de576f14b296afba2e99880fa66c2a46cb,T5.2.3
seed_metric,higher_leakage_injection,202607162302,0.002,declared_normal_action_availability,0.9788742065429688,,,whole_seed_trajectory_cluster,1c1934ae59cf6373932fa49a18c7c3de576f14b296afba2e99880fa66c2a46cb,T5.2.3
seed_metric,higher_leakage_injection,202607162302,0.002,safe_normal_action_availability,0.977691650390625,,,whole_seed_trajectory_cluster,1c1934ae59cf6373932fa49a18c7c3de576f14b296afba2e99880fa66c2a46cb,T5.2.3
seed_metric,higher_leakage_injection,202607162302,0.002,unsafe_declared_available_fraction,0.00118255615234375,,,whole_seed_trajectory_cluster,1c1934ae59cf6373932fa49a18c7c3de576f14b296afba2e99880fa66c2a46cb,T5.2.3
seed_metric,higher_leakage_injection,202607162302,0.002,reset_requests_per_1000_cycles,42.2515869140625,,,whole_seed_trajectory_cluster,1c1934ae59cf6373932fa49a18c7c3de576f14b296afba2e99880fa66c2a46cb,T5.2.3
seed_metric,higher_leakage_injection,202607162302,0.002,reset_attempts_per_1000_cycles,41.83197021484375,,,whole_seed_trajectory_cluster,1c1934ae59cf6373932fa49a18c7c3de576f14b296afba2e99880fa66c2a46cb,T5.2.3
seed_metric,higher_leakage_injection,202607162302,0.002,empirical_reset_failure_probability,0.9075323727886194,,,whole_seed_trajectory_cluster,1c1934ae59cf6373932fa49a18c7c3de576f14b296afba2e99880fa66c2a46cb,T5.2.3
seed_metric,higher_leakage_injection,202607162302,0.002,reset_failures_per_1000_cycles,37.9638671875,,,whole_seed_trajectory_cluster,1c1934ae59cf6373932fa49a18c7c3de576f14b296afba2e99880fa66c2a46cb,T5.2.3
seed_metric,higher_leakage_injection,202607162302,0.002,successful_resets_per_1000_cycles,3.86810302734375,,,whole_seed_trajectory_cluster,1c1934ae59cf6373932fa49a18c7c3de576f14b296afba2e99880fa66c2a46cb,T5.2.3
seed_metric,higher_leakage_injection,202607162302,0.002,mean_hidden_leakage_run_steps,11.314453125,,,whole_seed_trajectory_cluster,1c1934ae59cf6373932fa49a18c7c3de576f14b296afba2e99880fa66c2a46cb,T5.2.3
seed_metric,higher_leakage_injection,202607162302,0.002,p95_hidden_leakage_run_steps,33.44999999999999,,,whole_seed_trajectory_cluster,1c1934ae59cf6373932fa49a18c7c3de576f14b296afba2e99880fa66c2a46cb,T5.2.3
seed_metric,higher_leakage_injection,202607162302,0.002,mean_short_lag_correlation,0.7522939340356277,,,whole_seed_trajectory_cluster,1c1934ae59cf6373932fa49a18c7c3de576f14b296afba2e99880fa66c2a46cb,T5.2.3
seed_metric,higher_leakage_injection,202607162302,0.002,mean_long_lag_correlation,0.23047566469473568,,,whole_seed_trajectory_cluster,1c1934ae59cf6373932fa49a18c7c3de576f14b296afba2e99880fa66c2a46cb,T5.2.3
seed_metric,higher_leakage_injection,202607162302,0.002,mean_long_lag_covariance,0.004768951134481627,,,whole_seed_trajectory_cluster,1c1934ae59cf6373932fa49a18c7c3de576f14b296afba2e99880fa66c2a46cb,T5.2.3
channel_intervention,higher_leakage_injection,202607162302,0.004,channel_spec_sha256,0f01501ebe5eb850566962eb943fbe42333f0560ee9403a3e0ac9dcfaf28dd41,,,exactly_one_physical_channel_changes,ebfde2b27250f681bba4b2eed28196e90f3e591a29196508e448082fda4caea7,T5.2.3
seed_metric,higher_leakage_injection,202607162302,0.004,injection_episode_rate_per_1000_cycles,7.63702392578125,,,whole_seed_trajectory_cluster,ebfde2b27250f681bba4b2eed28196e90f3e591a29196508e448082fda4caea7,T5.2.3
seed_metric,higher_leakage_injection,202607162302,0.004,empirical_higher_injection_probability,0.003985713546249806,,,whole_seed_trajectory_cluster,ebfde2b27250f681bba4b2eed28196e90f3e591a29196508e448082fda4caea7,T5.2.3
seed_metric,higher_leakage_injection,202607162302,0.004,detection_probability,1.0,,,whole_seed_trajectory_cluster,ebfde2b27250f681bba4b2eed28196e90f3e591a29196508e448082fda4caea7,T5.2.3
seed_metric,higher_leakage_injection,202607162302,0.004,mean_detection_delay_steps,0.056943056943056944,,,whole_seed_trajectory_cluster,ebfde2b27250f681bba4b2eed28196e90f3e591a29196508e448082fda4caea7,T5.2.3
seed_metric,higher_leakage_injection,202607162302,0.004,p95_detection_delay_steps,1.0,,,whole_seed_trajectory_cluster,ebfde2b27250f681bba4b2eed28196e90f3e591a29196508e448082fda4caea7,T5.2.3
seed_metric,higher_leakage_injection,202607162302,0.004,false_alarm_rate_per_healthy_step,0.00021530585392693955,,,whole_seed_trajectory_cluster,ebfde2b27250f681bba4b2eed28196e90f3e591a29196508e448082fda4caea7,T5.2.3
seed_metric,higher_leakage_injection,202607162302,0.004,false_negative_rate_per_leakage_step,0.05247839125066149,,,whole_seed_trajectory_cluster,ebfde2b27250f681bba4b2eed28196e90f3e591a29196508e448082fda4caea7,T5.2.3
seed_metric,higher_leakage_injection,202607162302,0.004,hidden_leakage_occupancy,0.04325103759765625,,,whole_seed_trajectory_cluster,ebfde2b27250f681bba4b2eed28196e90f3e591a29196508e448082fda4caea7,T5.2.3
seed_metric,higher_leakage_injection,202607162302,0.004,observed_leakage_alarm_rate,0.041187286376953125,,,whole_seed_trajectory_cluster,ebfde2b27250f681bba4b2eed28196e90f3e591a29196508e448082fda4caea7,T5.2.3
seed_metric,higher_leakage_injection,202607162302,0.004,declared_normal_action_availability,0.9588127136230469,,,whole_seed_trajectory_cluster,ebfde2b27250f681bba4b2eed28196e90f3e591a29196508e448082fda4caea7,T5.2.3
seed_metric,higher_leakage_injection,202607162302,0.004,safe_normal_action_availability,0.95654296875,,,whole_seed_trajectory_cluster,ebfde2b27250f681bba4b2eed28196e90f3e591a29196508e448082fda4caea7,T5.2.3
seed_metric,higher_leakage_injection,202607162302,0.004,unsafe_declared_available_fraction,0.002269744873046875,,,whole_seed_trajectory_cluster,ebfde2b27250f681bba4b2eed28196e90f3e591a29196508e448082fda4caea7,T5.2.3
seed_metric,higher_leakage_injection,202607162302,0.004,reset_requests_per_1000_cycles,82.37457275390625,,,whole_seed_trajectory_cluster,ebfde2b27250f681bba4b2eed28196e90f3e591a29196508e448082fda4caea7,T5.2.3
seed_metric,higher_leakage_injection,202607162302,0.004,reset_attempts_per_1000_cycles,81.96258544921875,,,whole_seed_trajectory_cluster,ebfde2b27250f681bba4b2eed28196e90f3e591a29196508e448082fda4caea7,T5.2.3
seed_metric,higher_leakage_injection,202607162302,0.004,empirical_reset_failure_probability,0.9069161314344224,,,whole_seed_trajectory_cluster,ebfde2b27250f681bba4b2eed28196e90f3e591a29196508e448082fda4caea7,T5.2.3
seed_metric,higher_leakage_injection,202607162302,0.004,reset_failures_per_1000_cycles,74.33319091796875,,,whole_seed_trajectory_cluster,ebfde2b27250f681bba4b2eed28196e90f3e591a29196508e448082fda4caea7,T5.2.3
seed_metric,higher_leakage_injection,202607162302,0.004,successful_resets_per_1000_cycles,7.62939453125,,,whole_seed_trajectory_cluster,ebfde2b27250f681bba4b2eed28196e90f3e591a29196508e448082fda4caea7,T5.2.3
seed_metric,higher_leakage_injection,202607162302,0.004,mean_hidden_leakage_run_steps,11.292828685258964,,,whole_seed_trajectory_cluster,ebfde2b27250f681bba4b2eed28196e90f3e591a29196508e448082fda4caea7,T5.2.3
seed_metric,higher_leakage_injection,202607162302,0.004,p95_hidden_leakage_run_steps,32.0,,,whole_seed_trajectory_cluster,ebfde2b27250f681bba4b2eed28196e90f3e591a29196508e448082fda4caea7,T5.2.3
seed_metric,higher_leakage_injection,202607162302,0.004,mean_short_lag_correlation,0.7513527848708641,,,whole_seed_trajectory_cluster,ebfde2b27250f681bba4b2eed28196e90f3e591a29196508e448082fda4caea7,T5.2.3
seed_metric,higher_leakage_injection,202607162302,0.004,mean_long_lag_correlation,0.21770427341075327,,,whole_seed_trajectory_cluster,ebfde2b27250f681bba4b2eed28196e90f3e591a29196508e448082fda4caea7,T5.2.3
seed_metric,higher_leakage_injection,202607162302,0.004,mean_long_lag_covariance,0.008598036604549046,,,whole_seed_trajectory_cluster,ebfde2b27250f681bba4b2eed28196e90f3e591a29196508e448082fda4caea7,T5.2.3
channel_intervention,higher_leakage_injection,202607162303,0.0,channel_spec_sha256,7d61ab77777c967f172b09b118b5d572717049828938778f7dec874b7d8b824d,,,exactly_one_physical_channel_changes,20c4937142f991e07546408287f0a4c161efff3c5dd0fc246a34beb2acf7ec0f,T5.2.3
seed_metric,higher_leakage_injection,202607162303,0.0,injection_episode_rate_per_1000_cycles,0.0,,,whole_seed_trajectory_cluster,20c4937142f991e07546408287f0a4c161efff3c5dd0fc246a34beb2acf7ec0f,T5.2.3
seed_metric,higher_leakage_injection,202607162303,0.0,empirical_higher_injection_probability,0.0,,,whole_seed_trajectory_cluster,20c4937142f991e07546408287f0a4c161efff3c5dd0fc246a34beb2acf7ec0f,T5.2.3
seed_metric,higher_leakage_injection,202607162303,0.0,detection_probability,,,,NOT_APPLICABLE_NO_TRUE_EPISODES,20c4937142f991e07546408287f0a4c161efff3c5dd0fc246a34beb2acf7ec0f,T5.2.3
seed_metric,higher_leakage_injection,202607162303,0.0,mean_detection_delay_steps,,,,NOT_APPLICABLE_NO_TRUE_EPISODES,20c4937142f991e07546408287f0a4c161efff3c5dd0fc246a34beb2acf7ec0f,T5.2.3
seed_metric,higher_leakage_injection,202607162303,0.0,p95_detection_delay_steps,,,,NOT_APPLICABLE_NO_TRUE_EPISODES,20c4937142f991e07546408287f0a4c161efff3c5dd0fc246a34beb2acf7ec0f,T5.2.3
seed_metric,higher_leakage_injection,202607162303,0.0,false_alarm_rate_per_healthy_step,0.00020599365234375,,,whole_seed_trajectory_cluster,20c4937142f991e07546408287f0a4c161efff3c5dd0fc246a34beb2acf7ec0f,T5.2.3
seed_metric,higher_leakage_injection,202607162303,0.0,false_negative_rate_per_leakage_step,,,,NOT_APPLICABLE_NO_TRUE_EPISODES,20c4937142f991e07546408287f0a4c161efff3c5dd0fc246a34beb2acf7ec0f,T5.2.3
seed_metric,higher_leakage_injection,202607162303,0.0,hidden_leakage_occupancy,0.0,,,whole_seed_trajectory_cluster,20c4937142f991e07546408287f0a4c161efff3c5dd0fc246a34beb2acf7ec0f,T5.2.3
seed_metric,higher_leakage_injection,202607162303,0.0,observed_leakage_alarm_rate,0.00020599365234375,,,whole_seed_trajectory_cluster,20c4937142f991e07546408287f0a4c161efff3c5dd0fc246a34beb2acf7ec0f,T5.2.3
seed_metric,higher_leakage_injection,202607162303,0.0,declared_normal_action_availability,0.9997940063476562,,,whole_seed_trajectory_cluster,20c4937142f991e07546408287f0a4c161efff3c5dd0fc246a34beb2acf7ec0f,T5.2.3
seed_metric,higher_leakage_injection,202607162303,0.0,safe_normal_action_availability,0.9997940063476562,,,whole_seed_trajectory_cluster,20c4937142f991e07546408287f0a4c161efff3c5dd0fc246a34beb2acf7ec0f,T5.2.3
seed_metric,higher_leakage_injection,202607162303,0.0,unsafe_declared_available_fraction,0.0,,,whole_seed_trajectory_cluster,20c4937142f991e07546408287f0a4c161efff3c5dd0fc246a34beb2acf7ec0f,T5.2.3
seed_metric,higher_leakage_injection,202607162303,0.0,reset_requests_per_1000_cycles,0.4119873046875,,,whole_seed_trajectory_cluster,20c4937142f991e07546408287f0a4c161efff3c5dd0fc246a34beb2acf7ec0f,T5.2.3
seed_metric,higher_leakage_injection,202607162303,0.0,reset_attempts_per_1000_cycles,0.0,,,whole_seed_trajectory_cluster,20c4937142f991e07546408287f0a4c161efff3c5dd0fc246a34beb2acf7ec0f,T5.2.3
seed_metric,higher_leakage_injection,202607162303,0.0,empirical_reset_failure_probability,,,,NOT_APPLICABLE_NO_TRUE_EPISODES,20c4937142f991e07546408287f0a4c161efff3c5dd0fc246a34beb2acf7ec0f,T5.2.3
seed_metric,higher_leakage_injection,202607162303,0.0,reset_failures_per_1000_cycles,0.0,,,whole_seed_trajectory_cluster,20c4937142f991e07546408287f0a4c161efff3c5dd0fc246a34beb2acf7ec0f,T5.2.3
seed_metric,higher_leakage_injection,202607162303,0.0,successful_resets_per_1000_cycles,0.0,,,whole_seed_trajectory_cluster,20c4937142f991e07546408287f0a4c161efff3c5dd0fc246a34beb2acf7ec0f,T5.2.3
seed_metric,higher_leakage_injection,202607162303,0.0,mean_hidden_leakage_run_steps,,,,NOT_APPLICABLE_NO_TRUE_EPISODES,20c4937142f991e07546408287f0a4c161efff3c5dd0fc246a34beb2acf7ec0f,T5.2.3
seed_metric,higher_leakage_injection,202607162303,0.0,p95_hidden_leakage_run_steps,,,,NOT_APPLICABLE_NO_TRUE_EPISODES,20c4937142f991e07546408287f0a4c161efff3c5dd0fc246a34beb2acf7ec0f,T5.2.3
seed_metric,higher_leakage_injection,202607162303,0.0,mean_short_lag_correlation,-0.00020329169473680192,,,whole_seed_trajectory_cluster,20c4937142f991e07546408287f0a4c161efff3c5dd0fc246a34beb2acf7ec0f,T5.2.3
seed_metric,higher_leakage_injection,202607162303,0.0,mean_long_lag_correlation,-0.0002027295461555273,,,whole_seed_trajectory_cluster,20c4937142f991e07546408287f0a4c161efff3c5dd0fc246a34beb2acf7ec0f,T5.2.3
seed_metric,higher_leakage_injection,202607162303,0.0,mean_long_lag_covariance,-4.1083041247121155e-08,,,whole_seed_trajectory_cluster,20c4937142f991e07546408287f0a4c161efff3c5dd0fc246a34beb2acf7ec0f,T5.2.3
channel_intervention,higher_leakage_injection,202607162303,0.00025,channel_spec_sha256,a5f949dd0f1893e243a92822beec343c88be56f7c9c3529d3ca723584e4f34ce,,,exactly_one_physical_channel_changes,3d309458d1f63791a36d4d0474b4b2d88c0cf0d6d7a3fb61f8462bc05d05e0bb,T5.2.3
seed_metric,higher_leakage_injection,202607162303,0.00025,injection_episode_rate_per_1000_cycles,0.46539306640625,,,whole_seed_trajectory_cluster,3d309458d1f63791a36d4d0474b4b2d88c0cf0d6d7a3fb61f8462bc05d05e0bb,T5.2.3
seed_metric,higher_leakage_injection,202607162303,0.00025,empirical_higher_injection_probability,0.0002338992929339407,,,whole_seed_trajectory_cluster,3d309458d1f63791a36d4d0474b4b2d88c0cf0d6d7a3fb61f8462bc05d05e0bb,T5.2.3
seed_metric,higher_leakage_injection,202607162303,0.00025,detection_probability,1.0,,,whole_seed_trajectory_cluster,3d309458d1f63791a36d4d0474b4b2d88c0cf0d6d7a3fb61f8462bc05d05e0bb,T5.2.3
seed_metric,higher_leakage_injection,202607162303,0.00025,mean_detection_delay_steps,0.03278688524590164,,,whole_seed_trajectory_cluster,3d309458d1f63791a36d4d0474b4b2d88c0cf0d6d7a3fb61f8462bc05d05e0bb,T5.2.3
seed_metric,higher_leakage_injection,202607162303,0.00025,p95_detection_delay_steps,0.0,,,whole_seed_trajectory_cluster,3d309458d1f63791a36d4d0474b4b2d88c0cf0d6d7a3fb61f8462bc05d05e0bb,T5.2.3
seed_metric,higher_leakage_injection,202607162303,0.00025,false_alarm_rate_per_healthy_step,0.00020658074437928224,,,whole_seed_trajectory_cluster,3d309458d1f63791a36d4d0474b4b2d88c0cf0d6d7a3fb61f8462bc05d05e0bb,T5.2.3
seed_metric,higher_leakage_injection,202607162303,0.00025,false_negative_rate_per_leakage_step,0.05100671140939597,,,whole_seed_trajectory_cluster,3d309458d1f63791a36d4d0474b4b2d88c0cf0d6d7a3fb61f8462bc05d05e0bb,T5.2.3
seed_metric,higher_leakage_injection,202607162303,0.00025,hidden_leakage_occupancy,0.002841949462890625,,,whole_seed_trajectory_cluster,3d309458d1f63791a36d4d0474b4b2d88c0cf0d6d7a3fb61f8462bc05d05e0bb,T5.2.3
seed_metric,higher_leakage_injection,202607162303,0.00025,observed_leakage_alarm_rate,0.002902984619140625,,,whole_seed_trajectory_cluster,3d309458d1f63791a36d4d0474b4b2d88c0cf0d6d7a3fb61f8462bc05d05e0bb,T5.2.3
seed_metric,higher_leakage_injection,202607162303,0.00025,declared_normal_action_availability,0.9970970153808594,,,whole_seed_trajectory_cluster,3d309458d1f63791a36d4d0474b4b2d88c0cf0d6d7a3fb61f8462bc05d05e0bb,T5.2.3
seed_metric,higher_leakage_injection,202607162303,0.00025,safe_normal_action_availability,0.9969520568847656,,,whole_seed_trajectory_cluster,3d309458d1f63791a36d4d0474b4b2d88c0cf0d6d7a3fb61f8462bc05d05e0bb,T5.2.3
seed_metric,higher_leakage_injection,202607162303,0.00025,unsafe_declared_available_fraction,0.00014495849609375,,,whole_seed_trajectory_cluster,3d309458d1f63791a36d4d0474b4b2d88c0cf0d6d7a3fb61f8462bc05d05e0bb,T5.2.3
seed_metric,higher_leakage_injection,202607162303,0.00025,reset_requests_per_1000_cycles,5.80596923828125,,,whole_seed_trajectory_cluster,3d309458d1f63791a36d4d0474b4b2d88c0cf0d6d7a3fb61f8462bc05d05e0bb,T5.2.3
seed_metric,higher_leakage_injection,202607162303,0.00025,reset_attempts_per_1000_cycles,5.39398193359375,,,whole_seed_trajectory_cluster,3d309458d1f63791a36d4d0474b4b2d88c0cf0d6d7a3fb61f8462bc05d05e0bb,T5.2.3
seed_metric,higher_leakage_injection,202607162303,0.00025,empirical_reset_failure_probability,0.9137199434229137,,,whole_seed_trajectory_cluster,3d309458d1f63791a36d4d0474b4b2d88c0cf0d6d7a3fb61f8462bc05d05e0bb,T5.2.3
seed_metric,higher_leakage_injection,202607162303,0.00025,reset_failures_per_1000_cycles,4.9285888671875,,,whole_seed_trajectory_cluster,3d309458d1f63791a36d4d0474b4b2d88c0cf0d6d7a3fb61f8462bc05d05e0bb,T5.2.3
seed_metric,higher_leakage_injection,202607162303,0.00025,successful_resets_per_1000_cycles,0.46539306640625,,,whole_seed_trajectory_cluster,3d309458d1f63791a36d4d0474b4b2d88c0cf0d6d7a3fb61f8462bc05d05e0bb,T5.2.3
seed_metric,higher_leakage_injection,202607162303,0.00025,mean_hidden_leakage_run_steps,12.21311475409836,,,whole_seed_trajectory_cluster,3d309458d1f63791a36d4d0474b4b2d88c0cf0d6d7a3fb61f8462bc05d05e0bb,T5.2.3
seed_metric,higher_leakage_injection,202607162303,0.00025,p95_hidden_leakage_run_steps,34.0,,,whole_seed_trajectory_cluster,3d309458d1f63791a36d4d0474b4b2d88c0cf0d6d7a3fb61f8462bc05d05e0bb,T5.2.3
seed_metric,higher_leakage_injection,202607162303,0.00025,mean_short_lag_correlation,0.7215183159900681,,,whole_seed_trajectory_cluster,3d309458d1f63791a36d4d0474b4b2d88c0cf0d6d7a3fb61f8462bc05d05e0bb,T5.2.3
seed_metric,higher_leakage_injection,202607162303,0.00025,mean_long_lag_correlation,0.24874232137412403,,,whole_seed_trajectory_cluster,3d309458d1f63791a36d4d0474b4b2d88c0cf0d6d7a3fb61f8462bc05d05e0bb,T5.2.3
seed_metric,higher_leakage_injection,202607162303,0.00025,mean_long_lag_covariance,0.0007263164411065158,,,whole_seed_trajectory_cluster,3d309458d1f63791a36d4d0474b4b2d88c0cf0d6d7a3fb61f8462bc05d05e0bb,T5.2.3
channel_intervention,higher_leakage_injection,202607162303,0.0005,channel_spec_sha256,26caa5856dd0a98d2fcf7cc731c98d9fa0ccf05690e32b7a0bdea9b83da1822b,,,exactly_one_physical_channel_changes,35429e8fed69209c2007e98fac3118617c7a701b9d43abda8167ed60c702e835,T5.2.3
seed_metric,higher_leakage_injection,202607162303,0.0005,injection_episode_rate_per_1000_cycles,1.01470947265625,,,whole_seed_trajectory_cluster,35429e8fed69209c2007e98fac3118617c7a701b9d43abda8167ed60c702e835,T5.2.3
seed_metric,higher_leakage_injection,202607162303,0.0005,empirical_higher_injection_probability,0.0005115837170211211,,,whole_seed_trajectory_cluster,35429e8fed69209c2007e98fac3118617c7a701b9d43abda8167ed60c702e835,T5.2.3
seed_metric,higher_leakage_injection,202607162303,0.0005,detection_probability,1.0,,,whole_seed_trajectory_cluster,35429e8fed69209c2007e98fac3118617c7a701b9d43abda8167ed60c702e835,T5.2.3
seed_metric,higher_leakage_injection,202607162303,0.0005,mean_detection_delay_steps,0.045112781954887216,,,whole_seed_trajectory_cluster,35429e8fed69209c2007e98fac3118617c7a701b9d43abda8167ed60c702e835,T5.2.3
seed_metric,higher_leakage_injection,202607162303,0.0005,p95_detection_delay_steps,0.0,,,whole_seed_trajectory_cluster,35429e8fed69209c2007e98fac3118617c7a701b9d43abda8167ed60c702e835,T5.2.3
seed_metric,higher_leakage_injection,202607162303,0.0005,false_alarm_rate_per_healthy_step,0.00020728889161861916,,,whole_seed_trajectory_cluster,35429e8fed69209c2007e98fac3118617c7a701b9d43abda8167ed60c702e835,T5.2.3
seed_metric,higher_leakage_injection,202607162303,0.0005,false_negative_rate_per_leakage_step,0.045787545787545784,,,whole_seed_trajectory_cluster,35429e8fed69209c2007e98fac3118617c7a701b9d43abda8167ed60c702e835,T5.2.3
seed_metric,higher_leakage_injection,202607162303,0.0005,hidden_leakage_occupancy,0.00624847412109375,,,whole_seed_trajectory_cluster,35429e8fed69209c2007e98fac3118617c7a701b9d43abda8167ed60c702e835,T5.2.3
seed_metric,higher_leakage_injection,202607162303,0.0005,observed_leakage_alarm_rate,0.006168365478515625,,,whole_seed_trajectory_cluster,35429e8fed69209c2007e98fac3118617c7a701b9d43abda8167ed60c702e835,T5.2.3
seed_metric,higher_leakage_injection,202607162303,0.0005,declared_normal_action_availability,0.9938316345214844,,,whole_seed_trajectory_cluster,35429e8fed69209c2007e98fac3118617c7a701b9d43abda8167ed60c702e835,T5.2.3
seed_metric,higher_leakage_injection,202607162303,0.0005,safe_normal_action_availability,0.9935455322265625,,,whole_seed_trajectory_cluster,35429e8fed69209c2007e98fac3118617c7a701b9d43abda8167ed60c702e835,T5.2.3
seed_metric,higher_leakage_injection,202607162303,0.0005,unsafe_declared_available_fraction,0.000286102294921875,,,whole_seed_trajectory_cluster,35429e8fed69209c2007e98fac3118617c7a701b9d43abda8167ed60c702e835,T5.2.3
seed_metric,higher_leakage_injection,202607162303,0.0005,reset_requests_per_1000_cycles,12.33673095703125,,,whole_seed_trajectory_cluster,35429e8fed69209c2007e98fac3118617c7a701b9d43abda8167ed60c702e835,T5.2.3
seed_metric,higher_leakage_injection,202607162303,0.0005,reset_attempts_per_1000_cycles,11.92474365234375,,,whole_seed_trajectory_cluster,35429e8fed69209c2007e98fac3118617c7a701b9d43abda8167ed60c702e835,T5.2.3
seed_metric,higher_leakage_injection,202607162303,0.0005,empirical_reset_failure_probability,0.9149072296865003,,,whole_seed_trajectory_cluster,35429e8fed69209c2007e98fac3118617c7a701b9d43abda8167ed60c702e835,T5.2.3
seed_metric,higher_leakage_injection,202607162303,0.0005,reset_failures_per_1000_cycles,10.9100341796875,,,whole_seed_trajectory_cluster,35429e8fed69209c2007e98fac3118617c7a701b9d43abda8167ed60c702e835,T5.2.3
seed_metric,higher_leakage_injection,202607162303,0.0005,successful_resets_per_1000_cycles,1.01470947265625,,,whole_seed_trajectory_cluster,35429e8fed69209c2007e98fac3118617c7a701b9d43abda8167ed60c702e835,T5.2.3
seed_metric,higher_leakage_injection,202607162303,0.0005,mean_hidden_leakage_run_steps,12.31578947368421,,,whole_seed_trajectory_cluster,35429e8fed69209c2007e98fac3118617c7a701b9d43abda8167ed60c702e835,T5.2.3
seed_metric,higher_leakage_injection,202607162303,0.0005,p95_hidden_leakage_run_steps,34.39999999999999,,,whole_seed_trajectory_cluster,35429e8fed69209c2007e98fac3118617c7a701b9d43abda8167ed60c702e835,T5.2.3
seed_metric,higher_leakage_injection,202607162303,0.0005,mean_short_lag_correlation,0.7570031711453442,,,whole_seed_trajectory_cluster,35429e8fed69209c2007e98fac3118617c7a701b9d43abda8167ed60c702e835,T5.2.3
seed_metric,higher_leakage_injection,202607162303,0.0005,mean_long_lag_correlation,0.2770384734406926,,,whole_seed_trajectory_cluster,35429e8fed69209c2007e98fac3118617c7a701b9d43abda8167ed60c702e835,T5.2.3
seed_metric,higher_leakage_injection,202607162303,0.0005,mean_long_lag_covariance,0.0017062407177644914,,,whole_seed_trajectory_cluster,35429e8fed69209c2007e98fac3118617c7a701b9d43abda8167ed60c702e835,T5.2.3
channel_intervention,higher_leakage_injection,202607162303,0.001,channel_spec_sha256,df202c33efdc80992db2a2ea6bcdc728b1f59d490135a90d21c33f3a287fc9bd,,,exactly_one_physical_channel_changes,cd6d0ffb54545181b29adaf1651d717a864f324aa356a7e5c55f91680f00c057,T5.2.3
seed_metric,higher_leakage_injection,202607162303,0.001,injection_episode_rate_per_1000_cycles,2.09808349609375,,,whole_seed_trajectory_cluster,cd6d0ffb54545181b29adaf1651d717a864f324aa356a7e5c55f91680f00c057,T5.2.3
seed_metric,higher_leakage_injection,202607162303,0.001,empirical_higher_injection_probability,0.0010643609383406032,,,whole_seed_trajectory_cluster,cd6d0ffb54545181b29adaf1651d717a864f324aa356a7e5c55f91680f00c057,T5.2.3
seed_metric,higher_leakage_injection,202607162303,0.001,detection_probability,1.0,,,whole_seed_trajectory_cluster,cd6d0ffb54545181b29adaf1651d717a864f324aa356a7e5c55f91680f00c057,T5.2.3
seed_metric,higher_leakage_injection,202607162303,0.001,mean_detection_delay_steps,0.03636363636363636,,,whole_seed_trajectory_cluster,cd6d0ffb54545181b29adaf1651d717a864f324aa356a7e5c55f91680f00c057,T5.2.3
seed_metric,higher_leakage_injection,202607162303,0.001,p95_detection_delay_steps,0.0,,,whole_seed_trajectory_cluster,cd6d0ffb54545181b29adaf1651d717a864f324aa356a7e5c55f91680f00c057,T5.2.3
seed_metric,higher_leakage_injection,202607162303,0.001,false_alarm_rate_per_healthy_step,0.0002086916194856138,,,whole_seed_trajectory_cluster,cd6d0ffb54545181b29adaf1651d717a864f324aa356a7e5c55f91680f00c057,T5.2.3
seed_metric,higher_leakage_injection,202607162303,0.001,false_negative_rate_per_leakage_step,0.045736205370315725,,,whole_seed_trajectory_cluster,cd6d0ffb54545181b29adaf1651d717a864f324aa356a7e5c55f91680f00c057,T5.2.3
seed_metric,higher_leakage_injection,202607162303,0.001,hidden_leakage_occupancy,0.012928009033203125,,,whole_seed_trajectory_cluster,cd6d0ffb54545181b29adaf1651d717a864f324aa356a7e5c55f91680f00c057,T5.2.3
seed_metric,higher_leakage_injection,202607162303,0.001,observed_leakage_alarm_rate,0.012542724609375,,,whole_seed_trajectory_cluster,cd6d0ffb54545181b29adaf1651d717a864f324aa356a7e5c55f91680f00c057,T5.2.3
seed_metric,higher_leakage_injection,202607162303,0.001,declared_normal_action_availability,0.987457275390625,,,whole_seed_trajectory_cluster,cd6d0ffb54545181b29adaf1651d717a864f324aa356a7e5c55f91680f00c057,T5.2.3
seed_metric,higher_leakage_injection,202607162303,0.001,safe_normal_action_availability,0.9868659973144531,,,whole_seed_trajectory_cluster,cd6d0ffb54545181b29adaf1651d717a864f324aa356a7e5c55f91680f00c057,T5.2.3
seed_metric,higher_leakage_injection,202607162303,0.001,unsafe_declared_available_fraction,0.000591278076171875,,,whole_seed_trajectory_cluster,cd6d0ffb54545181b29adaf1651d717a864f324aa356a7e5c55f91680f00c057,T5.2.3
seed_metric,higher_leakage_injection,202607162303,0.001,reset_requests_per_1000_cycles,25.08544921875,,,whole_seed_trajectory_cluster,cd6d0ffb54545181b29adaf1651d717a864f324aa356a7e5c55f91680f00c057,T5.2.3
seed_metric,higher_leakage_injection,202607162303,0.001,reset_attempts_per_1000_cycles,24.6734619140625,,,whole_seed_trajectory_cluster,cd6d0ffb54545181b29adaf1651d717a864f324aa356a7e5c55f91680f00c057,T5.2.3
seed_metric,higher_leakage_injection,202607162303,0.001,empirical_reset_failure_probability,0.9143475572047001,,,whole_seed_trajectory_cluster,cd6d0ffb54545181b29adaf1651d717a864f324aa356a7e5c55f91680f00c057,T5.2.3
seed_metric,higher_leakage_injection,202607162303,0.001,reset_failures_per_1000_cycles,22.56011962890625,,,whole_seed_trajectory_cluster,cd6d0ffb54545181b29adaf1651d717a864f324aa356a7e5c55f91680f00c057,T5.2.3
seed_metric,higher_leakage_injection,202607162303,0.001,successful_resets_per_1000_cycles,2.11334228515625,,,whole_seed_trajectory_cluster,cd6d0ffb54545181b29adaf1651d717a864f324aa356a7e5c55f91680f00c057,T5.2.3
seed_metric,higher_leakage_injection,202607162303,0.001,mean_hidden_leakage_run_steps,12.190647482014388,,,whole_seed_trajectory_cluster,cd6d0ffb54545181b29adaf1651d717a864f324aa356a7e5c55f91680f00c057,T5.2.3
seed_metric,higher_leakage_injection,202607162303,0.001,p95_hidden_leakage_run_steps,35.299999999999955,,,whole_seed_trajectory_cluster,cd6d0ffb54545181b29adaf1651d717a864f324aa356a7e5c55f91680f00c057,T5.2.3
seed_metric,higher_leakage_injection,202607162303,0.001,mean_short_lag_correlation,0.7662592017393995,,,whole_seed_trajectory_cluster,cd6d0ffb54545181b29adaf1651d717a864f324aa356a7e5c55f91680f00c057,T5.2.3
seed_metric,higher_leakage_injection,202607162303,0.001,mean_long_lag_correlation,0.2678262931416549,,,whole_seed_trajectory_cluster,cd6d0ffb54545181b29adaf1651d717a864f324aa356a7e5c55f91680f00c057,T5.2.3
seed_metric,higher_leakage_injection,202607162303,0.001,mean_long_lag_covariance,0.003329337466982239,,,whole_seed_trajectory_cluster,cd6d0ffb54545181b29adaf1651d717a864f324aa356a7e5c55f91680f00c057,T5.2.3
channel_intervention,higher_leakage_injection,202607162303,0.002,channel_spec_sha256,f5fd03ea5c93871bdde8860cba5abd0a731b406babfb5e4d22da0937c9930dc0,,,exactly_one_physical_channel_changes,248bed904c9caae00495686458a40dd181132968b401e011016b6e5af102ae07,T5.2.3
seed_metric,higher_leakage_injection,202607162303,0.002,injection_episode_rate_per_1000_cycles,3.88336181640625,,,whole_seed_trajectory_cluster,248bed904c9caae00495686458a40dd181132968b401e011016b6e5af102ae07,T5.2.3
seed_metric,higher_leakage_injection,202607162303,0.002,empirical_higher_injection_probability,0.0019861786936485205,,,whole_seed_trajectory_cluster,248bed904c9caae00495686458a40dd181132968b401e011016b6e5af102ae07,T5.2.3
seed_metric,higher_leakage_injection,202607162303,0.002,detection_probability,1.0,,,whole_seed_trajectory_cluster,248bed904c9caae00495686458a40dd181132968b401e011016b6e5af102ae07,T5.2.3
seed_metric,higher_leakage_injection,202607162303,0.002,mean_detection_delay_steps,0.0412573673870334,,,whole_seed_trajectory_cluster,248bed904c9caae00495686458a40dd181132968b401e011016b6e5af102ae07,T5.2.3
seed_metric,higher_leakage_injection,202607162303,0.002,p95_detection_delay_steps,0.0,,,whole_seed_trajectory_cluster,248bed904c9caae00495686458a40dd181132968b401e011016b6e5af102ae07,T5.2.3
seed_metric,higher_leakage_injection,202607162303,0.002,false_alarm_rate_per_healthy_step,0.0002105952826656683,,,whole_seed_trajectory_cluster,248bed904c9caae00495686458a40dd181132968b401e011016b6e5af102ae07,T5.2.3
seed_metric,higher_leakage_injection,202607162303,0.002,false_negative_rate_per_leakage_step,0.0490572625698324,,,whole_seed_trajectory_cluster,248bed904c9caae00495686458a40dd181132968b401e011016b6e5af102ae07,T5.2.3
seed_metric,higher_leakage_injection,202607162303,0.002,hidden_leakage_occupancy,0.0218505859375,,,whole_seed_trajectory_cluster,248bed904c9caae00495686458a40dd181132968b401e011016b6e5af102ae07,T5.2.3
seed_metric,higher_leakage_injection,202607162303,0.002,observed_leakage_alarm_rate,0.020984649658203125,,,whole_seed_trajectory_cluster,248bed904c9caae00495686458a40dd181132968b401e011016b6e5af102ae07,T5.2.3
seed_metric,higher_leakage_injection,202607162303,0.002,declared_normal_action_availability,0.9790153503417969,,,whole_seed_trajectory_cluster,248bed904c9caae00495686458a40dd181132968b401e011016b6e5af102ae07,T5.2.3
seed_metric,higher_leakage_injection,202607162303,0.002,safe_normal_action_availability,0.9779434204101562,,,whole_seed_trajectory_cluster,248bed904c9caae00495686458a40dd181132968b401e011016b6e5af102ae07,T5.2.3
seed_metric,higher_leakage_injection,202607162303,0.002,unsafe_declared_available_fraction,0.001071929931640625,,,whole_seed_trajectory_cluster,248bed904c9caae00495686458a40dd181132968b401e011016b6e5af102ae07,T5.2.3
seed_metric,higher_leakage_injection,202607162303,0.002,reset_requests_per_1000_cycles,41.96929931640625,,,whole_seed_trajectory_cluster,248bed904c9caae00495686458a40dd181132968b401e011016b6e5af102ae07,T5.2.3
seed_metric,higher_leakage_injection,202607162303,0.002,reset_attempts_per_1000_cycles,41.55731201171875,,,whole_seed_trajectory_cluster,248bed904c9caae00495686458a40dd181132968b401e011016b6e5af102ae07,T5.2.3
seed_metric,higher_leakage_injection,202607162303,0.002,empirical_reset_failure_probability,0.906370479162842,,,whole_seed_trajectory_cluster,248bed904c9caae00495686458a40dd181132968b401e011016b6e5af102ae07,T5.2.3
seed_metric,higher_leakage_injection,202607162303,0.002,reset_failures_per_1000_cycles,37.66632080078125,,,whole_seed_trajectory_cluster,248bed904c9caae00495686458a40dd181132968b401e011016b6e5af102ae07,T5.2.3
seed_metric,higher_leakage_injection,202607162303,0.002,successful_resets_per_1000_cycles,3.8909912109375,,,whole_seed_trajectory_cluster,248bed904c9caae00495686458a40dd181132968b401e011016b6e5af102ae07,T5.2.3
seed_metric,higher_leakage_injection,202607162303,0.002,mean_hidden_leakage_run_steps,11.122330097087378,,,whole_seed_trajectory_cluster,248bed904c9caae00495686458a40dd181132968b401e011016b6e5af102ae07,T5.2.3
seed_metric,higher_leakage_injection,202607162303,0.002,p95_hidden_leakage_run_steps,33.0,,,whole_seed_trajectory_cluster,248bed904c9caae00495686458a40dd181132968b401e011016b6e5af102ae07,T5.2.3
seed_metric,higher_leakage_injection,202607162303,0.002,mean_short_lag_correlation,0.7526828730237937,,,whole_seed_trajectory_cluster,248bed904c9caae00495686458a40dd181132968b401e011016b6e5af102ae07,T5.2.3
seed_metric,higher_leakage_injection,202607162303,0.002,mean_long_lag_correlation,0.23918279722628358,,,whole_seed_trajectory_cluster,248bed904c9caae00495686458a40dd181132968b401e011016b6e5af102ae07,T5.2.3
seed_metric,higher_leakage_injection,202607162303,0.002,mean_long_lag_covariance,0.004919489395451301,,,whole_seed_trajectory_cluster,248bed904c9caae00495686458a40dd181132968b401e011016b6e5af102ae07,T5.2.3
channel_intervention,higher_leakage_injection,202607162303,0.004,channel_spec_sha256,0f01501ebe5eb850566962eb943fbe42333f0560ee9403a3e0ac9dcfaf28dd41,,,exactly_one_physical_channel_changes,e6b57e2448bcac5afd3587a0b6d6cc7617fc75cdf6e16b7970c3f838f7c0ba6a,T5.2.3
seed_metric,higher_leakage_injection,202607162303,0.004,injection_episode_rate_per_1000_cycles,7.7362060546875,,,whole_seed_trajectory_cluster,e6b57e2448bcac5afd3587a0b6d6cc7617fc75cdf6e16b7970c3f838f7c0ba6a,T5.2.3
seed_metric,higher_leakage_injection,202607162303,0.004,empirical_higher_injection_probability,0.004038167452529629,,,whole_seed_trajectory_cluster,e6b57e2448bcac5afd3587a0b6d6cc7617fc75cdf6e16b7970c3f838f7c0ba6a,T5.2.3
seed_metric,higher_leakage_injection,202607162303,0.004,detection_probability,1.0,,,whole_seed_trajectory_cluster,e6b57e2448bcac5afd3587a0b6d6cc7617fc75cdf6e16b7970c3f838f7c0ba6a,T5.2.3
seed_metric,higher_leakage_injection,202607162303,0.004,mean_detection_delay_steps,0.04930966469428008,,,whole_seed_trajectory_cluster,e6b57e2448bcac5afd3587a0b6d6cc7617fc75cdf6e16b7970c3f838f7c0ba6a,T5.2.3
seed_metric,higher_leakage_injection,202607162303,0.004,p95_detection_delay_steps,0.0,,,whole_seed_trajectory_cluster,e6b57e2448bcac5afd3587a0b6d6cc7617fc75cdf6e16b7970c3f838f7c0ba6a,T5.2.3
seed_metric,higher_leakage_injection,202607162303,0.004,false_alarm_rate_per_healthy_step,0.00020739440832768318,,,whole_seed_trajectory_cluster,e6b57e2448bcac5afd3587a0b6d6cc7617fc75cdf6e16b7970c3f838f7c0ba6a,T5.2.3
seed_metric,higher_leakage_injection,202607162303,0.004,false_negative_rate_per_leakage_step,0.05011389521640091,,,whole_seed_trajectory_cluster,e6b57e2448bcac5afd3587a0b6d6cc7617fc75cdf6e16b7970c3f838f7c0ba6a,T5.2.3
seed_metric,higher_leakage_injection,202607162303,0.004,hidden_leakage_occupancy,0.04354095458984375,,,whole_seed_trajectory_cluster,e6b57e2448bcac5afd3587a0b6d6cc7617fc75cdf6e16b7970c3f838f7c0ba6a,T5.2.3
seed_metric,higher_leakage_injection,202607162303,0.004,observed_leakage_alarm_rate,0.04155731201171875,,,whole_seed_trajectory_cluster,e6b57e2448bcac5afd3587a0b6d6cc7617fc75cdf6e16b7970c3f838f7c0ba6a,T5.2.3
seed_metric,higher_leakage_injection,202607162303,0.004,declared_normal_action_availability,0.9584426879882812,,,whole_seed_trajectory_cluster,e6b57e2448bcac5afd3587a0b6d6cc7617fc75cdf6e16b7970c3f838f7c0ba6a,T5.2.3
seed_metric,higher_leakage_injection,202607162303,0.004,safe_normal_action_availability,0.9562606811523438,,,whole_seed_trajectory_cluster,e6b57e2448bcac5afd3587a0b6d6cc7617fc75cdf6e16b7970c3f838f7c0ba6a,T5.2.3
seed_metric,higher_leakage_injection,202607162303,0.004,unsafe_declared_available_fraction,0.0021820068359375,,,whole_seed_trajectory_cluster,e6b57e2448bcac5afd3587a0b6d6cc7617fc75cdf6e16b7970c3f838f7c0ba6a,T5.2.3
seed_metric,higher_leakage_injection,202607162303,0.004,reset_requests_per_1000_cycles,83.1146240234375,,,whole_seed_trajectory_cluster,e6b57e2448bcac5afd3587a0b6d6cc7617fc75cdf6e16b7970c3f838f7c0ba6a,T5.2.3
seed_metric,higher_leakage_injection,202607162303,0.004,reset_attempts_per_1000_cycles,82.7178955078125,,,whole_seed_trajectory_cluster,e6b57e2448bcac5afd3587a0b6d6cc7617fc75cdf6e16b7970c3f838f7c0ba6a,T5.2.3
seed_metric,higher_leakage_injection,202607162303,0.004,empirical_reset_failure_probability,0.9065670540490685,,,whole_seed_trajectory_cluster,e6b57e2448bcac5afd3587a0b6d6cc7617fc75cdf6e16b7970c3f838f7c0ba6a,T5.2.3
seed_metric,higher_leakage_injection,202607162303,0.004,reset_failures_per_1000_cycles,74.98931884765625,,,whole_seed_trajectory_cluster,e6b57e2448bcac5afd3587a0b6d6cc7617fc75cdf6e16b7970c3f838f7c0ba6a,T5.2.3
seed_metric,higher_leakage_injection,202607162303,0.004,successful_resets_per_1000_cycles,7.72857666015625,,,whole_seed_trajectory_cluster,e6b57e2448bcac5afd3587a0b6d6cc7617fc75cdf6e16b7970c3f838f7c0ba6a,T5.2.3
seed_metric,higher_leakage_injection,202607162303,0.004,mean_hidden_leakage_run_steps,11.146484375,,,whole_seed_trajectory_cluster,e6b57e2448bcac5afd3587a0b6d6cc7617fc75cdf6e16b7970c3f838f7c0ba6a,T5.2.3
seed_metric,higher_leakage_injection,202607162303,0.004,p95_hidden_leakage_run_steps,32.0,,,whole_seed_trajectory_cluster,e6b57e2448bcac5afd3587a0b6d6cc7617fc75cdf6e16b7970c3f838f7c0ba6a,T5.2.3
seed_metric,higher_leakage_injection,202607162303,0.004,mean_short_lag_correlation,0.7533354897816608,,,whole_seed_trajectory_cluster,e6b57e2448bcac5afd3587a0b6d6cc7617fc75cdf6e16b7970c3f838f7c0ba6a,T5.2.3
seed_metric,higher_leakage_injection,202607162303,0.004,mean_long_lag_correlation,0.23117385289529602,,,whole_seed_trajectory_cluster,e6b57e2448bcac5afd3587a0b6d6cc7617fc75cdf6e16b7970c3f838f7c0ba6a,T5.2.3
seed_metric,higher_leakage_injection,202607162303,0.004,mean_long_lag_covariance,0.00921006934805195,,,whole_seed_trajectory_cluster,e6b57e2448bcac5afd3587a0b6d6cc7617fc75cdf6e16b7970c3f838f7c0ba6a,T5.2.3
channel_intervention,higher_leakage_injection,202607162304,0.0,channel_spec_sha256,7d61ab77777c967f172b09b118b5d572717049828938778f7dec874b7d8b824d,,,exactly_one_physical_channel_changes,529bcfae57e25cc67fae5031ee6f54f7436bcd4357db4b77ac182af6edf264f4,T5.2.3
seed_metric,higher_leakage_injection,202607162304,0.0,injection_episode_rate_per_1000_cycles,0.0,,,whole_seed_trajectory_cluster,529bcfae57e25cc67fae5031ee6f54f7436bcd4357db4b77ac182af6edf264f4,T5.2.3
seed_metric,higher_leakage_injection,202607162304,0.0,empirical_higher_injection_probability,0.0,,,whole_seed_trajectory_cluster,529bcfae57e25cc67fae5031ee6f54f7436bcd4357db4b77ac182af6edf264f4,T5.2.3
seed_metric,higher_leakage_injection,202607162304,0.0,detection_probability,,,,NOT_APPLICABLE_NO_TRUE_EPISODES,529bcfae57e25cc67fae5031ee6f54f7436bcd4357db4b77ac182af6edf264f4,T5.2.3
seed_metric,higher_leakage_injection,202607162304,0.0,mean_detection_delay_steps,,,,NOT_APPLICABLE_NO_TRUE_EPISODES,529bcfae57e25cc67fae5031ee6f54f7436bcd4357db4b77ac182af6edf264f4,T5.2.3
seed_metric,higher_leakage_injection,202607162304,0.0,p95_detection_delay_steps,,,,NOT_APPLICABLE_NO_TRUE_EPISODES,529bcfae57e25cc67fae5031ee6f54f7436bcd4357db4b77ac182af6edf264f4,T5.2.3
seed_metric,higher_leakage_injection,202607162304,0.0,false_alarm_rate_per_healthy_step,0.000202178955078125,,,whole_seed_trajectory_cluster,529bcfae57e25cc67fae5031ee6f54f7436bcd4357db4b77ac182af6edf264f4,T5.2.3
seed_metric,higher_leakage_injection,202607162304,0.0,false_negative_rate_per_leakage_step,,,,NOT_APPLICABLE_NO_TRUE_EPISODES,529bcfae57e25cc67fae5031ee6f54f7436bcd4357db4b77ac182af6edf264f4,T5.2.3
seed_metric,higher_leakage_injection,202607162304,0.0,hidden_leakage_occupancy,0.0,,,whole_seed_trajectory_cluster,529bcfae57e25cc67fae5031ee6f54f7436bcd4357db4b77ac182af6edf264f4,T5.2.3
seed_metric,higher_leakage_injection,202607162304,0.0,observed_leakage_alarm_rate,0.000202178955078125,,,whole_seed_trajectory_cluster,529bcfae57e25cc67fae5031ee6f54f7436bcd4357db4b77ac182af6edf264f4,T5.2.3
seed_metric,higher_leakage_injection,202607162304,0.0,declared_normal_action_availability,0.9997978210449219,,,whole_seed_trajectory_cluster,529bcfae57e25cc67fae5031ee6f54f7436bcd4357db4b77ac182af6edf264f4,T5.2.3
seed_metric,higher_leakage_injection,202607162304,0.0,safe_normal_action_availability,0.9997978210449219,,,whole_seed_trajectory_cluster,529bcfae57e25cc67fae5031ee6f54f7436bcd4357db4b77ac182af6edf264f4,T5.2.3
seed_metric,higher_leakage_injection,202607162304,0.0,unsafe_declared_available_fraction,0.0,,,whole_seed_trajectory_cluster,529bcfae57e25cc67fae5031ee6f54f7436bcd4357db4b77ac182af6edf264f4,T5.2.3
seed_metric,higher_leakage_injection,202607162304,0.0,reset_requests_per_1000_cycles,0.40435791015625,,,whole_seed_trajectory_cluster,529bcfae57e25cc67fae5031ee6f54f7436bcd4357db4b77ac182af6edf264f4,T5.2.3
seed_metric,higher_leakage_injection,202607162304,0.0,reset_attempts_per_1000_cycles,0.0,,,whole_seed_trajectory_cluster,529bcfae57e25cc67fae5031ee6f54f7436bcd4357db4b77ac182af6edf264f4,T5.2.3
seed_metric,higher_leakage_injection,202607162304,0.0,empirical_reset_failure_probability,,,,NOT_APPLICABLE_NO_TRUE_EPISODES,529bcfae57e25cc67fae5031ee6f54f7436bcd4357db4b77ac182af6edf264f4,T5.2.3
seed_metric,higher_leakage_injection,202607162304,0.0,reset_failures_per_1000_cycles,0.0,,,whole_seed_trajectory_cluster,529bcfae57e25cc67fae5031ee6f54f7436bcd4357db4b77ac182af6edf264f4,T5.2.3
seed_metric,higher_leakage_injection,202607162304,0.0,successful_resets_per_1000_cycles,0.0,,,whole_seed_trajectory_cluster,529bcfae57e25cc67fae5031ee6f54f7436bcd4357db4b77ac182af6edf264f4,T5.2.3
seed_metric,higher_leakage_injection,202607162304,0.0,mean_hidden_leakage_run_steps,,,,NOT_APPLICABLE_NO_TRUE_EPISODES,529bcfae57e25cc67fae5031ee6f54f7436bcd4357db4b77ac182af6edf264f4,T5.2.3
seed_metric,higher_leakage_injection,202607162304,0.0,p95_hidden_leakage_run_steps,,,,NOT_APPLICABLE_NO_TRUE_EPISODES,529bcfae57e25cc67fae5031ee6f54f7436bcd4357db4b77ac182af6edf264f4,T5.2.3
seed_metric,higher_leakage_injection,202607162304,0.0,mean_short_lag_correlation,-0.00020204050116675166,,,whole_seed_trajectory_cluster,529bcfae57e25cc67fae5031ee6f54f7436bcd4357db4b77ac182af6edf264f4,T5.2.3
seed_metric,higher_leakage_injection,202607162304,0.0,mean_long_lag_correlation,-0.0002033892923212968,,,whole_seed_trajectory_cluster,529bcfae57e25cc67fae5031ee6f54f7436bcd4357db4b77ac182af6edf264f4,T5.2.3
seed_metric,higher_leakage_injection,202607162304,0.0,mean_long_lag_covariance,-4.135181002342364e-08,,,whole_seed_trajectory_cluster,529bcfae57e25cc67fae5031ee6f54f7436bcd4357db4b77ac182af6edf264f4,T5.2.3
channel_intervention,higher_leakage_injection,202607162304,0.00025,channel_spec_sha256,a5f949dd0f1893e243a92822beec343c88be56f7c9c3529d3ca723584e4f34ce,,,exactly_one_physical_channel_changes,7642262228ed3d43918ab00d7e270cc300f39754e40f10aa89405a150ffa30d5,T5.2.3
seed_metric,higher_leakage_injection,202607162304,0.00025,injection_episode_rate_per_1000_cycles,0.54168701171875,,,whole_seed_trajectory_cluster,7642262228ed3d43918ab00d7e270cc300f39754e40f10aa89405a150ffa30d5,T5.2.3
seed_metric,higher_leakage_injection,202607162304,0.00025,empirical_higher_injection_probability,0.0002725402284731605,,,whole_seed_trajectory_cluster,7642262228ed3d43918ab00d7e270cc300f39754e40f10aa89405a150ffa30d5,T5.2.3
seed_metric,higher_leakage_injection,202607162304,0.00025,detection_probability,1.0,,,whole_seed_trajectory_cluster,7642262228ed3d43918ab00d7e270cc300f39754e40f10aa89405a150ffa30d5,T5.2.3
seed_metric,higher_leakage_injection,202607162304,0.00025,mean_detection_delay_steps,0.056338028169014086,,,whole_seed_trajectory_cluster,7642262228ed3d43918ab00d7e270cc300f39754e40f10aa89405a150ffa30d5,T5.2.3
seed_metric,higher_leakage_injection,202607162304,0.00025,p95_detection_delay_steps,0.5,,,whole_seed_trajectory_cluster,7642262228ed3d43918ab00d7e270cc300f39754e40f10aa89405a150ffa30d5,T5.2.3
seed_metric,higher_leakage_injection,202607162304,0.00025,false_alarm_rate_per_healthy_step,0.00020295626866814737,,,whole_seed_trajectory_cluster,7642262228ed3d43918ab00d7e270cc300f39754e40f10aa89405a150ffa30d5,T5.2.3
seed_metric,higher_leakage_injection,202607162304,0.00025,false_negative_rate_per_leakage_step,0.04282868525896414,,,whole_seed_trajectory_cluster,7642262228ed3d43918ab00d7e270cc300f39754e40f10aa89405a150ffa30d5,T5.2.3
seed_metric,higher_leakage_injection,202607162304,0.00025,hidden_leakage_occupancy,0.0038299560546875,,,whole_seed_trajectory_cluster,7642262228ed3d43918ab00d7e270cc300f39754e40f10aa89405a150ffa30d5,T5.2.3
seed_metric,higher_leakage_injection,202607162304,0.00025,observed_leakage_alarm_rate,0.00386810302734375,,,whole_seed_trajectory_cluster,7642262228ed3d43918ab00d7e270cc300f39754e40f10aa89405a150ffa30d5,T5.2.3
seed_metric,higher_leakage_injection,202607162304,0.00025,declared_normal_action_availability,0.9961318969726562,,,whole_seed_trajectory_cluster,7642262228ed3d43918ab00d7e270cc300f39754e40f10aa89405a150ffa30d5,T5.2.3
seed_metric,higher_leakage_injection,202607162304,0.00025,safe_normal_action_availability,0.9959678649902344,,,whole_seed_trajectory_cluster,7642262228ed3d43918ab00d7e270cc300f39754e40f10aa89405a150ffa30d5,T5.2.3
seed_metric,higher_leakage_injection,202607162304,0.00025,unsafe_declared_available_fraction,0.000164031982421875,,,whole_seed_trajectory_cluster,7642262228ed3d43918ab00d7e270cc300f39754e40f10aa89405a150ffa30d5,T5.2.3
seed_metric,higher_leakage_injection,202607162304,0.00025,reset_requests_per_1000_cycles,7.7362060546875,,,whole_seed_trajectory_cluster,7642262228ed3d43918ab00d7e270cc300f39754e40f10aa89405a150ffa30d5,T5.2.3
seed_metric,higher_leakage_injection,202607162304,0.00025,reset_attempts_per_1000_cycles,7.33184814453125,,,whole_seed_trajectory_cluster,7642262228ed3d43918ab00d7e270cc300f39754e40f10aa89405a150ffa30d5,T5.2.3
seed_metric,higher_leakage_injection,202607162304,0.00025,empirical_reset_failure_probability,0.9240374609781478,,,whole_seed_trajectory_cluster,7642262228ed3d43918ab00d7e270cc300f39754e40f10aa89405a150ffa30d5,T5.2.3
seed_metric,higher_leakage_injection,202607162304,0.00025,reset_failures_per_1000_cycles,6.77490234375,,,whole_seed_trajectory_cluster,7642262228ed3d43918ab00d7e270cc300f39754e40f10aa89405a150ffa30d5,T5.2.3
seed_metric,higher_leakage_injection,202607162304,0.00025,successful_resets_per_1000_cycles,0.55694580078125,,,whole_seed_trajectory_cluster,7642262228ed3d43918ab00d7e270cc300f39754e40f10aa89405a150ffa30d5,T5.2.3
seed_metric,higher_leakage_injection,202607162304,0.00025,mean_hidden_leakage_run_steps,13.753424657534246,,,whole_seed_trajectory_cluster,7642262228ed3d43918ab00d7e270cc300f39754e40f10aa89405a150ffa30d5,T5.2.3
seed_metric,higher_leakage_injection,202607162304,0.00025,p95_hidden_leakage_run_steps,33.79999999999998,,,whole_seed_trajectory_cluster,7642262228ed3d43918ab00d7e270cc300f39754e40f10aa89405a150ffa30d5,T5.2.3
seed_metric,higher_leakage_injection,202607162304,0.00025,mean_short_lag_correlation,0.7649101568265461,,,whole_seed_trajectory_cluster,7642262228ed3d43918ab00d7e270cc300f39754e40f10aa89405a150ffa30d5,T5.2.3
seed_metric,higher_leakage_injection,202607162304,0.00025,mean_long_lag_correlation,0.24955754454447984,,,whole_seed_trajectory_cluster,7642262228ed3d43918ab00d7e270cc300f39754e40f10aa89405a150ffa30d5,T5.2.3
seed_metric,higher_leakage_injection,202607162304,0.00025,mean_long_lag_covariance,0.0009662916914541124,,,whole_seed_trajectory_cluster,7642262228ed3d43918ab00d7e270cc300f39754e40f10aa89405a150ffa30d5,T5.2.3
channel_intervention,higher_leakage_injection,202607162304,0.0005,channel_spec_sha256,26caa5856dd0a98d2fcf7cc731c98d9fa0ccf05690e32b7a0bdea9b83da1822b,,,exactly_one_physical_channel_changes,420ca057825da74bf11268b71d577e6a576c964a8adef1e5ef25141a33ad44b6,T5.2.3
seed_metric,higher_leakage_injection,202607162304,0.0005,injection_episode_rate_per_1000_cycles,1.0223388671875,,,whole_seed_trajectory_cluster,420ca057825da74bf11268b71d577e6a576c964a8adef1e5ef25141a33ad44b6,T5.2.3
seed_metric,higher_leakage_injection,202607162304,0.0005,empirical_higher_injection_probability,0.000515664264081675,,,whole_seed_trajectory_cluster,420ca057825da74bf11268b71d577e6a576c964a8adef1e5ef25141a33ad44b6,T5.2.3
seed_metric,higher_leakage_injection,202607162304,0.0005,detection_probability,1.0,,,whole_seed_trajectory_cluster,420ca057825da74bf11268b71d577e6a576c964a8adef1e5ef25141a33ad44b6,T5.2.3
seed_metric,higher_leakage_injection,202607162304,0.0005,mean_detection_delay_steps,0.06716417910447761,,,whole_seed_trajectory_cluster,420ca057825da74bf11268b71d577e6a576c964a8adef1e5ef25141a33ad44b6,T5.2.3
seed_metric,higher_leakage_injection,202607162304,0.0005,p95_detection_delay_steps,1.0,,,whole_seed_trajectory_cluster,420ca057825da74bf11268b71d577e6a576c964a8adef1e5ef25141a33ad44b6,T5.2.3
seed_metric,higher_leakage_injection,202607162304,0.0005,false_alarm_rate_per_healthy_step,0.00020351583199576073,,,whole_seed_trajectory_cluster,420ca057825da74bf11268b71d577e6a576c964a8adef1e5ef25141a33ad44b6,T5.2.3
seed_metric,higher_leakage_injection,202607162304,0.0005,false_negative_rate_per_leakage_step,0.04587688734030197,,,whole_seed_trajectory_cluster,420ca057825da74bf11268b71d577e6a576c964a8adef1e5ef25141a33ad44b6,T5.2.3
seed_metric,higher_leakage_injection,202607162304,0.0005,hidden_leakage_occupancy,0.00656890869140625,,,whole_seed_trajectory_cluster,420ca057825da74bf11268b71d577e6a576c964a8adef1e5ef25141a33ad44b6,T5.2.3
seed_metric,higher_leakage_injection,202607162304,0.0005,observed_leakage_alarm_rate,0.0064697265625,,,whole_seed_trajectory_cluster,420ca057825da74bf11268b71d577e6a576c964a8adef1e5ef25141a33ad44b6,T5.2.3
seed_metric,higher_leakage_injection,202607162304,0.0005,declared_normal_action_availability,0.9935302734375,,,whole_seed_trajectory_cluster,420ca057825da74bf11268b71d577e6a576c964a8adef1e5ef25141a33ad44b6,T5.2.3
seed_metric,higher_leakage_injection,202607162304,0.0005,safe_normal_action_availability,0.9932289123535156,,,whole_seed_trajectory_cluster,420ca057825da74bf11268b71d577e6a576c964a8adef1e5ef25141a33ad44b6,T5.2.3
seed_metric,higher_leakage_injection,202607162304,0.0005,unsafe_declared_available_fraction,0.000301361083984375,,,whole_seed_trajectory_cluster,420ca057825da74bf11268b71d577e6a576c964a8adef1e5ef25141a33ad44b6,T5.2.3
seed_metric,higher_leakage_injection,202607162304,0.0005,reset_requests_per_1000_cycles,12.939453125,,,whole_seed_trajectory_cluster,420ca057825da74bf11268b71d577e6a576c964a8adef1e5ef25141a33ad44b6,T5.2.3
seed_metric,higher_leakage_injection,202607162304,0.0005,reset_attempts_per_1000_cycles,12.53509521484375,,,whole_seed_trajectory_cluster,420ca057825da74bf11268b71d577e6a576c964a8adef1e5ef25141a33ad44b6,T5.2.3
seed_metric,higher_leakage_injection,202607162304,0.0005,empirical_reset_failure_probability,0.9178332318928789,,,whole_seed_trajectory_cluster,420ca057825da74bf11268b71d577e6a576c964a8adef1e5ef25141a33ad44b6,T5.2.3
seed_metric,higher_leakage_injection,202607162304,0.0005,reset_failures_per_1000_cycles,11.505126953125,,,whole_seed_trajectory_cluster,420ca057825da74bf11268b71d577e6a576c964a8adef1e5ef25141a33ad44b6,T5.2.3
seed_metric,higher_leakage_injection,202607162304,0.0005,successful_resets_per_1000_cycles,1.02996826171875,,,whole_seed_trajectory_cluster,420ca057825da74bf11268b71d577e6a576c964a8adef1e5ef25141a33ad44b6,T5.2.3
seed_metric,higher_leakage_injection,202607162304,0.0005,mean_hidden_leakage_run_steps,12.661764705882353,,,whole_seed_trajectory_cluster,420ca057825da74bf11268b71d577e6a576c964a8adef1e5ef25141a33ad44b6,T5.2.3
seed_metric,higher_leakage_injection,202607162304,0.0005,p95_hidden_leakage_run_steps,31.5,,,whole_seed_trajectory_cluster,420ca057825da74bf11268b71d577e6a576c964a8adef1e5ef25141a33ad44b6,T5.2.3
seed_metric,higher_leakage_injection,202607162304,0.0005,mean_short_lag_correlation,0.7671304703746383,,,whole_seed_trajectory_cluster,420ca057825da74bf11268b71d577e6a576c964a8adef1e5ef25141a33ad44b6,T5.2.3
seed_metric,higher_leakage_injection,202607162304,0.0005,mean_long_lag_correlation,0.2416131699334638,,,whole_seed_trajectory_cluster,420ca057825da74bf11268b71d577e6a576c964a8adef1e5ef25141a33ad44b6,T5.2.3
seed_metric,higher_leakage_injection,202607162304,0.0005,mean_long_lag_covariance,0.0015580236275377828,,,whole_seed_trajectory_cluster,420ca057825da74bf11268b71d577e6a576c964a8adef1e5ef25141a33ad44b6,T5.2.3
channel_intervention,higher_leakage_injection,202607162304,0.001,channel_spec_sha256,df202c33efdc80992db2a2ea6bcdc728b1f59d490135a90d21c33f3a287fc9bd,,,exactly_one_physical_channel_changes,46a2f4c200f61d6b3b67e2b7f158b7cf104b2dc17bec517d8182a135382b3fa3,T5.2.3
seed_metric,higher_leakage_injection,202607162304,0.001,injection_episode_rate_per_1000_cycles,1.96075439453125,,,whole_seed_trajectory_cluster,46a2f4c200f61d6b3b67e2b7f158b7cf104b2dc17bec517d8182a135382b3fa3,T5.2.3
seed_metric,higher_leakage_injection,202607162304,0.001,empirical_higher_injection_probability,0.000994231907493878,,,whole_seed_trajectory_cluster,46a2f4c200f61d6b3b67e2b7f158b7cf104b2dc17bec517d8182a135382b3fa3,T5.2.3
seed_metric,higher_leakage_injection,202607162304,0.001,detection_probability,1.0,,,whole_seed_trajectory_cluster,46a2f4c200f61d6b3b67e2b7f158b7cf104b2dc17bec517d8182a135382b3fa3,T5.2.3
seed_metric,higher_leakage_injection,202607162304,0.001,mean_detection_delay_steps,0.042801556420233464,,,whole_seed_trajectory_cluster,46a2f4c200f61d6b3b67e2b7f158b7cf104b2dc17bec517d8182a135382b3fa3,T5.2.3
seed_metric,higher_leakage_injection,202607162304,0.001,p95_detection_delay_steps,0.0,,,whole_seed_trajectory_cluster,46a2f4c200f61d6b3b67e2b7f158b7cf104b2dc17bec517d8182a135382b3fa3,T5.2.3
seed_metric,higher_leakage_injection,202607162304,0.001,false_alarm_rate_per_healthy_step,0.00020469405962390364,,,whole_seed_trajectory_cluster,46a2f4c200f61d6b3b67e2b7f158b7cf104b2dc17bec517d8182a135382b3fa3,T5.2.3
seed_metric,higher_leakage_injection,202607162304,0.001,false_negative_rate_per_leakage_step,0.04501707544240919,,,whole_seed_trajectory_cluster,46a2f4c200f61d6b3b67e2b7f158b7cf104b2dc17bec517d8182a135382b3fa3,T5.2.3
seed_metric,higher_leakage_injection,202607162304,0.001,hidden_leakage_occupancy,0.012287139892578125,,,whole_seed_trajectory_cluster,46a2f4c200f61d6b3b67e2b7f158b7cf104b2dc17bec517d8182a135382b3fa3,T5.2.3
seed_metric,higher_leakage_injection,202607162304,0.001,observed_leakage_alarm_rate,0.011936187744140625,,,whole_seed_trajectory_cluster,46a2f4c200f61d6b3b67e2b7f158b7cf104b2dc17bec517d8182a135382b3fa3,T5.2.3
seed_metric,higher_leakage_injection,202607162304,0.001,declared_normal_action_availability,0.9880638122558594,,,whole_seed_trajectory_cluster,46a2f4c200f61d6b3b67e2b7f158b7cf104b2dc17bec517d8182a135382b3fa3,T5.2.3
seed_metric,higher_leakage_injection,202607162304,0.001,safe_normal_action_availability,0.9875106811523438,,,whole_seed_trajectory_cluster,46a2f4c200f61d6b3b67e2b7f158b7cf104b2dc17bec517d8182a135382b3fa3,T5.2.3
seed_metric,higher_leakage_injection,202607162304,0.001,unsafe_declared_available_fraction,0.000553131103515625,,,whole_seed_trajectory_cluster,46a2f4c200f61d6b3b67e2b7f158b7cf104b2dc17bec517d8182a135382b3fa3,T5.2.3
seed_metric,higher_leakage_injection,202607162304,0.001,reset_requests_per_1000_cycles,23.87237548828125,,,whole_seed_trajectory_cluster,46a2f4c200f61d6b3b67e2b7f158b7cf104b2dc17bec517d8182a135382b3fa3,T5.2.3
seed_metric,higher_leakage_injection,202607162304,0.001,reset_attempts_per_1000_cycles,23.468017578125,,,whole_seed_trajectory_cluster,46a2f4c200f61d6b3b67e2b7f158b7cf104b2dc17bec517d8182a135382b3fa3,T5.2.3
seed_metric,higher_leakage_injection,202607162304,0.001,empirical_reset_failure_probability,0.9154746423927178,,,whole_seed_trajectory_cluster,46a2f4c200f61d6b3b67e2b7f158b7cf104b2dc17bec517d8182a135382b3fa3,T5.2.3
seed_metric,higher_leakage_injection,202607162304,0.001,reset_failures_per_1000_cycles,21.484375,,,whole_seed_trajectory_cluster,46a2f4c200f61d6b3b67e2b7f158b7cf104b2dc17bec517d8182a135382b3fa3,T5.2.3
seed_metric,higher_leakage_injection,202607162304,0.001,successful_resets_per_1000_cycles,1.983642578125,,,whole_seed_trajectory_cluster,46a2f4c200f61d6b3b67e2b7f158b7cf104b2dc17bec517d8182a135382b3fa3,T5.2.3
seed_metric,higher_leakage_injection,202607162304,0.001,mean_hidden_leakage_run_steps,12.388461538461538,,,whole_seed_trajectory_cluster,46a2f4c200f61d6b3b67e2b7f158b7cf104b2dc17bec517d8182a135382b3fa3,T5.2.3
seed_metric,higher_leakage_injection,202607162304,0.001,p95_hidden_leakage_run_steps,34.0,,,whole_seed_trajectory_cluster,46a2f4c200f61d6b3b67e2b7f158b7cf104b2dc17bec517d8182a135382b3fa3,T5.2.3
seed_metric,higher_leakage_injection,202607162304,0.001,mean_short_lag_correlation,0.7735119827200633,,,whole_seed_trajectory_cluster,46a2f4c200f61d6b3b67e2b7f158b7cf104b2dc17bec517d8182a135382b3fa3,T5.2.3
seed_metric,higher_leakage_injection,202607162304,0.001,mean_long_lag_correlation,0.2497267311746917,,,whole_seed_trajectory_cluster,46a2f4c200f61d6b3b67e2b7f158b7cf104b2dc17bec517d8182a135382b3fa3,T5.2.3
seed_metric,higher_leakage_injection,202607162304,0.001,mean_long_lag_covariance,0.002955874167909904,,,whole_seed_trajectory_cluster,46a2f4c200f61d6b3b67e2b7f158b7cf104b2dc17bec517d8182a135382b3fa3,T5.2.3
channel_intervention,higher_leakage_injection,202607162304,0.002,channel_spec_sha256,f5fd03ea5c93871bdde8860cba5abd0a731b406babfb5e4d22da0937c9930dc0,,,exactly_one_physical_channel_changes,db9c5219e754b6822750f085c8e5f934a1cce69f9dc6333db965f26eab639e26,T5.2.3
seed_metric,higher_leakage_injection,202607162304,0.002,injection_episode_rate_per_1000_cycles,3.7384033203125,,,whole_seed_trajectory_cluster,db9c5219e754b6822750f085c8e5f934a1cce69f9dc6333db965f26eab639e26,T5.2.3
seed_metric,higher_leakage_injection,202607162304,0.002,empirical_higher_injection_probability,0.0019113969971563094,,,whole_seed_trajectory_cluster,db9c5219e754b6822750f085c8e5f934a1cce69f9dc6333db965f26eab639e26,T5.2.3
seed_metric,higher_leakage_injection,202607162304,0.002,detection_probability,1.0,,,whole_seed_trajectory_cluster,db9c5219e754b6822750f085c8e5f934a1cce69f9dc6333db965f26eab639e26,T5.2.3
seed_metric,higher_leakage_injection,202607162304,0.002,mean_detection_delay_steps,0.04285714285714286,,,whole_seed_trajectory_cluster,db9c5219e754b6822750f085c8e5f934a1cce69f9dc6333db965f26eab639e26,T5.2.3
seed_metric,higher_leakage_injection,202607162304,0.002,p95_detection_delay_steps,0.0,,,whole_seed_trajectory_cluster,db9c5219e754b6822750f085c8e5f934a1cce69f9dc6333db965f26eab639e26,T5.2.3
seed_metric,higher_leakage_injection,202607162304,0.002,false_alarm_rate_per_healthy_step,0.0002065890203782528,,,whole_seed_trajectory_cluster,db9c5219e754b6822750f085c8e5f934a1cce69f9dc6333db965f26eab639e26,T5.2.3
seed_metric,higher_leakage_injection,202607162304,0.002,false_negative_rate_per_leakage_step,0.04592566118656183,,,whole_seed_trajectory_cluster,db9c5219e754b6822750f085c8e5f934a1cce69f9dc6333db965f26eab639e26,T5.2.3
seed_metric,higher_leakage_injection,202607162304,0.002,hidden_leakage_occupancy,0.0213470458984375,,,whole_seed_trajectory_cluster,db9c5219e754b6822750f085c8e5f934a1cce69f9dc6333db965f26eab639e26,T5.2.3
seed_metric,higher_leakage_injection,202607162304,0.002,observed_leakage_alarm_rate,0.02056884765625,,,whole_seed_trajectory_cluster,db9c5219e754b6822750f085c8e5f934a1cce69f9dc6333db965f26eab639e26,T5.2.3
seed_metric,higher_leakage_injection,202607162304,0.002,declared_normal_action_availability,0.97943115234375,,,whole_seed_trajectory_cluster,db9c5219e754b6822750f085c8e5f934a1cce69f9dc6333db965f26eab639e26,T5.2.3
seed_metric,higher_leakage_injection,202607162304,0.002,safe_normal_action_availability,0.9784507751464844,,,whole_seed_trajectory_cluster,db9c5219e754b6822750f085c8e5f934a1cce69f9dc6333db965f26eab639e26,T5.2.3
seed_metric,higher_leakage_injection,202607162304,0.002,unsafe_declared_available_fraction,0.000980377197265625,,,whole_seed_trajectory_cluster,db9c5219e754b6822750f085c8e5f934a1cce69f9dc6333db965f26eab639e26,T5.2.3
seed_metric,higher_leakage_injection,202607162304,0.002,reset_requests_per_1000_cycles,41.1376953125,,,whole_seed_trajectory_cluster,db9c5219e754b6822750f085c8e5f934a1cce69f9dc6333db965f26eab639e26,T5.2.3
seed_metric,higher_leakage_injection,202607162304,0.002,reset_attempts_per_1000_cycles,40.73333740234375,,,whole_seed_trajectory_cluster,db9c5219e754b6822750f085c8e5f934a1cce69f9dc6333db965f26eab639e26,T5.2.3
seed_metric,higher_leakage_injection,202607162304,0.002,empirical_reset_failure_probability,0.9078479115939314,,,whole_seed_trajectory_cluster,db9c5219e754b6822750f085c8e5f934a1cce69f9dc6333db965f26eab639e26,T5.2.3
seed_metric,higher_leakage_injection,202607162304,0.002,reset_failures_per_1000_cycles,36.97967529296875,,,whole_seed_trajectory_cluster,db9c5219e754b6822750f085c8e5f934a1cce69f9dc6333db965f26eab639e26,T5.2.3
seed_metric,higher_leakage_injection,202607162304,0.002,successful_resets_per_1000_cycles,3.753662109375,,,whole_seed_trajectory_cluster,db9c5219e754b6822750f085c8e5f934a1cce69f9dc6333db965f26eab639e26,T5.2.3
seed_metric,higher_leakage_injection,202607162304,0.002,mean_hidden_leakage_run_steps,11.327935222672064,,,whole_seed_trajectory_cluster,db9c5219e754b6822750f085c8e5f934a1cce69f9dc6333db965f26eab639e26,T5.2.3
seed_metric,higher_leakage_injection,202607162304,0.002,p95_hidden_leakage_run_steps,32.0,,,whole_seed_trajectory_cluster,db9c5219e754b6822750f085c8e5f934a1cce69f9dc6333db965f26eab639e26,T5.2.3
seed_metric,higher_leakage_injection,202607162304,0.002,mean_short_lag_correlation,0.7612664152519355,,,whole_seed_trajectory_cluster,db9c5219e754b6822750f085c8e5f934a1cce69f9dc6333db965f26eab639e26,T5.2.3
seed_metric,higher_leakage_injection,202607162304,0.002,mean_long_lag_correlation,0.22970282515092103,,,whole_seed_trajectory_cluster,db9c5219e754b6822750f085c8e5f934a1cce69f9dc6333db965f26eab639e26,T5.2.3
seed_metric,higher_leakage_injection,202607162304,0.002,mean_long_lag_covariance,0.004646851067233347,,,whole_seed_trajectory_cluster,db9c5219e754b6822750f085c8e5f934a1cce69f9dc6333db965f26eab639e26,T5.2.3
channel_intervention,higher_leakage_injection,202607162304,0.004,channel_spec_sha256,0f01501ebe5eb850566962eb943fbe42333f0560ee9403a3e0ac9dcfaf28dd41,,,exactly_one_physical_channel_changes,5c5600389c4bf9c3331073032b86690ddaa58b9830a020c6070af54b62989658,T5.2.3
seed_metric,higher_leakage_injection,202607162304,0.004,injection_episode_rate_per_1000_cycles,7.54547119140625,,,whole_seed_trajectory_cluster,5c5600389c4bf9c3331073032b86690ddaa58b9830a020c6070af54b62989658,T5.2.3
seed_metric,higher_leakage_injection,202607162304,0.004,empirical_higher_injection_probability,0.003935190711517496,,,whole_seed_trajectory_cluster,5c5600389c4bf9c3331073032b86690ddaa58b9830a020c6070af54b62989658,T5.2.3
seed_metric,higher_leakage_injection,202607162304,0.004,detection_probability,1.0,,,whole_seed_trajectory_cluster,5c5600389c4bf9c3331073032b86690ddaa58b9830a020c6070af54b62989658,T5.2.3
seed_metric,higher_leakage_injection,202607162304,0.004,mean_detection_delay_steps,0.046511627906976744,,,whole_seed_trajectory_cluster,5c5600389c4bf9c3331073032b86690ddaa58b9830a020c6070af54b62989658,T5.2.3
seed_metric,higher_leakage_injection,202607162304,0.004,p95_detection_delay_steps,0.0,,,whole_seed_trajectory_cluster,5c5600389c4bf9c3331073032b86690ddaa58b9830a020c6070af54b62989658,T5.2.3
seed_metric,higher_leakage_injection,202607162304,0.004,false_alarm_rate_per_healthy_step,0.00020717048936060015,,,whole_seed_trajectory_cluster,5c5600389c4bf9c3331073032b86690ddaa58b9830a020c6070af54b62989658,T5.2.3
seed_metric,higher_leakage_injection,202607162304,0.004,false_negative_rate_per_leakage_step,0.04971731131652158,,,whole_seed_trajectory_cluster,5c5600389c4bf9c3331073032b86690ddaa58b9830a020c6070af54b62989658,T5.2.3
seed_metric,higher_leakage_injection,202607162304,0.004,hidden_leakage_occupancy,0.042507171630859375,,,whole_seed_trajectory_cluster,5c5600389c4bf9c3331073032b86690ddaa58b9830a020c6070af54b62989658,T5.2.3
seed_metric,higher_leakage_injection,202607162304,0.004,observed_leakage_alarm_rate,0.040592193603515625,,,whole_seed_trajectory_cluster,5c5600389c4bf9c3331073032b86690ddaa58b9830a020c6070af54b62989658,T5.2.3
seed_metric,higher_leakage_injection,202607162304,0.004,declared_normal_action_availability,0.9594078063964844,,,whole_seed_trajectory_cluster,5c5600389c4bf9c3331073032b86690ddaa58b9830a020c6070af54b62989658,T5.2.3
seed_metric,higher_leakage_injection,202607162304,0.004,safe_normal_action_availability,0.9572944641113281,,,whole_seed_trajectory_cluster,5c5600389c4bf9c3331073032b86690ddaa58b9830a020c6070af54b62989658,T5.2.3
seed_metric,higher_leakage_injection,202607162304,0.004,unsafe_declared_available_fraction,0.00211334228515625,,,whole_seed_trajectory_cluster,5c5600389c4bf9c3331073032b86690ddaa58b9830a020c6070af54b62989658,T5.2.3
seed_metric,higher_leakage_injection,202607162304,0.004,reset_requests_per_1000_cycles,81.18438720703125,,,whole_seed_trajectory_cluster,5c5600389c4bf9c3331073032b86690ddaa58b9830a020c6070af54b62989658,T5.2.3
seed_metric,higher_leakage_injection,202607162304,0.004,reset_attempts_per_1000_cycles,80.78765869140625,,,whole_seed_trajectory_cluster,5c5600389c4bf9c3331073032b86690ddaa58b9830a020c6070af54b62989658,T5.2.3
seed_metric,higher_leakage_injection,202607162304,0.004,empirical_reset_failure_probability,0.9063178770422137,,,whole_seed_trajectory_cluster,5c5600389c4bf9c3331073032b86690ddaa58b9830a020c6070af54b62989658,T5.2.3
seed_metric,higher_leakage_injection,202607162304,0.004,reset_failures_per_1000_cycles,73.21929931640625,,,whole_seed_trajectory_cluster,5c5600389c4bf9c3331073032b86690ddaa58b9830a020c6070af54b62989658,T5.2.3
seed_metric,higher_leakage_injection,202607162304,0.004,successful_resets_per_1000_cycles,7.568359375,,,whole_seed_trajectory_cluster,5c5600389c4bf9c3331073032b86690ddaa58b9830a020c6070af54b62989658,T5.2.3
seed_metric,higher_leakage_injection,202607162304,0.004,mean_hidden_leakage_run_steps,11.187751004016064,,,whole_seed_trajectory_cluster,5c5600389c4bf9c3331073032b86690ddaa58b9830a020c6070af54b62989658,T5.2.3
seed_metric,higher_leakage_injection,202607162304,0.004,p95_hidden_leakage_run_steps,32.0,,,whole_seed_trajectory_cluster,5c5600389c4bf9c3331073032b86690ddaa58b9830a020c6070af54b62989658,T5.2.3
seed_metric,higher_leakage_injection,202607162304,0.004,mean_short_lag_correlation,0.7532399133738794,,,whole_seed_trajectory_cluster,5c5600389c4bf9c3331073032b86690ddaa58b9830a020c6070af54b62989658,T5.2.3
seed_metric,higher_leakage_injection,202607162304,0.004,mean_long_lag_correlation,0.22761437730433953,,,whole_seed_trajectory_cluster,5c5600389c4bf9c3331073032b86690ddaa58b9830a020c6070af54b62989658,T5.2.3
seed_metric,higher_leakage_injection,202607162304,0.004,mean_long_lag_covariance,0.008897222611208306,,,whole_seed_trajectory_cluster,5c5600389c4bf9c3331073032b86690ddaa58b9830a020c6070af54b62989658,T5.2.3
channel_intervention,higher_leakage_injection,202607162305,0.0,channel_spec_sha256,7d61ab77777c967f172b09b118b5d572717049828938778f7dec874b7d8b824d,,,exactly_one_physical_channel_changes,0ae9cbbd3cf8935ec9d7cbd799f142e084657dddb31a6ffabc2eb65c56ae5291,T5.2.3
seed_metric,higher_leakage_injection,202607162305,0.0,injection_episode_rate_per_1000_cycles,0.0,,,whole_seed_trajectory_cluster,0ae9cbbd3cf8935ec9d7cbd799f142e084657dddb31a6ffabc2eb65c56ae5291,T5.2.3
seed_metric,higher_leakage_injection,202607162305,0.0,empirical_higher_injection_probability,0.0,,,whole_seed_trajectory_cluster,0ae9cbbd3cf8935ec9d7cbd799f142e084657dddb31a6ffabc2eb65c56ae5291,T5.2.3
seed_metric,higher_leakage_injection,202607162305,0.0,detection_probability,,,,NOT_APPLICABLE_NO_TRUE_EPISODES,0ae9cbbd3cf8935ec9d7cbd799f142e084657dddb31a6ffabc2eb65c56ae5291,T5.2.3
seed_metric,higher_leakage_injection,202607162305,0.0,mean_detection_delay_steps,,,,NOT_APPLICABLE_NO_TRUE_EPISODES,0ae9cbbd3cf8935ec9d7cbd799f142e084657dddb31a6ffabc2eb65c56ae5291,T5.2.3
seed_metric,higher_leakage_injection,202607162305,0.0,p95_detection_delay_steps,,,,NOT_APPLICABLE_NO_TRUE_EPISODES,0ae9cbbd3cf8935ec9d7cbd799f142e084657dddb31a6ffabc2eb65c56ae5291,T5.2.3
seed_metric,higher_leakage_injection,202607162305,0.0,false_alarm_rate_per_healthy_step,0.000225067138671875,,,whole_seed_trajectory_cluster,0ae9cbbd3cf8935ec9d7cbd799f142e084657dddb31a6ffabc2eb65c56ae5291,T5.2.3
seed_metric,higher_leakage_injection,202607162305,0.0,false_negative_rate_per_leakage_step,,,,NOT_APPLICABLE_NO_TRUE_EPISODES,0ae9cbbd3cf8935ec9d7cbd799f142e084657dddb31a6ffabc2eb65c56ae5291,T5.2.3
seed_metric,higher_leakage_injection,202607162305,0.0,hidden_leakage_occupancy,0.0,,,whole_seed_trajectory_cluster,0ae9cbbd3cf8935ec9d7cbd799f142e084657dddb31a6ffabc2eb65c56ae5291,T5.2.3
seed_metric,higher_leakage_injection,202607162305,0.0,observed_leakage_alarm_rate,0.000225067138671875,,,whole_seed_trajectory_cluster,0ae9cbbd3cf8935ec9d7cbd799f142e084657dddb31a6ffabc2eb65c56ae5291,T5.2.3
seed_metric,higher_leakage_injection,202607162305,0.0,declared_normal_action_availability,0.9997749328613281,,,whole_seed_trajectory_cluster,0ae9cbbd3cf8935ec9d7cbd799f142e084657dddb31a6ffabc2eb65c56ae5291,T5.2.3
seed_metric,higher_leakage_injection,202607162305,0.0,safe_normal_action_availability,0.9997749328613281,,,whole_seed_trajectory_cluster,0ae9cbbd3cf8935ec9d7cbd799f142e084657dddb31a6ffabc2eb65c56ae5291,T5.2.3
seed_metric,higher_leakage_injection,202607162305,0.0,unsafe_declared_available_fraction,0.0,,,whole_seed_trajectory_cluster,0ae9cbbd3cf8935ec9d7cbd799f142e084657dddb31a6ffabc2eb65c56ae5291,T5.2.3
seed_metric,higher_leakage_injection,202607162305,0.0,reset_requests_per_1000_cycles,0.45013427734375,,,whole_seed_trajectory_cluster,0ae9cbbd3cf8935ec9d7cbd799f142e084657dddb31a6ffabc2eb65c56ae5291,T5.2.3
seed_metric,higher_leakage_injection,202607162305,0.0,reset_attempts_per_1000_cycles,0.0,,,whole_seed_trajectory_cluster,0ae9cbbd3cf8935ec9d7cbd799f142e084657dddb31a6ffabc2eb65c56ae5291,T5.2.3
seed_metric,higher_leakage_injection,202607162305,0.0,empirical_reset_failure_probability,,,,NOT_APPLICABLE_NO_TRUE_EPISODES,0ae9cbbd3cf8935ec9d7cbd799f142e084657dddb31a6ffabc2eb65c56ae5291,T5.2.3
seed_metric,higher_leakage_injection,202607162305,0.0,reset_failures_per_1000_cycles,0.0,,,whole_seed_trajectory_cluster,0ae9cbbd3cf8935ec9d7cbd799f142e084657dddb31a6ffabc2eb65c56ae5291,T5.2.3
seed_metric,higher_leakage_injection,202607162305,0.0,successful_resets_per_1000_cycles,0.0,,,whole_seed_trajectory_cluster,0ae9cbbd3cf8935ec9d7cbd799f142e084657dddb31a6ffabc2eb65c56ae5291,T5.2.3
seed_metric,higher_leakage_injection,202607162305,0.0,mean_hidden_leakage_run_steps,,,,NOT_APPLICABLE_NO_TRUE_EPISODES,0ae9cbbd3cf8935ec9d7cbd799f142e084657dddb31a6ffabc2eb65c56ae5291,T5.2.3
seed_metric,higher_leakage_injection,202607162305,0.0,p95_hidden_leakage_run_steps,,,,NOT_APPLICABLE_NO_TRUE_EPISODES,0ae9cbbd3cf8935ec9d7cbd799f142e084657dddb31a6ffabc2eb65c56ae5291,T5.2.3
seed_metric,higher_leakage_injection,202607162305,0.0,mean_short_lag_correlation,-0.00022563239314249832,,,whole_seed_trajectory_cluster,0ae9cbbd3cf8935ec9d7cbd799f142e084657dddb31a6ffabc2eb65c56ae5291,T5.2.3
seed_metric,higher_leakage_injection,202607162305,0.0,mean_long_lag_correlation,-0.0002260495559242,,,whole_seed_trajectory_cluster,0ae9cbbd3cf8935ec9d7cbd799f142e084657dddb31a6ffabc2eb65c56ae5291,T5.2.3
seed_metric,higher_leakage_injection,202607162305,0.0,mean_long_lag_covariance,-5.107808766631614e-08,,,whole_seed_trajectory_cluster,0ae9cbbd3cf8935ec9d7cbd799f142e084657dddb31a6ffabc2eb65c56ae5291,T5.2.3
channel_intervention,higher_leakage_injection,202607162305,0.00025,channel_spec_sha256,a5f949dd0f1893e243a92822beec343c88be56f7c9c3529d3ca723584e4f34ce,,,exactly_one_physical_channel_changes,3aa93e8b72ae316c6d8af439604cf0fde74480891fdaee406032b27bdd6654ca,T5.2.3
seed_metric,higher_leakage_injection,202607162305,0.00025,injection_episode_rate_per_1000_cycles,0.54931640625,,,whole_seed_trajectory_cluster,3aa93e8b72ae316c6d8af439604cf0fde74480891fdaee406032b27bdd6654ca,T5.2.3
seed_metric,higher_leakage_injection,202607162305,0.00025,empirical_higher_injection_probability,0.0002760482164218017,,,whole_seed_trajectory_cluster,3aa93e8b72ae316c6d8af439604cf0fde74480891fdaee406032b27bdd6654ca,T5.2.3
seed_metric,higher_leakage_injection,202607162305,0.00025,detection_probability,1.0,,,whole_seed_trajectory_cluster,3aa93e8b72ae316c6d8af439604cf0fde74480891fdaee406032b27bdd6654ca,T5.2.3
seed_metric,higher_leakage_injection,202607162305,0.00025,mean_detection_delay_steps,0.06944444444444445,,,whole_seed_trajectory_cluster,3aa93e8b72ae316c6d8af439604cf0fde74480891fdaee406032b27bdd6654ca,T5.2.3
seed_metric,higher_leakage_injection,202607162305,0.00025,p95_detection_delay_steps,1.0,,,whole_seed_trajectory_cluster,3aa93e8b72ae316c6d8af439604cf0fde74480891fdaee406032b27bdd6654ca,T5.2.3
seed_metric,higher_leakage_injection,202607162305,0.00025,false_alarm_rate_per_healthy_step,0.00022565938437060155,,,whole_seed_trajectory_cluster,3aa93e8b72ae316c6d8af439604cf0fde74480891fdaee406032b27bdd6654ca,T5.2.3
seed_metric,higher_leakage_injection,202607162305,0.00025,false_negative_rate_per_leakage_step,0.056686046511627904,,,whole_seed_trajectory_cluster,3aa93e8b72ae316c6d8af439604cf0fde74480891fdaee406032b27bdd6654ca,T5.2.3
seed_metric,higher_leakage_injection,202607162305,0.00025,hidden_leakage_occupancy,0.00262451171875,,,whole_seed_trajectory_cluster,3aa93e8b72ae316c6d8af439604cf0fde74480891fdaee406032b27bdd6654ca,T5.2.3
seed_metric,higher_leakage_injection,202607162305,0.00025,observed_leakage_alarm_rate,0.0027008056640625,,,whole_seed_trajectory_cluster,3aa93e8b72ae316c6d8af439604cf0fde74480891fdaee406032b27bdd6654ca,T5.2.3
seed_metric,higher_leakage_injection,202607162305,0.00025,declared_normal_action_availability,0.9972991943359375,,,whole_seed_trajectory_cluster,3aa93e8b72ae316c6d8af439604cf0fde74480891fdaee406032b27bdd6654ca,T5.2.3
seed_metric,higher_leakage_injection,202607162305,0.00025,safe_normal_action_availability,0.9971504211425781,,,whole_seed_trajectory_cluster,3aa93e8b72ae316c6d8af439604cf0fde74480891fdaee406032b27bdd6654ca,T5.2.3
seed_metric,higher_leakage_injection,202607162305,0.00025,unsafe_declared_available_fraction,0.000148773193359375,,,whole_seed_trajectory_cluster,3aa93e8b72ae316c6d8af439604cf0fde74480891fdaee406032b27bdd6654ca,T5.2.3
seed_metric,higher_leakage_injection,202607162305,0.00025,reset_requests_per_1000_cycles,5.401611328125,,,whole_seed_trajectory_cluster,3aa93e8b72ae316c6d8af439604cf0fde74480891fdaee406032b27bdd6654ca,T5.2.3
seed_metric,higher_leakage_injection,202607162305,0.00025,reset_attempts_per_1000_cycles,4.95147705078125,,,whole_seed_trajectory_cluster,3aa93e8b72ae316c6d8af439604cf0fde74480891fdaee406032b27bdd6654ca,T5.2.3
seed_metric,higher_leakage_injection,202607162305,0.00025,empirical_reset_failure_probability,0.889060092449923,,,whole_seed_trajectory_cluster,3aa93e8b72ae316c6d8af439604cf0fde74480891fdaee406032b27bdd6654ca,T5.2.3
seed_metric,higher_leakage_injection,202607162305,0.00025,reset_failures_per_1000_cycles,4.40216064453125,,,whole_seed_trajectory_cluster,3aa93e8b72ae316c6d8af439604cf0fde74480891fdaee406032b27bdd6654ca,T5.2.3
seed_metric,higher_leakage_injection,202607162305,0.00025,successful_resets_per_1000_cycles,0.54931640625,,,whole_seed_trajectory_cluster,3aa93e8b72ae316c6d8af439604cf0fde74480891fdaee406032b27bdd6654ca,T5.2.3
seed_metric,higher_leakage_injection,202607162305,0.00025,mean_hidden_leakage_run_steps,9.555555555555555,,,whole_seed_trajectory_cluster,3aa93e8b72ae316c6d8af439604cf0fde74480891fdaee406032b27bdd6654ca,T5.2.3
seed_metric,higher_leakage_injection,202607162305,0.00025,p95_hidden_leakage_run_steps,26.450000000000003,,,whole_seed_trajectory_cluster,3aa93e8b72ae316c6d8af439604cf0fde74480891fdaee406032b27bdd6654ca,T5.2.3
seed_metric,higher_leakage_injection,202607162305,0.00025,mean_short_lag_correlation,0.6701015516499452,,,whole_seed_trajectory_cluster,3aa93e8b72ae316c6d8af439604cf0fde74480891fdaee406032b27bdd6654ca,T5.2.3
seed_metric,higher_leakage_injection,202607162305,0.00025,mean_long_lag_correlation,0.16411649868653566,,,whole_seed_trajectory_cluster,3aa93e8b72ae316c6d8af439604cf0fde74480891fdaee406032b27bdd6654ca,T5.2.3
seed_metric,higher_leakage_injection,202607162305,0.00025,mean_long_lag_covariance,0.0004399027132469438,,,whole_seed_trajectory_cluster,3aa93e8b72ae316c6d8af439604cf0fde74480891fdaee406032b27bdd6654ca,T5.2.3
channel_intervention,higher_leakage_injection,202607162305,0.0005,channel_spec_sha256,26caa5856dd0a98d2fcf7cc731c98d9fa0ccf05690e32b7a0bdea9b83da1822b,,,exactly_one_physical_channel_changes,fd22edfcba21513e35f1b6c6e65bc8e986009a0562a2e891b2a63c025132807d,T5.2.3
seed_metric,higher_leakage_injection,202607162305,0.0005,injection_episode_rate_per_1000_cycles,0.9918212890625,,,whole_seed_trajectory_cluster,fd22edfcba21513e35f1b6c6e65bc8e986009a0562a2e891b2a63c025132807d,T5.2.3
seed_metric,higher_leakage_injection,202607162305,0.0005,empirical_higher_injection_probability,0.0004996924969249692,,,whole_seed_trajectory_cluster,fd22edfcba21513e35f1b6c6e65bc8e986009a0562a2e891b2a63c025132807d,T5.2.3
seed_metric,higher_leakage_injection,202607162305,0.0005,detection_probability,1.0,,,whole_seed_trajectory_cluster,fd22edfcba21513e35f1b6c6e65bc8e986009a0562a2e891b2a63c025132807d,T5.2.3
seed_metric,higher_leakage_injection,202607162305,0.0005,mean_detection_delay_steps,0.06923076923076923,,,whole_seed_trajectory_cluster,fd22edfcba21513e35f1b6c6e65bc8e986009a0562a2e891b2a63c025132807d,T5.2.3
seed_metric,higher_leakage_injection,202607162305,0.0005,p95_detection_delay_steps,1.0,,,whole_seed_trajectory_cluster,fd22edfcba21513e35f1b6c6e65bc8e986009a0562a2e891b2a63c025132807d,T5.2.3
seed_metric,higher_leakage_injection,202607162305,0.0005,false_alarm_rate_per_healthy_step,0.00022628773060253904,,,whole_seed_trajectory_cluster,fd22edfcba21513e35f1b6c6e65bc8e986009a0562a2e891b2a63c025132807d,T5.2.3
seed_metric,higher_leakage_injection,202607162305,0.0005,false_negative_rate_per_leakage_step,0.04738330975954738,,,whole_seed_trajectory_cluster,fd22edfcba21513e35f1b6c6e65bc8e986009a0562a2e891b2a63c025132807d,T5.2.3
seed_metric,higher_leakage_injection,202607162305,0.0005,hidden_leakage_occupancy,0.00539398193359375,,,whole_seed_trajectory_cluster,fd22edfcba21513e35f1b6c6e65bc8e986009a0562a2e891b2a63c025132807d,T5.2.3
seed_metric,higher_leakage_injection,202607162305,0.0005,observed_leakage_alarm_rate,0.00536346435546875,,,whole_seed_trajectory_cluster,fd22edfcba21513e35f1b6c6e65bc8e986009a0562a2e891b2a63c025132807d,T5.2.3
seed_metric,higher_leakage_injection,202607162305,0.0005,declared_normal_action_availability,0.9946365356445312,,,whole_seed_trajectory_cluster,fd22edfcba21513e35f1b6c6e65bc8e986009a0562a2e891b2a63c025132807d,T5.2.3
seed_metric,higher_leakage_injection,202607162305,0.0005,safe_normal_action_availability,0.9943809509277344,,,whole_seed_trajectory_cluster,fd22edfcba21513e35f1b6c6e65bc8e986009a0562a2e891b2a63c025132807d,T5.2.3
seed_metric,higher_leakage_injection,202607162305,0.0005,unsafe_declared_available_fraction,0.000255584716796875,,,whole_seed_trajectory_cluster,fd22edfcba21513e35f1b6c6e65bc8e986009a0562a2e891b2a63c025132807d,T5.2.3
seed_metric,higher_leakage_injection,202607162305,0.0005,reset_requests_per_1000_cycles,10.7269287109375,,,whole_seed_trajectory_cluster,fd22edfcba21513e35f1b6c6e65bc8e986009a0562a2e891b2a63c025132807d,T5.2.3
seed_metric,higher_leakage_injection,202607162305,0.0005,reset_attempts_per_1000_cycles,10.27679443359375,,,whole_seed_trajectory_cluster,fd22edfcba21513e35f1b6c6e65bc8e986009a0562a2e891b2a63c025132807d,T5.2.3
seed_metric,higher_leakage_injection,202607162305,0.0005,empirical_reset_failure_probability,0.9042316258351893,,,whole_seed_trajectory_cluster,fd22edfcba21513e35f1b6c6e65bc8e986009a0562a2e891b2a63c025132807d,T5.2.3
seed_metric,higher_leakage_injection,202607162305,0.0005,reset_failures_per_1000_cycles,9.2926025390625,,,whole_seed_trajectory_cluster,fd22edfcba21513e35f1b6c6e65bc8e986009a0562a2e891b2a63c025132807d,T5.2.3
seed_metric,higher_leakage_injection,202607162305,0.0005,successful_resets_per_1000_cycles,0.98419189453125,,,whole_seed_trajectory_cluster,fd22edfcba21513e35f1b6c6e65bc8e986009a0562a2e891b2a63c025132807d,T5.2.3
seed_metric,higher_leakage_injection,202607162305,0.0005,mean_hidden_leakage_run_steps,10.876923076923077,,,whole_seed_trajectory_cluster,fd22edfcba21513e35f1b6c6e65bc8e986009a0562a2e891b2a63c025132807d,T5.2.3
seed_metric,higher_leakage_injection,202607162305,0.0005,p95_hidden_leakage_run_steps,32.099999999999994,,,whole_seed_trajectory_cluster,fd22edfcba21513e35f1b6c6e65bc8e986009a0562a2e891b2a63c025132807d,T5.2.3
seed_metric,higher_leakage_injection,202607162305,0.0005,mean_short_lag_correlation,0.730281717145728,,,whole_seed_trajectory_cluster,fd22edfcba21513e35f1b6c6e65bc8e986009a0562a2e891b2a63c025132807d,T5.2.3
seed_metric,higher_leakage_injection,202607162305,0.0005,mean_long_lag_correlation,0.23093485132278427,,,whole_seed_trajectory_cluster,fd22edfcba21513e35f1b6c6e65bc8e986009a0562a2e891b2a63c025132807d,T5.2.3
seed_metric,higher_leakage_injection,202607162305,0.0005,mean_long_lag_covariance,0.0012267707554733498,,,whole_seed_trajectory_cluster,fd22edfcba21513e35f1b6c6e65bc8e986009a0562a2e891b2a63c025132807d,T5.2.3
channel_intervention,higher_leakage_injection,202607162305,0.001,channel_spec_sha256,df202c33efdc80992db2a2ea6bcdc728b1f59d490135a90d21c33f3a287fc9bd,,,exactly_one_physical_channel_changes,7abf3a23492a7e7f5e3ac03f4e168ea6bd01bc12a0d81fb55965221524482310,T5.2.3
seed_metric,higher_leakage_injection,202607162305,0.001,injection_episode_rate_per_1000_cycles,1.93023681640625,,,whole_seed_trajectory_cluster,7abf3a23492a7e7f5e3ac03f4e168ea6bd01bc12a0d81fb55965221524482310,T5.2.3
seed_metric,higher_leakage_injection,202607162305,0.001,empirical_higher_injection_probability,0.0009766529755103302,,,whole_seed_trajectory_cluster,7abf3a23492a7e7f5e3ac03f4e168ea6bd01bc12a0d81fb55965221524482310,T5.2.3
seed_metric,higher_leakage_injection,202607162305,0.001,detection_probability,1.0,,,whole_seed_trajectory_cluster,7abf3a23492a7e7f5e3ac03f4e168ea6bd01bc12a0d81fb55965221524482310,T5.2.3
seed_metric,higher_leakage_injection,202607162305,0.001,mean_detection_delay_steps,0.05533596837944664,,,whole_seed_trajectory_cluster,7abf3a23492a7e7f5e3ac03f4e168ea6bd01bc12a0d81fb55965221524482310,T5.2.3
seed_metric,higher_leakage_injection,202607162305,0.001,p95_detection_delay_steps,1.0,,,whole_seed_trajectory_cluster,7abf3a23492a7e7f5e3ac03f4e168ea6bd01bc12a0d81fb55965221524482310,T5.2.3
seed_metric,higher_leakage_injection,202607162305,0.001,false_alarm_rate_per_healthy_step,0.00022736468910768994,,,whole_seed_trajectory_cluster,7abf3a23492a7e7f5e3ac03f4e168ea6bd01bc12a0d81fb55965221524482310,T5.2.3
seed_metric,higher_leakage_injection,202607162305,0.001,false_negative_rate_per_leakage_step,0.048320120800302,,,whole_seed_trajectory_cluster,7abf3a23492a7e7f5e3ac03f4e168ea6bd01bc12a0d81fb55965221524482310,T5.2.3
seed_metric,higher_leakage_injection,202607162305,0.001,hidden_leakage_occupancy,0.010105133056640625,,,whole_seed_trajectory_cluster,7abf3a23492a7e7f5e3ac03f4e168ea6bd01bc12a0d81fb55965221524482310,T5.2.3
seed_metric,higher_leakage_injection,202607162305,0.001,observed_leakage_alarm_rate,0.0098419189453125,,,whole_seed_trajectory_cluster,7abf3a23492a7e7f5e3ac03f4e168ea6bd01bc12a0d81fb55965221524482310,T5.2.3
seed_metric,higher_leakage_injection,202607162305,0.001,declared_normal_action_availability,0.9901580810546875,,,whole_seed_trajectory_cluster,7abf3a23492a7e7f5e3ac03f4e168ea6bd01bc12a0d81fb55965221524482310,T5.2.3
seed_metric,higher_leakage_injection,202607162305,0.001,safe_normal_action_availability,0.9896697998046875,,,whole_seed_trajectory_cluster,7abf3a23492a7e7f5e3ac03f4e168ea6bd01bc12a0d81fb55965221524482310,T5.2.3
seed_metric,higher_leakage_injection,202607162305,0.001,unsafe_declared_available_fraction,0.00048828125,,,whole_seed_trajectory_cluster,7abf3a23492a7e7f5e3ac03f4e168ea6bd01bc12a0d81fb55965221524482310,T5.2.3
seed_metric,higher_leakage_injection,202607162305,0.001,reset_requests_per_1000_cycles,19.683837890625,,,whole_seed_trajectory_cluster,7abf3a23492a7e7f5e3ac03f4e168ea6bd01bc12a0d81fb55965221524482310,T5.2.3
seed_metric,higher_leakage_injection,202607162305,0.001,reset_attempts_per_1000_cycles,19.23370361328125,,,whole_seed_trajectory_cluster,7abf3a23492a7e7f5e3ac03f4e168ea6bd01bc12a0d81fb55965221524482310,T5.2.3
seed_metric,higher_leakage_injection,202607162305,0.001,empirical_reset_failure_probability,0.899642998809996,,,whole_seed_trajectory_cluster,7abf3a23492a7e7f5e3ac03f4e168ea6bd01bc12a0d81fb55965221524482310,T5.2.3
seed_metric,higher_leakage_injection,202607162305,0.001,reset_failures_per_1000_cycles,17.303466796875,,,whole_seed_trajectory_cluster,7abf3a23492a7e7f5e3ac03f4e168ea6bd01bc12a0d81fb55965221524482310,T5.2.3
seed_metric,higher_leakage_injection,202607162305,0.001,successful_resets_per_1000_cycles,1.93023681640625,,,whole_seed_trajectory_cluster,7abf3a23492a7e7f5e3ac03f4e168ea6bd01bc12a0d81fb55965221524482310,T5.2.3
seed_metric,higher_leakage_injection,202607162305,0.001,mean_hidden_leakage_run_steps,10.388235294117647,,,whole_seed_trajectory_cluster,7abf3a23492a7e7f5e3ac03f4e168ea6bd01bc12a0d81fb55965221524482310,T5.2.3
seed_metric,higher_leakage_injection,202607162305,0.001,p95_hidden_leakage_run_steps,31.0,,,whole_seed_trajectory_cluster,7abf3a23492a7e7f5e3ac03f4e168ea6bd01bc12a0d81fb55965221524482310,T5.2.3
seed_metric,higher_leakage_injection,202607162305,0.001,mean_short_lag_correlation,0.7372384114551435,,,whole_seed_trajectory_cluster,7abf3a23492a7e7f5e3ac03f4e168ea6bd01bc12a0d81fb55965221524482310,T5.2.3
seed_metric,higher_leakage_injection,202607162305,0.001,mean_long_lag_correlation,0.22594849108334794,,,whole_seed_trajectory_cluster,7abf3a23492a7e7f5e3ac03f4e168ea6bd01bc12a0d81fb55965221524482310,T5.2.3
seed_metric,higher_leakage_injection,202607162305,0.001,mean_long_lag_covariance,0.002200199021626594,,,whole_seed_trajectory_cluster,7abf3a23492a7e7f5e3ac03f4e168ea6bd01bc12a0d81fb55965221524482310,T5.2.3
channel_intervention,higher_leakage_injection,202607162305,0.002,channel_spec_sha256,f5fd03ea5c93871bdde8860cba5abd0a731b406babfb5e4d22da0937c9930dc0,,,exactly_one_physical_channel_changes,67614ef052aad9f434c1e00ab6e87dec85faf673739949be0444de0064808804,T5.2.3
seed_metric,higher_leakage_injection,202607162305,0.002,injection_episode_rate_per_1000_cycles,3.96728515625,,,whole_seed_trajectory_cluster,67614ef052aad9f434c1e00ab6e87dec85faf673739949be0444de0064808804,T5.2.3
seed_metric,higher_leakage_injection,202607162305,0.002,empirical_higher_injection_probability,0.0020282947112215404,,,whole_seed_trajectory_cluster,67614ef052aad9f434c1e00ab6e87dec85faf673739949be0444de0064808804,T5.2.3
seed_metric,higher_leakage_injection,202607162305,0.002,detection_probability,1.0,,,whole_seed_trajectory_cluster,67614ef052aad9f434c1e00ab6e87dec85faf673739949be0444de0064808804,T5.2.3
seed_metric,higher_leakage_injection,202607162305,0.002,mean_detection_delay_steps,0.05384615384615385,,,whole_seed_trajectory_cluster,67614ef052aad9f434c1e00ab6e87dec85faf673739949be0444de0064808804,T5.2.3
seed_metric,higher_leakage_injection,202607162305,0.002,p95_detection_delay_steps,1.0,,,whole_seed_trajectory_cluster,67614ef052aad9f434c1e00ab6e87dec85faf673739949be0444de0064808804,T5.2.3
seed_metric,higher_leakage_injection,202607162305,0.002,false_alarm_rate_per_healthy_step,0.00022998093886794806,,,whole_seed_trajectory_cluster,67614ef052aad9f434c1e00ab6e87dec85faf673739949be0444de0064808804,T5.2.3
seed_metric,higher_leakage_injection,202607162305,0.002,false_negative_rate_per_leakage_step,0.05052669166220318,,,whole_seed_trajectory_cluster,67614ef052aad9f434c1e00ab6e87dec85faf673739949be0444de0064808804,T5.2.3
seed_metric,higher_leakage_injection,202607162305,0.002,hidden_leakage_occupancy,0.021366119384765625,,,whole_seed_trajectory_cluster,67614ef052aad9f434c1e00ab6e87dec85faf673739949be0444de0064808804,T5.2.3
seed_metric,higher_leakage_injection,202607162305,0.002,observed_leakage_alarm_rate,0.020511627197265625,,,whole_seed_trajectory_cluster,67614ef052aad9f434c1e00ab6e87dec85faf673739949be0444de0064808804,T5.2.3
seed_metric,higher_leakage_injection,202607162305,0.002,declared_normal_action_availability,0.9794883728027344,,,whole_seed_trajectory_cluster,67614ef052aad9f434c1e00ab6e87dec85faf673739949be0444de0064808804,T5.2.3
seed_metric,higher_leakage_injection,202607162305,0.002,safe_normal_action_availability,0.9784088134765625,,,whole_seed_trajectory_cluster,67614ef052aad9f434c1e00ab6e87dec85faf673739949be0444de0064808804,T5.2.3
seed_metric,higher_leakage_injection,202607162305,0.002,unsafe_declared_available_fraction,0.001079559326171875,,,whole_seed_trajectory_cluster,67614ef052aad9f434c1e00ab6e87dec85faf673739949be0444de0064808804,T5.2.3
seed_metric,higher_leakage_injection,202607162305,0.002,reset_requests_per_1000_cycles,41.02325439453125,,,whole_seed_trajectory_cluster,67614ef052aad9f434c1e00ab6e87dec85faf673739949be0444de0064808804,T5.2.3
seed_metric,higher_leakage_injection,202607162305,0.002,reset_attempts_per_1000_cycles,40.5731201171875,,,whole_seed_trajectory_cluster,67614ef052aad9f434c1e00ab6e87dec85faf673739949be0444de0064808804,T5.2.3
seed_metric,higher_leakage_injection,202607162305,0.002,empirical_reset_failure_probability,0.9020308386611509,,,whole_seed_trajectory_cluster,67614ef052aad9f434c1e00ab6e87dec85faf673739949be0444de0064808804,T5.2.3
seed_metric,higher_leakage_injection,202607162305,0.002,reset_failures_per_1000_cycles,36.59820556640625,,,whole_seed_trajectory_cluster,67614ef052aad9f434c1e00ab6e87dec85faf673739949be0444de0064808804,T5.2.3
seed_metric,higher_leakage_injection,202607162305,0.002,successful_resets_per_1000_cycles,3.97491455078125,,,whole_seed_trajectory_cluster,67614ef052aad9f434c1e00ab6e87dec85faf673739949be0444de0064808804,T5.2.3
seed_metric,higher_leakage_injection,202607162305,0.002,mean_hidden_leakage_run_steps,10.688931297709924,,,whole_seed_trajectory_cluster,67614ef052aad9f434c1e00ab6e87dec85faf673739949be0444de0064808804,T5.2.3
seed_metric,higher_leakage_injection,202607162305,0.002,p95_hidden_leakage_run_steps,32.0,,,whole_seed_trajectory_cluster,67614ef052aad9f434c1e00ab6e87dec85faf673739949be0444de0064808804,T5.2.3
seed_metric,higher_leakage_injection,202607162305,0.002,mean_short_lag_correlation,0.7472075596882739,,,whole_seed_trajectory_cluster,67614ef052aad9f434c1e00ab6e87dec85faf673739949be0444de0064808804,T5.2.3
seed_metric,higher_leakage_injection,202607162305,0.002,mean_long_lag_correlation,0.22631153659757297,,,whole_seed_trajectory_cluster,67614ef052aad9f434c1e00ab6e87dec85faf673739949be0444de0064808804,T5.2.3
seed_metric,higher_leakage_injection,202607162305,0.002,mean_long_lag_covariance,0.004542834260063132,,,whole_seed_trajectory_cluster,67614ef052aad9f434c1e00ab6e87dec85faf673739949be0444de0064808804,T5.2.3
channel_intervention,higher_leakage_injection,202607162305,0.004,channel_spec_sha256,0f01501ebe5eb850566962eb943fbe42333f0560ee9403a3e0ac9dcfaf28dd41,,,exactly_one_physical_channel_changes,aa8dba190297a9f6c4afb76f50effb663fe3215246ff73daa7fa459ebf056096,T5.2.3
seed_metric,higher_leakage_injection,202607162305,0.004,injection_episode_rate_per_1000_cycles,7.78961181640625,,,whole_seed_trajectory_cluster,aa8dba190297a9f6c4afb76f50effb663fe3215246ff73daa7fa459ebf056096,T5.2.3
seed_metric,higher_leakage_injection,202607162305,0.004,empirical_higher_injection_probability,0.004059819713784698,,,whole_seed_trajectory_cluster,aa8dba190297a9f6c4afb76f50effb663fe3215246ff73daa7fa459ebf056096,T5.2.3
seed_metric,higher_leakage_injection,202607162305,0.004,detection_probability,1.0,,,whole_seed_trajectory_cluster,aa8dba190297a9f6c4afb76f50effb663fe3215246ff73daa7fa459ebf056096,T5.2.3
seed_metric,higher_leakage_injection,202607162305,0.004,mean_detection_delay_steps,0.058765915768854066,,,whole_seed_trajectory_cluster,aa8dba190297a9f6c4afb76f50effb663fe3215246ff73daa7fa459ebf056096,T5.2.3
seed_metric,higher_leakage_injection,202607162305,0.004,p95_detection_delay_steps,1.0,,,whole_seed_trajectory_cluster,aa8dba190297a9f6c4afb76f50effb663fe3215246ff73daa7fa459ebf056096,T5.2.3
seed_metric,higher_leakage_injection,202607162305,0.004,false_alarm_rate_per_healthy_step,0.00023094320389895837,,,whole_seed_trajectory_cluster,aa8dba190297a9f6c4afb76f50effb663fe3215246ff73daa7fa459ebf056096,T5.2.3
seed_metric,higher_leakage_injection,202607162305,0.004,false_negative_rate_per_leakage_step,0.049727272727272724,,,whole_seed_trajectory_cluster,aa8dba190297a9f6c4afb76f50effb663fe3215246ff73daa7fa459ebf056096,T5.2.3
seed_metric,higher_leakage_injection,202607162305,0.004,hidden_leakage_occupancy,0.041961669921875,,,whole_seed_trajectory_cluster,aa8dba190297a9f6c4afb76f50effb663fe3215246ff73daa7fa459ebf056096,T5.2.3
seed_metric,higher_leakage_injection,202607162305,0.004,observed_leakage_alarm_rate,0.040096282958984375,,,whole_seed_trajectory_cluster,aa8dba190297a9f6c4afb76f50effb663fe3215246ff73daa7fa459ebf056096,T5.2.3
seed_metric,higher_leakage_injection,202607162305,0.004,declared_normal_action_availability,0.9599037170410156,,,whole_seed_trajectory_cluster,aa8dba190297a9f6c4afb76f50effb663fe3215246ff73daa7fa459ebf056096,T5.2.3
seed_metric,higher_leakage_injection,202607162305,0.004,safe_normal_action_availability,0.9578170776367188,,,whole_seed_trajectory_cluster,aa8dba190297a9f6c4afb76f50effb663fe3215246ff73daa7fa459ebf056096,T5.2.3
seed_metric,higher_leakage_injection,202607162305,0.004,unsafe_declared_available_fraction,0.002086639404296875,,,whole_seed_trajectory_cluster,aa8dba190297a9f6c4afb76f50effb663fe3215246ff73daa7fa459ebf056096,T5.2.3
seed_metric,higher_leakage_injection,202607162305,0.004,reset_requests_per_1000_cycles,80.19256591796875,,,whole_seed_trajectory_cluster,aa8dba190297a9f6c4afb76f50effb663fe3215246ff73daa7fa459ebf056096,T5.2.3
seed_metric,higher_leakage_injection,202607162305,0.004,reset_attempts_per_1000_cycles,79.75006103515625,,,whole_seed_trajectory_cluster,aa8dba190297a9f6c4afb76f50effb663fe3215246ff73daa7fa459ebf056096,T5.2.3
seed_metric,higher_leakage_injection,202607162305,0.004,empirical_reset_failure_probability,0.9023246914761313,,,whole_seed_trajectory_cluster,aa8dba190297a9f6c4afb76f50effb663fe3215246ff73daa7fa459ebf056096,T5.2.3
seed_metric,higher_leakage_injection,202607162305,0.004,reset_failures_per_1000_cycles,71.96044921875,,,whole_seed_trajectory_cluster,aa8dba190297a9f6c4afb76f50effb663fe3215246ff73daa7fa459ebf056096,T5.2.3
seed_metric,higher_leakage_injection,202607162305,0.004,successful_resets_per_1000_cycles,7.78961181640625,,,whole_seed_trajectory_cluster,aa8dba190297a9f6c4afb76f50effb663fe3215246ff73daa7fa459ebf056096,T5.2.3
seed_metric,higher_leakage_injection,202607162305,0.004,mean_hidden_leakage_run_steps,10.75268817204301,,,whole_seed_trajectory_cluster,aa8dba190297a9f6c4afb76f50effb663fe3215246ff73daa7fa459ebf056096,T5.2.3
seed_metric,higher_leakage_injection,202607162305,0.004,p95_hidden_leakage_run_steps,32.0,,,whole_seed_trajectory_cluster,aa8dba190297a9f6c4afb76f50effb663fe3215246ff73daa7fa459ebf056096,T5.2.3
seed_metric,higher_leakage_injection,202607162305,0.004,mean_short_lag_correlation,0.7484183568227366,,,whole_seed_trajectory_cluster,aa8dba190297a9f6c4afb76f50effb663fe3215246ff73daa7fa459ebf056096,T5.2.3
seed_metric,higher_leakage_injection,202607162305,0.004,mean_long_lag_correlation,0.2232381317550246,,,whole_seed_trajectory_cluster,aa8dba190297a9f6c4afb76f50effb663fe3215246ff73daa7fa459ebf056096,T5.2.3
seed_metric,higher_leakage_injection,202607162305,0.004,mean_long_lag_covariance,0.008593451633568701,,,whole_seed_trajectory_cluster,aa8dba190297a9f6c4afb76f50effb663fe3215246ff73daa7fa459ebf056096,T5.2.3
channel_intervention,higher_leakage_injection,202607162306,0.0,channel_spec_sha256,7d61ab77777c967f172b09b118b5d572717049828938778f7dec874b7d8b824d,,,exactly_one_physical_channel_changes,ba812a6fe7a343ba1004adbfa46bca5d42383a454d12c86bed3ee9ecbb30dd32,T5.2.3
seed_metric,higher_leakage_injection,202607162306,0.0,injection_episode_rate_per_1000_cycles,0.0,,,whole_seed_trajectory_cluster,ba812a6fe7a343ba1004adbfa46bca5d42383a454d12c86bed3ee9ecbb30dd32,T5.2.3
seed_metric,higher_leakage_injection,202607162306,0.0,empirical_higher_injection_probability,0.0,,,whole_seed_trajectory_cluster,ba812a6fe7a343ba1004adbfa46bca5d42383a454d12c86bed3ee9ecbb30dd32,T5.2.3
seed_metric,higher_leakage_injection,202607162306,0.0,detection_probability,,,,NOT_APPLICABLE_NO_TRUE_EPISODES,ba812a6fe7a343ba1004adbfa46bca5d42383a454d12c86bed3ee9ecbb30dd32,T5.2.3
seed_metric,higher_leakage_injection,202607162306,0.0,mean_detection_delay_steps,,,,NOT_APPLICABLE_NO_TRUE_EPISODES,ba812a6fe7a343ba1004adbfa46bca5d42383a454d12c86bed3ee9ecbb30dd32,T5.2.3
seed_metric,higher_leakage_injection,202607162306,0.0,p95_detection_delay_steps,,,,NOT_APPLICABLE_NO_TRUE_EPISODES,ba812a6fe7a343ba1004adbfa46bca5d42383a454d12c86bed3ee9ecbb30dd32,T5.2.3
seed_metric,higher_leakage_injection,202607162306,0.0,false_alarm_rate_per_healthy_step,0.00019073486328125,,,whole_seed_trajectory_cluster,ba812a6fe7a343ba1004adbfa46bca5d42383a454d12c86bed3ee9ecbb30dd32,T5.2.3
seed_metric,higher_leakage_injection,202607162306,0.0,false_negative_rate_per_leakage_step,,,,NOT_APPLICABLE_NO_TRUE_EPISODES,ba812a6fe7a343ba1004adbfa46bca5d42383a454d12c86bed3ee9ecbb30dd32,T5.2.3
seed_metric,higher_leakage_injection,202607162306,0.0,hidden_leakage_occupancy,0.0,,,whole_seed_trajectory_cluster,ba812a6fe7a343ba1004adbfa46bca5d42383a454d12c86bed3ee9ecbb30dd32,T5.2.3
seed_metric,higher_leakage_injection,202607162306,0.0,observed_leakage_alarm_rate,0.00019073486328125,,,whole_seed_trajectory_cluster,ba812a6fe7a343ba1004adbfa46bca5d42383a454d12c86bed3ee9ecbb30dd32,T5.2.3
seed_metric,higher_leakage_injection,202607162306,0.0,declared_normal_action_availability,0.9998092651367188,,,whole_seed_trajectory_cluster,ba812a6fe7a343ba1004adbfa46bca5d42383a454d12c86bed3ee9ecbb30dd32,T5.2.3
seed_metric,higher_leakage_injection,202607162306,0.0,safe_normal_action_availability,0.9998092651367188,,,whole_seed_trajectory_cluster,ba812a6fe7a343ba1004adbfa46bca5d42383a454d12c86bed3ee9ecbb30dd32,T5.2.3
seed_metric,higher_leakage_injection,202607162306,0.0,unsafe_declared_available_fraction,0.0,,,whole_seed_trajectory_cluster,ba812a6fe7a343ba1004adbfa46bca5d42383a454d12c86bed3ee9ecbb30dd32,T5.2.3
seed_metric,higher_leakage_injection,202607162306,0.0,reset_requests_per_1000_cycles,0.3814697265625,,,whole_seed_trajectory_cluster,ba812a6fe7a343ba1004adbfa46bca5d42383a454d12c86bed3ee9ecbb30dd32,T5.2.3
seed_metric,higher_leakage_injection,202607162306,0.0,reset_attempts_per_1000_cycles,0.0,,,whole_seed_trajectory_cluster,ba812a6fe7a343ba1004adbfa46bca5d42383a454d12c86bed3ee9ecbb30dd32,T5.2.3
seed_metric,higher_leakage_injection,202607162306,0.0,empirical_reset_failure_probability,,,,NOT_APPLICABLE_NO_TRUE_EPISODES,ba812a6fe7a343ba1004adbfa46bca5d42383a454d12c86bed3ee9ecbb30dd32,T5.2.3
seed_metric,higher_leakage_injection,202607162306,0.0,reset_failures_per_1000_cycles,0.0,,,whole_seed_trajectory_cluster,ba812a6fe7a343ba1004adbfa46bca5d42383a454d12c86bed3ee9ecbb30dd32,T5.2.3
seed_metric,higher_leakage_injection,202607162306,0.0,successful_resets_per_1000_cycles,0.0,,,whole_seed_trajectory_cluster,ba812a6fe7a343ba1004adbfa46bca5d42383a454d12c86bed3ee9ecbb30dd32,T5.2.3
seed_metric,higher_leakage_injection,202607162306,0.0,mean_hidden_leakage_run_steps,,,,NOT_APPLICABLE_NO_TRUE_EPISODES,ba812a6fe7a343ba1004adbfa46bca5d42383a454d12c86bed3ee9ecbb30dd32,T5.2.3
seed_metric,higher_leakage_injection,202607162306,0.0,p95_hidden_leakage_run_steps,,,,NOT_APPLICABLE_NO_TRUE_EPISODES,ba812a6fe7a343ba1004adbfa46bca5d42383a454d12c86bed3ee9ecbb30dd32,T5.2.3
seed_metric,higher_leakage_injection,202607162306,0.0,mean_short_lag_correlation,-0.00019120731141484973,,,whole_seed_trajectory_cluster,ba812a6fe7a343ba1004adbfa46bca5d42383a454d12c86bed3ee9ecbb30dd32,T5.2.3
seed_metric,higher_leakage_injection,202607162306,0.0,mean_long_lag_correlation,-0.00019300683971101512,,,whole_seed_trajectory_cluster,ba812a6fe7a343ba1004adbfa46bca5d42383a454d12c86bed3ee9ecbb30dd32,T5.2.3
seed_metric,higher_leakage_injection,202607162306,0.0,mean_long_lag_covariance,-3.7237653296412236e-08,,,whole_seed_trajectory_cluster,ba812a6fe7a343ba1004adbfa46bca5d42383a454d12c86bed3ee9ecbb30dd32,T5.2.3
channel_intervention,higher_leakage_injection,202607162306,0.00025,channel_spec_sha256,a5f949dd0f1893e243a92822beec343c88be56f7c9c3529d3ca723584e4f34ce,,,exactly_one_physical_channel_changes,54686f64126d7f04eb38a2f66ee73a7e5111f2a66229d9f7f10b1b822f04acaf,T5.2.3
seed_metric,higher_leakage_injection,202607162306,0.00025,injection_episode_rate_per_1000_cycles,0.457763671875,,,whole_seed_trajectory_cluster,54686f64126d7f04eb38a2f66ee73a7e5111f2a66229d9f7f10b1b822f04acaf,T5.2.3
seed_metric,higher_leakage_injection,202607162306,0.00025,empirical_higher_injection_probability,0.00022992558075369605,,,whole_seed_trajectory_cluster,54686f64126d7f04eb38a2f66ee73a7e5111f2a66229d9f7f10b1b822f04acaf,T5.2.3
seed_metric,higher_leakage_injection,202607162306,0.00025,detection_probability,1.0,,,whole_seed_trajectory_cluster,54686f64126d7f04eb38a2f66ee73a7e5111f2a66229d9f7f10b1b822f04acaf,T5.2.3
seed_metric,higher_leakage_injection,202607162306,0.00025,mean_detection_delay_steps,0.06666666666666667,,,whole_seed_trajectory_cluster,54686f64126d7f04eb38a2f66ee73a7e5111f2a66229d9f7f10b1b822f04acaf,T5.2.3
seed_metric,higher_leakage_injection,202607162306,0.00025,p95_detection_delay_steps,1.0,,,whole_seed_trajectory_cluster,54686f64126d7f04eb38a2f66ee73a7e5111f2a66229d9f7f10b1b822f04acaf,T5.2.3
seed_metric,higher_leakage_injection,202607162306,0.00025,false_alarm_rate_per_healthy_step,0.0001911256536497355,,,whole_seed_trajectory_cluster,54686f64126d7f04eb38a2f66ee73a7e5111f2a66229d9f7f10b1b822f04acaf,T5.2.3
seed_metric,higher_leakage_injection,202607162306,0.00025,false_negative_rate_per_leakage_step,0.054104477611940295,,,whole_seed_trajectory_cluster,54686f64126d7f04eb38a2f66ee73a7e5111f2a66229d9f7f10b1b822f04acaf,T5.2.3
seed_metric,higher_leakage_injection,202607162306,0.00025,hidden_leakage_occupancy,0.002044677734375,,,whole_seed_trajectory_cluster,54686f64126d7f04eb38a2f66ee73a7e5111f2a66229d9f7f10b1b822f04acaf,T5.2.3
seed_metric,higher_leakage_injection,202607162306,0.00025,observed_leakage_alarm_rate,0.002124786376953125,,,whole_seed_trajectory_cluster,54686f64126d7f04eb38a2f66ee73a7e5111f2a66229d9f7f10b1b822f04acaf,T5.2.3
seed_metric,higher_leakage_injection,202607162306,0.00025,declared_normal_action_availability,0.9978752136230469,,,whole_seed_trajectory_cluster,54686f64126d7f04eb38a2f66ee73a7e5111f2a66229d9f7f10b1b822f04acaf,T5.2.3
seed_metric,higher_leakage_injection,202607162306,0.00025,safe_normal_action_availability,0.9977645874023438,,,whole_seed_trajectory_cluster,54686f64126d7f04eb38a2f66ee73a7e5111f2a66229d9f7f10b1b822f04acaf,T5.2.3
seed_metric,higher_leakage_injection,202607162306,0.00025,unsafe_declared_available_fraction,0.000110626220703125,,,whole_seed_trajectory_cluster,54686f64126d7f04eb38a2f66ee73a7e5111f2a66229d9f7f10b1b822f04acaf,T5.2.3
seed_metric,higher_leakage_injection,202607162306,0.00025,reset_requests_per_1000_cycles,4.24957275390625,,,whole_seed_trajectory_cluster,54686f64126d7f04eb38a2f66ee73a7e5111f2a66229d9f7f10b1b822f04acaf,T5.2.3
seed_metric,higher_leakage_injection,202607162306,0.00025,reset_attempts_per_1000_cycles,3.86810302734375,,,whole_seed_trajectory_cluster,54686f64126d7f04eb38a2f66ee73a7e5111f2a66229d9f7f10b1b822f04acaf,T5.2.3
seed_metric,higher_leakage_injection,202607162306,0.00025,empirical_reset_failure_probability,0.883629191321499,,,whole_seed_trajectory_cluster,54686f64126d7f04eb38a2f66ee73a7e5111f2a66229d9f7f10b1b822f04acaf,T5.2.3
seed_metric,higher_leakage_injection,202607162306,0.00025,reset_failures_per_1000_cycles,3.41796875,,,whole_seed_trajectory_cluster,54686f64126d7f04eb38a2f66ee73a7e5111f2a66229d9f7f10b1b822f04acaf,T5.2.3
seed_metric,higher_leakage_injection,202607162306,0.00025,successful_resets_per_1000_cycles,0.45013427734375,,,whole_seed_trajectory_cluster,54686f64126d7f04eb38a2f66ee73a7e5111f2a66229d9f7f10b1b822f04acaf,T5.2.3
seed_metric,higher_leakage_injection,202607162306,0.00025,mean_hidden_leakage_run_steps,8.933333333333334,,,whole_seed_trajectory_cluster,54686f64126d7f04eb38a2f66ee73a7e5111f2a66229d9f7f10b1b822f04acaf,T5.2.3
seed_metric,higher_leakage_injection,202607162306,0.00025,p95_hidden_leakage_run_steps,31.049999999999997,,,whole_seed_trajectory_cluster,54686f64126d7f04eb38a2f66ee73a7e5111f2a66229d9f7f10b1b822f04acaf,T5.2.3
seed_metric,higher_leakage_injection,202607162306,0.00025,mean_short_lag_correlation,0.6549555458238027,,,whole_seed_trajectory_cluster,54686f64126d7f04eb38a2f66ee73a7e5111f2a66229d9f7f10b1b822f04acaf,T5.2.3
seed_metric,higher_leakage_injection,202607162306,0.00025,mean_long_lag_correlation,0.1638926529331651,,,whole_seed_trajectory_cluster,54686f64126d7f04eb38a2f66ee73a7e5111f2a66229d9f7f10b1b822f04acaf,T5.2.3
seed_metric,higher_leakage_injection,202607162306,0.00025,mean_long_lag_covariance,0.0003475901672688558,,,whole_seed_trajectory_cluster,54686f64126d7f04eb38a2f66ee73a7e5111f2a66229d9f7f10b1b822f04acaf,T5.2.3
channel_intervention,higher_leakage_injection,202607162306,0.0005,channel_spec_sha256,26caa5856dd0a98d2fcf7cc731c98d9fa0ccf05690e32b7a0bdea9b83da1822b,,,exactly_one_physical_channel_changes,b16b81fce4ef5990ed5bf49d723dd45b6cea6d83edc9f17ae2dc6c8b8526b3e3,T5.2.3
seed_metric,higher_leakage_injection,202607162306,0.0005,injection_episode_rate_per_1000_cycles,0.823974609375,,,whole_seed_trajectory_cluster,b16b81fce4ef5990ed5bf49d723dd45b6cea6d83edc9f17ae2dc6c8b8526b3e3,T5.2.3
seed_metric,higher_leakage_injection,202607162306,0.0005,empirical_higher_injection_probability,0.00041445050770187194,,,whole_seed_trajectory_cluster,b16b81fce4ef5990ed5bf49d723dd45b6cea6d83edc9f17ae2dc6c8b8526b3e3,T5.2.3
seed_metric,higher_leakage_injection,202607162306,0.0005,detection_probability,1.0,,,whole_seed_trajectory_cluster,b16b81fce4ef5990ed5bf49d723dd45b6cea6d83edc9f17ae2dc6c8b8526b3e3,T5.2.3
seed_metric,higher_leakage_injection,202607162306,0.0005,mean_detection_delay_steps,0.08333333333333333,,,whole_seed_trajectory_cluster,b16b81fce4ef5990ed5bf49d723dd45b6cea6d83edc9f17ae2dc6c8b8526b3e3,T5.2.3
seed_metric,higher_leakage_injection,202607162306,0.0005,p95_detection_delay_steps,1.0,,,whole_seed_trajectory_cluster,b16b81fce4ef5990ed5bf49d723dd45b6cea6d83edc9f17ae2dc6c8b8526b3e3,T5.2.3
seed_metric,higher_leakage_injection,202607162306,0.0005,false_alarm_rate_per_healthy_step,0.00019143005911360225,,,whole_seed_trajectory_cluster,b16b81fce4ef5990ed5bf49d723dd45b6cea6d83edc9f17ae2dc6c8b8526b3e3,T5.2.3
seed_metric,higher_leakage_injection,202607162306,0.0005,false_negative_rate_per_leakage_step,0.04936974789915966,,,whole_seed_trajectory_cluster,b16b81fce4ef5990ed5bf49d723dd45b6cea6d83edc9f17ae2dc6c8b8526b3e3,T5.2.3
seed_metric,higher_leakage_injection,202607162306,0.0005,hidden_leakage_occupancy,0.003631591796875,,,whole_seed_trajectory_cluster,b16b81fce4ef5990ed5bf49d723dd45b6cea6d83edc9f17ae2dc6c8b8526b3e3,T5.2.3
seed_metric,higher_leakage_injection,202607162306,0.0005,observed_leakage_alarm_rate,0.003643035888671875,,,whole_seed_trajectory_cluster,b16b81fce4ef5990ed5bf49d723dd45b6cea6d83edc9f17ae2dc6c8b8526b3e3,T5.2.3
seed_metric,higher_leakage_injection,202607162306,0.0005,declared_normal_action_availability,0.9963569641113281,,,whole_seed_trajectory_cluster,b16b81fce4ef5990ed5bf49d723dd45b6cea6d83edc9f17ae2dc6c8b8526b3e3,T5.2.3
seed_metric,higher_leakage_injection,202607162306,0.0005,safe_normal_action_availability,0.9961776733398438,,,whole_seed_trajectory_cluster,b16b81fce4ef5990ed5bf49d723dd45b6cea6d83edc9f17ae2dc6c8b8526b3e3,T5.2.3
seed_metric,higher_leakage_injection,202607162306,0.0005,unsafe_declared_available_fraction,0.000179290771484375,,,whole_seed_trajectory_cluster,b16b81fce4ef5990ed5bf49d723dd45b6cea6d83edc9f17ae2dc6c8b8526b3e3,T5.2.3
seed_metric,higher_leakage_injection,202607162306,0.0005,reset_requests_per_1000_cycles,7.28607177734375,,,whole_seed_trajectory_cluster,b16b81fce4ef5990ed5bf49d723dd45b6cea6d83edc9f17ae2dc6c8b8526b3e3,T5.2.3
seed_metric,higher_leakage_injection,202607162306,0.0005,reset_attempts_per_1000_cycles,6.90460205078125,,,whole_seed_trajectory_cluster,b16b81fce4ef5990ed5bf49d723dd45b6cea6d83edc9f17ae2dc6c8b8526b3e3,T5.2.3
seed_metric,higher_leakage_injection,202607162306,0.0005,empirical_reset_failure_probability,0.8828729281767956,,,whole_seed_trajectory_cluster,b16b81fce4ef5990ed5bf49d723dd45b6cea6d83edc9f17ae2dc6c8b8526b3e3,T5.2.3
seed_metric,higher_leakage_injection,202607162306,0.0005,reset_failures_per_1000_cycles,6.09588623046875,,,whole_seed_trajectory_cluster,b16b81fce4ef5990ed5bf49d723dd45b6cea6d83edc9f17ae2dc6c8b8526b3e3,T5.2.3
seed_metric,higher_leakage_injection,202607162306,0.0005,successful_resets_per_1000_cycles,0.8087158203125,,,whole_seed_trajectory_cluster,b16b81fce4ef5990ed5bf49d723dd45b6cea6d83edc9f17ae2dc6c8b8526b3e3,T5.2.3
seed_metric,higher_leakage_injection,202607162306,0.0005,mean_hidden_leakage_run_steps,8.814814814814815,,,whole_seed_trajectory_cluster,b16b81fce4ef5990ed5bf49d723dd45b6cea6d83edc9f17ae2dc6c8b8526b3e3,T5.2.3
seed_metric,higher_leakage_injection,202607162306,0.0005,p95_hidden_leakage_run_steps,24.0,,,whole_seed_trajectory_cluster,b16b81fce4ef5990ed5bf49d723dd45b6cea6d83edc9f17ae2dc6c8b8526b3e3,T5.2.3
seed_metric,higher_leakage_injection,202607162306,0.0005,mean_short_lag_correlation,0.6822457631903776,,,whole_seed_trajectory_cluster,b16b81fce4ef5990ed5bf49d723dd45b6cea6d83edc9f17ae2dc6c8b8526b3e3,T5.2.3
seed_metric,higher_leakage_injection,202607162306,0.0005,mean_long_lag_correlation,0.14855328834792317,,,whole_seed_trajectory_cluster,b16b81fce4ef5990ed5bf49d723dd45b6cea6d83edc9f17ae2dc6c8b8526b3e3,T5.2.3
seed_metric,higher_leakage_injection,202607162306,0.0005,mean_long_lag_covariance,0.0005391639504358021,,,whole_seed_trajectory_cluster,b16b81fce4ef5990ed5bf49d723dd45b6cea6d83edc9f17ae2dc6c8b8526b3e3,T5.2.3
channel_intervention,higher_leakage_injection,202607162306,0.001,channel_spec_sha256,df202c33efdc80992db2a2ea6bcdc728b1f59d490135a90d21c33f3a287fc9bd,,,exactly_one_physical_channel_changes,a4b583082f78f8128ef1ae1639fb8d2fd6542fcc030fee119e7e50b73679c2aa,T5.2.3
seed_metric,higher_leakage_injection,202607162306,0.001,injection_episode_rate_per_1000_cycles,1.80816650390625,,,whole_seed_trajectory_cluster,a4b583082f78f8128ef1ae1639fb8d2fd6542fcc030fee119e7e50b73679c2aa,T5.2.3
seed_metric,higher_leakage_injection,202607162306,0.001,empirical_higher_injection_probability,0.0009137490313103623,,,whole_seed_trajectory_cluster,a4b583082f78f8128ef1ae1639fb8d2fd6542fcc030fee119e7e50b73679c2aa,T5.2.3
seed_metric,higher_leakage_injection,202607162306,0.001,detection_probability,1.0,,,whole_seed_trajectory_cluster,a4b583082f78f8128ef1ae1639fb8d2fd6542fcc030fee119e7e50b73679c2aa,T5.2.3
seed_metric,higher_leakage_injection,202607162306,0.001,mean_detection_delay_steps,0.08438818565400844,,,whole_seed_trajectory_cluster,a4b583082f78f8128ef1ae1639fb8d2fd6542fcc030fee119e7e50b73679c2aa,T5.2.3
seed_metric,higher_leakage_injection,202607162306,0.001,p95_detection_delay_steps,1.0,,,whole_seed_trajectory_cluster,a4b583082f78f8128ef1ae1639fb8d2fd6542fcc030fee119e7e50b73679c2aa,T5.2.3
seed_metric,higher_leakage_injection,202607162306,0.001,false_alarm_rate_per_healthy_step,0.00019242388673160332,,,whole_seed_trajectory_cluster,a4b583082f78f8128ef1ae1639fb8d2fd6542fcc030fee119e7e50b73679c2aa,T5.2.3
seed_metric,higher_leakage_injection,202607162306,0.001,false_negative_rate_per_leakage_step,0.05215123859191656,,,whole_seed_trajectory_cluster,a4b583082f78f8128ef1ae1639fb8d2fd6542fcc030fee119e7e50b73679c2aa,T5.2.3
seed_metric,higher_leakage_injection,202607162306,0.001,hidden_leakage_occupancy,0.008777618408203125,,,whole_seed_trajectory_cluster,a4b583082f78f8128ef1ae1639fb8d2fd6542fcc030fee119e7e50b73679c2aa,T5.2.3
seed_metric,higher_leakage_injection,202607162306,0.001,observed_leakage_alarm_rate,0.008510589599609375,,,whole_seed_trajectory_cluster,a4b583082f78f8128ef1ae1639fb8d2fd6542fcc030fee119e7e50b73679c2aa,T5.2.3
seed_metric,higher_leakage_injection,202607162306,0.001,declared_normal_action_availability,0.9914894104003906,,,whole_seed_trajectory_cluster,a4b583082f78f8128ef1ae1639fb8d2fd6542fcc030fee119e7e50b73679c2aa,T5.2.3
seed_metric,higher_leakage_injection,202607162306,0.001,safe_normal_action_availability,0.9910316467285156,,,whole_seed_trajectory_cluster,a4b583082f78f8128ef1ae1639fb8d2fd6542fcc030fee119e7e50b73679c2aa,T5.2.3
seed_metric,higher_leakage_injection,202607162306,0.001,unsafe_declared_available_fraction,0.000457763671875,,,whole_seed_trajectory_cluster,a4b583082f78f8128ef1ae1639fb8d2fd6542fcc030fee119e7e50b73679c2aa,T5.2.3
seed_metric,higher_leakage_injection,202607162306,0.001,reset_requests_per_1000_cycles,17.02117919921875,,,whole_seed_trajectory_cluster,a4b583082f78f8128ef1ae1639fb8d2fd6542fcc030fee119e7e50b73679c2aa,T5.2.3
seed_metric,higher_leakage_injection,202607162306,0.001,reset_attempts_per_1000_cycles,16.63970947265625,,,whole_seed_trajectory_cluster,a4b583082f78f8128ef1ae1639fb8d2fd6542fcc030fee119e7e50b73679c2aa,T5.2.3
seed_metric,higher_leakage_injection,202607162306,0.001,empirical_reset_failure_probability,0.8917927556166896,,,whole_seed_trajectory_cluster,a4b583082f78f8128ef1ae1639fb8d2fd6542fcc030fee119e7e50b73679c2aa,T5.2.3
seed_metric,higher_leakage_injection,202607162306,0.001,reset_failures_per_1000_cycles,14.83917236328125,,,whole_seed_trajectory_cluster,a4b583082f78f8128ef1ae1639fb8d2fd6542fcc030fee119e7e50b73679c2aa,T5.2.3
seed_metric,higher_leakage_injection,202607162306,0.001,successful_resets_per_1000_cycles,1.800537109375,,,whole_seed_trajectory_cluster,a4b583082f78f8128ef1ae1639fb8d2fd6542fcc030fee119e7e50b73679c2aa,T5.2.3
seed_metric,higher_leakage_injection,202607162306,0.001,mean_hidden_leakage_run_steps,9.668067226890756,,,whole_seed_trajectory_cluster,a4b583082f78f8128ef1ae1639fb8d2fd6542fcc030fee119e7e50b73679c2aa,T5.2.3
seed_metric,higher_leakage_injection,202607162306,0.001,p95_hidden_leakage_run_steps,26.0,,,whole_seed_trajectory_cluster,a4b583082f78f8128ef1ae1639fb8d2fd6542fcc030fee119e7e50b73679c2aa,T5.2.3
seed_metric,higher_leakage_injection,202607162306,0.001,mean_short_lag_correlation,0.719159716939969,,,whole_seed_trajectory_cluster,a4b583082f78f8128ef1ae1639fb8d2fd6542fcc030fee119e7e50b73679c2aa,T5.2.3
seed_metric,higher_leakage_injection,202607162306,0.001,mean_long_lag_correlation,0.17122950327169903,,,whole_seed_trajectory_cluster,a4b583082f78f8128ef1ae1639fb8d2fd6542fcc030fee119e7e50b73679c2aa,T5.2.3
seed_metric,higher_leakage_injection,202607162306,0.001,mean_long_lag_covariance,0.001437814761722908,,,whole_seed_trajectory_cluster,a4b583082f78f8128ef1ae1639fb8d2fd6542fcc030fee119e7e50b73679c2aa,T5.2.3
channel_intervention,higher_leakage_injection,202607162306,0.002,channel_spec_sha256,f5fd03ea5c93871bdde8860cba5abd0a731b406babfb5e4d22da0937c9930dc0,,,exactly_one_physical_channel_changes,b982c714c2a62c62c81c7334a8787dcbfc8fdbefb6fd0dce49c0f524e1ba7d6f,T5.2.3
seed_metric,higher_leakage_injection,202607162306,0.002,injection_episode_rate_per_1000_cycles,3.9825439453125,,,whole_seed_trajectory_cluster,b982c714c2a62c62c81c7334a8787dcbfc8fdbefb6fd0dce49c0f524e1ba7d6f,T5.2.3
seed_metric,higher_leakage_injection,202607162306,0.002,empirical_higher_injection_probability,0.002033510064316573,,,whole_seed_trajectory_cluster,b982c714c2a62c62c81c7334a8787dcbfc8fdbefb6fd0dce49c0f524e1ba7d6f,T5.2.3
seed_metric,higher_leakage_injection,202607162306,0.002,detection_probability,1.0,,,whole_seed_trajectory_cluster,b982c714c2a62c62c81c7334a8787dcbfc8fdbefb6fd0dce49c0f524e1ba7d6f,T5.2.3
seed_metric,higher_leakage_injection,202607162306,0.002,mean_detection_delay_steps,0.06704980842911877,,,whole_seed_trajectory_cluster,b982c714c2a62c62c81c7334a8787dcbfc8fdbefb6fd0dce49c0f524e1ba7d6f,T5.2.3
seed_metric,higher_leakage_injection,202607162306,0.002,p95_detection_delay_steps,1.0,,,whole_seed_trajectory_cluster,b982c714c2a62c62c81c7334a8787dcbfc8fdbefb6fd0dce49c0f524e1ba7d6f,T5.2.3
seed_metric,higher_leakage_injection,202607162306,0.002,false_alarm_rate_per_healthy_step,0.00019464341326689506,,,whole_seed_trajectory_cluster,b982c714c2a62c62c81c7334a8787dcbfc8fdbefb6fd0dce49c0f524e1ba7d6f,T5.2.3
seed_metric,higher_leakage_injection,202607162306,0.002,false_negative_rate_per_leakage_step,0.04882218844984802,,,whole_seed_trajectory_cluster,b982c714c2a62c62c81c7334a8787dcbfc8fdbefb6fd0dce49c0f524e1ba7d6f,T5.2.3
seed_metric,higher_leakage_injection,202607162306,0.002,hidden_leakage_occupancy,0.02008056640625,,,whole_seed_trajectory_cluster,b982c714c2a62c62c81c7334a8787dcbfc8fdbefb6fd0dce49c0f524e1ba7d6f,T5.2.3
seed_metric,higher_leakage_injection,202607162306,0.002,observed_leakage_alarm_rate,0.019290924072265625,,,whole_seed_trajectory_cluster,b982c714c2a62c62c81c7334a8787dcbfc8fdbefb6fd0dce49c0f524e1ba7d6f,T5.2.3
seed_metric,higher_leakage_injection,202607162306,0.002,declared_normal_action_availability,0.9807090759277344,,,whole_seed_trajectory_cluster,b982c714c2a62c62c81c7334a8787dcbfc8fdbefb6fd0dce49c0f524e1ba7d6f,T5.2.3
seed_metric,higher_leakage_injection,202607162306,0.002,safe_normal_action_availability,0.9797286987304688,,,whole_seed_trajectory_cluster,b982c714c2a62c62c81c7334a8787dcbfc8fdbefb6fd0dce49c0f524e1ba7d6f,T5.2.3
seed_metric,higher_leakage_injection,202607162306,0.002,unsafe_declared_available_fraction,0.000980377197265625,,,whole_seed_trajectory_cluster,b982c714c2a62c62c81c7334a8787dcbfc8fdbefb6fd0dce49c0f524e1ba7d6f,T5.2.3
seed_metric,higher_leakage_injection,202607162306,0.002,reset_requests_per_1000_cycles,38.58184814453125,,,whole_seed_trajectory_cluster,b982c714c2a62c62c81c7334a8787dcbfc8fdbefb6fd0dce49c0f524e1ba7d6f,T5.2.3
seed_metric,higher_leakage_injection,202607162306,0.002,reset_attempts_per_1000_cycles,38.20037841796875,,,whole_seed_trajectory_cluster,b982c714c2a62c62c81c7334a8787dcbfc8fdbefb6fd0dce49c0f524e1ba7d6f,T5.2.3
seed_metric,higher_leakage_injection,202607162306,0.002,empirical_reset_failure_probability,0.895745955662073,,,whole_seed_trajectory_cluster,b982c714c2a62c62c81c7334a8787dcbfc8fdbefb6fd0dce49c0f524e1ba7d6f,T5.2.3
seed_metric,higher_leakage_injection,202607162306,0.002,reset_failures_per_1000_cycles,34.21783447265625,,,whole_seed_trajectory_cluster,b982c714c2a62c62c81c7334a8787dcbfc8fdbefb6fd0dce49c0f524e1ba7d6f,T5.2.3
seed_metric,higher_leakage_injection,202607162306,0.002,successful_resets_per_1000_cycles,3.9825439453125,,,whole_seed_trajectory_cluster,b982c714c2a62c62c81c7334a8787dcbfc8fdbefb6fd0dce49c0f524e1ba7d6f,T5.2.3
seed_metric,higher_leakage_injection,202607162306,0.002,mean_hidden_leakage_run_steps,9.969696969696969,,,whole_seed_trajectory_cluster,b982c714c2a62c62c81c7334a8787dcbfc8fdbefb6fd0dce49c0f524e1ba7d6f,T5.2.3
seed_metric,higher_leakage_injection,202607162306,0.002,p95_hidden_leakage_run_steps,30.649999999999977,,,whole_seed_trajectory_cluster,b982c714c2a62c62c81c7334a8787dcbfc8fdbefb6fd0dce49c0f524e1ba7d6f,T5.2.3
seed_metric,higher_leakage_injection,202607162306,0.002,mean_short_lag_correlation,0.7376633379898395,,,whole_seed_trajectory_cluster,b982c714c2a62c62c81c7334a8787dcbfc8fdbefb6fd0dce49c0f524e1ba7d6f,T5.2.3
seed_metric,higher_leakage_injection,202607162306,0.002,mean_long_lag_correlation,0.19411481015882656,,,whole_seed_trajectory_cluster,b982c714c2a62c62c81c7334a8787dcbfc8fdbefb6fd0dce49c0f524e1ba7d6f,T5.2.3
seed_metric,higher_leakage_injection,202607162306,0.002,mean_long_lag_covariance,0.003657736735730621,,,whole_seed_trajectory_cluster,b982c714c2a62c62c81c7334a8787dcbfc8fdbefb6fd0dce49c0f524e1ba7d6f,T5.2.3
channel_intervention,higher_leakage_injection,202607162306,0.004,channel_spec_sha256,0f01501ebe5eb850566962eb943fbe42333f0560ee9403a3e0ac9dcfaf28dd41,,,exactly_one_physical_channel_changes,7ab35fc49ef486cfff09cd297ae0de4f2ba1dad904d5899eaabeb5df7268e332,T5.2.3
seed_metric,higher_leakage_injection,202607162306,0.004,injection_episode_rate_per_1000_cycles,7.68280029296875,,,whole_seed_trajectory_cluster,7ab35fc49ef486cfff09cd297ae0de4f2ba1dad904d5899eaabeb5df7268e332,T5.2.3
seed_metric,higher_leakage_injection,202607162306,0.004,empirical_higher_injection_probability,0.003996126891910125,,,whole_seed_trajectory_cluster,7ab35fc49ef486cfff09cd297ae0de4f2ba1dad904d5899eaabeb5df7268e332,T5.2.3
seed_metric,higher_leakage_injection,202607162306,0.004,detection_probability,1.0,,,whole_seed_trajectory_cluster,7ab35fc49ef486cfff09cd297ae0de4f2ba1dad904d5899eaabeb5df7268e332,T5.2.3
seed_metric,higher_leakage_injection,202607162306,0.004,mean_detection_delay_steps,0.05958291956305859,,,whole_seed_trajectory_cluster,7ab35fc49ef486cfff09cd297ae0de4f2ba1dad904d5899eaabeb5df7268e332,T5.2.3
seed_metric,higher_leakage_injection,202607162306,0.004,p95_detection_delay_steps,1.0,,,whole_seed_trajectory_cluster,7ab35fc49ef486cfff09cd297ae0de4f2ba1dad904d5899eaabeb5df7268e332,T5.2.3
seed_metric,higher_leakage_injection,202607162306,0.004,false_alarm_rate_per_healthy_step,0.0001946970870931725,,,whole_seed_trajectory_cluster,7ab35fc49ef486cfff09cd297ae0de4f2ba1dad904d5899eaabeb5df7268e332,T5.2.3
seed_metric,higher_leakage_injection,202607162306,0.004,false_negative_rate_per_leakage_step,0.051188998185464615,,,whole_seed_trajectory_cluster,7ab35fc49ef486cfff09cd297ae0de4f2ba1dad904d5899eaabeb5df7268e332,T5.2.3
seed_metric,higher_leakage_injection,202607162306,0.004,hidden_leakage_occupancy,0.039943695068359375,,,whole_seed_trajectory_cluster,7ab35fc49ef486cfff09cd297ae0de4f2ba1dad904d5899eaabeb5df7268e332,T5.2.3
seed_metric,higher_leakage_injection,202607162306,0.004,observed_leakage_alarm_rate,0.0380859375,,,whole_seed_trajectory_cluster,7ab35fc49ef486cfff09cd297ae0de4f2ba1dad904d5899eaabeb5df7268e332,T5.2.3
seed_metric,higher_leakage_injection,202607162306,0.004,declared_normal_action_availability,0.9619140625,,,whole_seed_trajectory_cluster,7ab35fc49ef486cfff09cd297ae0de4f2ba1dad904d5899eaabeb5df7268e332,T5.2.3
seed_metric,higher_leakage_injection,202607162306,0.004,safe_normal_action_availability,0.959869384765625,,,whole_seed_trajectory_cluster,7ab35fc49ef486cfff09cd297ae0de4f2ba1dad904d5899eaabeb5df7268e332,T5.2.3
seed_metric,higher_leakage_injection,202607162306,0.004,unsafe_declared_available_fraction,0.002044677734375,,,whole_seed_trajectory_cluster,7ab35fc49ef486cfff09cd297ae0de4f2ba1dad904d5899eaabeb5df7268e332,T5.2.3
seed_metric,higher_leakage_injection,202607162306,0.004,reset_requests_per_1000_cycles,76.171875,,,whole_seed_trajectory_cluster,7ab35fc49ef486cfff09cd297ae0de4f2ba1dad904d5899eaabeb5df7268e332,T5.2.3
seed_metric,higher_leakage_injection,202607162306,0.004,reset_attempts_per_1000_cycles,75.79803466796875,,,whole_seed_trajectory_cluster,7ab35fc49ef486cfff09cd297ae0de4f2ba1dad904d5899eaabeb5df7268e332,T5.2.3
seed_metric,higher_leakage_injection,202607162306,0.004,empirical_reset_failure_probability,0.8987418218419728,,,whole_seed_trajectory_cluster,7ab35fc49ef486cfff09cd297ae0de4f2ba1dad904d5899eaabeb5df7268e332,T5.2.3
seed_metric,higher_leakage_injection,202607162306,0.004,reset_failures_per_1000_cycles,68.12286376953125,,,whole_seed_trajectory_cluster,7ab35fc49ef486cfff09cd297ae0de4f2ba1dad904d5899eaabeb5df7268e332,T5.2.3
seed_metric,higher_leakage_injection,202607162306,0.004,successful_resets_per_1000_cycles,7.6751708984375,,,whole_seed_trajectory_cluster,7ab35fc49ef486cfff09cd297ae0de4f2ba1dad904d5899eaabeb5df7268e332,T5.2.3
seed_metric,higher_leakage_injection,202607162306,0.004,mean_hidden_leakage_run_steps,10.27576054955839,,,whole_seed_trajectory_cluster,7ab35fc49ef486cfff09cd297ae0de4f2ba1dad904d5899eaabeb5df7268e332,T5.2.3
seed_metric,higher_leakage_injection,202607162306,0.004,p95_hidden_leakage_run_steps,31.0,,,whole_seed_trajectory_cluster,7ab35fc49ef486cfff09cd297ae0de4f2ba1dad904d5899eaabeb5df7268e332,T5.2.3
seed_metric,higher_leakage_injection,202607162306,0.004,mean_short_lag_correlation,0.7393264066285377,,,whole_seed_trajectory_cluster,7ab35fc49ef486cfff09cd297ae0de4f2ba1dad904d5899eaabeb5df7268e332,T5.2.3
seed_metric,higher_leakage_injection,202607162306,0.004,mean_long_lag_correlation,0.20182363266237546,,,whole_seed_trajectory_cluster,7ab35fc49ef486cfff09cd297ae0de4f2ba1dad904d5899eaabeb5df7268e332,T5.2.3
seed_metric,higher_leakage_injection,202607162306,0.004,mean_long_lag_covariance,0.007380121939672774,,,whole_seed_trajectory_cluster,7ab35fc49ef486cfff09cd297ae0de4f2ba1dad904d5899eaabeb5df7268e332,T5.2.3
channel_intervention,higher_leakage_injection,202607162307,0.0,channel_spec_sha256,7d61ab77777c967f172b09b118b5d572717049828938778f7dec874b7d8b824d,,,exactly_one_physical_channel_changes,9ab721e9e0a50af1f7e249f621d11773913b149490b7745d4651e4635ce4c13e,T5.2.3
seed_metric,higher_leakage_injection,202607162307,0.0,injection_episode_rate_per_1000_cycles,0.0,,,whole_seed_trajectory_cluster,9ab721e9e0a50af1f7e249f621d11773913b149490b7745d4651e4635ce4c13e,T5.2.3
seed_metric,higher_leakage_injection,202607162307,0.0,empirical_higher_injection_probability,0.0,,,whole_seed_trajectory_cluster,9ab721e9e0a50af1f7e249f621d11773913b149490b7745d4651e4635ce4c13e,T5.2.3
seed_metric,higher_leakage_injection,202607162307,0.0,detection_probability,,,,NOT_APPLICABLE_NO_TRUE_EPISODES,9ab721e9e0a50af1f7e249f621d11773913b149490b7745d4651e4635ce4c13e,T5.2.3
seed_metric,higher_leakage_injection,202607162307,0.0,mean_detection_delay_steps,,,,NOT_APPLICABLE_NO_TRUE_EPISODES,9ab721e9e0a50af1f7e249f621d11773913b149490b7745d4651e4635ce4c13e,T5.2.3
seed_metric,higher_leakage_injection,202607162307,0.0,p95_detection_delay_steps,,,,NOT_APPLICABLE_NO_TRUE_EPISODES,9ab721e9e0a50af1f7e249f621d11773913b149490b7745d4651e4635ce4c13e,T5.2.3
seed_metric,higher_leakage_injection,202607162307,0.0,false_alarm_rate_per_healthy_step,0.00022125244140625,,,whole_seed_trajectory_cluster,9ab721e9e0a50af1f7e249f621d11773913b149490b7745d4651e4635ce4c13e,T5.2.3
seed_metric,higher_leakage_injection,202607162307,0.0,false_negative_rate_per_leakage_step,,,,NOT_APPLICABLE_NO_TRUE_EPISODES,9ab721e9e0a50af1f7e249f621d11773913b149490b7745d4651e4635ce4c13e,T5.2.3
seed_metric,higher_leakage_injection,202607162307,0.0,hidden_leakage_occupancy,0.0,,,whole_seed_trajectory_cluster,9ab721e9e0a50af1f7e249f621d11773913b149490b7745d4651e4635ce4c13e,T5.2.3
seed_metric,higher_leakage_injection,202607162307,0.0,observed_leakage_alarm_rate,0.00022125244140625,,,whole_seed_trajectory_cluster,9ab721e9e0a50af1f7e249f621d11773913b149490b7745d4651e4635ce4c13e,T5.2.3
seed_metric,higher_leakage_injection,202607162307,0.0,declared_normal_action_availability,0.9997787475585938,,,whole_seed_trajectory_cluster,9ab721e9e0a50af1f7e249f621d11773913b149490b7745d4651e4635ce4c13e,T5.2.3
seed_metric,higher_leakage_injection,202607162307,0.0,safe_normal_action_availability,0.9997787475585938,,,whole_seed_trajectory_cluster,9ab721e9e0a50af1f7e249f621d11773913b149490b7745d4651e4635ce4c13e,T5.2.3
seed_metric,higher_leakage_injection,202607162307,0.0,unsafe_declared_available_fraction,0.0,,,whole_seed_trajectory_cluster,9ab721e9e0a50af1f7e249f621d11773913b149490b7745d4651e4635ce4c13e,T5.2.3
seed_metric,higher_leakage_injection,202607162307,0.0,reset_requests_per_1000_cycles,0.4425048828125,,,whole_seed_trajectory_cluster,9ab721e9e0a50af1f7e249f621d11773913b149490b7745d4651e4635ce4c13e,T5.2.3
seed_metric,higher_leakage_injection,202607162307,0.0,reset_attempts_per_1000_cycles,0.0,,,whole_seed_trajectory_cluster,9ab721e9e0a50af1f7e249f621d11773913b149490b7745d4651e4635ce4c13e,T5.2.3
seed_metric,higher_leakage_injection,202607162307,0.0,empirical_reset_failure_probability,,,,NOT_APPLICABLE_NO_TRUE_EPISODES,9ab721e9e0a50af1f7e249f621d11773913b149490b7745d4651e4635ce4c13e,T5.2.3
seed_metric,higher_leakage_injection,202607162307,0.0,reset_failures_per_1000_cycles,0.0,,,whole_seed_trajectory_cluster,9ab721e9e0a50af1f7e249f621d11773913b149490b7745d4651e4635ce4c13e,T5.2.3
seed_metric,higher_leakage_injection,202607162307,0.0,successful_resets_per_1000_cycles,0.0,,,whole_seed_trajectory_cluster,9ab721e9e0a50af1f7e249f621d11773913b149490b7745d4651e4635ce4c13e,T5.2.3
seed_metric,higher_leakage_injection,202607162307,0.0,mean_hidden_leakage_run_steps,,,,NOT_APPLICABLE_NO_TRUE_EPISODES,9ab721e9e0a50af1f7e249f621d11773913b149490b7745d4651e4635ce4c13e,T5.2.3
seed_metric,higher_leakage_injection,202607162307,0.0,p95_hidden_leakage_run_steps,,,,NOT_APPLICABLE_NO_TRUE_EPISODES,9ab721e9e0a50af1f7e249f621d11773913b149490b7745d4651e4635ce4c13e,T5.2.3
seed_metric,higher_leakage_injection,202607162307,0.0,mean_short_lag_correlation,-0.00022180726703874132,,,whole_seed_trajectory_cluster,9ab721e9e0a50af1f7e249f621d11773913b149490b7745d4651e4635ce4c13e,T5.2.3
seed_metric,higher_leakage_injection,202607162307,0.0,mean_long_lag_correlation,0.005523644244505743,,,whole_seed_trajectory_cluster,9ab721e9e0a50af1f7e249f621d11773913b149490b7745d4651e4635ce4c13e,T5.2.3
seed_metric,higher_leakage_injection,202607162307,0.0,mean_long_lag_covariance,1.241246642011884e-06,,,whole_seed_trajectory_cluster,9ab721e9e0a50af1f7e249f621d11773913b149490b7745d4651e4635ce4c13e,T5.2.3
channel_intervention,higher_leakage_injection,202607162307,0.00025,channel_spec_sha256,a5f949dd0f1893e243a92822beec343c88be56f7c9c3529d3ca723584e4f34ce,,,exactly_one_physical_channel_changes,4e5408d5eae2ba1bfd12e023fe4e6834eeb58b89898f4723c81d96dc76641823,T5.2.3
seed_metric,higher_leakage_injection,202607162307,0.00025,injection_episode_rate_per_1000_cycles,0.5035400390625,,,whole_seed_trajectory_cluster,4e5408d5eae2ba1bfd12e023fe4e6834eeb58b89898f4723c81d96dc76641823,T5.2.3
seed_metric,higher_leakage_injection,202607162307,0.00025,empirical_higher_injection_probability,0.00025301412662206974,,,whole_seed_trajectory_cluster,4e5408d5eae2ba1bfd12e023fe4e6834eeb58b89898f4723c81d96dc76641823,T5.2.3
seed_metric,higher_leakage_injection,202607162307,0.00025,detection_probability,1.0,,,whole_seed_trajectory_cluster,4e5408d5eae2ba1bfd12e023fe4e6834eeb58b89898f4723c81d96dc76641823,T5.2.3
seed_metric,higher_leakage_injection,202607162307,0.00025,mean_detection_delay_steps,0.045454545454545456,,,whole_seed_trajectory_cluster,4e5408d5eae2ba1bfd12e023fe4e6834eeb58b89898f4723c81d96dc76641823,T5.2.3
seed_metric,higher_leakage_injection,202607162307,0.00025,p95_detection_delay_steps,0.0,,,whole_seed_trajectory_cluster,4e5408d5eae2ba1bfd12e023fe4e6834eeb58b89898f4723c81d96dc76641823,T5.2.3
seed_metric,higher_leakage_injection,202607162307,0.00025,false_alarm_rate_per_healthy_step,0.00022178629743072045,,,whole_seed_trajectory_cluster,4e5408d5eae2ba1bfd12e023fe4e6834eeb58b89898f4723c81d96dc76641823,T5.2.3
seed_metric,higher_leakage_injection,202607162307,0.00025,false_negative_rate_per_leakage_step,0.04595879556259905,,,whole_seed_trajectory_cluster,4e5408d5eae2ba1bfd12e023fe4e6834eeb58b89898f4723c81d96dc76641823,T5.2.3
seed_metric,higher_leakage_injection,202607162307,0.00025,hidden_leakage_occupancy,0.002407073974609375,,,whole_seed_trajectory_cluster,4e5408d5eae2ba1bfd12e023fe4e6834eeb58b89898f4723c81d96dc76641823,T5.2.3
seed_metric,higher_leakage_injection,202607162307,0.00025,observed_leakage_alarm_rate,0.0025177001953125,,,whole_seed_trajectory_cluster,4e5408d5eae2ba1bfd12e023fe4e6834eeb58b89898f4723c81d96dc76641823,T5.2.3
seed_metric,higher_leakage_injection,202607162307,0.00025,declared_normal_action_availability,0.9974822998046875,,,whole_seed_trajectory_cluster,4e5408d5eae2ba1bfd12e023fe4e6834eeb58b89898f4723c81d96dc76641823,T5.2.3
seed_metric,higher_leakage_injection,202607162307,0.00025,safe_normal_action_availability,0.9973716735839844,,,whole_seed_trajectory_cluster,4e5408d5eae2ba1bfd12e023fe4e6834eeb58b89898f4723c81d96dc76641823,T5.2.3
seed_metric,higher_leakage_injection,202607162307,0.00025,unsafe_declared_available_fraction,0.000110626220703125,,,whole_seed_trajectory_cluster,4e5408d5eae2ba1bfd12e023fe4e6834eeb58b89898f4723c81d96dc76641823,T5.2.3
seed_metric,higher_leakage_injection,202607162307,0.00025,reset_requests_per_1000_cycles,5.035400390625,,,whole_seed_trajectory_cluster,4e5408d5eae2ba1bfd12e023fe4e6834eeb58b89898f4723c81d96dc76641823,T5.2.3
seed_metric,higher_leakage_injection,202607162307,0.00025,reset_attempts_per_1000_cycles,4.5928955078125,,,whole_seed_trajectory_cluster,4e5408d5eae2ba1bfd12e023fe4e6834eeb58b89898f4723c81d96dc76641823,T5.2.3
seed_metric,higher_leakage_injection,202607162307,0.00025,empirical_reset_failure_probability,0.893687707641196,,,whole_seed_trajectory_cluster,4e5408d5eae2ba1bfd12e023fe4e6834eeb58b89898f4723c81d96dc76641823,T5.2.3
seed_metric,higher_leakage_injection,202607162307,0.00025,reset_failures_per_1000_cycles,4.1046142578125,,,whole_seed_trajectory_cluster,4e5408d5eae2ba1bfd12e023fe4e6834eeb58b89898f4723c81d96dc76641823,T5.2.3
seed_metric,higher_leakage_injection,202607162307,0.00025,successful_resets_per_1000_cycles,0.48828125,,,whole_seed_trajectory_cluster,4e5408d5eae2ba1bfd12e023fe4e6834eeb58b89898f4723c81d96dc76641823,T5.2.3
seed_metric,higher_leakage_injection,202607162307,0.00025,mean_hidden_leakage_run_steps,9.56060606060606,,,whole_seed_trajectory_cluster,4e5408d5eae2ba1bfd12e023fe4e6834eeb58b89898f4723c81d96dc76641823,T5.2.3
seed_metric,higher_leakage_injection,202607162307,0.00025,p95_hidden_leakage_run_steps,28.0,,,whole_seed_trajectory_cluster,4e5408d5eae2ba1bfd12e023fe4e6834eeb58b89898f4723c81d96dc76641823,T5.2.3
seed_metric,higher_leakage_injection,202607162307,0.00025,mean_short_lag_correlation,0.6804526592912472,,,whole_seed_trajectory_cluster,4e5408d5eae2ba1bfd12e023fe4e6834eeb58b89898f4723c81d96dc76641823,T5.2.3
seed_metric,higher_leakage_injection,202607162307,0.00025,mean_long_lag_correlation,0.1792921679238928,,,whole_seed_trajectory_cluster,4e5408d5eae2ba1bfd12e023fe4e6834eeb58b89898f4723c81d96dc76641823,T5.2.3
seed_metric,higher_leakage_injection,202607162307,0.00025,mean_long_lag_covariance,0.000449015122205998,,,whole_seed_trajectory_cluster,4e5408d5eae2ba1bfd12e023fe4e6834eeb58b89898f4723c81d96dc76641823,T5.2.3
channel_intervention,higher_leakage_injection,202607162307,0.0005,channel_spec_sha256,26caa5856dd0a98d2fcf7cc731c98d9fa0ccf05690e32b7a0bdea9b83da1822b,,,exactly_one_physical_channel_changes,073bbc472d4e8231aeff03208866fd1e76f210514a1225ca9a2a15cf8bd5d20b,T5.2.3
seed_metric,higher_leakage_injection,202607162307,0.0005,injection_episode_rate_per_1000_cycles,0.99945068359375,,,whole_seed_trajectory_cluster,073bbc472d4e8231aeff03208866fd1e76f210514a1225ca9a2a15cf8bd5d20b,T5.2.3
seed_metric,higher_leakage_injection,202607162307,0.0005,empirical_higher_injection_probability,0.0005032731966684083,,,whole_seed_trajectory_cluster,073bbc472d4e8231aeff03208866fd1e76f210514a1225ca9a2a15cf8bd5d20b,T5.2.3
seed_metric,higher_leakage_injection,202607162307,0.0005,detection_probability,1.0,,,whole_seed_trajectory_cluster,073bbc472d4e8231aeff03208866fd1e76f210514a1225ca9a2a15cf8bd5d20b,T5.2.3
seed_metric,higher_leakage_injection,202607162307,0.0005,mean_detection_delay_steps,0.05343511450381679,,,whole_seed_trajectory_cluster,073bbc472d4e8231aeff03208866fd1e76f210514a1225ca9a2a15cf8bd5d20b,T5.2.3
seed_metric,higher_leakage_injection,202607162307,0.0005,p95_detection_delay_steps,0.5,,,whole_seed_trajectory_cluster,073bbc472d4e8231aeff03208866fd1e76f210514a1225ca9a2a15cf8bd5d20b,T5.2.3
seed_metric,higher_leakage_injection,202607162307,0.0005,false_alarm_rate_per_healthy_step,0.00022231932721571875,,,whole_seed_trajectory_cluster,073bbc472d4e8231aeff03208866fd1e76f210514a1225ca9a2a15cf8bd5d20b,T5.2.3
seed_metric,higher_leakage_injection,202607162307,0.0005,false_negative_rate_per_leakage_step,0.04689984101748808,,,whole_seed_trajectory_cluster,073bbc472d4e8231aeff03208866fd1e76f210514a1225ca9a2a15cf8bd5d20b,T5.2.3
seed_metric,higher_leakage_injection,202607162307,0.0005,hidden_leakage_occupancy,0.00479888916015625,,,whole_seed_trajectory_cluster,073bbc472d4e8231aeff03208866fd1e76f210514a1225ca9a2a15cf8bd5d20b,T5.2.3
seed_metric,higher_leakage_injection,202607162307,0.0005,observed_leakage_alarm_rate,0.004795074462890625,,,whole_seed_trajectory_cluster,073bbc472d4e8231aeff03208866fd1e76f210514a1225ca9a2a15cf8bd5d20b,T5.2.3
seed_metric,higher_leakage_injection,202607162307,0.0005,declared_normal_action_availability,0.9952049255371094,,,whole_seed_trajectory_cluster,073bbc472d4e8231aeff03208866fd1e76f210514a1225ca9a2a15cf8bd5d20b,T5.2.3
seed_metric,higher_leakage_injection,202607162307,0.0005,safe_normal_action_availability,0.9949798583984375,,,whole_seed_trajectory_cluster,073bbc472d4e8231aeff03208866fd1e76f210514a1225ca9a2a15cf8bd5d20b,T5.2.3
seed_metric,higher_leakage_injection,202607162307,0.0005,unsafe_declared_available_fraction,0.000225067138671875,,,whole_seed_trajectory_cluster,073bbc472d4e8231aeff03208866fd1e76f210514a1225ca9a2a15cf8bd5d20b,T5.2.3
seed_metric,higher_leakage_injection,202607162307,0.0005,reset_requests_per_1000_cycles,9.59014892578125,,,whole_seed_trajectory_cluster,073bbc472d4e8231aeff03208866fd1e76f210514a1225ca9a2a15cf8bd5d20b,T5.2.3
seed_metric,higher_leakage_injection,202607162307,0.0005,reset_attempts_per_1000_cycles,9.14764404296875,,,whole_seed_trajectory_cluster,073bbc472d4e8231aeff03208866fd1e76f210514a1225ca9a2a15cf8bd5d20b,T5.2.3
seed_metric,higher_leakage_injection,202607162307,0.0005,empirical_reset_failure_probability,0.8932443703085905,,,whole_seed_trajectory_cluster,073bbc472d4e8231aeff03208866fd1e76f210514a1225ca9a2a15cf8bd5d20b,T5.2.3
seed_metric,higher_leakage_injection,202607162307,0.0005,reset_failures_per_1000_cycles,8.17108154296875,,,whole_seed_trajectory_cluster,073bbc472d4e8231aeff03208866fd1e76f210514a1225ca9a2a15cf8bd5d20b,T5.2.3
seed_metric,higher_leakage_injection,202607162307,0.0005,successful_resets_per_1000_cycles,0.9765625,,,whole_seed_trajectory_cluster,073bbc472d4e8231aeff03208866fd1e76f210514a1225ca9a2a15cf8bd5d20b,T5.2.3
seed_metric,higher_leakage_injection,202607162307,0.0005,mean_hidden_leakage_run_steps,9.603053435114504,,,whole_seed_trajectory_cluster,073bbc472d4e8231aeff03208866fd1e76f210514a1225ca9a2a15cf8bd5d20b,T5.2.3
seed_metric,higher_leakage_injection,202607162307,0.0005,p95_hidden_leakage_run_steps,27.0,,,whole_seed_trajectory_cluster,073bbc472d4e8231aeff03208866fd1e76f210514a1225ca9a2a15cf8bd5d20b,T5.2.3
seed_metric,higher_leakage_injection,202607162307,0.0005,mean_short_lag_correlation,0.7053657513660366,,,whole_seed_trajectory_cluster,073bbc472d4e8231aeff03208866fd1e76f210514a1225ca9a2a15cf8bd5d20b,T5.2.3
seed_metric,higher_leakage_injection,202607162307,0.0005,mean_long_lag_correlation,0.17849945911047052,,,whole_seed_trajectory_cluster,073bbc472d4e8231aeff03208866fd1e76f210514a1225ca9a2a15cf8bd5d20b,T5.2.3
seed_metric,higher_leakage_injection,202607162307,0.0005,mean_long_lag_covariance,0.0008512324937106423,,,whole_seed_trajectory_cluster,073bbc472d4e8231aeff03208866fd1e76f210514a1225ca9a2a15cf8bd5d20b,T5.2.3
channel_intervention,higher_leakage_injection,202607162307,0.001,channel_spec_sha256,df202c33efdc80992db2a2ea6bcdc728b1f59d490135a90d21c33f3a287fc9bd,,,exactly_one_physical_channel_changes,2bea7d17c481c9e6181cfdad13368555eb7531b1ec233d201b956b4302e970ea,T5.2.3
seed_metric,higher_leakage_injection,202607162307,0.001,injection_episode_rate_per_1000_cycles,2.1514892578125,,,whole_seed_trajectory_cluster,2bea7d17c481c9e6181cfdad13368555eb7531b1ec233d201b956b4302e970ea,T5.2.3
seed_metric,higher_leakage_injection,202607162307,0.001,empirical_higher_injection_probability,0.0010891815688849407,,,whole_seed_trajectory_cluster,2bea7d17c481c9e6181cfdad13368555eb7531b1ec233d201b956b4302e970ea,T5.2.3
seed_metric,higher_leakage_injection,202607162307,0.001,detection_probability,1.0,,,whole_seed_trajectory_cluster,2bea7d17c481c9e6181cfdad13368555eb7531b1ec233d201b956b4302e970ea,T5.2.3
seed_metric,higher_leakage_injection,202607162307,0.001,mean_detection_delay_steps,0.03546099290780142,,,whole_seed_trajectory_cluster,2bea7d17c481c9e6181cfdad13368555eb7531b1ec233d201b956b4302e970ea,T5.2.3
seed_metric,higher_leakage_injection,202607162307,0.001,p95_detection_delay_steps,0.0,,,whole_seed_trajectory_cluster,2bea7d17c481c9e6181cfdad13368555eb7531b1ec233d201b956b4302e970ea,T5.2.3
seed_metric,higher_leakage_injection,202607162307,0.001,false_alarm_rate_per_healthy_step,0.00021978360954092216,,,whole_seed_trajectory_cluster,2bea7d17c481c9e6181cfdad13368555eb7531b1ec233d201b956b4302e970ea,T5.2.3
seed_metric,higher_leakage_injection,202607162307,0.001,false_negative_rate_per_leakage_step,0.043959971408148675,,,whole_seed_trajectory_cluster,2bea7d17c481c9e6181cfdad13368555eb7531b1ec233d201b956b4302e970ea,T5.2.3
seed_metric,higher_leakage_injection,202607162307,0.001,hidden_leakage_occupancy,0.01067352294921875,,,whole_seed_trajectory_cluster,2bea7d17c481c9e6181cfdad13368555eb7531b1ec233d201b956b4302e970ea,T5.2.3
seed_metric,higher_leakage_injection,202607162307,0.001,observed_leakage_alarm_rate,0.0104217529296875,,,whole_seed_trajectory_cluster,2bea7d17c481c9e6181cfdad13368555eb7531b1ec233d201b956b4302e970ea,T5.2.3
seed_metric,higher_leakage_injection,202607162307,0.001,declared_normal_action_availability,0.9895782470703125,,,whole_seed_trajectory_cluster,2bea7d17c481c9e6181cfdad13368555eb7531b1ec233d201b956b4302e970ea,T5.2.3
seed_metric,higher_leakage_injection,202607162307,0.001,safe_normal_action_availability,0.9891090393066406,,,whole_seed_trajectory_cluster,2bea7d17c481c9e6181cfdad13368555eb7531b1ec233d201b956b4302e970ea,T5.2.3
seed_metric,higher_leakage_injection,202607162307,0.001,unsafe_declared_available_fraction,0.000469207763671875,,,whole_seed_trajectory_cluster,2bea7d17c481c9e6181cfdad13368555eb7531b1ec233d201b956b4302e970ea,T5.2.3
seed_metric,higher_leakage_injection,202607162307,0.001,reset_requests_per_1000_cycles,20.843505859375,,,whole_seed_trajectory_cluster,2bea7d17c481c9e6181cfdad13368555eb7531b1ec233d201b956b4302e970ea,T5.2.3
seed_metric,higher_leakage_injection,202607162307,0.001,reset_attempts_per_1000_cycles,20.40863037109375,,,whole_seed_trajectory_cluster,2bea7d17c481c9e6181cfdad13368555eb7531b1ec233d201b956b4302e970ea,T5.2.3
seed_metric,higher_leakage_injection,202607162307,0.001,empirical_reset_failure_probability,0.896822429906542,,,whole_seed_trajectory_cluster,2bea7d17c481c9e6181cfdad13368555eb7531b1ec233d201b956b4302e970ea,T5.2.3
seed_metric,higher_leakage_injection,202607162307,0.001,reset_failures_per_1000_cycles,18.30291748046875,,,whole_seed_trajectory_cluster,2bea7d17c481c9e6181cfdad13368555eb7531b1ec233d201b956b4302e970ea,T5.2.3
seed_metric,higher_leakage_injection,202607162307,0.001,successful_resets_per_1000_cycles,2.105712890625,,,whole_seed_trajectory_cluster,2bea7d17c481c9e6181cfdad13368555eb7531b1ec233d201b956b4302e970ea,T5.2.3
seed_metric,higher_leakage_injection,202607162307,0.001,mean_hidden_leakage_run_steps,9.957295373665481,,,whole_seed_trajectory_cluster,2bea7d17c481c9e6181cfdad13368555eb7531b1ec233d201b956b4302e970ea,T5.2.3
seed_metric,higher_leakage_injection,202607162307,0.001,p95_hidden_leakage_run_steps,28.0,,,whole_seed_trajectory_cluster,2bea7d17c481c9e6181cfdad13368555eb7531b1ec233d201b956b4302e970ea,T5.2.3
seed_metric,higher_leakage_injection,202607162307,0.001,mean_short_lag_correlation,0.7327107392329771,,,whole_seed_trajectory_cluster,2bea7d17c481c9e6181cfdad13368555eb7531b1ec233d201b956b4302e970ea,T5.2.3
seed_metric,higher_leakage_injection,202607162307,0.001,mean_long_lag_correlation,0.21934422679185417,,,whole_seed_trajectory_cluster,2bea7d17c481c9e6181cfdad13368555eb7531b1ec233d201b956b4302e970ea,T5.2.3
seed_metric,higher_leakage_injection,202607162307,0.001,mean_long_lag_covariance,0.002261840729317031,,,whole_seed_trajectory_cluster,2bea7d17c481c9e6181cfdad13368555eb7531b1ec233d201b956b4302e970ea,T5.2.3
channel_intervention,higher_leakage_injection,202607162307,0.002,channel_spec_sha256,f5fd03ea5c93871bdde8860cba5abd0a731b406babfb5e4d22da0937c9930dc0,,,exactly_one_physical_channel_changes,34b40cf9b11a3f5b19f36f56ffc766318b070638e7ba96c8d10cdc9317e0ef7b,T5.2.3
seed_metric,higher_leakage_injection,202607162307,0.002,injection_episode_rate_per_1000_cycles,4.29534912109375,,,whole_seed_trajectory_cluster,34b40cf9b11a3f5b19f36f56ffc766318b070638e7ba96c8d10cdc9317e0ef7b,T5.2.3
seed_metric,higher_leakage_injection,202607162307,0.002,empirical_higher_injection_probability,0.0021998374542840176,,,whole_seed_trajectory_cluster,34b40cf9b11a3f5b19f36f56ffc766318b070638e7ba96c8d10cdc9317e0ef7b,T5.2.3
seed_metric,higher_leakage_injection,202607162307,0.002,detection_probability,1.0,,,whole_seed_trajectory_cluster,34b40cf9b11a3f5b19f36f56ffc766318b070638e7ba96c8d10cdc9317e0ef7b,T5.2.3
seed_metric,higher_leakage_injection,202607162307,0.002,mean_detection_delay_steps,0.046181172291296625,,,whole_seed_trajectory_cluster,34b40cf9b11a3f5b19f36f56ffc766318b070638e7ba96c8d10cdc9317e0ef7b,T5.2.3
seed_metric,higher_leakage_injection,202607162307,0.002,p95_detection_delay_steps,0.0,,,whole_seed_trajectory_cluster,34b40cf9b11a3f5b19f36f56ffc766318b070638e7ba96c8d10cdc9317e0ef7b,T5.2.3
seed_metric,higher_leakage_injection,202607162307,0.002,false_alarm_rate_per_healthy_step,0.0002147825034267572,,,whole_seed_trajectory_cluster,34b40cf9b11a3f5b19f36f56ffc766318b070638e7ba96c8d10cdc9317e0ef7b,T5.2.3
seed_metric,higher_leakage_injection,202607162307,0.002,false_negative_rate_per_leakage_step,0.046944490199308186,,,whole_seed_trajectory_cluster,34b40cf9b11a3f5b19f36f56ffc766318b070638e7ba96c8d10cdc9317e0ef7b,T5.2.3
seed_metric,higher_leakage_injection,202607162307,0.002,hidden_leakage_occupancy,0.023159027099609375,,,whole_seed_trajectory_cluster,34b40cf9b11a3f5b19f36f56ffc766318b070638e7ba96c8d10cdc9317e0ef7b,T5.2.3
seed_metric,higher_leakage_injection,202607162307,0.002,observed_leakage_alarm_rate,0.022281646728515625,,,whole_seed_trajectory_cluster,34b40cf9b11a3f5b19f36f56ffc766318b070638e7ba96c8d10cdc9317e0ef7b,T5.2.3
seed_metric,higher_leakage_injection,202607162307,0.002,declared_normal_action_availability,0.9777183532714844,,,whole_seed_trajectory_cluster,34b40cf9b11a3f5b19f36f56ffc766318b070638e7ba96c8d10cdc9317e0ef7b,T5.2.3
seed_metric,higher_leakage_injection,202607162307,0.002,safe_normal_action_availability,0.9766311645507812,,,whole_seed_trajectory_cluster,34b40cf9b11a3f5b19f36f56ffc766318b070638e7ba96c8d10cdc9317e0ef7b,T5.2.3
seed_metric,higher_leakage_injection,202607162307,0.002,unsafe_declared_available_fraction,0.001087188720703125,,,whole_seed_trajectory_cluster,34b40cf9b11a3f5b19f36f56ffc766318b070638e7ba96c8d10cdc9317e0ef7b,T5.2.3
seed_metric,higher_leakage_injection,202607162307,0.002,reset_requests_per_1000_cycles,44.56329345703125,,,whole_seed_trajectory_cluster,34b40cf9b11a3f5b19f36f56ffc766318b070638e7ba96c8d10cdc9317e0ef7b,T5.2.3
seed_metric,higher_leakage_injection,202607162307,0.002,reset_attempts_per_1000_cycles,44.1436767578125,,,whole_seed_trajectory_cluster,34b40cf9b11a3f5b19f36f56ffc766318b070638e7ba96c8d10cdc9317e0ef7b,T5.2.3
seed_metric,higher_leakage_injection,202607162307,0.002,empirical_reset_failure_probability,0.9039059799516074,,,whole_seed_trajectory_cluster,34b40cf9b11a3f5b19f36f56ffc766318b070638e7ba96c8d10cdc9317e0ef7b,T5.2.3
seed_metric,higher_leakage_injection,202607162307,0.002,reset_failures_per_1000_cycles,39.9017333984375,,,whole_seed_trajectory_cluster,34b40cf9b11a3f5b19f36f56ffc766318b070638e7ba96c8d10cdc9317e0ef7b,T5.2.3
seed_metric,higher_leakage_injection,202607162307,0.002,successful_resets_per_1000_cycles,4.241943359375,,,whole_seed_trajectory_cluster,34b40cf9b11a3f5b19f36f56ffc766318b070638e7ba96c8d10cdc9317e0ef7b,T5.2.3
seed_metric,higher_leakage_injection,202607162307,0.002,mean_hidden_leakage_run_steps,10.82174688057041,,,whole_seed_trajectory_cluster,34b40cf9b11a3f5b19f36f56ffc766318b070638e7ba96c8d10cdc9317e0ef7b,T5.2.3
seed_metric,higher_leakage_injection,202607162307,0.002,p95_hidden_leakage_run_steps,29.0,,,whole_seed_trajectory_cluster,34b40cf9b11a3f5b19f36f56ffc766318b070638e7ba96c8d10cdc9317e0ef7b,T5.2.3
seed_metric,higher_leakage_injection,202607162307,0.002,mean_short_lag_correlation,0.74920459802568,,,whole_seed_trajectory_cluster,34b40cf9b11a3f5b19f36f56ffc766318b070638e7ba96c8d10cdc9317e0ef7b,T5.2.3
seed_metric,higher_leakage_injection,202607162307,0.002,mean_long_lag_correlation,0.21769171829510978,,,whole_seed_trajectory_cluster,34b40cf9b11a3f5b19f36f56ffc766318b070638e7ba96c8d10cdc9317e0ef7b,T5.2.3
seed_metric,higher_leakage_injection,202607162307,0.002,mean_long_lag_covariance,0.004738829221955521,,,whole_seed_trajectory_cluster,34b40cf9b11a3f5b19f36f56ffc766318b070638e7ba96c8d10cdc9317e0ef7b,T5.2.3
channel_intervention,higher_leakage_injection,202607162307,0.004,channel_spec_sha256,0f01501ebe5eb850566962eb943fbe42333f0560ee9403a3e0ac9dcfaf28dd41,,,exactly_one_physical_channel_changes,a7fc71aa26e5b3a7a297a788452ee32365c42ab3920520e9510049a85b475117,T5.2.3
seed_metric,higher_leakage_injection,202607162307,0.004,injection_episode_rate_per_1000_cycles,8.11767578125,,,whole_seed_trajectory_cluster,a7fc71aa26e5b3a7a297a788452ee32365c42ab3920520e9510049a85b475117,T5.2.3
seed_metric,higher_leakage_injection,202607162307,0.004,empirical_higher_injection_probability,0.004246352287602567,,,whole_seed_trajectory_cluster,a7fc71aa26e5b3a7a297a788452ee32365c42ab3920520e9510049a85b475117,T5.2.3
seed_metric,higher_leakage_injection,202607162307,0.004,detection_probability,1.0,,,whole_seed_trajectory_cluster,a7fc71aa26e5b3a7a297a788452ee32365c42ab3920520e9510049a85b475117,T5.2.3
seed_metric,higher_leakage_injection,202607162307,0.004,mean_detection_delay_steps,0.05639097744360902,,,whole_seed_trajectory_cluster,a7fc71aa26e5b3a7a297a788452ee32365c42ab3920520e9510049a85b475117,T5.2.3
seed_metric,higher_leakage_injection,202607162307,0.004,p95_detection_delay_steps,1.0,,,whole_seed_trajectory_cluster,a7fc71aa26e5b3a7a297a788452ee32365c42ab3920520e9510049a85b475117,T5.2.3
seed_metric,higher_leakage_injection,202607162307,0.004,false_alarm_rate_per_healthy_step,0.00021982589788887202,,,whole_seed_trajectory_cluster,a7fc71aa26e5b3a7a297a788452ee32365c42ab3920520e9510049a85b475117,T5.2.3
seed_metric,higher_leakage_injection,202607162307,0.004,false_negative_rate_per_leakage_step,0.049974886991461576,,,whole_seed_trajectory_cluster,a7fc71aa26e5b3a7a297a788452ee32365c42ab3920520e9510049a85b475117,T5.2.3
seed_metric,higher_leakage_injection,202607162307,0.004,hidden_leakage_occupancy,0.04557037353515625,,,whole_seed_trajectory_cluster,a7fc71aa26e5b3a7a297a788452ee32365c42ab3920520e9510049a85b475117,T5.2.3
seed_metric,higher_leakage_injection,202607162307,0.004,observed_leakage_alarm_rate,0.0435028076171875,,,whole_seed_trajectory_cluster,a7fc71aa26e5b3a7a297a788452ee32365c42ab3920520e9510049a85b475117,T5.2.3
seed_metric,higher_leakage_injection,202607162307,0.004,declared_normal_action_availability,0.9564971923828125,,,whole_seed_trajectory_cluster,a7fc71aa26e5b3a7a297a788452ee32365c42ab3920520e9510049a85b475117,T5.2.3
seed_metric,higher_leakage_injection,202607162307,0.004,safe_normal_action_availability,0.9542198181152344,,,whole_seed_trajectory_cluster,a7fc71aa26e5b3a7a297a788452ee32365c42ab3920520e9510049a85b475117,T5.2.3
seed_metric,higher_leakage_injection,202607162307,0.004,unsafe_declared_available_fraction,0.002277374267578125,,,whole_seed_trajectory_cluster,a7fc71aa26e5b3a7a297a788452ee32365c42ab3920520e9510049a85b475117,T5.2.3
seed_metric,higher_leakage_injection,202607162307,0.004,reset_requests_per_1000_cycles,87.005615234375,,,whole_seed_trajectory_cluster,a7fc71aa26e5b3a7a297a788452ee32365c42ab3920520e9510049a85b475117,T5.2.3
seed_metric,higher_leakage_injection,202607162307,0.004,reset_attempts_per_1000_cycles,86.58599853515625,,,whole_seed_trajectory_cluster,a7fc71aa26e5b3a7a297a788452ee32365c42ab3920520e9510049a85b475117,T5.2.3
seed_metric,higher_leakage_injection,202607162307,0.004,empirical_reset_failure_probability,0.9070402678650101,,,whole_seed_trajectory_cluster,a7fc71aa26e5b3a7a297a788452ee32365c42ab3920520e9510049a85b475117,T5.2.3
seed_metric,higher_leakage_injection,202607162307,0.004,reset_failures_per_1000_cycles,78.5369873046875,,,whole_seed_trajectory_cluster,a7fc71aa26e5b3a7a297a788452ee32365c42ab3920520e9510049a85b475117,T5.2.3
seed_metric,higher_leakage_injection,202607162307,0.004,successful_resets_per_1000_cycles,8.04901123046875,,,whole_seed_trajectory_cluster,a7fc71aa26e5b3a7a297a788452ee32365c42ab3920520e9510049a85b475117,T5.2.3
seed_metric,higher_leakage_injection,202607162307,0.004,mean_hidden_leakage_run_steps,11.269811320754718,,,whole_seed_trajectory_cluster,a7fc71aa26e5b3a7a297a788452ee32365c42ab3920520e9510049a85b475117,T5.2.3
seed_metric,higher_leakage_injection,202607162307,0.004,p95_hidden_leakage_run_steps,33.0,,,whole_seed_trajectory_cluster,a7fc71aa26e5b3a7a297a788452ee32365c42ab3920520e9510049a85b475117,T5.2.3
seed_metric,higher_leakage_injection,202607162307,0.004,mean_short_lag_correlation,0.7551588743215784,,,whole_seed_trajectory_cluster,a7fc71aa26e5b3a7a297a788452ee32365c42ab3920520e9510049a85b475117,T5.2.3
seed_metric,higher_leakage_injection,202607162307,0.004,mean_long_lag_correlation,0.23601870955058804,,,whole_seed_trajectory_cluster,a7fc71aa26e5b3a7a297a788452ee32365c42ab3920520e9510049a85b475117,T5.2.3
seed_metric,higher_leakage_injection,202607162307,0.004,mean_long_lag_covariance,0.009843311325622684,,,whole_seed_trajectory_cluster,a7fc71aa26e5b3a7a297a788452ee32365c42ab3920520e9510049a85b475117,T5.2.3
channel_intervention,higher_leakage_injection,202607162308,0.0,channel_spec_sha256,7d61ab77777c967f172b09b118b5d572717049828938778f7dec874b7d8b824d,,,exactly_one_physical_channel_changes,c02944f2492d2d0ca2890ac71dba0a2375b38f74d0707480a0675558e393688f,T5.2.3
seed_metric,higher_leakage_injection,202607162308,0.0,injection_episode_rate_per_1000_cycles,0.0,,,whole_seed_trajectory_cluster,c02944f2492d2d0ca2890ac71dba0a2375b38f74d0707480a0675558e393688f,T5.2.3
seed_metric,higher_leakage_injection,202607162308,0.0,empirical_higher_injection_probability,0.0,,,whole_seed_trajectory_cluster,c02944f2492d2d0ca2890ac71dba0a2375b38f74d0707480a0675558e393688f,T5.2.3
seed_metric,higher_leakage_injection,202607162308,0.0,detection_probability,,,,NOT_APPLICABLE_NO_TRUE_EPISODES,c02944f2492d2d0ca2890ac71dba0a2375b38f74d0707480a0675558e393688f,T5.2.3
seed_metric,higher_leakage_injection,202607162308,0.0,mean_detection_delay_steps,,,,NOT_APPLICABLE_NO_TRUE_EPISODES,c02944f2492d2d0ca2890ac71dba0a2375b38f74d0707480a0675558e393688f,T5.2.3
seed_metric,higher_leakage_injection,202607162308,0.0,p95_detection_delay_steps,,,,NOT_APPLICABLE_NO_TRUE_EPISODES,c02944f2492d2d0ca2890ac71dba0a2375b38f74d0707480a0675558e393688f,T5.2.3
seed_metric,higher_leakage_injection,202607162308,0.0,false_alarm_rate_per_healthy_step,0.000263214111328125,,,whole_seed_trajectory_cluster,c02944f2492d2d0ca2890ac71dba0a2375b38f74d0707480a0675558e393688f,T5.2.3
seed_metric,higher_leakage_injection,202607162308,0.0,false_negative_rate_per_leakage_step,,,,NOT_APPLICABLE_NO_TRUE_EPISODES,c02944f2492d2d0ca2890ac71dba0a2375b38f74d0707480a0675558e393688f,T5.2.3
seed_metric,higher_leakage_injection,202607162308,0.0,hidden_leakage_occupancy,0.0,,,whole_seed_trajectory_cluster,c02944f2492d2d0ca2890ac71dba0a2375b38f74d0707480a0675558e393688f,T5.2.3
seed_metric,higher_leakage_injection,202607162308,0.0,observed_leakage_alarm_rate,0.000263214111328125,,,whole_seed_trajectory_cluster,c02944f2492d2d0ca2890ac71dba0a2375b38f74d0707480a0675558e393688f,T5.2.3
seed_metric,higher_leakage_injection,202607162308,0.0,declared_normal_action_availability,0.9997367858886719,,,whole_seed_trajectory_cluster,c02944f2492d2d0ca2890ac71dba0a2375b38f74d0707480a0675558e393688f,T5.2.3
seed_metric,higher_leakage_injection,202607162308,0.0,safe_normal_action_availability,0.9997367858886719,,,whole_seed_trajectory_cluster,c02944f2492d2d0ca2890ac71dba0a2375b38f74d0707480a0675558e393688f,T5.2.3
seed_metric,higher_leakage_injection,202607162308,0.0,unsafe_declared_available_fraction,0.0,,,whole_seed_trajectory_cluster,c02944f2492d2d0ca2890ac71dba0a2375b38f74d0707480a0675558e393688f,T5.2.3
seed_metric,higher_leakage_injection,202607162308,0.0,reset_requests_per_1000_cycles,0.52642822265625,,,whole_seed_trajectory_cluster,c02944f2492d2d0ca2890ac71dba0a2375b38f74d0707480a0675558e393688f,T5.2.3
seed_metric,higher_leakage_injection,202607162308,0.0,reset_attempts_per_1000_cycles,0.0,,,whole_seed_trajectory_cluster,c02944f2492d2d0ca2890ac71dba0a2375b38f74d0707480a0675558e393688f,T5.2.3
seed_metric,higher_leakage_injection,202607162308,0.0,empirical_reset_failure_probability,,,,NOT_APPLICABLE_NO_TRUE_EPISODES,c02944f2492d2d0ca2890ac71dba0a2375b38f74d0707480a0675558e393688f,T5.2.3
seed_metric,higher_leakage_injection,202607162308,0.0,reset_failures_per_1000_cycles,0.0,,,whole_seed_trajectory_cluster,c02944f2492d2d0ca2890ac71dba0a2375b38f74d0707480a0675558e393688f,T5.2.3
seed_metric,higher_leakage_injection,202607162308,0.0,successful_resets_per_1000_cycles,0.0,,,whole_seed_trajectory_cluster,c02944f2492d2d0ca2890ac71dba0a2375b38f74d0707480a0675558e393688f,T5.2.3
seed_metric,higher_leakage_injection,202607162308,0.0,mean_hidden_leakage_run_steps,,,,NOT_APPLICABLE_NO_TRUE_EPISODES,c02944f2492d2d0ca2890ac71dba0a2375b38f74d0707480a0675558e393688f,T5.2.3
seed_metric,higher_leakage_injection,202607162308,0.0,p95_hidden_leakage_run_steps,,,,NOT_APPLICABLE_NO_TRUE_EPISODES,c02944f2492d2d0ca2890ac71dba0a2375b38f74d0707480a0675558e393688f,T5.2.3
seed_metric,higher_leakage_injection,202607162308,0.0,mean_short_lag_correlation,-0.00026388526336196353,,,whole_seed_trajectory_cluster,c02944f2492d2d0ca2890ac71dba0a2375b38f74d0707480a0675558e393688f,T5.2.3
seed_metric,higher_leakage_injection,202607162308,0.0,mean_long_lag_correlation,-0.0002622747628152693,,,whole_seed_trajectory_cluster,c02944f2492d2d0ca2890ac71dba0a2375b38f74d0707480a0675558e393688f,T5.2.3
seed_metric,higher_leakage_injection,202607162308,0.0,mean_long_lag_covariance,-6.87549383521086e-08,,,whole_seed_trajectory_cluster,c02944f2492d2d0ca2890ac71dba0a2375b38f74d0707480a0675558e393688f,T5.2.3
channel_intervention,higher_leakage_injection,202607162308,0.00025,channel_spec_sha256,a5f949dd0f1893e243a92822beec343c88be56f7c9c3529d3ca723584e4f34ce,,,exactly_one_physical_channel_changes,249165a9c9ad6fee4d02daaf5fe524069da7945679d7632f22cb5899e7caf039,T5.2.3
seed_metric,higher_leakage_injection,202607162308,0.00025,injection_episode_rate_per_1000_cycles,0.57220458984375,,,whole_seed_trajectory_cluster,249165a9c9ad6fee4d02daaf5fe524069da7945679d7632f22cb5899e7caf039,T5.2.3
seed_metric,higher_leakage_injection,202607162308,0.00025,empirical_higher_injection_probability,0.0002876417594471142,,,whole_seed_trajectory_cluster,249165a9c9ad6fee4d02daaf5fe524069da7945679d7632f22cb5899e7caf039,T5.2.3
seed_metric,higher_leakage_injection,202607162308,0.00025,detection_probability,1.0,,,whole_seed_trajectory_cluster,249165a9c9ad6fee4d02daaf5fe524069da7945679d7632f22cb5899e7caf039,T5.2.3
seed_metric,higher_leakage_injection,202607162308,0.00025,mean_detection_delay_steps,0.04,,,whole_seed_trajectory_cluster,249165a9c9ad6fee4d02daaf5fe524069da7945679d7632f22cb5899e7caf039,T5.2.3
seed_metric,higher_leakage_injection,202607162308,0.00025,p95_detection_delay_steps,0.0,,,whole_seed_trajectory_cluster,249165a9c9ad6fee4d02daaf5fe524069da7945679d7632f22cb5899e7caf039,T5.2.3
seed_metric,higher_leakage_injection,202607162308,0.00025,false_alarm_rate_per_healthy_step,0.000264017815463026,,,whole_seed_trajectory_cluster,249165a9c9ad6fee4d02daaf5fe524069da7945679d7632f22cb5899e7caf039,T5.2.3
seed_metric,higher_leakage_injection,202607162308,0.00025,false_negative_rate_per_leakage_step,0.043859649122807015,,,whole_seed_trajectory_cluster,249165a9c9ad6fee4d02daaf5fe524069da7945679d7632f22cb5899e7caf039,T5.2.3
seed_metric,higher_leakage_injection,202607162308,0.00025,hidden_leakage_occupancy,0.00304412841796875,,,whole_seed_trajectory_cluster,249165a9c9ad6fee4d02daaf5fe524069da7945679d7632f22cb5899e7caf039,T5.2.3
seed_metric,higher_leakage_injection,202607162308,0.00025,observed_leakage_alarm_rate,0.003173828125,,,whole_seed_trajectory_cluster,249165a9c9ad6fee4d02daaf5fe524069da7945679d7632f22cb5899e7caf039,T5.2.3
seed_metric,higher_leakage_injection,202607162308,0.00025,declared_normal_action_availability,0.996826171875,,,whole_seed_trajectory_cluster,249165a9c9ad6fee4d02daaf5fe524069da7945679d7632f22cb5899e7caf039,T5.2.3
seed_metric,higher_leakage_injection,202607162308,0.00025,safe_normal_action_availability,0.9966926574707031,,,whole_seed_trajectory_cluster,249165a9c9ad6fee4d02daaf5fe524069da7945679d7632f22cb5899e7caf039,T5.2.3
seed_metric,higher_leakage_injection,202607162308,0.00025,unsafe_declared_available_fraction,0.000133514404296875,,,whole_seed_trajectory_cluster,249165a9c9ad6fee4d02daaf5fe524069da7945679d7632f22cb5899e7caf039,T5.2.3
seed_metric,higher_leakage_injection,202607162308,0.00025,reset_requests_per_1000_cycles,6.34765625,,,whole_seed_trajectory_cluster,249165a9c9ad6fee4d02daaf5fe524069da7945679d7632f22cb5899e7caf039,T5.2.3
seed_metric,higher_leakage_injection,202607162308,0.00025,reset_attempts_per_1000_cycles,5.82122802734375,,,whole_seed_trajectory_cluster,249165a9c9ad6fee4d02daaf5fe524069da7945679d7632f22cb5899e7caf039,T5.2.3
seed_metric,higher_leakage_injection,202607162308,0.00025,empirical_reset_failure_probability,0.9030144167758847,,,whole_seed_trajectory_cluster,249165a9c9ad6fee4d02daaf5fe524069da7945679d7632f22cb5899e7caf039,T5.2.3
seed_metric,higher_leakage_injection,202607162308,0.00025,reset_failures_per_1000_cycles,5.25665283203125,,,whole_seed_trajectory_cluster,249165a9c9ad6fee4d02daaf5fe524069da7945679d7632f22cb5899e7caf039,T5.2.3
seed_metric,higher_leakage_injection,202607162308,0.00025,successful_resets_per_1000_cycles,0.5645751953125,,,whole_seed_trajectory_cluster,249165a9c9ad6fee4d02daaf5fe524069da7945679d7632f22cb5899e7caf039,T5.2.3
seed_metric,higher_leakage_injection,202607162308,0.00025,mean_hidden_leakage_run_steps,10.64,,,whole_seed_trajectory_cluster,249165a9c9ad6fee4d02daaf5fe524069da7945679d7632f22cb5899e7caf039,T5.2.3
seed_metric,higher_leakage_injection,202607162308,0.00025,p95_hidden_leakage_run_steps,30.89999999999999,,,whole_seed_trajectory_cluster,249165a9c9ad6fee4d02daaf5fe524069da7945679d7632f22cb5899e7caf039,T5.2.3
seed_metric,higher_leakage_injection,202607162308,0.00025,mean_short_lag_correlation,0.7001891633121339,,,whole_seed_trajectory_cluster,249165a9c9ad6fee4d02daaf5fe524069da7945679d7632f22cb5899e7caf039,T5.2.3
seed_metric,higher_leakage_injection,202607162308,0.00025,mean_long_lag_correlation,0.21827798427969455,,,whole_seed_trajectory_cluster,249165a9c9ad6fee4d02daaf5fe524069da7945679d7632f22cb5899e7caf039,T5.2.3
seed_metric,higher_leakage_injection,202607162308,0.00025,mean_long_lag_covariance,0.0006976919271666432,,,whole_seed_trajectory_cluster,249165a9c9ad6fee4d02daaf5fe524069da7945679d7632f22cb5899e7caf039,T5.2.3
channel_intervention,higher_leakage_injection,202607162308,0.0005,channel_spec_sha256,26caa5856dd0a98d2fcf7cc731c98d9fa0ccf05690e32b7a0bdea9b83da1822b,,,exactly_one_physical_channel_changes,74b2da78a6dc66c8ef57bc65b7b05da7abf1048ca91d0a7d8a0501e8b431c47d,T5.2.3
seed_metric,higher_leakage_injection,202607162308,0.0005,injection_episode_rate_per_1000_cycles,1.12152099609375,,,whole_seed_trajectory_cluster,74b2da78a6dc66c8ef57bc65b7b05da7abf1048ca91d0a7d8a0501e8b431c47d,T5.2.3
seed_metric,higher_leakage_injection,202607162308,0.0005,empirical_higher_injection_probability,0.0005652454780361757,,,whole_seed_trajectory_cluster,74b2da78a6dc66c8ef57bc65b7b05da7abf1048ca91d0a7d8a0501e8b431c47d,T5.2.3
seed_metric,higher_leakage_injection,202607162308,0.0005,detection_probability,1.0,,,whole_seed_trajectory_cluster,74b2da78a6dc66c8ef57bc65b7b05da7abf1048ca91d0a7d8a0501e8b431c47d,T5.2.3
seed_metric,higher_leakage_injection,202607162308,0.0005,mean_detection_delay_steps,0.047619047619047616,,,whole_seed_trajectory_cluster,74b2da78a6dc66c8ef57bc65b7b05da7abf1048ca91d0a7d8a0501e8b431c47d,T5.2.3
seed_metric,higher_leakage_injection,202607162308,0.0005,p95_detection_delay_steps,0.0,,,whole_seed_trajectory_cluster,74b2da78a6dc66c8ef57bc65b7b05da7abf1048ca91d0a7d8a0501e8b431c47d,T5.2.3
seed_metric,higher_leakage_injection,202607162308,0.0005,false_alarm_rate_per_healthy_step,0.0002647776635098006,,,whole_seed_trajectory_cluster,74b2da78a6dc66c8ef57bc65b7b05da7abf1048ca91d0a7d8a0501e8b431c47d,T5.2.3
seed_metric,higher_leakage_injection,202607162308,0.0005,false_negative_rate_per_leakage_step,0.047157622739018086,,,whole_seed_trajectory_cluster,74b2da78a6dc66c8ef57bc65b7b05da7abf1048ca91d0a7d8a0501e8b431c47d,T5.2.3
seed_metric,higher_leakage_injection,202607162308,0.0005,hidden_leakage_occupancy,0.0059051513671875,,,whole_seed_trajectory_cluster,74b2da78a6dc66c8ef57bc65b7b05da7abf1048ca91d0a7d8a0501e8b431c47d,T5.2.3
seed_metric,higher_leakage_injection,202607162308,0.0005,observed_leakage_alarm_rate,0.005889892578125,,,whole_seed_trajectory_cluster,74b2da78a6dc66c8ef57bc65b7b05da7abf1048ca91d0a7d8a0501e8b431c47d,T5.2.3
seed_metric,higher_leakage_injection,202607162308,0.0005,declared_normal_action_availability,0.994110107421875,,,whole_seed_trajectory_cluster,74b2da78a6dc66c8ef57bc65b7b05da7abf1048ca91d0a7d8a0501e8b431c47d,T5.2.3
seed_metric,higher_leakage_injection,202607162308,0.0005,safe_normal_action_availability,0.9938316345214844,,,whole_seed_trajectory_cluster,74b2da78a6dc66c8ef57bc65b7b05da7abf1048ca91d0a7d8a0501e8b431c47d,T5.2.3
seed_metric,higher_leakage_injection,202607162308,0.0005,unsafe_declared_available_fraction,0.000278472900390625,,,whole_seed_trajectory_cluster,74b2da78a6dc66c8ef57bc65b7b05da7abf1048ca91d0a7d8a0501e8b431c47d,T5.2.3
seed_metric,higher_leakage_injection,202607162308,0.0005,reset_requests_per_1000_cycles,11.77978515625,,,whole_seed_trajectory_cluster,74b2da78a6dc66c8ef57bc65b7b05da7abf1048ca91d0a7d8a0501e8b431c47d,T5.2.3
seed_metric,higher_leakage_injection,202607162308,0.0005,reset_attempts_per_1000_cycles,11.25335693359375,,,whole_seed_trajectory_cluster,74b2da78a6dc66c8ef57bc65b7b05da7abf1048ca91d0a7d8a0501e8b431c47d,T5.2.3
seed_metric,higher_leakage_injection,202607162308,0.0005,empirical_reset_failure_probability,0.9010169491525424,,,whole_seed_trajectory_cluster,74b2da78a6dc66c8ef57bc65b7b05da7abf1048ca91d0a7d8a0501e8b431c47d,T5.2.3
seed_metric,higher_leakage_injection,202607162308,0.0005,reset_failures_per_1000_cycles,10.13946533203125,,,whole_seed_trajectory_cluster,74b2da78a6dc66c8ef57bc65b7b05da7abf1048ca91d0a7d8a0501e8b431c47d,T5.2.3
seed_metric,higher_leakage_injection,202607162308,0.0005,successful_resets_per_1000_cycles,1.1138916015625,,,whole_seed_trajectory_cluster,74b2da78a6dc66c8ef57bc65b7b05da7abf1048ca91d0a7d8a0501e8b431c47d,T5.2.3
seed_metric,higher_leakage_injection,202607162308,0.0005,mean_hidden_leakage_run_steps,10.45945945945946,,,whole_seed_trajectory_cluster,74b2da78a6dc66c8ef57bc65b7b05da7abf1048ca91d0a7d8a0501e8b431c47d,T5.2.3
seed_metric,higher_leakage_injection,202607162308,0.0005,p95_hidden_leakage_run_steps,31.650000000000006,,,whole_seed_trajectory_cluster,74b2da78a6dc66c8ef57bc65b7b05da7abf1048ca91d0a7d8a0501e8b431c47d,T5.2.3
seed_metric,higher_leakage_injection,202607162308,0.0005,mean_short_lag_correlation,0.7206681379265131,,,whole_seed_trajectory_cluster,74b2da78a6dc66c8ef57bc65b7b05da7abf1048ca91d0a7d8a0501e8b431c47d,T5.2.3
seed_metric,higher_leakage_injection,202607162308,0.0005,mean_long_lag_correlation,0.2162130225672654,,,whole_seed_trajectory_cluster,74b2da78a6dc66c8ef57bc65b7b05da7abf1048ca91d0a7d8a0501e8b431c47d,T5.2.3
seed_metric,higher_leakage_injection,202607162308,0.0005,mean_long_lag_covariance,0.001263992001648534,,,whole_seed_trajectory_cluster,74b2da78a6dc66c8ef57bc65b7b05da7abf1048ca91d0a7d8a0501e8b431c47d,T5.2.3
channel_intervention,higher_leakage_injection,202607162308,0.001,channel_spec_sha256,df202c33efdc80992db2a2ea6bcdc728b1f59d490135a90d21c33f3a287fc9bd,,,exactly_one_physical_channel_changes,d84b2c6c02ccb1ba0c93b4ba0e3c175014937f4f69180a38b2f6fefcaed77a60,T5.2.3
seed_metric,higher_leakage_injection,202607162308,0.001,injection_episode_rate_per_1000_cycles,2.11334228515625,,,whole_seed_trajectory_cluster,d84b2c6c02ccb1ba0c93b4ba0e3c175014937f4f69180a38b2f6fefcaed77a60,T5.2.3
seed_metric,higher_leakage_injection,202607162308,0.001,empirical_higher_injection_probability,0.0010704858923871836,,,whole_seed_trajectory_cluster,d84b2c6c02ccb1ba0c93b4ba0e3c175014937f4f69180a38b2f6fefcaed77a60,T5.2.3
seed_metric,higher_leakage_injection,202607162308,0.001,detection_probability,1.0,,,whole_seed_trajectory_cluster,d84b2c6c02ccb1ba0c93b4ba0e3c175014937f4f69180a38b2f6fefcaed77a60,T5.2.3
seed_metric,higher_leakage_injection,202607162308,0.001,mean_detection_delay_steps,0.05054151624548736,,,whole_seed_trajectory_cluster,d84b2c6c02ccb1ba0c93b4ba0e3c175014937f4f69180a38b2f6fefcaed77a60,T5.2.3
seed_metric,higher_leakage_injection,202607162308,0.001,p95_detection_delay_steps,0.19999999999998863,,,whole_seed_trajectory_cluster,d84b2c6c02ccb1ba0c93b4ba0e3c175014937f4f69180a38b2f6fefcaed77a60,T5.2.3
seed_metric,higher_leakage_injection,202607162308,0.001,false_alarm_rate_per_healthy_step,0.0002662458182042684,,,whole_seed_trajectory_cluster,d84b2c6c02ccb1ba0c93b4ba0e3c175014937f4f69180a38b2f6fefcaed77a60,T5.2.3
seed_metric,higher_leakage_injection,202607162308,0.001,false_negative_rate_per_leakage_step,0.048911222780569516,,,whole_seed_trajectory_cluster,d84b2c6c02ccb1ba0c93b4ba0e3c175014937f4f69180a38b2f6fefcaed77a60,T5.2.3
seed_metric,higher_leakage_injection,202607162308,0.001,hidden_leakage_occupancy,0.011386871337890625,,,whole_seed_trajectory_cluster,d84b2c6c02ccb1ba0c93b4ba0e3c175014937f4f69180a38b2f6fefcaed77a60,T5.2.3
seed_metric,higher_leakage_injection,202607162308,0.001,observed_leakage_alarm_rate,0.0110931396484375,,,whole_seed_trajectory_cluster,d84b2c6c02ccb1ba0c93b4ba0e3c175014937f4f69180a38b2f6fefcaed77a60,T5.2.3
seed_metric,higher_leakage_injection,202607162308,0.001,declared_normal_action_availability,0.9889068603515625,,,whole_seed_trajectory_cluster,d84b2c6c02ccb1ba0c93b4ba0e3c175014937f4f69180a38b2f6fefcaed77a60,T5.2.3
seed_metric,higher_leakage_injection,202607162308,0.001,safe_normal_action_availability,0.9883499145507812,,,whole_seed_trajectory_cluster,d84b2c6c02ccb1ba0c93b4ba0e3c175014937f4f69180a38b2f6fefcaed77a60,T5.2.3
seed_metric,higher_leakage_injection,202607162308,0.001,unsafe_declared_available_fraction,0.00055694580078125,,,whole_seed_trajectory_cluster,d84b2c6c02ccb1ba0c93b4ba0e3c175014937f4f69180a38b2f6fefcaed77a60,T5.2.3
seed_metric,higher_leakage_injection,202607162308,0.001,reset_requests_per_1000_cycles,22.186279296875,,,whole_seed_trajectory_cluster,d84b2c6c02ccb1ba0c93b4ba0e3c175014937f4f69180a38b2f6fefcaed77a60,T5.2.3
seed_metric,higher_leakage_injection,202607162308,0.001,reset_attempts_per_1000_cycles,21.65985107421875,,,whole_seed_trajectory_cluster,d84b2c6c02ccb1ba0c93b4ba0e3c175014937f4f69180a38b2f6fefcaed77a60,T5.2.3
seed_metric,higher_leakage_injection,202607162308,0.001,empirical_reset_failure_probability,0.9027826699542092,,,whole_seed_trajectory_cluster,d84b2c6c02ccb1ba0c93b4ba0e3c175014937f4f69180a38b2f6fefcaed77a60,T5.2.3
seed_metric,higher_leakage_injection,202607162308,0.001,reset_failures_per_1000_cycles,19.55413818359375,,,whole_seed_trajectory_cluster,d84b2c6c02ccb1ba0c93b4ba0e3c175014937f4f69180a38b2f6fefcaed77a60,T5.2.3
seed_metric,higher_leakage_injection,202607162308,0.001,successful_resets_per_1000_cycles,2.105712890625,,,whole_seed_trajectory_cluster,d84b2c6c02ccb1ba0c93b4ba0e3c175014937f4f69180a38b2f6fefcaed77a60,T5.2.3
seed_metric,higher_leakage_injection,202607162308,0.001,mean_hidden_leakage_run_steps,10.737410071942445,,,whole_seed_trajectory_cluster,d84b2c6c02ccb1ba0c93b4ba0e3c175014937f4f69180a38b2f6fefcaed77a60,T5.2.3
seed_metric,higher_leakage_injection,202607162308,0.001,p95_hidden_leakage_run_steps,31.149999999999977,,,whole_seed_trajectory_cluster,d84b2c6c02ccb1ba0c93b4ba0e3c175014937f4f69180a38b2f6fefcaed77a60,T5.2.3
seed_metric,higher_leakage_injection,202607162308,0.001,mean_short_lag_correlation,0.7376041322628106,,,whole_seed_trajectory_cluster,d84b2c6c02ccb1ba0c93b4ba0e3c175014937f4f69180a38b2f6fefcaed77a60,T5.2.3
seed_metric,higher_leakage_injection,202607162308,0.001,mean_long_lag_correlation,0.2396239087719403,,,whole_seed_trajectory_cluster,d84b2c6c02ccb1ba0c93b4ba0e3c175014937f4f69180a38b2f6fefcaed77a60,T5.2.3
seed_metric,higher_leakage_injection,202607162308,0.001,mean_long_lag_covariance,0.0026242972834248073,,,whole_seed_trajectory_cluster,d84b2c6c02ccb1ba0c93b4ba0e3c175014937f4f69180a38b2f6fefcaed77a60,T5.2.3
channel_intervention,higher_leakage_injection,202607162308,0.002,channel_spec_sha256,f5fd03ea5c93871bdde8860cba5abd0a731b406babfb5e4d22da0937c9930dc0,,,exactly_one_physical_channel_changes,a3e5ef42e154187602bd8839ac3b0d27eebf35d7cd8aac9ec015c0edda3c9186,T5.2.3
seed_metric,higher_leakage_injection,202607162308,0.002,injection_episode_rate_per_1000_cycles,3.8909912109375,,,whole_seed_trajectory_cluster,a3e5ef42e154187602bd8839ac3b0d27eebf35d7cd8aac9ec015c0edda3c9186,T5.2.3
seed_metric,higher_leakage_injection,202607162308,0.002,empirical_higher_injection_probability,0.0019883351007423116,,,whole_seed_trajectory_cluster,a3e5ef42e154187602bd8839ac3b0d27eebf35d7cd8aac9ec015c0edda3c9186,T5.2.3
seed_metric,higher_leakage_injection,202607162308,0.002,detection_probability,1.0,,,whole_seed_trajectory_cluster,a3e5ef42e154187602bd8839ac3b0d27eebf35d7cd8aac9ec015c0edda3c9186,T5.2.3
seed_metric,higher_leakage_injection,202607162308,0.002,mean_detection_delay_steps,0.047058823529411764,,,whole_seed_trajectory_cluster,a3e5ef42e154187602bd8839ac3b0d27eebf35d7cd8aac9ec015c0edda3c9186,T5.2.3
seed_metric,higher_leakage_injection,202607162308,0.002,p95_detection_delay_steps,0.0,,,whole_seed_trajectory_cluster,a3e5ef42e154187602bd8839ac3b0d27eebf35d7cd8aac9ec015c0edda3c9186,T5.2.3
seed_metric,higher_leakage_injection,202607162308,0.002,false_alarm_rate_per_healthy_step,0.00026494504338475086,,,whole_seed_trajectory_cluster,a3e5ef42e154187602bd8839ac3b0d27eebf35d7cd8aac9ec015c0edda3c9186,T5.2.3
seed_metric,higher_leakage_injection,202607162308,0.002,false_negative_rate_per_leakage_step,0.049571714962638964,,,whole_seed_trajectory_cluster,a3e5ef42e154187602bd8839ac3b0d27eebf35d7cd8aac9ec015c0edda3c9186,T5.2.3
seed_metric,higher_leakage_injection,202607162308,0.002,hidden_leakage_occupancy,0.020931243896484375,,,whole_seed_trajectory_cluster,a3e5ef42e154187602bd8839ac3b0d27eebf35d7cd8aac9ec015c0edda3c9186,T5.2.3
seed_metric,higher_leakage_injection,202607162308,0.002,observed_leakage_alarm_rate,0.020153045654296875,,,whole_seed_trajectory_cluster,a3e5ef42e154187602bd8839ac3b0d27eebf35d7cd8aac9ec015c0edda3c9186,T5.2.3
seed_metric,higher_leakage_injection,202607162308,0.002,declared_normal_action_availability,0.9798469543457031,,,whole_seed_trajectory_cluster,a3e5ef42e154187602bd8839ac3b0d27eebf35d7cd8aac9ec015c0edda3c9186,T5.2.3
seed_metric,higher_leakage_injection,202607162308,0.002,safe_normal_action_availability,0.9788093566894531,,,whole_seed_trajectory_cluster,a3e5ef42e154187602bd8839ac3b0d27eebf35d7cd8aac9ec015c0edda3c9186,T5.2.3
seed_metric,higher_leakage_injection,202607162308,0.002,unsafe_declared_available_fraction,0.00103759765625,,,whole_seed_trajectory_cluster,a3e5ef42e154187602bd8839ac3b0d27eebf35d7cd8aac9ec015c0edda3c9186,T5.2.3
seed_metric,higher_leakage_injection,202607162308,0.002,reset_requests_per_1000_cycles,40.30609130859375,,,whole_seed_trajectory_cluster,a3e5ef42e154187602bd8839ac3b0d27eebf35d7cd8aac9ec015c0edda3c9186,T5.2.3
seed_metric,higher_leakage_injection,202607162308,0.002,reset_attempts_per_1000_cycles,39.78729248046875,,,whole_seed_trajectory_cluster,a3e5ef42e154187602bd8839ac3b0d27eebf35d7cd8aac9ec015c0edda3c9186,T5.2.3
seed_metric,higher_leakage_injection,202607162308,0.002,empirical_reset_failure_probability,0.9022051773729626,,,whole_seed_trajectory_cluster,a3e5ef42e154187602bd8839ac3b0d27eebf35d7cd8aac9ec015c0edda3c9186,T5.2.3
seed_metric,higher_leakage_injection,202607162308,0.002,reset_failures_per_1000_cycles,35.89630126953125,,,whole_seed_trajectory_cluster,a3e5ef42e154187602bd8839ac3b0d27eebf35d7cd8aac9ec015c0edda3c9186,T5.2.3
seed_metric,higher_leakage_injection,202607162308,0.002,successful_resets_per_1000_cycles,3.8909912109375,,,whole_seed_trajectory_cluster,a3e5ef42e154187602bd8839ac3b0d27eebf35d7cd8aac9ec015c0edda3c9186,T5.2.3
seed_metric,higher_leakage_injection,202607162308,0.002,mean_hidden_leakage_run_steps,10.695906432748538,,,whole_seed_trajectory_cluster,a3e5ef42e154187602bd8839ac3b0d27eebf35d7cd8aac9ec015c0edda3c9186,T5.2.3
seed_metric,higher_leakage_injection,202607162308,0.002,p95_hidden_leakage_run_steps,30.0,,,whole_seed_trajectory_cluster,a3e5ef42e154187602bd8839ac3b0d27eebf35d7cd8aac9ec015c0edda3c9186,T5.2.3
seed_metric,higher_leakage_injection,202607162308,0.002,mean_short_lag_correlation,0.7428709058488007,,,whole_seed_trajectory_cluster,a3e5ef42e154187602bd8839ac3b0d27eebf35d7cd8aac9ec015c0edda3c9186,T5.2.3
seed_metric,higher_leakage_injection,202607162308,0.002,mean_long_lag_correlation,0.2306564293041046,,,whole_seed_trajectory_cluster,a3e5ef42e154187602bd8839ac3b0d27eebf35d7cd8aac9ec015c0edda3c9186,T5.2.3
seed_metric,higher_leakage_injection,202607162308,0.002,mean_long_lag_covariance,0.004543352670904155,,,whole_seed_trajectory_cluster,a3e5ef42e154187602bd8839ac3b0d27eebf35d7cd8aac9ec015c0edda3c9186,T5.2.3
channel_intervention,higher_leakage_injection,202607162308,0.004,channel_spec_sha256,0f01501ebe5eb850566962eb943fbe42333f0560ee9403a3e0ac9dcfaf28dd41,,,exactly_one_physical_channel_changes,23c5fd2cbbbfbc837a54ab45c6a9ff4e9a346dc8b88b537aab644288ba5d2cfb,T5.2.3
seed_metric,higher_leakage_injection,202607162308,0.004,injection_episode_rate_per_1000_cycles,7.69805908203125,,,whole_seed_trajectory_cluster,23c5fd2cbbbfbc837a54ab45c6a9ff4e9a346dc8b88b537aab644288ba5d2cfb,T5.2.3
seed_metric,higher_leakage_injection,202607162308,0.004,empirical_higher_injection_probability,0.0040068620988173995,,,whole_seed_trajectory_cluster,23c5fd2cbbbfbc837a54ab45c6a9ff4e9a346dc8b88b537aab644288ba5d2cfb,T5.2.3
seed_metric,higher_leakage_injection,202607162308,0.004,detection_probability,1.0,,,whole_seed_trajectory_cluster,23c5fd2cbbbfbc837a54ab45c6a9ff4e9a346dc8b88b537aab644288ba5d2cfb,T5.2.3
seed_metric,higher_leakage_injection,202607162308,0.004,mean_detection_delay_steps,0.057482656095143705,,,whole_seed_trajectory_cluster,23c5fd2cbbbfbc837a54ab45c6a9ff4e9a346dc8b88b537aab644288ba5d2cfb,T5.2.3
seed_metric,higher_leakage_injection,202607162308,0.004,p95_detection_delay_steps,1.0,,,whole_seed_trajectory_cluster,23c5fd2cbbbfbc837a54ab45c6a9ff4e9a346dc8b88b537aab644288ba5d2cfb,T5.2.3
seed_metric,higher_leakage_injection,202607162308,0.004,false_alarm_rate_per_healthy_step,0.00027041213991442254,,,whole_seed_trajectory_cluster,23c5fd2cbbbfbc837a54ab45c6a9ff4e9a346dc8b88b537aab644288ba5d2cfb,T5.2.3
seed_metric,higher_leakage_injection,202607162308,0.004,false_negative_rate_per_leakage_step,0.051049082053203444,,,whole_seed_trajectory_cluster,23c5fd2cbbbfbc837a54ab45c6a9ff4e9a346dc8b88b537aab644288ba5d2cfb,T5.2.3
seed_metric,higher_leakage_injection,202607162308,0.004,hidden_leakage_occupancy,0.0407257080078125,,,whole_seed_trajectory_cluster,23c5fd2cbbbfbc837a54ab45c6a9ff4e9a346dc8b88b537aab644288ba5d2cfb,T5.2.3
seed_metric,higher_leakage_injection,202607162308,0.004,observed_leakage_alarm_rate,0.038906097412109375,,,whole_seed_trajectory_cluster,23c5fd2cbbbfbc837a54ab45c6a9ff4e9a346dc8b88b537aab644288ba5d2cfb,T5.2.3
seed_metric,higher_leakage_injection,202607162308,0.004,declared_normal_action_availability,0.9610939025878906,,,whole_seed_trajectory_cluster,23c5fd2cbbbfbc837a54ab45c6a9ff4e9a346dc8b88b537aab644288ba5d2cfb,T5.2.3
seed_metric,higher_leakage_injection,202607162308,0.004,safe_normal_action_availability,0.959014892578125,,,whole_seed_trajectory_cluster,23c5fd2cbbbfbc837a54ab45c6a9ff4e9a346dc8b88b537aab644288ba5d2cfb,T5.2.3
seed_metric,higher_leakage_injection,202607162308,0.004,unsafe_declared_available_fraction,0.002079010009765625,,,whole_seed_trajectory_cluster,23c5fd2cbbbfbc837a54ab45c6a9ff4e9a346dc8b88b537aab644288ba5d2cfb,T5.2.3
seed_metric,higher_leakage_injection,202607162308,0.004,reset_requests_per_1000_cycles,77.81219482421875,,,whole_seed_trajectory_cluster,23c5fd2cbbbfbc837a54ab45c6a9ff4e9a346dc8b88b537aab644288ba5d2cfb,T5.2.3
seed_metric,higher_leakage_injection,202607162308,0.004,reset_attempts_per_1000_cycles,77.29339599609375,,,whole_seed_trajectory_cluster,23c5fd2cbbbfbc837a54ab45c6a9ff4e9a346dc8b88b537aab644288ba5d2cfb,T5.2.3
seed_metric,higher_leakage_injection,202607162308,0.004,empirical_reset_failure_probability,0.9008982331457901,,,whole_seed_trajectory_cluster,23c5fd2cbbbfbc837a54ab45c6a9ff4e9a346dc8b88b537aab644288ba5d2cfb,T5.2.3
seed_metric,higher_leakage_injection,202607162308,0.004,reset_failures_per_1000_cycles,69.63348388671875,,,whole_seed_trajectory_cluster,23c5fd2cbbbfbc837a54ab45c6a9ff4e9a346dc8b88b537aab644288ba5d2cfb,T5.2.3
seed_metric,higher_leakage_injection,202607162308,0.004,successful_resets_per_1000_cycles,7.659912109375,,,whole_seed_trajectory_cluster,23c5fd2cbbbfbc837a54ab45c6a9ff4e9a346dc8b88b537aab644288ba5d2cfb,T5.2.3
seed_metric,higher_leakage_injection,202607162308,0.004,mean_hidden_leakage_run_steps,10.559841740850644,,,whole_seed_trajectory_cluster,23c5fd2cbbbfbc837a54ab45c6a9ff4e9a346dc8b88b537aab644288ba5d2cfb,T5.2.3
seed_metric,higher_leakage_injection,202607162308,0.004,p95_hidden_leakage_run_steps,32.0,,,whole_seed_trajectory_cluster,23c5fd2cbbbfbc837a54ab45c6a9ff4e9a346dc8b88b537aab644288ba5d2cfb,T5.2.3
seed_metric,higher_leakage_injection,202607162308,0.004,mean_short_lag_correlation,0.7422660334214893,,,whole_seed_trajectory_cluster,23c5fd2cbbbfbc837a54ab45c6a9ff4e9a346dc8b88b537aab644288ba5d2cfb,T5.2.3
seed_metric,higher_leakage_injection,202607162308,0.004,mean_long_lag_correlation,0.2219300481033872,,,whole_seed_trajectory_cluster,23c5fd2cbbbfbc837a54ab45c6a9ff4e9a346dc8b88b537aab644288ba5d2cfb,T5.2.3
seed_metric,higher_leakage_injection,202607162308,0.004,mean_long_lag_covariance,0.008267095221880074,,,whole_seed_trajectory_cluster,23c5fd2cbbbfbc837a54ab45c6a9ff4e9a346dc8b88b537aab644288ba5d2cfb,T5.2.3
channel_intervention,higher_reset_failure,202607162301,0.0,channel_spec_sha256,e7450006c0b2028832e0ca3d8006e4749ce95f8e750b07c44b03620c3a4d5403,,,exactly_one_physical_channel_changes,12293ed8cede42e87caeb23b5b30e00d651bf593ec119508486fa041ca3ebb89,T5.2.3
seed_metric,higher_reset_failure,202607162301,0.0,injection_episode_rate_per_1000_cycles,4.09698486328125,,,whole_seed_trajectory_cluster,12293ed8cede42e87caeb23b5b30e00d651bf593ec119508486fa041ca3ebb89,T5.2.3
seed_metric,higher_reset_failure,202607162301,0.0,empirical_higher_injection_probability,0.002054016424481428,,,whole_seed_trajectory_cluster,12293ed8cede42e87caeb23b5b30e00d651bf593ec119508486fa041ca3ebb89,T5.2.3
seed_metric,higher_reset_failure,202607162301,0.0,detection_probability,1.0,,,whole_seed_trajectory_cluster,12293ed8cede42e87caeb23b5b30e00d651bf593ec119508486fa041ca3ebb89,T5.2.3
seed_metric,higher_reset_failure,202607162301,0.0,mean_detection_delay_steps,0.040968342644320296,,,whole_seed_trajectory_cluster,12293ed8cede42e87caeb23b5b30e00d651bf593ec119508486fa041ca3ebb89,T5.2.3
seed_metric,higher_reset_failure,202607162301,0.0,p95_detection_delay_steps,0.0,,,whole_seed_trajectory_cluster,12293ed8cede42e87caeb23b5b30e00d651bf593ec119508486fa041ca3ebb89,T5.2.3
seed_metric,higher_reset_failure,202607162301,0.0,false_alarm_rate_per_healthy_step,0.00017967391096584284,,,whole_seed_trajectory_cluster,12293ed8cede42e87caeb23b5b30e00d651bf593ec119508486fa041ca3ebb89,T5.2.3
seed_metric,higher_reset_failure,202607162301,0.0,false_negative_rate_per_leakage_step,0.03935599284436494,,,whole_seed_trajectory_cluster,12293ed8cede42e87caeb23b5b30e00d651bf593ec119508486fa041ca3ebb89,T5.2.3
seed_metric,higher_reset_failure,202607162301,0.0,hidden_leakage_occupancy,0.002132415771484375,,,whole_seed_trajectory_cluster,12293ed8cede42e87caeb23b5b30e00d651bf593ec119508486fa041ca3ebb89,T5.2.3
seed_metric,higher_reset_failure,202607162301,0.0,observed_leakage_alarm_rate,0.002227783203125,,,whole_seed_trajectory_cluster,12293ed8cede42e87caeb23b5b30e00d651bf593ec119508486fa041ca3ebb89,T5.2.3
seed_metric,higher_reset_failure,202607162301,0.0,declared_normal_action_availability,0.997772216796875,,,whole_seed_trajectory_cluster,12293ed8cede42e87caeb23b5b30e00d651bf593ec119508486fa041ca3ebb89,T5.2.3
seed_metric,higher_reset_failure,202607162301,0.0,safe_normal_action_availability,0.9976882934570312,,,whole_seed_trajectory_cluster,12293ed8cede42e87caeb23b5b30e00d651bf593ec119508486fa041ca3ebb89,T5.2.3
seed_metric,higher_reset_failure,202607162301,0.0,unsafe_declared_available_fraction,8.392333984375e-05,,,whole_seed_trajectory_cluster,12293ed8cede42e87caeb23b5b30e00d651bf593ec119508486fa041ca3ebb89,T5.2.3
seed_metric,higher_reset_failure,202607162301,0.0,reset_requests_per_1000_cycles,4.45556640625,,,whole_seed_trajectory_cluster,12293ed8cede42e87caeb23b5b30e00d651bf593ec119508486fa041ca3ebb89,T5.2.3
seed_metric,higher_reset_failure,202607162301,0.0,reset_attempts_per_1000_cycles,4.09698486328125,,,whole_seed_trajectory_cluster,12293ed8cede42e87caeb23b5b30e00d651bf593ec119508486fa041ca3ebb89,T5.2.3
seed_metric,higher_reset_failure,202607162301,0.0,empirical_reset_failure_probability,0.0,,,whole_seed_trajectory_cluster,12293ed8cede42e87caeb23b5b30e00d651bf593ec119508486fa041ca3ebb89,T5.2.3
seed_metric,higher_reset_failure,202607162301,0.0,reset_failures_per_1000_cycles,0.0,,,whole_seed_trajectory_cluster,12293ed8cede42e87caeb23b5b30e00d651bf593ec119508486fa041ca3ebb89,T5.2.3
seed_metric,higher_reset_failure,202607162301,0.0,successful_resets_per_1000_cycles,4.09698486328125,,,whole_seed_trajectory_cluster,12293ed8cede42e87caeb23b5b30e00d651bf593ec119508486fa041ca3ebb89,T5.2.3
seed_metric,higher_reset_failure,202607162301,0.0,mean_hidden_leakage_run_steps,1.0429104477611941,,,whole_seed_trajectory_cluster,12293ed8cede42e87caeb23b5b30e00d651bf593ec119508486fa041ca3ebb89,T5.2.3
seed_metric,higher_reset_failure,202607162301,0.0,p95_hidden_leakage_run_steps,1.0,,,whole_seed_trajectory_cluster,12293ed8cede42e87caeb23b5b30e00d651bf593ec119508486fa041ca3ebb89,T5.2.3
seed_metric,higher_reset_failure,202607162301,0.0,mean_short_lag_correlation,0.0023534979751347507,,,whole_seed_trajectory_cluster,12293ed8cede42e87caeb23b5b30e00d651bf593ec119508486fa041ca3ebb89,T5.2.3
seed_metric,higher_reset_failure,202607162301,0.0,mean_long_lag_correlation,0.00010228610121640494,,,whole_seed_trajectory_cluster,12293ed8cede42e87caeb23b5b30e00d651bf593ec119508486fa041ca3ebb89,T5.2.3
seed_metric,higher_reset_failure,202607162301,0.0,mean_long_lag_covariance,2.2590820038152389e-07,,,whole_seed_trajectory_cluster,12293ed8cede42e87caeb23b5b30e00d651bf593ec119508486fa041ca3ebb89,T5.2.3
channel_intervention,higher_reset_failure,202607162301,0.25,channel_spec_sha256,99fbf532b4c3767d8333db264f4f09522fd4fd1cc7eb9e7334903ec07c9cad2b,,,exactly_one_physical_channel_changes,185084a3b21106df8e36bd0b5db366a1af76424718b9aaee81aa76b35adb0a63,T5.2.3
seed_metric,higher_reset_failure,202607162301,0.25,injection_episode_rate_per_1000_cycles,4.08935546875,,,whole_seed_trajectory_cluster,185084a3b21106df8e36bd0b5db366a1af76424718b9aaee81aa76b35adb0a63,T5.2.3
seed_metric,higher_reset_failure,202607162301,0.25,empirical_higher_injection_probability,0.002051651081518681,,,whole_seed_trajectory_cluster,185084a3b21106df8e36bd0b5db366a1af76424718b9aaee81aa76b35adb0a63,T5.2.3
seed_metric,higher_reset_failure,202607162301,0.25,detection_probability,1.0,,,whole_seed_trajectory_cluster,185084a3b21106df8e36bd0b5db366a1af76424718b9aaee81aa76b35adb0a63,T5.2.3
seed_metric,higher_reset_failure,202607162301,0.25,mean_detection_delay_steps,0.041044776119402986,,,whole_seed_trajectory_cluster,185084a3b21106df8e36bd0b5db366a1af76424718b9aaee81aa76b35adb0a63,T5.2.3
seed_metric,higher_reset_failure,202607162301,0.25,p95_detection_delay_steps,0.0,,,whole_seed_trajectory_cluster,185084a3b21106df8e36bd0b5db366a1af76424718b9aaee81aa76b35adb0a63,T5.2.3
seed_metric,higher_reset_failure,202607162301,0.25,false_alarm_rate_per_healthy_step,0.00017980107115531753,,,whole_seed_trajectory_cluster,185084a3b21106df8e36bd0b5db366a1af76424718b9aaee81aa76b35adb0a63,T5.2.3
seed_metric,higher_reset_failure,202607162301,0.25,false_negative_rate_per_leakage_step,0.04838709677419355,,,whole_seed_trajectory_cluster,185084a3b21106df8e36bd0b5db366a1af76424718b9aaee81aa76b35adb0a63,T5.2.3
seed_metric,higher_reset_failure,202607162301,0.25,hidden_leakage_occupancy,0.002838134765625,,,whole_seed_trajectory_cluster,185084a3b21106df8e36bd0b5db366a1af76424718b9aaee81aa76b35adb0a63,T5.2.3
seed_metric,higher_reset_failure,202607162301,0.25,observed_leakage_alarm_rate,0.002880096435546875,,,whole_seed_trajectory_cluster,185084a3b21106df8e36bd0b5db366a1af76424718b9aaee81aa76b35adb0a63,T5.2.3
seed_metric,higher_reset_failure,202607162301,0.25,declared_normal_action_availability,0.9971199035644531,,,whole_seed_trajectory_cluster,185084a3b21106df8e36bd0b5db366a1af76424718b9aaee81aa76b35adb0a63,T5.2.3
seed_metric,higher_reset_failure,202607162301,0.25,safe_normal_action_availability,0.9969825744628906,,,whole_seed_trajectory_cluster,185084a3b21106df8e36bd0b5db366a1af76424718b9aaee81aa76b35adb0a63,T5.2.3
seed_metric,higher_reset_failure,202607162301,0.25,unsafe_declared_available_fraction,0.0001373291015625,,,whole_seed_trajectory_cluster,185084a3b21106df8e36bd0b5db366a1af76424718b9aaee81aa76b35adb0a63,T5.2.3
seed_metric,higher_reset_failure,202607162301,0.25,reset_requests_per_1000_cycles,5.76019287109375,,,whole_seed_trajectory_cluster,185084a3b21106df8e36bd0b5db366a1af76424718b9aaee81aa76b35adb0a63,T5.2.3
seed_metric,higher_reset_failure,202607162301,0.25,reset_attempts_per_1000_cycles,5.401611328125,,,whole_seed_trajectory_cluster,185084a3b21106df8e36bd0b5db366a1af76424718b9aaee81aa76b35adb0a63,T5.2.3
seed_metric,higher_reset_failure,202607162301,0.25,empirical_reset_failure_probability,0.24293785310734464,,,whole_seed_trajectory_cluster,185084a3b21106df8e36bd0b5db366a1af76424718b9aaee81aa76b35adb0a63,T5.2.3
seed_metric,higher_reset_failure,202607162301,0.25,reset_failures_per_1000_cycles,1.312255859375,,,whole_seed_trajectory_cluster,185084a3b21106df8e36bd0b5db366a1af76424718b9aaee81aa76b35adb0a63,T5.2.3
seed_metric,higher_reset_failure,202607162301,0.25,successful_resets_per_1000_cycles,4.08935546875,,,whole_seed_trajectory_cluster,185084a3b21106df8e36bd0b5db366a1af76424718b9aaee81aa76b35adb0a63,T5.2.3
seed_metric,higher_reset_failure,202607162301,0.25,mean_hidden_leakage_run_steps,1.3958724202626642,,,whole_seed_trajectory_cluster,185084a3b21106df8e36bd0b5db366a1af76424718b9aaee81aa76b35adb0a63,T5.2.3
seed_metric,higher_reset_failure,202607162301,0.25,p95_hidden_leakage_run_steps,3.0,,,whole_seed_trajectory_cluster,185084a3b21106df8e36bd0b5db366a1af76424718b9aaee81aa76b35adb0a63,T5.2.3
seed_metric,higher_reset_failure,202607162301,0.25,mean_short_lag_correlation,0.09544902239759762,,,whole_seed_trajectory_cluster,185084a3b21106df8e36bd0b5db366a1af76424718b9aaee81aa76b35adb0a63,T5.2.3
seed_metric,higher_reset_failure,202607162301,0.25,mean_long_lag_correlation,-0.0010932604483802522,,,whole_seed_trajectory_cluster,185084a3b21106df8e36bd0b5db366a1af76424718b9aaee81aa76b35adb0a63,T5.2.3
seed_metric,higher_reset_failure,202607162301,0.25,mean_long_lag_covariance,-3.151840152009151e-06,,,whole_seed_trajectory_cluster,185084a3b21106df8e36bd0b5db366a1af76424718b9aaee81aa76b35adb0a63,T5.2.3
channel_intervention,higher_reset_failure,202607162301,0.5,channel_spec_sha256,216b0d81015cba96acf57797a78eaf17baf132ba9047244cb5c9e369748a693b,,,exactly_one_physical_channel_changes,dd4a7d73724142fd7c877ce3ad1689b3bb50ffec355c605a9e603ddf3a919dfa,T5.2.3
seed_metric,higher_reset_failure,202607162301,0.5,injection_episode_rate_per_1000_cycles,4.06646728515625,,,whole_seed_trajectory_cluster,dd4a7d73724142fd7c877ce3ad1689b3bb50ffec355c605a9e603ddf3a919dfa,T5.2.3
seed_metric,higher_reset_failure,202607162301,0.5,empirical_higher_injection_probability,0.002043006631147227,,,whole_seed_trajectory_cluster,dd4a7d73724142fd7c877ce3ad1689b3bb50ffec355c605a9e603ddf3a919dfa,T5.2.3
seed_metric,higher_reset_failure,202607162301,0.5,detection_probability,1.0,,,whole_seed_trajectory_cluster,dd4a7d73724142fd7c877ce3ad1689b3bb50ffec355c605a9e603ddf3a919dfa,T5.2.3
seed_metric,higher_reset_failure,202607162301,0.5,mean_detection_delay_steps,0.04127579737335835,,,whole_seed_trajectory_cluster,dd4a7d73724142fd7c877ce3ad1689b3bb50ffec355c605a9e603ddf3a919dfa,T5.2.3
seed_metric,higher_reset_failure,202607162301,0.5,p95_detection_delay_steps,0.0,,,whole_seed_trajectory_cluster,dd4a7d73724142fd7c877ce3ad1689b3bb50ffec355c605a9e603ddf3a919dfa,T5.2.3
seed_metric,higher_reset_failure,202607162301,0.5,false_alarm_rate_per_healthy_step,0.00018005041411595248,,,whole_seed_trajectory_cluster,dd4a7d73724142fd7c877ce3ad1689b3bb50ffec355c605a9e603ddf3a919dfa,T5.2.3
seed_metric,higher_reset_failure,202607162301,0.5,false_negative_rate_per_leakage_step,0.04792043399638336,,,whole_seed_trajectory_cluster,dd4a7d73724142fd7c877ce3ad1689b3bb50ffec355c605a9e603ddf3a919dfa,T5.2.3
seed_metric,higher_reset_failure,202607162301,0.5,hidden_leakage_occupancy,0.00421905517578125,,,whole_seed_trajectory_cluster,dd4a7d73724142fd7c877ce3ad1689b3bb50ffec355c605a9e603ddf3a919dfa,T5.2.3
seed_metric,higher_reset_failure,202607162301,0.5,observed_leakage_alarm_rate,0.0041961669921875,,,whole_seed_trajectory_cluster,dd4a7d73724142fd7c877ce3ad1689b3bb50ffec355c605a9e603ddf3a919dfa,T5.2.3
seed_metric,higher_reset_failure,202607162301,0.5,declared_normal_action_availability,0.9958038330078125,,,whole_seed_trajectory_cluster,dd4a7d73724142fd7c877ce3ad1689b3bb50ffec355c605a9e603ddf3a919dfa,T5.2.3
seed_metric,higher_reset_failure,202607162301,0.5,safe_normal_action_availability,0.9956016540527344,,,whole_seed_trajectory_cluster,dd4a7d73724142fd7c877ce3ad1689b3bb50ffec355c605a9e603ddf3a919dfa,T5.2.3
seed_metric,higher_reset_failure,202607162301,0.5,unsafe_declared_available_fraction,0.000202178955078125,,,whole_seed_trajectory_cluster,dd4a7d73724142fd7c877ce3ad1689b3bb50ffec355c605a9e603ddf3a919dfa,T5.2.3
seed_metric,higher_reset_failure,202607162301,0.5,reset_requests_per_1000_cycles,8.392333984375,,,whole_seed_trajectory_cluster,dd4a7d73724142fd7c877ce3ad1689b3bb50ffec355c605a9e603ddf3a919dfa,T5.2.3
seed_metric,higher_reset_failure,202607162301,0.5,reset_attempts_per_1000_cycles,8.03375244140625,,,whole_seed_trajectory_cluster,dd4a7d73724142fd7c877ce3ad1689b3bb50ffec355c605a9e603ddf3a919dfa,T5.2.3
seed_metric,higher_reset_failure,202607162301,0.5,empirical_reset_failure_probability,0.49382716049382713,,,whole_seed_trajectory_cluster,dd4a7d73724142fd7c877ce3ad1689b3bb50ffec355c605a9e603ddf3a919dfa,T5.2.3
seed_metric,higher_reset_failure,202607162301,0.5,reset_failures_per_1000_cycles,3.96728515625,,,whole_seed_trajectory_cluster,dd4a7d73724142fd7c877ce3ad1689b3bb50ffec355c605a9e603ddf3a919dfa,T5.2.3
seed_metric,higher_reset_failure,202607162301,0.5,successful_resets_per_1000_cycles,4.06646728515625,,,whole_seed_trajectory_cluster,dd4a7d73724142fd7c877ce3ad1689b3bb50ffec355c605a9e603ddf3a919dfa,T5.2.3
seed_metric,higher_reset_failure,202607162301,0.5,mean_hidden_leakage_run_steps,2.086792452830189,,,whole_seed_trajectory_cluster,dd4a7d73724142fd7c877ce3ad1689b3bb50ffec355c605a9e603ddf3a919dfa,T5.2.3
seed_metric,higher_reset_failure,202607162301,0.5,p95_hidden_leakage_run_steps,5.0,,,whole_seed_trajectory_cluster,dd4a7d73724142fd7c877ce3ad1689b3bb50ffec355c605a9e603ddf3a919dfa,T5.2.3
seed_metric,higher_reset_failure,202607162301,0.5,mean_short_lag_correlation,0.24668339598207845,,,whole_seed_trajectory_cluster,dd4a7d73724142fd7c877ce3ad1689b3bb50ffec355c605a9e603ddf3a919dfa,T5.2.3
seed_metric,higher_reset_failure,202607162301,0.5,mean_long_lag_correlation,6.685473192363274e-05,,,whole_seed_trajectory_cluster,dd4a7d73724142fd7c877ce3ad1689b3bb50ffec355c605a9e603ddf3a919dfa,T5.2.3
seed_metric,higher_reset_failure,202607162301,0.5,mean_long_lag_covariance,2.7750030040691587e-07,,,whole_seed_trajectory_cluster,dd4a7d73724142fd7c877ce3ad1689b3bb50ffec355c605a9e603ddf3a919dfa,T5.2.3
channel_intervention,higher_reset_failure,202607162301,0.75,channel_spec_sha256,5efec1bb0445b5e85f1ef228b6ded6c3b6d738548ee66f388dacb066e11abace,,,exactly_one_physical_channel_changes,6e188aa2e544ee5786a9da63662c006ef9d5a6e34f9945376a8ca32ec707c353,T5.2.3
seed_metric,higher_reset_failure,202607162301,0.75,injection_episode_rate_per_1000_cycles,4.0435791015625,,,whole_seed_trajectory_cluster,6e188aa2e544ee5786a9da63662c006ef9d5a6e34f9945376a8ca32ec707c353,T5.2.3
seed_metric,higher_reset_failure,202607162301,0.75,empirical_higher_injection_probability,0.002039685349671341,,,whole_seed_trajectory_cluster,6e188aa2e544ee5786a9da63662c006ef9d5a6e34f9945376a8ca32ec707c353,T5.2.3
seed_metric,higher_reset_failure,202607162301,0.75,detection_probability,1.0,,,whole_seed_trajectory_cluster,6e188aa2e544ee5786a9da63662c006ef9d5a6e34f9945376a8ca32ec707c353,T5.2.3
seed_metric,higher_reset_failure,202607162301,0.75,mean_detection_delay_steps,0.04150943396226415,,,whole_seed_trajectory_cluster,6e188aa2e544ee5786a9da63662c006ef9d5a6e34f9945376a8ca32ec707c353,T5.2.3
seed_metric,higher_reset_failure,202607162301,0.75,p95_detection_delay_steps,0.0,,,whole_seed_trajectory_cluster,6e188aa2e544ee5786a9da63662c006ef9d5a6e34f9945376a8ca32ec707c353,T5.2.3
seed_metric,higher_reset_failure,202607162301,0.75,false_alarm_rate_per_healthy_step,0.00017692715985753518,,,whole_seed_trajectory_cluster,6e188aa2e544ee5786a9da63662c006ef9d5a6e34f9945376a8ca32ec707c353,T5.2.3
seed_metric,higher_reset_failure,202607162301,0.75,false_negative_rate_per_leakage_step,0.046511627906976744,,,whole_seed_trajectory_cluster,6e188aa2e544ee5786a9da63662c006ef9d5a6e34f9945376a8ca32ec707c353,T5.2.3
seed_metric,higher_reset_failure,202607162301,0.75,hidden_leakage_occupancy,0.00820159912109375,,,whole_seed_trajectory_cluster,6e188aa2e544ee5786a9da63662c006ef9d5a6e34f9945376a8ca32ec707c353,T5.2.3
seed_metric,higher_reset_failure,202607162301,0.75,observed_leakage_alarm_rate,0.00799560546875,,,whole_seed_trajectory_cluster,6e188aa2e544ee5786a9da63662c006ef9d5a6e34f9945376a8ca32ec707c353,T5.2.3
seed_metric,higher_reset_failure,202607162301,0.75,declared_normal_action_availability,0.99200439453125,,,whole_seed_trajectory_cluster,6e188aa2e544ee5786a9da63662c006ef9d5a6e34f9945376a8ca32ec707c353,T5.2.3
seed_metric,higher_reset_failure,202607162301,0.75,safe_normal_action_availability,0.9916229248046875,,,whole_seed_trajectory_cluster,6e188aa2e544ee5786a9da63662c006ef9d5a6e34f9945376a8ca32ec707c353,T5.2.3
seed_metric,higher_reset_failure,202607162301,0.75,unsafe_declared_available_fraction,0.0003814697265625,,,whole_seed_trajectory_cluster,6e188aa2e544ee5786a9da63662c006ef9d5a6e34f9945376a8ca32ec707c353,T5.2.3
seed_metric,higher_reset_failure,202607162301,0.75,reset_requests_per_1000_cycles,15.9912109375,,,whole_seed_trajectory_cluster,6e188aa2e544ee5786a9da63662c006ef9d5a6e34f9945376a8ca32ec707c353,T5.2.3
seed_metric,higher_reset_failure,202607162301,0.75,reset_attempts_per_1000_cycles,15.6402587890625,,,whole_seed_trajectory_cluster,6e188aa2e544ee5786a9da63662c006ef9d5a6e34f9945376a8ca32ec707c353,T5.2.3
seed_metric,higher_reset_failure,202607162301,0.75,empirical_reset_failure_probability,0.7409756097560976,,,whole_seed_trajectory_cluster,6e188aa2e544ee5786a9da63662c006ef9d5a6e34f9945376a8ca32ec707c353,T5.2.3
seed_metric,higher_reset_failure,202607162301,0.75,reset_failures_per_1000_cycles,11.58905029296875,,,whole_seed_trajectory_cluster,6e188aa2e544ee5786a9da63662c006ef9d5a6e34f9945376a8ca32ec707c353,T5.2.3
seed_metric,higher_reset_failure,202607162301,0.75,successful_resets_per_1000_cycles,4.05120849609375,,,whole_seed_trajectory_cluster,6e188aa2e544ee5786a9da63662c006ef9d5a6e34f9945376a8ca32ec707c353,T5.2.3
seed_metric,higher_reset_failure,202607162301,0.75,mean_hidden_leakage_run_steps,4.071969696969697,,,whole_seed_trajectory_cluster,6e188aa2e544ee5786a9da63662c006ef9d5a6e34f9945376a8ca32ec707c353,T5.2.3
seed_metric,higher_reset_failure,202607162301,0.75,p95_hidden_leakage_run_steps,11.0,,,whole_seed_trajectory_cluster,6e188aa2e544ee5786a9da63662c006ef9d5a6e34f9945376a8ca32ec707c353,T5.2.3
seed_metric,higher_reset_failure,202607162301,0.75,mean_short_lag_correlation,0.5016747722124846,,,whole_seed_trajectory_cluster,6e188aa2e544ee5786a9da63662c006ef9d5a6e34f9945376a8ca32ec707c353,T5.2.3
seed_metric,higher_reset_failure,202607162301,0.75,mean_long_lag_correlation,0.033287956856719855,,,whole_seed_trajectory_cluster,6e188aa2e544ee5786a9da63662c006ef9d5a6e34f9945376a8ca32ec707c353,T5.2.3
seed_metric,higher_reset_failure,202607162301,0.75,mean_long_lag_covariance,0.0002646487103680373,,,whole_seed_trajectory_cluster,6e188aa2e544ee5786a9da63662c006ef9d5a6e34f9945376a8ca32ec707c353,T5.2.3
channel_intervention,higher_reset_failure,202607162301,0.9,channel_spec_sha256,b62f0be1c6dc40126e43514eced439c41a409661418340e8b46af9f09aec8817,,,exactly_one_physical_channel_changes,f3679a2398ebd652e990be7671a030b79c5114af8e26586a31a8e2d1fe14414e,T5.2.3
seed_metric,higher_reset_failure,202607162301,0.9,injection_episode_rate_per_1000_cycles,3.9825439453125,,,whole_seed_trajectory_cluster,f3679a2398ebd652e990be7671a030b79c5114af8e26586a31a8e2d1fe14414e,T5.2.3
seed_metric,higher_reset_failure,202607162301,0.9,empirical_higher_injection_probability,0.0020355162490348845,,,whole_seed_trajectory_cluster,f3679a2398ebd652e990be7671a030b79c5114af8e26586a31a8e2d1fe14414e,T5.2.3
seed_metric,higher_reset_failure,202607162301,0.9,detection_probability,1.0,,,whole_seed_trajectory_cluster,f3679a2398ebd652e990be7671a030b79c5114af8e26586a31a8e2d1fe14414e,T5.2.3
seed_metric,higher_reset_failure,202607162301,0.9,mean_detection_delay_steps,0.040229885057471264,,,whole_seed_trajectory_cluster,f3679a2398ebd652e990be7671a030b79c5114af8e26586a31a8e2d1fe14414e,T5.2.3
seed_metric,higher_reset_failure,202607162301,0.9,p95_detection_delay_steps,0.0,,,whole_seed_trajectory_cluster,f3679a2398ebd652e990be7671a030b79c5114af8e26586a31a8e2d1fe14414e,T5.2.3
seed_metric,higher_reset_failure,202607162301,0.9,false_alarm_rate_per_healthy_step,0.00017927013671296512,,,whole_seed_trajectory_cluster,f3679a2398ebd652e990be7671a030b79c5114af8e26586a31a8e2d1fe14414e,T5.2.3
seed_metric,higher_reset_failure,202607162301,0.9,false_negative_rate_per_leakage_step,0.04253785147801009,,,whole_seed_trajectory_cluster,f3679a2398ebd652e990be7671a030b79c5114af8e26586a31a8e2d1fe14414e,T5.2.3
seed_metric,higher_reset_failure,202607162301,0.9,hidden_leakage_occupancy,0.0211639404296875,,,whole_seed_trajectory_cluster,f3679a2398ebd652e990be7671a030b79c5114af8e26586a31a8e2d1fe14414e,T5.2.3
seed_metric,higher_reset_failure,202607162301,0.9,observed_leakage_alarm_rate,0.02043914794921875,,,whole_seed_trajectory_cluster,f3679a2398ebd652e990be7671a030b79c5114af8e26586a31a8e2d1fe14414e,T5.2.3
seed_metric,higher_reset_failure,202607162301,0.9,declared_normal_action_availability,0.9795608520507812,,,whole_seed_trajectory_cluster,f3679a2398ebd652e990be7671a030b79c5114af8e26586a31a8e2d1fe14414e,T5.2.3
seed_metric,higher_reset_failure,202607162301,0.9,safe_normal_action_availability,0.9786605834960938,,,whole_seed_trajectory_cluster,f3679a2398ebd652e990be7671a030b79c5114af8e26586a31a8e2d1fe14414e,T5.2.3
seed_metric,higher_reset_failure,202607162301,0.9,unsafe_declared_available_fraction,0.0009002685546875,,,whole_seed_trajectory_cluster,f3679a2398ebd652e990be7671a030b79c5114af8e26586a31a8e2d1fe14414e,T5.2.3
seed_metric,higher_reset_failure,202607162301,0.9,reset_requests_per_1000_cycles,40.8782958984375,,,whole_seed_trajectory_cluster,f3679a2398ebd652e990be7671a030b79c5114af8e26586a31a8e2d1fe14414e,T5.2.3
seed_metric,higher_reset_failure,202607162301,0.9,reset_attempts_per_1000_cycles,40.52734375,,,whole_seed_trajectory_cluster,f3679a2398ebd652e990be7671a030b79c5114af8e26586a31a8e2d1fe14414e,T5.2.3
seed_metric,higher_reset_failure,202607162301,0.9,empirical_reset_failure_probability,0.9011671686746988,,,whole_seed_trajectory_cluster,f3679a2398ebd652e990be7671a030b79c5114af8e26586a31a8e2d1fe14414e,T5.2.3
seed_metric,higher_reset_failure,202607162301,0.9,reset_failures_per_1000_cycles,36.52191162109375,,,whole_seed_trajectory_cluster,f3679a2398ebd652e990be7671a030b79c5114af8e26586a31a8e2d1fe14414e,T5.2.3
seed_metric,higher_reset_failure,202607162301,0.9,successful_resets_per_1000_cycles,4.00543212890625,,,whole_seed_trajectory_cluster,f3679a2398ebd652e990be7671a030b79c5114af8e26586a31a8e2d1fe14414e,T5.2.3
seed_metric,higher_reset_failure,202607162301,0.9,mean_hidden_leakage_run_steps,10.547528517110266,,,whole_seed_trajectory_cluster,f3679a2398ebd652e990be7671a030b79c5114af8e26586a31a8e2d1fe14414e,T5.2.3
seed_metric,higher_reset_failure,202607162301,0.9,p95_hidden_leakage_run_steps,33.75,,,whole_seed_trajectory_cluster,f3679a2398ebd652e990be7671a030b79c5114af8e26586a31a8e2d1fe14414e,T5.2.3
seed_metric,higher_reset_failure,202607162301,0.9,mean_short_lag_correlation,0.7532434215602198,,,whole_seed_trajectory_cluster,f3679a2398ebd652e990be7671a030b79c5114af8e26586a31a8e2d1fe14414e,T5.2.3
seed_metric,higher_reset_failure,202607162301,0.9,mean_long_lag_correlation,0.23682814895740548,,,whole_seed_trajectory_cluster,f3679a2398ebd652e990be7671a030b79c5114af8e26586a31a8e2d1fe14414e,T5.2.3
seed_metric,higher_reset_failure,202607162301,0.9,mean_long_lag_covariance,0.004761628102441433,,,whole_seed_trajectory_cluster,f3679a2398ebd652e990be7671a030b79c5114af8e26586a31a8e2d1fe14414e,T5.2.3
channel_intervention,higher_reset_failure,202607162301,0.95,channel_spec_sha256,04856ab78be982625a78458bbd09150a9ffa8be88305f6b5c8092edc5aa9714d,,,exactly_one_physical_channel_changes,5356d3057d15c42349334a521463b358c752b649d9df80a145c318a07b8a2b72,T5.2.3
seed_metric,higher_reset_failure,202607162301,0.95,injection_episode_rate_per_1000_cycles,3.90625,,,whole_seed_trajectory_cluster,5356d3057d15c42349334a521463b358c752b649d9df80a145c318a07b8a2b72,T5.2.3
seed_metric,higher_reset_failure,202607162301,0.95,empirical_higher_injection_probability,0.0020402551912938488,,,whole_seed_trajectory_cluster,5356d3057d15c42349334a521463b358c752b649d9df80a145c318a07b8a2b72,T5.2.3
seed_metric,higher_reset_failure,202607162301,0.95,detection_probability,1.0,,,whole_seed_trajectory_cluster,5356d3057d15c42349334a521463b358c752b649d9df80a145c318a07b8a2b72,T5.2.3
seed_metric,higher_reset_failure,202607162301,0.95,mean_detection_delay_steps,0.041015625,,,whole_seed_trajectory_cluster,5356d3057d15c42349334a521463b358c752b649d9df80a145c318a07b8a2b72,T5.2.3
seed_metric,higher_reset_failure,202607162301,0.95,p95_detection_delay_steps,0.0,,,whole_seed_trajectory_cluster,5356d3057d15c42349334a521463b358c752b649d9df80a145c318a07b8a2b72,T5.2.3
seed_metric,higher_reset_failure,202607162301,0.95,false_alarm_rate_per_healthy_step,0.00017921575186981766,,,whole_seed_trajectory_cluster,5356d3057d15c42349334a521463b358c752b649d9df80a145c318a07b8a2b72,T5.2.3
seed_metric,higher_reset_failure,202607162301,0.95,false_negative_rate_per_leakage_step,0.047692307692307694,,,whole_seed_trajectory_cluster,5356d3057d15c42349334a521463b358c752b649d9df80a145c318a07b8a2b72,T5.2.3
seed_metric,higher_reset_failure,202607162301,0.95,hidden_leakage_occupancy,0.04215240478515625,,,whole_seed_trajectory_cluster,5356d3057d15c42349334a521463b358c752b649d9df80a145c318a07b8a2b72,T5.2.3
seed_metric,higher_reset_failure,202607162301,0.95,observed_leakage_alarm_rate,0.040313720703125,,,whole_seed_trajectory_cluster,5356d3057d15c42349334a521463b358c752b649d9df80a145c318a07b8a2b72,T5.2.3
seed_metric,higher_reset_failure,202607162301,0.95,declared_normal_action_availability,0.959686279296875,,,whole_seed_trajectory_cluster,5356d3057d15c42349334a521463b358c752b649d9df80a145c318a07b8a2b72,T5.2.3
seed_metric,higher_reset_failure,202607162301,0.95,safe_normal_action_availability,0.9576759338378906,,,whole_seed_trajectory_cluster,5356d3057d15c42349334a521463b358c752b649d9df80a145c318a07b8a2b72,T5.2.3
seed_metric,higher_reset_failure,202607162301,0.95,unsafe_declared_available_fraction,0.002010345458984375,,,whole_seed_trajectory_cluster,5356d3057d15c42349334a521463b358c752b649d9df80a145c318a07b8a2b72,T5.2.3
seed_metric,higher_reset_failure,202607162301,0.95,reset_requests_per_1000_cycles,80.62744140625,,,whole_seed_trajectory_cluster,5356d3057d15c42349334a521463b358c752b649d9df80a145c318a07b8a2b72,T5.2.3
seed_metric,higher_reset_failure,202607162301,0.95,reset_attempts_per_1000_cycles,80.28411865234375,,,whole_seed_trajectory_cluster,5356d3057d15c42349334a521463b358c752b649d9df80a145c318a07b8a2b72,T5.2.3
seed_metric,higher_reset_failure,202607162301,0.95,empirical_reset_failure_probability,0.9504894041623111,,,whole_seed_trajectory_cluster,5356d3057d15c42349334a521463b358c752b649d9df80a145c318a07b8a2b72,T5.2.3
seed_metric,higher_reset_failure,202607162301,0.95,reset_failures_per_1000_cycles,76.3092041015625,,,whole_seed_trajectory_cluster,5356d3057d15c42349334a521463b358c752b649d9df80a145c318a07b8a2b72,T5.2.3
seed_metric,higher_reset_failure,202607162301,0.95,successful_resets_per_1000_cycles,3.97491455078125,,,whole_seed_trajectory_cluster,5356d3057d15c42349334a521463b358c752b649d9df80a145c318a07b8a2b72,T5.2.3
seed_metric,higher_reset_failure,202607162301,0.95,mean_hidden_leakage_run_steps,21.087786259541986,,,whole_seed_trajectory_cluster,5356d3057d15c42349334a521463b358c752b649d9df80a145c318a07b8a2b72,T5.2.3
seed_metric,higher_reset_failure,202607162301,0.95,p95_hidden_leakage_run_steps,64.0,,,whole_seed_trajectory_cluster,5356d3057d15c42349334a521463b358c752b649d9df80a145c318a07b8a2b72,T5.2.3
seed_metric,higher_reset_failure,202607162301,0.95,mean_short_lag_correlation,0.8414595224058319,,,whole_seed_trajectory_cluster,5356d3057d15c42349334a521463b358c752b649d9df80a145c318a07b8a2b72,T5.2.3
seed_metric,higher_reset_failure,202607162301,0.95,mean_long_lag_correlation,0.4159680995608299,,,whole_seed_trajectory_cluster,5356d3057d15c42349334a521463b358c752b649d9df80a145c318a07b8a2b72,T5.2.3
seed_metric,higher_reset_failure,202607162301,0.95,mean_long_lag_covariance,0.01616781174951613,,,whole_seed_trajectory_cluster,5356d3057d15c42349334a521463b358c752b649d9df80a145c318a07b8a2b72,T5.2.3
channel_intervention,higher_reset_failure,202607162302,0.0,channel_spec_sha256,e7450006c0b2028832e0ca3d8006e4749ce95f8e750b07c44b03620c3a4d5403,,,exactly_one_physical_channel_changes,ae531847210c284d2f9ab46c08a7b4eff9b23c84090e23976ba7a47c4ae7fe45,T5.2.3
seed_metric,higher_reset_failure,202607162302,0.0,injection_episode_rate_per_1000_cycles,3.66973876953125,,,whole_seed_trajectory_cluster,ae531847210c284d2f9ab46c08a7b4eff9b23c84090e23976ba7a47c4ae7fe45,T5.2.3
seed_metric,higher_reset_failure,202607162302,0.0,empirical_higher_injection_probability,0.0018395710472169317,,,whole_seed_trajectory_cluster,ae531847210c284d2f9ab46c08a7b4eff9b23c84090e23976ba7a47c4ae7fe45,T5.2.3
seed_metric,higher_reset_failure,202607162302,0.0,detection_probability,1.0,,,whole_seed_trajectory_cluster,ae531847210c284d2f9ab46c08a7b4eff9b23c84090e23976ba7a47c4ae7fe45,T5.2.3
seed_metric,higher_reset_failure,202607162302,0.0,mean_detection_delay_steps,0.04781704781704782,,,whole_seed_trajectory_cluster,ae531847210c284d2f9ab46c08a7b4eff9b23c84090e23976ba7a47c4ae7fe45,T5.2.3
seed_metric,higher_reset_failure,202607162302,0.0,p95_detection_delay_steps,0.0,,,whole_seed_trajectory_cluster,ae531847210c284d2f9ab46c08a7b4eff9b23c84090e23976ba7a47c4ae7fe45,T5.2.3
seed_metric,higher_reset_failure,202607162302,0.0,false_alarm_rate_per_healthy_step,0.0001758140957040208,,,whole_seed_trajectory_cluster,ae531847210c284d2f9ab46c08a7b4eff9b23c84090e23976ba7a47c4ae7fe45,T5.2.3
seed_metric,higher_reset_failure,202607162302,0.0,false_negative_rate_per_leakage_step,0.04563492063492063,,,whole_seed_trajectory_cluster,ae531847210c284d2f9ab46c08a7b4eff9b23c84090e23976ba7a47c4ae7fe45,T5.2.3
seed_metric,higher_reset_failure,202607162302,0.0,hidden_leakage_occupancy,0.001922607421875,,,whole_seed_trajectory_cluster,ae531847210c284d2f9ab46c08a7b4eff9b23c84090e23976ba7a47c4ae7fe45,T5.2.3
seed_metric,higher_reset_failure,202607162302,0.0,observed_leakage_alarm_rate,0.002010345458984375,,,whole_seed_trajectory_cluster,ae531847210c284d2f9ab46c08a7b4eff9b23c84090e23976ba7a47c4ae7fe45,T5.2.3
seed_metric,higher_reset_failure,202607162302,0.0,declared_normal_action_availability,0.9979896545410156,,,whole_seed_trajectory_cluster,ae531847210c284d2f9ab46c08a7b4eff9b23c84090e23976ba7a47c4ae7fe45,T5.2.3
seed_metric,higher_reset_failure,202607162302,0.0,safe_normal_action_availability,0.9979019165039062,,,whole_seed_trajectory_cluster,ae531847210c284d2f9ab46c08a7b4eff9b23c84090e23976ba7a47c4ae7fe45,T5.2.3
seed_metric,higher_reset_failure,202607162302,0.0,unsafe_declared_available_fraction,8.7738037109375e-05,,,whole_seed_trajectory_cluster,ae531847210c284d2f9ab46c08a7b4eff9b23c84090e23976ba7a47c4ae7fe45,T5.2.3
seed_metric,higher_reset_failure,202607162302,0.0,reset_requests_per_1000_cycles,4.02069091796875,,,whole_seed_trajectory_cluster,ae531847210c284d2f9ab46c08a7b4eff9b23c84090e23976ba7a47c4ae7fe45,T5.2.3
seed_metric,higher_reset_failure,202607162302,0.0,reset_attempts_per_1000_cycles,3.66973876953125,,,whole_seed_trajectory_cluster,ae531847210c284d2f9ab46c08a7b4eff9b23c84090e23976ba7a47c4ae7fe45,T5.2.3
seed_metric,higher_reset_failure,202607162302,0.0,empirical_reset_failure_probability,0.0,,,whole_seed_trajectory_cluster,ae531847210c284d2f9ab46c08a7b4eff9b23c84090e23976ba7a47c4ae7fe45,T5.2.3
seed_metric,higher_reset_failure,202607162302,0.0,reset_failures_per_1000_cycles,0.0,,,whole_seed_trajectory_cluster,ae531847210c284d2f9ab46c08a7b4eff9b23c84090e23976ba7a47c4ae7fe45,T5.2.3
seed_metric,higher_reset_failure,202607162302,0.0,successful_resets_per_1000_cycles,3.66973876953125,,,whole_seed_trajectory_cluster,ae531847210c284d2f9ab46c08a7b4eff9b23c84090e23976ba7a47c4ae7fe45,T5.2.3
seed_metric,higher_reset_failure,202607162302,0.0,mean_hidden_leakage_run_steps,1.0478170478170479,,,whole_seed_trajectory_cluster,ae531847210c284d2f9ab46c08a7b4eff9b23c84090e23976ba7a47c4ae7fe45,T5.2.3
seed_metric,higher_reset_failure,202607162302,0.0,p95_hidden_leakage_run_steps,1.0,,,whole_seed_trajectory_cluster,ae531847210c284d2f9ab46c08a7b4eff9b23c84090e23976ba7a47c4ae7fe45,T5.2.3
seed_metric,higher_reset_failure,202607162302,0.0,mean_short_lag_correlation,-0.00010340231509531137,,,whole_seed_trajectory_cluster,ae531847210c284d2f9ab46c08a7b4eff9b23c84090e23976ba7a47c4ae7fe45,T5.2.3
seed_metric,higher_reset_failure,202607162302,0.0,mean_long_lag_correlation,-9.870004392850467e-05,,,whole_seed_trajectory_cluster,ae531847210c284d2f9ab46c08a7b4eff9b23c84090e23976ba7a47c4ae7fe45,T5.2.3
seed_metric,higher_reset_failure,202607162302,0.0,mean_long_lag_covariance,-2.0442482749331473e-07,,,whole_seed_trajectory_cluster,ae531847210c284d2f9ab46c08a7b4eff9b23c84090e23976ba7a47c4ae7fe45,T5.2.3
channel_intervention,higher_reset_failure,202607162302,0.25,channel_spec_sha256,99fbf532b4c3767d8333db264f4f09522fd4fd1cc7eb9e7334903ec07c9cad2b,,,exactly_one_physical_channel_changes,0943ad862fe2a2f1eed084ae05a4bc1f2dae7e759f10997762dff6f3e4e3257d,T5.2.3
seed_metric,higher_reset_failure,202607162302,0.25,injection_episode_rate_per_1000_cycles,3.66973876953125,,,whole_seed_trajectory_cluster,0943ad862fe2a2f1eed084ae05a4bc1f2dae7e759f10997762dff6f3e4e3257d,T5.2.3
seed_metric,higher_reset_failure,202607162302,0.25,empirical_higher_injection_probability,0.001840824199375421,,,whole_seed_trajectory_cluster,0943ad862fe2a2f1eed084ae05a4bc1f2dae7e759f10997762dff6f3e4e3257d,T5.2.3
seed_metric,higher_reset_failure,202607162302,0.25,detection_probability,1.0,,,whole_seed_trajectory_cluster,0943ad862fe2a2f1eed084ae05a4bc1f2dae7e759f10997762dff6f3e4e3257d,T5.2.3
seed_metric,higher_reset_failure,202607162302,0.25,mean_detection_delay_steps,0.04781704781704782,,,whole_seed_trajectory_cluster,0943ad862fe2a2f1eed084ae05a4bc1f2dae7e759f10997762dff6f3e4e3257d,T5.2.3
seed_metric,higher_reset_failure,202607162302,0.25,p95_detection_delay_steps,0.0,,,whole_seed_trajectory_cluster,0943ad862fe2a2f1eed084ae05a4bc1f2dae7e759f10997762dff6f3e4e3257d,T5.2.3
seed_metric,higher_reset_failure,202607162302,0.25,false_alarm_rate_per_healthy_step,0.0001759344605887685,,,whole_seed_trajectory_cluster,0943ad862fe2a2f1eed084ae05a4bc1f2dae7e759f10997762dff6f3e4e3257d,T5.2.3
seed_metric,higher_reset_failure,202607162302,0.25,false_negative_rate_per_leakage_step,0.05710102489019034,,,whole_seed_trajectory_cluster,0943ad862fe2a2f1eed084ae05a4bc1f2dae7e759f10997762dff6f3e4e3257d,T5.2.3
seed_metric,higher_reset_failure,202607162302,0.25,hidden_leakage_occupancy,0.002605438232421875,,,whole_seed_trajectory_cluster,0943ad862fe2a2f1eed084ae05a4bc1f2dae7e759f10997762dff6f3e4e3257d,T5.2.3
seed_metric,higher_reset_failure,202607162302,0.25,observed_leakage_alarm_rate,0.00263214111328125,,,whole_seed_trajectory_cluster,0943ad862fe2a2f1eed084ae05a4bc1f2dae7e759f10997762dff6f3e4e3257d,T5.2.3
seed_metric,higher_reset_failure,202607162302,0.25,declared_normal_action_availability,0.9973678588867188,,,whole_seed_trajectory_cluster,0943ad862fe2a2f1eed084ae05a4bc1f2dae7e759f10997762dff6f3e4e3257d,T5.2.3
seed_metric,higher_reset_failure,202607162302,0.25,safe_normal_action_availability,0.9972190856933594,,,whole_seed_trajectory_cluster,0943ad862fe2a2f1eed084ae05a4bc1f2dae7e759f10997762dff6f3e4e3257d,T5.2.3
seed_metric,higher_reset_failure,202607162302,0.25,unsafe_declared_available_fraction,0.000148773193359375,,,whole_seed_trajectory_cluster,0943ad862fe2a2f1eed084ae05a4bc1f2dae7e759f10997762dff6f3e4e3257d,T5.2.3
seed_metric,higher_reset_failure,202607162302,0.25,reset_requests_per_1000_cycles,5.2642822265625,,,whole_seed_trajectory_cluster,0943ad862fe2a2f1eed084ae05a4bc1f2dae7e759f10997762dff6f3e4e3257d,T5.2.3
seed_metric,higher_reset_failure,202607162302,0.25,reset_attempts_per_1000_cycles,4.913330078125,,,whole_seed_trajectory_cluster,0943ad862fe2a2f1eed084ae05a4bc1f2dae7e759f10997762dff6f3e4e3257d,T5.2.3
seed_metric,higher_reset_failure,202607162302,0.25,empirical_reset_failure_probability,0.2546583850931677,,,whole_seed_trajectory_cluster,0943ad862fe2a2f1eed084ae05a4bc1f2dae7e759f10997762dff6f3e4e3257d,T5.2.3
seed_metric,higher_reset_failure,202607162302,0.25,reset_failures_per_1000_cycles,1.251220703125,,,whole_seed_trajectory_cluster,0943ad862fe2a2f1eed084ae05a4bc1f2dae7e759f10997762dff6f3e4e3257d,T5.2.3
seed_metric,higher_reset_failure,202607162302,0.25,successful_resets_per_1000_cycles,3.662109375,,,whole_seed_trajectory_cluster,0943ad862fe2a2f1eed084ae05a4bc1f2dae7e759f10997762dff6f3e4e3257d,T5.2.3
seed_metric,higher_reset_failure,202607162302,0.25,mean_hidden_leakage_run_steps,1.4199584199584199,,,whole_seed_trajectory_cluster,0943ad862fe2a2f1eed084ae05a4bc1f2dae7e759f10997762dff6f3e4e3257d,T5.2.3
seed_metric,higher_reset_failure,202607162302,0.25,p95_hidden_leakage_run_steps,3.0,,,whole_seed_trajectory_cluster,0943ad862fe2a2f1eed084ae05a4bc1f2dae7e759f10997762dff6f3e4e3257d,T5.2.3
seed_metric,higher_reset_failure,202607162302,0.25,mean_short_lag_correlation,0.10079030946056373,,,whole_seed_trajectory_cluster,0943ad862fe2a2f1eed084ae05a4bc1f2dae7e759f10997762dff6f3e4e3257d,T5.2.3
seed_metric,higher_reset_failure,202607162302,0.25,mean_long_lag_correlation,-0.0006794283548341573,,,whole_seed_trajectory_cluster,0943ad862fe2a2f1eed084ae05a4bc1f2dae7e759f10997762dff6f3e4e3257d,T5.2.3
seed_metric,higher_reset_failure,202607162302,0.25,mean_long_lag_covariance,-1.789975993126208e-06,,,whole_seed_trajectory_cluster,0943ad862fe2a2f1eed084ae05a4bc1f2dae7e759f10997762dff6f3e4e3257d,T5.2.3
channel_intervention,higher_reset_failure,202607162302,0.5,channel_spec_sha256,216b0d81015cba96acf57797a78eaf17baf132ba9047244cb5c9e369748a693b,,,exactly_one_physical_channel_changes,e0855603d939a8fbee088b08fead0eefe37975b1e13a61ad3c22e4f3e29671b5,T5.2.3
seed_metric,higher_reset_failure,202607162302,0.5,injection_episode_rate_per_1000_cycles,3.66973876953125,,,whole_seed_trajectory_cluster,e0855603d939a8fbee088b08fead0eefe37975b1e13a61ad3c22e4f3e29671b5,T5.2.3
seed_metric,higher_reset_failure,202607162302,0.5,empirical_higher_injection_probability,0.0018430601695921893,,,whole_seed_trajectory_cluster,e0855603d939a8fbee088b08fead0eefe37975b1e13a61ad3c22e4f3e29671b5,T5.2.3
seed_metric,higher_reset_failure,202607162302,0.5,detection_probability,1.0,,,whole_seed_trajectory_cluster,e0855603d939a8fbee088b08fead0eefe37975b1e13a61ad3c22e4f3e29671b5,T5.2.3
seed_metric,higher_reset_failure,202607162302,0.5,mean_detection_delay_steps,0.04781704781704782,,,whole_seed_trajectory_cluster,e0855603d939a8fbee088b08fead0eefe37975b1e13a61ad3c22e4f3e29671b5,T5.2.3
seed_metric,higher_reset_failure,202607162302,0.5,p95_detection_delay_steps,0.0,,,whole_seed_trajectory_cluster,e0855603d939a8fbee088b08fead0eefe37975b1e13a61ad3c22e4f3e29671b5,T5.2.3
seed_metric,higher_reset_failure,202607162302,0.5,false_alarm_rate_per_healthy_step,0.00017614870013747257,,,whole_seed_trajectory_cluster,e0855603d939a8fbee088b08fead0eefe37975b1e13a61ad3c22e4f3e29671b5,T5.2.3
seed_metric,higher_reset_failure,202607162302,0.5,false_negative_rate_per_leakage_step,0.054945054945054944,,,whole_seed_trajectory_cluster,e0855603d939a8fbee088b08fead0eefe37975b1e13a61ad3c22e4f3e29671b5,T5.2.3
seed_metric,higher_reset_failure,202607162302,0.5,hidden_leakage_occupancy,0.003818511962890625,,,whole_seed_trajectory_cluster,e0855603d939a8fbee088b08fead0eefe37975b1e13a61ad3c22e4f3e29671b5,T5.2.3
seed_metric,higher_reset_failure,202607162302,0.5,observed_leakage_alarm_rate,0.0037841796875,,,whole_seed_trajectory_cluster,e0855603d939a8fbee088b08fead0eefe37975b1e13a61ad3c22e4f3e29671b5,T5.2.3
seed_metric,higher_reset_failure,202607162302,0.5,declared_normal_action_availability,0.9962158203125,,,whole_seed_trajectory_cluster,e0855603d939a8fbee088b08fead0eefe37975b1e13a61ad3c22e4f3e29671b5,T5.2.3
seed_metric,higher_reset_failure,202607162302,0.5,safe_normal_action_availability,0.9960060119628906,,,whole_seed_trajectory_cluster,e0855603d939a8fbee088b08fead0eefe37975b1e13a61ad3c22e4f3e29671b5,T5.2.3
seed_metric,higher_reset_failure,202607162302,0.5,unsafe_declared_available_fraction,0.000209808349609375,,,whole_seed_trajectory_cluster,e0855603d939a8fbee088b08fead0eefe37975b1e13a61ad3c22e4f3e29671b5,T5.2.3
seed_metric,higher_reset_failure,202607162302,0.5,reset_requests_per_1000_cycles,7.568359375,,,whole_seed_trajectory_cluster,e0855603d939a8fbee088b08fead0eefe37975b1e13a61ad3c22e4f3e29671b5,T5.2.3
seed_metric,higher_reset_failure,202607162302,0.5,reset_attempts_per_1000_cycles,7.2174072265625,,,whole_seed_trajectory_cluster,e0855603d939a8fbee088b08fead0eefe37975b1e13a61ad3c22e4f3e29671b5,T5.2.3
seed_metric,higher_reset_failure,202607162302,0.5,empirical_reset_failure_probability,0.492600422832981,,,whole_seed_trajectory_cluster,e0855603d939a8fbee088b08fead0eefe37975b1e13a61ad3c22e4f3e29671b5,T5.2.3
seed_metric,higher_reset_failure,202607162302,0.5,reset_failures_per_1000_cycles,3.5552978515625,,,whole_seed_trajectory_cluster,e0855603d939a8fbee088b08fead0eefe37975b1e13a61ad3c22e4f3e29671b5,T5.2.3
seed_metric,higher_reset_failure,202607162302,0.5,successful_resets_per_1000_cycles,3.662109375,,,whole_seed_trajectory_cluster,e0855603d939a8fbee088b08fead0eefe37975b1e13a61ad3c22e4f3e29671b5,T5.2.3
seed_metric,higher_reset_failure,202607162302,0.5,mean_hidden_leakage_run_steps,2.081081081081081,,,whole_seed_trajectory_cluster,e0855603d939a8fbee088b08fead0eefe37975b1e13a61ad3c22e4f3e29671b5,T5.2.3
seed_metric,higher_reset_failure,202607162302,0.5,p95_hidden_leakage_run_steps,6.0,,,whole_seed_trajectory_cluster,e0855603d939a8fbee088b08fead0eefe37975b1e13a61ad3c22e4f3e29671b5,T5.2.3
seed_metric,higher_reset_failure,202607162302,0.5,mean_short_lag_correlation,0.2561700601695403,,,whole_seed_trajectory_cluster,e0855603d939a8fbee088b08fead0eefe37975b1e13a61ad3c22e4f3e29671b5,T5.2.3
seed_metric,higher_reset_failure,202607162302,0.5,mean_long_lag_correlation,0.000973041822897037,,,whole_seed_trajectory_cluster,e0855603d939a8fbee088b08fead0eefe37975b1e13a61ad3c22e4f3e29671b5,T5.2.3
seed_metric,higher_reset_failure,202607162302,0.5,mean_long_lag_covariance,3.6431832805043514e-06,,,whole_seed_trajectory_cluster,e0855603d939a8fbee088b08fead0eefe37975b1e13a61ad3c22e4f3e29671b5,T5.2.3
channel_intervention,higher_reset_failure,202607162302,0.75,channel_spec_sha256,5efec1bb0445b5e85f1ef228b6ded6c3b6d738548ee66f388dacb066e11abace,,,exactly_one_physical_channel_changes,f0ad9055f27d2a5041f14da4f1ea97f771f31a1037dc5423cd29f8a8d7eb2e7f,T5.2.3
seed_metric,higher_reset_failure,202607162302,0.75,injection_episode_rate_per_1000_cycles,3.66973876953125,,,whole_seed_trajectory_cluster,f0ad9055f27d2a5041f14da4f1ea97f771f31a1037dc5423cd29f8a8d7eb2e7f,T5.2.3
seed_metric,higher_reset_failure,202607162302,0.75,empirical_higher_injection_probability,0.0018502846591783352,,,whole_seed_trajectory_cluster,f0ad9055f27d2a5041f14da4f1ea97f771f31a1037dc5423cd29f8a8d7eb2e7f,T5.2.3
seed_metric,higher_reset_failure,202607162302,0.75,detection_probability,1.0,,,whole_seed_trajectory_cluster,f0ad9055f27d2a5041f14da4f1ea97f771f31a1037dc5423cd29f8a8d7eb2e7f,T5.2.3
seed_metric,higher_reset_failure,202607162302,0.75,mean_detection_delay_steps,0.04781704781704782,,,whole_seed_trajectory_cluster,f0ad9055f27d2a5041f14da4f1ea97f771f31a1037dc5423cd29f8a8d7eb2e7f,T5.2.3
seed_metric,higher_reset_failure,202607162302,0.75,p95_detection_delay_steps,0.0,,,whole_seed_trajectory_cluster,f0ad9055f27d2a5041f14da4f1ea97f771f31a1037dc5423cd29f8a8d7eb2e7f,T5.2.3
seed_metric,higher_reset_failure,202607162302,0.75,false_alarm_rate_per_healthy_step,0.0001768421376370046,,,whole_seed_trajectory_cluster,f0ad9055f27d2a5041f14da4f1ea97f771f31a1037dc5423cd29f8a8d7eb2e7f,T5.2.3
seed_metric,higher_reset_failure,202607162302,0.75,false_negative_rate_per_leakage_step,0.04987654320987654,,,whole_seed_trajectory_cluster,f0ad9055f27d2a5041f14da4f1ea97f771f31a1037dc5423cd29f8a8d7eb2e7f,T5.2.3
seed_metric,higher_reset_failure,202607162302,0.75,hidden_leakage_occupancy,0.007724761962890625,,,whole_seed_trajectory_cluster,f0ad9055f27d2a5041f14da4f1ea97f771f31a1037dc5423cd29f8a8d7eb2e7f,T5.2.3
seed_metric,higher_reset_failure,202607162302,0.75,observed_leakage_alarm_rate,0.00751495361328125,,,whole_seed_trajectory_cluster,f0ad9055f27d2a5041f14da4f1ea97f771f31a1037dc5423cd29f8a8d7eb2e7f,T5.2.3
seed_metric,higher_reset_failure,202607162302,0.75,declared_normal_action_availability,0.9924850463867188,,,whole_seed_trajectory_cluster,f0ad9055f27d2a5041f14da4f1ea97f771f31a1037dc5423cd29f8a8d7eb2e7f,T5.2.3
seed_metric,higher_reset_failure,202607162302,0.75,safe_normal_action_availability,0.9920997619628906,,,whole_seed_trajectory_cluster,f0ad9055f27d2a5041f14da4f1ea97f771f31a1037dc5423cd29f8a8d7eb2e7f,T5.2.3
seed_metric,higher_reset_failure,202607162302,0.75,unsafe_declared_available_fraction,0.000385284423828125,,,whole_seed_trajectory_cluster,f0ad9055f27d2a5041f14da4f1ea97f771f31a1037dc5423cd29f8a8d7eb2e7f,T5.2.3
seed_metric,higher_reset_failure,202607162302,0.75,reset_requests_per_1000_cycles,15.0299072265625,,,whole_seed_trajectory_cluster,f0ad9055f27d2a5041f14da4f1ea97f771f31a1037dc5423cd29f8a8d7eb2e7f,T5.2.3
seed_metric,higher_reset_failure,202607162302,0.75,reset_attempts_per_1000_cycles,14.678955078125,,,whole_seed_trajectory_cluster,f0ad9055f27d2a5041f14da4f1ea97f771f31a1037dc5423cd29f8a8d7eb2e7f,T5.2.3
seed_metric,higher_reset_failure,202607162302,0.75,empirical_reset_failure_probability,0.752079002079002,,,whole_seed_trajectory_cluster,f0ad9055f27d2a5041f14da4f1ea97f771f31a1037dc5423cd29f8a8d7eb2e7f,T5.2.3
seed_metric,higher_reset_failure,202607162302,0.75,reset_failures_per_1000_cycles,11.03973388671875,,,whole_seed_trajectory_cluster,f0ad9055f27d2a5041f14da4f1ea97f771f31a1037dc5423cd29f8a8d7eb2e7f,T5.2.3
seed_metric,higher_reset_failure,202607162302,0.75,successful_resets_per_1000_cycles,3.63922119140625,,,whole_seed_trajectory_cluster,f0ad9055f27d2a5041f14da4f1ea97f771f31a1037dc5423cd29f8a8d7eb2e7f,T5.2.3
seed_metric,higher_reset_failure,202607162302,0.75,mean_hidden_leakage_run_steps,4.2012448132780085,,,whole_seed_trajectory_cluster,f0ad9055f27d2a5041f14da4f1ea97f771f31a1037dc5423cd29f8a8d7eb2e7f,T5.2.3
seed_metric,higher_reset_failure,202607162302,0.75,p95_hidden_leakage_run_steps,12.0,,,whole_seed_trajectory_cluster,f0ad9055f27d2a5041f14da4f1ea97f771f31a1037dc5423cd29f8a8d7eb2e7f,T5.2.3
seed_metric,higher_reset_failure,202607162302,0.75,mean_short_lag_correlation,0.5139603405035427,,,whole_seed_trajectory_cluster,f0ad9055f27d2a5041f14da4f1ea97f771f31a1037dc5423cd29f8a8d7eb2e7f,T5.2.3
seed_metric,higher_reset_failure,202607162302,0.75,mean_long_lag_correlation,0.04060554423121177,,,whole_seed_trajectory_cluster,f0ad9055f27d2a5041f14da4f1ea97f771f31a1037dc5423cd29f8a8d7eb2e7f,T5.2.3
seed_metric,higher_reset_failure,202607162302,0.75,mean_long_lag_covariance,0.00030199213773492514,,,whole_seed_trajectory_cluster,f0ad9055f27d2a5041f14da4f1ea97f771f31a1037dc5423cd29f8a8d7eb2e7f,T5.2.3
channel_intervention,higher_reset_failure,202607162302,0.9,channel_spec_sha256,b62f0be1c6dc40126e43514eced439c41a409661418340e8b46af9f09aec8817,,,exactly_one_physical_channel_changes,a293ccd69300b669d622064409892dfe9b9e1a92b356a8c327ba0aea4b530edc,T5.2.3
seed_metric,higher_reset_failure,202607162302,0.9,injection_episode_rate_per_1000_cycles,3.63922119140625,,,whole_seed_trajectory_cluster,a293ccd69300b669d622064409892dfe9b9e1a92b356a8c327ba0aea4b530edc,T5.2.3
seed_metric,higher_reset_failure,202607162302,0.9,empirical_higher_injection_probability,0.0018573826091358304,,,whole_seed_trajectory_cluster,a293ccd69300b669d622064409892dfe9b9e1a92b356a8c327ba0aea4b530edc,T5.2.3
seed_metric,higher_reset_failure,202607162302,0.9,detection_probability,1.0,,,whole_seed_trajectory_cluster,a293ccd69300b669d622064409892dfe9b9e1a92b356a8c327ba0aea4b530edc,T5.2.3
seed_metric,higher_reset_failure,202607162302,0.9,mean_detection_delay_steps,0.04821802935010482,,,whole_seed_trajectory_cluster,a293ccd69300b669d622064409892dfe9b9e1a92b356a8c327ba0aea4b530edc,T5.2.3
seed_metric,higher_reset_failure,202607162302,0.9,p95_detection_delay_steps,0.0,,,whole_seed_trajectory_cluster,a293ccd69300b669d622064409892dfe9b9e1a92b356a8c327ba0aea4b530edc,T5.2.3
seed_metric,higher_reset_failure,202607162302,0.9,false_alarm_rate_per_healthy_step,0.00017900782964680976,,,whole_seed_trajectory_cluster,a293ccd69300b669d622064409892dfe9b9e1a92b356a8c327ba0aea4b530edc,T5.2.3
seed_metric,higher_reset_failure,202607162302,0.9,false_negative_rate_per_leakage_step,0.05065738592420727,,,whole_seed_trajectory_cluster,a293ccd69300b669d622064409892dfe9b9e1a92b356a8c327ba0aea4b530edc,T5.2.3
seed_metric,higher_reset_failure,202607162302,0.9,hidden_leakage_occupancy,0.0197296142578125,,,whole_seed_trajectory_cluster,a293ccd69300b669d622064409892dfe9b9e1a92b356a8c327ba0aea4b530edc,T5.2.3
seed_metric,higher_reset_failure,202607162302,0.9,observed_leakage_alarm_rate,0.0189056396484375,,,whole_seed_trajectory_cluster,a293ccd69300b669d622064409892dfe9b9e1a92b356a8c327ba0aea4b530edc,T5.2.3
seed_metric,higher_reset_failure,202607162302,0.9,declared_normal_action_availability,0.9810943603515625,,,whole_seed_trajectory_cluster,a293ccd69300b669d622064409892dfe9b9e1a92b356a8c327ba0aea4b530edc,T5.2.3
seed_metric,higher_reset_failure,202607162302,0.9,safe_normal_action_availability,0.9800949096679688,,,whole_seed_trajectory_cluster,a293ccd69300b669d622064409892dfe9b9e1a92b356a8c327ba0aea4b530edc,T5.2.3
seed_metric,higher_reset_failure,202607162302,0.9,unsafe_declared_available_fraction,0.00099945068359375,,,whole_seed_trajectory_cluster,a293ccd69300b669d622064409892dfe9b9e1a92b356a8c327ba0aea4b530edc,T5.2.3
seed_metric,higher_reset_failure,202607162302,0.9,reset_requests_per_1000_cycles,37.811279296875,,,whole_seed_trajectory_cluster,a293ccd69300b669d622064409892dfe9b9e1a92b356a8c327ba0aea4b530edc,T5.2.3
seed_metric,higher_reset_failure,202607162302,0.9,reset_attempts_per_1000_cycles,37.4603271484375,,,whole_seed_trajectory_cluster,a293ccd69300b669d622064409892dfe9b9e1a92b356a8c327ba0aea4b530edc,T5.2.3
seed_metric,higher_reset_failure,202607162302,0.9,empirical_reset_failure_probability,0.9036659877800407,,,whole_seed_trajectory_cluster,a293ccd69300b669d622064409892dfe9b9e1a92b356a8c327ba0aea4b530edc,T5.2.3
seed_metric,higher_reset_failure,202607162302,0.9,reset_failures_per_1000_cycles,33.85162353515625,,,whole_seed_trajectory_cluster,a293ccd69300b669d622064409892dfe9b9e1a92b356a8c327ba0aea4b530edc,T5.2.3
seed_metric,higher_reset_failure,202607162302,0.9,successful_resets_per_1000_cycles,3.60870361328125,,,whole_seed_trajectory_cluster,a293ccd69300b669d622064409892dfe9b9e1a92b356a8c327ba0aea4b530edc,T5.2.3
seed_metric,higher_reset_failure,202607162302,0.9,mean_hidden_leakage_run_steps,10.79749478079332,,,whole_seed_trajectory_cluster,a293ccd69300b669d622064409892dfe9b9e1a92b356a8c327ba0aea4b530edc,T5.2.3
seed_metric,higher_reset_failure,202607162302,0.9,p95_hidden_leakage_run_steps,31.0,,,whole_seed_trajectory_cluster,a293ccd69300b669d622064409892dfe9b9e1a92b356a8c327ba0aea4b530edc,T5.2.3
seed_metric,higher_reset_failure,202607162302,0.9,mean_short_lag_correlation,0.7512296433899149,,,whole_seed_trajectory_cluster,a293ccd69300b669d622064409892dfe9b9e1a92b356a8c327ba0aea4b530edc,T5.2.3
seed_metric,higher_reset_failure,202607162302,0.9,mean_long_lag_correlation,0.2259287802664722,,,whole_seed_trajectory_cluster,a293ccd69300b669d622064409892dfe9b9e1a92b356a8c327ba0aea4b530edc,T5.2.3
seed_metric,higher_reset_failure,202607162302,0.9,mean_long_lag_covariance,0.004183750039601753,,,whole_seed_trajectory_cluster,a293ccd69300b669d622064409892dfe9b9e1a92b356a8c327ba0aea4b530edc,T5.2.3
channel_intervention,higher_reset_failure,202607162302,0.95,channel_spec_sha256,04856ab78be982625a78458bbd09150a9ffa8be88305f6b5c8092edc5aa9714d,,,exactly_one_physical_channel_changes,f5bf6786ea5a801b86c6fef36661e0bad7930ee95425eb4af6a1f8f41e573cd9,T5.2.3
seed_metric,higher_reset_failure,202607162302,0.95,injection_episode_rate_per_1000_cycles,3.5400390625,,,whole_seed_trajectory_cluster,f5bf6786ea5a801b86c6fef36661e0bad7930ee95425eb4af6a1f8f41e573cd9,T5.2.3
seed_metric,higher_reset_failure,202607162302,0.95,empirical_higher_injection_probability,0.001837143558515398,,,whole_seed_trajectory_cluster,f5bf6786ea5a801b86c6fef36661e0bad7930ee95425eb4af6a1f8f41e573cd9,T5.2.3
seed_metric,higher_reset_failure,202607162302,0.95,detection_probability,1.0,,,whole_seed_trajectory_cluster,f5bf6786ea5a801b86c6fef36661e0bad7930ee95425eb4af6a1f8f41e573cd9,T5.2.3
seed_metric,higher_reset_failure,202607162302,0.95,mean_detection_delay_steps,0.04741379310344827,,,whole_seed_trajectory_cluster,f5bf6786ea5a801b86c6fef36661e0bad7930ee95425eb4af6a1f8f41e573cd9,T5.2.3
seed_metric,higher_reset_failure,202607162302,0.95,p95_detection_delay_steps,0.0,,,whole_seed_trajectory_cluster,f5bf6786ea5a801b86c6fef36661e0bad7930ee95425eb4af6a1f8f41e573cd9,T5.2.3
seed_metric,higher_reset_failure,202607162302,0.95,false_alarm_rate_per_healthy_step,0.00018201098396720638,,,whole_seed_trajectory_cluster,f5bf6786ea5a801b86c6fef36661e0bad7930ee95425eb4af6a1f8f41e573cd9,T5.2.3
seed_metric,higher_reset_failure,202607162302,0.95,false_negative_rate_per_leakage_step,0.050786230344241394,,,whole_seed_trajectory_cluster,f5bf6786ea5a801b86c6fef36661e0bad7930ee95425eb4af6a1f8f41e573cd9,T5.2.3
seed_metric,higher_reset_failure,202607162302,0.95,hidden_leakage_occupancy,0.0359039306640625,,,whole_seed_trajectory_cluster,f5bf6786ea5a801b86c6fef36661e0bad7930ee95425eb4af6a1f8f41e573cd9,T5.2.3
seed_metric,higher_reset_failure,202607162302,0.95,observed_leakage_alarm_rate,0.0342559814453125,,,whole_seed_trajectory_cluster,f5bf6786ea5a801b86c6fef36661e0bad7930ee95425eb4af6a1f8f41e573cd9,T5.2.3
seed_metric,higher_reset_failure,202607162302,0.95,declared_normal_action_availability,0.9657440185546875,,,whole_seed_trajectory_cluster,f5bf6786ea5a801b86c6fef36661e0bad7930ee95425eb4af6a1f8f41e573cd9,T5.2.3
seed_metric,higher_reset_failure,202607162302,0.95,safe_normal_action_availability,0.9639205932617188,,,whole_seed_trajectory_cluster,f5bf6786ea5a801b86c6fef36661e0bad7930ee95425eb4af6a1f8f41e573cd9,T5.2.3
seed_metric,higher_reset_failure,202607162302,0.95,unsafe_declared_available_fraction,0.00182342529296875,,,whole_seed_trajectory_cluster,f5bf6786ea5a801b86c6fef36661e0bad7930ee95425eb4af6a1f8f41e573cd9,T5.2.3
seed_metric,higher_reset_failure,202607162302,0.95,reset_requests_per_1000_cycles,68.511962890625,,,whole_seed_trajectory_cluster,f5bf6786ea5a801b86c6fef36661e0bad7930ee95425eb4af6a1f8f41e573cd9,T5.2.3
seed_metric,higher_reset_failure,202607162302,0.95,reset_attempts_per_1000_cycles,68.1610107421875,,,whole_seed_trajectory_cluster,f5bf6786ea5a801b86c6fef36661e0bad7930ee95425eb4af6a1f8f41e573cd9,T5.2.3
seed_metric,higher_reset_failure,202607162302,0.95,empirical_reset_failure_probability,0.9481755092903514,,,whole_seed_trajectory_cluster,f5bf6786ea5a801b86c6fef36661e0bad7930ee95425eb4af6a1f8f41e573cd9,T5.2.3
seed_metric,higher_reset_failure,202607162302,0.95,reset_failures_per_1000_cycles,64.62860107421875,,,whole_seed_trajectory_cluster,f5bf6786ea5a801b86c6fef36661e0bad7930ee95425eb4af6a1f8f41e573cd9,T5.2.3
seed_metric,higher_reset_failure,202607162302,0.95,successful_resets_per_1000_cycles,3.53240966796875,,,whole_seed_trajectory_cluster,f5bf6786ea5a801b86c6fef36661e0bad7930ee95425eb4af6a1f8f41e573cd9,T5.2.3
seed_metric,higher_reset_failure,202607162302,0.95,mean_hidden_leakage_run_steps,19.856540084388186,,,whole_seed_trajectory_cluster,f5bf6786ea5a801b86c6fef36661e0bad7930ee95425eb4af6a1f8f41e573cd9,T5.2.3
seed_metric,higher_reset_failure,202607162302,0.95,p95_hidden_leakage_run_steps,56.0499999999999,,,whole_seed_trajectory_cluster,f5bf6786ea5a801b86c6fef36661e0bad7930ee95425eb4af6a1f8f41e573cd9,T5.2.3
seed_metric,higher_reset_failure,202607162302,0.95,mean_short_lag_correlation,0.8337944458148234,,,whole_seed_trajectory_cluster,f5bf6786ea5a801b86c6fef36661e0bad7930ee95425eb4af6a1f8f41e573cd9,T5.2.3
seed_metric,higher_reset_failure,202607162302,0.95,mean_long_lag_correlation,0.4010458637739312,,,whole_seed_trajectory_cluster,f5bf6786ea5a801b86c6fef36661e0bad7930ee95425eb4af6a1f8f41e573cd9,T5.2.3
seed_metric,higher_reset_failure,202607162302,0.95,mean_long_lag_covariance,0.013241323220376092,,,whole_seed_trajectory_cluster,f5bf6786ea5a801b86c6fef36661e0bad7930ee95425eb4af6a1f8f41e573cd9,T5.2.3
channel_intervention,higher_reset_failure,202607162303,0.0,channel_spec_sha256,e7450006c0b2028832e0ca3d8006e4749ce95f8e750b07c44b03620c3a4d5403,,,exactly_one_physical_channel_changes,1f4e7c4cc4c88f5ea8bb5ddb7bd47742d5f86496edd7b0813eb2548c7c3655aa,T5.2.3
seed_metric,higher_reset_failure,202607162303,0.0,injection_episode_rate_per_1000_cycles,4.06646728515625,,,whole_seed_trajectory_cluster,1f4e7c4cc4c88f5ea8bb5ddb7bd47742d5f86496edd7b0813eb2548c7c3655aa,T5.2.3
seed_metric,higher_reset_failure,202607162303,0.0,empirical_higher_injection_probability,0.0020386541058034706,,,whole_seed_trajectory_cluster,1f4e7c4cc4c88f5ea8bb5ddb7bd47742d5f86496edd7b0813eb2548c7c3655aa,T5.2.3
seed_metric,higher_reset_failure,202607162303,0.0,detection_probability,1.0,,,whole_seed_trajectory_cluster,1f4e7c4cc4c88f5ea8bb5ddb7bd47742d5f86496edd7b0813eb2548c7c3655aa,T5.2.3
seed_metric,higher_reset_failure,202607162303,0.0,mean_detection_delay_steps,0.058161350844277676,,,whole_seed_trajectory_cluster,1f4e7c4cc4c88f5ea8bb5ddb7bd47742d5f86496edd7b0813eb2548c7c3655aa,T5.2.3
seed_metric,higher_reset_failure,202607162303,0.0,p95_detection_delay_steps,1.0,,,whole_seed_trajectory_cluster,1f4e7c4cc4c88f5ea8bb5ddb7bd47742d5f86496edd7b0813eb2548c7c3655aa,T5.2.3
seed_metric,higher_reset_failure,202607162303,0.0,false_alarm_rate_per_healthy_step,0.00019114611208808014,,,whole_seed_trajectory_cluster,1f4e7c4cc4c88f5ea8bb5ddb7bd47742d5f86496edd7b0813eb2548c7c3655aa,T5.2.3
seed_metric,higher_reset_failure,202607162303,0.0,false_negative_rate_per_leakage_step,0.0549645390070922,,,whole_seed_trajectory_cluster,1f4e7c4cc4c88f5ea8bb5ddb7bd47742d5f86496edd7b0813eb2548c7c3655aa,T5.2.3
seed_metric,higher_reset_failure,202607162303,0.0,hidden_leakage_occupancy,0.0021514892578125,,,whole_seed_trajectory_cluster,1f4e7c4cc4c88f5ea8bb5ddb7bd47742d5f86496edd7b0813eb2548c7c3655aa,T5.2.3
seed_metric,higher_reset_failure,202607162303,0.0,observed_leakage_alarm_rate,0.002223968505859375,,,whole_seed_trajectory_cluster,1f4e7c4cc4c88f5ea8bb5ddb7bd47742d5f86496edd7b0813eb2548c7c3655aa,T5.2.3
seed_metric,higher_reset_failure,202607162303,0.0,declared_normal_action_availability,0.9977760314941406,,,whole_seed_trajectory_cluster,1f4e7c4cc4c88f5ea8bb5ddb7bd47742d5f86496edd7b0813eb2548c7c3655aa,T5.2.3
seed_metric,higher_reset_failure,202607162303,0.0,safe_normal_action_availability,0.9976577758789062,,,whole_seed_trajectory_cluster,1f4e7c4cc4c88f5ea8bb5ddb7bd47742d5f86496edd7b0813eb2548c7c3655aa,T5.2.3
seed_metric,higher_reset_failure,202607162303,0.0,unsafe_declared_available_fraction,0.000118255615234375,,,whole_seed_trajectory_cluster,1f4e7c4cc4c88f5ea8bb5ddb7bd47742d5f86496edd7b0813eb2548c7c3655aa,T5.2.3
seed_metric,higher_reset_failure,202607162303,0.0,reset_requests_per_1000_cycles,4.44793701171875,,,whole_seed_trajectory_cluster,1f4e7c4cc4c88f5ea8bb5ddb7bd47742d5f86496edd7b0813eb2548c7c3655aa,T5.2.3
seed_metric,higher_reset_failure,202607162303,0.0,reset_attempts_per_1000_cycles,4.06646728515625,,,whole_seed_trajectory_cluster,1f4e7c4cc4c88f5ea8bb5ddb7bd47742d5f86496edd7b0813eb2548c7c3655aa,T5.2.3
seed_metric,higher_reset_failure,202607162303,0.0,empirical_reset_failure_probability,0.0,,,whole_seed_trajectory_cluster,1f4e7c4cc4c88f5ea8bb5ddb7bd47742d5f86496edd7b0813eb2548c7c3655aa,T5.2.3
seed_metric,higher_reset_failure,202607162303,0.0,reset_failures_per_1000_cycles,0.0,,,whole_seed_trajectory_cluster,1f4e7c4cc4c88f5ea8bb5ddb7bd47742d5f86496edd7b0813eb2548c7c3655aa,T5.2.3
seed_metric,higher_reset_failure,202607162303,0.0,successful_resets_per_1000_cycles,4.06646728515625,,,whole_seed_trajectory_cluster,1f4e7c4cc4c88f5ea8bb5ddb7bd47742d5f86496edd7b0813eb2548c7c3655aa,T5.2.3
seed_metric,higher_reset_failure,202607162303,0.0,mean_hidden_leakage_run_steps,1.0621468926553672,,,whole_seed_trajectory_cluster,1f4e7c4cc4c88f5ea8bb5ddb7bd47742d5f86496edd7b0813eb2548c7c3655aa,T5.2.3
seed_metric,higher_reset_failure,202607162303,0.0,p95_hidden_leakage_run_steps,2.0,,,whole_seed_trajectory_cluster,1f4e7c4cc4c88f5ea8bb5ddb7bd47742d5f86496edd7b0813eb2548c7c3655aa,T5.2.3
seed_metric,higher_reset_failure,202607162303,0.0,mean_short_lag_correlation,-0.0005044446648076972,,,whole_seed_trajectory_cluster,1f4e7c4cc4c88f5ea8bb5ddb7bd47742d5f86496edd7b0813eb2548c7c3655aa,T5.2.3
seed_metric,higher_reset_failure,202607162303,0.0,mean_long_lag_correlation,-0.00046767707260951774,,,whole_seed_trajectory_cluster,1f4e7c4cc4c88f5ea8bb5ddb7bd47742d5f86496edd7b0813eb2548c7c3655aa,T5.2.3
seed_metric,higher_reset_failure,202607162303,0.0,mean_long_lag_covariance,-1.0349760826948087e-06,,,whole_seed_trajectory_cluster,1f4e7c4cc4c88f5ea8bb5ddb7bd47742d5f86496edd7b0813eb2548c7c3655aa,T5.2.3
channel_intervention,higher_reset_failure,202607162303,0.25,channel_spec_sha256,99fbf532b4c3767d8333db264f4f09522fd4fd1cc7eb9e7334903ec07c9cad2b,,,exactly_one_physical_channel_changes,dec12265ca3e9aa4d7d319abcc6b8b9996ed7e1943b6d654552cf6f12bb52aeb,T5.2.3
seed_metric,higher_reset_failure,202607162303,0.25,injection_episode_rate_per_1000_cycles,4.06646728515625,,,whole_seed_trajectory_cluster,dec12265ca3e9aa4d7d319abcc6b8b9996ed7e1943b6d654552cf6f12bb52aeb,T5.2.3
seed_metric,higher_reset_failure,202607162303,0.25,empirical_higher_injection_probability,0.0020400586373326905,,,whole_seed_trajectory_cluster,dec12265ca3e9aa4d7d319abcc6b8b9996ed7e1943b6d654552cf6f12bb52aeb,T5.2.3
seed_metric,higher_reset_failure,202607162303,0.25,detection_probability,1.0,,,whole_seed_trajectory_cluster,dec12265ca3e9aa4d7d319abcc6b8b9996ed7e1943b6d654552cf6f12bb52aeb,T5.2.3
seed_metric,higher_reset_failure,202607162303,0.25,mean_detection_delay_steps,0.058161350844277676,,,whole_seed_trajectory_cluster,dec12265ca3e9aa4d7d319abcc6b8b9996ed7e1943b6d654552cf6f12bb52aeb,T5.2.3
seed_metric,higher_reset_failure,202607162303,0.25,p95_detection_delay_steps,1.0,,,whole_seed_trajectory_cluster,dec12265ca3e9aa4d7d319abcc6b8b9996ed7e1943b6d654552cf6f12bb52aeb,T5.2.3
seed_metric,higher_reset_failure,202607162303,0.25,false_alarm_rate_per_healthy_step,0.00019127773527161438,,,whole_seed_trajectory_cluster,dec12265ca3e9aa4d7d319abcc6b8b9996ed7e1943b6d654552cf6f12bb52aeb,T5.2.3
seed_metric,higher_reset_failure,202607162303,0.25,false_negative_rate_per_leakage_step,0.04973118279569892,,,whole_seed_trajectory_cluster,dec12265ca3e9aa4d7d319abcc6b8b9996ed7e1943b6d654552cf6f12bb52aeb,T5.2.3
seed_metric,higher_reset_failure,202607162303,0.25,hidden_leakage_occupancy,0.002838134765625,,,whole_seed_trajectory_cluster,dec12265ca3e9aa4d7d319abcc6b8b9996ed7e1943b6d654552cf6f12bb52aeb,T5.2.3
seed_metric,higher_reset_failure,202607162303,0.25,observed_leakage_alarm_rate,0.002887725830078125,,,whole_seed_trajectory_cluster,dec12265ca3e9aa4d7d319abcc6b8b9996ed7e1943b6d654552cf6f12bb52aeb,T5.2.3
seed_metric,higher_reset_failure,202607162303,0.25,declared_normal_action_availability,0.9971122741699219,,,whole_seed_trajectory_cluster,dec12265ca3e9aa4d7d319abcc6b8b9996ed7e1943b6d654552cf6f12bb52aeb,T5.2.3
seed_metric,higher_reset_failure,202607162303,0.25,safe_normal_action_availability,0.9969711303710938,,,whole_seed_trajectory_cluster,dec12265ca3e9aa4d7d319abcc6b8b9996ed7e1943b6d654552cf6f12bb52aeb,T5.2.3
seed_metric,higher_reset_failure,202607162303,0.25,unsafe_declared_available_fraction,0.000141143798828125,,,whole_seed_trajectory_cluster,dec12265ca3e9aa4d7d319abcc6b8b9996ed7e1943b6d654552cf6f12bb52aeb,T5.2.3
seed_metric,higher_reset_failure,202607162303,0.25,reset_requests_per_1000_cycles,5.77545166015625,,,whole_seed_trajectory_cluster,dec12265ca3e9aa4d7d319abcc6b8b9996ed7e1943b6d654552cf6f12bb52aeb,T5.2.3
seed_metric,higher_reset_failure,202607162303,0.25,reset_attempts_per_1000_cycles,5.39398193359375,,,whole_seed_trajectory_cluster,dec12265ca3e9aa4d7d319abcc6b8b9996ed7e1943b6d654552cf6f12bb52aeb,T5.2.3
seed_metric,higher_reset_failure,202607162303,0.25,empirical_reset_failure_probability,0.24611032531824611,,,whole_seed_trajectory_cluster,dec12265ca3e9aa4d7d319abcc6b8b9996ed7e1943b6d654552cf6f12bb52aeb,T5.2.3
seed_metric,higher_reset_failure,202607162303,0.25,reset_failures_per_1000_cycles,1.3275146484375,,,whole_seed_trajectory_cluster,dec12265ca3e9aa4d7d319abcc6b8b9996ed7e1943b6d654552cf6f12bb52aeb,T5.2.3
seed_metric,higher_reset_failure,202607162303,0.25,successful_resets_per_1000_cycles,4.06646728515625,,,whole_seed_trajectory_cluster,dec12265ca3e9aa4d7d319abcc6b8b9996ed7e1943b6d654552cf6f12bb52aeb,T5.2.3
seed_metric,higher_reset_failure,202607162303,0.25,mean_hidden_leakage_run_steps,1.4011299435028248,,,whole_seed_trajectory_cluster,dec12265ca3e9aa4d7d319abcc6b8b9996ed7e1943b6d654552cf6f12bb52aeb,T5.2.3
seed_metric,higher_reset_failure,202607162303,0.25,p95_hidden_leakage_run_steps,3.0,,,whole_seed_trajectory_cluster,dec12265ca3e9aa4d7d319abcc6b8b9996ed7e1943b6d654552cf6f12bb52aeb,T5.2.3
seed_metric,higher_reset_failure,202607162303,0.25,mean_short_lag_correlation,0.09526930709181103,,,whole_seed_trajectory_cluster,dec12265ca3e9aa4d7d319abcc6b8b9996ed7e1943b6d654552cf6f12bb52aeb,T5.2.3
seed_metric,higher_reset_failure,202607162303,0.25,mean_long_lag_correlation,-0.00019166613831005712,,,whole_seed_trajectory_cluster,dec12265ca3e9aa4d7d319abcc6b8b9996ed7e1943b6d654552cf6f12bb52aeb,T5.2.3
seed_metric,higher_reset_failure,202607162303,0.25,mean_long_lag_covariance,-5.407015970277438e-07,,,whole_seed_trajectory_cluster,dec12265ca3e9aa4d7d319abcc6b8b9996ed7e1943b6d654552cf6f12bb52aeb,T5.2.3
channel_intervention,higher_reset_failure,202607162303,0.5,channel_spec_sha256,216b0d81015cba96acf57797a78eaf17baf132ba9047244cb5c9e369748a693b,,,exactly_one_physical_channel_changes,a2e57da215f3657e631a133a2a2122f8f8fb9388f3b99188425fcbf32063874f,T5.2.3
seed_metric,higher_reset_failure,202607162303,0.5,injection_episode_rate_per_1000_cycles,4.0435791015625,,,whole_seed_trajectory_cluster,a2e57da215f3657e631a133a2a2122f8f8fb9388f3b99188425fcbf32063874f,T5.2.3
seed_metric,higher_reset_failure,202607162303,0.5,empirical_higher_injection_probability,0.002031819053095649,,,whole_seed_trajectory_cluster,a2e57da215f3657e631a133a2a2122f8f8fb9388f3b99188425fcbf32063874f,T5.2.3
seed_metric,higher_reset_failure,202607162303,0.5,detection_probability,1.0,,,whole_seed_trajectory_cluster,a2e57da215f3657e631a133a2a2122f8f8fb9388f3b99188425fcbf32063874f,T5.2.3
seed_metric,higher_reset_failure,202607162303,0.5,mean_detection_delay_steps,0.05849056603773585,,,whole_seed_trajectory_cluster,a2e57da215f3657e631a133a2a2122f8f8fb9388f3b99188425fcbf32063874f,T5.2.3
seed_metric,higher_reset_failure,202607162303,0.5,p95_detection_delay_steps,1.0,,,whole_seed_trajectory_cluster,a2e57da215f3657e631a133a2a2122f8f8fb9388f3b99188425fcbf32063874f,T5.2.3
seed_metric,higher_reset_failure,202607162303,0.5,false_alarm_rate_per_healthy_step,0.00019158189167959845,,,whole_seed_trajectory_cluster,a2e57da215f3657e631a133a2a2122f8f8fb9388f3b99188425fcbf32063874f,T5.2.3
seed_metric,higher_reset_failure,202607162303,0.5,false_negative_rate_per_leakage_step,0.04831751509922347,,,whole_seed_trajectory_cluster,a2e57da215f3657e631a133a2a2122f8f8fb9388f3b99188425fcbf32063874f,T5.2.3
seed_metric,higher_reset_failure,202607162303,0.5,hidden_leakage_occupancy,0.004421234130859375,,,whole_seed_trajectory_cluster,a2e57da215f3657e631a133a2a2122f8f8fb9388f3b99188425fcbf32063874f,T5.2.3
seed_metric,higher_reset_failure,202607162303,0.5,observed_leakage_alarm_rate,0.004398345947265625,,,whole_seed_trajectory_cluster,a2e57da215f3657e631a133a2a2122f8f8fb9388f3b99188425fcbf32063874f,T5.2.3
seed_metric,higher_reset_failure,202607162303,0.5,declared_normal_action_availability,0.9956016540527344,,,whole_seed_trajectory_cluster,a2e57da215f3657e631a133a2a2122f8f8fb9388f3b99188425fcbf32063874f,T5.2.3
seed_metric,higher_reset_failure,202607162303,0.5,safe_normal_action_availability,0.9953880310058594,,,whole_seed_trajectory_cluster,a2e57da215f3657e631a133a2a2122f8f8fb9388f3b99188425fcbf32063874f,T5.2.3
seed_metric,higher_reset_failure,202607162303,0.5,unsafe_declared_available_fraction,0.000213623046875,,,whole_seed_trajectory_cluster,a2e57da215f3657e631a133a2a2122f8f8fb9388f3b99188425fcbf32063874f,T5.2.3
seed_metric,higher_reset_failure,202607162303,0.5,reset_requests_per_1000_cycles,8.79669189453125,,,whole_seed_trajectory_cluster,a2e57da215f3657e631a133a2a2122f8f8fb9388f3b99188425fcbf32063874f,T5.2.3
seed_metric,higher_reset_failure,202607162303,0.5,reset_attempts_per_1000_cycles,8.41522216796875,,,whole_seed_trajectory_cluster,a2e57da215f3657e631a133a2a2122f8f8fb9388f3b99188425fcbf32063874f,T5.2.3
seed_metric,higher_reset_failure,202607162303,0.5,empirical_reset_failure_probability,0.5194922937443336,,,whole_seed_trajectory_cluster,a2e57da215f3657e631a133a2a2122f8f8fb9388f3b99188425fcbf32063874f,T5.2.3
seed_metric,higher_reset_failure,202607162303,0.5,reset_failures_per_1000_cycles,4.37164306640625,,,whole_seed_trajectory_cluster,a2e57da215f3657e631a133a2a2122f8f8fb9388f3b99188425fcbf32063874f,T5.2.3
seed_metric,higher_reset_failure,202607162303,0.5,successful_resets_per_1000_cycles,4.0435791015625,,,whole_seed_trajectory_cluster,a2e57da215f3657e631a133a2a2122f8f8fb9388f3b99188425fcbf32063874f,T5.2.3
seed_metric,higher_reset_failure,202607162303,0.5,mean_hidden_leakage_run_steps,2.1909262759924384,,,whole_seed_trajectory_cluster,a2e57da215f3657e631a133a2a2122f8f8fb9388f3b99188425fcbf32063874f,T5.2.3
seed_metric,higher_reset_failure,202607162303,0.5,p95_hidden_leakage_run_steps,5.0,,,whole_seed_trajectory_cluster,a2e57da215f3657e631a133a2a2122f8f8fb9388f3b99188425fcbf32063874f,T5.2.3
seed_metric,higher_reset_failure,202607162303,0.5,mean_short_lag_correlation,0.27042486241283276,,,whole_seed_trajectory_cluster,a2e57da215f3657e631a133a2a2122f8f8fb9388f3b99188425fcbf32063874f,T5.2.3
seed_metric,higher_reset_failure,202607162303,0.5,mean_long_lag_correlation,-0.0005276393937440887,,,whole_seed_trajectory_cluster,a2e57da215f3657e631a133a2a2122f8f8fb9388f3b99188425fcbf32063874f,T5.2.3
seed_metric,higher_reset_failure,202607162303,0.5,mean_long_lag_covariance,-2.298175829388757e-06,,,whole_seed_trajectory_cluster,a2e57da215f3657e631a133a2a2122f8f8fb9388f3b99188425fcbf32063874f,T5.2.3
channel_intervention,higher_reset_failure,202607162303,0.75,channel_spec_sha256,5efec1bb0445b5e85f1ef228b6ded6c3b6d738548ee66f388dacb066e11abace,,,exactly_one_physical_channel_changes,9e34ca662ce2efe1c32d8386127f4c8d924764d3f7b1d52608b40aa21e83ca81,T5.2.3
seed_metric,higher_reset_failure,202607162303,0.75,injection_episode_rate_per_1000_cycles,4.02069091796875,,,whole_seed_trajectory_cluster,9e34ca662ce2efe1c32d8386127f4c8d924764d3f7b1d52608b40aa21e83ca81,T5.2.3
seed_metric,higher_reset_failure,202607162303,0.75,empirical_higher_injection_probability,0.0020284678331960494,,,whole_seed_trajectory_cluster,9e34ca662ce2efe1c32d8386127f4c8d924764d3f7b1d52608b40aa21e83ca81,T5.2.3
seed_metric,higher_reset_failure,202607162303,0.75,detection_probability,1.0,,,whole_seed_trajectory_cluster,9e34ca662ce2efe1c32d8386127f4c8d924764d3f7b1d52608b40aa21e83ca81,T5.2.3
seed_metric,higher_reset_failure,202607162303,0.75,mean_detection_delay_steps,0.058823529411764705,,,whole_seed_trajectory_cluster,9e34ca662ce2efe1c32d8386127f4c8d924764d3f7b1d52608b40aa21e83ca81,T5.2.3
seed_metric,higher_reset_failure,202607162303,0.75,p95_detection_delay_steps,1.0,,,whole_seed_trajectory_cluster,9e34ca662ce2efe1c32d8386127f4c8d924764d3f7b1d52608b40aa21e83ca81,T5.2.3
seed_metric,higher_reset_failure,202607162303,0.75,false_alarm_rate_per_healthy_step,0.0001923528212388291,,,whole_seed_trajectory_cluster,9e34ca662ce2efe1c32d8386127f4c8d924764d3f7b1d52608b40aa21e83ca81,T5.2.3
seed_metric,higher_reset_failure,202607162303,0.75,false_negative_rate_per_leakage_step,0.05215419501133787,,,whole_seed_trajectory_cluster,9e34ca662ce2efe1c32d8386127f4c8d924764d3f7b1d52608b40aa21e83ca81,T5.2.3
seed_metric,higher_reset_failure,202607162303,0.75,hidden_leakage_occupancy,0.008411407470703125,,,whole_seed_trajectory_cluster,9e34ca662ce2efe1c32d8386127f4c8d924764d3f7b1d52608b40aa21e83ca81,T5.2.3
seed_metric,higher_reset_failure,202607162303,0.75,observed_leakage_alarm_rate,0.0081634521484375,,,whole_seed_trajectory_cluster,9e34ca662ce2efe1c32d8386127f4c8d924764d3f7b1d52608b40aa21e83ca81,T5.2.3
seed_metric,higher_reset_failure,202607162303,0.75,declared_normal_action_availability,0.9918365478515625,,,whole_seed_trajectory_cluster,9e34ca662ce2efe1c32d8386127f4c8d924764d3f7b1d52608b40aa21e83ca81,T5.2.3
seed_metric,higher_reset_failure,202607162303,0.75,safe_normal_action_availability,0.9913978576660156,,,whole_seed_trajectory_cluster,9e34ca662ce2efe1c32d8386127f4c8d924764d3f7b1d52608b40aa21e83ca81,T5.2.3
seed_metric,higher_reset_failure,202607162303,0.75,unsafe_declared_available_fraction,0.000438690185546875,,,whole_seed_trajectory_cluster,9e34ca662ce2efe1c32d8386127f4c8d924764d3f7b1d52608b40aa21e83ca81,T5.2.3
seed_metric,higher_reset_failure,202607162303,0.75,reset_requests_per_1000_cycles,16.326904296875,,,whole_seed_trajectory_cluster,9e34ca662ce2efe1c32d8386127f4c8d924764d3f7b1d52608b40aa21e83ca81,T5.2.3
seed_metric,higher_reset_failure,202607162303,0.75,reset_attempts_per_1000_cycles,15.9454345703125,,,whole_seed_trajectory_cluster,9e34ca662ce2efe1c32d8386127f4c8d924764d3f7b1d52608b40aa21e83ca81,T5.2.3
seed_metric,higher_reset_failure,202607162303,0.75,empirical_reset_failure_probability,0.7488038277511961,,,whole_seed_trajectory_cluster,9e34ca662ce2efe1c32d8386127f4c8d924764d3f7b1d52608b40aa21e83ca81,T5.2.3
seed_metric,higher_reset_failure,202607162303,0.75,reset_failures_per_1000_cycles,11.94000244140625,,,whole_seed_trajectory_cluster,9e34ca662ce2efe1c32d8386127f4c8d924764d3f7b1d52608b40aa21e83ca81,T5.2.3
seed_metric,higher_reset_failure,202607162303,0.75,successful_resets_per_1000_cycles,4.00543212890625,,,whole_seed_trajectory_cluster,9e34ca662ce2efe1c32d8386127f4c8d924764d3f7b1d52608b40aa21e83ca81,T5.2.3
seed_metric,higher_reset_failure,202607162303,0.75,mean_hidden_leakage_run_steps,4.176136363636363,,,whole_seed_trajectory_cluster,9e34ca662ce2efe1c32d8386127f4c8d924764d3f7b1d52608b40aa21e83ca81,T5.2.3
seed_metric,higher_reset_failure,202607162303,0.75,p95_hidden_leakage_run_steps,11.649999999999977,,,whole_seed_trajectory_cluster,9e34ca662ce2efe1c32d8386127f4c8d924764d3f7b1d52608b40aa21e83ca81,T5.2.3
seed_metric,higher_reset_failure,202607162303,0.75,mean_short_lag_correlation,0.5052113486446815,,,whole_seed_trajectory_cluster,9e34ca662ce2efe1c32d8386127f4c8d924764d3f7b1d52608b40aa21e83ca81,T5.2.3
seed_metric,higher_reset_failure,202607162303,0.75,mean_long_lag_correlation,0.03951351290333467,,,whole_seed_trajectory_cluster,9e34ca662ce2efe1c32d8386127f4c8d924764d3f7b1d52608b40aa21e83ca81,T5.2.3
seed_metric,higher_reset_failure,202607162303,0.75,mean_long_lag_covariance,0.0003188015698680644,,,whole_seed_trajectory_cluster,9e34ca662ce2efe1c32d8386127f4c8d924764d3f7b1d52608b40aa21e83ca81,T5.2.3
channel_intervention,higher_reset_failure,202607162303,0.9,channel_spec_sha256,b62f0be1c6dc40126e43514eced439c41a409661418340e8b46af9f09aec8817,,,exactly_one_physical_channel_changes,94c5679dc9c5f4f8715555ceb91f368e54fd61d1794ab3cbb0e892811e6f048c,T5.2.3
seed_metric,higher_reset_failure,202607162303,0.9,injection_episode_rate_per_1000_cycles,3.95965576171875,,,whole_seed_trajectory_cluster,94c5679dc9c5f4f8715555ceb91f368e54fd61d1794ab3cbb0e892811e6f048c,T5.2.3
seed_metric,higher_reset_failure,202607162303,0.9,empirical_higher_injection_probability,0.0020249312342716687,,,whole_seed_trajectory_cluster,94c5679dc9c5f4f8715555ceb91f368e54fd61d1794ab3cbb0e892811e6f048c,T5.2.3
seed_metric,higher_reset_failure,202607162303,0.9,detection_probability,1.0,,,whole_seed_trajectory_cluster,94c5679dc9c5f4f8715555ceb91f368e54fd61d1794ab3cbb0e892811e6f048c,T5.2.3
seed_metric,higher_reset_failure,202607162303,0.9,mean_detection_delay_steps,0.055876685934489405,,,whole_seed_trajectory_cluster,94c5679dc9c5f4f8715555ceb91f368e54fd61d1794ab3cbb0e892811e6f048c,T5.2.3
seed_metric,higher_reset_failure,202607162303,0.9,p95_detection_delay_steps,1.0,,,whole_seed_trajectory_cluster,94c5679dc9c5f4f8715555ceb91f368e54fd61d1794ab3cbb0e892811e6f048c,T5.2.3
seed_metric,higher_reset_failure,202607162303,0.9,false_alarm_rate_per_healthy_step,0.00018718120700681652,,,whole_seed_trajectory_cluster,94c5679dc9c5f4f8715555ceb91f368e54fd61d1794ab3cbb0e892811e6f048c,T5.2.3
seed_metric,higher_reset_failure,202607162303,0.9,false_negative_rate_per_leakage_step,0.05168185003503854,,,whole_seed_trajectory_cluster,94c5679dc9c5f4f8715555ceb91f368e54fd61d1794ab3cbb0e892811e6f048c,T5.2.3
seed_metric,higher_reset_failure,202607162303,0.9,hidden_leakage_occupancy,0.0217742919921875,,,whole_seed_trajectory_cluster,94c5679dc9c5f4f8715555ceb91f368e54fd61d1794ab3cbb0e892811e6f048c,T5.2.3
seed_metric,higher_reset_failure,202607162303,0.9,observed_leakage_alarm_rate,0.020832061767578125,,,whole_seed_trajectory_cluster,94c5679dc9c5f4f8715555ceb91f368e54fd61d1794ab3cbb0e892811e6f048c,T5.2.3
seed_metric,higher_reset_failure,202607162303,0.9,declared_normal_action_availability,0.9791679382324219,,,whole_seed_trajectory_cluster,94c5679dc9c5f4f8715555ceb91f368e54fd61d1794ab3cbb0e892811e6f048c,T5.2.3
seed_metric,higher_reset_failure,202607162303,0.9,safe_normal_action_availability,0.9780426025390625,,,whole_seed_trajectory_cluster,94c5679dc9c5f4f8715555ceb91f368e54fd61d1794ab3cbb0e892811e6f048c,T5.2.3
seed_metric,higher_reset_failure,202607162303,0.9,unsafe_declared_available_fraction,0.001125335693359375,,,whole_seed_trajectory_cluster,94c5679dc9c5f4f8715555ceb91f368e54fd61d1794ab3cbb0e892811e6f048c,T5.2.3
seed_metric,higher_reset_failure,202607162303,0.9,reset_requests_per_1000_cycles,41.66412353515625,,,whole_seed_trajectory_cluster,94c5679dc9c5f4f8715555ceb91f368e54fd61d1794ab3cbb0e892811e6f048c,T5.2.3
seed_metric,higher_reset_failure,202607162303,0.9,reset_attempts_per_1000_cycles,41.29791259765625,,,whole_seed_trajectory_cluster,94c5679dc9c5f4f8715555ceb91f368e54fd61d1794ab3cbb0e892811e6f048c,T5.2.3
seed_metric,higher_reset_failure,202607162303,0.9,empirical_reset_failure_probability,0.9037502309255496,,,whole_seed_trajectory_cluster,94c5679dc9c5f4f8715555ceb91f368e54fd61d1794ab3cbb0e892811e6f048c,T5.2.3
seed_metric,higher_reset_failure,202607162303,0.9,reset_failures_per_1000_cycles,37.322998046875,,,whole_seed_trajectory_cluster,94c5679dc9c5f4f8715555ceb91f368e54fd61d1794ab3cbb0e892811e6f048c,T5.2.3
seed_metric,higher_reset_failure,202607162303,0.9,successful_resets_per_1000_cycles,3.97491455078125,,,whole_seed_trajectory_cluster,94c5679dc9c5f4f8715555ceb91f368e54fd61d1794ab3cbb0e892811e6f048c,T5.2.3
seed_metric,higher_reset_failure,202607162303,0.9,mean_hidden_leakage_run_steps,10.872380952380952,,,whole_seed_trajectory_cluster,94c5679dc9c5f4f8715555ceb91f368e54fd61d1794ab3cbb0e892811e6f048c,T5.2.3
seed_metric,higher_reset_failure,202607162303,0.9,p95_hidden_leakage_run_steps,30.59999999999991,,,whole_seed_trajectory_cluster,94c5679dc9c5f4f8715555ceb91f368e54fd61d1794ab3cbb0e892811e6f048c,T5.2.3
seed_metric,higher_reset_failure,202607162303,0.9,mean_short_lag_correlation,0.7478628408195349,,,whole_seed_trajectory_cluster,94c5679dc9c5f4f8715555ceb91f368e54fd61d1794ab3cbb0e892811e6f048c,T5.2.3
seed_metric,higher_reset_failure,202607162303,0.9,mean_long_lag_correlation,0.21865165585641064,,,whole_seed_trajectory_cluster,94c5679dc9c5f4f8715555ceb91f368e54fd61d1794ab3cbb0e892811e6f048c,T5.2.3
seed_metric,higher_reset_failure,202607162303,0.9,mean_long_lag_covariance,0.004448852664689055,,,whole_seed_trajectory_cluster,94c5679dc9c5f4f8715555ceb91f368e54fd61d1794ab3cbb0e892811e6f048c,T5.2.3
channel_intervention,higher_reset_failure,202607162303,0.95,channel_spec_sha256,04856ab78be982625a78458bbd09150a9ffa8be88305f6b5c8092edc5aa9714d,,,exactly_one_physical_channel_changes,8c697ed5a8f90aec9076932434df7716e275522f8b0512cb2ac3be1d6e1cc6e4,T5.2.3
seed_metric,higher_reset_failure,202607162303,0.95,injection_episode_rate_per_1000_cycles,3.89862060546875,,,whole_seed_trajectory_cluster,8c697ed5a8f90aec9076932434df7716e275522f8b0512cb2ac3be1d6e1cc6e4,T5.2.3
seed_metric,higher_reset_failure,202607162303,0.95,empirical_higher_injection_probability,0.0020392037926796175,,,whole_seed_trajectory_cluster,8c697ed5a8f90aec9076932434df7716e275522f8b0512cb2ac3be1d6e1cc6e4,T5.2.3
seed_metric,higher_reset_failure,202607162303,0.95,detection_probability,1.0,,,whole_seed_trajectory_cluster,8c697ed5a8f90aec9076932434df7716e275522f8b0512cb2ac3be1d6e1cc6e4,T5.2.3
seed_metric,higher_reset_failure,202607162303,0.95,mean_detection_delay_steps,0.05675146771037182,,,whole_seed_trajectory_cluster,8c697ed5a8f90aec9076932434df7716e275522f8b0512cb2ac3be1d6e1cc6e4,T5.2.3
seed_metric,higher_reset_failure,202607162303,0.95,p95_detection_delay_steps,1.0,,,whole_seed_trajectory_cluster,8c697ed5a8f90aec9076932434df7716e275522f8b0512cb2ac3be1d6e1cc6e4,T5.2.3
seed_metric,higher_reset_failure,202607162303,0.95,false_alarm_rate_per_healthy_step,0.00018746235795737823,,,whole_seed_trajectory_cluster,8c697ed5a8f90aec9076932434df7716e275522f8b0512cb2ac3be1d6e1cc6e4,T5.2.3
seed_metric,higher_reset_failure,202607162303,0.95,false_negative_rate_per_leakage_step,0.04926927452524722,,,whole_seed_trajectory_cluster,8c697ed5a8f90aec9076932434df7716e275522f8b0512cb2ac3be1d6e1cc6e4,T5.2.3
seed_metric,higher_reset_failure,202607162303,0.95,hidden_leakage_occupancy,0.043590545654296875,,,whole_seed_trajectory_cluster,8c697ed5a8f90aec9076932434df7716e275522f8b0512cb2ac3be1d6e1cc6e4,T5.2.3
seed_metric,higher_reset_failure,202607162303,0.95,observed_leakage_alarm_rate,0.041622161865234375,,,whole_seed_trajectory_cluster,8c697ed5a8f90aec9076932434df7716e275522f8b0512cb2ac3be1d6e1cc6e4,T5.2.3
seed_metric,higher_reset_failure,202607162303,0.95,declared_normal_action_availability,0.9583778381347656,,,whole_seed_trajectory_cluster,8c697ed5a8f90aec9076932434df7716e275522f8b0512cb2ac3be1d6e1cc6e4,T5.2.3
seed_metric,higher_reset_failure,202607162303,0.95,safe_normal_action_availability,0.9562301635742188,,,whole_seed_trajectory_cluster,8c697ed5a8f90aec9076932434df7716e275522f8b0512cb2ac3be1d6e1cc6e4,T5.2.3
seed_metric,higher_reset_failure,202607162303,0.95,unsafe_declared_available_fraction,0.002147674560546875,,,whole_seed_trajectory_cluster,8c697ed5a8f90aec9076932434df7716e275522f8b0512cb2ac3be1d6e1cc6e4,T5.2.3
seed_metric,higher_reset_failure,202607162303,0.95,reset_requests_per_1000_cycles,83.24432373046875,,,whole_seed_trajectory_cluster,8c697ed5a8f90aec9076932434df7716e275522f8b0512cb2ac3be1d6e1cc6e4,T5.2.3
seed_metric,higher_reset_failure,202607162303,0.95,reset_attempts_per_1000_cycles,82.8857421875,,,whole_seed_trajectory_cluster,8c697ed5a8f90aec9076932434df7716e275522f8b0512cb2ac3be1d6e1cc6e4,T5.2.3
seed_metric,higher_reset_failure,202607162303,0.95,empirical_reset_failure_probability,0.9527798232695139,,,whole_seed_trajectory_cluster,8c697ed5a8f90aec9076932434df7716e275522f8b0512cb2ac3be1d6e1cc6e4,T5.2.3
seed_metric,higher_reset_failure,202607162303,0.95,reset_failures_per_1000_cycles,78.97186279296875,,,whole_seed_trajectory_cluster,8c697ed5a8f90aec9076932434df7716e275522f8b0512cb2ac3be1d6e1cc6e4,T5.2.3
seed_metric,higher_reset_failure,202607162303,0.95,successful_resets_per_1000_cycles,3.91387939453125,,,whole_seed_trajectory_cluster,8c697ed5a8f90aec9076932434df7716e275522f8b0512cb2ac3be1d6e1cc6e4,T5.2.3
seed_metric,higher_reset_failure,202607162303,0.95,mean_hidden_leakage_run_steps,21.932821497120923,,,whole_seed_trajectory_cluster,8c697ed5a8f90aec9076932434df7716e275522f8b0512cb2ac3be1d6e1cc6e4,T5.2.3
seed_metric,higher_reset_failure,202607162303,0.95,p95_hidden_leakage_run_steps,65.0,,,whole_seed_trajectory_cluster,8c697ed5a8f90aec9076932434df7716e275522f8b0512cb2ac3be1d6e1cc6e4,T5.2.3
seed_metric,higher_reset_failure,202607162303,0.95,mean_short_lag_correlation,0.8444765585254107,,,whole_seed_trajectory_cluster,8c697ed5a8f90aec9076932434df7716e275522f8b0512cb2ac3be1d6e1cc6e4,T5.2.3
seed_metric,higher_reset_failure,202607162303,0.95,mean_long_lag_correlation,0.43740713934657593,,,whole_seed_trajectory_cluster,8c697ed5a8f90aec9076932434df7716e275522f8b0512cb2ac3be1d6e1cc6e4,T5.2.3
seed_metric,higher_reset_failure,202607162303,0.95,mean_long_lag_covariance,0.01747969809436613,,,whole_seed_trajectory_cluster,8c697ed5a8f90aec9076932434df7716e275522f8b0512cb2ac3be1d6e1cc6e4,T5.2.3
channel_intervention,higher_reset_failure,202607162304,0.0,channel_spec_sha256,e7450006c0b2028832e0ca3d8006e4749ce95f8e750b07c44b03620c3a4d5403,,,exactly_one_physical_channel_changes,346f7c04441b9e25ae22b205544461cd0a77c5e5861cae0de40a983a55b4df1a,T5.2.3
seed_metric,higher_reset_failure,202607162304,0.0,injection_episode_rate_per_1000_cycles,4.08172607421875,,,whole_seed_trajectory_cluster,346f7c04441b9e25ae22b205544461cd0a77c5e5861cae0de40a983a55b4df1a,T5.2.3
seed_metric,higher_reset_failure,202607162304,0.0,empirical_higher_injection_probability,0.002046194269891112,,,whole_seed_trajectory_cluster,346f7c04441b9e25ae22b205544461cd0a77c5e5861cae0de40a983a55b4df1a,T5.2.3
seed_metric,higher_reset_failure,202607162304,0.0,detection_probability,1.0,,,whole_seed_trajectory_cluster,346f7c04441b9e25ae22b205544461cd0a77c5e5861cae0de40a983a55b4df1a,T5.2.3
seed_metric,higher_reset_failure,202607162304,0.0,mean_detection_delay_steps,0.0616822429906542,,,whole_seed_trajectory_cluster,346f7c04441b9e25ae22b205544461cd0a77c5e5861cae0de40a983a55b4df1a,T5.2.3
seed_metric,higher_reset_failure,202607162304,0.0,p95_detection_delay_steps,1.0,,,whole_seed_trajectory_cluster,346f7c04441b9e25ae22b205544461cd0a77c5e5861cae0de40a983a55b4df1a,T5.2.3
seed_metric,higher_reset_failure,202607162304,0.0,false_alarm_rate_per_healthy_step,0.00018350307367648408,,,whole_seed_trajectory_cluster,346f7c04441b9e25ae22b205544461cd0a77c5e5861cae0de40a983a55b4df1a,T5.2.3
seed_metric,higher_reset_failure,202607162304,0.0,false_negative_rate_per_leakage_step,0.058098591549295774,,,whole_seed_trajectory_cluster,346f7c04441b9e25ae22b205544461cd0a77c5e5861cae0de40a983a55b4df1a,T5.2.3
seed_metric,higher_reset_failure,202607162304,0.0,hidden_leakage_occupancy,0.002166748046875,,,whole_seed_trajectory_cluster,346f7c04441b9e25ae22b205544461cd0a77c5e5861cae0de40a983a55b4df1a,T5.2.3
seed_metric,higher_reset_failure,202607162304,0.0,observed_leakage_alarm_rate,0.002223968505859375,,,whole_seed_trajectory_cluster,346f7c04441b9e25ae22b205544461cd0a77c5e5861cae0de40a983a55b4df1a,T5.2.3
seed_metric,higher_reset_failure,202607162304,0.0,declared_normal_action_availability,0.9977760314941406,,,whole_seed_trajectory_cluster,346f7c04441b9e25ae22b205544461cd0a77c5e5861cae0de40a983a55b4df1a,T5.2.3
seed_metric,higher_reset_failure,202607162304,0.0,safe_normal_action_availability,0.997650146484375,,,whole_seed_trajectory_cluster,346f7c04441b9e25ae22b205544461cd0a77c5e5861cae0de40a983a55b4df1a,T5.2.3
seed_metric,higher_reset_failure,202607162304,0.0,unsafe_declared_available_fraction,0.000125885009765625,,,whole_seed_trajectory_cluster,346f7c04441b9e25ae22b205544461cd0a77c5e5861cae0de40a983a55b4df1a,T5.2.3
seed_metric,higher_reset_failure,202607162304,0.0,reset_requests_per_1000_cycles,4.44793701171875,,,whole_seed_trajectory_cluster,346f7c04441b9e25ae22b205544461cd0a77c5e5861cae0de40a983a55b4df1a,T5.2.3
seed_metric,higher_reset_failure,202607162304,0.0,reset_attempts_per_1000_cycles,4.08172607421875,,,whole_seed_trajectory_cluster,346f7c04441b9e25ae22b205544461cd0a77c5e5861cae0de40a983a55b4df1a,T5.2.3
seed_metric,higher_reset_failure,202607162304,0.0,empirical_reset_failure_probability,0.0,,,whole_seed_trajectory_cluster,346f7c04441b9e25ae22b205544461cd0a77c5e5861cae0de40a983a55b4df1a,T5.2.3
seed_metric,higher_reset_failure,202607162304,0.0,reset_failures_per_1000_cycles,0.0,,,whole_seed_trajectory_cluster,346f7c04441b9e25ae22b205544461cd0a77c5e5861cae0de40a983a55b4df1a,T5.2.3
seed_metric,higher_reset_failure,202607162304,0.0,successful_resets_per_1000_cycles,4.08172607421875,,,whole_seed_trajectory_cluster,346f7c04441b9e25ae22b205544461cd0a77c5e5861cae0de40a983a55b4df1a,T5.2.3
seed_metric,higher_reset_failure,202607162304,0.0,mean_hidden_leakage_run_steps,1.0616822429906543,,,whole_seed_trajectory_cluster,346f7c04441b9e25ae22b205544461cd0a77c5e5861cae0de40a983a55b4df1a,T5.2.3
seed_metric,higher_reset_failure,202607162304,0.0,p95_hidden_leakage_run_steps,2.0,,,whole_seed_trajectory_cluster,346f7c04441b9e25ae22b205544461cd0a77c5e5861cae0de40a983a55b4df1a,T5.2.3
seed_metric,higher_reset_failure,202607162304,0.0,mean_short_lag_correlation,-0.0010782476738995415,,,whole_seed_trajectory_cluster,346f7c04441b9e25ae22b205544461cd0a77c5e5861cae0de40a983a55b4df1a,T5.2.3
seed_metric,higher_reset_failure,202607162304,0.0,mean_long_lag_correlation,-0.0004858799308085281,,,whole_seed_trajectory_cluster,346f7c04441b9e25ae22b205544461cd0a77c5e5861cae0de40a983a55b4df1a,T5.2.3
seed_metric,higher_reset_failure,202607162304,0.0,mean_long_lag_covariance,-1.0773692792165545e-06,,,whole_seed_trajectory_cluster,346f7c04441b9e25ae22b205544461cd0a77c5e5861cae0de40a983a55b4df1a,T5.2.3
channel_intervention,higher_reset_failure,202607162304,0.25,channel_spec_sha256,99fbf532b4c3767d8333db264f4f09522fd4fd1cc7eb9e7334903ec07c9cad2b,,,exactly_one_physical_channel_changes,598c966234acf8fa670b33eae39c159faf49f65a466f7be9c8b112fdbf28b789,T5.2.3
seed_metric,higher_reset_failure,202607162304,0.25,injection_episode_rate_per_1000_cycles,4.08172607421875,,,whole_seed_trajectory_cluster,598c966234acf8fa670b33eae39c159faf49f65a466f7be9c8b112fdbf28b789,T5.2.3
seed_metric,higher_reset_failure,202607162304,0.25,empirical_higher_injection_probability,0.002047627431318366,,,whole_seed_trajectory_cluster,598c966234acf8fa670b33eae39c159faf49f65a466f7be9c8b112fdbf28b789,T5.2.3
seed_metric,higher_reset_failure,202607162304,0.25,detection_probability,1.0,,,whole_seed_trajectory_cluster,598c966234acf8fa670b33eae39c159faf49f65a466f7be9c8b112fdbf28b789,T5.2.3
seed_metric,higher_reset_failure,202607162304,0.25,mean_detection_delay_steps,0.0616822429906542,,,whole_seed_trajectory_cluster,598c966234acf8fa670b33eae39c159faf49f65a466f7be9c8b112fdbf28b789,T5.2.3
seed_metric,higher_reset_failure,202607162304,0.25,p95_detection_delay_steps,1.0,,,whole_seed_trajectory_cluster,598c966234acf8fa670b33eae39c159faf49f65a466f7be9c8b112fdbf28b789,T5.2.3
seed_metric,higher_reset_failure,202607162304,0.25,false_alarm_rate_per_healthy_step,0.0001836322458223664,,,whole_seed_trajectory_cluster,598c966234acf8fa670b33eae39c159faf49f65a466f7be9c8b112fdbf28b789,T5.2.3
seed_metric,higher_reset_failure,202607162304,0.25,false_negative_rate_per_leakage_step,0.05452127659574468,,,whole_seed_trajectory_cluster,598c966234acf8fa670b33eae39c159faf49f65a466f7be9c8b112fdbf28b789,T5.2.3
seed_metric,higher_reset_failure,202607162304,0.25,hidden_leakage_occupancy,0.00286865234375,,,whole_seed_trajectory_cluster,598c966234acf8fa670b33eae39c159faf49f65a466f7be9c8b112fdbf28b789,T5.2.3
seed_metric,higher_reset_failure,202607162304,0.25,observed_leakage_alarm_rate,0.002895355224609375,,,whole_seed_trajectory_cluster,598c966234acf8fa670b33eae39c159faf49f65a466f7be9c8b112fdbf28b789,T5.2.3
seed_metric,higher_reset_failure,202607162304,0.25,declared_normal_action_availability,0.9971046447753906,,,whole_seed_trajectory_cluster,598c966234acf8fa670b33eae39c159faf49f65a466f7be9c8b112fdbf28b789,T5.2.3
seed_metric,higher_reset_failure,202607162304,0.25,safe_normal_action_availability,0.9969482421875,,,whole_seed_trajectory_cluster,598c966234acf8fa670b33eae39c159faf49f65a466f7be9c8b112fdbf28b789,T5.2.3
seed_metric,higher_reset_failure,202607162304,0.25,unsafe_declared_available_fraction,0.000156402587890625,,,whole_seed_trajectory_cluster,598c966234acf8fa670b33eae39c159faf49f65a466f7be9c8b112fdbf28b789,T5.2.3
seed_metric,higher_reset_failure,202607162304,0.25,reset_requests_per_1000_cycles,5.79071044921875,,,whole_seed_trajectory_cluster,598c966234acf8fa670b33eae39c159faf49f65a466f7be9c8b112fdbf28b789,T5.2.3
seed_metric,higher_reset_failure,202607162304,0.25,reset_attempts_per_1000_cycles,5.42449951171875,,,whole_seed_trajectory_cluster,598c966234acf8fa670b33eae39c159faf49f65a466f7be9c8b112fdbf28b789,T5.2.3
seed_metric,higher_reset_failure,202607162304,0.25,empirical_reset_failure_probability,0.2489451476793249,,,whole_seed_trajectory_cluster,598c966234acf8fa670b33eae39c159faf49f65a466f7be9c8b112fdbf28b789,T5.2.3
seed_metric,higher_reset_failure,202607162304,0.25,reset_failures_per_1000_cycles,1.35040283203125,,,whole_seed_trajectory_cluster,598c966234acf8fa670b33eae39c159faf49f65a466f7be9c8b112fdbf28b789,T5.2.3
seed_metric,higher_reset_failure,202607162304,0.25,successful_resets_per_1000_cycles,4.0740966796875,,,whole_seed_trajectory_cluster,598c966234acf8fa670b33eae39c159faf49f65a466f7be9c8b112fdbf28b789,T5.2.3
seed_metric,higher_reset_failure,202607162304,0.25,mean_hidden_leakage_run_steps,1.405607476635514,,,whole_seed_trajectory_cluster,598c966234acf8fa670b33eae39c159faf49f65a466f7be9c8b112fdbf28b789,T5.2.3
seed_metric,higher_reset_failure,202607162304,0.25,p95_hidden_leakage_run_steps,3.0,,,whole_seed_trajectory_cluster,598c966234acf8fa670b33eae39c159faf49f65a466f7be9c8b112fdbf28b789,T5.2.3
seed_metric,higher_reset_failure,202607162304,0.25,mean_short_lag_correlation,0.09466515808494634,,,whole_seed_trajectory_cluster,598c966234acf8fa670b33eae39c159faf49f65a466f7be9c8b112fdbf28b789,T5.2.3
seed_metric,higher_reset_failure,202607162304,0.25,mean_long_lag_correlation,-0.0006572577084186369,,,whole_seed_trajectory_cluster,598c966234acf8fa670b33eae39c159faf49f65a466f7be9c8b112fdbf28b789,T5.2.3
seed_metric,higher_reset_failure,202607162304,0.25,mean_long_lag_covariance,-1.896615575748433e-06,,,whole_seed_trajectory_cluster,598c966234acf8fa670b33eae39c159faf49f65a466f7be9c8b112fdbf28b789,T5.2.3
channel_intervention,higher_reset_failure,202607162304,0.5,channel_spec_sha256,216b0d81015cba96acf57797a78eaf17baf132ba9047244cb5c9e369748a693b,,,exactly_one_physical_channel_changes,3777f2d7ba58eb8136e0d03626a57732b1658a0a37f1b89da54d594eadb5cb99,T5.2.3
seed_metric,higher_reset_failure,202607162304,0.5,injection_episode_rate_per_1000_cycles,4.08172607421875,,,whole_seed_trajectory_cluster,3777f2d7ba58eb8136e0d03626a57732b1658a0a37f1b89da54d594eadb5cb99,T5.2.3
seed_metric,higher_reset_failure,202607162304,0.5,empirical_higher_injection_probability,0.0020506648370392233,,,whole_seed_trajectory_cluster,3777f2d7ba58eb8136e0d03626a57732b1658a0a37f1b89da54d594eadb5cb99,T5.2.3
seed_metric,higher_reset_failure,202607162304,0.5,detection_probability,1.0,,,whole_seed_trajectory_cluster,3777f2d7ba58eb8136e0d03626a57732b1658a0a37f1b89da54d594eadb5cb99,T5.2.3
seed_metric,higher_reset_failure,202607162304,0.5,mean_detection_delay_steps,0.0616822429906542,,,whole_seed_trajectory_cluster,3777f2d7ba58eb8136e0d03626a57732b1658a0a37f1b89da54d594eadb5cb99,T5.2.3
seed_metric,higher_reset_failure,202607162304,0.5,p95_detection_delay_steps,1.0,,,whole_seed_trajectory_cluster,3777f2d7ba58eb8136e0d03626a57732b1658a0a37f1b89da54d594eadb5cb99,T5.2.3
seed_metric,higher_reset_failure,202607162304,0.5,false_alarm_rate_per_healthy_step,0.00018390593211572282,,,whole_seed_trajectory_cluster,3777f2d7ba58eb8136e0d03626a57732b1658a0a37f1b89da54d594eadb5cb99,T5.2.3
seed_metric,higher_reset_failure,202607162304,0.5,false_negative_rate_per_leakage_step,0.056091148115687994,,,whole_seed_trajectory_cluster,3777f2d7ba58eb8136e0d03626a57732b1658a0a37f1b89da54d594eadb5cb99,T5.2.3
seed_metric,higher_reset_failure,202607162304,0.5,hidden_leakage_occupancy,0.004352569580078125,,,whole_seed_trajectory_cluster,3777f2d7ba58eb8136e0d03626a57732b1658a0a37f1b89da54d594eadb5cb99,T5.2.3
seed_metric,higher_reset_failure,202607162304,0.5,observed_leakage_alarm_rate,0.004291534423828125,,,whole_seed_trajectory_cluster,3777f2d7ba58eb8136e0d03626a57732b1658a0a37f1b89da54d594eadb5cb99,T5.2.3
seed_metric,higher_reset_failure,202607162304,0.5,declared_normal_action_availability,0.9957084655761719,,,whole_seed_trajectory_cluster,3777f2d7ba58eb8136e0d03626a57732b1658a0a37f1b89da54d594eadb5cb99,T5.2.3
seed_metric,higher_reset_failure,202607162304,0.5,safe_normal_action_availability,0.9954643249511719,,,whole_seed_trajectory_cluster,3777f2d7ba58eb8136e0d03626a57732b1658a0a37f1b89da54d594eadb5cb99,T5.2.3
seed_metric,higher_reset_failure,202607162304,0.5,unsafe_declared_available_fraction,0.000244140625,,,whole_seed_trajectory_cluster,3777f2d7ba58eb8136e0d03626a57732b1658a0a37f1b89da54d594eadb5cb99,T5.2.3
seed_metric,higher_reset_failure,202607162304,0.5,reset_requests_per_1000_cycles,8.58306884765625,,,whole_seed_trajectory_cluster,3777f2d7ba58eb8136e0d03626a57732b1658a0a37f1b89da54d594eadb5cb99,T5.2.3
seed_metric,higher_reset_failure,202607162304,0.5,reset_attempts_per_1000_cycles,8.21685791015625,,,whole_seed_trajectory_cluster,3777f2d7ba58eb8136e0d03626a57732b1658a0a37f1b89da54d594eadb5cb99,T5.2.3
seed_metric,higher_reset_failure,202607162304,0.5,empirical_reset_failure_probability,0.5041782729805014,,,whole_seed_trajectory_cluster,3777f2d7ba58eb8136e0d03626a57732b1658a0a37f1b89da54d594eadb5cb99,T5.2.3
seed_metric,higher_reset_failure,202607162304,0.5,reset_failures_per_1000_cycles,4.14276123046875,,,whole_seed_trajectory_cluster,3777f2d7ba58eb8136e0d03626a57732b1658a0a37f1b89da54d594eadb5cb99,T5.2.3
seed_metric,higher_reset_failure,202607162304,0.5,successful_resets_per_1000_cycles,4.0740966796875,,,whole_seed_trajectory_cluster,3777f2d7ba58eb8136e0d03626a57732b1658a0a37f1b89da54d594eadb5cb99,T5.2.3
seed_metric,higher_reset_failure,202607162304,0.5,mean_hidden_leakage_run_steps,2.128731343283582,,,whole_seed_trajectory_cluster,3777f2d7ba58eb8136e0d03626a57732b1658a0a37f1b89da54d594eadb5cb99,T5.2.3
seed_metric,higher_reset_failure,202607162304,0.5,p95_hidden_leakage_run_steps,5.25,,,whole_seed_trajectory_cluster,3777f2d7ba58eb8136e0d03626a57732b1658a0a37f1b89da54d594eadb5cb99,T5.2.3
seed_metric,higher_reset_failure,202607162304,0.5,mean_short_lag_correlation,0.25784412648602767,,,whole_seed_trajectory_cluster,3777f2d7ba58eb8136e0d03626a57732b1658a0a37f1b89da54d594eadb5cb99,T5.2.3
seed_metric,higher_reset_failure,202607162304,0.5,mean_long_lag_correlation,0.00019878380309473244,,,whole_seed_trajectory_cluster,3777f2d7ba58eb8136e0d03626a57732b1658a0a37f1b89da54d594eadb5cb99,T5.2.3
seed_metric,higher_reset_failure,202607162304,0.5,mean_long_lag_covariance,8.550499721251859e-07,,,whole_seed_trajectory_cluster,3777f2d7ba58eb8136e0d03626a57732b1658a0a37f1b89da54d594eadb5cb99,T5.2.3
channel_intervention,higher_reset_failure,202607162304,0.75,channel_spec_sha256,5efec1bb0445b5e85f1ef228b6ded6c3b6d738548ee66f388dacb066e11abace,,,exactly_one_physical_channel_changes,9d048a0ec362fbfbb5c497f783fedcef46be21d48e1b19334e30b86631a49c88,T5.2.3
seed_metric,higher_reset_failure,202607162304,0.75,injection_episode_rate_per_1000_cycles,4.0740966796875,,,whole_seed_trajectory_cluster,9d048a0ec362fbfbb5c497f783fedcef46be21d48e1b19334e30b86631a49c88,T5.2.3
seed_metric,higher_reset_failure,202607162304,0.75,empirical_higher_injection_probability,0.0020552373914649916,,,whole_seed_trajectory_cluster,9d048a0ec362fbfbb5c497f783fedcef46be21d48e1b19334e30b86631a49c88,T5.2.3
seed_metric,higher_reset_failure,202607162304,0.75,detection_probability,1.0,,,whole_seed_trajectory_cluster,9d048a0ec362fbfbb5c497f783fedcef46be21d48e1b19334e30b86631a49c88,T5.2.3
seed_metric,higher_reset_failure,202607162304,0.75,mean_detection_delay_steps,0.06179775280898876,,,whole_seed_trajectory_cluster,9d048a0ec362fbfbb5c497f783fedcef46be21d48e1b19334e30b86631a49c88,T5.2.3
seed_metric,higher_reset_failure,202607162304,0.75,p95_detection_delay_steps,1.0,,,whole_seed_trajectory_cluster,9d048a0ec362fbfbb5c497f783fedcef46be21d48e1b19334e30b86631a49c88,T5.2.3
seed_metric,higher_reset_failure,202607162304,0.75,false_alarm_rate_per_healthy_step,0.0001846601291851487,,,whole_seed_trajectory_cluster,9d048a0ec362fbfbb5c497f783fedcef46be21d48e1b19334e30b86631a49c88,T5.2.3
seed_metric,higher_reset_failure,202607162304,0.75,false_negative_rate_per_leakage_step,0.05029451744449479,,,whole_seed_trajectory_cluster,9d048a0ec362fbfbb5c497f783fedcef46be21d48e1b19334e30b86631a49c88,T5.2.3
seed_metric,higher_reset_failure,202607162304,0.75,hidden_leakage_occupancy,0.008419036865234375,,,whole_seed_trajectory_cluster,9d048a0ec362fbfbb5c497f783fedcef46be21d48e1b19334e30b86631a49c88,T5.2.3
seed_metric,higher_reset_failure,202607162304,0.75,observed_leakage_alarm_rate,0.0081787109375,,,whole_seed_trajectory_cluster,9d048a0ec362fbfbb5c497f783fedcef46be21d48e1b19334e30b86631a49c88,T5.2.3
seed_metric,higher_reset_failure,202607162304,0.75,declared_normal_action_availability,0.9918212890625,,,whole_seed_trajectory_cluster,9d048a0ec362fbfbb5c497f783fedcef46be21d48e1b19334e30b86631a49c88,T5.2.3
seed_metric,higher_reset_failure,202607162304,0.75,safe_normal_action_availability,0.9913978576660156,,,whole_seed_trajectory_cluster,9d048a0ec362fbfbb5c497f783fedcef46be21d48e1b19334e30b86631a49c88,T5.2.3
seed_metric,higher_reset_failure,202607162304,0.75,unsafe_declared_available_fraction,0.000423431396484375,,,whole_seed_trajectory_cluster,9d048a0ec362fbfbb5c497f783fedcef46be21d48e1b19334e30b86631a49c88,T5.2.3
seed_metric,higher_reset_failure,202607162304,0.75,reset_requests_per_1000_cycles,16.357421875,,,whole_seed_trajectory_cluster,9d048a0ec362fbfbb5c497f783fedcef46be21d48e1b19334e30b86631a49c88,T5.2.3
seed_metric,higher_reset_failure,202607162304,0.75,reset_attempts_per_1000_cycles,15.9912109375,,,whole_seed_trajectory_cluster,9d048a0ec362fbfbb5c497f783fedcef46be21d48e1b19334e30b86631a49c88,T5.2.3
seed_metric,higher_reset_failure,202607162304,0.75,empirical_reset_failure_probability,0.7461832061068703,,,whole_seed_trajectory_cluster,9d048a0ec362fbfbb5c497f783fedcef46be21d48e1b19334e30b86631a49c88,T5.2.3
seed_metric,higher_reset_failure,202607162304,0.75,reset_failures_per_1000_cycles,11.932373046875,,,whole_seed_trajectory_cluster,9d048a0ec362fbfbb5c497f783fedcef46be21d48e1b19334e30b86631a49c88,T5.2.3
seed_metric,higher_reset_failure,202607162304,0.75,successful_resets_per_1000_cycles,4.058837890625,,,whole_seed_trajectory_cluster,9d048a0ec362fbfbb5c497f783fedcef46be21d48e1b19334e30b86631a49c88,T5.2.3
seed_metric,higher_reset_failure,202607162304,0.75,mean_hidden_leakage_run_steps,4.125233644859813,,,whole_seed_trajectory_cluster,9d048a0ec362fbfbb5c497f783fedcef46be21d48e1b19334e30b86631a49c88,T5.2.3
seed_metric,higher_reset_failure,202607162304,0.75,p95_hidden_leakage_run_steps,11.0,,,whole_seed_trajectory_cluster,9d048a0ec362fbfbb5c497f783fedcef46be21d48e1b19334e30b86631a49c88,T5.2.3
seed_metric,higher_reset_failure,202607162304,0.75,mean_short_lag_correlation,0.5040394871135874,,,whole_seed_trajectory_cluster,9d048a0ec362fbfbb5c497f783fedcef46be21d48e1b19334e30b86631a49c88,T5.2.3
seed_metric,higher_reset_failure,202607162304,0.75,mean_long_lag_correlation,0.027190350958989543,,,whole_seed_trajectory_cluster,9d048a0ec362fbfbb5c497f783fedcef46be21d48e1b19334e30b86631a49c88,T5.2.3
seed_metric,higher_reset_failure,202607162304,0.75,mean_long_lag_covariance,0.00022141660904653138,,,whole_seed_trajectory_cluster,9d048a0ec362fbfbb5c497f783fedcef46be21d48e1b19334e30b86631a49c88,T5.2.3
channel_intervention,higher_reset_failure,202607162304,0.9,channel_spec_sha256,b62f0be1c6dc40126e43514eced439c41a409661418340e8b46af9f09aec8817,,,exactly_one_physical_channel_changes,0b0d0a4b3a7cd3e220c93ccccd755b9e79ad290bff59794fa9e379d86a044b71,T5.2.3
seed_metric,higher_reset_failure,202607162304,0.9,injection_episode_rate_per_1000_cycles,4.02069091796875,,,whole_seed_trajectory_cluster,0b0d0a4b3a7cd3e220c93ccccd755b9e79ad290bff59794fa9e379d86a044b71,T5.2.3
seed_metric,higher_reset_failure,202607162304,0.9,empirical_higher_injection_probability,0.0020550215445807093,,,whole_seed_trajectory_cluster,0b0d0a4b3a7cd3e220c93ccccd755b9e79ad290bff59794fa9e379d86a044b71,T5.2.3
seed_metric,higher_reset_failure,202607162304,0.9,detection_probability,1.0,,,whole_seed_trajectory_cluster,0b0d0a4b3a7cd3e220c93ccccd755b9e79ad290bff59794fa9e379d86a044b71,T5.2.3
seed_metric,higher_reset_failure,202607162304,0.9,mean_detection_delay_steps,0.06072106261859583,,,whole_seed_trajectory_cluster,0b0d0a4b3a7cd3e220c93ccccd755b9e79ad290bff59794fa9e379d86a044b71,T5.2.3
seed_metric,higher_reset_failure,202607162304,0.9,p95_detection_delay_steps,1.0,,,whole_seed_trajectory_cluster,0b0d0a4b3a7cd3e220c93ccccd755b9e79ad290bff59794fa9e379d86a044b71,T5.2.3
seed_metric,higher_reset_failure,202607162304,0.9,false_alarm_rate_per_healthy_step,0.00017929599039597129,,,whole_seed_trajectory_cluster,0b0d0a4b3a7cd3e220c93ccccd755b9e79ad290bff59794fa9e379d86a044b71,T5.2.3
seed_metric,higher_reset_failure,202607162304,0.9,false_negative_rate_per_leakage_step,0.04888093106535363,,,whole_seed_trajectory_cluster,0b0d0a4b3a7cd3e220c93ccccd755b9e79ad290bff59794fa9e379d86a044b71,T5.2.3
seed_metric,higher_reset_failure,202607162304,0.9,hidden_leakage_occupancy,0.021305084228515625,,,whole_seed_trajectory_cluster,0b0d0a4b3a7cd3e220c93ccccd755b9e79ad290bff59794fa9e379d86a044b71,T5.2.3
seed_metric,higher_reset_failure,202607162304,0.9,observed_leakage_alarm_rate,0.02043914794921875,,,whole_seed_trajectory_cluster,0b0d0a4b3a7cd3e220c93ccccd755b9e79ad290bff59794fa9e379d86a044b71,T5.2.3
seed_metric,higher_reset_failure,202607162304,0.9,declared_normal_action_availability,0.9795608520507812,,,whole_seed_trajectory_cluster,0b0d0a4b3a7cd3e220c93ccccd755b9e79ad290bff59794fa9e379d86a044b71,T5.2.3
seed_metric,higher_reset_failure,202607162304,0.9,safe_normal_action_availability,0.9785194396972656,,,whole_seed_trajectory_cluster,0b0d0a4b3a7cd3e220c93ccccd755b9e79ad290bff59794fa9e379d86a044b71,T5.2.3
seed_metric,higher_reset_failure,202607162304,0.9,unsafe_declared_available_fraction,0.001041412353515625,,,whole_seed_trajectory_cluster,0b0d0a4b3a7cd3e220c93ccccd755b9e79ad290bff59794fa9e379d86a044b71,T5.2.3
seed_metric,higher_reset_failure,202607162304,0.9,reset_requests_per_1000_cycles,40.8782958984375,,,whole_seed_trajectory_cluster,0b0d0a4b3a7cd3e220c93ccccd755b9e79ad290bff59794fa9e379d86a044b71,T5.2.3
seed_metric,higher_reset_failure,202607162304,0.9,reset_attempts_per_1000_cycles,40.52734375,,,whole_seed_trajectory_cluster,0b0d0a4b3a7cd3e220c93ccccd755b9e79ad290bff59794fa9e379d86a044b71,T5.2.3
seed_metric,higher_reset_failure,202607162304,0.9,empirical_reset_failure_probability,0.9015436746987951,,,whole_seed_trajectory_cluster,0b0d0a4b3a7cd3e220c93ccccd755b9e79ad290bff59794fa9e379d86a044b71,T5.2.3
seed_metric,higher_reset_failure,202607162304,0.9,reset_failures_per_1000_cycles,36.53717041015625,,,whole_seed_trajectory_cluster,0b0d0a4b3a7cd3e220c93ccccd755b9e79ad290bff59794fa9e379d86a044b71,T5.2.3
seed_metric,higher_reset_failure,202607162304,0.9,successful_resets_per_1000_cycles,3.99017333984375,,,whole_seed_trajectory_cluster,0b0d0a4b3a7cd3e220c93ccccd755b9e79ad290bff59794fa9e379d86a044b71,T5.2.3
seed_metric,higher_reset_failure,202607162304,0.9,mean_hidden_leakage_run_steps,10.55765595463138,,,whole_seed_trajectory_cluster,0b0d0a4b3a7cd3e220c93ccccd755b9e79ad290bff59794fa9e379d86a044b71,T5.2.3
seed_metric,higher_reset_failure,202607162304,0.9,p95_hidden_leakage_run_steps,29.0,,,whole_seed_trajectory_cluster,0b0d0a4b3a7cd3e220c93ccccd755b9e79ad290bff59794fa9e379d86a044b71,T5.2.3
seed_metric,higher_reset_failure,202607162304,0.9,mean_short_lag_correlation,0.747521852488091,,,whole_seed_trajectory_cluster,0b0d0a4b3a7cd3e220c93ccccd755b9e79ad290bff59794fa9e379d86a044b71,T5.2.3
seed_metric,higher_reset_failure,202607162304,0.9,mean_long_lag_correlation,0.2155239556671037,,,whole_seed_trajectory_cluster,0b0d0a4b3a7cd3e220c93ccccd755b9e79ad290bff59794fa9e379d86a044b71,T5.2.3
seed_metric,higher_reset_failure,202607162304,0.9,mean_long_lag_covariance,0.004328585843202658,,,whole_seed_trajectory_cluster,0b0d0a4b3a7cd3e220c93ccccd755b9e79ad290bff59794fa9e379d86a044b71,T5.2.3
channel_intervention,higher_reset_failure,202607162304,0.95,channel_spec_sha256,04856ab78be982625a78458bbd09150a9ffa8be88305f6b5c8092edc5aa9714d,,,exactly_one_physical_channel_changes,56ed675425daeb513833613c00f68c7c7d7d5fec4861f37dc33c6f6183c10d9c,T5.2.3
seed_metric,higher_reset_failure,202607162304,0.95,injection_episode_rate_per_1000_cycles,3.9215087890625,,,whole_seed_trajectory_cluster,56ed675425daeb513833613c00f68c7c7d7d5fec4861f37dc33c6f6183c10d9c,T5.2.3
seed_metric,higher_reset_failure,202607162304,0.95,empirical_higher_injection_probability,0.0020454943410642937,,,whole_seed_trajectory_cluster,56ed675425daeb513833613c00f68c7c7d7d5fec4861f37dc33c6f6183c10d9c,T5.2.3
seed_metric,higher_reset_failure,202607162304,0.95,detection_probability,1.0,,,whole_seed_trajectory_cluster,56ed675425daeb513833613c00f68c7c7d7d5fec4861f37dc33c6f6183c10d9c,T5.2.3
seed_metric,higher_reset_failure,202607162304,0.95,mean_detection_delay_steps,0.06031128404669261,,,whole_seed_trajectory_cluster,56ed675425daeb513833613c00f68c7c7d7d5fec4861f37dc33c6f6183c10d9c,T5.2.3
seed_metric,higher_reset_failure,202607162304,0.95,p95_detection_delay_steps,1.0,,,whole_seed_trajectory_cluster,56ed675425daeb513833613c00f68c7c7d7d5fec4861f37dc33c6f6183c10d9c,T5.2.3
seed_metric,higher_reset_failure,202607162304,0.95,false_alarm_rate_per_healthy_step,0.00018297752160924751,,,whole_seed_trajectory_cluster,56ed675425daeb513833613c00f68c7c7d7d5fec4861f37dc33c6f6183c10d9c,T5.2.3
seed_metric,higher_reset_failure,202607162304,0.95,false_negative_rate_per_leakage_step,0.05108402344840421,,,whole_seed_trajectory_cluster,56ed675425daeb513833613c00f68c7c7d7d5fec4861f37dc33c6f6183c10d9c,T5.2.3
seed_metric,higher_reset_failure,202607162304,0.95,hidden_leakage_occupancy,0.040996551513671875,,,whole_seed_trajectory_cluster,56ed675425daeb513833613c00f68c7c7d7d5fec4861f37dc33c6f6183c10d9c,T5.2.3
seed_metric,higher_reset_failure,202607162304,0.95,observed_leakage_alarm_rate,0.0390777587890625,,,whole_seed_trajectory_cluster,56ed675425daeb513833613c00f68c7c7d7d5fec4861f37dc33c6f6183c10d9c,T5.2.3
seed_metric,higher_reset_failure,202607162304,0.95,declared_normal_action_availability,0.9609222412109375,,,whole_seed_trajectory_cluster,56ed675425daeb513833613c00f68c7c7d7d5fec4861f37dc33c6f6183c10d9c,T5.2.3
seed_metric,higher_reset_failure,202607162304,0.95,safe_normal_action_availability,0.9588279724121094,,,whole_seed_trajectory_cluster,56ed675425daeb513833613c00f68c7c7d7d5fec4861f37dc33c6f6183c10d9c,T5.2.3
seed_metric,higher_reset_failure,202607162304,0.95,unsafe_declared_available_fraction,0.002094268798828125,,,whole_seed_trajectory_cluster,56ed675425daeb513833613c00f68c7c7d7d5fec4861f37dc33c6f6183c10d9c,T5.2.3
seed_metric,higher_reset_failure,202607162304,0.95,reset_requests_per_1000_cycles,78.155517578125,,,whole_seed_trajectory_cluster,56ed675425daeb513833613c00f68c7c7d7d5fec4861f37dc33c6f6183c10d9c,T5.2.3
seed_metric,higher_reset_failure,202607162304,0.95,reset_attempts_per_1000_cycles,77.8045654296875,,,whole_seed_trajectory_cluster,56ed675425daeb513833613c00f68c7c7d7d5fec4861f37dc33c6f6183c10d9c,T5.2.3
seed_metric,higher_reset_failure,202607162304,0.95,empirical_reset_failure_probability,0.9502843694842126,,,whole_seed_trajectory_cluster,56ed675425daeb513833613c00f68c7c7d7d5fec4861f37dc33c6f6183c10d9c,T5.2.3
seed_metric,higher_reset_failure,202607162304,0.95,reset_failures_per_1000_cycles,73.93646240234375,,,whole_seed_trajectory_cluster,56ed675425daeb513833613c00f68c7c7d7d5fec4861f37dc33c6f6183c10d9c,T5.2.3
seed_metric,higher_reset_failure,202607162304,0.95,successful_resets_per_1000_cycles,3.86810302734375,,,whole_seed_trajectory_cluster,56ed675425daeb513833613c00f68c7c7d7d5fec4861f37dc33c6f6183c10d9c,T5.2.3
seed_metric,higher_reset_failure,202607162304,0.95,mean_hidden_leakage_run_steps,20.78723404255319,,,whole_seed_trajectory_cluster,56ed675425daeb513833613c00f68c7c7d7d5fec4861f37dc33c6f6183c10d9c,T5.2.3
seed_metric,higher_reset_failure,202607162304,0.95,p95_hidden_leakage_run_steps,67.0,,,whole_seed_trajectory_cluster,56ed675425daeb513833613c00f68c7c7d7d5fec4861f37dc33c6f6183c10d9c,T5.2.3
seed_metric,higher_reset_failure,202607162304,0.95,mean_short_lag_correlation,0.8362235230365229,,,whole_seed_trajectory_cluster,56ed675425daeb513833613c00f68c7c7d7d5fec4861f37dc33c6f6183c10d9c,T5.2.3
seed_metric,higher_reset_failure,202607162304,0.95,mean_long_lag_correlation,0.4052547321026268,,,whole_seed_trajectory_cluster,56ed675425daeb513833613c00f68c7c7d7d5fec4861f37dc33c6f6183c10d9c,T5.2.3
seed_metric,higher_reset_failure,202607162304,0.95,mean_long_lag_covariance,0.015302207122668346,,,whole_seed_trajectory_cluster,56ed675425daeb513833613c00f68c7c7d7d5fec4861f37dc33c6f6183c10d9c,T5.2.3
channel_intervention,higher_reset_failure,202607162305,0.0,channel_spec_sha256,e7450006c0b2028832e0ca3d8006e4749ce95f8e750b07c44b03620c3a4d5403,,,exactly_one_physical_channel_changes,221edf1effc92489dc462d4ca41498d78c972390cfa8fbf3cfa0adb15736418c,T5.2.3
seed_metric,higher_reset_failure,202607162305,0.0,injection_episode_rate_per_1000_cycles,4.24957275390625,,,whole_seed_trajectory_cluster,221edf1effc92489dc462d4ca41498d78c972390cfa8fbf3cfa0adb15736418c,T5.2.3
seed_metric,higher_reset_failure,202607162305,0.0,empirical_higher_injection_probability,0.002130882881779995,,,whole_seed_trajectory_cluster,221edf1effc92489dc462d4ca41498d78c972390cfa8fbf3cfa0adb15736418c,T5.2.3
seed_metric,higher_reset_failure,202607162305,0.0,detection_probability,1.0,,,whole_seed_trajectory_cluster,221edf1effc92489dc462d4ca41498d78c972390cfa8fbf3cfa0adb15736418c,T5.2.3
seed_metric,higher_reset_failure,202607162305,0.0,mean_detection_delay_steps,0.03770197486535009,,,whole_seed_trajectory_cluster,221edf1effc92489dc462d4ca41498d78c972390cfa8fbf3cfa0adb15736418c,T5.2.3
seed_metric,higher_reset_failure,202607162305,0.0,p95_detection_delay_steps,0.0,,,whole_seed_trajectory_cluster,221edf1effc92489dc462d4ca41498d78c972390cfa8fbf3cfa0adb15736418c,T5.2.3
seed_metric,higher_reset_failure,202607162305,0.0,false_alarm_rate_per_healthy_step,0.00021409510410374437,,,whole_seed_trajectory_cluster,221edf1effc92489dc462d4ca41498d78c972390cfa8fbf3cfa0adb15736418c,T5.2.3
seed_metric,higher_reset_failure,202607162305,0.0,false_negative_rate_per_leakage_step,0.03633217993079585,,,whole_seed_trajectory_cluster,221edf1effc92489dc462d4ca41498d78c972390cfa8fbf3cfa0adb15736418c,T5.2.3
seed_metric,higher_reset_failure,202607162305,0.0,hidden_leakage_occupancy,0.00220489501953125,,,whole_seed_trajectory_cluster,221edf1effc92489dc462d4ca41498d78c972390cfa8fbf3cfa0adb15736418c,T5.2.3
seed_metric,higher_reset_failure,202607162305,0.0,observed_leakage_alarm_rate,0.002338409423828125,,,whole_seed_trajectory_cluster,221edf1effc92489dc462d4ca41498d78c972390cfa8fbf3cfa0adb15736418c,T5.2.3
seed_metric,higher_reset_failure,202607162305,0.0,declared_normal_action_availability,0.9976615905761719,,,whole_seed_trajectory_cluster,221edf1effc92489dc462d4ca41498d78c972390cfa8fbf3cfa0adb15736418c,T5.2.3
seed_metric,higher_reset_failure,202607162305,0.0,safe_normal_action_availability,0.9975814819335938,,,whole_seed_trajectory_cluster,221edf1effc92489dc462d4ca41498d78c972390cfa8fbf3cfa0adb15736418c,T5.2.3
seed_metric,higher_reset_failure,202607162305,0.0,unsafe_declared_available_fraction,8.0108642578125e-05,,,whole_seed_trajectory_cluster,221edf1effc92489dc462d4ca41498d78c972390cfa8fbf3cfa0adb15736418c,T5.2.3
seed_metric,higher_reset_failure,202607162305,0.0,reset_requests_per_1000_cycles,4.67681884765625,,,whole_seed_trajectory_cluster,221edf1effc92489dc462d4ca41498d78c972390cfa8fbf3cfa0adb15736418c,T5.2.3
seed_metric,higher_reset_failure,202607162305,0.0,reset_attempts_per_1000_cycles,4.24957275390625,,,whole_seed_trajectory_cluster,221edf1effc92489dc462d4ca41498d78c972390cfa8fbf3cfa0adb15736418c,T5.2.3
seed_metric,higher_reset_failure,202607162305,0.0,empirical_reset_failure_probability,0.0,,,whole_seed_trajectory_cluster,221edf1effc92489dc462d4ca41498d78c972390cfa8fbf3cfa0adb15736418c,T5.2.3
seed_metric,higher_reset_failure,202607162305,0.0,reset_failures_per_1000_cycles,0.0,,,whole_seed_trajectory_cluster,221edf1effc92489dc462d4ca41498d78c972390cfa8fbf3cfa0adb15736418c,T5.2.3
seed_metric,higher_reset_failure,202607162305,0.0,successful_resets_per_1000_cycles,4.24957275390625,,,whole_seed_trajectory_cluster,221edf1effc92489dc462d4ca41498d78c972390cfa8fbf3cfa0adb15736418c,T5.2.3
seed_metric,higher_reset_failure,202607162305,0.0,mean_hidden_leakage_run_steps,1.03770197486535,,,whole_seed_trajectory_cluster,221edf1effc92489dc462d4ca41498d78c972390cfa8fbf3cfa0adb15736418c,T5.2.3
seed_metric,higher_reset_failure,202607162305,0.0,p95_hidden_leakage_run_steps,1.0,,,whole_seed_trajectory_cluster,221edf1effc92489dc462d4ca41498d78c972390cfa8fbf3cfa0adb15736418c,T5.2.3
seed_metric,higher_reset_failure,202607162305,0.0,mean_short_lag_correlation,-0.002345415793255788,,,whole_seed_trajectory_cluster,221edf1effc92489dc462d4ca41498d78c972390cfa8fbf3cfa0adb15736418c,T5.2.3
seed_metric,higher_reset_failure,202607162305,0.0,mean_long_lag_correlation,-0.00011301389892777516,,,whole_seed_trajectory_cluster,221edf1effc92489dc462d4ca41498d78c972390cfa8fbf3cfa0adb15736418c,T5.2.3
seed_metric,higher_reset_failure,202607162305,0.0,mean_long_lag_covariance,-2.6901881309471617e-07,,,whole_seed_trajectory_cluster,221edf1effc92489dc462d4ca41498d78c972390cfa8fbf3cfa0adb15736418c,T5.2.3
channel_intervention,higher_reset_failure,202607162305,0.25,channel_spec_sha256,99fbf532b4c3767d8333db264f4f09522fd4fd1cc7eb9e7334903ec07c9cad2b,,,exactly_one_physical_channel_changes,1ddcd61bc9d09d367944b89f8c9526fe0e6a5939610e65ba7008b302926defbf,T5.2.3
seed_metric,higher_reset_failure,202607162305,0.25,injection_episode_rate_per_1000_cycles,4.24957275390625,,,whole_seed_trajectory_cluster,1ddcd61bc9d09d367944b89f8c9526fe0e6a5939610e65ba7008b302926defbf,T5.2.3
seed_metric,higher_reset_failure,202607162305,0.25,empirical_higher_injection_probability,0.0021324410515958852,,,whole_seed_trajectory_cluster,1ddcd61bc9d09d367944b89f8c9526fe0e6a5939610e65ba7008b302926defbf,T5.2.3
seed_metric,higher_reset_failure,202607162305,0.25,detection_probability,1.0,,,whole_seed_trajectory_cluster,1ddcd61bc9d09d367944b89f8c9526fe0e6a5939610e65ba7008b302926defbf,T5.2.3
seed_metric,higher_reset_failure,202607162305,0.25,mean_detection_delay_steps,0.03770197486535009,,,whole_seed_trajectory_cluster,1ddcd61bc9d09d367944b89f8c9526fe0e6a5939610e65ba7008b302926defbf,T5.2.3
seed_metric,higher_reset_failure,202607162305,0.25,p95_detection_delay_steps,0.0,,,whole_seed_trajectory_cluster,1ddcd61bc9d09d367944b89f8c9526fe0e6a5939610e65ba7008b302926defbf,T5.2.3
seed_metric,higher_reset_failure,202607162305,0.25,false_alarm_rate_per_healthy_step,0.00021425155428024867,,,whole_seed_trajectory_cluster,1ddcd61bc9d09d367944b89f8c9526fe0e6a5939610e65ba7008b302926defbf,T5.2.3
seed_metric,higher_reset_failure,202607162305,0.25,false_negative_rate_per_leakage_step,0.036410923276983094,,,whole_seed_trajectory_cluster,1ddcd61bc9d09d367944b89f8c9526fe0e6a5939610e65ba7008b302926defbf,T5.2.3
seed_metric,higher_reset_failure,202607162305,0.25,hidden_leakage_occupancy,0.002933502197265625,,,whole_seed_trajectory_cluster,1ddcd61bc9d09d367944b89f8c9526fe0e6a5939610e65ba7008b302926defbf,T5.2.3
seed_metric,higher_reset_failure,202607162305,0.25,observed_leakage_alarm_rate,0.003040313720703125,,,whole_seed_trajectory_cluster,1ddcd61bc9d09d367944b89f8c9526fe0e6a5939610e65ba7008b302926defbf,T5.2.3
seed_metric,higher_reset_failure,202607162305,0.25,declared_normal_action_availability,0.9969596862792969,,,whole_seed_trajectory_cluster,1ddcd61bc9d09d367944b89f8c9526fe0e6a5939610e65ba7008b302926defbf,T5.2.3
seed_metric,higher_reset_failure,202607162305,0.25,safe_normal_action_availability,0.9968528747558594,,,whole_seed_trajectory_cluster,1ddcd61bc9d09d367944b89f8c9526fe0e6a5939610e65ba7008b302926defbf,T5.2.3
seed_metric,higher_reset_failure,202607162305,0.25,unsafe_declared_available_fraction,0.0001068115234375,,,whole_seed_trajectory_cluster,1ddcd61bc9d09d367944b89f8c9526fe0e6a5939610e65ba7008b302926defbf,T5.2.3
seed_metric,higher_reset_failure,202607162305,0.25,reset_requests_per_1000_cycles,6.08062744140625,,,whole_seed_trajectory_cluster,1ddcd61bc9d09d367944b89f8c9526fe0e6a5939610e65ba7008b302926defbf,T5.2.3
seed_metric,higher_reset_failure,202607162305,0.25,reset_attempts_per_1000_cycles,5.65338134765625,,,whole_seed_trajectory_cluster,1ddcd61bc9d09d367944b89f8c9526fe0e6a5939610e65ba7008b302926defbf,T5.2.3
seed_metric,higher_reset_failure,202607162305,0.25,empirical_reset_failure_probability,0.2483130904183536,,,whole_seed_trajectory_cluster,1ddcd61bc9d09d367944b89f8c9526fe0e6a5939610e65ba7008b302926defbf,T5.2.3
seed_metric,higher_reset_failure,202607162305,0.25,reset_failures_per_1000_cycles,1.40380859375,,,whole_seed_trajectory_cluster,1ddcd61bc9d09d367944b89f8c9526fe0e6a5939610e65ba7008b302926defbf,T5.2.3
seed_metric,higher_reset_failure,202607162305,0.25,successful_resets_per_1000_cycles,4.24957275390625,,,whole_seed_trajectory_cluster,1ddcd61bc9d09d367944b89f8c9526fe0e6a5939610e65ba7008b302926defbf,T5.2.3
seed_metric,higher_reset_failure,202607162305,0.25,mean_hidden_leakage_run_steps,1.3806104129263914,,,whole_seed_trajectory_cluster,1ddcd61bc9d09d367944b89f8c9526fe0e6a5939610e65ba7008b302926defbf,T5.2.3
seed_metric,higher_reset_failure,202607162305,0.25,p95_hidden_leakage_run_steps,3.0,,,whole_seed_trajectory_cluster,1ddcd61bc9d09d367944b89f8c9526fe0e6a5939610e65ba7008b302926defbf,T5.2.3
seed_metric,higher_reset_failure,202607162305,0.25,mean_short_lag_correlation,0.09477330746755597,,,whole_seed_trajectory_cluster,1ddcd61bc9d09d367944b89f8c9526fe0e6a5939610e65ba7008b302926defbf,T5.2.3
seed_metric,higher_reset_failure,202607162305,0.25,mean_long_lag_correlation,0.0008033283213579068,,,whole_seed_trajectory_cluster,1ddcd61bc9d09d367944b89f8c9526fe0e6a5939610e65ba7008b302926defbf,T5.2.3
seed_metric,higher_reset_failure,202607162305,0.25,mean_long_lag_covariance,2.4280640033240173e-06,,,whole_seed_trajectory_cluster,1ddcd61bc9d09d367944b89f8c9526fe0e6a5939610e65ba7008b302926defbf,T5.2.3
channel_intervention,higher_reset_failure,202607162305,0.5,channel_spec_sha256,216b0d81015cba96acf57797a78eaf17baf132ba9047244cb5c9e369748a693b,,,exactly_one_physical_channel_changes,960410102ee4c02bd10ee7eb16dd1bb0dee8b447b653fded400dfa964c26c48b,T5.2.3
seed_metric,higher_reset_failure,202607162305,0.5,injection_episode_rate_per_1000_cycles,4.241943359375,,,whole_seed_trajectory_cluster,960410102ee4c02bd10ee7eb16dd1bb0dee8b447b653fded400dfa964c26c48b,T5.2.3
seed_metric,higher_reset_failure,202607162305,0.5,empirical_higher_injection_probability,0.002131860968923142,,,whole_seed_trajectory_cluster,960410102ee4c02bd10ee7eb16dd1bb0dee8b447b653fded400dfa964c26c48b,T5.2.3
seed_metric,higher_reset_failure,202607162305,0.5,detection_probability,1.0,,,whole_seed_trajectory_cluster,960410102ee4c02bd10ee7eb16dd1bb0dee8b447b653fded400dfa964c26c48b,T5.2.3
seed_metric,higher_reset_failure,202607162305,0.5,mean_detection_delay_steps,0.03776978417266187,,,whole_seed_trajectory_cluster,960410102ee4c02bd10ee7eb16dd1bb0dee8b447b653fded400dfa964c26c48b,T5.2.3
seed_metric,higher_reset_failure,202607162305,0.5,p95_detection_delay_steps,0.0,,,whole_seed_trajectory_cluster,960410102ee4c02bd10ee7eb16dd1bb0dee8b447b653fded400dfa964c26c48b,T5.2.3
seed_metric,higher_reset_failure,202607162305,0.5,false_alarm_rate_per_healthy_step,0.00021457911838636504,,,whole_seed_trajectory_cluster,960410102ee4c02bd10ee7eb16dd1bb0dee8b447b653fded400dfa964c26c48b,T5.2.3
seed_metric,higher_reset_failure,202607162305,0.5,false_negative_rate_per_leakage_step,0.04195205479452055,,,whole_seed_trajectory_cluster,960410102ee4c02bd10ee7eb16dd1bb0dee8b447b653fded400dfa964c26c48b,T5.2.3
seed_metric,higher_reset_failure,202607162305,0.5,hidden_leakage_occupancy,0.00445556640625,,,whole_seed_trajectory_cluster,960410102ee4c02bd10ee7eb16dd1bb0dee8b447b653fded400dfa964c26c48b,T5.2.3
seed_metric,higher_reset_failure,202607162305,0.5,observed_leakage_alarm_rate,0.004482269287109375,,,whole_seed_trajectory_cluster,960410102ee4c02bd10ee7eb16dd1bb0dee8b447b653fded400dfa964c26c48b,T5.2.3
seed_metric,higher_reset_failure,202607162305,0.5,declared_normal_action_availability,0.9955177307128906,,,whole_seed_trajectory_cluster,960410102ee4c02bd10ee7eb16dd1bb0dee8b447b653fded400dfa964c26c48b,T5.2.3
seed_metric,higher_reset_failure,202607162305,0.5,safe_normal_action_availability,0.995330810546875,,,whole_seed_trajectory_cluster,960410102ee4c02bd10ee7eb16dd1bb0dee8b447b653fded400dfa964c26c48b,T5.2.3
seed_metric,higher_reset_failure,202607162305,0.5,unsafe_declared_available_fraction,0.000186920166015625,,,whole_seed_trajectory_cluster,960410102ee4c02bd10ee7eb16dd1bb0dee8b447b653fded400dfa964c26c48b,T5.2.3
seed_metric,higher_reset_failure,202607162305,0.5,reset_requests_per_1000_cycles,8.96453857421875,,,whole_seed_trajectory_cluster,960410102ee4c02bd10ee7eb16dd1bb0dee8b447b653fded400dfa964c26c48b,T5.2.3
seed_metric,higher_reset_failure,202607162305,0.5,reset_attempts_per_1000_cycles,8.53729248046875,,,whole_seed_trajectory_cluster,960410102ee4c02bd10ee7eb16dd1bb0dee8b447b653fded400dfa964c26c48b,T5.2.3
seed_metric,higher_reset_failure,202607162305,0.5,empirical_reset_failure_probability,0.5022341376228776,,,whole_seed_trajectory_cluster,960410102ee4c02bd10ee7eb16dd1bb0dee8b447b653fded400dfa964c26c48b,T5.2.3
seed_metric,higher_reset_failure,202607162305,0.5,reset_failures_per_1000_cycles,4.2877197265625,,,whole_seed_trajectory_cluster,960410102ee4c02bd10ee7eb16dd1bb0dee8b447b653fded400dfa964c26c48b,T5.2.3
seed_metric,higher_reset_failure,202607162305,0.5,successful_resets_per_1000_cycles,4.24957275390625,,,whole_seed_trajectory_cluster,960410102ee4c02bd10ee7eb16dd1bb0dee8b447b653fded400dfa964c26c48b,T5.2.3
seed_metric,higher_reset_failure,202607162305,0.5,mean_hidden_leakage_run_steps,2.096947935368043,,,whole_seed_trajectory_cluster,960410102ee4c02bd10ee7eb16dd1bb0dee8b447b653fded400dfa964c26c48b,T5.2.3
seed_metric,higher_reset_failure,202607162305,0.5,p95_hidden_leakage_run_steps,5.199999999999932,,,whole_seed_trajectory_cluster,960410102ee4c02bd10ee7eb16dd1bb0dee8b447b653fded400dfa964c26c48b,T5.2.3
seed_metric,higher_reset_failure,202607162305,0.5,mean_short_lag_correlation,0.26081023942282217,,,whole_seed_trajectory_cluster,960410102ee4c02bd10ee7eb16dd1bb0dee8b447b653fded400dfa964c26c48b,T5.2.3
seed_metric,higher_reset_failure,202607162305,0.5,mean_long_lag_correlation,0.004152234789548352,,,whole_seed_trajectory_cluster,960410102ee4c02bd10ee7eb16dd1bb0dee8b447b653fded400dfa964c26c48b,T5.2.3
seed_metric,higher_reset_failure,202607162305,0.5,mean_long_lag_covariance,1.857635457672685e-05,,,whole_seed_trajectory_cluster,960410102ee4c02bd10ee7eb16dd1bb0dee8b447b653fded400dfa964c26c48b,T5.2.3
channel_intervention,higher_reset_failure,202607162305,0.75,channel_spec_sha256,5efec1bb0445b5e85f1ef228b6ded6c3b6d738548ee66f388dacb066e11abace,,,exactly_one_physical_channel_changes,c0e2cf93be68c6fa5cc0c2adce92c005309ff52919e0d8307a6f152493f38414,T5.2.3
seed_metric,higher_reset_failure,202607162305,0.75,injection_episode_rate_per_1000_cycles,4.23431396484375,,,whole_seed_trajectory_cluster,c0e2cf93be68c6fa5cc0c2adce92c005309ff52919e0d8307a6f152493f38414,T5.2.3
seed_metric,higher_reset_failure,202607162305,0.75,empirical_higher_injection_probability,0.002138011533705463,,,whole_seed_trajectory_cluster,c0e2cf93be68c6fa5cc0c2adce92c005309ff52919e0d8307a6f152493f38414,T5.2.3
seed_metric,higher_reset_failure,202607162305,0.75,detection_probability,1.0,,,whole_seed_trajectory_cluster,c0e2cf93be68c6fa5cc0c2adce92c005309ff52919e0d8307a6f152493f38414,T5.2.3
seed_metric,higher_reset_failure,202607162305,0.75,mean_detection_delay_steps,0.03783783783783784,,,whole_seed_trajectory_cluster,c0e2cf93be68c6fa5cc0c2adce92c005309ff52919e0d8307a6f152493f38414,T5.2.3
seed_metric,higher_reset_failure,202607162305,0.75,p95_detection_delay_steps,0.0,,,whole_seed_trajectory_cluster,c0e2cf93be68c6fa5cc0c2adce92c005309ff52919e0d8307a6f152493f38414,T5.2.3
seed_metric,higher_reset_failure,202607162305,0.75,false_alarm_rate_per_healthy_step,0.00021558444558225125,,,whole_seed_trajectory_cluster,c0e2cf93be68c6fa5cc0c2adce92c005309ff52919e0d8307a6f152493f38414,T5.2.3
seed_metric,higher_reset_failure,202607162305,0.75,false_negative_rate_per_leakage_step,0.045283018867924525,,,whole_seed_trajectory_cluster,c0e2cf93be68c6fa5cc0c2adce92c005309ff52919e0d8307a6f152493f38414,T5.2.3
seed_metric,higher_reset_failure,202607162305,0.75,hidden_leakage_occupancy,0.009098052978515625,,,whole_seed_trajectory_cluster,c0e2cf93be68c6fa5cc0c2adce92c005309ff52919e0d8307a6f152493f38414,T5.2.3
seed_metric,higher_reset_failure,202607162305,0.75,observed_leakage_alarm_rate,0.008899688720703125,,,whole_seed_trajectory_cluster,c0e2cf93be68c6fa5cc0c2adce92c005309ff52919e0d8307a6f152493f38414,T5.2.3
seed_metric,higher_reset_failure,202607162305,0.75,declared_normal_action_availability,0.9911003112792969,,,whole_seed_trajectory_cluster,c0e2cf93be68c6fa5cc0c2adce92c005309ff52919e0d8307a6f152493f38414,T5.2.3
seed_metric,higher_reset_failure,202607162305,0.75,safe_normal_action_availability,0.9906883239746094,,,whole_seed_trajectory_cluster,c0e2cf93be68c6fa5cc0c2adce92c005309ff52919e0d8307a6f152493f38414,T5.2.3
seed_metric,higher_reset_failure,202607162305,0.75,unsafe_declared_available_fraction,0.0004119873046875,,,whole_seed_trajectory_cluster,c0e2cf93be68c6fa5cc0c2adce92c005309ff52919e0d8307a6f152493f38414,T5.2.3
seed_metric,higher_reset_failure,202607162305,0.75,reset_requests_per_1000_cycles,17.79937744140625,,,whole_seed_trajectory_cluster,c0e2cf93be68c6fa5cc0c2adce92c005309ff52919e0d8307a6f152493f38414,T5.2.3
seed_metric,higher_reset_failure,202607162305,0.75,reset_attempts_per_1000_cycles,17.37213134765625,,,whole_seed_trajectory_cluster,c0e2cf93be68c6fa5cc0c2adce92c005309ff52919e0d8307a6f152493f38414,T5.2.3
seed_metric,higher_reset_failure,202607162305,0.75,empirical_reset_failure_probability,0.7562582345191041,,,whole_seed_trajectory_cluster,c0e2cf93be68c6fa5cc0c2adce92c005309ff52919e0d8307a6f152493f38414,T5.2.3
seed_metric,higher_reset_failure,202607162305,0.75,reset_failures_per_1000_cycles,13.1378173828125,,,whole_seed_trajectory_cluster,c0e2cf93be68c6fa5cc0c2adce92c005309ff52919e0d8307a6f152493f38414,T5.2.3
seed_metric,higher_reset_failure,202607162305,0.75,successful_resets_per_1000_cycles,4.23431396484375,,,whole_seed_trajectory_cluster,c0e2cf93be68c6fa5cc0c2adce92c005309ff52919e0d8307a6f152493f38414,T5.2.3
seed_metric,higher_reset_failure,202607162305,0.75,mean_hidden_leakage_run_steps,4.281867145421903,,,whole_seed_trajectory_cluster,c0e2cf93be68c6fa5cc0c2adce92c005309ff52919e0d8307a6f152493f38414,T5.2.3
seed_metric,higher_reset_failure,202607162305,0.75,p95_hidden_leakage_run_steps,12.0,,,whole_seed_trajectory_cluster,c0e2cf93be68c6fa5cc0c2adce92c005309ff52919e0d8307a6f152493f38414,T5.2.3
seed_metric,higher_reset_failure,202607162305,0.75,mean_short_lag_correlation,0.5190100708473485,,,whole_seed_trajectory_cluster,c0e2cf93be68c6fa5cc0c2adce92c005309ff52919e0d8307a6f152493f38414,T5.2.3
seed_metric,higher_reset_failure,202607162305,0.75,mean_long_lag_correlation,0.04478567159436103,,,whole_seed_trajectory_cluster,c0e2cf93be68c6fa5cc0c2adce92c005309ff52919e0d8307a6f152493f38414,T5.2.3
seed_metric,higher_reset_failure,202607162305,0.75,mean_long_lag_covariance,0.00039434009343040894,,,whole_seed_trajectory_cluster,c0e2cf93be68c6fa5cc0c2adce92c005309ff52919e0d8307a6f152493f38414,T5.2.3
channel_intervention,higher_reset_failure,202607162305,0.9,channel_spec_sha256,b62f0be1c6dc40126e43514eced439c41a409661418340e8b46af9f09aec8817,,,exactly_one_physical_channel_changes,ee7736010a936add583905c0828a40ebfcfaec439b9d3ab6de23ee7fa8304146,T5.2.3
seed_metric,higher_reset_failure,202607162305,0.9,injection_episode_rate_per_1000_cycles,4.20379638671875,,,whole_seed_trajectory_cluster,ee7736010a936add583905c0828a40ebfcfaec439b9d3ab6de23ee7fa8304146,T5.2.3
seed_metric,higher_reset_failure,202607162305,0.9,empirical_higher_injection_probability,0.0021498915299736237,,,whole_seed_trajectory_cluster,ee7736010a936add583905c0828a40ebfcfaec439b9d3ab6de23ee7fa8304146,T5.2.3
seed_metric,higher_reset_failure,202607162305,0.9,detection_probability,1.0,,,whole_seed_trajectory_cluster,ee7736010a936add583905c0828a40ebfcfaec439b9d3ab6de23ee7fa8304146,T5.2.3
seed_metric,higher_reset_failure,202607162305,0.9,mean_detection_delay_steps,0.038112522686025406,,,whole_seed_trajectory_cluster,ee7736010a936add583905c0828a40ebfcfaec439b9d3ab6de23ee7fa8304146,T5.2.3
seed_metric,higher_reset_failure,202607162305,0.9,p95_detection_delay_steps,0.0,,,whole_seed_trajectory_cluster,ee7736010a936add583905c0828a40ebfcfaec439b9d3ab6de23ee7fa8304146,T5.2.3
seed_metric,higher_reset_failure,202607162305,0.9,false_alarm_rate_per_healthy_step,0.0002105632567117038,,,whole_seed_trajectory_cluster,ee7736010a936add583905c0828a40ebfcfaec439b9d3ab6de23ee7fa8304146,T5.2.3
seed_metric,higher_reset_failure,202607162305,0.9,false_negative_rate_per_leakage_step,0.0497451221655827,,,whole_seed_trajectory_cluster,ee7736010a936add583905c0828a40ebfcfaec439b9d3ab6de23ee7fa8304146,T5.2.3
seed_metric,higher_reset_failure,202607162305,0.9,hidden_leakage_occupancy,0.021701812744140625,,,whole_seed_trajectory_cluster,ee7736010a936add583905c0828a40ebfcfaec439b9d3ab6de23ee7fa8304146,T5.2.3
seed_metric,higher_reset_failure,202607162305,0.9,observed_leakage_alarm_rate,0.0208282470703125,,,whole_seed_trajectory_cluster,ee7736010a936add583905c0828a40ebfcfaec439b9d3ab6de23ee7fa8304146,T5.2.3
seed_metric,higher_reset_failure,202607162305,0.9,declared_normal_action_availability,0.9791717529296875,,,whole_seed_trajectory_cluster,ee7736010a936add583905c0828a40ebfcfaec439b9d3ab6de23ee7fa8304146,T5.2.3
seed_metric,higher_reset_failure,202607162305,0.9,safe_normal_action_availability,0.9780921936035156,,,whole_seed_trajectory_cluster,ee7736010a936add583905c0828a40ebfcfaec439b9d3ab6de23ee7fa8304146,T5.2.3
seed_metric,higher_reset_failure,202607162305,0.9,unsafe_declared_available_fraction,0.001079559326171875,,,whole_seed_trajectory_cluster,ee7736010a936add583905c0828a40ebfcfaec439b9d3ab6de23ee7fa8304146,T5.2.3
seed_metric,higher_reset_failure,202607162305,0.9,reset_requests_per_1000_cycles,41.656494140625,,,whole_seed_trajectory_cluster,ee7736010a936add583905c0828a40ebfcfaec439b9d3ab6de23ee7fa8304146,T5.2.3
seed_metric,higher_reset_failure,202607162305,0.9,reset_attempts_per_1000_cycles,41.2445068359375,,,whole_seed_trajectory_cluster,ee7736010a936add583905c0828a40ebfcfaec439b9d3ab6de23ee7fa8304146,T5.2.3
seed_metric,higher_reset_failure,202607162305,0.9,empirical_reset_failure_probability,0.8975212726600074,,,whole_seed_trajectory_cluster,ee7736010a936add583905c0828a40ebfcfaec439b9d3ab6de23ee7fa8304146,T5.2.3
seed_metric,higher_reset_failure,202607162305,0.9,reset_failures_per_1000_cycles,37.017822265625,,,whole_seed_trajectory_cluster,ee7736010a936add583905c0828a40ebfcfaec439b9d3ab6de23ee7fa8304146,T5.2.3
seed_metric,higher_reset_failure,202607162305,0.9,successful_resets_per_1000_cycles,4.2266845703125,,,whole_seed_trajectory_cluster,ee7736010a936add583905c0828a40ebfcfaec439b9d3ab6de23ee7fa8304146,T5.2.3
seed_metric,higher_reset_failure,202607162305,0.9,mean_hidden_leakage_run_steps,10.213644524236983,,,whole_seed_trajectory_cluster,ee7736010a936add583905c0828a40ebfcfaec439b9d3ab6de23ee7fa8304146,T5.2.3
seed_metric,higher_reset_failure,202607162305,0.9,p95_hidden_leakage_run_steps,29.0,,,whole_seed_trajectory_cluster,ee7736010a936add583905c0828a40ebfcfaec439b9d3ab6de23ee7fa8304146,T5.2.3
seed_metric,higher_reset_failure,202607162305,0.9,mean_short_lag_correlation,0.7396488015712729,,,whole_seed_trajectory_cluster,ee7736010a936add583905c0828a40ebfcfaec439b9d3ab6de23ee7fa8304146,T5.2.3
seed_metric,higher_reset_failure,202607162305,0.9,mean_long_lag_correlation,0.20330178477495287,,,whole_seed_trajectory_cluster,ee7736010a936add583905c0828a40ebfcfaec439b9d3ab6de23ee7fa8304146,T5.2.3
seed_metric,higher_reset_failure,202607162305,0.9,mean_long_lag_covariance,0.0041442707813178796,,,whole_seed_trajectory_cluster,ee7736010a936add583905c0828a40ebfcfaec439b9d3ab6de23ee7fa8304146,T5.2.3
channel_intervention,higher_reset_failure,202607162305,0.95,channel_spec_sha256,04856ab78be982625a78458bbd09150a9ffa8be88305f6b5c8092edc5aa9714d,,,exactly_one_physical_channel_changes,4d659b3f52d63458d63be51d4a9a007934a8a5727d9d84ff3a8eb18154b6b9ee,T5.2.3
seed_metric,higher_reset_failure,202607162305,0.95,injection_episode_rate_per_1000_cycles,4.11224365234375,,,whole_seed_trajectory_cluster,4d659b3f52d63458d63be51d4a9a007934a8a5727d9d84ff3a8eb18154b6b9ee,T5.2.3
seed_metric,higher_reset_failure,202607162305,0.95,empirical_higher_injection_probability,0.002147915247010253,,,whole_seed_trajectory_cluster,4d659b3f52d63458d63be51d4a9a007934a8a5727d9d84ff3a8eb18154b6b9ee,T5.2.3
seed_metric,higher_reset_failure,202607162305,0.95,detection_probability,1.0,,,whole_seed_trajectory_cluster,4d659b3f52d63458d63be51d4a9a007934a8a5727d9d84ff3a8eb18154b6b9ee,T5.2.3
seed_metric,higher_reset_failure,202607162305,0.95,mean_detection_delay_steps,0.03896103896103896,,,whole_seed_trajectory_cluster,4d659b3f52d63458d63be51d4a9a007934a8a5727d9d84ff3a8eb18154b6b9ee,T5.2.3
seed_metric,higher_reset_failure,202607162305,0.95,p95_detection_delay_steps,0.0,,,whole_seed_trajectory_cluster,4d659b3f52d63458d63be51d4a9a007934a8a5727d9d84ff3a8eb18154b6b9ee,T5.2.3
seed_metric,higher_reset_failure,202607162305,0.95,false_alarm_rate_per_healthy_step,0.00020708880923934689,,,whole_seed_trajectory_cluster,4d659b3f52d63458d63be51d4a9a007934a8a5727d9d84ff3a8eb18154b6b9ee,T5.2.3
seed_metric,higher_reset_failure,202607162305,0.95,false_negative_rate_per_leakage_step,0.050887359652299895,,,whole_seed_trajectory_cluster,4d659b3f52d63458d63be51d4a9a007934a8a5727d9d84ff3a8eb18154b6b9ee,T5.2.3
seed_metric,higher_reset_failure,202607162305,0.95,hidden_leakage_occupancy,0.0421295166015625,,,whole_seed_trajectory_cluster,4d659b3f52d63458d63be51d4a9a007934a8a5727d9d84ff3a8eb18154b6b9ee,T5.2.3
seed_metric,higher_reset_failure,202607162305,0.95,observed_leakage_alarm_rate,0.04018402099609375,,,whole_seed_trajectory_cluster,4d659b3f52d63458d63be51d4a9a007934a8a5727d9d84ff3a8eb18154b6b9ee,T5.2.3
seed_metric,higher_reset_failure,202607162305,0.95,declared_normal_action_availability,0.9598159790039062,,,whole_seed_trajectory_cluster,4d659b3f52d63458d63be51d4a9a007934a8a5727d9d84ff3a8eb18154b6b9ee,T5.2.3
seed_metric,higher_reset_failure,202607162305,0.95,safe_normal_action_availability,0.957672119140625,,,whole_seed_trajectory_cluster,4d659b3f52d63458d63be51d4a9a007934a8a5727d9d84ff3a8eb18154b6b9ee,T5.2.3
seed_metric,higher_reset_failure,202607162305,0.95,unsafe_declared_available_fraction,0.00214385986328125,,,whole_seed_trajectory_cluster,4d659b3f52d63458d63be51d4a9a007934a8a5727d9d84ff3a8eb18154b6b9ee,T5.2.3
seed_metric,higher_reset_failure,202607162305,0.95,reset_requests_per_1000_cycles,80.3680419921875,,,whole_seed_trajectory_cluster,4d659b3f52d63458d63be51d4a9a007934a8a5727d9d84ff3a8eb18154b6b9ee,T5.2.3
seed_metric,higher_reset_failure,202607162305,0.95,reset_attempts_per_1000_cycles,79.9713134765625,,,whole_seed_trajectory_cluster,4d659b3f52d63458d63be51d4a9a007934a8a5727d9d84ff3a8eb18154b6b9ee,T5.2.3
seed_metric,higher_reset_failure,202607162305,0.95,empirical_reset_failure_probability,0.948387712268651,,,whole_seed_trajectory_cluster,4d659b3f52d63458d63be51d4a9a007934a8a5727d9d84ff3a8eb18154b6b9ee,T5.2.3
seed_metric,higher_reset_failure,202607162305,0.95,reset_failures_per_1000_cycles,75.84381103515625,,,whole_seed_trajectory_cluster,4d659b3f52d63458d63be51d4a9a007934a8a5727d9d84ff3a8eb18154b6b9ee,T5.2.3
seed_metric,higher_reset_failure,202607162305,0.95,successful_resets_per_1000_cycles,4.12750244140625,,,whole_seed_trajectory_cluster,4d659b3f52d63458d63be51d4a9a007934a8a5727d9d84ff3a8eb18154b6b9ee,T5.2.3
seed_metric,higher_reset_failure,202607162305,0.95,mean_hidden_leakage_run_steps,20.153284671532848,,,whole_seed_trajectory_cluster,4d659b3f52d63458d63be51d4a9a007934a8a5727d9d84ff3a8eb18154b6b9ee,T5.2.3
seed_metric,higher_reset_failure,202607162305,0.95,p95_hidden_leakage_run_steps,60.64999999999998,,,whole_seed_trajectory_cluster,4d659b3f52d63458d63be51d4a9a007934a8a5727d9d84ff3a8eb18154b6b9ee,T5.2.3
seed_metric,higher_reset_failure,202607162305,0.95,mean_short_lag_correlation,0.833657170581673,,,whole_seed_trajectory_cluster,4d659b3f52d63458d63be51d4a9a007934a8a5727d9d84ff3a8eb18154b6b9ee,T5.2.3
seed_metric,higher_reset_failure,202607162305,0.95,mean_long_lag_correlation,0.4002822425839693,,,whole_seed_trajectory_cluster,4d659b3f52d63458d63be51d4a9a007934a8a5727d9d84ff3a8eb18154b6b9ee,T5.2.3
seed_metric,higher_reset_failure,202607162305,0.95,mean_long_lag_covariance,0.015467989983415772,,,whole_seed_trajectory_cluster,4d659b3f52d63458d63be51d4a9a007934a8a5727d9d84ff3a8eb18154b6b9ee,T5.2.3
channel_intervention,higher_reset_failure,202607162306,0.0,channel_spec_sha256,e7450006c0b2028832e0ca3d8006e4749ce95f8e750b07c44b03620c3a4d5403,,,exactly_one_physical_channel_changes,b623edbc47843f0554b5a4e170971c2de85a3e161bc35bc96391655f77e01f84,T5.2.3
seed_metric,higher_reset_failure,202607162306,0.0,injection_episode_rate_per_1000_cycles,4.38690185546875,,,whole_seed_trajectory_cluster,b623edbc47843f0554b5a4e170971c2de85a3e161bc35bc96391655f77e01f84,T5.2.3
seed_metric,higher_reset_failure,202607162306,0.0,empirical_higher_injection_probability,0.0021994835995027256,,,whole_seed_trajectory_cluster,b623edbc47843f0554b5a4e170971c2de85a3e161bc35bc96391655f77e01f84,T5.2.3
seed_metric,higher_reset_failure,202607162306,0.0,detection_probability,1.0,,,whole_seed_trajectory_cluster,b623edbc47843f0554b5a4e170971c2de85a3e161bc35bc96391655f77e01f84,T5.2.3
seed_metric,higher_reset_failure,202607162306,0.0,mean_detection_delay_steps,0.05565217391304348,,,whole_seed_trajectory_cluster,b623edbc47843f0554b5a4e170971c2de85a3e161bc35bc96391655f77e01f84,T5.2.3
seed_metric,higher_reset_failure,202607162306,0.0,p95_detection_delay_steps,1.0,,,whole_seed_trajectory_cluster,b623edbc47843f0554b5a4e170971c2de85a3e161bc35bc96391655f77e01f84,T5.2.3
seed_metric,higher_reset_failure,202607162306,0.0,false_alarm_rate_per_healthy_step,0.00021029529282663638,,,whole_seed_trajectory_cluster,b623edbc47843f0554b5a4e170971c2de85a3e161bc35bc96391655f77e01f84,T5.2.3
seed_metric,higher_reset_failure,202607162306,0.0,false_negative_rate_per_leakage_step,0.05271828665568369,,,whole_seed_trajectory_cluster,b623edbc47843f0554b5a4e170971c2de85a3e161bc35bc96391655f77e01f84,T5.2.3
seed_metric,higher_reset_failure,202607162306,0.0,hidden_leakage_occupancy,0.002315521240234375,,,whole_seed_trajectory_cluster,b623edbc47843f0554b5a4e170971c2de85a3e161bc35bc96391655f77e01f84,T5.2.3
seed_metric,higher_reset_failure,202607162306,0.0,observed_leakage_alarm_rate,0.00240325927734375,,,whole_seed_trajectory_cluster,b623edbc47843f0554b5a4e170971c2de85a3e161bc35bc96391655f77e01f84,T5.2.3
seed_metric,higher_reset_failure,202607162306,0.0,declared_normal_action_availability,0.9975967407226562,,,whole_seed_trajectory_cluster,b623edbc47843f0554b5a4e170971c2de85a3e161bc35bc96391655f77e01f84,T5.2.3
seed_metric,higher_reset_failure,202607162306,0.0,safe_normal_action_availability,0.9974746704101562,,,whole_seed_trajectory_cluster,b623edbc47843f0554b5a4e170971c2de85a3e161bc35bc96391655f77e01f84,T5.2.3
seed_metric,higher_reset_failure,202607162306,0.0,unsafe_declared_available_fraction,0.0001220703125,,,whole_seed_trajectory_cluster,b623edbc47843f0554b5a4e170971c2de85a3e161bc35bc96391655f77e01f84,T5.2.3
seed_metric,higher_reset_failure,202607162306,0.0,reset_requests_per_1000_cycles,4.8065185546875,,,whole_seed_trajectory_cluster,b623edbc47843f0554b5a4e170971c2de85a3e161bc35bc96391655f77e01f84,T5.2.3
seed_metric,higher_reset_failure,202607162306,0.0,reset_attempts_per_1000_cycles,4.38690185546875,,,whole_seed_trajectory_cluster,b623edbc47843f0554b5a4e170971c2de85a3e161bc35bc96391655f77e01f84,T5.2.3
seed_metric,higher_reset_failure,202607162306,0.0,empirical_reset_failure_probability,0.0,,,whole_seed_trajectory_cluster,b623edbc47843f0554b5a4e170971c2de85a3e161bc35bc96391655f77e01f84,T5.2.3
seed_metric,higher_reset_failure,202607162306,0.0,reset_failures_per_1000_cycles,0.0,,,whole_seed_trajectory_cluster,b623edbc47843f0554b5a4e170971c2de85a3e161bc35bc96391655f77e01f84,T5.2.3
seed_metric,higher_reset_failure,202607162306,0.0,successful_resets_per_1000_cycles,4.38690185546875,,,whole_seed_trajectory_cluster,b623edbc47843f0554b5a4e170971c2de85a3e161bc35bc96391655f77e01f84,T5.2.3
seed_metric,higher_reset_failure,202607162306,0.0,mean_hidden_leakage_run_steps,1.0556521739130436,,,whole_seed_trajectory_cluster,b623edbc47843f0554b5a4e170971c2de85a3e161bc35bc96391655f77e01f84,T5.2.3
seed_metric,higher_reset_failure,202607162306,0.0,p95_hidden_leakage_run_steps,2.0,,,whole_seed_trajectory_cluster,b623edbc47843f0554b5a4e170971c2de85a3e161bc35bc96391655f77e01f84,T5.2.3
seed_metric,higher_reset_failure,202607162306,0.0,mean_short_lag_correlation,0.00025621000568462176,,,whole_seed_trajectory_cluster,b623edbc47843f0554b5a4e170971c2de85a3e161bc35bc96391655f77e01f84,T5.2.3
seed_metric,higher_reset_failure,202607162306,0.0,mean_long_lag_correlation,0.0002803221060806482,,,whole_seed_trajectory_cluster,b623edbc47843f0554b5a4e170971c2de85a3e161bc35bc96391655f77e01f84,T5.2.3
seed_metric,higher_reset_failure,202607162306,0.0,mean_long_lag_covariance,6.72031860383393e-07,,,whole_seed_trajectory_cluster,b623edbc47843f0554b5a4e170971c2de85a3e161bc35bc96391655f77e01f84,T5.2.3
channel_intervention,higher_reset_failure,202607162306,0.25,channel_spec_sha256,99fbf532b4c3767d8333db264f4f09522fd4fd1cc7eb9e7334903ec07c9cad2b,,,exactly_one_physical_channel_changes,f9a45d8aeeb0c9299aa9075fc13eea4f25bb9add7240939c1b5128cfedae2472,T5.2.3
seed_metric,higher_reset_failure,202607162306,0.25,injection_episode_rate_per_1000_cycles,4.38690185546875,,,whole_seed_trajectory_cluster,f9a45d8aeeb0c9299aa9075fc13eea4f25bb9add7240939c1b5128cfedae2472,T5.2.3
seed_metric,higher_reset_failure,202607162306,0.25,empirical_higher_injection_probability,0.0022012686964278196,,,whole_seed_trajectory_cluster,f9a45d8aeeb0c9299aa9075fc13eea4f25bb9add7240939c1b5128cfedae2472,T5.2.3
seed_metric,higher_reset_failure,202607162306,0.25,detection_probability,1.0,,,whole_seed_trajectory_cluster,f9a45d8aeeb0c9299aa9075fc13eea4f25bb9add7240939c1b5128cfedae2472,T5.2.3
seed_metric,higher_reset_failure,202607162306,0.25,mean_detection_delay_steps,0.05565217391304348,,,whole_seed_trajectory_cluster,f9a45d8aeeb0c9299aa9075fc13eea4f25bb9add7240939c1b5128cfedae2472,T5.2.3
seed_metric,higher_reset_failure,202607162306,0.25,p95_detection_delay_steps,1.0,,,whole_seed_trajectory_cluster,f9a45d8aeeb0c9299aa9075fc13eea4f25bb9add7240939c1b5128cfedae2472,T5.2.3
seed_metric,higher_reset_failure,202607162306,0.25,false_alarm_rate_per_healthy_step,0.00020663924232277816,,,whole_seed_trajectory_cluster,f9a45d8aeeb0c9299aa9075fc13eea4f25bb9add7240939c1b5128cfedae2472,T5.2.3
seed_metric,higher_reset_failure,202607162306,0.25,false_negative_rate_per_leakage_step,0.05372405372405373,,,whole_seed_trajectory_cluster,f9a45d8aeeb0c9299aa9075fc13eea4f25bb9add7240939c1b5128cfedae2472,T5.2.3
seed_metric,higher_reset_failure,202607162306,0.25,hidden_leakage_occupancy,0.003124237060546875,,,whole_seed_trajectory_cluster,f9a45d8aeeb0c9299aa9075fc13eea4f25bb9add7240939c1b5128cfedae2472,T5.2.3
seed_metric,higher_reset_failure,202607162306,0.25,observed_leakage_alarm_rate,0.003162384033203125,,,whole_seed_trajectory_cluster,f9a45d8aeeb0c9299aa9075fc13eea4f25bb9add7240939c1b5128cfedae2472,T5.2.3
seed_metric,higher_reset_failure,202607162306,0.25,declared_normal_action_availability,0.9968376159667969,,,whole_seed_trajectory_cluster,f9a45d8aeeb0c9299aa9075fc13eea4f25bb9add7240939c1b5128cfedae2472,T5.2.3
seed_metric,higher_reset_failure,202607162306,0.25,safe_normal_action_availability,0.9966697692871094,,,whole_seed_trajectory_cluster,f9a45d8aeeb0c9299aa9075fc13eea4f25bb9add7240939c1b5128cfedae2472,T5.2.3
seed_metric,higher_reset_failure,202607162306,0.25,unsafe_declared_available_fraction,0.0001678466796875,,,whole_seed_trajectory_cluster,f9a45d8aeeb0c9299aa9075fc13eea4f25bb9add7240939c1b5128cfedae2472,T5.2.3
seed_metric,higher_reset_failure,202607162306,0.25,reset_requests_per_1000_cycles,6.32476806640625,,,whole_seed_trajectory_cluster,f9a45d8aeeb0c9299aa9075fc13eea4f25bb9add7240939c1b5128cfedae2472,T5.2.3
seed_metric,higher_reset_failure,202607162306,0.25,reset_attempts_per_1000_cycles,5.91278076171875,,,whole_seed_trajectory_cluster,f9a45d8aeeb0c9299aa9075fc13eea4f25bb9add7240939c1b5128cfedae2472,T5.2.3
seed_metric,higher_reset_failure,202607162306,0.25,empirical_reset_failure_probability,0.26064516129032256,,,whole_seed_trajectory_cluster,f9a45d8aeeb0c9299aa9075fc13eea4f25bb9add7240939c1b5128cfedae2472,T5.2.3
seed_metric,higher_reset_failure,202607162306,0.25,reset_failures_per_1000_cycles,1.5411376953125,,,whole_seed_trajectory_cluster,f9a45d8aeeb0c9299aa9075fc13eea4f25bb9add7240939c1b5128cfedae2472,T5.2.3
seed_metric,higher_reset_failure,202607162306,0.25,successful_resets_per_1000_cycles,4.37164306640625,,,whole_seed_trajectory_cluster,f9a45d8aeeb0c9299aa9075fc13eea4f25bb9add7240939c1b5128cfedae2472,T5.2.3
seed_metric,higher_reset_failure,202607162306,0.25,mean_hidden_leakage_run_steps,1.4243478260869564,,,whole_seed_trajectory_cluster,f9a45d8aeeb0c9299aa9075fc13eea4f25bb9add7240939c1b5128cfedae2472,T5.2.3
seed_metric,higher_reset_failure,202607162306,0.25,p95_hidden_leakage_run_steps,3.0,,,whole_seed_trajectory_cluster,f9a45d8aeeb0c9299aa9075fc13eea4f25bb9add7240939c1b5128cfedae2472,T5.2.3
seed_metric,higher_reset_failure,202607162306,0.25,mean_short_lag_correlation,0.10029667870551122,,,whole_seed_trajectory_cluster,f9a45d8aeeb0c9299aa9075fc13eea4f25bb9add7240939c1b5128cfedae2472,T5.2.3
seed_metric,higher_reset_failure,202607162306,0.25,mean_long_lag_correlation,-0.0007271580639413544,,,whole_seed_trajectory_cluster,f9a45d8aeeb0c9299aa9075fc13eea4f25bb9add7240939c1b5128cfedae2472,T5.2.3
seed_metric,higher_reset_failure,202607162306,0.25,mean_long_lag_covariance,-2.299921533041848e-06,,,whole_seed_trajectory_cluster,f9a45d8aeeb0c9299aa9075fc13eea4f25bb9add7240939c1b5128cfedae2472,T5.2.3
channel_intervention,higher_reset_failure,202607162306,0.5,channel_spec_sha256,216b0d81015cba96acf57797a78eaf17baf132ba9047244cb5c9e369748a693b,,,exactly_one_physical_channel_changes,9f456ea7033e50809a683bf1f1767d0544bf5fb84c336ac4a577c2a4db9870ea,T5.2.3
seed_metric,higher_reset_failure,202607162306,0.5,injection_episode_rate_per_1000_cycles,4.38690185546875,,,whole_seed_trajectory_cluster,9f456ea7033e50809a683bf1f1767d0544bf5fb84c336ac4a577c2a4db9870ea,T5.2.3
seed_metric,higher_reset_failure,202607162306,0.5,empirical_higher_injection_probability,0.0022048391426051613,,,whole_seed_trajectory_cluster,9f456ea7033e50809a683bf1f1767d0544bf5fb84c336ac4a577c2a4db9870ea,T5.2.3
seed_metric,higher_reset_failure,202607162306,0.5,detection_probability,1.0,,,whole_seed_trajectory_cluster,9f456ea7033e50809a683bf1f1767d0544bf5fb84c336ac4a577c2a4db9870ea,T5.2.3
seed_metric,higher_reset_failure,202607162306,0.5,mean_detection_delay_steps,0.05565217391304348,,,whole_seed_trajectory_cluster,9f456ea7033e50809a683bf1f1767d0544bf5fb84c336ac4a577c2a4db9870ea,T5.2.3
seed_metric,higher_reset_failure,202607162306,0.5,p95_detection_delay_steps,1.0,,,whole_seed_trajectory_cluster,9f456ea7033e50809a683bf1f1767d0544bf5fb84c336ac4a577c2a4db9870ea,T5.2.3
seed_metric,higher_reset_failure,202607162306,0.5,false_alarm_rate_per_healthy_step,0.00020697664613509442,,,whole_seed_trajectory_cluster,9f456ea7033e50809a683bf1f1767d0544bf5fb84c336ac4a577c2a4db9870ea,T5.2.3
seed_metric,higher_reset_failure,202607162306,0.5,false_negative_rate_per_leakage_step,0.04979919678714859,,,whole_seed_trajectory_cluster,9f456ea7033e50809a683bf1f1767d0544bf5fb84c336ac4a577c2a4db9870ea,T5.2.3
seed_metric,higher_reset_failure,202607162306,0.5,hidden_leakage_occupancy,0.004749298095703125,,,whole_seed_trajectory_cluster,9f456ea7033e50809a683bf1f1767d0544bf5fb84c336ac4a577c2a4db9870ea,T5.2.3
seed_metric,higher_reset_failure,202607162306,0.5,observed_leakage_alarm_rate,0.004718780517578125,,,whole_seed_trajectory_cluster,9f456ea7033e50809a683bf1f1767d0544bf5fb84c336ac4a577c2a4db9870ea,T5.2.3
seed_metric,higher_reset_failure,202607162306,0.5,declared_normal_action_availability,0.9952812194824219,,,whole_seed_trajectory_cluster,9f456ea7033e50809a683bf1f1767d0544bf5fb84c336ac4a577c2a4db9870ea,T5.2.3
seed_metric,higher_reset_failure,202607162306,0.5,safe_normal_action_availability,0.9950447082519531,,,whole_seed_trajectory_cluster,9f456ea7033e50809a683bf1f1767d0544bf5fb84c336ac4a577c2a4db9870ea,T5.2.3
seed_metric,higher_reset_failure,202607162306,0.5,unsafe_declared_available_fraction,0.00023651123046875,,,whole_seed_trajectory_cluster,9f456ea7033e50809a683bf1f1767d0544bf5fb84c336ac4a577c2a4db9870ea,T5.2.3
seed_metric,higher_reset_failure,202607162306,0.5,reset_requests_per_1000_cycles,9.43756103515625,,,whole_seed_trajectory_cluster,9f456ea7033e50809a683bf1f1767d0544bf5fb84c336ac4a577c2a4db9870ea,T5.2.3
seed_metric,higher_reset_failure,202607162306,0.5,reset_attempts_per_1000_cycles,9.02557373046875,,,whole_seed_trajectory_cluster,9f456ea7033e50809a683bf1f1767d0544bf5fb84c336ac4a577c2a4db9870ea,T5.2.3
seed_metric,higher_reset_failure,202607162306,0.5,empirical_reset_failure_probability,0.5156382079459002,,,whole_seed_trajectory_cluster,9f456ea7033e50809a683bf1f1767d0544bf5fb84c336ac4a577c2a4db9870ea,T5.2.3
seed_metric,higher_reset_failure,202607162306,0.5,reset_failures_per_1000_cycles,4.6539306640625,,,whole_seed_trajectory_cluster,9f456ea7033e50809a683bf1f1767d0544bf5fb84c336ac4a577c2a4db9870ea,T5.2.3
seed_metric,higher_reset_failure,202607162306,0.5,successful_resets_per_1000_cycles,4.37164306640625,,,whole_seed_trajectory_cluster,9f456ea7033e50809a683bf1f1767d0544bf5fb84c336ac4a577c2a4db9870ea,T5.2.3
seed_metric,higher_reset_failure,202607162306,0.5,mean_hidden_leakage_run_steps,2.1652173913043478,,,whole_seed_trajectory_cluster,9f456ea7033e50809a683bf1f1767d0544bf5fb84c336ac4a577c2a4db9870ea,T5.2.3
seed_metric,higher_reset_failure,202607162306,0.5,p95_hidden_leakage_run_steps,5.0,,,whole_seed_trajectory_cluster,9f456ea7033e50809a683bf1f1767d0544bf5fb84c336ac4a577c2a4db9870ea,T5.2.3
seed_metric,higher_reset_failure,202607162306,0.5,mean_short_lag_correlation,0.26260153843145145,,,whole_seed_trajectory_cluster,9f456ea7033e50809a683bf1f1767d0544bf5fb84c336ac4a577c2a4db9870ea,T5.2.3
seed_metric,higher_reset_failure,202607162306,0.5,mean_long_lag_correlation,0.0007153349331975624,,,whole_seed_trajectory_cluster,9f456ea7033e50809a683bf1f1767d0544bf5fb84c336ac4a577c2a4db9870ea,T5.2.3
seed_metric,higher_reset_failure,202607162306,0.5,mean_long_lag_covariance,3.3593332899836125e-06,,,whole_seed_trajectory_cluster,9f456ea7033e50809a683bf1f1767d0544bf5fb84c336ac4a577c2a4db9870ea,T5.2.3
channel_intervention,higher_reset_failure,202607162306,0.75,channel_spec_sha256,5efec1bb0445b5e85f1ef228b6ded6c3b6d738548ee66f388dacb066e11abace,,,exactly_one_physical_channel_changes,d3b563c25613b85ec05b0675f2e53a45359dd53f2950977f1835779018081d8b,T5.2.3
seed_metric,higher_reset_failure,202607162306,0.75,injection_episode_rate_per_1000_cycles,4.3792724609375,,,whole_seed_trajectory_cluster,d3b563c25613b85ec05b0675f2e53a45359dd53f2950977f1835779018081d8b,T5.2.3
seed_metric,higher_reset_failure,202607162306,0.75,empirical_higher_injection_probability,0.002212704935411374,,,whole_seed_trajectory_cluster,d3b563c25613b85ec05b0675f2e53a45359dd53f2950977f1835779018081d8b,T5.2.3
seed_metric,higher_reset_failure,202607162306,0.75,detection_probability,1.0,,,whole_seed_trajectory_cluster,d3b563c25613b85ec05b0675f2e53a45359dd53f2950977f1835779018081d8b,T5.2.3
seed_metric,higher_reset_failure,202607162306,0.75,mean_detection_delay_steps,0.05574912891986063,,,whole_seed_trajectory_cluster,d3b563c25613b85ec05b0675f2e53a45359dd53f2950977f1835779018081d8b,T5.2.3
seed_metric,higher_reset_failure,202607162306,0.75,p95_detection_delay_steps,1.0,,,whole_seed_trajectory_cluster,d3b563c25613b85ec05b0675f2e53a45359dd53f2950977f1835779018081d8b,T5.2.3
seed_metric,higher_reset_failure,202607162306,0.75,false_alarm_rate_per_healthy_step,0.00020422396818730036,,,whole_seed_trajectory_cluster,d3b563c25613b85ec05b0675f2e53a45359dd53f2950977f1835779018081d8b,T5.2.3
seed_metric,higher_reset_failure,202607162306,0.75,false_negative_rate_per_leakage_step,0.05180952380952381,,,whole_seed_trajectory_cluster,d3b563c25613b85ec05b0675f2e53a45359dd53f2950977f1835779018081d8b,T5.2.3
seed_metric,higher_reset_failure,202607162306,0.75,hidden_leakage_occupancy,0.010013580322265625,,,whole_seed_trajectory_cluster,d3b563c25613b85ec05b0675f2e53a45359dd53f2950977f1835779018081d8b,T5.2.3
seed_metric,higher_reset_failure,202607162306,0.75,observed_leakage_alarm_rate,0.00969696044921875,,,whole_seed_trajectory_cluster,d3b563c25613b85ec05b0675f2e53a45359dd53f2950977f1835779018081d8b,T5.2.3
seed_metric,higher_reset_failure,202607162306,0.75,declared_normal_action_availability,0.9903030395507812,,,whole_seed_trajectory_cluster,d3b563c25613b85ec05b0675f2e53a45359dd53f2950977f1835779018081d8b,T5.2.3
seed_metric,higher_reset_failure,202607162306,0.75,safe_normal_action_availability,0.9897842407226562,,,whole_seed_trajectory_cluster,d3b563c25613b85ec05b0675f2e53a45359dd53f2950977f1835779018081d8b,T5.2.3
seed_metric,higher_reset_failure,202607162306,0.75,unsafe_declared_available_fraction,0.000518798828125,,,whole_seed_trajectory_cluster,d3b563c25613b85ec05b0675f2e53a45359dd53f2950977f1835779018081d8b,T5.2.3
seed_metric,higher_reset_failure,202607162306,0.75,reset_requests_per_1000_cycles,19.3939208984375,,,whole_seed_trajectory_cluster,d3b563c25613b85ec05b0675f2e53a45359dd53f2950977f1835779018081d8b,T5.2.3
seed_metric,higher_reset_failure,202607162306,0.75,reset_attempts_per_1000_cycles,18.98956298828125,,,whole_seed_trajectory_cluster,d3b563c25613b85ec05b0675f2e53a45359dd53f2950977f1835779018081d8b,T5.2.3
seed_metric,higher_reset_failure,202607162306,0.75,empirical_reset_failure_probability,0.7709923664122137,,,whole_seed_trajectory_cluster,d3b563c25613b85ec05b0675f2e53a45359dd53f2950977f1835779018081d8b,T5.2.3
seed_metric,higher_reset_failure,202607162306,0.75,reset_failures_per_1000_cycles,14.64080810546875,,,whole_seed_trajectory_cluster,d3b563c25613b85ec05b0675f2e53a45359dd53f2950977f1835779018081d8b,T5.2.3
seed_metric,higher_reset_failure,202607162306,0.75,successful_resets_per_1000_cycles,4.3487548828125,,,whole_seed_trajectory_cluster,d3b563c25613b85ec05b0675f2e53a45359dd53f2950977f1835779018081d8b,T5.2.3
seed_metric,higher_reset_failure,202607162306,0.75,mean_hidden_leakage_run_steps,4.565217391304348,,,whole_seed_trajectory_cluster,d3b563c25613b85ec05b0675f2e53a45359dd53f2950977f1835779018081d8b,T5.2.3
seed_metric,higher_reset_failure,202607162306,0.75,p95_hidden_leakage_run_steps,12.0,,,whole_seed_trajectory_cluster,d3b563c25613b85ec05b0675f2e53a45359dd53f2950977f1835779018081d8b,T5.2.3
seed_metric,higher_reset_failure,202607162306,0.75,mean_short_lag_correlation,0.5309919341682194,,,whole_seed_trajectory_cluster,d3b563c25613b85ec05b0675f2e53a45359dd53f2950977f1835779018081d8b,T5.2.3
seed_metric,higher_reset_failure,202607162306,0.75,mean_long_lag_correlation,0.04092472185901178,,,whole_seed_trajectory_cluster,d3b563c25613b85ec05b0675f2e53a45359dd53f2950977f1835779018081d8b,T5.2.3
seed_metric,higher_reset_failure,202607162306,0.75,mean_long_lag_covariance,0.0003933952370666111,,,whole_seed_trajectory_cluster,d3b563c25613b85ec05b0675f2e53a45359dd53f2950977f1835779018081d8b,T5.2.3
channel_intervention,higher_reset_failure,202607162306,0.9,channel_spec_sha256,b62f0be1c6dc40126e43514eced439c41a409661418340e8b46af9f09aec8817,,,exactly_one_physical_channel_changes,47876b185ea9da235f297721397debd6cd061bff731270d5ea1a10ec3aeac222,T5.2.3
seed_metric,higher_reset_failure,202607162306,0.9,injection_episode_rate_per_1000_cycles,4.35638427734375,,,whole_seed_trajectory_cluster,47876b185ea9da235f297721397debd6cd061bff731270d5ea1a10ec3aeac222,T5.2.3
seed_metric,higher_reset_failure,202607162306,0.9,empirical_higher_injection_probability,0.0022308608935164382,,,whole_seed_trajectory_cluster,47876b185ea9da235f297721397debd6cd061bff731270d5ea1a10ec3aeac222,T5.2.3
seed_metric,higher_reset_failure,202607162306,0.9,detection_probability,1.0,,,whole_seed_trajectory_cluster,47876b185ea9da235f297721397debd6cd061bff731270d5ea1a10ec3aeac222,T5.2.3
seed_metric,higher_reset_failure,202607162306,0.9,mean_detection_delay_steps,0.05604203152364273,,,whole_seed_trajectory_cluster,47876b185ea9da235f297721397debd6cd061bff731270d5ea1a10ec3aeac222,T5.2.3
seed_metric,higher_reset_failure,202607162306,0.9,p95_detection_delay_steps,1.0,,,whole_seed_trajectory_cluster,47876b185ea9da235f297721397debd6cd061bff731270d5ea1a10ec3aeac222,T5.2.3
seed_metric,higher_reset_failure,202607162306,0.9,false_alarm_rate_per_healthy_step,0.0002030781968218262,,,whole_seed_trajectory_cluster,47876b185ea9da235f297721397debd6cd061bff731270d5ea1a10ec3aeac222,T5.2.3
seed_metric,higher_reset_failure,202607162306,0.9,false_negative_rate_per_leakage_step,0.048808545603944126,,,whole_seed_trajectory_cluster,47876b185ea9da235f297721397debd6cd061bff731270d5ea1a10ec3aeac222,T5.2.3
seed_metric,higher_reset_failure,202607162306,0.9,hidden_leakage_occupancy,0.023212432861328125,,,whole_seed_trajectory_cluster,47876b185ea9da235f297721397debd6cd061bff731270d5ea1a10ec3aeac222,T5.2.3
seed_metric,higher_reset_failure,202607162306,0.9,observed_leakage_alarm_rate,0.02227783203125,,,whole_seed_trajectory_cluster,47876b185ea9da235f297721397debd6cd061bff731270d5ea1a10ec3aeac222,T5.2.3
seed_metric,higher_reset_failure,202607162306,0.9,declared_normal_action_availability,0.97772216796875,,,whole_seed_trajectory_cluster,47876b185ea9da235f297721397debd6cd061bff731270d5ea1a10ec3aeac222,T5.2.3
seed_metric,higher_reset_failure,202607162306,0.9,safe_normal_action_availability,0.9765892028808594,,,whole_seed_trajectory_cluster,47876b185ea9da235f297721397debd6cd061bff731270d5ea1a10ec3aeac222,T5.2.3
seed_metric,higher_reset_failure,202607162306,0.9,unsafe_declared_available_fraction,0.001132965087890625,,,whole_seed_trajectory_cluster,47876b185ea9da235f297721397debd6cd061bff731270d5ea1a10ec3aeac222,T5.2.3
seed_metric,higher_reset_failure,202607162306,0.9,reset_requests_per_1000_cycles,44.5556640625,,,whole_seed_trajectory_cluster,47876b185ea9da235f297721397debd6cd061bff731270d5ea1a10ec3aeac222,T5.2.3
seed_metric,higher_reset_failure,202607162306,0.9,reset_attempts_per_1000_cycles,44.158935546875,,,whole_seed_trajectory_cluster,47876b185ea9da235f297721397debd6cd061bff731270d5ea1a10ec3aeac222,T5.2.3
seed_metric,higher_reset_failure,202607162306,0.9,empirical_reset_failure_probability,0.9020387007601935,,,whole_seed_trajectory_cluster,47876b185ea9da235f297721397debd6cd061bff731270d5ea1a10ec3aeac222,T5.2.3
seed_metric,higher_reset_failure,202607162306,0.9,reset_failures_per_1000_cycles,39.83306884765625,,,whole_seed_trajectory_cluster,47876b185ea9da235f297721397debd6cd061bff731270d5ea1a10ec3aeac222,T5.2.3
seed_metric,higher_reset_failure,202607162306,0.9,successful_resets_per_1000_cycles,4.32586669921875,,,whole_seed_trajectory_cluster,47876b185ea9da235f297721397debd6cd061bff731270d5ea1a10ec3aeac222,T5.2.3
seed_metric,higher_reset_failure,202607162306,0.9,mean_hidden_leakage_run_steps,10.601045296167248,,,whole_seed_trajectory_cluster,47876b185ea9da235f297721397debd6cd061bff731270d5ea1a10ec3aeac222,T5.2.3
seed_metric,higher_reset_failure,202607162306,0.9,p95_hidden_leakage_run_steps,30.0,,,whole_seed_trajectory_cluster,47876b185ea9da235f297721397debd6cd061bff731270d5ea1a10ec3aeac222,T5.2.3
seed_metric,higher_reset_failure,202607162306,0.9,mean_short_lag_correlation,0.7436176717241479,,,whole_seed_trajectory_cluster,47876b185ea9da235f297721397debd6cd061bff731270d5ea1a10ec3aeac222,T5.2.3
seed_metric,higher_reset_failure,202607162306,0.9,mean_long_lag_correlation,0.2139439843556309,,,whole_seed_trajectory_cluster,47876b185ea9da235f297721397debd6cd061bff731270d5ea1a10ec3aeac222,T5.2.3
seed_metric,higher_reset_failure,202607162306,0.9,mean_long_lag_covariance,0.004678543216095481,,,whole_seed_trajectory_cluster,47876b185ea9da235f297721397debd6cd061bff731270d5ea1a10ec3aeac222,T5.2.3
channel_intervention,higher_reset_failure,202607162306,0.95,channel_spec_sha256,04856ab78be982625a78458bbd09150a9ffa8be88305f6b5c8092edc5aa9714d,,,exactly_one_physical_channel_changes,73558c7ba79629313e7f8575c222e4938d915f73918ec13af3541c4ac884ea9a,T5.2.3
seed_metric,higher_reset_failure,202607162306,0.95,injection_episode_rate_per_1000_cycles,4.2877197265625,,,whole_seed_trajectory_cluster,73558c7ba79629313e7f8575c222e4938d915f73918ec13af3541c4ac884ea9a,T5.2.3
seed_metric,higher_reset_failure,202607162306,0.95,empirical_higher_injection_probability,0.002240972310833227,,,whole_seed_trajectory_cluster,73558c7ba79629313e7f8575c222e4938d915f73918ec13af3541c4ac884ea9a,T5.2.3
seed_metric,higher_reset_failure,202607162306,0.95,detection_probability,1.0,,,whole_seed_trajectory_cluster,73558c7ba79629313e7f8575c222e4938d915f73918ec13af3541c4ac884ea9a,T5.2.3
seed_metric,higher_reset_failure,202607162306,0.95,mean_detection_delay_steps,0.05516014234875445,,,whole_seed_trajectory_cluster,73558c7ba79629313e7f8575c222e4938d915f73918ec13af3541c4ac884ea9a,T5.2.3
seed_metric,higher_reset_failure,202607162306,0.95,p95_detection_delay_steps,1.0,,,whole_seed_trajectory_cluster,73558c7ba79629313e7f8575c222e4938d915f73918ec13af3541c4ac884ea9a,T5.2.3
seed_metric,higher_reset_failure,202607162306,0.95,false_alarm_rate_per_healthy_step,0.00020327633624297502,,,whole_seed_trajectory_cluster,73558c7ba79629313e7f8575c222e4938d915f73918ec13af3541c4ac884ea9a,T5.2.3
seed_metric,higher_reset_failure,202607162306,0.95,false_negative_rate_per_leakage_step,0.0487826550559801,,,whole_seed_trajectory_cluster,73558c7ba79629313e7f8575c222e4938d915f73918ec13af3541c4ac884ea9a,T5.2.3
seed_metric,higher_reset_failure,202607162306,0.95,hidden_leakage_occupancy,0.04293060302734375,,,whole_seed_trajectory_cluster,73558c7ba79629313e7f8575c222e4938d915f73918ec13af3541c4ac884ea9a,T5.2.3
seed_metric,higher_reset_failure,202607162306,0.95,observed_leakage_alarm_rate,0.0410308837890625,,,whole_seed_trajectory_cluster,73558c7ba79629313e7f8575c222e4938d915f73918ec13af3541c4ac884ea9a,T5.2.3
seed_metric,higher_reset_failure,202607162306,0.95,declared_normal_action_availability,0.9589691162109375,,,whole_seed_trajectory_cluster,73558c7ba79629313e7f8575c222e4938d915f73918ec13af3541c4ac884ea9a,T5.2.3
seed_metric,higher_reset_failure,202607162306,0.95,safe_normal_action_availability,0.9568748474121094,,,whole_seed_trajectory_cluster,73558c7ba79629313e7f8575c222e4938d915f73918ec13af3541c4ac884ea9a,T5.2.3
seed_metric,higher_reset_failure,202607162306,0.95,unsafe_declared_available_fraction,0.002094268798828125,,,whole_seed_trajectory_cluster,73558c7ba79629313e7f8575c222e4938d915f73918ec13af3541c4ac884ea9a,T5.2.3
seed_metric,higher_reset_failure,202607162306,0.95,reset_requests_per_1000_cycles,82.061767578125,,,whole_seed_trajectory_cluster,73558c7ba79629313e7f8575c222e4938d915f73918ec13af3541c4ac884ea9a,T5.2.3
seed_metric,higher_reset_failure,202607162306,0.95,reset_attempts_per_1000_cycles,81.67266845703125,,,whole_seed_trajectory_cluster,73558c7ba79629313e7f8575c222e4938d915f73918ec13af3541c4ac884ea9a,T5.2.3
seed_metric,higher_reset_failure,202607162306,0.95,empirical_reset_failure_probability,0.9483418963101354,,,whole_seed_trajectory_cluster,73558c7ba79629313e7f8575c222e4938d915f73918ec13af3541c4ac884ea9a,T5.2.3
seed_metric,higher_reset_failure,202607162306,0.95,reset_failures_per_1000_cycles,77.45361328125,,,whole_seed_trajectory_cluster,73558c7ba79629313e7f8575c222e4938d915f73918ec13af3541c4ac884ea9a,T5.2.3
seed_metric,higher_reset_failure,202607162306,0.95,successful_resets_per_1000_cycles,4.21905517578125,,,whole_seed_trajectory_cluster,73558c7ba79629313e7f8575c222e4938d915f73918ec13af3541c4ac884ea9a,T5.2.3
seed_metric,higher_reset_failure,202607162306,0.95,mean_hidden_leakage_run_steps,19.84832451499118,,,whole_seed_trajectory_cluster,73558c7ba79629313e7f8575c222e4938d915f73918ec13af3541c4ac884ea9a,T5.2.3
seed_metric,higher_reset_failure,202607162306,0.95,p95_hidden_leakage_run_steps,53.69999999999993,,,whole_seed_trajectory_cluster,73558c7ba79629313e7f8575c222e4938d915f73918ec13af3541c4ac884ea9a,T5.2.3
seed_metric,higher_reset_failure,202607162306,0.95,mean_short_lag_correlation,0.8326423913528194,,,whole_seed_trajectory_cluster,73558c7ba79629313e7f8575c222e4938d915f73918ec13af3541c4ac884ea9a,T5.2.3
seed_metric,higher_reset_failure,202607162306,0.95,mean_long_lag_correlation,0.38198723655086103,,,whole_seed_trajectory_cluster,73558c7ba79629313e7f8575c222e4938d915f73918ec13af3541c4ac884ea9a,T5.2.3
seed_metric,higher_reset_failure,202607162306,0.95,mean_long_lag_covariance,0.015052784654439889,,,whole_seed_trajectory_cluster,73558c7ba79629313e7f8575c222e4938d915f73918ec13af3541c4ac884ea9a,T5.2.3
channel_intervention,higher_reset_failure,202607162307,0.0,channel_spec_sha256,e7450006c0b2028832e0ca3d8006e4749ce95f8e750b07c44b03620c3a4d5403,,,exactly_one_physical_channel_changes,8be0185f4742c9a7dfe3953c62e2462cb665855e7d1e866a9b8436985d82eee2,T5.2.3
seed_metric,higher_reset_failure,202607162307,0.0,injection_episode_rate_per_1000_cycles,4.06646728515625,,,whole_seed_trajectory_cluster,8be0185f4742c9a7dfe3953c62e2462cb665855e7d1e866a9b8436985d82eee2,T5.2.3
seed_metric,higher_reset_failure,202607162307,0.0,empirical_higher_injection_probability,0.00203905186001316,,,whole_seed_trajectory_cluster,8be0185f4742c9a7dfe3953c62e2462cb665855e7d1e866a9b8436985d82eee2,T5.2.3
seed_metric,higher_reset_failure,202607162307,0.0,detection_probability,1.0,,,whole_seed_trajectory_cluster,8be0185f4742c9a7dfe3953c62e2462cb665855e7d1e866a9b8436985d82eee2,T5.2.3
seed_metric,higher_reset_failure,202607162307,0.0,mean_detection_delay_steps,0.06191369606003752,,,whole_seed_trajectory_cluster,8be0185f4742c9a7dfe3953c62e2462cb665855e7d1e866a9b8436985d82eee2,T5.2.3
seed_metric,higher_reset_failure,202607162307,0.0,p95_detection_delay_steps,1.0,,,whole_seed_trajectory_cluster,8be0185f4742c9a7dfe3953c62e2462cb665855e7d1e866a9b8436985d82eee2,T5.2.3
seed_metric,higher_reset_failure,202607162307,0.0,false_alarm_rate_per_healthy_step,0.00017585576768688497,,,whole_seed_trajectory_cluster,8be0185f4742c9a7dfe3953c62e2462cb665855e7d1e866a9b8436985d82eee2,T5.2.3
seed_metric,higher_reset_failure,202607162307,0.0,false_negative_rate_per_leakage_step,0.05830388692579505,,,whole_seed_trajectory_cluster,8be0185f4742c9a7dfe3953c62e2462cb665855e7d1e866a9b8436985d82eee2,T5.2.3
seed_metric,higher_reset_failure,202607162307,0.0,hidden_leakage_occupancy,0.00215911865234375,,,whole_seed_trajectory_cluster,8be0185f4742c9a7dfe3953c62e2462cb665855e7d1e866a9b8436985d82eee2,T5.2.3
seed_metric,higher_reset_failure,202607162307,0.0,observed_leakage_alarm_rate,0.002208709716796875,,,whole_seed_trajectory_cluster,8be0185f4742c9a7dfe3953c62e2462cb665855e7d1e866a9b8436985d82eee2,T5.2.3
seed_metric,higher_reset_failure,202607162307,0.0,declared_normal_action_availability,0.9977912902832031,,,whole_seed_trajectory_cluster,8be0185f4742c9a7dfe3953c62e2462cb665855e7d1e866a9b8436985d82eee2,T5.2.3
seed_metric,higher_reset_failure,202607162307,0.0,safe_normal_action_availability,0.9976654052734375,,,whole_seed_trajectory_cluster,8be0185f4742c9a7dfe3953c62e2462cb665855e7d1e866a9b8436985d82eee2,T5.2.3
seed_metric,higher_reset_failure,202607162307,0.0,unsafe_declared_available_fraction,0.000125885009765625,,,whole_seed_trajectory_cluster,8be0185f4742c9a7dfe3953c62e2462cb665855e7d1e866a9b8436985d82eee2,T5.2.3
seed_metric,higher_reset_failure,202607162307,0.0,reset_requests_per_1000_cycles,4.41741943359375,,,whole_seed_trajectory_cluster,8be0185f4742c9a7dfe3953c62e2462cb665855e7d1e866a9b8436985d82eee2,T5.2.3
seed_metric,higher_reset_failure,202607162307,0.0,reset_attempts_per_1000_cycles,4.06646728515625,,,whole_seed_trajectory_cluster,8be0185f4742c9a7dfe3953c62e2462cb665855e7d1e866a9b8436985d82eee2,T5.2.3
seed_metric,higher_reset_failure,202607162307,0.0,empirical_reset_failure_probability,0.0,,,whole_seed_trajectory_cluster,8be0185f4742c9a7dfe3953c62e2462cb665855e7d1e866a9b8436985d82eee2,T5.2.3
seed_metric,higher_reset_failure,202607162307,0.0,reset_failures_per_1000_cycles,0.0,,,whole_seed_trajectory_cluster,8be0185f4742c9a7dfe3953c62e2462cb665855e7d1e866a9b8436985d82eee2,T5.2.3
seed_metric,higher_reset_failure,202607162307,0.0,successful_resets_per_1000_cycles,4.06646728515625,,,whole_seed_trajectory_cluster,8be0185f4742c9a7dfe3953c62e2462cb665855e7d1e866a9b8436985d82eee2,T5.2.3
seed_metric,higher_reset_failure,202607162307,0.0,mean_hidden_leakage_run_steps,1.0679245283018868,,,whole_seed_trajectory_cluster,8be0185f4742c9a7dfe3953c62e2462cb665855e7d1e866a9b8436985d82eee2,T5.2.3
seed_metric,higher_reset_failure,202607162307,0.0,p95_hidden_leakage_run_steps,2.0,,,whole_seed_trajectory_cluster,8be0185f4742c9a7dfe3953c62e2462cb665855e7d1e866a9b8436985d82eee2,T5.2.3
seed_metric,higher_reset_failure,202607162307,0.0,mean_short_lag_correlation,0.000680917652383302,,,whole_seed_trajectory_cluster,8be0185f4742c9a7dfe3953c62e2462cb665855e7d1e866a9b8436985d82eee2,T5.2.3
seed_metric,higher_reset_failure,202607162307,0.0,mean_long_lag_correlation,-0.00047502583161995016,,,whole_seed_trajectory_cluster,8be0185f4742c9a7dfe3953c62e2462cb665855e7d1e866a9b8436985d82eee2,T5.2.3
seed_metric,higher_reset_failure,202607162307,0.0,mean_long_lag_covariance,-1.0470715849663758e-06,,,whole_seed_trajectory_cluster,8be0185f4742c9a7dfe3953c62e2462cb665855e7d1e866a9b8436985d82eee2,T5.2.3
channel_intervention,higher_reset_failure,202607162307,0.25,channel_spec_sha256,99fbf532b4c3767d8333db264f4f09522fd4fd1cc7eb9e7334903ec07c9cad2b,,,exactly_one_physical_channel_changes,e2ac4690659d7c86e8095808e30b682daefeeff4e2f3f2a0c7e37eb538efe8b6,T5.2.3
seed_metric,higher_reset_failure,202607162307,0.25,injection_episode_rate_per_1000_cycles,4.06646728515625,,,whole_seed_trajectory_cluster,e2ac4690659d7c86e8095808e30b682daefeeff4e2f3f2a0c7e37eb538efe8b6,T5.2.3
seed_metric,higher_reset_failure,202607162307,0.25,empirical_higher_injection_probability,0.002040371018309746,,,whole_seed_trajectory_cluster,e2ac4690659d7c86e8095808e30b682daefeeff4e2f3f2a0c7e37eb538efe8b6,T5.2.3
seed_metric,higher_reset_failure,202607162307,0.25,detection_probability,1.0,,,whole_seed_trajectory_cluster,e2ac4690659d7c86e8095808e30b682daefeeff4e2f3f2a0c7e37eb538efe8b6,T5.2.3
seed_metric,higher_reset_failure,202607162307,0.25,mean_detection_delay_steps,0.06191369606003752,,,whole_seed_trajectory_cluster,e2ac4690659d7c86e8095808e30b682daefeeff4e2f3f2a0c7e37eb538efe8b6,T5.2.3
seed_metric,higher_reset_failure,202607162307,0.25,p95_detection_delay_steps,1.0,,,whole_seed_trajectory_cluster,e2ac4690659d7c86e8095808e30b682daefeeff4e2f3f2a0c7e37eb538efe8b6,T5.2.3
seed_metric,higher_reset_failure,202607162307,0.25,false_alarm_rate_per_healthy_step,0.00017596945782279876,,,whole_seed_trajectory_cluster,e2ac4690659d7c86e8095808e30b682daefeeff4e2f3f2a0c7e37eb538efe8b6,T5.2.3
seed_metric,higher_reset_failure,202607162307,0.25,false_negative_rate_per_leakage_step,0.058503401360544216,,,whole_seed_trajectory_cluster,e2ac4690659d7c86e8095808e30b682daefeeff4e2f3f2a0c7e37eb538efe8b6,T5.2.3
seed_metric,higher_reset_failure,202607162307,0.25,hidden_leakage_occupancy,0.002803802490234375,,,whole_seed_trajectory_cluster,e2ac4690659d7c86e8095808e30b682daefeeff4e2f3f2a0c7e37eb538efe8b6,T5.2.3
seed_metric,higher_reset_failure,202607162307,0.25,observed_leakage_alarm_rate,0.00281524658203125,,,whole_seed_trajectory_cluster,e2ac4690659d7c86e8095808e30b682daefeeff4e2f3f2a0c7e37eb538efe8b6,T5.2.3
seed_metric,higher_reset_failure,202607162307,0.25,declared_normal_action_availability,0.9971847534179688,,,whole_seed_trajectory_cluster,e2ac4690659d7c86e8095808e30b682daefeeff4e2f3f2a0c7e37eb538efe8b6,T5.2.3
seed_metric,higher_reset_failure,202607162307,0.25,safe_normal_action_availability,0.9970207214355469,,,whole_seed_trajectory_cluster,e2ac4690659d7c86e8095808e30b682daefeeff4e2f3f2a0c7e37eb538efe8b6,T5.2.3
seed_metric,higher_reset_failure,202607162307,0.25,unsafe_declared_available_fraction,0.000164031982421875,,,whole_seed_trajectory_cluster,e2ac4690659d7c86e8095808e30b682daefeeff4e2f3f2a0c7e37eb538efe8b6,T5.2.3
seed_metric,higher_reset_failure,202607162307,0.25,reset_requests_per_1000_cycles,5.6304931640625,,,whole_seed_trajectory_cluster,e2ac4690659d7c86e8095808e30b682daefeeff4e2f3f2a0c7e37eb538efe8b6,T5.2.3
seed_metric,higher_reset_failure,202607162307,0.25,reset_attempts_per_1000_cycles,5.279541015625,,,whole_seed_trajectory_cluster,e2ac4690659d7c86e8095808e30b682daefeeff4e2f3f2a0c7e37eb538efe8b6,T5.2.3
seed_metric,higher_reset_failure,202607162307,0.25,empirical_reset_failure_probability,0.22976878612716764,,,whole_seed_trajectory_cluster,e2ac4690659d7c86e8095808e30b682daefeeff4e2f3f2a0c7e37eb538efe8b6,T5.2.3
seed_metric,higher_reset_failure,202607162307,0.25,reset_failures_per_1000_cycles,1.21307373046875,,,whole_seed_trajectory_cluster,e2ac4690659d7c86e8095808e30b682daefeeff4e2f3f2a0c7e37eb538efe8b6,T5.2.3
seed_metric,higher_reset_failure,202607162307,0.25,successful_resets_per_1000_cycles,4.06646728515625,,,whole_seed_trajectory_cluster,e2ac4690659d7c86e8095808e30b682daefeeff4e2f3f2a0c7e37eb538efe8b6,T5.2.3
seed_metric,higher_reset_failure,202607162307,0.25,mean_hidden_leakage_run_steps,1.3867924528301887,,,whole_seed_trajectory_cluster,e2ac4690659d7c86e8095808e30b682daefeeff4e2f3f2a0c7e37eb538efe8b6,T5.2.3
seed_metric,higher_reset_failure,202607162307,0.25,p95_hidden_leakage_run_steps,3.0,,,whole_seed_trajectory_cluster,e2ac4690659d7c86e8095808e30b682daefeeff4e2f3f2a0c7e37eb538efe8b6,T5.2.3
seed_metric,higher_reset_failure,202607162307,0.25,mean_short_lag_correlation,0.09105979022887811,,,whole_seed_trajectory_cluster,e2ac4690659d7c86e8095808e30b682daefeeff4e2f3f2a0c7e37eb538efe8b6,T5.2.3
seed_metric,higher_reset_failure,202607162307,0.25,mean_long_lag_correlation,-9.993182388850221e-05,,,whole_seed_trajectory_cluster,e2ac4690659d7c86e8095808e30b682daefeeff4e2f3f2a0c7e37eb538efe8b6,T5.2.3
seed_metric,higher_reset_failure,202607162307,0.25,mean_long_lag_covariance,-2.956060472526316e-07,,,whole_seed_trajectory_cluster,e2ac4690659d7c86e8095808e30b682daefeeff4e2f3f2a0c7e37eb538efe8b6,T5.2.3
channel_intervention,higher_reset_failure,202607162307,0.5,channel_spec_sha256,216b0d81015cba96acf57797a78eaf17baf132ba9047244cb5c9e369748a693b,,,exactly_one_physical_channel_changes,b80b2aa4a7b1c20638417758a4a31d21e2ac30af71edafe34e1610c5a8519f6b,T5.2.3
seed_metric,higher_reset_failure,202607162307,0.5,injection_episode_rate_per_1000_cycles,4.058837890625,,,whole_seed_trajectory_cluster,b80b2aa4a7b1c20638417758a4a31d21e2ac30af71edafe34e1610c5a8519f6b,T5.2.3
seed_metric,higher_reset_failure,202607162307,0.5,empirical_higher_injection_probability,0.0020395566647881274,,,whole_seed_trajectory_cluster,b80b2aa4a7b1c20638417758a4a31d21e2ac30af71edafe34e1610c5a8519f6b,T5.2.3
seed_metric,higher_reset_failure,202607162307,0.5,detection_probability,1.0,,,whole_seed_trajectory_cluster,b80b2aa4a7b1c20638417758a4a31d21e2ac30af71edafe34e1610c5a8519f6b,T5.2.3
seed_metric,higher_reset_failure,202607162307,0.5,mean_detection_delay_steps,0.06203007518796992,,,whole_seed_trajectory_cluster,b80b2aa4a7b1c20638417758a4a31d21e2ac30af71edafe34e1610c5a8519f6b,T5.2.3
seed_metric,higher_reset_failure,202607162307,0.5,p95_detection_delay_steps,1.0,,,whole_seed_trajectory_cluster,b80b2aa4a7b1c20638417758a4a31d21e2ac30af71edafe34e1610c5a8519f6b,T5.2.3
seed_metric,higher_reset_failure,202607162307,0.5,false_alarm_rate_per_healthy_step,0.0001762310312197103,,,whole_seed_trajectory_cluster,b80b2aa4a7b1c20638417758a4a31d21e2ac30af71edafe34e1610c5a8519f6b,T5.2.3
seed_metric,higher_reset_failure,202607162307,0.5,false_negative_rate_per_leakage_step,0.06144256455921639,,,whole_seed_trajectory_cluster,b80b2aa4a7b1c20638417758a4a31d21e2ac30af71edafe34e1610c5a8519f6b,T5.2.3
seed_metric,higher_reset_failure,202607162307,0.5,hidden_leakage_occupancy,0.004283905029296875,,,whole_seed_trajectory_cluster,b80b2aa4a7b1c20638417758a4a31d21e2ac30af71edafe34e1610c5a8519f6b,T5.2.3
seed_metric,higher_reset_failure,202607162307,0.5,observed_leakage_alarm_rate,0.0041961669921875,,,whole_seed_trajectory_cluster,b80b2aa4a7b1c20638417758a4a31d21e2ac30af71edafe34e1610c5a8519f6b,T5.2.3
seed_metric,higher_reset_failure,202607162307,0.5,declared_normal_action_availability,0.9958038330078125,,,whole_seed_trajectory_cluster,b80b2aa4a7b1c20638417758a4a31d21e2ac30af71edafe34e1610c5a8519f6b,T5.2.3
seed_metric,higher_reset_failure,202607162307,0.5,safe_normal_action_availability,0.9955406188964844,,,whole_seed_trajectory_cluster,b80b2aa4a7b1c20638417758a4a31d21e2ac30af71edafe34e1610c5a8519f6b,T5.2.3
seed_metric,higher_reset_failure,202607162307,0.5,unsafe_declared_available_fraction,0.000263214111328125,,,whole_seed_trajectory_cluster,b80b2aa4a7b1c20638417758a4a31d21e2ac30af71edafe34e1610c5a8519f6b,T5.2.3
seed_metric,higher_reset_failure,202607162307,0.5,reset_requests_per_1000_cycles,8.392333984375,,,whole_seed_trajectory_cluster,b80b2aa4a7b1c20638417758a4a31d21e2ac30af71edafe34e1610c5a8519f6b,T5.2.3
seed_metric,higher_reset_failure,202607162307,0.5,reset_attempts_per_1000_cycles,8.0413818359375,,,whole_seed_trajectory_cluster,b80b2aa4a7b1c20638417758a4a31d21e2ac30af71edafe34e1610c5a8519f6b,T5.2.3
seed_metric,higher_reset_failure,202607162307,0.5,empirical_reset_failure_probability,0.4952561669829222,,,whole_seed_trajectory_cluster,b80b2aa4a7b1c20638417758a4a31d21e2ac30af71edafe34e1610c5a8519f6b,T5.2.3
seed_metric,higher_reset_failure,202607162307,0.5,reset_failures_per_1000_cycles,3.9825439453125,,,whole_seed_trajectory_cluster,b80b2aa4a7b1c20638417758a4a31d21e2ac30af71edafe34e1610c5a8519f6b,T5.2.3
seed_metric,higher_reset_failure,202607162307,0.5,successful_resets_per_1000_cycles,4.058837890625,,,whole_seed_trajectory_cluster,b80b2aa4a7b1c20638417758a4a31d21e2ac30af71edafe34e1610c5a8519f6b,T5.2.3
seed_metric,higher_reset_failure,202607162307,0.5,mean_hidden_leakage_run_steps,2.1188679245283017,,,whole_seed_trajectory_cluster,b80b2aa4a7b1c20638417758a4a31d21e2ac30af71edafe34e1610c5a8519f6b,T5.2.3
seed_metric,higher_reset_failure,202607162307,0.5,p95_hidden_leakage_run_steps,5.0,,,whole_seed_trajectory_cluster,b80b2aa4a7b1c20638417758a4a31d21e2ac30af71edafe34e1610c5a8519f6b,T5.2.3
seed_metric,higher_reset_failure,202607162307,0.5,mean_short_lag_correlation,0.24523884281688993,,,whole_seed_trajectory_cluster,b80b2aa4a7b1c20638417758a4a31d21e2ac30af71edafe34e1610c5a8519f6b,T5.2.3
seed_metric,higher_reset_failure,202607162307,0.5,mean_long_lag_correlation,0.0003716076798748398,,,whole_seed_trajectory_cluster,b80b2aa4a7b1c20638417758a4a31d21e2ac30af71edafe34e1610c5a8519f6b,T5.2.3
seed_metric,higher_reset_failure,202607162307,0.5,mean_long_lag_covariance,1.4772672447505675e-06,,,whole_seed_trajectory_cluster,b80b2aa4a7b1c20638417758a4a31d21e2ac30af71edafe34e1610c5a8519f6b,T5.2.3
channel_intervention,higher_reset_failure,202607162307,0.75,channel_spec_sha256,5efec1bb0445b5e85f1ef228b6ded6c3b6d738548ee66f388dacb066e11abace,,,exactly_one_physical_channel_changes,5bad98e50a04ad1561d846fc163c771f6883e8fc9255d81c37af6f3122fc27a0,T5.2.3
seed_metric,higher_reset_failure,202607162307,0.75,injection_episode_rate_per_1000_cycles,4.03594970703125,,,whole_seed_trajectory_cluster,5bad98e50a04ad1561d846fc163c771f6883e8fc9255d81c37af6f3122fc27a0,T5.2.3
seed_metric,higher_reset_failure,202607162307,0.75,empirical_higher_injection_probability,0.0020365971503039496,,,whole_seed_trajectory_cluster,5bad98e50a04ad1561d846fc163c771f6883e8fc9255d81c37af6f3122fc27a0,T5.2.3
seed_metric,higher_reset_failure,202607162307,0.75,detection_probability,1.0,,,whole_seed_trajectory_cluster,5bad98e50a04ad1561d846fc163c771f6883e8fc9255d81c37af6f3122fc27a0,T5.2.3
seed_metric,higher_reset_failure,202607162307,0.75,mean_detection_delay_steps,0.062381852551984876,,,whole_seed_trajectory_cluster,5bad98e50a04ad1561d846fc163c771f6883e8fc9255d81c37af6f3122fc27a0,T5.2.3
seed_metric,higher_reset_failure,202607162307,0.75,p95_detection_delay_steps,1.0,,,whole_seed_trajectory_cluster,5bad98e50a04ad1561d846fc163c771f6883e8fc9255d81c37af6f3122fc27a0,T5.2.3
seed_metric,higher_reset_failure,202607162307,0.75,false_alarm_rate_per_healthy_step,0.00017697208457726754,,,whole_seed_trajectory_cluster,5bad98e50a04ad1561d846fc163c771f6883e8fc9255d81c37af6f3122fc27a0,T5.2.3
seed_metric,higher_reset_failure,202607162307,0.75,false_negative_rate_per_leakage_step,0.0631768953068592,,,whole_seed_trajectory_cluster,5bad98e50a04ad1561d846fc163c771f6883e8fc9255d81c37af6f3122fc27a0,T5.2.3
seed_metric,higher_reset_failure,202607162307,0.75,hidden_leakage_occupancy,0.008453369140625,,,whole_seed_trajectory_cluster,5bad98e50a04ad1561d846fc163c771f6883e8fc9255d81c37af6f3122fc27a0,T5.2.3
seed_metric,higher_reset_failure,202607162307,0.75,observed_leakage_alarm_rate,0.00809478759765625,,,whole_seed_trajectory_cluster,5bad98e50a04ad1561d846fc163c771f6883e8fc9255d81c37af6f3122fc27a0,T5.2.3
seed_metric,higher_reset_failure,202607162307,0.75,declared_normal_action_availability,0.9919052124023438,,,whole_seed_trajectory_cluster,5bad98e50a04ad1561d846fc163c771f6883e8fc9255d81c37af6f3122fc27a0,T5.2.3
seed_metric,higher_reset_failure,202607162307,0.75,safe_normal_action_availability,0.9913711547851562,,,whole_seed_trajectory_cluster,5bad98e50a04ad1561d846fc163c771f6883e8fc9255d81c37af6f3122fc27a0,T5.2.3
seed_metric,higher_reset_failure,202607162307,0.75,unsafe_declared_available_fraction,0.0005340576171875,,,whole_seed_trajectory_cluster,5bad98e50a04ad1561d846fc163c771f6883e8fc9255d81c37af6f3122fc27a0,T5.2.3
seed_metric,higher_reset_failure,202607162307,0.75,reset_requests_per_1000_cycles,16.1895751953125,,,whole_seed_trajectory_cluster,5bad98e50a04ad1561d846fc163c771f6883e8fc9255d81c37af6f3122fc27a0,T5.2.3
seed_metric,higher_reset_failure,202607162307,0.75,reset_attempts_per_1000_cycles,15.838623046875,,,whole_seed_trajectory_cluster,5bad98e50a04ad1561d846fc163c771f6883e8fc9255d81c37af6f3122fc27a0,T5.2.3
seed_metric,higher_reset_failure,202607162307,0.75,empirical_reset_failure_probability,0.7451830443159922,,,whole_seed_trajectory_cluster,5bad98e50a04ad1561d846fc163c771f6883e8fc9255d81c37af6f3122fc27a0,T5.2.3
seed_metric,higher_reset_failure,202607162307,0.75,reset_failures_per_1000_cycles,11.80267333984375,,,whole_seed_trajectory_cluster,5bad98e50a04ad1561d846fc163c771f6883e8fc9255d81c37af6f3122fc27a0,T5.2.3
seed_metric,higher_reset_failure,202607162307,0.75,successful_resets_per_1000_cycles,4.03594970703125,,,whole_seed_trajectory_cluster,5bad98e50a04ad1561d846fc163c771f6883e8fc9255d81c37af6f3122fc27a0,T5.2.3
seed_metric,higher_reset_failure,202607162307,0.75,mean_hidden_leakage_run_steps,4.204933586337761,,,whole_seed_trajectory_cluster,5bad98e50a04ad1561d846fc163c771f6883e8fc9255d81c37af6f3122fc27a0,T5.2.3
seed_metric,higher_reset_failure,202607162307,0.75,p95_hidden_leakage_run_steps,11.0,,,whole_seed_trajectory_cluster,5bad98e50a04ad1561d846fc163c771f6883e8fc9255d81c37af6f3122fc27a0,T5.2.3
seed_metric,higher_reset_failure,202607162307,0.75,mean_short_lag_correlation,0.49241235253644117,,,whole_seed_trajectory_cluster,5bad98e50a04ad1561d846fc163c771f6883e8fc9255d81c37af6f3122fc27a0,T5.2.3
seed_metric,higher_reset_failure,202607162307,0.75,mean_long_lag_correlation,0.02642866269312527,,,whole_seed_trajectory_cluster,5bad98e50a04ad1561d846fc163c771f6883e8fc9255d81c37af6f3122fc27a0,T5.2.3
seed_metric,higher_reset_failure,202607162307,0.75,mean_long_lag_covariance,0.00021240721536824598,,,whole_seed_trajectory_cluster,5bad98e50a04ad1561d846fc163c771f6883e8fc9255d81c37af6f3122fc27a0,T5.2.3
channel_intervention,higher_reset_failure,202607162307,0.9,channel_spec_sha256,b62f0be1c6dc40126e43514eced439c41a409661418340e8b46af9f09aec8817,,,exactly_one_physical_channel_changes,afde72f64350464f2985e3ea6330a3d78842cabc4751cbb2d9727f258cf82678,T5.2.3
seed_metric,higher_reset_failure,202607162307,0.9,injection_episode_rate_per_1000_cycles,3.997802734375,,,whole_seed_trajectory_cluster,afde72f64350464f2985e3ea6330a3d78842cabc4751cbb2d9727f258cf82678,T5.2.3
seed_metric,higher_reset_failure,202607162307,0.9,empirical_higher_injection_probability,0.0020412138210432005,,,whole_seed_trajectory_cluster,afde72f64350464f2985e3ea6330a3d78842cabc4751cbb2d9727f258cf82678,T5.2.3
seed_metric,higher_reset_failure,202607162307,0.9,detection_probability,1.0,,,whole_seed_trajectory_cluster,afde72f64350464f2985e3ea6330a3d78842cabc4751cbb2d9727f258cf82678,T5.2.3
seed_metric,higher_reset_failure,202607162307,0.9,mean_detection_delay_steps,0.061068702290076333,,,whole_seed_trajectory_cluster,afde72f64350464f2985e3ea6330a3d78842cabc4751cbb2d9727f258cf82678,T5.2.3
seed_metric,higher_reset_failure,202607162307,0.9,p95_detection_delay_steps,1.0,,,whole_seed_trajectory_cluster,afde72f64350464f2985e3ea6330a3d78842cabc4751cbb2d9727f258cf82678,T5.2.3
seed_metric,higher_reset_failure,202607162307,0.9,false_alarm_rate_per_healthy_step,0.0001712822030005528,,,whole_seed_trajectory_cluster,afde72f64350464f2985e3ea6330a3d78842cabc4751cbb2d9727f258cf82678,T5.2.3
seed_metric,higher_reset_failure,202607162307,0.9,false_negative_rate_per_leakage_step,0.05762647394446558,,,whole_seed_trajectory_cluster,afde72f64350464f2985e3ea6330a3d78842cabc4751cbb2d9727f258cf82678,T5.2.3
seed_metric,higher_reset_failure,202607162307,0.9,hidden_leakage_occupancy,0.02005767822265625,,,whole_seed_trajectory_cluster,afde72f64350464f2985e3ea6330a3d78842cabc4751cbb2d9727f258cf82678,T5.2.3
seed_metric,higher_reset_failure,202607162307,0.9,observed_leakage_alarm_rate,0.019069671630859375,,,whole_seed_trajectory_cluster,afde72f64350464f2985e3ea6330a3d78842cabc4751cbb2d9727f258cf82678,T5.2.3
seed_metric,higher_reset_failure,202607162307,0.9,declared_normal_action_availability,0.9809303283691406,,,whole_seed_trajectory_cluster,afde72f64350464f2985e3ea6330a3d78842cabc4751cbb2d9727f258cf82678,T5.2.3
seed_metric,higher_reset_failure,202607162307,0.9,safe_normal_action_availability,0.9797744750976562,,,whole_seed_trajectory_cluster,afde72f64350464f2985e3ea6330a3d78842cabc4751cbb2d9727f258cf82678,T5.2.3
seed_metric,higher_reset_failure,202607162307,0.9,unsafe_declared_available_fraction,0.001155853271484375,,,whole_seed_trajectory_cluster,afde72f64350464f2985e3ea6330a3d78842cabc4751cbb2d9727f258cf82678,T5.2.3
seed_metric,higher_reset_failure,202607162307,0.9,reset_requests_per_1000_cycles,38.13934326171875,,,whole_seed_trajectory_cluster,afde72f64350464f2985e3ea6330a3d78842cabc4751cbb2d9727f258cf82678,T5.2.3
seed_metric,higher_reset_failure,202607162307,0.9,reset_attempts_per_1000_cycles,37.80364990234375,,,whole_seed_trajectory_cluster,afde72f64350464f2985e3ea6330a3d78842cabc4751cbb2d9727f258cf82678,T5.2.3
seed_metric,higher_reset_failure,202607162307,0.9,empirical_reset_failure_probability,0.8942482341069626,,,whole_seed_trajectory_cluster,afde72f64350464f2985e3ea6330a3d78842cabc4751cbb2d9727f258cf82678,T5.2.3
seed_metric,higher_reset_failure,202607162307,0.9,reset_failures_per_1000_cycles,33.80584716796875,,,whole_seed_trajectory_cluster,afde72f64350464f2985e3ea6330a3d78842cabc4751cbb2d9727f258cf82678,T5.2.3
seed_metric,higher_reset_failure,202607162307,0.9,successful_resets_per_1000_cycles,3.997802734375,,,whole_seed_trajectory_cluster,afde72f64350464f2985e3ea6330a3d78842cabc4751cbb2d9727f258cf82678,T5.2.3
seed_metric,higher_reset_failure,202607162307,0.9,mean_hidden_leakage_run_steps,10.034351145038167,,,whole_seed_trajectory_cluster,afde72f64350464f2985e3ea6330a3d78842cabc4751cbb2d9727f258cf82678,T5.2.3
seed_metric,higher_reset_failure,202607162307,0.9,p95_hidden_leakage_run_steps,27.0,,,whole_seed_trajectory_cluster,afde72f64350464f2985e3ea6330a3d78842cabc4751cbb2d9727f258cf82678,T5.2.3
seed_metric,higher_reset_failure,202607162307,0.9,mean_short_lag_correlation,0.7270376563184519,,,whole_seed_trajectory_cluster,afde72f64350464f2985e3ea6330a3d78842cabc4751cbb2d9727f258cf82678,T5.2.3
seed_metric,higher_reset_failure,202607162307,0.9,mean_long_lag_correlation,0.1892928328000478,,,whole_seed_trajectory_cluster,afde72f64350464f2985e3ea6330a3d78842cabc4751cbb2d9727f258cf82678,T5.2.3
seed_metric,higher_reset_failure,202607162307,0.9,mean_long_lag_covariance,0.00355817226739083,,,whole_seed_trajectory_cluster,afde72f64350464f2985e3ea6330a3d78842cabc4751cbb2d9727f258cf82678,T5.2.3
channel_intervention,higher_reset_failure,202607162307,0.95,channel_spec_sha256,04856ab78be982625a78458bbd09150a9ffa8be88305f6b5c8092edc5aa9714d,,,exactly_one_physical_channel_changes,1140a465edd902aa79a32e103e2fdd7617778a7a67bfc6f16ef351bde92d5170,T5.2.3
seed_metric,higher_reset_failure,202607162307,0.95,injection_episode_rate_per_1000_cycles,3.9215087890625,,,whole_seed_trajectory_cluster,1140a465edd902aa79a32e103e2fdd7617778a7a67bfc6f16ef351bde92d5170,T5.2.3
seed_metric,higher_reset_failure,202607162307,0.95,empirical_higher_injection_probability,0.0020440220308989322,,,whole_seed_trajectory_cluster,1140a465edd902aa79a32e103e2fdd7617778a7a67bfc6f16ef351bde92d5170,T5.2.3
seed_metric,higher_reset_failure,202607162307,0.95,detection_probability,1.0,,,whole_seed_trajectory_cluster,1140a465edd902aa79a32e103e2fdd7617778a7a67bfc6f16ef351bde92d5170,T5.2.3
seed_metric,higher_reset_failure,202607162307,0.95,mean_detection_delay_steps,0.06031128404669261,,,whole_seed_trajectory_cluster,1140a465edd902aa79a32e103e2fdd7617778a7a67bfc6f16ef351bde92d5170,T5.2.3
seed_metric,higher_reset_failure,202607162307,0.95,p95_detection_delay_steps,1.0,,,whole_seed_trajectory_cluster,1140a465edd902aa79a32e103e2fdd7617778a7a67bfc6f16ef351bde92d5170,T5.2.3
seed_metric,higher_reset_failure,202607162307,0.95,false_alarm_rate_per_healthy_step,0.0001708871826664759,,,whole_seed_trajectory_cluster,1140a465edd902aa79a32e103e2fdd7617778a7a67bfc6f16ef351bde92d5170,T5.2.3
seed_metric,higher_reset_failure,202607162307,0.95,false_negative_rate_per_leakage_step,0.051635602890833014,,,whole_seed_trajectory_cluster,1140a465edd902aa79a32e103e2fdd7617778a7a67bfc6f16ef351bde92d5170,T5.2.3
seed_metric,higher_reset_failure,202607162307,0.95,hidden_leakage_occupancy,0.0401153564453125,,,whole_seed_trajectory_cluster,1140a465edd902aa79a32e103e2fdd7617778a7a67bfc6f16ef351bde92d5170,T5.2.3
seed_metric,higher_reset_failure,202607162307,0.95,observed_leakage_alarm_rate,0.0382080078125,,,whole_seed_trajectory_cluster,1140a465edd902aa79a32e103e2fdd7617778a7a67bfc6f16ef351bde92d5170,T5.2.3
seed_metric,higher_reset_failure,202607162307,0.95,declared_normal_action_availability,0.9617919921875,,,whole_seed_trajectory_cluster,1140a465edd902aa79a32e103e2fdd7617778a7a67bfc6f16ef351bde92d5170,T5.2.3
seed_metric,higher_reset_failure,202607162307,0.95,safe_normal_action_availability,0.9597206115722656,,,whole_seed_trajectory_cluster,1140a465edd902aa79a32e103e2fdd7617778a7a67bfc6f16ef351bde92d5170,T5.2.3
seed_metric,higher_reset_failure,202607162307,0.95,unsafe_declared_available_fraction,0.002071380615234375,,,whole_seed_trajectory_cluster,1140a465edd902aa79a32e103e2fdd7617778a7a67bfc6f16ef351bde92d5170,T5.2.3
seed_metric,higher_reset_failure,202607162307,0.95,reset_requests_per_1000_cycles,76.416015625,,,whole_seed_trajectory_cluster,1140a465edd902aa79a32e103e2fdd7617778a7a67bfc6f16ef351bde92d5170,T5.2.3
seed_metric,higher_reset_failure,202607162307,0.95,reset_attempts_per_1000_cycles,76.08795166015625,,,whole_seed_trajectory_cluster,1140a465edd902aa79a32e103e2fdd7617778a7a67bfc6f16ef351bde92d5170,T5.2.3
seed_metric,higher_reset_failure,202607162307,0.95,empirical_reset_failure_probability,0.9483605735485812,,,whole_seed_trajectory_cluster,1140a465edd902aa79a32e103e2fdd7617778a7a67bfc6f16ef351bde92d5170,T5.2.3
seed_metric,higher_reset_failure,202607162307,0.95,reset_failures_per_1000_cycles,72.1588134765625,,,whole_seed_trajectory_cluster,1140a465edd902aa79a32e103e2fdd7617778a7a67bfc6f16ef351bde92d5170,T5.2.3
seed_metric,higher_reset_failure,202607162307,0.95,successful_resets_per_1000_cycles,3.92913818359375,,,whole_seed_trajectory_cluster,1140a465edd902aa79a32e103e2fdd7617778a7a67bfc6f16ef351bde92d5170,T5.2.3
seed_metric,higher_reset_failure,202607162307,0.95,mean_hidden_leakage_run_steps,20.37984496124031,,,whole_seed_trajectory_cluster,1140a465edd902aa79a32e103e2fdd7617778a7a67bfc6f16ef351bde92d5170,T5.2.3
seed_metric,higher_reset_failure,202607162307,0.95,p95_hidden_leakage_run_steps,58.25,,,whole_seed_trajectory_cluster,1140a465edd902aa79a32e103e2fdd7617778a7a67bfc6f16ef351bde92d5170,T5.2.3
seed_metric,higher_reset_failure,202607162307,0.95,mean_short_lag_correlation,0.8342208782378945,,,whole_seed_trajectory_cluster,1140a465edd902aa79a32e103e2fdd7617778a7a67bfc6f16ef351bde92d5170,T5.2.3
seed_metric,higher_reset_failure,202607162307,0.95,mean_long_lag_correlation,0.39610880738033827,,,whole_seed_trajectory_cluster,1140a465edd902aa79a32e103e2fdd7617778a7a67bfc6f16ef351bde92d5170,T5.2.3
seed_metric,higher_reset_failure,202607162307,0.95,mean_long_lag_covariance,0.014633046011298204,,,whole_seed_trajectory_cluster,1140a465edd902aa79a32e103e2fdd7617778a7a67bfc6f16ef351bde92d5170,T5.2.3
channel_intervention,higher_reset_failure,202607162308,0.0,channel_spec_sha256,e7450006c0b2028832e0ca3d8006e4749ce95f8e750b07c44b03620c3a4d5403,,,exactly_one_physical_channel_changes,ba616cf0b3bdaf7ddc753bcd462da1a3b1cf0f8cce9d3c5816d08133d3073500,T5.2.3
seed_metric,higher_reset_failure,202607162308,0.0,injection_episode_rate_per_1000_cycles,4.39453125,,,whole_seed_trajectory_cluster,ba616cf0b3bdaf7ddc753bcd462da1a3b1cf0f8cce9d3c5816d08133d3073500,T5.2.3
seed_metric,higher_reset_failure,202607162308,0.0,empirical_higher_injection_probability,0.002203241365856644,,,whole_seed_trajectory_cluster,ba616cf0b3bdaf7ddc753bcd462da1a3b1cf0f8cce9d3c5816d08133d3073500,T5.2.3
seed_metric,higher_reset_failure,202607162308,0.0,detection_probability,1.0,,,whole_seed_trajectory_cluster,ba616cf0b3bdaf7ddc753bcd462da1a3b1cf0f8cce9d3c5816d08133d3073500,T5.2.3
seed_metric,higher_reset_failure,202607162308,0.0,mean_detection_delay_steps,0.06076388888888889,,,whole_seed_trajectory_cluster,ba616cf0b3bdaf7ddc753bcd462da1a3b1cf0f8cce9d3c5816d08133d3073500,T5.2.3
seed_metric,higher_reset_failure,202607162308,0.0,p95_detection_delay_steps,1.0,,,whole_seed_trajectory_cluster,ba616cf0b3bdaf7ddc753bcd462da1a3b1cf0f8cce9d3c5816d08133d3073500,T5.2.3
seed_metric,higher_reset_failure,202607162308,0.0,false_alarm_rate_per_healthy_step,0.0001758860258552458,,,whole_seed_trajectory_cluster,ba616cf0b3bdaf7ddc753bcd462da1a3b1cf0f8cce9d3c5816d08133d3073500,T5.2.3
seed_metric,higher_reset_failure,202607162308,0.0,false_negative_rate_per_leakage_step,0.057283142389525366,,,whole_seed_trajectory_cluster,ba616cf0b3bdaf7ddc753bcd462da1a3b1cf0f8cce9d3c5816d08133d3073500,T5.2.3
seed_metric,higher_reset_failure,202607162308,0.0,hidden_leakage_occupancy,0.002330780029296875,,,whole_seed_trajectory_cluster,ba616cf0b3bdaf7ddc753bcd462da1a3b1cf0f8cce9d3c5816d08133d3073500,T5.2.3
seed_metric,higher_reset_failure,202607162308,0.0,observed_leakage_alarm_rate,0.00237274169921875,,,whole_seed_trajectory_cluster,ba616cf0b3bdaf7ddc753bcd462da1a3b1cf0f8cce9d3c5816d08133d3073500,T5.2.3
seed_metric,higher_reset_failure,202607162308,0.0,declared_normal_action_availability,0.9976272583007812,,,whole_seed_trajectory_cluster,ba616cf0b3bdaf7ddc753bcd462da1a3b1cf0f8cce9d3c5816d08133d3073500,T5.2.3
seed_metric,higher_reset_failure,202607162308,0.0,safe_normal_action_availability,0.9974937438964844,,,whole_seed_trajectory_cluster,ba616cf0b3bdaf7ddc753bcd462da1a3b1cf0f8cce9d3c5816d08133d3073500,T5.2.3
seed_metric,higher_reset_failure,202607162308,0.0,unsafe_declared_available_fraction,0.000133514404296875,,,whole_seed_trajectory_cluster,ba616cf0b3bdaf7ddc753bcd462da1a3b1cf0f8cce9d3c5816d08133d3073500,T5.2.3
seed_metric,higher_reset_failure,202607162308,0.0,reset_requests_per_1000_cycles,4.7454833984375,,,whole_seed_trajectory_cluster,ba616cf0b3bdaf7ddc753bcd462da1a3b1cf0f8cce9d3c5816d08133d3073500,T5.2.3
seed_metric,higher_reset_failure,202607162308,0.0,reset_attempts_per_1000_cycles,4.39453125,,,whole_seed_trajectory_cluster,ba616cf0b3bdaf7ddc753bcd462da1a3b1cf0f8cce9d3c5816d08133d3073500,T5.2.3
seed_metric,higher_reset_failure,202607162308,0.0,empirical_reset_failure_probability,0.0,,,whole_seed_trajectory_cluster,ba616cf0b3bdaf7ddc753bcd462da1a3b1cf0f8cce9d3c5816d08133d3073500,T5.2.3
seed_metric,higher_reset_failure,202607162308,0.0,reset_failures_per_1000_cycles,0.0,,,whole_seed_trajectory_cluster,ba616cf0b3bdaf7ddc753bcd462da1a3b1cf0f8cce9d3c5816d08133d3073500,T5.2.3
seed_metric,higher_reset_failure,202607162308,0.0,successful_resets_per_1000_cycles,4.39453125,,,whole_seed_trajectory_cluster,ba616cf0b3bdaf7ddc753bcd462da1a3b1cf0f8cce9d3c5816d08133d3073500,T5.2.3
seed_metric,higher_reset_failure,202607162308,0.0,mean_hidden_leakage_run_steps,1.0644599303135889,,,whole_seed_trajectory_cluster,ba616cf0b3bdaf7ddc753bcd462da1a3b1cf0f8cce9d3c5816d08133d3073500,T5.2.3
seed_metric,higher_reset_failure,202607162308,0.0,p95_hidden_leakage_run_steps,2.0,,,whole_seed_trajectory_cluster,ba616cf0b3bdaf7ddc753bcd462da1a3b1cf0f8cce9d3c5816d08133d3073500,T5.2.3
seed_metric,higher_reset_failure,202607162308,0.0,mean_short_lag_correlation,0.00031152263648576774,,,whole_seed_trajectory_cluster,ba616cf0b3bdaf7ddc753bcd462da1a3b1cf0f8cce9d3c5816d08133d3073500,T5.2.3
seed_metric,higher_reset_failure,202607162308,0.0,mean_long_lag_correlation,-0.001815634438879562,,,whole_seed_trajectory_cluster,ba616cf0b3bdaf7ddc753bcd462da1a3b1cf0f8cce9d3c5816d08133d3073500,T5.2.3
seed_metric,higher_reset_failure,202607162308,0.0,mean_long_lag_covariance,-4.289609873929388e-06,,,whole_seed_trajectory_cluster,ba616cf0b3bdaf7ddc753bcd462da1a3b1cf0f8cce9d3c5816d08133d3073500,T5.2.3
channel_intervention,higher_reset_failure,202607162308,0.25,channel_spec_sha256,99fbf532b4c3767d8333db264f4f09522fd4fd1cc7eb9e7334903ec07c9cad2b,,,exactly_one_physical_channel_changes,9b059656833bd80ba9c8fca452da78995948a589f512dab5ef3b724bdf291022,T5.2.3
seed_metric,higher_reset_failure,202607162308,0.25,injection_episode_rate_per_1000_cycles,4.38690185546875,,,whole_seed_trajectory_cluster,9b059656833bd80ba9c8fca452da78995948a589f512dab5ef3b724bdf291022,T5.2.3
seed_metric,higher_reset_failure,202607162308,0.25,empirical_higher_injection_probability,0.002201074890137653,,,whole_seed_trajectory_cluster,9b059656833bd80ba9c8fca452da78995948a589f512dab5ef3b724bdf291022,T5.2.3
seed_metric,higher_reset_failure,202607162308,0.25,detection_probability,1.0,,,whole_seed_trajectory_cluster,9b059656833bd80ba9c8fca452da78995948a589f512dab5ef3b724bdf291022,T5.2.3
seed_metric,higher_reset_failure,202607162308,0.25,mean_detection_delay_steps,0.06086956521739131,,,whole_seed_trajectory_cluster,9b059656833bd80ba9c8fca452da78995948a589f512dab5ef3b724bdf291022,T5.2.3
seed_metric,higher_reset_failure,202607162308,0.25,p95_detection_delay_steps,1.0,,,whole_seed_trajectory_cluster,9b059656833bd80ba9c8fca452da78995948a589f512dab5ef3b724bdf291022,T5.2.3
seed_metric,higher_reset_failure,202607162308,0.25,false_alarm_rate_per_healthy_step,0.00017601793852382172,,,whole_seed_trajectory_cluster,9b059656833bd80ba9c8fca452da78995948a589f512dab5ef3b724bdf291022,T5.2.3
seed_metric,higher_reset_failure,202607162308,0.25,false_negative_rate_per_leakage_step,0.057001239157372985,,,whole_seed_trajectory_cluster,9b059656833bd80ba9c8fca452da78995948a589f512dab5ef3b724bdf291022,T5.2.3
seed_metric,higher_reset_failure,202607162308,0.25,hidden_leakage_occupancy,0.003078460693359375,,,whole_seed_trajectory_cluster,9b059656833bd80ba9c8fca452da78995948a589f512dab5ef3b724bdf291022,T5.2.3
seed_metric,higher_reset_failure,202607162308,0.25,observed_leakage_alarm_rate,0.003078460693359375,,,whole_seed_trajectory_cluster,9b059656833bd80ba9c8fca452da78995948a589f512dab5ef3b724bdf291022,T5.2.3
seed_metric,higher_reset_failure,202607162308,0.25,declared_normal_action_availability,0.9969215393066406,,,whole_seed_trajectory_cluster,9b059656833bd80ba9c8fca452da78995948a589f512dab5ef3b724bdf291022,T5.2.3
seed_metric,higher_reset_failure,202607162308,0.25,safe_normal_action_availability,0.9967460632324219,,,whole_seed_trajectory_cluster,9b059656833bd80ba9c8fca452da78995948a589f512dab5ef3b724bdf291022,T5.2.3
seed_metric,higher_reset_failure,202607162308,0.25,unsafe_declared_available_fraction,0.00017547607421875,,,whole_seed_trajectory_cluster,9b059656833bd80ba9c8fca452da78995948a589f512dab5ef3b724bdf291022,T5.2.3
seed_metric,higher_reset_failure,202607162308,0.25,reset_requests_per_1000_cycles,6.15692138671875,,,whole_seed_trajectory_cluster,9b059656833bd80ba9c8fca452da78995948a589f512dab5ef3b724bdf291022,T5.2.3
seed_metric,higher_reset_failure,202607162308,0.25,reset_attempts_per_1000_cycles,5.80596923828125,,,whole_seed_trajectory_cluster,9b059656833bd80ba9c8fca452da78995948a589f512dab5ef3b724bdf291022,T5.2.3
seed_metric,higher_reset_failure,202607162308,0.25,empirical_reset_failure_probability,0.24310118265440211,,,whole_seed_trajectory_cluster,9b059656833bd80ba9c8fca452da78995948a589f512dab5ef3b724bdf291022,T5.2.3
seed_metric,higher_reset_failure,202607162308,0.25,reset_failures_per_1000_cycles,1.41143798828125,,,whole_seed_trajectory_cluster,9b059656833bd80ba9c8fca452da78995948a589f512dab5ef3b724bdf291022,T5.2.3
seed_metric,higher_reset_failure,202607162308,0.25,successful_resets_per_1000_cycles,4.39453125,,,whole_seed_trajectory_cluster,9b059656833bd80ba9c8fca452da78995948a589f512dab5ef3b724bdf291022,T5.2.3
seed_metric,higher_reset_failure,202607162308,0.25,mean_hidden_leakage_run_steps,1.4083769633507854,,,whole_seed_trajectory_cluster,9b059656833bd80ba9c8fca452da78995948a589f512dab5ef3b724bdf291022,T5.2.3
seed_metric,higher_reset_failure,202607162308,0.25,p95_hidden_leakage_run_steps,3.0,,,whole_seed_trajectory_cluster,9b059656833bd80ba9c8fca452da78995948a589f512dab5ef3b724bdf291022,T5.2.3
seed_metric,higher_reset_failure,202607162308,0.25,mean_short_lag_correlation,0.09738823752253967,,,whole_seed_trajectory_cluster,9b059656833bd80ba9c8fca452da78995948a589f512dab5ef3b724bdf291022,T5.2.3
seed_metric,higher_reset_failure,202607162308,0.25,mean_long_lag_correlation,-0.0018158143958589377,,,whole_seed_trajectory_cluster,9b059656833bd80ba9c8fca452da78995948a589f512dab5ef3b724bdf291022,T5.2.3
seed_metric,higher_reset_failure,202607162308,0.25,mean_long_lag_covariance,-5.571142637717883e-06,,,whole_seed_trajectory_cluster,9b059656833bd80ba9c8fca452da78995948a589f512dab5ef3b724bdf291022,T5.2.3
channel_intervention,higher_reset_failure,202607162308,0.5,channel_spec_sha256,216b0d81015cba96acf57797a78eaf17baf132ba9047244cb5c9e369748a693b,,,exactly_one_physical_channel_changes,f16b5b8a00922af793524f33391ee3795e22f69ad6ed600d640d71fb5194ae3b,T5.2.3
seed_metric,higher_reset_failure,202607162308,0.5,injection_episode_rate_per_1000_cycles,4.3792724609375,,,whole_seed_trajectory_cluster,f16b5b8a00922af793524f33391ee3795e22f69ad6ed600d640d71fb5194ae3b,T5.2.3
seed_metric,higher_reset_failure,202607162308,0.5,empirical_higher_injection_probability,0.0022008358575208004,,,whole_seed_trajectory_cluster,f16b5b8a00922af793524f33391ee3795e22f69ad6ed600d640d71fb5194ae3b,T5.2.3
seed_metric,higher_reset_failure,202607162308,0.5,detection_probability,1.0,,,whole_seed_trajectory_cluster,f16b5b8a00922af793524f33391ee3795e22f69ad6ed600d640d71fb5194ae3b,T5.2.3
seed_metric,higher_reset_failure,202607162308,0.5,mean_detection_delay_steps,0.06097560975609756,,,whole_seed_trajectory_cluster,f16b5b8a00922af793524f33391ee3795e22f69ad6ed600d640d71fb5194ae3b,T5.2.3
seed_metric,higher_reset_failure,202607162308,0.5,p95_detection_delay_steps,1.0,,,whole_seed_trajectory_cluster,f16b5b8a00922af793524f33391ee3795e22f69ad6ed600d640d71fb5194ae3b,T5.2.3
seed_metric,higher_reset_failure,202607162308,0.5,false_alarm_rate_per_healthy_step,0.0001763046544428773,,,whole_seed_trajectory_cluster,f16b5b8a00922af793524f33391ee3795e22f69ad6ed600d640d71fb5194ae3b,T5.2.3
seed_metric,higher_reset_failure,202607162308,0.5,false_negative_rate_per_leakage_step,0.05438311688311688,,,whole_seed_trajectory_cluster,f16b5b8a00922af793524f33391ee3795e22f69ad6ed600d640d71fb5194ae3b,T5.2.3
seed_metric,higher_reset_failure,202607162308,0.5,hidden_leakage_occupancy,0.00469970703125,,,whole_seed_trajectory_cluster,f16b5b8a00922af793524f33391ee3795e22f69ad6ed600d640d71fb5194ae3b,T5.2.3
seed_metric,higher_reset_failure,202607162308,0.5,observed_leakage_alarm_rate,0.004619598388671875,,,whole_seed_trajectory_cluster,f16b5b8a00922af793524f33391ee3795e22f69ad6ed600d640d71fb5194ae3b,T5.2.3
seed_metric,higher_reset_failure,202607162308,0.5,declared_normal_action_availability,0.9953804016113281,,,whole_seed_trajectory_cluster,f16b5b8a00922af793524f33391ee3795e22f69ad6ed600d640d71fb5194ae3b,T5.2.3
seed_metric,higher_reset_failure,202607162308,0.5,safe_normal_action_availability,0.9951248168945312,,,whole_seed_trajectory_cluster,f16b5b8a00922af793524f33391ee3795e22f69ad6ed600d640d71fb5194ae3b,T5.2.3
seed_metric,higher_reset_failure,202607162308,0.5,unsafe_declared_available_fraction,0.000255584716796875,,,whole_seed_trajectory_cluster,f16b5b8a00922af793524f33391ee3795e22f69ad6ed600d640d71fb5194ae3b,T5.2.3
seed_metric,higher_reset_failure,202607162308,0.5,reset_requests_per_1000_cycles,9.23919677734375,,,whole_seed_trajectory_cluster,f16b5b8a00922af793524f33391ee3795e22f69ad6ed600d640d71fb5194ae3b,T5.2.3
seed_metric,higher_reset_failure,202607162308,0.5,reset_attempts_per_1000_cycles,8.88824462890625,,,whole_seed_trajectory_cluster,f16b5b8a00922af793524f33391ee3795e22f69ad6ed600d640d71fb5194ae3b,T5.2.3
seed_metric,higher_reset_failure,202607162308,0.5,empirical_reset_failure_probability,0.5047210300429185,,,whole_seed_trajectory_cluster,f16b5b8a00922af793524f33391ee3795e22f69ad6ed600d640d71fb5194ae3b,T5.2.3
seed_metric,higher_reset_failure,202607162308,0.5,reset_failures_per_1000_cycles,4.486083984375,,,whole_seed_trajectory_cluster,f16b5b8a00922af793524f33391ee3795e22f69ad6ed600d640d71fb5194ae3b,T5.2.3
seed_metric,higher_reset_failure,202607162308,0.5,successful_resets_per_1000_cycles,4.40216064453125,,,whole_seed_trajectory_cluster,f16b5b8a00922af793524f33391ee3795e22f69ad6ed600d640d71fb5194ae3b,T5.2.3
seed_metric,higher_reset_failure,202607162308,0.5,mean_hidden_leakage_run_steps,2.1538461538461537,,,whole_seed_trajectory_cluster,f16b5b8a00922af793524f33391ee3795e22f69ad6ed600d640d71fb5194ae3b,T5.2.3
seed_metric,higher_reset_failure,202607162308,0.5,p95_hidden_leakage_run_steps,5.0,,,whole_seed_trajectory_cluster,f16b5b8a00922af793524f33391ee3795e22f69ad6ed600d640d71fb5194ae3b,T5.2.3
seed_metric,higher_reset_failure,202607162308,0.5,mean_short_lag_correlation,0.2608037792912446,,,whole_seed_trajectory_cluster,f16b5b8a00922af793524f33391ee3795e22f69ad6ed600d640d71fb5194ae3b,T5.2.3
seed_metric,higher_reset_failure,202607162308,0.5,mean_long_lag_correlation,0.003000700442410066,,,whole_seed_trajectory_cluster,f16b5b8a00922af793524f33391ee3795e22f69ad6ed600d640d71fb5194ae3b,T5.2.3
seed_metric,higher_reset_failure,202607162308,0.5,mean_long_lag_covariance,1.3738708833794337e-05,,,whole_seed_trajectory_cluster,f16b5b8a00922af793524f33391ee3795e22f69ad6ed600d640d71fb5194ae3b,T5.2.3
channel_intervention,higher_reset_failure,202607162308,0.75,channel_spec_sha256,5efec1bb0445b5e85f1ef228b6ded6c3b6d738548ee66f388dacb066e11abace,,,exactly_one_physical_channel_changes,489376dea865067ed51b366a9fe441fc43cc63b379dc79ac1597e3a0551ad83c,T5.2.3
seed_metric,higher_reset_failure,202607162308,0.75,injection_episode_rate_per_1000_cycles,4.34112548828125,,,whole_seed_trajectory_cluster,489376dea865067ed51b366a9fe441fc43cc63b379dc79ac1597e3a0551ad83c,T5.2.3
seed_metric,higher_reset_failure,202607162308,0.75,empirical_higher_injection_probability,0.0021926866770199498,,,whole_seed_trajectory_cluster,489376dea865067ed51b366a9fe441fc43cc63b379dc79ac1597e3a0551ad83c,T5.2.3
seed_metric,higher_reset_failure,202607162308,0.75,detection_probability,1.0,,,whole_seed_trajectory_cluster,489376dea865067ed51b366a9fe441fc43cc63b379dc79ac1597e3a0551ad83c,T5.2.3
seed_metric,higher_reset_failure,202607162308,0.75,mean_detection_delay_steps,0.061511423550087874,,,whole_seed_trajectory_cluster,489376dea865067ed51b366a9fe441fc43cc63b379dc79ac1597e3a0551ad83c,T5.2.3
seed_metric,higher_reset_failure,202607162308,0.75,p95_detection_delay_steps,1.0,,,whole_seed_trajectory_cluster,489376dea865067ed51b366a9fe441fc43cc63b379dc79ac1597e3a0551ad83c,T5.2.3
seed_metric,higher_reset_failure,202607162308,0.75,false_alarm_rate_per_healthy_step,0.00017719227287610022,,,whole_seed_trajectory_cluster,489376dea865067ed51b366a9fe441fc43cc63b379dc79ac1597e3a0551ad83c,T5.2.3
seed_metric,higher_reset_failure,202607162308,0.75,false_negative_rate_per_leakage_step,0.055927530523828275,,,whole_seed_trajectory_cluster,489376dea865067ed51b366a9fe441fc43cc63b379dc79ac1597e3a0551ad83c,T5.2.3
seed_metric,higher_reset_failure,202607162308,0.75,hidden_leakage_occupancy,0.009685516357421875,,,whole_seed_trajectory_cluster,489376dea865067ed51b366a9fe441fc43cc63b379dc79ac1597e3a0551ad83c,T5.2.3
seed_metric,higher_reset_failure,202607162308,0.75,observed_leakage_alarm_rate,0.009319305419921875,,,whole_seed_trajectory_cluster,489376dea865067ed51b366a9fe441fc43cc63b379dc79ac1597e3a0551ad83c,T5.2.3
seed_metric,higher_reset_failure,202607162308,0.75,declared_normal_action_availability,0.9906806945800781,,,whole_seed_trajectory_cluster,489376dea865067ed51b366a9fe441fc43cc63b379dc79ac1597e3a0551ad83c,T5.2.3
seed_metric,higher_reset_failure,202607162308,0.75,safe_normal_action_availability,0.9901390075683594,,,whole_seed_trajectory_cluster,489376dea865067ed51b366a9fe441fc43cc63b379dc79ac1597e3a0551ad83c,T5.2.3
seed_metric,higher_reset_failure,202607162308,0.75,unsafe_declared_available_fraction,0.00054168701171875,,,whole_seed_trajectory_cluster,489376dea865067ed51b366a9fe441fc43cc63b379dc79ac1597e3a0551ad83c,T5.2.3
seed_metric,higher_reset_failure,202607162308,0.75,reset_requests_per_1000_cycles,18.63861083984375,,,whole_seed_trajectory_cluster,489376dea865067ed51b366a9fe441fc43cc63b379dc79ac1597e3a0551ad83c,T5.2.3
seed_metric,higher_reset_failure,202607162308,0.75,reset_attempts_per_1000_cycles,18.28765869140625,,,whole_seed_trajectory_cluster,489376dea865067ed51b366a9fe441fc43cc63b379dc79ac1597e3a0551ad83c,T5.2.3
seed_metric,higher_reset_failure,202607162308,0.75,empirical_reset_failure_probability,0.7613683771380892,,,whole_seed_trajectory_cluster,489376dea865067ed51b366a9fe441fc43cc63b379dc79ac1597e3a0551ad83c,T5.2.3
seed_metric,higher_reset_failure,202607162308,0.75,reset_failures_per_1000_cycles,13.92364501953125,,,whole_seed_trajectory_cluster,489376dea865067ed51b366a9fe441fc43cc63b379dc79ac1597e3a0551ad83c,T5.2.3
seed_metric,higher_reset_failure,202607162308,0.75,successful_resets_per_1000_cycles,4.364013671875,,,whole_seed_trajectory_cluster,489376dea865067ed51b366a9fe441fc43cc63b379dc79ac1597e3a0551ad83c,T5.2.3
seed_metric,higher_reset_failure,202607162308,0.75,mean_hidden_leakage_run_steps,4.454385964912281,,,whole_seed_trajectory_cluster,489376dea865067ed51b366a9fe441fc43cc63b379dc79ac1597e3a0551ad83c,T5.2.3
seed_metric,higher_reset_failure,202607162308,0.75,p95_hidden_leakage_run_steps,13.0,,,whole_seed_trajectory_cluster,489376dea865067ed51b366a9fe441fc43cc63b379dc79ac1597e3a0551ad83c,T5.2.3
seed_metric,higher_reset_failure,202607162308,0.75,mean_short_lag_correlation,0.5250030637988454,,,whole_seed_trajectory_cluster,489376dea865067ed51b366a9fe441fc43cc63b379dc79ac1597e3a0551ad83c,T5.2.3
seed_metric,higher_reset_failure,202607162308,0.75,mean_long_lag_correlation,0.04896445200615401,,,whole_seed_trajectory_cluster,489376dea865067ed51b366a9fe441fc43cc63b379dc79ac1597e3a0551ad83c,T5.2.3
seed_metric,higher_reset_failure,202607162308,0.75,mean_long_lag_covariance,0.00045157889441150683,,,whole_seed_trajectory_cluster,489376dea865067ed51b366a9fe441fc43cc63b379dc79ac1597e3a0551ad83c,T5.2.3
channel_intervention,higher_reset_failure,202607162308,0.9,channel_spec_sha256,b62f0be1c6dc40126e43514eced439c41a409661418340e8b46af9f09aec8817,,,exactly_one_physical_channel_changes,6703c5f8a7afd25b2e415f38c2e4966d995e9abe2f398bbb0d76a6281c13f0c5,T5.2.3
seed_metric,higher_reset_failure,202607162308,0.9,injection_episode_rate_per_1000_cycles,4.2724609375,,,whole_seed_trajectory_cluster,6703c5f8a7afd25b2e415f38c2e4966d995e9abe2f398bbb0d76a6281c13f0c5,T5.2.3
seed_metric,higher_reset_failure,202607162308,0.9,empirical_higher_injection_probability,0.0021853999672190004,,,whole_seed_trajectory_cluster,6703c5f8a7afd25b2e415f38c2e4966d995e9abe2f398bbb0d76a6281c13f0c5,T5.2.3
seed_metric,higher_reset_failure,202607162308,0.9,detection_probability,1.0,,,whole_seed_trajectory_cluster,6703c5f8a7afd25b2e415f38c2e4966d995e9abe2f398bbb0d76a6281c13f0c5,T5.2.3
seed_metric,higher_reset_failure,202607162308,0.9,mean_detection_delay_steps,0.060714285714285714,,,whole_seed_trajectory_cluster,6703c5f8a7afd25b2e415f38c2e4966d995e9abe2f398bbb0d76a6281c13f0c5,T5.2.3
seed_metric,higher_reset_failure,202607162308,0.9,p95_detection_delay_steps,1.0,,,whole_seed_trajectory_cluster,6703c5f8a7afd25b2e415f38c2e4966d995e9abe2f398bbb0d76a6281c13f0c5,T5.2.3
seed_metric,higher_reset_failure,202607162308,0.9,false_alarm_rate_per_healthy_step,0.00017553714365959837,,,whole_seed_trajectory_cluster,6703c5f8a7afd25b2e415f38c2e4966d995e9abe2f398bbb0d76a6281c13f0c5,T5.2.3
seed_metric,higher_reset_failure,202607162308,0.9,false_negative_rate_per_leakage_step,0.053213545266067724,,,whole_seed_trajectory_cluster,6703c5f8a7afd25b2e415f38c2e4966d995e9abe2f398bbb0d76a6281c13f0c5,T5.2.3
seed_metric,higher_reset_failure,202607162308,0.9,hidden_leakage_occupancy,0.0220794677734375,,,whole_seed_trajectory_cluster,6703c5f8a7afd25b2e415f38c2e4966d995e9abe2f398bbb0d76a6281c13f0c5,T5.2.3
seed_metric,higher_reset_failure,202607162308,0.9,observed_leakage_alarm_rate,0.021076202392578125,,,whole_seed_trajectory_cluster,6703c5f8a7afd25b2e415f38c2e4966d995e9abe2f398bbb0d76a6281c13f0c5,T5.2.3
seed_metric,higher_reset_failure,202607162308,0.9,declared_normal_action_availability,0.9789237976074219,,,whole_seed_trajectory_cluster,6703c5f8a7afd25b2e415f38c2e4966d995e9abe2f398bbb0d76a6281c13f0c5,T5.2.3
seed_metric,higher_reset_failure,202607162308,0.9,safe_normal_action_availability,0.9777488708496094,,,whole_seed_trajectory_cluster,6703c5f8a7afd25b2e415f38c2e4966d995e9abe2f398bbb0d76a6281c13f0c5,T5.2.3
seed_metric,higher_reset_failure,202607162308,0.9,unsafe_declared_available_fraction,0.0011749267578125,,,whole_seed_trajectory_cluster,6703c5f8a7afd25b2e415f38c2e4966d995e9abe2f398bbb0d76a6281c13f0c5,T5.2.3
seed_metric,higher_reset_failure,202607162308,0.9,reset_requests_per_1000_cycles,42.15240478515625,,,whole_seed_trajectory_cluster,6703c5f8a7afd25b2e415f38c2e4966d995e9abe2f398bbb0d76a6281c13f0c5,T5.2.3
seed_metric,higher_reset_failure,202607162308,0.9,reset_attempts_per_1000_cycles,41.80908203125,,,whole_seed_trajectory_cluster,6703c5f8a7afd25b2e415f38c2e4966d995e9abe2f398bbb0d76a6281c13f0c5,T5.2.3
seed_metric,higher_reset_failure,202607162308,0.9,empirical_reset_failure_probability,0.8967153284671533,,,whole_seed_trajectory_cluster,6703c5f8a7afd25b2e415f38c2e4966d995e9abe2f398bbb0d76a6281c13f0c5,T5.2.3
seed_metric,higher_reset_failure,202607162308,0.9,reset_failures_per_1000_cycles,37.4908447265625,,,whole_seed_trajectory_cluster,6703c5f8a7afd25b2e415f38c2e4966d995e9abe2f398bbb0d76a6281c13f0c5,T5.2.3
seed_metric,higher_reset_failure,202607162308,0.9,successful_resets_per_1000_cycles,4.3182373046875,,,whole_seed_trajectory_cluster,6703c5f8a7afd25b2e415f38c2e4966d995e9abe2f398bbb0d76a6281c13f0c5,T5.2.3
seed_metric,higher_reset_failure,202607162308,0.9,mean_hidden_leakage_run_steps,10.190140845070422,,,whole_seed_trajectory_cluster,6703c5f8a7afd25b2e415f38c2e4966d995e9abe2f398bbb0d76a6281c13f0c5,T5.2.3
seed_metric,higher_reset_failure,202607162308,0.9,p95_hidden_leakage_run_steps,27.0,,,whole_seed_trajectory_cluster,6703c5f8a7afd25b2e415f38c2e4966d995e9abe2f398bbb0d76a6281c13f0c5,T5.2.3
seed_metric,higher_reset_failure,202607162308,0.9,mean_short_lag_correlation,0.7351470792732178,,,whole_seed_trajectory_cluster,6703c5f8a7afd25b2e415f38c2e4966d995e9abe2f398bbb0d76a6281c13f0c5,T5.2.3
seed_metric,higher_reset_failure,202607162308,0.9,mean_long_lag_correlation,0.19428963235196883,,,whole_seed_trajectory_cluster,6703c5f8a7afd25b2e415f38c2e4966d995e9abe2f398bbb0d76a6281c13f0c5,T5.2.3
seed_metric,higher_reset_failure,202607162308,0.9,mean_long_lag_covariance,0.003997026061193707,,,whole_seed_trajectory_cluster,6703c5f8a7afd25b2e415f38c2e4966d995e9abe2f398bbb0d76a6281c13f0c5,T5.2.3
channel_intervention,higher_reset_failure,202607162308,0.95,channel_spec_sha256,04856ab78be982625a78458bbd09150a9ffa8be88305f6b5c8092edc5aa9714d,,,exactly_one_physical_channel_changes,d6b2ebb744e6cd94483229e9c335a9aff14591d762a5f2d35dd6396d25cc8f74,T5.2.3
seed_metric,higher_reset_failure,202607162308,0.95,injection_episode_rate_per_1000_cycles,4.21142578125,,,whole_seed_trajectory_cluster,d6b2ebb744e6cd94483229e9c335a9aff14591d762a5f2d35dd6396d25cc8f74,T5.2.3
seed_metric,higher_reset_failure,202607162308,0.95,empirical_higher_injection_probability,0.0022002551020408163,,,whole_seed_trajectory_cluster,d6b2ebb744e6cd94483229e9c335a9aff14591d762a5f2d35dd6396d25cc8f74,T5.2.3
seed_metric,higher_reset_failure,202607162308,0.95,detection_probability,1.0,,,whole_seed_trajectory_cluster,d6b2ebb744e6cd94483229e9c335a9aff14591d762a5f2d35dd6396d25cc8f74,T5.2.3
seed_metric,higher_reset_failure,202607162308,0.95,mean_detection_delay_steps,0.06159420289855073,,,whole_seed_trajectory_cluster,d6b2ebb744e6cd94483229e9c335a9aff14591d762a5f2d35dd6396d25cc8f74,T5.2.3
seed_metric,higher_reset_failure,202607162308,0.95,p95_detection_delay_steps,1.0,,,whole_seed_trajectory_cluster,d6b2ebb744e6cd94483229e9c335a9aff14591d762a5f2d35dd6396d25cc8f74,T5.2.3
seed_metric,higher_reset_failure,202607162308,0.95,false_alarm_rate_per_healthy_step,0.00017531067841248212,,,whole_seed_trajectory_cluster,d6b2ebb744e6cd94483229e9c335a9aff14591d762a5f2d35dd6396d25cc8f74,T5.2.3
seed_metric,higher_reset_failure,202607162308,0.95,false_negative_rate_per_leakage_step,0.05071230176507482,,,whole_seed_trajectory_cluster,d6b2ebb744e6cd94483229e9c335a9aff14591d762a5f2d35dd6396d25cc8f74,T5.2.3
seed_metric,higher_reset_failure,202607162308,0.95,hidden_leakage_occupancy,0.042575836181640625,,,whole_seed_trajectory_cluster,d6b2ebb744e6cd94483229e9c335a9aff14591d762a5f2d35dd6396d25cc8f74,T5.2.3
seed_metric,higher_reset_failure,202607162308,0.95,observed_leakage_alarm_rate,0.040584564208984375,,,whole_seed_trajectory_cluster,d6b2ebb744e6cd94483229e9c335a9aff14591d762a5f2d35dd6396d25cc8f74,T5.2.3
seed_metric,higher_reset_failure,202607162308,0.95,declared_normal_action_availability,0.9594154357910156,,,whole_seed_trajectory_cluster,d6b2ebb744e6cd94483229e9c335a9aff14591d762a5f2d35dd6396d25cc8f74,T5.2.3
seed_metric,higher_reset_failure,202607162308,0.95,safe_normal_action_availability,0.9572563171386719,,,whole_seed_trajectory_cluster,d6b2ebb744e6cd94483229e9c335a9aff14591d762a5f2d35dd6396d25cc8f74,T5.2.3
seed_metric,higher_reset_failure,202607162308,0.95,unsafe_declared_available_fraction,0.00215911865234375,,,whole_seed_trajectory_cluster,d6b2ebb744e6cd94483229e9c335a9aff14591d762a5f2d35dd6396d25cc8f74,T5.2.3
seed_metric,higher_reset_failure,202607162308,0.95,reset_requests_per_1000_cycles,81.16912841796875,,,whole_seed_trajectory_cluster,d6b2ebb744e6cd94483229e9c335a9aff14591d762a5f2d35dd6396d25cc8f74,T5.2.3
seed_metric,higher_reset_failure,202607162308,0.95,reset_attempts_per_1000_cycles,80.83343505859375,,,whole_seed_trajectory_cluster,d6b2ebb744e6cd94483229e9c335a9aff14591d762a5f2d35dd6396d25cc8f74,T5.2.3
seed_metric,higher_reset_failure,202607162308,0.95,empirical_reset_failure_probability,0.9474280320906088,,,whole_seed_trajectory_cluster,d6b2ebb744e6cd94483229e9c335a9aff14591d762a5f2d35dd6396d25cc8f74,T5.2.3
seed_metric,higher_reset_failure,202607162308,0.95,reset_failures_per_1000_cycles,76.5838623046875,,,whole_seed_trajectory_cluster,d6b2ebb744e6cd94483229e9c335a9aff14591d762a5f2d35dd6396d25cc8f74,T5.2.3
seed_metric,higher_reset_failure,202607162308,0.95,successful_resets_per_1000_cycles,4.24957275390625,,,whole_seed_trajectory_cluster,d6b2ebb744e6cd94483229e9c335a9aff14591d762a5f2d35dd6396d25cc8f74,T5.2.3
seed_metric,higher_reset_failure,202607162308,0.95,mean_hidden_leakage_run_steps,19.719081272084807,,,whole_seed_trajectory_cluster,d6b2ebb744e6cd94483229e9c335a9aff14591d762a5f2d35dd6396d25cc8f74,T5.2.3
seed_metric,higher_reset_failure,202607162308,0.95,p95_hidden_leakage_run_steps,57.0,,,whole_seed_trajectory_cluster,d6b2ebb744e6cd94483229e9c335a9aff14591d762a5f2d35dd6396d25cc8f74,T5.2.3
seed_metric,higher_reset_failure,202607162308,0.95,mean_short_lag_correlation,0.8319672076865415,,,whole_seed_trajectory_cluster,d6b2ebb744e6cd94483229e9c335a9aff14591d762a5f2d35dd6396d25cc8f74,T5.2.3
seed_metric,higher_reset_failure,202607162308,0.95,mean_long_lag_correlation,0.3940816722367148,,,whole_seed_trajectory_cluster,d6b2ebb744e6cd94483229e9c335a9aff14591d762a5f2d35dd6396d25cc8f74,T5.2.3
seed_metric,higher_reset_failure,202607162308,0.95,mean_long_lag_covariance,0.015285488179213052,,,whole_seed_trajectory_cluster,d6b2ebb744e6cd94483229e9c335a9aff14591d762a5f2d35dd6396d25cc8f74,T5.2.3
seed_cluster_summary,higher_leakage_injection,,0.0,injection_episode_rate_per_1000_cycles,0.0,0.0,0.0,ESTIMATED,,T5.2.3
seed_cluster_summary,higher_leakage_injection,,0.0,empirical_higher_injection_probability,0.0,0.0,0.0,ESTIMATED,,T5.2.3
seed_cluster_summary,higher_leakage_injection,,0.0,detection_probability,,,,NOT_APPLICABLE_NO_TRUE_EPISODES,,T5.2.3
seed_cluster_summary,higher_leakage_injection,,0.0,mean_detection_delay_steps,,,,NOT_APPLICABLE_NO_TRUE_EPISODES,,T5.2.3
seed_cluster_summary,higher_leakage_injection,,0.0,p95_detection_delay_steps,,,,NOT_APPLICABLE_NO_TRUE_EPISODES,,T5.2.3
seed_cluster_summary,higher_leakage_injection,,0.0,false_alarm_rate_per_healthy_step,0.000213623046875,0.00019979476928710938,0.0002307891845703125,ESTIMATED,,T5.2.3
seed_cluster_summary,higher_leakage_injection,,0.0,false_negative_rate_per_leakage_step,,,,NOT_APPLICABLE_NO_TRUE_EPISODES,,T5.2.3
seed_cluster_summary,higher_leakage_injection,,0.0,hidden_leakage_occupancy,0.0,0.0,0.0,ESTIMATED,,T5.2.3
seed_cluster_summary,higher_leakage_injection,,0.0,observed_leakage_alarm_rate,0.000213623046875,0.00019931793212890625,0.0002307891845703125,ESTIMATED,,T5.2.3
seed_cluster_summary,higher_leakage_injection,,0.0,declared_normal_action_availability,0.999786376953125,0.9997696876525879,0.9998006820678711,ESTIMATED,,T5.2.3
seed_cluster_summary,higher_leakage_injection,,0.0,safe_normal_action_availability,0.999786376953125,0.9997692108154297,0.9998002052307129,ESTIMATED,,T5.2.3
seed_cluster_summary,higher_leakage_injection,,0.0,unsafe_declared_available_fraction,0.0,0.0,0.0,ESTIMATED,,T5.2.3
seed_cluster_summary,higher_leakage_injection,,0.0,reset_requests_per_1000_cycles,0.42724609375,0.399565696716309,0.46062469482421875,ESTIMATED,,T5.2.3
seed_cluster_summary,higher_leakage_injection,,0.0,reset_attempts_per_1000_cycles,0.0,0.0,0.0,ESTIMATED,,T5.2.3
seed_cluster_summary,higher_leakage_injection,,0.0,empirical_reset_failure_probability,,,,NOT_APPLICABLE_NO_TRUE_EPISODES,,T5.2.3
seed_cluster_summary,higher_leakage_injection,,0.0,reset_failures_per_1000_cycles,0.0,0.0,0.0,ESTIMATED,,T5.2.3
seed_cluster_summary,higher_leakage_injection,,0.0,successful_resets_per_1000_cycles,0.0,0.0,0.0,ESTIMATED,,T5.2.3
seed_cluster_summary,higher_leakage_injection,,0.0,mean_hidden_leakage_run_steps,,,,NOT_APPLICABLE_NO_TRUE_EPISODES,,T5.2.3
seed_cluster_summary,higher_leakage_injection,,0.0,p95_hidden_leakage_run_steps,,,,NOT_APPLICABLE_NO_TRUE_EPISODES,,T5.2.3
seed_cluster_summary,higher_leakage_injection,,0.0,mean_short_lag_correlation,-0.00021367549775870343,-0.00023088868227862856,-0.00019948371992685972,ESTIMATED,,T5.2.3
seed_cluster_summary,higher_leakage_injection,,0.0,mean_long_lag_correlation,0.0005041664852251266,-0.00022554156825641876,0.0019433623915715214,ESTIMATED,,T5.2.3
seed_cluster_summary,higher_leakage_injection,,0.0,mean_long_lag_covariance,1.1503605894234228e-07,-5.16050843792634e-08,4.3927256602928884e-07,ESTIMATED,,T5.2.3
seed_cluster_summary,higher_leakage_injection,,0.00025,injection_episode_rate_per_1000_cycles,0.5178451538085938,0.4901885986328125,0.5435943603515625,ESTIMATED,,T5.2.3
seed_cluster_summary,higher_leakage_injection,,0.00025,empirical_higher_injection_probability,0.00026028485742487866,0.00024678487586306773,0.0002732141269998885,ESTIMATED,,T5.2.3
seed_cluster_summary,higher_leakage_injection,,0.00025,detection_probability,1.0,1.0,1.0,ESTIMATED,,T5.2.3
seed_cluster_summary,higher_leakage_injection,,0.00025,mean_detection_delay_steps,0.05158069795558079,0.04316365841914042,0.06011213140443748,ESTIMATED,,T5.2.3
seed_cluster_summary,higher_leakage_injection,,0.00025,p95_detection_delay_steps,0.39999999999999947,0.125,0.7124999999999995,ESTIMATED,,T5.2.3
seed_cluster_summary,higher_leakage_injection,,0.00025,false_alarm_rate_per_healthy_step,0.000213748100590254,0.00019891762715883594,0.00023095745157697571,ESTIMATED,,T5.2.3
seed_cluster_summary,higher_leakage_injection,,0.00025,false_negative_rate_per_leakage_step,0.051434998331420796,0.046950295194051625,0.05621469422865016,ESTIMATED,,T5.2.3
seed_cluster_summary,higher_leakage_injection,,0.00025,hidden_leakage_occupancy,0.0028128623962402344,0.0024871826171875,0.0031676292419433594,ESTIMATED,,T5.2.3
seed_cluster_summary,higher_leakage_injection,,0.00025,observed_leakage_alarm_rate,0.0028829574584960938,0.002560138702392578,0.0032339096069335938,ESTIMATED,,T5.2.3
seed_cluster_summary,higher_leakage_injection,,0.00025,declared_normal_action_availability,0.9971170425415039,0.9967670321464539,0.9974370002746582,ESTIMATED,,T5.2.3
seed_cluster_summary,higher_leakage_injection,,0.00025,safe_normal_action_availability,0.996973991394043,0.996612548828125,0.9972987174987793,ESTIMATED,,T5.2.3
seed_cluster_summary,higher_leakage_injection,,0.00025,unsafe_declared_available_fraction,0.0001430511474609375,0.00012731552124023438,0.00015735626220703125,ESTIMATED,,T5.2.3
seed_cluster_summary,higher_leakage_injection,,0.00025,reset_requests_per_1000_cycles,5.7659149169921875,5.123138427734375,6.4640045166015625,ESTIMATED,,T5.2.3
seed_cluster_summary,higher_leakage_injection,,0.00025,reset_attempts_per_1000_cycles,5.339622497558594,4.706382751464844,6.031036376953125,ESTIMATED,,T5.2.3
seed_cluster_summary,higher_leakage_injection,,0.00025,empirical_reset_failure_probability,0.9013705689693756,0.8931604661819421,0.9101591236557183,ESTIMATED,,T5.2.3
seed_cluster_summary,higher_leakage_injection,,0.00025,reset_failures_per_1000_cycles,4.8236846923828125,4.2247772216796875,5.511283874511719,ESTIMATED,,T5.2.3
seed_cluster_summary,higher_leakage_injection,,0.00025,successful_resets_per_1000_cycles,0.5159378051757812,0.48542022705078125,0.5445480346679688,ESTIMATED,,T5.2.3
seed_cluster_summary,higher_leakage_injection,,0.00025,mean_hidden_leakage_run_steps,10.771395878888871,9.83018468264737,11.868622275167178,ESTIMATED,,T5.2.3
seed_cluster_summary,higher_leakage_injection,,0.00025,p95_hidden_leakage_run_steps,29.662499999999994,27.63734375,31.78124999999999,ESTIMATED,,T5.2.3
seed_cluster_summary,higher_leakage_injection,,0.00025,mean_short_lag_correlation,0.6982558416318588,0.6772017491884226,0.7221956797722249,ESTIMATED,,T5.2.3
seed_cluster_summary,higher_leakage_injection,,0.00025,mean_long_lag_correlation,0.2030990284052529,0.18102791677059657,0.22649362109559323,ESTIMATED,,T5.2.3
seed_cluster_summary,higher_leakage_injection,,0.00025,mean_long_lag_covariance,0.0005988076628914303,0.0004755889784673333,0.0007360246172727159,ESTIMATED,,T5.2.3
seed_cluster_summary,higher_leakage_injection,,0.0005,injection_episode_rate_per_1000_cycles,0.9927749633789062,0.934600830078125,1.0423660278320312,ESTIMATED,,T5.2.3
seed_cluster_summary,higher_leakage_injection,,0.0005,empirical_higher_injection_probability,0.0005001835047949174,0.0004706788848502422,0.0005256176272454612,ESTIMATED,,T5.2.3
seed_cluster_summary,higher_leakage_injection,,0.0005,detection_probability,1.0,1.0,1.0,ESTIMATED,,T5.2.3
seed_cluster_summary,higher_leakage_injection,,0.0005,mean_detection_delay_steps,0.05736481019503567,0.04896538080442609,0.06694582582977682,ESTIMATED,,T5.2.3
seed_cluster_summary,higher_leakage_injection,,0.0005,p95_detection_delay_steps,0.4375,0.125,0.75,ESTIMATED,,T5.2.3
seed_cluster_summary,higher_leakage_injection,,0.0005,false_alarm_rate_per_healthy_step,0.00021430562456751877,0.0001994351024554838,0.00023163735512850037,ESTIMATED,,T5.2.3
seed_cluster_summary,higher_leakage_injection,,0.0005,false_negative_rate_per_leakage_step,0.04816081575386269,0.04671858918791226,0.04985765244832976,ESTIMATED,,T5.2.3
seed_cluster_summary,higher_leakage_injection,,0.0005,hidden_leakage_occupancy,0.005387306213378906,0.0047512054443359375,0.005950927734375,ESTIMATED,,T5.2.3
seed_cluster_summary,higher_leakage_injection,,0.0005,observed_leakage_alarm_rate,0.005342006683349609,0.0047454833984375,0.005885601043701172,ESTIMATED,,T5.2.3
seed_cluster_summary,higher_leakage_injection,,0.0005,declared_normal_action_availability,0.9946579933166504,0.9941196084022522,0.9952616691589355,ESTIMATED,,T5.2.3
seed_cluster_summary,higher_leakage_injection,,0.0005,safe_normal_action_availability,0.9943995475769043,0.993833065032959,0.9950218319892883,ESTIMATED,,T5.2.3
seed_cluster_summary,higher_leakage_injection,,0.0005,unsafe_declared_available_fraction,0.00025844573974609375,0.00023126602172851562,0.00028133392333984375,ESTIMATED,,T5.2.3
seed_cluster_summary,higher_leakage_injection,,0.0005,reset_requests_per_1000_cycles,10.684013366699219,9.485244750976562,11.76555156707763,ESTIMATED,,T5.2.3
seed_cluster_summary,higher_leakage_injection,,0.0005,reset_attempts_per_1000_cycles,10.257720947265625,9.057998657226562,11.358261108398438,ESTIMATED,,T5.2.3
seed_cluster_summary,higher_leakage_injection,,0.0005,empirical_reset_failure_probability,0.9019487677149809,0.8944690377429008,0.90902666310173,ESTIMATED,,T5.2.3
seed_cluster_summary,higher_leakage_injection,,0.0005,reset_failures_per_1000_cycles,9.268760681152344,8.127212524414062,10.312080383300781,ESTIMATED,,T5.2.3
seed_cluster_summary,higher_leakage_injection,,0.0005,successful_resets_per_1000_cycles,0.9889602661132812,0.9279251098632812,1.0395050048828125,ESTIMATED,,T5.2.3
seed_cluster_summary,higher_leakage_injection,,0.0005,mean_hidden_leakage_run_steps,10.740492062308496,9.938036188214655,11.587636062475799,ESTIMATED,,T5.2.3
seed_cluster_summary,higher_leakage_injection,,0.0005,p95_hidden_leakage_run_steps,29.78125,27.56875,31.793749999999996,ESTIMATED,,T5.2.3
seed_cluster_summary,higher_leakage_injection,,0.0005,mean_short_lag_correlation,0.726647923767181,0.7085404805878075,0.7445316552270616,ESTIMATED,,T5.2.3
seed_cluster_summary,higher_leakage_injection,,0.0005,mean_long_lag_correlation,0.21724388423055632,0.1906340875547444,0.24221084963978282,ESTIMATED,,T5.2.3
seed_cluster_summary,higher_leakage_injection,,0.0005,mean_long_lag_covariance,0.0011827124643092866,0.0009358369803436598,0.001417214559724268,ESTIMATED,,T5.2.3
seed_cluster_summary,higher_leakage_injection,,0.001,injection_episode_rate_per_1000_cycles,1.9989013671875,1.9245147705078125,2.071380615234375,ESTIMATED,,T5.2.3
seed_cluster_summary,higher_leakage_injection,,0.001,empirical_higher_injection_probability,0.0010122964569723957,0.0009735845387866312,0.0010500321557062003,ESTIMATED,,T5.2.3
seed_cluster_summary,higher_leakage_injection,,0.001,detection_probability,1.0,1.0,1.0,ESTIMATED,,T5.2.3
seed_cluster_summary,higher_leakage_injection,,0.001,mean_detection_delay_steps,0.05264768109134933,0.04271051166839588,0.0643317318117401,ESTIMATED,,T5.2.3
seed_cluster_summary,higher_leakage_injection,,0.001,p95_detection_delay_steps,0.3999999999999986,0.125,0.75,ESTIMATED,,T5.2.3
seed_cluster_summary,higher_leakage_injection,,0.001,false_alarm_rate_per_healthy_step,0.000215042296594729,0.000200163980395985,0.00023240954983366324,ESTIMATED,,T5.2.3
seed_cluster_summary,higher_leakage_injection,,0.001,false_negative_rate_per_leakage_step,0.048445673103957275,0.04631880245276442,0.0506568955220409,ESTIMATED,,T5.2.3
seed_cluster_summary,higher_leakage_injection,,0.001,hidden_leakage_occupancy,0.011016845703125,0.010181879997253418,0.011821746826171875,ESTIMATED,,T5.2.3
seed_cluster_summary,higher_leakage_injection,,0.001,observed_leakage_alarm_rate,0.01069784164428711,0.009881901741027833,0.011476993560791016,ESTIMATED,,T5.2.3
seed_cluster_summary,higher_leakage_injection,,0.001,declared_normal_action_availability,0.9893021583557129,0.9885096549987793,0.9901161193847656,ESTIMATED,,T5.2.3
seed_cluster_summary,higher_leakage_injection,,0.001,safe_normal_action_availability,0.9887704849243164,0.9879626989364624,0.9896159172058105,ESTIMATED,,T5.2.3
seed_cluster_summary,higher_leakage_injection,,0.001,unsafe_declared_available_fraction,0.0005316734313964844,0.0004968643188476562,0.0005640983581542969,ESTIMATED,,T5.2.3
seed_cluster_summary,higher_leakage_injection,,0.001,reset_requests_per_1000_cycles,21.39568328857422,19.748687744140625,22.963523864746094,ESTIMATED,,T5.2.3
seed_cluster_summary,higher_leakage_injection,,0.001,reset_attempts_per_1000_cycles,20.97034454345703,19.342327117919922,22.535324096679688,ESTIMATED,,T5.2.3
seed_cluster_summary,higher_leakage_injection,,0.001,empirical_reset_failure_probability,0.9040862145815027,0.8989029853328268,0.9093779769892781,ESTIMATED,,T5.2.3
seed_cluster_summary,higher_leakage_injection,,0.001,reset_failures_per_1000_cycles,18.975257873535156,17.442512512207035,20.483016967773438,ESTIMATED,,T5.2.3
seed_cluster_summary,higher_leakage_injection,,0.001,successful_resets_per_1000_cycles,1.995086669921875,1.9207000732421875,2.0608901977539062,ESTIMATED,,T5.2.3
seed_cluster_summary,higher_leakage_injection,,0.001,mean_hidden_leakage_run_steps,10.95218229280703,10.332963990317069,11.600275106302725,ESTIMATED,,T5.2.3
seed_cluster_summary,higher_leakage_injection,,0.001,p95_hidden_leakage_run_steps,31.43124999999999,29.287499999999994,33.32499999999999,ESTIMATED,,T5.2.3
seed_cluster_summary,higher_leakage_injection,,0.001,mean_short_lag_correlation,0.7455351433541619,0.7342532495957401,0.7575235378004987,ESTIMATED,,T5.2.3
seed_cluster_summary,higher_leakage_injection,,0.001,mean_long_lag_correlation,0.23140968498569703,0.21086631875416254,0.24846441637789995,ESTIMATED,,T5.2.3
seed_cluster_summary,higher_leakage_injection,,0.001,mean_long_lag_covariance,0.0024798485894196943,0.0021036062943502213,0.002835097477144834,ESTIMATED,,T5.2.3
seed_cluster_summary,higher_leakage_injection,,0.002,injection_episode_rate_per_1000_cycles,3.92913818359375,3.8347244262695312,4.050254821777344,ESTIMATED,,T5.2.3
seed_cluster_summary,higher_leakage_injection,,0.002,empirical_higher_injection_probability,0.002009069997372161,0.0019610716224089542,0.002072078246144554,ESTIMATED,,T5.2.3
seed_cluster_summary,higher_leakage_injection,,0.002,detection_probability,1.0,1.0,1.0,ESTIMATED,,T5.2.3
seed_cluster_summary,higher_leakage_injection,,0.002,mean_detection_delay_steps,0.051194243747908146,0.04595856402657693,0.057073217598362286,ESTIMATED,,T5.2.3
seed_cluster_summary,higher_leakage_injection,,0.002,p95_detection_delay_steps,0.39374999999999716,0.125,0.75,ESTIMATED,,T5.2.3
seed_cluster_summary,higher_leakage_injection,,0.002,false_alarm_rate_per_healthy_step,0.00021539177971773355,0.00020128321552570174,0.00023240496986686826,ESTIMATED,,T5.2.3
seed_cluster_summary,higher_leakage_injection,,0.002,false_negative_rate_per_leakage_step,0.049514525972422355,0.047939963622929196,0.0511285884419127,ESTIMATED,,T5.2.3
seed_cluster_summary,higher_leakage_injection,,0.002,hidden_leakage_occupancy,0.02148914337158203,0.020914077758789062,0.02209283113479614,ESTIMATED,,T5.2.3
seed_cluster_summary,higher_leakage_injection,,0.002,observed_leakage_alarm_rate,0.02063608169555664,0.02009105682373047,0.02122594118118286,ESTIMATED,,T5.2.3
seed_cluster_summary,higher_leakage_injection,,0.002,declared_normal_action_availability,0.9793639183044434,0.9787783622741699,0.9799070358276367,ESTIMATED,,T5.2.3
seed_cluster_summary,higher_leakage_injection,,0.002,safe_normal_action_availability,0.9783000946044922,0.9776740074157715,0.9788761138916016,ESTIMATED,,T5.2.3
seed_cluster_summary,higher_leakage_injection,,0.002,unsafe_declared_available_fraction,0.0010638236999511719,0.0010218620300292969,0.0011076927185058594,ESTIMATED,,T5.2.3
seed_cluster_summary,higher_leakage_injection,,0.002,reset_requests_per_1000_cycles,41.27216339111328,40.18211364746094,42.45758056640625,ESTIMATED,,T5.2.3
seed_cluster_summary,higher_leakage_injection,,0.002,reset_attempts_per_1000_cycles,40.85063934326172,39.78157043457031,42.018890380859375,ESTIMATED,,T5.2.3
seed_cluster_summary,higher_leakage_injection,,0.002,empirical_reset_failure_probability,0.9038250684067819,0.9010521494997172,0.906135693838904,ESTIMATED,,T5.2.3
seed_cluster_summary,higher_leakage_injection,,0.002,reset_failures_per_1000_cycles,36.925315856933594,35.8799934387207,38.03255558013916,ESTIMATED,,T5.2.3
seed_cluster_summary,higher_leakage_injection,,0.002,successful_resets_per_1000_cycles,3.925323486328125,3.8394927978515625,4.032135009765625,ESTIMATED,,T5.2.3
seed_cluster_summary,higher_leakage_injection,,0.002,mean_hidden_leakage_run_steps,10.87136751815572,10.56152492955249,11.13088627535473,ESTIMATED,,T5.2.3
seed_cluster_summary,higher_leakage_injection,,0.002,p95_hidden_leakage_run_steps,31.637499999999996,30.568749999999994,32.61281249999997,ESTIMATED,,T5.2.3
seed_cluster_summary,higher_leakage_injection,,0.002,mean_short_lag_correlation,0.7495284246166884,0.7449215682596226,0.7540980886507027,ESTIMATED,,T5.2.3
seed_cluster_summary,higher_leakage_injection,,0.002,mean_long_lag_correlation,0.22644790963591294,0.2155613534152436,0.23488788339939204,ESTIMATED,,T5.2.3
seed_cluster_summary,higher_leakage_injection,,0.002,mean_long_lag_covariance,0.004578567286556446,0.004295842878987875,0.004778701885427166,ESTIMATED,,T5.2.3
seed_cluster_summary,higher_leakage_injection,,0.004,injection_episode_rate_per_1000_cycles,7.6961517333984375,7.56072998046875,7.843017578125,ESTIMATED,,T5.2.3
seed_cluster_summary,higher_leakage_injection,,0.004,empirical_higher_injection_probability,0.004012874991753461,0.00394125653196563,0.004093955049820559,ESTIMATED,,T5.2.3
seed_cluster_summary,higher_leakage_injection,,0.004,detection_probability,1.0,1.0,1.0,ESTIMATED,,T5.2.3
seed_cluster_summary,higher_leakage_injection,,0.004,mean_detection_delay_steps,0.05498863727596566,0.05173566647903514,0.05769130003299987,ESTIMATED,,T5.2.3
seed_cluster_summary,higher_leakage_injection,,0.004,p95_detection_delay_steps,0.7249999999999943,0.375,0.9749999999999943,ESTIMATED,,T5.2.3
seed_cluster_summary,higher_leakage_injection,,0.004,false_alarm_rate_per_healthy_step,0.00021659176569817996,0.00020163118496391693,0.00023490260807725613,ESTIMATED,,T5.2.3
seed_cluster_summary,higher_leakage_injection,,0.004,false_negative_rate_per_leakage_step,0.05033017752516941,0.04955066417253215,0.051141774348758946,ESTIMATED,,T5.2.3
seed_cluster_summary,higher_leakage_injection,,0.004,hidden_leakage_occupancy,0.04233121871948242,0.0412144660949707,0.043521416187286374,ESTIMATED,,T5.2.3
seed_cluster_summary,higher_leakage_injection,,0.004,observed_leakage_alarm_rate,0.04040813446044922,0.03934335708618164,0.0415496826171875,ESTIMATED,,T5.2.3
seed_cluster_summary,higher_leakage_injection,,0.004,declared_normal_action_availability,0.9595918655395508,0.9584560394287109,0.9606542587280273,ESTIMATED,,T5.2.3
seed_cluster_summary,higher_leakage_injection,,0.004,safe_normal_action_availability,0.9574613571166992,0.9562516212463379,0.9585771560668945,ESTIMATED,,T5.2.3
seed_cluster_summary,higher_leakage_injection,,0.004,unsafe_declared_available_fraction,0.0021305084228515625,0.0020647048950195312,0.0021986961364746094,ESTIMATED,,T5.2.3
seed_cluster_summary,higher_leakage_injection,,0.004,reset_requests_per_1000_cycles,80.81626892089844,78.72772216796875,83.1298828125,ESTIMATED,,T5.2.3
seed_cluster_summary,higher_leakage_injection,,0.004,reset_attempts_per_1000_cycles,80.40142059326172,78.2527208328247,82.68165588378906,ESTIMATED,,T5.2.3
seed_cluster_summary,higher_leakage_injection,,0.004,empirical_reset_failure_probability,0.9043009544436502,0.9021444924067181,0.9062548190750876,ESTIMATED,,T5.2.3
seed_cluster_summary,higher_leakage_injection,,0.004,reset_failures_per_1000_cycles,72.71480560302734,70.63579559326172,74.96356964111328,ESTIMATED,,T5.2.3
seed_cluster_summary,higher_leakage_injection,,0.004,successful_resets_per_1000_cycles,7.686614990234375,7.569313049316406,7.8144073486328125,ESTIMATED,,T5.2.3
seed_cluster_summary,higher_leakage_injection,,0.004,mean_hidden_leakage_run_steps,10.947862809124524,10.690379477076712,11.171778022765144,ESTIMATED,,T5.2.3
seed_cluster_summary,higher_leakage_injection,,0.004,p95_hidden_leakage_run_steps,32.125,31.75,32.5,ESTIMATED,,T5.2.3
seed_cluster_summary,higher_leakage_injection,,0.004,mean_short_lag_correlation,0.7498711184426872,0.7456124041233261,0.7535508087667249,ESTIMATED,,T5.2.3
seed_cluster_summary,higher_leakage_injection,,0.004,mean_long_lag_correlation,0.22412348081594943,0.2166019888321099,0.23060391872441807,ESTIMATED,,T5.2.3
seed_cluster_summary,higher_leakage_injection,,0.004,mean_long_lag_covariance,0.00870316962974513,0.008237646671894923,0.009166727643123072,ESTIMATED,,T5.2.3
seed_cluster_summary,higher_reset_failure,,0.0,injection_episode_rate_per_1000_cycles,4.126548767089844,3.9663314819335938,4.265809059143065,ESTIMATED,,T5.2.3
seed_cluster_summary,higher_reset_failure,,0.0,empirical_higher_injection_probability,0.0020688869443181834,0.0019884119460096546,0.002141101141818675,ESTIMATED,,T5.2.3
seed_cluster_summary,higher_reset_failure,,0.0,detection_probability,1.0,1.0,1.0,ESTIMATED,,T5.2.3
seed_cluster_summary,higher_reset_failure,,0.0,mean_detection_delay_steps,0.0530825897529525,0.046541471229210235,0.05889714529926378,ESTIMATED,,T5.2.3
seed_cluster_summary,higher_reset_failure,,0.0,p95_detection_delay_steps,0.625,0.25,0.875,ESTIMATED,,T5.2.3
seed_cluster_summary,higher_reset_failure,,0.0,false_alarm_rate_per_healthy_step,0.00018828367286336743,0.00017917793268598902,0.0001992812503349061,ESTIMATED,,T5.2.3
seed_cluster_summary,higher_reset_failure,,0.0,false_negative_rate_per_leakage_step,0.05033644249218419,0.044462288305873475,0.0556045811036302,ESTIMATED,,T5.2.3
seed_cluster_summary,higher_reset_failure,,0.0,hidden_leakage_occupancy,0.0021729469299316406,0.0020885467529296875,0.0022487640380859375,ESTIMATED,,T5.2.3
seed_cluster_summary,higher_reset_failure,,0.0,observed_leakage_alarm_rate,0.002251148223876953,0.002166748046875,0.002326488494873047,ESTIMATED,,T5.2.3
seed_cluster_summary,higher_reset_failure,,0.0,declared_normal_action_availability,0.997748851776123,0.9976744651794434,0.997833251953125,ESTIMATED,,T5.2.3
seed_cluster_summary,higher_reset_failure,,0.0,safe_normal_action_availability,0.9976391792297363,0.9975581169128418,0.9977302551269531,ESTIMATED,,T5.2.3
seed_cluster_summary,higher_reset_failure,,0.0,unsafe_declared_available_fraction,0.00010967254638671875,9.489059448242188e-05,0.00012254714965820312,ESTIMATED,,T5.2.3
seed_cluster_summary,higher_reset_failure,,0.0,reset_requests_per_1000_cycles,4.502296447753906,4.330635070800781,4.652976989746094,ESTIMATED,,T5.2.3
seed_cluster_summary,higher_reset_failure,,0.0,reset_attempts_per_1000_cycles,4.126548767089844,3.9663314819335938,4.268670082092283,ESTIMATED,,T5.2.3
seed_cluster_summary,higher_reset_failure,,0.0,empirical_reset_failure_probability,0.0,0.0,0.0,ESTIMATED,,T5.2.3
seed_cluster_summary,higher_reset_failure,,0.0,reset_failures_per_1000_cycles,0.0,0.0,0.0,ESTIMATED,,T5.2.3
seed_cluster_summary,higher_reset_failure,,0.0,successful_resets_per_1000_cycles,4.126548767089844,3.9644241333007812,4.262948036193846,ESTIMATED,,T5.2.3
seed_cluster_summary,higher_reset_failure,,0.0,mean_hidden_leakage_run_steps,1.0550369048272665,1.047648123716297,1.0617619183671076,ESTIMATED,,T5.2.3
seed_cluster_summary,higher_reset_failure,,0.0,p95_hidden_leakage_run_steps,1.625,1.25,1.875,ESTIMATED,,T5.2.3
seed_cluster_summary,higher_reset_failure,,0.0,mean_short_lag_correlation,-5.367027217123693e-05,-0.0009560119928169496,0.0008420293220460382,ESTIMATED,,T5.2.3
seed_cluster_summary,higher_reset_failure,,0.0,mean_long_lag_correlation,-0.00038416537618459807,-0.0008580689169222937,-2.639555345342478e-05,ESTIMATED,,T5.2.3
seed_cluster_summary,higher_reset_failure,,0.0,mean_long_lag_covariance,-8.7806630007878e-07,-1.999371260132864e-06,-5.148643034032008e-08,ESTIMATED,,T5.2.3
seed_cluster_summary,higher_reset_failure,,0.25,injection_episode_rate_per_1000_cycles,4.124641418457031,3.9663314819335938,4.260063171386719,ESTIMATED,,T5.2.3
seed_cluster_summary,higher_reset_failure,,0.25,empirical_higher_injection_probability,0.002069414625752033,0.0019894264735348544,0.0021408697699156925,ESTIMATED,,T5.2.3
seed_cluster_summary,higher_reset_failure,,0.25,detection_probability,1.0,1.0,1.0,ESTIMATED,,T5.2.3
seed_cluster_summary,higher_reset_failure,,0.25,mean_detection_delay_steps,0.05310535347840063,0.046531241921006924,0.058923564381389376,ESTIMATED,,T5.2.3
seed_cluster_summary,higher_reset_failure,,0.25,p95_detection_delay_steps,0.625,0.25,0.875,ESTIMATED,,T5.2.3
seed_cluster_summary,higher_reset_failure,,0.25,false_alarm_rate_per_healthy_step,0.00018794046322346425,0.00017885301601228615,0.0001980111197998552,ESTIMATED,,T5.2.3
seed_cluster_summary,higher_reset_failure,,0.25,false_negative_rate_per_leakage_step,0.051922524821847685,0.04683214021755815,0.05596243914263324,ESTIMATED,,T5.2.3
seed_cluster_summary,higher_reset_failure,,0.25,hidden_leakage_occupancy,0.0028862953186035156,0.002780914306640625,0.0029916763305664062,ESTIMATED,,T5.2.3
seed_cluster_summary,higher_reset_failure,,0.25,observed_leakage_alarm_rate,0.0029239654541015625,0.002814769744873047,0.0030312657356262197,ESTIMATED,,T5.2.3
seed_cluster_summary,higher_reset_failure,,0.25,declared_normal_action_availability,0.9970760345458984,0.996969211101532,0.9971857070922852,ESTIMATED,,T5.2.3
seed_cluster_summary,higher_reset_failure,,0.25,safe_normal_action_availability,0.9969263076782227,0.9968166351318359,0.9970378875732422,ESTIMATED,,T5.2.3
seed_cluster_summary,higher_reset_failure,,0.25,unsafe_declared_available_fraction,0.00014972686767578125,0.00013446807861328125,0.00016260147094726562,ESTIMATED,,T5.2.3
seed_cluster_summary,higher_reset_failure,,0.25,reset_requests_per_1000_cycles,5.847930908203125,5.625724792480469,6.058692932128906,ESTIMATED,,T5.2.3
seed_cluster_summary,higher_reset_failure,,0.25,reset_attempts_per_1000_cycles,5.473136901855469,5.257606506347656,5.67343235015869,ESTIMATED,,T5.2.3
seed_cluster_summary,higher_reset_failure,,0.25,empirical_reset_failure_probability,0.24680999146104116,0.24084916120252275,0.2525027715654587,ESTIMATED,,T5.2.3
seed_cluster_summary,higher_reset_failure,,0.25,reset_failures_per_1000_cycles,1.3513565063476562,1.2884140014648438,1.4190673828125,ESTIMATED,,T5.2.3
seed_cluster_summary,higher_reset_failure,,0.25,successful_resets_per_1000_cycles,4.1217803955078125,3.9615631103515625,4.258155822753906,ESTIMATED,,T5.2.3
seed_cluster_summary,higher_reset_failure,,0.25,mean_hidden_leakage_run_steps,1.402836989444218,1.3932240669081186,1.4125402926561244,ESTIMATED,,T5.2.3
seed_cluster_summary,higher_reset_failure,,0.25,p95_hidden_leakage_run_steps,3.0,3.0,3.0,ESTIMATED,,T5.2.3
seed_cluster_summary,higher_reset_failure,,0.25,mean_short_lag_correlation,0.09621147636992547,0.09414200467350306,0.09829821516232527,ESTIMATED,,T5.2.3
seed_cluster_summary,higher_reset_failure,,0.25,mean_long_lag_correlation,-0.0005576485765342488,-0.00104511469219627,-4.813165728561014e-05,ESTIMATED,,T5.2.3
seed_cluster_summary,higher_reset_failure,,0.25,mean_long_lag_covariance,-1.639717441574985e-06,-3.142157273480789e-06,-1.43179961297353e-07,ESTIMATED,,T5.2.3
seed_cluster_summary,higher_reset_failure,,0.5,injection_episode_rate_per_1000_cycles,4.116058349609375,3.9577484130859375,4.258155822753906,ESTIMATED,,T5.2.3
seed_cluster_summary,higher_reset_failure,,0.5,empirical_higher_injection_probability,0.00206820541558894,0.0019882813913023965,0.0021403897800555786,ESTIMATED,,T5.2.3
seed_cluster_summary,higher_reset_failure,,0.5,detection_probability,1.0,1.0,1.0,ESTIMATED,,T5.2.3
seed_cluster_summary,higher_reset_failure,,0.5,mean_detection_delay_steps,0.053211662156071135,0.0466979664383435,0.05899688689952687,ESTIMATED,,T5.2.3
seed_cluster_summary,higher_reset_failure,,0.5,p95_detection_delay_steps,0.625,0.25,0.875,ESTIMATED,,T5.2.3
seed_cluster_summary,higher_reset_failure,,0.5,false_alarm_rate_per_healthy_step,0.0001882222985290992,0.0001791231403070486,0.00019831170723159943,ESTIMATED,,T5.2.3
seed_cluster_summary,higher_reset_failure,,0.5,false_negative_rate_per_leakage_step,0.05185638564754402,0.04787537778790294,0.05577381512534223,ESTIMATED,,T5.2.3
seed_cluster_summary,higher_reset_failure,,0.5,hidden_leakage_occupancy,0.004374980926513672,0.00417708158493042,0.004556179046630859,ESTIMATED,,T5.2.3
seed_cluster_summary,higher_reset_failure,,0.5,observed_leakage_alarm_rate,0.004335880279541016,0.0041408538818359375,0.0045166015625,ESTIMATED,,T5.2.3
seed_cluster_summary,higher_reset_failure,,0.5,declared_normal_action_availability,0.995664119720459,0.9954833984375,0.9958677291870117,ESTIMATED,,T5.2.3
seed_cluster_summary,higher_reset_failure,,0.5,safe_normal_action_availability,0.9954376220703125,0.9952554702758789,0.9956436157226562,ESTIMATED,,T5.2.3
seed_cluster_summary,higher_reset_failure,,0.5,unsafe_declared_available_fraction,0.00022649765014648438,0.00020837783813476562,0.000244140625,ESTIMATED,,T5.2.3
seed_cluster_summary,higher_reset_failure,,0.5,reset_requests_per_1000_cycles,8.671760559082031,8.264541625976562,9.033203125,ESTIMATED,,T5.2.3
seed_cluster_summary,higher_reset_failure,,0.5,reset_attempts_per_1000_cycles,8.296966552734375,7.9193115234375,8.645057678222656,ESTIMATED,,T5.2.3
seed_cluster_summary,higher_reset_failure,,0.5,empirical_reset_failure_probability,0.5034934615807827,0.4973411193386825,0.5102339862733141,ESTIMATED,,T5.2.3
seed_cluster_summary,higher_reset_failure,,0.5,reset_failures_per_1000_cycles,4.180908203125,3.9472579956054688,4.393577575683594,ESTIMATED,,T5.2.3
seed_cluster_summary,higher_reset_failure,,0.5,successful_resets_per_1000_cycles,4.116058349609375,3.9539337158203125,4.2572021484375,ESTIMATED,,T5.2.3
seed_cluster_summary,higher_reset_failure,,0.5,mean_hidden_leakage_run_steps,2.1278013197792673,2.1024341450758097,2.153886607759625,ESTIMATED,,T5.2.3
seed_cluster_summary,higher_reset_failure,,0.5,p95_hidden_leakage_run_steps,5.1812499999999915,5.0249999999999915,5.4312499999999915,ESTIMATED,,T5.2.3
seed_cluster_summary,higher_reset_failure,,0.5,mean_short_lag_correlation,0.2575721056266109,0.2520928179142067,0.26285536259040165,ESTIMATED,,T5.2.3
seed_cluster_summary,higher_reset_failure,,0.5,mean_long_lag_correlation,0.0011188648511502668,0.00018286962685423014,0.0022302438585809587,ESTIMATED,,T5.2.3
seed_cluster_summary,higher_reset_failure,,0.5,mean_long_lag_covariance,4.953652708612883e-06,7.604361974627247e-07,1.0013390340606674e-05,ESTIMATED,,T5.2.3
seed_cluster_summary,higher_reset_failure,,0.75,injection_episode_rate_per_1000_cycles,4.099845886230469,3.9453506469726562,4.236245155334471,ESTIMATED,,T5.2.3
seed_cluster_summary,higher_reset_failure,,0.75,empirical_higher_injection_probability,0.002069209441243932,0.001990443329697839,0.002139479546702516,ESTIMATED,,T5.2.3
seed_cluster_summary,higher_reset_failure,,0.75,detection_probability,1.0,1.0,1.0,ESTIMATED,,T5.2.3
seed_cluster_summary,higher_reset_failure,,0.75,mean_detection_delay_steps,0.05342850085747958,0.046832949024519024,0.05934383014620203,ESTIMATED,,T5.2.3
seed_cluster_summary,higher_reset_failure,,0.75,p95_detection_delay_steps,0.625,0.25,0.875,ESTIMATED,,T5.2.3
seed_cluster_summary,higher_reset_failure,,0.75,false_alarm_rate_per_healthy_step,0.00018809437739267964,0.00017980073314101597,0.00019827185900975127,ESTIMATED,,T5.2.3
seed_cluster_summary,higher_reset_failure,,0.75,false_negative_rate_per_leakage_step,0.05187923151010272,0.04852360461168193,0.05582587746006342,ESTIMATED,,T5.2.3
seed_cluster_summary,higher_reset_failure,,0.75,hidden_leakage_occupancy,0.00875091552734375,0.008271217346191406,0.009274005889892578,ESTIMATED,,T5.2.3
seed_cluster_summary,higher_reset_failure,,0.75,observed_leakage_alarm_rate,0.008482933044433594,0.008025169372558594,0.008977890014648438,ESTIMATED,,T5.2.3
seed_cluster_summary,higher_reset_failure,,0.75,declared_normal_action_availability,0.9915170669555664,0.9910201907157898,0.9919748306274414,ESTIMATED,,T5.2.3
seed_cluster_summary,higher_reset_failure,,0.75,safe_normal_action_availability,0.9910626411437988,0.9905366897583008,0.9915409088134766,ESTIMATED,,T5.2.3
seed_cluster_summary,higher_reset_failure,,0.75,unsafe_declared_available_fraction,0.0004544258117675781,0.0004124641418457031,0.0004987716674804688,ESTIMATED,,T5.2.3
seed_cluster_summary,higher_reset_failure,,0.75,reset_requests_per_1000_cycles,16.965866088867188,16.0675048828125,17.965316772460938,ESTIMATED,,T5.2.3
seed_cluster_summary,higher_reset_failure,,0.75,reset_attempts_per_1000_cycles,16.592979431152344,15.7012939453125,17.5771951675415,ESTIMATED,,T5.2.3
seed_cluster_summary,higher_reset_failure,,0.75,empirical_reset_failure_probability,0.7527304585098207,0.7468569906559007,0.75947224727976,ESTIMATED,,T5.2.3
seed_cluster_summary,higher_reset_failure,,0.75,reset_failures_per_1000_cycles,12.500762939453125,11.725425720214844,13.343906402587882,ESTIMATED,,T5.2.3
seed_cluster_summary,higher_reset_failure,,0.75,successful_resets_per_1000_cycles,4.092216491699219,3.9300918579101562,4.232430458068846,ESTIMATED,,T5.2.3
seed_cluster_summary,higher_reset_failure,,0.75,mean_hidden_leakage_run_steps,4.260123575840022,4.160086761051026,4.374987034022434,ESTIMATED,,T5.2.3
seed_cluster_summary,higher_reset_failure,,0.75,p95_hidden_leakage_run_steps,11.706249999999997,11.25,12.162499999999994,ESTIMATED,,T5.2.3
seed_cluster_summary,higher_reset_failure,,0.75,mean_short_lag_correlation,0.5115379212281439,0.5031948502203734,0.5200544856373931,ESTIMATED,,T5.2.3
seed_cluster_summary,higher_reset_failure,,0.75,mean_long_lag_correlation,0.03771260913786349,0.03246445612455569,0.042728997881413516,ESTIMATED,,T5.2.3
seed_cluster_summary,higher_reset_failure,,0.75,mean_long_lag_covariance,0.0003198225584117914,0.0002652014168024457,0.00037634776142714526,ESTIMATED,,T5.2.3
seed_cluster_summary,higher_reset_failure,,0.9,injection_episode_rate_per_1000_cycles,4.054069519042969,3.9014816284179688,4.195213317871094,ESTIMATED,,T5.2.3
seed_cluster_summary,higher_reset_failure,,0.9,empirical_higher_injection_probability,0.0020725272310969196,0.001993522267160026,0.0021451489412750878,ESTIMATED,,T5.2.3
seed_cluster_summary,higher_reset_failure,,0.9,detection_probability,1.0,1.0,1.0,ESTIMATED,,T5.2.3
seed_cluster_summary,higher_reset_failure,,0.9,mean_detection_delay_steps,0.05262290064683644,0.04629016604432313,0.058338516447753425,ESTIMATED,,T5.2.3
seed_cluster_summary,higher_reset_failure,,0.9,p95_detection_delay_steps,0.625,0.25,0.875,ESTIMATED,,T5.2.3
seed_cluster_summary,higher_reset_failure,,0.9,false_alarm_rate_per_healthy_step,0.0001856519954945305,0.00017733202051862756,0.00019540624877688502,ESTIMATED,,T5.2.3
seed_cluster_summary,higher_reset_failure,,0.9,false_negative_rate_per_leakage_step,0.05039396318533371,0.04761602472375638,0.05314212881349674,ESTIMATED,,T5.2.3
seed_cluster_summary,higher_reset_failure,,0.9,hidden_leakage_occupancy,0.021378040313720703,0.020648956298828125,0.02209329605102539,ESTIMATED,,T5.2.3
seed_cluster_summary,higher_reset_failure,,0.9,observed_leakage_alarm_rate,0.02048349380493164,0.0197906494140625,0.021173477172851562,ESTIMATED,,T5.2.3
seed_cluster_summary,higher_reset_failure,,0.9,declared_normal_action_availability,0.9795165061950684,0.9788260459899902,0.9802098274230957,ESTIMATED,,T5.2.3
seed_cluster_summary,higher_reset_failure,,0.9,safe_normal_action_availability,0.9784402847290039,0.9777250289916992,0.9791527152061462,ESTIMATED,,T5.2.3
seed_cluster_summary,higher_reset_failure,,0.9,unsafe_declared_available_fraction,0.0010762214660644531,0.0010118484497070312,0.0011310577392578125,ESTIMATED,,T5.2.3
seed_cluster_summary,higher_reset_failure,,0.9,reset_requests_per_1000_cycles,40.96698760986328,39.565086364746094,42.34793186187744,ESTIMATED,,T5.2.3
seed_cluster_summary,higher_reset_failure,,0.9,reset_attempts_per_1000_cycles,40.6036376953125,39.22271728515625,41.98458194732666,ESTIMATED,,T5.2.3
seed_cluster_summary,higher_reset_failure,,0.9,empirical_reset_failure_probability,0.9000813247591751,0.8977253533653733,0.9021983881624276,ESTIMATED,,T5.2.3
seed_cluster_summary,higher_reset_failure,,0.9,reset_failures_per_1000_cycles,36.54766082763672,35.297369956970215,37.795066833496094,ESTIMATED,,T5.2.3
seed_cluster_summary,higher_reset_failure,,0.9,successful_resets_per_1000_cycles,4.055976867675781,3.8919448852539062,4.200935363769531,ESTIMATED,,T5.2.3
seed_cluster_summary,higher_reset_failure,,0.9,mean_hidden_leakage_run_steps,10.476780251928592,10.279565272406868,10.666538340045985,ESTIMATED,,T5.2.3
seed_cluster_summary,higher_reset_failure,,0.9,p95_hidden_leakage_run_steps,29.66874999999999,28.25,31.15625,ESTIMATED,,T5.2.3
seed_cluster_summary,higher_reset_failure,,0.9,mean_short_lag_correlation,0.7431636208931064,0.7370613267333919,0.7485196829839533,ESTIMATED,,T5.2.3
seed_cluster_summary,higher_reset_failure,,0.9,mean_long_lag_correlation,0.21222009687874904,0.20194106009299892,0.2224724972533407,ESTIMATED,,T5.2.3
seed_cluster_summary,higher_reset_failure,,0.9,mean_long_lag_covariance,0.0042626036219916,0.004003511449423269,0.004502657201710611,ESTIMATED,,T5.2.3
seed_cluster_summary,higher_reset_failure,,0.95,injection_episode_rate_per_1000_cycles,3.97491455078125,3.818511962890625,4.118919372558594,ESTIMATED,,T5.2.3
seed_cluster_summary,higher_reset_failure,,0.95,empirical_higher_injection_probability,0.0020744076967920484,0.0019902087572908405,0.0021513304498102423,ESTIMATED,,T5.2.3
seed_cluster_summary,higher_reset_failure,,0.95,detection_probability,1.0,1.0,1.0,ESTIMATED,,T5.2.3
seed_cluster_summary,higher_reset_failure,,0.95,mean_detection_delay_steps,0.05268985476444368,0.0466489808784871,0.0581298733076714,ESTIMATED,,T5.2.3
seed_cluster_summary,higher_reset_failure,,0.95,p95_detection_delay_steps,0.625,0.25,0.875,ESTIMATED,,T5.2.3
seed_cluster_summary,higher_reset_failure,,0.95,false_alarm_rate_per_healthy_step,0.00018602870274561623,0.00017834857609574294,0.00019472469713769042,ESTIMATED,,T5.2.3
seed_cluster_summary,higher_reset_failure,,0.95,false_negative_rate_per_leakage_step,0.05010621942179855,0.04918010198007499,0.05091395901252086,ESTIMATED,,T5.2.3
seed_cluster_summary,higher_reset_failure,,0.95,hidden_leakage_occupancy,0.04129934310913086,0.0395526647567749,0.04261207580566406,ESTIMATED,,T5.2.3
seed_cluster_summary,higher_reset_failure,,0.95,observed_leakage_alarm_rate,0.039409637451171875,0.03774783611297607,0.04068137407302856,ESTIMATED,,T5.2.3
seed_cluster_summary,higher_reset_failure,,0.95,declared_normal_action_availability,0.9605903625488281,0.9593443870544434,0.9622993469238281,ESTIMATED,,T5.2.3
seed_cluster_summary,higher_reset_failure,,0.95,safe_normal_action_availability,0.9585223197937012,0.9571895599365234,0.9602527618408203,ESTIMATED,,T5.2.3
seed_cluster_summary,higher_reset_failure,,0.95,unsafe_declared_available_fraction,0.002068042755126953,0.0019893646240234375,0.0021271705627441406,ESTIMATED,,T5.2.3
seed_cluster_summary,higher_reset_failure,,0.95,reset_requests_per_1000_cycles,78.81927490234375,75.45742988586426,81.35509490966797,ESTIMATED,,T5.2.3
seed_cluster_summary,higher_reset_failure,,0.95,reset_attempts_per_1000_cycles,78.46260070800781,75.10662078857422,81.04801177978516,ESTIMATED,,T5.2.3
seed_cluster_summary,higher_reset_failure,,0.95,empirical_reset_failure_probability,0.9492809150530457,0.9482436088545635,0.9505075642909258,ESTIMATED,,T5.2.3
seed_cluster_summary,higher_reset_failure,,0.95,reset_failures_per_1000_cycles,74.48577880859375,71.26040458679199,76.95200443267822,ESTIMATED,,T5.2.3
seed_cluster_summary,higher_reset_failure,,0.95,successful_resets_per_1000_cycles,3.9768218994140625,3.818511962890625,4.1179656982421875,ESTIMATED,,T5.2.3
seed_cluster_summary,higher_reset_failure,,0.95,mean_hidden_leakage_run_steps,20.470614662931677,20.02123107275128,21.006867367652788,ESTIMATED,,T5.2.3
seed_cluster_summary,higher_reset_failure,,0.95,p95_hidden_leakage_run_steps,60.206249999999976,57.15624999999995,63.28125,ESTIMATED,,T5.2.3
seed_cluster_summary,higher_reset_failure,,0.95,mean_short_lag_correlation,0.8360552122051896,0.8333956332505563,0.8391611327206325,ESTIMATED,,T5.2.3
seed_cluster_summary,higher_reset_failure,,0.95,mean_long_lag_correlation,0.4040169741919809,0.39425823027825696,0.4155455833830387,ESTIMATED,,T5.2.3
seed_cluster_summary,higher_reset_failure,,0.95,mean_long_lag_covariance,0.015328793626911702,0.014546871134653735,0.01613077685762268,ESTIMATED,,T5.2.3
contract_gate,,,,all_parent_artifacts_are_current_and_machine_pass,True,,,PASS,,T5.2.3
contract_gate,,,,implementation_bindings_are_current,True,,,PASS,,T5.2.3
contract_gate,,,,primary_source_anchors_are_line_and_hash_bound,True,,,PASS,,T5.2.3
contract_gate,,,,two_families_and_disjoint_seed_clusters_are_frozen,True,,,PASS,,T5.2.3
contract_gate,,,,every_family_seed_rate_cell_executes,True,,,PASS,,T5.2.3
contract_gate,,,,only_one_registered_channel_changes_per_family,True,,,PASS,,T5.2.3
contract_gate,,,,paired_common_random_numbers_cover_all_rates,True,,,PASS,,T5.2.3
contract_gate,,,,leakage_free_ablation_has_no_hidden_leakage_or_true_reset_attempt,True,,,PASS,,T5.2.3
contract_gate,,,,leakage_free_ablation_retains_measured_false_alarm_not_fake_zero,True,,,PASS,,T5.2.3
contract_gate,,,,leakage_injection_increases_occupancy_cost_and_unavailability,True,,,PASS,,T5.2.3
contract_gate,,,,empirical_leakage_injection_and_fixed_reset_channels_are_calibrated,True,,,PASS,,T5.2.3
contract_gate,,,,leakage_injection_creates_observed_correlation_tail_vs_ablation,True,,,PASS,,T5.2.3
contract_gate,,,,reset_failure_increases_persistence_cost_and_unavailability,True,,,PASS,,T5.2.3
contract_gate,,,,reset_failure_creates_longer_observed_correlation_tail,True,,,PASS,,T5.2.3
contract_gate,,,,detector_probability_delay_and_false_negative_are_explicit,True,,,PASS,,T5.2.3
contract_gate,,,,false_alarm_probability_remains_fixed_across_both_interventions,True,,,PASS,,T5.2.3
contract_gate,,,,empirical_reset_failure_matches_injected_channel,True,,,PASS,,T5.2.3
contract_gate,,,,availability_and_recovery_cost_remain_separate_raw_estimands,True,,,PASS,,T5.2.3
contract_gate,,,,truth_is_evaluator_only_and_deployable_schema_is_fixed,True,,,PASS,,T5.2.3
contract_gate,,,,uncertainty_resamples_whole_seed_clusters,True,,,PASS,,T5.2.3
contract_gate,,,,active_fallback_branch_is_preserved,True,,,PASS,,T5.2.3
contract_gate,,,,device_and_physical_memory_claims_remain_false,True,,,PASS,,T5.2.3
contract_gate,,,,semantic_validator_accepts_only_complete_nonmixing_campaign,True,,,PASS,,T5.2.3
