lane_id,cell_id,method_id,label,metric_id,value,ci_low,ci_high,value_state,evidence_grade,outcome_state,ranking_eligible_within_signature,task_signature_id,source_report_path,source_report_sha256,raw_source_path,raw_source_sha256,config_path,config_sha256,detail_json
single_mode_decoder,single_standard_binning_pl,standard_binning,Standard binning,p_L,0.0009786111337167244,,,REPRODUCED_VALUE,PROJECT_NATIVE_MATCHED,VALID_DESCRIPTIVE_VALUE,True,single_formal_same_trace_v1,docs/t6_8_1_static_gkp_same_model_lane.json,d44912c3dc64e7ca13feb430b35c83e0dbd43817f4eb34c44e28b06f6ee55e81,docs/t6_8_1_static_gkp_same_model_lane_source_data.csv,885986a8cb583eff52cbaeec4a8426f461bc7f80055ea12d7ec57ffe77ff6404,configs/literature/t6_16_3_secondary_preregistration.json,eca700725aac3d2b0d0fb312339323645a03c4089b2d1932cf757816a11585c4,{}
single_mode_decoder,single_static_joint_map_pl,static_joint_map,Static joint MAP,p_L,0.0009681913587782118,,,REPRODUCED_VALUE,PROJECT_NATIVE_MATCHED,VALID_DESCRIPTIVE_VALUE,True,single_formal_same_trace_v1,docs/t6_8_1_static_gkp_same_model_lane.json,d44912c3dc64e7ca13feb430b35c83e0dbd43817f4eb34c44e28b06f6ee55e81,docs/t6_8_1_static_gkp_same_model_lane_source_data.csv,885986a8cb583eff52cbaeec4a8426f461bc7f80055ea12d7ec57ffe77ff6404,configs/literature/t6_16_3_secondary_preregistration.json,eca700725aac3d2b0d0fb312339323645a03c4089b2d1932cf757816a11585c4,{}
single_mode_decoder,single_proposed_route_a_pl,proposed_route_a,Route A,p_L,0.000992739642107928,,,REPRODUCED_VALUE,PROJECT_NATIVE_MATCHED,VALID_DESCRIPTIVE_VALUE,True,single_formal_same_trace_v1,docs/t6_8_1_static_gkp_same_model_lane.json,d44912c3dc64e7ca13feb430b35c83e0dbd43817f4eb34c44e28b06f6ee55e81,docs/t6_8_1_static_gkp_same_model_lane_source_data.csv,885986a8cb583eff52cbaeec4a8426f461bc7f80055ea12d7ec57ffe77ff6404,configs/literature/t6_16_3_secondary_preregistration.json,eca700725aac3d2b0d0fb312339323645a03c4089b2d1932cf757816a11585c4,{}
single_mode_decoder,single_hidden_state_oracle_pl,hidden_state_oracle,Hidden-state oracle,p_L,0.00016233656141493053,,,REPRODUCED_VALUE,PROJECT_NATIVE_MATCHED,UPPER_BOUND_ONLY,False,single_formal_same_trace_v1,docs/t6_8_1_static_gkp_same_model_lane.json,d44912c3dc64e7ca13feb430b35c83e0dbd43817f4eb34c44e28b06f6ee55e81,docs/t6_8_1_static_gkp_same_model_lane_source_data.csv,885986a8cb583eff52cbaeec4a8426f461bc7f80055ea12d7ec57ffe77ff6404,configs/literature/t6_16_3_secondary_preregistration.json,eca700725aac3d2b0d0fb312339323645a03c4089b2d1932cf757816a11585c4,{}
single_mode_decoder,single_route_a_vs_static_negative,proposed_route_a,Route A > static MAP claim,ler_reduction_fraction,,,,NEGATIVE,NEGATIVE,NO_GO_STATIC_SUPERIORITY,False,single_formal_same_trace_v1,docs/t6_8_1_static_gkp_same_model_lane.json,d44912c3dc64e7ca13feb430b35c83e0dbd43817f4eb34c44e28b06f6ee55e81,docs/t6_8_1_static_gkp_same_model_lane_source_data.csv,885986a8cb583eff52cbaeec4a8426f461bc7f80055ea12d7ec57ffe77ff6404,configs/literature/t6_16_3_secondary_preregistration.json,eca700725aac3d2b0d0fb312339323645a03c4089b2d1932cf757816a11585c4,"{""reason"":""Route A aggregate p_L is higher and worst-window LER is materially worse.""}"
surface_gkp_gate_outer_code,surface_ci_9p0db,ci,CI @ 9.0 dB,cnot_failure_probability,0.1001434326171875,0.09786852085214232,0.10246521762768446,REPRODUCED_VALUE,PROJECT_NATIVE_MATCHED,MATCHED_PAIRED_MONTE_CARLO,True,noh_surface_gkp_cnot_paired_v1,docs/t6_17_2_noh_cnot_ci_ml_reproduction.json,75c8d17251efad94d8abade736c9c25189f1c8fe0515a189646fa74653af7a28,docs/t6_17_2_noh_cnot_ci_ml_reproduction_source_data.csv,fd23828e201b580af7a7e810b74db5fb5ff4bc49e2dfc5fc92579f3da58c7e30,configs/literature/t6_16_3_secondary_preregistration.json,eca700725aac3d2b0d0fb312339323645a03c4089b2d1932cf757816a11585c4,"{""trials"":65536}"
surface_gkp_gate_outer_code,surface_ml_9p0db,ml,ML @ 9.0 dB,cnot_failure_probability,0.068939208984375,0.0670246859497323,0.0709042631842157,REPRODUCED_VALUE,PROJECT_NATIVE_MATCHED,MATCHED_PAIRED_MONTE_CARLO,True,noh_surface_gkp_cnot_paired_v1,docs/t6_17_2_noh_cnot_ci_ml_reproduction.json,75c8d17251efad94d8abade736c9c25189f1c8fe0515a189646fa74653af7a28,docs/t6_17_2_noh_cnot_ci_ml_reproduction_source_data.csv,fd23828e201b580af7a7e810b74db5fb5ff4bc49e2dfc5fc92579f3da58c7e30,configs/literature/t6_16_3_secondary_preregistration.json,eca700725aac3d2b0d0fb312339323645a03c4089b2d1932cf757816a11585c4,"{""trials"":65536}"
surface_gkp_gate_outer_code,surface_ci_12p0db,ci,CI @ 12.0 dB,cnot_failure_probability,0.008724636501736112,0.008490482544732503,0.008965189661848998,REPRODUCED_VALUE,PROJECT_NATIVE_MATCHED,MATCHED_PAIRED_MONTE_CARLO,True,noh_surface_gkp_cnot_paired_v1,docs/t6_17_2_noh_cnot_ci_ml_reproduction.json,75c8d17251efad94d8abade736c9c25189f1c8fe0515a189646fa74653af7a28,docs/t6_17_2_noh_cnot_ci_ml_reproduction_source_data.csv,fd23828e201b580af7a7e810b74db5fb5ff4bc49e2dfc5fc92579f3da58c7e30,configs/literature/t6_16_3_secondary_preregistration.json,eca700725aac3d2b0d0fb312339323645a03c4089b2d1932cf757816a11585c4,"{""trials"":589824}"
surface_gkp_gate_outer_code,surface_ml_12p0db,ml,ML @ 12.0 dB,cnot_failure_probability,0.003658718532986111,0.003507834473123042,0.003816067783061463,REPRODUCED_VALUE,PROJECT_NATIVE_MATCHED,MATCHED_PAIRED_MONTE_CARLO,True,noh_surface_gkp_cnot_paired_v1,docs/t6_17_2_noh_cnot_ci_ml_reproduction.json,75c8d17251efad94d8abade736c9c25189f1c8fe0515a189646fa74653af7a28,docs/t6_17_2_noh_cnot_ci_ml_reproduction_source_data.csv,fd23828e201b580af7a7e810b74db5fb5ff4bc49e2dfc5fc92579f3da58c7e30,configs/literature/t6_16_3_secondary_preregistration.json,eca700725aac3d2b0d0fb312339323645a03c4089b2d1932cf757816a11585c4,"{""trials"":589824}"
surface_gkp_gate_outer_code,surface_ci_13p0db,ci,CI @ 13.0 dB,cnot_failure_probability,0.002623686919341216,0.002560083899697848,0.002688865839993982,REPRODUCED_VALUE,PROJECT_NATIVE_MATCHED,MATCHED_PAIRED_MONTE_CARLO,True,noh_surface_gkp_cnot_paired_v1,docs/t6_17_2_noh_cnot_ci_ml_reproduction.json,75c8d17251efad94d8abade736c9c25189f1c8fe0515a189646fa74653af7a28,docs/t6_17_2_noh_cnot_ci_ml_reproduction_source_data.csv,fd23828e201b580af7a7e810b74db5fb5ff4bc49e2dfc5fc92579f3da58c7e30,configs/literature/t6_16_3_secondary_preregistration.json,eca700725aac3d2b0d0fb312339323645a03c4089b2d1932cf757816a11585c4,"{""trials"":2424832}"
surface_gkp_gate_outer_code,surface_ml_13p0db,ml,ML @ 13.0 dB,cnot_failure_probability,0.0008400581978462838,0.0008043751575664749,0.0008773227904345736,REPRODUCED_VALUE,PROJECT_NATIVE_MATCHED,MATCHED_PAIRED_MONTE_CARLO,True,noh_surface_gkp_cnot_paired_v1,docs/t6_17_2_noh_cnot_ci_ml_reproduction.json,75c8d17251efad94d8abade736c9c25189f1c8fe0515a189646fa74653af7a28,docs/t6_17_2_noh_cnot_ci_ml_reproduction_source_data.csv,fd23828e201b580af7a7e810b74db5fb5ff4bc49e2dfc5fc92579f3da58c7e30,configs/literature/t6_16_3_secondary_preregistration.json,eca700725aac3d2b0d0fb312339323645a03c4089b2d1932cf757816a11585c4,"{""trials"":2424832}"
surface_gkp_gate_outer_code,surface_outer_code_threshold_na,outer_code_threshold,Outer-code threshold,squeezing_threshold_db,,,,N_A_NOT_APPLICABLE,INELIGIBLE,NOT_ESTIMATED_BY_GATE_LEVEL_EXPERIMENT,False,noh_surface_gkp_cnot_paired_v1,docs/t6_17_2_noh_cnot_ci_ml_reproduction.json,75c8d17251efad94d8abade736c9c25189f1c8fe0515a189646fa74653af7a28,docs/t6_17_2_noh_cnot_ci_ml_reproduction_source_data.csv,fd23828e201b580af7a7e810b74db5fb5ff4bc49e2dfc5fc92579f3da58c7e30,configs/literature/t6_16_3_secondary_preregistration.json,eca700725aac3d2b0d0fb312339323645a03c4089b2d1932cf757816a11585c4,{}
multimode_structured_lattice_cpd,structured_official_cpd_threshold,cpd,Official CPD,noise_threshold_sigma,0.6024563484296794,,,REPRODUCED_VALUE,OFFICIAL_CODE_REPRODUCTION,OFFICIAL_AGGREGATE_REANALYSIS,True,surface_lattice_official_threshold_v1,docs/t6_18_2_official_structured_cpd_reproduction.json,b664cde118e25ecb258a93107187240bdd0116b5f3deed1ca55bbfaa6a49a7c8,docs/t6_18_2_official_structured_cpd_source_data.csv,03ca4313a25f60bb1f45780ff9dec37713a8784de1e2f27cf5bdb07e3335c7a5,configs/literature/t6_16_3_secondary_preregistration.json,eca700725aac3d2b0d0fb312339323645a03c4089b2d1932cf757816a11585c4,"{""declared_samples_per_point"":10000000}"
multimode_structured_lattice_cpd,structured_official_analog_mwpm_threshold,analog_mwpm,Official analog MWPM,noise_threshold_sigma,0.5995937637028759,,,REPRODUCED_VALUE,OFFICIAL_CODE_REPRODUCTION,OFFICIAL_AGGREGATE_REANALYSIS,True,surface_lattice_official_threshold_v1,docs/t6_18_2_official_structured_cpd_reproduction.json,b664cde118e25ecb258a93107187240bdd0116b5f3deed1ca55bbfaa6a49a7c8,docs/t6_18_2_official_structured_cpd_source_data.csv,03ca4313a25f60bb1f45780ff9dec37713a8784de1e2f27cf5bdb07e3335c7a5,configs/literature/t6_16_3_secondary_preregistration.json,eca700725aac3d2b0d0fb312339323645a03c4089b2d1932cf757816a11585c4,"{""declared_samples_per_point"":10000000}"
multimode_structured_lattice_cpd,multimode_static_euclidean_pl,static_euclidean,Static Euclidean,p_L,0.236929375,,,REPRODUCED_VALUE,PROJECT_NATIVE_MATCHED,VALID_MATCHED_VALUE,True,project_multimode_drift_v1,docs/t6_18_3_multimode_posterior_weighted_cpd.json,fbe2cc70bc7faa689b0657e9cdb0db9d327dfa059d07d462c108a59d3312922c,docs/t6_18_3_multimode_posterior_weighted_cpd_source_data.csv,560cea6e6e9a211347263b353db7b53a28d592038d6e98b48e08b06df52ab814,configs/literature/t6_16_3_secondary_preregistration.json,eca700725aac3d2b0d0fb312339323645a03c4089b2d1932cf757816a11585c4,"{""seed_clusters"":96,""worst_window_ler"":0.3203125}"
multimode_structured_lattice_cpd,multimode_weighted_static_pl,weighted_static,Weighted static,p_L,0.26167854166666665,,,REPRODUCED_VALUE,PROJECT_NATIVE_MATCHED,VALID_MATCHED_VALUE,True,project_multimode_drift_v1,docs/t6_18_3_multimode_posterior_weighted_cpd.json,fbe2cc70bc7faa689b0657e9cdb0db9d327dfa059d07d462c108a59d3312922c,docs/t6_18_3_multimode_posterior_weighted_cpd_source_data.csv,560cea6e6e9a211347263b353db7b53a28d592038d6e98b48e08b06df52ab814,configs/literature/t6_16_3_secondary_preregistration.json,eca700725aac3d2b0d0fb312339323645a03c4089b2d1932cf757816a11585c4,"{""seed_clusters"":96,""worst_window_ler"":0.4609375}"
multimode_structured_lattice_cpd,multimode_observed_only_posterior_predictive_weighted_pl,observed_only_posterior_predictive_weighted,Observed-only predictive,p_L,0.1722609375,,,REPRODUCED_VALUE,PROJECT_NATIVE_MATCHED,VALID_MATCHED_VALUE,True,project_multimode_drift_v1,docs/t6_18_3_multimode_posterior_weighted_cpd.json,fbe2cc70bc7faa689b0657e9cdb0db9d327dfa059d07d462c108a59d3312922c,docs/t6_18_3_multimode_posterior_weighted_cpd_source_data.csv,560cea6e6e9a211347263b353db7b53a28d592038d6e98b48e08b06df52ab814,configs/literature/t6_16_3_secondary_preregistration.json,eca700725aac3d2b0d0fb312339323645a03c4089b2d1932cf757816a11585c4,"{""seed_clusters"":96,""worst_window_ler"":0.291015625}"
multimode_structured_lattice_cpd,multimode_oracle_metric_upper_bound_pl,oracle_metric_upper_bound,Metric oracle,p_L,0.17192947916666668,,,REPRODUCED_VALUE,PROJECT_NATIVE_MATCHED,UPPER_BOUND_ONLY,False,project_multimode_drift_v1,docs/t6_18_3_multimode_posterior_weighted_cpd.json,fbe2cc70bc7faa689b0657e9cdb0db9d327dfa059d07d462c108a59d3312922c,docs/t6_18_3_multimode_posterior_weighted_cpd_source_data.csv,560cea6e6e9a211347263b353db7b53a28d592038d6e98b48e08b06df52ab814,configs/literature/t6_16_3_secondary_preregistration.json,eca700725aac3d2b0d0fb312339323645a03c4089b2d1932cf757816a11585c4,"{""seed_clusters"":96,""worst_window_ler"":0.29296875}"
multimode_structured_lattice_cpd,multimode_weighted_static_negative,weighted_static,Weighted-static advantage,p_L,,,,NEGATIVE,NEGATIVE,WORSE_THAN_STATIC_EUCLIDEAN,False,project_multimode_drift_v1,docs/t6_18_3_multimode_posterior_weighted_cpd.json,fbe2cc70bc7faa689b0657e9cdb0db9d327dfa059d07d462c108a59d3312922c,docs/t6_18_3_multimode_posterior_weighted_cpd_source_data.csv,560cea6e6e9a211347263b353db7b53a28d592038d6e98b48e08b06df52ab814,configs/literature/t6_16_3_secondary_preregistration.json,eca700725aac3d2b0d0fb312339323645a03c4089b2d1932cf757816a11585c4,{}
controller_rl_nmf,controller_learned_same_task,learned_candidates,Eligible learned controller,ler_reduction_fraction,,,,NULL_NOT_REPORTED,INELIGIBLE,ZERO_OF_16_SAME_TASK_ELIGIBLE,False,controller_source_audit_v1,docs/t6_17_3_learned_model_eligibility_replay.json,e8a6ab15ef913ee857e81d4497d2e7c281d334db1df3eeede0817aca553cd12b,docs/t6_17_3_learned_model_eligibility_replay_source_data.csv,c35d0625ee4830ece89c9541c0a444991aeb455e996282d54a20cc524befcdbb,configs/literature/t6_16_3_secondary_preregistration.json,eca700725aac3d2b0d0fb312339323645a03c4089b2d1932cf757816a11585c4,"{""candidate_families"":16,""eligible"":0}"
controller_rl_nmf,controller_gqf_exact,puviani_gqf_nmf,Exact GQF/NMF reproduction,lifetime_gain_ratio,,,,FAILED,BLOCKED,NO_GO_SOURCE_INCOMPLETE,False,puviani_gqf_exact_v1,docs/t6_8_4_gqf_paper_exact_reproduction.json,8677917ad3c8bc6f60f6630dd757546a86c676781594d2c4ecd6f4e41c45ad29,docs/t6_8_4_gqf_reproduction_source_data.csv,674a0055202288706986e7da3af403f982cc2ad108cca0525acdb7ce1962a3cb,configs/literature/t6_16_3_secondary_preregistration.json,eca700725aac3d2b0d0fb312339323645a03c4089b2d1932cf757816a11585c4,{}
controller_rl_nmf,controller_gqf_route_a_rank,gqf_vs_route_a,GQF vs Route A rank,ler_reduction_fraction,,,,NEGATIVE,NEGATIVE,INELIGIBLE_TASK_SIGNATURE,False,cross_task_forbidden_v1,docs/t6_8_5_gqf_route_a_matched_comparison_gate.json,0ca9ff294e508e46ee10c84f72cc2601be04b3ac7da029f847437fded9c99a5e,docs/t6_8_5_gqf_route_a_matched_comparison_gate_source_data.csv,cbc3a41b00d2a72f4885a167a6dfd682cff11a6e21299ebd5b32c717b57425bb,configs/literature/t6_16_3_secondary_preregistration.json,eca700725aac3d2b0d0fb312339323645a03c4089b2d1932cf757816a11585c4,{}
aqec_wallclock,aqec_cutoff12_high_measurement_feedback,measurement_feedback,cutoff12_high: Feedback,lifetime_gain_ratio,0.26043829289388487,0.2589288202723626,0.26190693473914595,REPRODUCED_VALUE,PROJECT_NATIVE_MATCHED,ACTIVE_QEC_BELOW_IDLE,True,aqec_common_wallclock_v1,docs/t6_18_1_aqec_common_wallclock_replay.json,1c1a73fadc6b7935bc13812441193b2279423110bcbe642a7162d5c99aed17a8,docs/t6_18_1_aqec_common_wallclock_source_data.csv,78efa1efb0411b8c05d53f3f34d72bcd3ae8179a5aa1a8c5025d8ebd85543eab,configs/literature/t6_16_3_secondary_preregistration.json,eca700725aac3d2b0d0fb312339323645a03c4089b2d1932cf757816a11585c4,"{""n_seed_clusters"":24}"
aqec_wallclock,aqec_cutoff12_high_autonomous,autonomous,cutoff12_high: Autonomous,lifetime_gain_ratio,0.24578455202481556,0.2448765577534393,0.2466468748227582,REPRODUCED_VALUE,PROJECT_NATIVE_MATCHED,ACTIVE_QEC_BELOW_IDLE,True,aqec_common_wallclock_v1,docs/t6_18_1_aqec_common_wallclock_replay.json,1c1a73fadc6b7935bc13812441193b2279423110bcbe642a7162d5c99aed17a8,docs/t6_18_1_aqec_common_wallclock_source_data.csv,78efa1efb0411b8c05d53f3f34d72bcd3ae8179a5aa1a8c5025d8ebd85543eab,configs/literature/t6_16_3_secondary_preregistration.json,eca700725aac3d2b0d0fb312339323645a03c4089b2d1932cf757816a11585c4,"{""n_seed_clusters"":24}"
aqec_wallclock,aqec_cutoff12_medium_measurement_feedback,measurement_feedback,cutoff12_medium: Feedback,lifetime_gain_ratio,0.23973964663235656,0.23789299235476374,0.24160569297616688,REPRODUCED_VALUE,PROJECT_NATIVE_MATCHED,ACTIVE_QEC_BELOW_IDLE,True,aqec_common_wallclock_v1,docs/t6_18_1_aqec_common_wallclock_replay.json,1c1a73fadc6b7935bc13812441193b2279423110bcbe642a7162d5c99aed17a8,docs/t6_18_1_aqec_common_wallclock_source_data.csv,78efa1efb0411b8c05d53f3f34d72bcd3ae8179a5aa1a8c5025d8ebd85543eab,configs/literature/t6_16_3_secondary_preregistration.json,eca700725aac3d2b0d0fb312339323645a03c4089b2d1932cf757816a11585c4,"{""n_seed_clusters"":24}"
aqec_wallclock,aqec_cutoff12_medium_autonomous,autonomous,cutoff12_medium: Autonomous,lifetime_gain_ratio,0.21699387976923057,0.21518100726180558,0.21882675538580676,REPRODUCED_VALUE,PROJECT_NATIVE_MATCHED,ACTIVE_QEC_BELOW_IDLE,True,aqec_common_wallclock_v1,docs/t6_18_1_aqec_common_wallclock_replay.json,1c1a73fadc6b7935bc13812441193b2279423110bcbe642a7162d5c99aed17a8,docs/t6_18_1_aqec_common_wallclock_source_data.csv,78efa1efb0411b8c05d53f3f34d72bcd3ae8179a5aa1a8c5025d8ebd85543eab,configs/literature/t6_16_3_secondary_preregistration.json,eca700725aac3d2b0d0fb312339323645a03c4089b2d1932cf757816a11585c4,"{""n_seed_clusters"":24}"
aqec_wallclock,aqec_cutoff12_low_measurement_feedback,measurement_feedback,cutoff12_low: Feedback,lifetime_gain_ratio,0.21805008120733635,0.21554015884489852,0.22052857676399,REPRODUCED_VALUE,PROJECT_NATIVE_MATCHED,ACTIVE_QEC_BELOW_IDLE,True,aqec_common_wallclock_v1,docs/t6_18_1_aqec_common_wallclock_replay.json,1c1a73fadc6b7935bc13812441193b2279423110bcbe642a7162d5c99aed17a8,docs/t6_18_1_aqec_common_wallclock_source_data.csv,78efa1efb0411b8c05d53f3f34d72bcd3ae8179a5aa1a8c5025d8ebd85543eab,configs/literature/t6_16_3_secondary_preregistration.json,eca700725aac3d2b0d0fb312339323645a03c4089b2d1932cf757816a11585c4,"{""n_seed_clusters"":24}"
aqec_wallclock,aqec_cutoff12_low_autonomous,autonomous,cutoff12_low: Autonomous,lifetime_gain_ratio,0.1960750446994853,0.19369871505242536,0.19842748268145619,REPRODUCED_VALUE,PROJECT_NATIVE_MATCHED,ACTIVE_QEC_BELOW_IDLE,True,aqec_common_wallclock_v1,docs/t6_18_1_aqec_common_wallclock_replay.json,1c1a73fadc6b7935bc13812441193b2279423110bcbe642a7162d5c99aed17a8,docs/t6_18_1_aqec_common_wallclock_source_data.csv,78efa1efb0411b8c05d53f3f34d72bcd3ae8179a5aa1a8c5025d8ebd85543eab,configs/literature/t6_16_3_secondary_preregistration.json,eca700725aac3d2b0d0fb312339323645a03c4089b2d1932cf757816a11585c4,"{""n_seed_clusters"":24}"
aqec_wallclock,aqec_cutoff16_high_measurement_feedback,measurement_feedback,cutoff16_high: Feedback,lifetime_gain_ratio,0.47656073245125147,0.47379340334656145,0.4791533403831338,REPRODUCED_VALUE,PROJECT_NATIVE_MATCHED,ACTIVE_QEC_BELOW_IDLE,True,aqec_common_wallclock_v1,docs/t6_18_1_aqec_common_wallclock_replay.json,1c1a73fadc6b7935bc13812441193b2279423110bcbe642a7162d5c99aed17a8,docs/t6_18_1_aqec_common_wallclock_source_data.csv,78efa1efb0411b8c05d53f3f34d72bcd3ae8179a5aa1a8c5025d8ebd85543eab,configs/literature/t6_16_3_secondary_preregistration.json,eca700725aac3d2b0d0fb312339323645a03c4089b2d1932cf757816a11585c4,"{""n_seed_clusters"":24}"
aqec_wallclock,aqec_cutoff16_high_autonomous,autonomous,cutoff16_high: Autonomous,lifetime_gain_ratio,0.40722267470714885,0.4058261176138699,0.4084856383215386,REPRODUCED_VALUE,PROJECT_NATIVE_MATCHED,ACTIVE_QEC_BELOW_IDLE,True,aqec_common_wallclock_v1,docs/t6_18_1_aqec_common_wallclock_replay.json,1c1a73fadc6b7935bc13812441193b2279423110bcbe642a7162d5c99aed17a8,docs/t6_18_1_aqec_common_wallclock_source_data.csv,78efa1efb0411b8c05d53f3f34d72bcd3ae8179a5aa1a8c5025d8ebd85543eab,configs/literature/t6_16_3_secondary_preregistration.json,eca700725aac3d2b0d0fb312339323645a03c4089b2d1932cf757816a11585c4,"{""n_seed_clusters"":24}"
aqec_wallclock,aqec_cutoff16_medium_measurement_feedback,measurement_feedback,cutoff16_medium: Feedback,lifetime_gain_ratio,0.44651679379602144,0.4426458739091488,0.4500232339886487,REPRODUCED_VALUE,PROJECT_NATIVE_MATCHED,ACTIVE_QEC_BELOW_IDLE,True,aqec_common_wallclock_v1,docs/t6_18_1_aqec_common_wallclock_replay.json,1c1a73fadc6b7935bc13812441193b2279423110bcbe642a7162d5c99aed17a8,docs/t6_18_1_aqec_common_wallclock_source_data.csv,78efa1efb0411b8c05d53f3f34d72bcd3ae8179a5aa1a8c5025d8ebd85543eab,configs/literature/t6_16_3_secondary_preregistration.json,eca700725aac3d2b0d0fb312339323645a03c4089b2d1932cf757816a11585c4,"{""n_seed_clusters"":24}"
aqec_wallclock,aqec_cutoff16_medium_autonomous,autonomous,cutoff16_medium: Autonomous,lifetime_gain_ratio,0.3630663177473095,0.3595759139341894,0.3662391807259897,REPRODUCED_VALUE,PROJECT_NATIVE_MATCHED,ACTIVE_QEC_BELOW_IDLE,True,aqec_common_wallclock_v1,docs/t6_18_1_aqec_common_wallclock_replay.json,1c1a73fadc6b7935bc13812441193b2279423110bcbe642a7162d5c99aed17a8,docs/t6_18_1_aqec_common_wallclock_source_data.csv,78efa1efb0411b8c05d53f3f34d72bcd3ae8179a5aa1a8c5025d8ebd85543eab,configs/literature/t6_16_3_secondary_preregistration.json,eca700725aac3d2b0d0fb312339323645a03c4089b2d1932cf757816a11585c4,"{""n_seed_clusters"":24}"
aqec_wallclock,aqec_cutoff16_low_measurement_feedback,measurement_feedback,cutoff16_low: Feedback,lifetime_gain_ratio,0.408619773929844,0.40460659583098696,0.4126810021033458,REPRODUCED_VALUE,PROJECT_NATIVE_MATCHED,ACTIVE_QEC_BELOW_IDLE,True,aqec_common_wallclock_v1,docs/t6_18_1_aqec_common_wallclock_replay.json,1c1a73fadc6b7935bc13812441193b2279423110bcbe642a7162d5c99aed17a8,docs/t6_18_1_aqec_common_wallclock_source_data.csv,78efa1efb0411b8c05d53f3f34d72bcd3ae8179a5aa1a8c5025d8ebd85543eab,configs/literature/t6_16_3_secondary_preregistration.json,eca700725aac3d2b0d0fb312339323645a03c4089b2d1932cf757816a11585c4,"{""n_seed_clusters"":24}"
aqec_wallclock,aqec_cutoff16_low_autonomous,autonomous,cutoff16_low: Autonomous,lifetime_gain_ratio,0.3293920784917859,0.32590857414243257,0.33292468710412026,REPRODUCED_VALUE,PROJECT_NATIVE_MATCHED,ACTIVE_QEC_BELOW_IDLE,True,aqec_common_wallclock_v1,docs/t6_18_1_aqec_common_wallclock_replay.json,1c1a73fadc6b7935bc13812441193b2279423110bcbe642a7162d5c99aed17a8,docs/t6_18_1_aqec_common_wallclock_source_data.csv,78efa1efb0411b8c05d53f3f34d72bcd3ae8179a5aa1a8c5025d8ebd85543eab,configs/literature/t6_16_3_secondary_preregistration.json,eca700725aac3d2b0d0fb312339323645a03c4089b2d1932cf757816a11585c4,"{""n_seed_clusters"":24}"
aqec_wallclock,aqec_official_protocol_blocked,official_aqec_protocol,Official full AQEC protocol,lifetime_gain_ratio,,,,FAILED,BLOCKED,OFFICIAL_PROTOCOL_REPRODUCTION_BLOCKED,False,aqec_official_protocol_v1,docs/t6_18_1_aqec_common_wallclock_replay.json,1c1a73fadc6b7935bc13812441193b2279423110bcbe642a7162d5c99aed17a8,docs/t6_18_1_aqec_common_wallclock_source_data.csv,78efa1efb0411b8c05d53f3f34d72bcd3ae8179a5aa1a8c5025d8ebd85543eab,configs/literature/t6_16_3_secondary_preregistration.json,eca700725aac3d2b0d0fb312339323645a03c4089b2d1932cf757816a11585c4,{}
fpga_implementation,fpga_project_latency_ns,static_map_lut_if_rtl,6-cycle source-to-action,latency_ns,222.2222222222222,,,ESTIMATE_VALUE,PROJECT_NATIVE_MATCHED,POST_ROUTE_ESTIMATE_NOT_BOARD_MEASURED,False,project_static_map_fast_path_v1,docs/t6_19_1_project_preboard_profiles.json,211459ec40f680293a1bf1861f76135140eac747c8f47c5b043951118d54be22,docs/t6_19_1_project_preboard_profiles_source_data.csv,9c06c0c0ffe94f80b61c3765df60ca1756f9f525cec9b953bad27963e05b9c1e,configs/literature/t6_16_3_secondary_preregistration.json,eca700725aac3d2b0d0fb312339323645a03c4089b2d1932cf757816a11585c4,{}
fpga_implementation,fpga_project_initiation_interval_ns,static_map_lut_if_rtl,II=1,initiation_interval_ns,37.03703703703704,,,ESTIMATE_VALUE,PROJECT_NATIVE_MATCHED,POST_ROUTE_ESTIMATE_NOT_BOARD_MEASURED,False,project_static_map_fast_path_v1,docs/t6_19_1_project_preboard_profiles.json,211459ec40f680293a1bf1861f76135140eac747c8f47c5b043951118d54be22,docs/t6_19_1_project_preboard_profiles_source_data.csv,9c06c0c0ffe94f80b61c3765df60ca1756f9f525cec9b953bad27963e05b9c1e,configs/literature/t6_16_3_secondary_preregistration.json,eca700725aac3d2b0d0fb312339323645a03c4089b2d1932cf757816a11585c4,{}
fpga_implementation,fpga_project_lut_count,static_map_lut_if_rtl,Median post-route LUT4,lut_count,3379,,,ESTIMATE_VALUE,PROJECT_NATIVE_MATCHED,POST_ROUTE_ESTIMATE_NOT_BOARD_MEASURED,False,project_static_map_fast_path_v1,docs/t6_19_1_project_preboard_profiles.json,211459ec40f680293a1bf1861f76135140eac747c8f47c5b043951118d54be22,docs/t6_19_1_project_preboard_profiles_source_data.csv,9c06c0c0ffe94f80b61c3765df60ca1756f9f525cec9b953bad27963e05b9c1e,configs/literature/t6_16_3_secondary_preregistration.json,eca700725aac3d2b0d0fb312339323645a03c4089b2d1932cf757816a11585c4,{}
fpga_implementation,fpga_project_ff_count,static_map_lut_if_rtl,Median post-route FF,ff_count,865,,,ESTIMATE_VALUE,PROJECT_NATIVE_MATCHED,POST_ROUTE_ESTIMATE_NOT_BOARD_MEASURED,False,project_static_map_fast_path_v1,docs/t6_19_1_project_preboard_profiles.json,211459ec40f680293a1bf1861f76135140eac747c8f47c5b043951118d54be22,docs/t6_19_1_project_preboard_profiles_source_data.csv,9c06c0c0ffe94f80b61c3765df60ca1756f9f525cec9b953bad27963e05b9c1e,configs/literature/t6_16_3_secondary_preregistration.json,eca700725aac3d2b0d0fb312339323645a03c4089b2d1932cf757816a11585c4,{}
fpga_implementation,fpga_project_bram_count,static_map_lut_if_rtl,Median post-route BRAM,bram_count,8,,,ESTIMATE_VALUE,PROJECT_NATIVE_MATCHED,POST_ROUTE_ESTIMATE_NOT_BOARD_MEASURED,False,project_static_map_fast_path_v1,docs/t6_19_1_project_preboard_profiles.json,211459ec40f680293a1bf1861f76135140eac747c8f47c5b043951118d54be22,docs/t6_19_1_project_preboard_profiles_source_data.csv,9c06c0c0ffe94f80b61c3765df60ca1756f9f525cec9b953bad27963e05b9c1e,configs/literature/t6_16_3_secondary_preregistration.json,eca700725aac3d2b0d0fb312339323645a03c4089b2d1932cf757816a11585c4,{}
fpga_implementation,fpga_project_dsp_count,static_map_lut_if_rtl,Median post-route DSP,dsp_count,2,,,ESTIMATE_VALUE,PROJECT_NATIVE_MATCHED,POST_ROUTE_ESTIMATE_NOT_BOARD_MEASURED,False,project_static_map_fast_path_v1,docs/t6_19_1_project_preboard_profiles.json,211459ec40f680293a1bf1861f76135140eac747c8f47c5b043951118d54be22,docs/t6_19_1_project_preboard_profiles_source_data.csv,9c06c0c0ffe94f80b61c3765df60ca1756f9f525cec9b953bad27963e05b9c1e,configs/literature/t6_16_3_secondary_preregistration.json,eca700725aac3d2b0d0fb312339323645a03c4089b2d1932cf757816a11585c4,{}
fpga_implementation,fpga_external_lilliput_d5_m2_latency_ns,lilliput_d5_m2,LILLIPUT LUT,latency_ns,42.0,,,LITERATURE_VALUE,LITERATURE_ONLY,SOURCE_REPORTED_DESCRIPTIVE_NOT_RANKED,False,external_lilliput_d5_m2,docs/t6_19_2_external_fpga_normalization.json,08392434ad93be48d2f3b5d208027fd8fb0fe615d78f6df8404d13bc7aa6ccce,docs/t6_19_2_external_fpga_normalization_source_data.csv,7a2781c8f8e9a6f690967a5703596e852005e631a48777b34702b4721f01881c,configs/literature/t6_16_3_secondary_preregistration.json,eca700725aac3d2b0d0fb312339323645a03c4089b2d1932cf757816a11585c4,"{""code_family"":""rotated surface code"",""device"":""Intel Arria V"",""direct_nn"":false,""distance_or_window"":""d=5, m=2; one logical qubit; 24-bit LUT address and 37-bit entry"",""hardware_evidence"":""POST_IMPLEMENTATION_ESTIMATE_NOT_QPU_CLOSED_LOOP"",""latency_boundary"":""syndrome-arrival to error assignment inside decoder"",""latency_statistic"":""fixed seven-cycle decoder latency; external-memory allowance included"",""physical_board_executed"":false,""same_task_comparable_to_project"":false,""source_field"":""reported_latency_ns"",""source_id"":""S01_LILLIPUT""}"
fpga_implementation,fpga_external_lilliput_d5_m2_clock_mhz,lilliput_d5_m2,LILLIPUT LUT,clock_mhz,232.9,,,LITERATURE_VALUE,LITERATURE_ONLY,SOURCE_REPORTED_DESCRIPTIVE_NOT_RANKED,False,external_lilliput_d5_m2,docs/t6_19_2_external_fpga_normalization.json,08392434ad93be48d2f3b5d208027fd8fb0fe615d78f6df8404d13bc7aa6ccce,docs/t6_19_2_external_fpga_normalization_source_data.csv,7a2781c8f8e9a6f690967a5703596e852005e631a48777b34702b4721f01881c,configs/literature/t6_16_3_secondary_preregistration.json,eca700725aac3d2b0d0fb312339323645a03c4089b2d1932cf757816a11585c4,"{""code_family"":""rotated surface code"",""device"":""Intel Arria V"",""direct_nn"":false,""distance_or_window"":""d=5, m=2; one logical qubit; 24-bit LUT address and 37-bit entry"",""hardware_evidence"":""POST_IMPLEMENTATION_ESTIMATE_NOT_QPU_CLOSED_LOOP"",""latency_boundary"":""syndrome-arrival to error assignment inside decoder"",""latency_statistic"":""fixed seven-cycle decoder latency; external-memory allowance included"",""physical_board_executed"":false,""same_task_comparable_to_project"":false,""source_field"":""clock_mhz"",""source_id"":""S01_LILLIPUT""}"
fpga_implementation,fpga_external_lilliput_d5_m2_latency_cycles,lilliput_d5_m2,LILLIPUT LUT,latency_cycles,7,,,LITERATURE_VALUE,LITERATURE_ONLY,SOURCE_REPORTED_DESCRIPTIVE_NOT_RANKED,False,external_lilliput_d5_m2,docs/t6_19_2_external_fpga_normalization.json,08392434ad93be48d2f3b5d208027fd8fb0fe615d78f6df8404d13bc7aa6ccce,docs/t6_19_2_external_fpga_normalization_source_data.csv,7a2781c8f8e9a6f690967a5703596e852005e631a48777b34702b4721f01881c,configs/literature/t6_16_3_secondary_preregistration.json,eca700725aac3d2b0d0fb312339323645a03c4089b2d1932cf757816a11585c4,"{""code_family"":""rotated surface code"",""device"":""Intel Arria V"",""direct_nn"":false,""distance_or_window"":""d=5, m=2; one logical qubit; 24-bit LUT address and 37-bit entry"",""hardware_evidence"":""POST_IMPLEMENTATION_ESTIMATE_NOT_QPU_CLOSED_LOOP"",""latency_boundary"":""syndrome-arrival to error assignment inside decoder"",""latency_statistic"":""fixed seven-cycle decoder latency; external-memory allowance included"",""physical_board_executed"":false,""same_task_comparable_to_project"":false,""source_field"":""latency_cycles"",""source_id"":""S01_LILLIPUT""}"
fpga_implementation,fpga_external_lilliput_d5_m2_initiation_interval_ns,lilliput_d5_m2,LILLIPUT LUT,initiation_interval_ns,,,,NULL_NOT_REPORTED,LITERATURE_ONLY,FIELD_NOT_REPORTED,False,external_lilliput_d5_m2,docs/t6_19_2_external_fpga_normalization.json,08392434ad93be48d2f3b5d208027fd8fb0fe615d78f6df8404d13bc7aa6ccce,docs/t6_19_2_external_fpga_normalization_source_data.csv,7a2781c8f8e9a6f690967a5703596e852005e631a48777b34702b4721f01881c,configs/literature/t6_16_3_secondary_preregistration.json,eca700725aac3d2b0d0fb312339323645a03c4089b2d1932cf757816a11585c4,"{""code_family"":""rotated surface code"",""device"":""Intel Arria V"",""direct_nn"":false,""distance_or_window"":""d=5, m=2; one logical qubit; 24-bit LUT address and 37-bit entry"",""hardware_evidence"":""POST_IMPLEMENTATION_ESTIMATE_NOT_QPU_CLOSED_LOOP"",""latency_boundary"":""syndrome-arrival to error assignment inside decoder"",""latency_statistic"":""fixed seven-cycle decoder latency; external-memory allowance included"",""physical_board_executed"":false,""same_task_comparable_to_project"":false,""source_field"":""ii_ns"",""source_id"":""S01_LILLIPUT""}"
fpga_implementation,fpga_external_lilliput_d5_m2_lut_count,lilliput_d5_m2,LILLIPUT LUT,lut_count,,,,NULL_NOT_REPORTED,LITERATURE_ONLY,FIELD_NOT_REPORTED,False,external_lilliput_d5_m2,docs/t6_19_2_external_fpga_normalization.json,08392434ad93be48d2f3b5d208027fd8fb0fe615d78f6df8404d13bc7aa6ccce,docs/t6_19_2_external_fpga_normalization_source_data.csv,7a2781c8f8e9a6f690967a5703596e852005e631a48777b34702b4721f01881c,configs/literature/t6_16_3_secondary_preregistration.json,eca700725aac3d2b0d0fb312339323645a03c4089b2d1932cf757816a11585c4,"{""code_family"":""rotated surface code"",""device"":""Intel Arria V"",""direct_nn"":false,""distance_or_window"":""d=5, m=2; one logical qubit; 24-bit LUT address and 37-bit entry"",""hardware_evidence"":""POST_IMPLEMENTATION_ESTIMATE_NOT_QPU_CLOSED_LOOP"",""latency_boundary"":""syndrome-arrival to error assignment inside decoder"",""latency_statistic"":""fixed seven-cycle decoder latency; external-memory allowance included"",""physical_board_executed"":false,""same_task_comparable_to_project"":false,""source_field"":""lut_count"",""source_id"":""S01_LILLIPUT""}"
fpga_implementation,fpga_external_lilliput_d5_m2_ff_count,lilliput_d5_m2,LILLIPUT LUT,ff_count,486,,,LITERATURE_VALUE,LITERATURE_ONLY,SOURCE_REPORTED_DESCRIPTIVE_NOT_RANKED,False,external_lilliput_d5_m2,docs/t6_19_2_external_fpga_normalization.json,08392434ad93be48d2f3b5d208027fd8fb0fe615d78f6df8404d13bc7aa6ccce,docs/t6_19_2_external_fpga_normalization_source_data.csv,7a2781c8f8e9a6f690967a5703596e852005e631a48777b34702b4721f01881c,configs/literature/t6_16_3_secondary_preregistration.json,eca700725aac3d2b0d0fb312339323645a03c4089b2d1932cf757816a11585c4,"{""code_family"":""rotated surface code"",""device"":""Intel Arria V"",""direct_nn"":false,""distance_or_window"":""d=5, m=2; one logical qubit; 24-bit LUT address and 37-bit entry"",""hardware_evidence"":""POST_IMPLEMENTATION_ESTIMATE_NOT_QPU_CLOSED_LOOP"",""latency_boundary"":""syndrome-arrival to error assignment inside decoder"",""latency_statistic"":""fixed seven-cycle decoder latency; external-memory allowance included"",""physical_board_executed"":false,""same_task_comparable_to_project"":false,""source_field"":""ff_count"",""source_id"":""S01_LILLIPUT""}"
fpga_implementation,fpga_external_lilliput_d5_m2_bram_count,lilliput_d5_m2,LILLIPUT LUT,bram_count,,,,NULL_NOT_REPORTED,LITERATURE_ONLY,FIELD_NOT_REPORTED,False,external_lilliput_d5_m2,docs/t6_19_2_external_fpga_normalization.json,08392434ad93be48d2f3b5d208027fd8fb0fe615d78f6df8404d13bc7aa6ccce,docs/t6_19_2_external_fpga_normalization_source_data.csv,7a2781c8f8e9a6f690967a5703596e852005e631a48777b34702b4721f01881c,configs/literature/t6_16_3_secondary_preregistration.json,eca700725aac3d2b0d0fb312339323645a03c4089b2d1932cf757816a11585c4,"{""code_family"":""rotated surface code"",""device"":""Intel Arria V"",""direct_nn"":false,""distance_or_window"":""d=5, m=2; one logical qubit; 24-bit LUT address and 37-bit entry"",""hardware_evidence"":""POST_IMPLEMENTATION_ESTIMATE_NOT_QPU_CLOSED_LOOP"",""latency_boundary"":""syndrome-arrival to error assignment inside decoder"",""latency_statistic"":""fixed seven-cycle decoder latency; external-memory allowance included"",""physical_board_executed"":false,""same_task_comparable_to_project"":false,""source_field"":""bram_count"",""source_id"":""S01_LILLIPUT""}"
fpga_implementation,fpga_external_lilliput_d5_m2_dsp_count,lilliput_d5_m2,LILLIPUT LUT,dsp_count,,,,NULL_NOT_REPORTED,LITERATURE_ONLY,FIELD_NOT_REPORTED,False,external_lilliput_d5_m2,docs/t6_19_2_external_fpga_normalization.json,08392434ad93be48d2f3b5d208027fd8fb0fe615d78f6df8404d13bc7aa6ccce,docs/t6_19_2_external_fpga_normalization_source_data.csv,7a2781c8f8e9a6f690967a5703596e852005e631a48777b34702b4721f01881c,configs/literature/t6_16_3_secondary_preregistration.json,eca700725aac3d2b0d0fb312339323645a03c4089b2d1932cf757816a11585c4,"{""code_family"":""rotated surface code"",""device"":""Intel Arria V"",""direct_nn"":false,""distance_or_window"":""d=5, m=2; one logical qubit; 24-bit LUT address and 37-bit entry"",""hardware_evidence"":""POST_IMPLEMENTATION_ESTIMATE_NOT_QPU_CLOSED_LOOP"",""latency_boundary"":""syndrome-arrival to error assignment inside decoder"",""latency_statistic"":""fixed seven-cycle decoder latency; external-memory allowance included"",""physical_board_executed"":false,""same_task_comparable_to_project"":false,""source_field"":""dsp_count"",""source_id"":""S01_LILLIPUT""}"
fpga_implementation,fpga_external_lilliput_d5_m2_power_w,lilliput_d5_m2,LILLIPUT LUT,power_w,,,,NULL_NOT_REPORTED,LITERATURE_ONLY,FIELD_NOT_REPORTED,False,external_lilliput_d5_m2,docs/t6_19_2_external_fpga_normalization.json,08392434ad93be48d2f3b5d208027fd8fb0fe615d78f6df8404d13bc7aa6ccce,docs/t6_19_2_external_fpga_normalization_source_data.csv,7a2781c8f8e9a6f690967a5703596e852005e631a48777b34702b4721f01881c,configs/literature/t6_16_3_secondary_preregistration.json,eca700725aac3d2b0d0fb312339323645a03c4089b2d1932cf757816a11585c4,"{""code_family"":""rotated surface code"",""device"":""Intel Arria V"",""direct_nn"":false,""distance_or_window"":""d=5, m=2; one logical qubit; 24-bit LUT address and 37-bit entry"",""hardware_evidence"":""POST_IMPLEMENTATION_ESTIMATE_NOT_QPU_CLOSED_LOOP"",""latency_boundary"":""syndrome-arrival to error assignment inside decoder"",""latency_statistic"":""fixed seven-cycle decoder latency; external-memory allowance included"",""physical_board_executed"":false,""same_task_comparable_to_project"":false,""source_field"":""power_w"",""source_id"":""S01_LILLIPUT""}"
fpga_implementation,fpga_external_helios_d21_latency_ns,helios_d21,Helios distributed Union-Find,latency_ns,11.5,,,LITERATURE_VALUE,LITERATURE_ONLY,SOURCE_REPORTED_DESCRIPTIVE_NOT_RANKED,False,external_helios_d21,docs/t6_19_2_external_fpga_normalization.json,08392434ad93be48d2f3b5d208027fd8fb0fe615d78f6df8404d13bc7aa6ccce,docs/t6_19_2_external_fpga_normalization_source_data.csv,7a2781c8f8e9a6f690967a5703596e852005e631a48777b34702b4721f01881c,configs/literature/t6_16_3_secondary_preregistration.json,eca700725aac3d2b0d0fb312339323645a03c4089b2d1932cf757816a11585c4,"{""code_family"":""rotated surface code"",""device"":""AMD/Xilinx VCU129 (VU29P)"",""direct_nn"":false,""distance_or_window"":""d=21; one logical qubit"",""hardware_evidence"":""FPGA_SYNTHETIC_INPUT_MEAN_PER_MEASUREMENT_ROUND"",""latency_boundary"":""average decoder execution time divided by d measurement rounds"",""latency_statistic"":""mean over 1,000,000 synthetic trials; long tail exists"",""physical_board_executed"":true,""same_task_comparable_to_project"":false,""source_field"":""reported_latency_ns"",""source_id"":""S02_HELIOS""}"
fpga_implementation,fpga_external_helios_d21_clock_mhz,helios_d21,Helios distributed Union-Find,clock_mhz,100.0,,,LITERATURE_VALUE,LITERATURE_ONLY,SOURCE_REPORTED_DESCRIPTIVE_NOT_RANKED,False,external_helios_d21,docs/t6_19_2_external_fpga_normalization.json,08392434ad93be48d2f3b5d208027fd8fb0fe615d78f6df8404d13bc7aa6ccce,docs/t6_19_2_external_fpga_normalization_source_data.csv,7a2781c8f8e9a6f690967a5703596e852005e631a48777b34702b4721f01881c,configs/literature/t6_16_3_secondary_preregistration.json,eca700725aac3d2b0d0fb312339323645a03c4089b2d1932cf757816a11585c4,"{""code_family"":""rotated surface code"",""device"":""AMD/Xilinx VCU129 (VU29P)"",""direct_nn"":false,""distance_or_window"":""d=21; one logical qubit"",""hardware_evidence"":""FPGA_SYNTHETIC_INPUT_MEAN_PER_MEASUREMENT_ROUND"",""latency_boundary"":""average decoder execution time divided by d measurement rounds"",""latency_statistic"":""mean over 1,000,000 synthetic trials; long tail exists"",""physical_board_executed"":true,""same_task_comparable_to_project"":false,""source_field"":""clock_mhz"",""source_id"":""S02_HELIOS""}"
fpga_implementation,fpga_external_helios_d21_latency_cycles,helios_d21,Helios distributed Union-Find,latency_cycles,,,,NULL_NOT_REPORTED,LITERATURE_ONLY,FIELD_NOT_REPORTED,False,external_helios_d21,docs/t6_19_2_external_fpga_normalization.json,08392434ad93be48d2f3b5d208027fd8fb0fe615d78f6df8404d13bc7aa6ccce,docs/t6_19_2_external_fpga_normalization_source_data.csv,7a2781c8f8e9a6f690967a5703596e852005e631a48777b34702b4721f01881c,configs/literature/t6_16_3_secondary_preregistration.json,eca700725aac3d2b0d0fb312339323645a03c4089b2d1932cf757816a11585c4,"{""code_family"":""rotated surface code"",""device"":""AMD/Xilinx VCU129 (VU29P)"",""direct_nn"":false,""distance_or_window"":""d=21; one logical qubit"",""hardware_evidence"":""FPGA_SYNTHETIC_INPUT_MEAN_PER_MEASUREMENT_ROUND"",""latency_boundary"":""average decoder execution time divided by d measurement rounds"",""latency_statistic"":""mean over 1,000,000 synthetic trials; long tail exists"",""physical_board_executed"":true,""same_task_comparable_to_project"":false,""source_field"":""latency_cycles"",""source_id"":""S02_HELIOS""}"
fpga_implementation,fpga_external_helios_d21_initiation_interval_ns,helios_d21,Helios distributed Union-Find,initiation_interval_ns,,,,NULL_NOT_REPORTED,LITERATURE_ONLY,FIELD_NOT_REPORTED,False,external_helios_d21,docs/t6_19_2_external_fpga_normalization.json,08392434ad93be48d2f3b5d208027fd8fb0fe615d78f6df8404d13bc7aa6ccce,docs/t6_19_2_external_fpga_normalization_source_data.csv,7a2781c8f8e9a6f690967a5703596e852005e631a48777b34702b4721f01881c,configs/literature/t6_16_3_secondary_preregistration.json,eca700725aac3d2b0d0fb312339323645a03c4089b2d1932cf757816a11585c4,"{""code_family"":""rotated surface code"",""device"":""AMD/Xilinx VCU129 (VU29P)"",""direct_nn"":false,""distance_or_window"":""d=21; one logical qubit"",""hardware_evidence"":""FPGA_SYNTHETIC_INPUT_MEAN_PER_MEASUREMENT_ROUND"",""latency_boundary"":""average decoder execution time divided by d measurement rounds"",""latency_statistic"":""mean over 1,000,000 synthetic trials; long tail exists"",""physical_board_executed"":true,""same_task_comparable_to_project"":false,""source_field"":""ii_ns"",""source_id"":""S02_HELIOS""}"
fpga_implementation,fpga_external_helios_d21_lut_count,helios_d21,Helios distributed Union-Find,lut_count,898715,,,LITERATURE_VALUE,LITERATURE_ONLY,SOURCE_REPORTED_DESCRIPTIVE_NOT_RANKED,False,external_helios_d21,docs/t6_19_2_external_fpga_normalization.json,08392434ad93be48d2f3b5d208027fd8fb0fe615d78f6df8404d13bc7aa6ccce,docs/t6_19_2_external_fpga_normalization_source_data.csv,7a2781c8f8e9a6f690967a5703596e852005e631a48777b34702b4721f01881c,configs/literature/t6_16_3_secondary_preregistration.json,eca700725aac3d2b0d0fb312339323645a03c4089b2d1932cf757816a11585c4,"{""code_family"":""rotated surface code"",""device"":""AMD/Xilinx VCU129 (VU29P)"",""direct_nn"":false,""distance_or_window"":""d=21; one logical qubit"",""hardware_evidence"":""FPGA_SYNTHETIC_INPUT_MEAN_PER_MEASUREMENT_ROUND"",""latency_boundary"":""average decoder execution time divided by d measurement rounds"",""latency_statistic"":""mean over 1,000,000 synthetic trials; long tail exists"",""physical_board_executed"":true,""same_task_comparable_to_project"":false,""source_field"":""lut_count"",""source_id"":""S02_HELIOS""}"
fpga_implementation,fpga_external_helios_d21_ff_count,helios_d21,Helios distributed Union-Find,ff_count,238939,,,LITERATURE_VALUE,LITERATURE_ONLY,SOURCE_REPORTED_DESCRIPTIVE_NOT_RANKED,False,external_helios_d21,docs/t6_19_2_external_fpga_normalization.json,08392434ad93be48d2f3b5d208027fd8fb0fe615d78f6df8404d13bc7aa6ccce,docs/t6_19_2_external_fpga_normalization_source_data.csv,7a2781c8f8e9a6f690967a5703596e852005e631a48777b34702b4721f01881c,configs/literature/t6_16_3_secondary_preregistration.json,eca700725aac3d2b0d0fb312339323645a03c4089b2d1932cf757816a11585c4,"{""code_family"":""rotated surface code"",""device"":""AMD/Xilinx VCU129 (VU29P)"",""direct_nn"":false,""distance_or_window"":""d=21; one logical qubit"",""hardware_evidence"":""FPGA_SYNTHETIC_INPUT_MEAN_PER_MEASUREMENT_ROUND"",""latency_boundary"":""average decoder execution time divided by d measurement rounds"",""latency_statistic"":""mean over 1,000,000 synthetic trials; long tail exists"",""physical_board_executed"":true,""same_task_comparable_to_project"":false,""source_field"":""ff_count"",""source_id"":""S02_HELIOS""}"
fpga_implementation,fpga_external_helios_d21_bram_count,helios_d21,Helios distributed Union-Find,bram_count,0.0,,,LITERATURE_VALUE,LITERATURE_ONLY,SOURCE_REPORTED_DESCRIPTIVE_NOT_RANKED,False,external_helios_d21,docs/t6_19_2_external_fpga_normalization.json,08392434ad93be48d2f3b5d208027fd8fb0fe615d78f6df8404d13bc7aa6ccce,docs/t6_19_2_external_fpga_normalization_source_data.csv,7a2781c8f8e9a6f690967a5703596e852005e631a48777b34702b4721f01881c,configs/literature/t6_16_3_secondary_preregistration.json,eca700725aac3d2b0d0fb312339323645a03c4089b2d1932cf757816a11585c4,"{""code_family"":""rotated surface code"",""device"":""AMD/Xilinx VCU129 (VU29P)"",""direct_nn"":false,""distance_or_window"":""d=21; one logical qubit"",""hardware_evidence"":""FPGA_SYNTHETIC_INPUT_MEAN_PER_MEASUREMENT_ROUND"",""latency_boundary"":""average decoder execution time divided by d measurement rounds"",""latency_statistic"":""mean over 1,000,000 synthetic trials; long tail exists"",""physical_board_executed"":true,""same_task_comparable_to_project"":false,""source_field"":""bram_count"",""source_id"":""S02_HELIOS""}"
fpga_implementation,fpga_external_helios_d21_dsp_count,helios_d21,Helios distributed Union-Find,dsp_count,0.0,,,LITERATURE_VALUE,LITERATURE_ONLY,SOURCE_REPORTED_DESCRIPTIVE_NOT_RANKED,False,external_helios_d21,docs/t6_19_2_external_fpga_normalization.json,08392434ad93be48d2f3b5d208027fd8fb0fe615d78f6df8404d13bc7aa6ccce,docs/t6_19_2_external_fpga_normalization_source_data.csv,7a2781c8f8e9a6f690967a5703596e852005e631a48777b34702b4721f01881c,configs/literature/t6_16_3_secondary_preregistration.json,eca700725aac3d2b0d0fb312339323645a03c4089b2d1932cf757816a11585c4,"{""code_family"":""rotated surface code"",""device"":""AMD/Xilinx VCU129 (VU29P)"",""direct_nn"":false,""distance_or_window"":""d=21; one logical qubit"",""hardware_evidence"":""FPGA_SYNTHETIC_INPUT_MEAN_PER_MEASUREMENT_ROUND"",""latency_boundary"":""average decoder execution time divided by d measurement rounds"",""latency_statistic"":""mean over 1,000,000 synthetic trials; long tail exists"",""physical_board_executed"":true,""same_task_comparable_to_project"":false,""source_field"":""dsp_count"",""source_id"":""S02_HELIOS""}"
fpga_implementation,fpga_external_helios_d21_power_w,helios_d21,Helios distributed Union-Find,power_w,,,,NULL_NOT_REPORTED,LITERATURE_ONLY,FIELD_NOT_REPORTED,False,external_helios_d21,docs/t6_19_2_external_fpga_normalization.json,08392434ad93be48d2f3b5d208027fd8fb0fe615d78f6df8404d13bc7aa6ccce,docs/t6_19_2_external_fpga_normalization_source_data.csv,7a2781c8f8e9a6f690967a5703596e852005e631a48777b34702b4721f01881c,configs/literature/t6_16_3_secondary_preregistration.json,eca700725aac3d2b0d0fb312339323645a03c4089b2d1932cf757816a11585c4,"{""code_family"":""rotated surface code"",""device"":""AMD/Xilinx VCU129 (VU29P)"",""direct_nn"":false,""distance_or_window"":""d=21; one logical qubit"",""hardware_evidence"":""FPGA_SYNTHETIC_INPUT_MEAN_PER_MEASUREMENT_ROUND"",""latency_boundary"":""average decoder execution time divided by d measurement rounds"",""latency_statistic"":""mean over 1,000,000 synthetic trials; long tail exists"",""physical_board_executed"":true,""same_task_comparable_to_project"":false,""source_field"":""power_w"",""source_id"":""S02_HELIOS""}"
fpga_implementation,fpga_external_collision_clustering_d21_latency_ns,collision_clustering_d21,Collision Clustering,latency_ns,810.0,,,LITERATURE_VALUE,LITERATURE_ONLY,SOURCE_REPORTED_DESCRIPTIVE_NOT_RANKED,False,external_collision_clustering_d21,docs/t6_19_2_external_fpga_normalization.json,08392434ad93be48d2f3b5d208027fd8fb0fe615d78f6df8404d13bc7aa6ccce,docs/t6_19_2_external_fpga_normalization_source_data.csv,7a2781c8f8e9a6f690967a5703596e852005e631a48777b34702b4721f01881c,configs/literature/t6_16_3_secondary_preregistration.json,eca700725aac3d2b0d0fb312339323645a03c4089b2d1932cf757816a11585c4,"{""code_family"":""rotated planar surface code"",""device"":""AMD/Xilinx UltraScale+ XCVU3P"",""direct_nn"":false,""distance_or_window"":""d=21; 881 physical qubits"",""hardware_evidence"":""FPGA_SYNTHETIC_INPUT_MEAN_NORMALIZED_PER_ROUND"",""latency_boundary"":""decoder execution time divided by d syndrome-measurement rounds"",""latency_statistic"":""mean over 100,000 synthetic shots"",""physical_board_executed"":true,""same_task_comparable_to_project"":false,""source_field"":""reported_latency_ns"",""source_id"":""S03_COLLISION_CLUSTERING""}"
fpga_implementation,fpga_external_collision_clustering_d21_clock_mhz,collision_clustering_d21,Collision Clustering,clock_mhz,405.0,,,LITERATURE_VALUE,LITERATURE_ONLY,SOURCE_REPORTED_DESCRIPTIVE_NOT_RANKED,False,external_collision_clustering_d21,docs/t6_19_2_external_fpga_normalization.json,08392434ad93be48d2f3b5d208027fd8fb0fe615d78f6df8404d13bc7aa6ccce,docs/t6_19_2_external_fpga_normalization_source_data.csv,7a2781c8f8e9a6f690967a5703596e852005e631a48777b34702b4721f01881c,configs/literature/t6_16_3_secondary_preregistration.json,eca700725aac3d2b0d0fb312339323645a03c4089b2d1932cf757816a11585c4,"{""code_family"":""rotated planar surface code"",""device"":""AMD/Xilinx UltraScale+ XCVU3P"",""direct_nn"":false,""distance_or_window"":""d=21; 881 physical qubits"",""hardware_evidence"":""FPGA_SYNTHETIC_INPUT_MEAN_NORMALIZED_PER_ROUND"",""latency_boundary"":""decoder execution time divided by d syndrome-measurement rounds"",""latency_statistic"":""mean over 100,000 synthetic shots"",""physical_board_executed"":true,""same_task_comparable_to_project"":false,""source_field"":""clock_mhz"",""source_id"":""S03_COLLISION_CLUSTERING""}"
fpga_implementation,fpga_external_collision_clustering_d21_latency_cycles,collision_clustering_d21,Collision Clustering,latency_cycles,,,,NULL_NOT_REPORTED,LITERATURE_ONLY,FIELD_NOT_REPORTED,False,external_collision_clustering_d21,docs/t6_19_2_external_fpga_normalization.json,08392434ad93be48d2f3b5d208027fd8fb0fe615d78f6df8404d13bc7aa6ccce,docs/t6_19_2_external_fpga_normalization_source_data.csv,7a2781c8f8e9a6f690967a5703596e852005e631a48777b34702b4721f01881c,configs/literature/t6_16_3_secondary_preregistration.json,eca700725aac3d2b0d0fb312339323645a03c4089b2d1932cf757816a11585c4,"{""code_family"":""rotated planar surface code"",""device"":""AMD/Xilinx UltraScale+ XCVU3P"",""direct_nn"":false,""distance_or_window"":""d=21; 881 physical qubits"",""hardware_evidence"":""FPGA_SYNTHETIC_INPUT_MEAN_NORMALIZED_PER_ROUND"",""latency_boundary"":""decoder execution time divided by d syndrome-measurement rounds"",""latency_statistic"":""mean over 100,000 synthetic shots"",""physical_board_executed"":true,""same_task_comparable_to_project"":false,""source_field"":""latency_cycles"",""source_id"":""S03_COLLISION_CLUSTERING""}"
fpga_implementation,fpga_external_collision_clustering_d21_initiation_interval_ns,collision_clustering_d21,Collision Clustering,initiation_interval_ns,,,,NULL_NOT_REPORTED,LITERATURE_ONLY,FIELD_NOT_REPORTED,False,external_collision_clustering_d21,docs/t6_19_2_external_fpga_normalization.json,08392434ad93be48d2f3b5d208027fd8fb0fe615d78f6df8404d13bc7aa6ccce,docs/t6_19_2_external_fpga_normalization_source_data.csv,7a2781c8f8e9a6f690967a5703596e852005e631a48777b34702b4721f01881c,configs/literature/t6_16_3_secondary_preregistration.json,eca700725aac3d2b0d0fb312339323645a03c4089b2d1932cf757816a11585c4,"{""code_family"":""rotated planar surface code"",""device"":""AMD/Xilinx UltraScale+ XCVU3P"",""direct_nn"":false,""distance_or_window"":""d=21; 881 physical qubits"",""hardware_evidence"":""FPGA_SYNTHETIC_INPUT_MEAN_NORMALIZED_PER_ROUND"",""latency_boundary"":""decoder execution time divided by d syndrome-measurement rounds"",""latency_statistic"":""mean over 100,000 synthetic shots"",""physical_board_executed"":true,""same_task_comparable_to_project"":false,""source_field"":""ii_ns"",""source_id"":""S03_COLLISION_CLUSTERING""}"
fpga_implementation,fpga_external_collision_clustering_d21_lut_count,collision_clustering_d21,Collision Clustering,lut_count,17237,,,LITERATURE_VALUE,LITERATURE_ONLY,SOURCE_REPORTED_DESCRIPTIVE_NOT_RANKED,False,external_collision_clustering_d21,docs/t6_19_2_external_fpga_normalization.json,08392434ad93be48d2f3b5d208027fd8fb0fe615d78f6df8404d13bc7aa6ccce,docs/t6_19_2_external_fpga_normalization_source_data.csv,7a2781c8f8e9a6f690967a5703596e852005e631a48777b34702b4721f01881c,configs/literature/t6_16_3_secondary_preregistration.json,eca700725aac3d2b0d0fb312339323645a03c4089b2d1932cf757816a11585c4,"{""code_family"":""rotated planar surface code"",""device"":""AMD/Xilinx UltraScale+ XCVU3P"",""direct_nn"":false,""distance_or_window"":""d=21; 881 physical qubits"",""hardware_evidence"":""FPGA_SYNTHETIC_INPUT_MEAN_NORMALIZED_PER_ROUND"",""latency_boundary"":""decoder execution time divided by d syndrome-measurement rounds"",""latency_statistic"":""mean over 100,000 synthetic shots"",""physical_board_executed"":true,""same_task_comparable_to_project"":false,""source_field"":""lut_count"",""source_id"":""S03_COLLISION_CLUSTERING""}"
fpga_implementation,fpga_external_collision_clustering_d21_ff_count,collision_clustering_d21,Collision Clustering,ff_count,11957,,,LITERATURE_VALUE,LITERATURE_ONLY,SOURCE_REPORTED_DESCRIPTIVE_NOT_RANKED,False,external_collision_clustering_d21,docs/t6_19_2_external_fpga_normalization.json,08392434ad93be48d2f3b5d208027fd8fb0fe615d78f6df8404d13bc7aa6ccce,docs/t6_19_2_external_fpga_normalization_source_data.csv,7a2781c8f8e9a6f690967a5703596e852005e631a48777b34702b4721f01881c,configs/literature/t6_16_3_secondary_preregistration.json,eca700725aac3d2b0d0fb312339323645a03c4089b2d1932cf757816a11585c4,"{""code_family"":""rotated planar surface code"",""device"":""AMD/Xilinx UltraScale+ XCVU3P"",""direct_nn"":false,""distance_or_window"":""d=21; 881 physical qubits"",""hardware_evidence"":""FPGA_SYNTHETIC_INPUT_MEAN_NORMALIZED_PER_ROUND"",""latency_boundary"":""decoder execution time divided by d syndrome-measurement rounds"",""latency_statistic"":""mean over 100,000 synthetic shots"",""physical_board_executed"":true,""same_task_comparable_to_project"":false,""source_field"":""ff_count"",""source_id"":""S03_COLLISION_CLUSTERING""}"
fpga_implementation,fpga_external_collision_clustering_d21_bram_count,collision_clustering_d21,Collision Clustering,bram_count,,,,NULL_NOT_REPORTED,LITERATURE_ONLY,FIELD_NOT_REPORTED,False,external_collision_clustering_d21,docs/t6_19_2_external_fpga_normalization.json,08392434ad93be48d2f3b5d208027fd8fb0fe615d78f6df8404d13bc7aa6ccce,docs/t6_19_2_external_fpga_normalization_source_data.csv,7a2781c8f8e9a6f690967a5703596e852005e631a48777b34702b4721f01881c,configs/literature/t6_16_3_secondary_preregistration.json,eca700725aac3d2b0d0fb312339323645a03c4089b2d1932cf757816a11585c4,"{""code_family"":""rotated planar surface code"",""device"":""AMD/Xilinx UltraScale+ XCVU3P"",""direct_nn"":false,""distance_or_window"":""d=21; 881 physical qubits"",""hardware_evidence"":""FPGA_SYNTHETIC_INPUT_MEAN_NORMALIZED_PER_ROUND"",""latency_boundary"":""decoder execution time divided by d syndrome-measurement rounds"",""latency_statistic"":""mean over 100,000 synthetic shots"",""physical_board_executed"":true,""same_task_comparable_to_project"":false,""source_field"":""bram_count"",""source_id"":""S03_COLLISION_CLUSTERING""}"
fpga_implementation,fpga_external_collision_clustering_d21_dsp_count,collision_clustering_d21,Collision Clustering,dsp_count,0.0,,,LITERATURE_VALUE,LITERATURE_ONLY,SOURCE_REPORTED_DESCRIPTIVE_NOT_RANKED,False,external_collision_clustering_d21,docs/t6_19_2_external_fpga_normalization.json,08392434ad93be48d2f3b5d208027fd8fb0fe615d78f6df8404d13bc7aa6ccce,docs/t6_19_2_external_fpga_normalization_source_data.csv,7a2781c8f8e9a6f690967a5703596e852005e631a48777b34702b4721f01881c,configs/literature/t6_16_3_secondary_preregistration.json,eca700725aac3d2b0d0fb312339323645a03c4089b2d1932cf757816a11585c4,"{""code_family"":""rotated planar surface code"",""device"":""AMD/Xilinx UltraScale+ XCVU3P"",""direct_nn"":false,""distance_or_window"":""d=21; 881 physical qubits"",""hardware_evidence"":""FPGA_SYNTHETIC_INPUT_MEAN_NORMALIZED_PER_ROUND"",""latency_boundary"":""decoder execution time divided by d syndrome-measurement rounds"",""latency_statistic"":""mean over 100,000 synthetic shots"",""physical_board_executed"":true,""same_task_comparable_to_project"":false,""source_field"":""dsp_count"",""source_id"":""S03_COLLISION_CLUSTERING""}"
fpga_implementation,fpga_external_collision_clustering_d21_power_w,collision_clustering_d21,Collision Clustering,power_w,,,,NULL_NOT_REPORTED,LITERATURE_ONLY,FIELD_NOT_REPORTED,False,external_collision_clustering_d21,docs/t6_19_2_external_fpga_normalization.json,08392434ad93be48d2f3b5d208027fd8fb0fe615d78f6df8404d13bc7aa6ccce,docs/t6_19_2_external_fpga_normalization_source_data.csv,7a2781c8f8e9a6f690967a5703596e852005e631a48777b34702b4721f01881c,configs/literature/t6_16_3_secondary_preregistration.json,eca700725aac3d2b0d0fb312339323645a03c4089b2d1932cf757816a11585c4,"{""code_family"":""rotated planar surface code"",""device"":""AMD/Xilinx UltraScale+ XCVU3P"",""direct_nn"":false,""distance_or_window"":""d=21; 881 physical qubits"",""hardware_evidence"":""FPGA_SYNTHETIC_INPUT_MEAN_NORMALIZED_PER_ROUND"",""latency_boundary"":""decoder execution time divided by d syndrome-measurement rounds"",""latency_statistic"":""mean over 100,000 synthetic shots"",""physical_board_executed"":true,""same_task_comparable_to_project"":false,""source_field"":""power_w"",""source_id"":""S03_COLLISION_CLUSTERING""}"
fpga_implementation,fpga_external_local_clustering_d17_adaptive_hl_latency_ns,local_clustering_d17_adaptive_hl,Local Clustering adaptive high-level mode,latency_ns,676.0,,,LITERATURE_VALUE,LITERATURE_ONLY,SOURCE_REPORTED_DESCRIPTIVE_NOT_RANKED,False,external_local_clustering_d17_adaptive_hl,docs/t6_19_2_external_fpga_normalization.json,08392434ad93be48d2f3b5d208027fd8fb0fe615d78f6df8404d13bc7aa6ccce,docs/t6_19_2_external_fpga_normalization_source_data.csv,7a2781c8f8e9a6f690967a5703596e852005e631a48777b34702b4721f01881c,configs/literature/t6_16_3_secondary_preregistration.json,eca700725aac3d2b0d0fb312339323645a03c4089b2d1932cf757816a11585c4,"{""code_family"":""rotated surface code"",""device"":""AMD/Xilinx UltraScale+ XCVU19P"",""direct_nn"":false,""distance_or_window"":""d=17"",""hardware_evidence"":""FPGA_IMPLEMENTATION_EXECUTION_TIME_NOT_QPU_CLOSED_LOOP"",""latency_boundary"":""reported decoder time per measurement round"",""latency_statistic"":""paper table execution time for adaptive high-level configuration"",""physical_board_executed"":false,""same_task_comparable_to_project"":false,""source_field"":""reported_latency_ns"",""source_id"":""S04_LOCAL_CLUSTERING""}"
fpga_implementation,fpga_external_local_clustering_d17_adaptive_hl_clock_mhz,local_clustering_d17_adaptive_hl,Local Clustering adaptive high-level mode,clock_mhz,285.0,,,LITERATURE_VALUE,LITERATURE_ONLY,SOURCE_REPORTED_DESCRIPTIVE_NOT_RANKED,False,external_local_clustering_d17_adaptive_hl,docs/t6_19_2_external_fpga_normalization.json,08392434ad93be48d2f3b5d208027fd8fb0fe615d78f6df8404d13bc7aa6ccce,docs/t6_19_2_external_fpga_normalization_source_data.csv,7a2781c8f8e9a6f690967a5703596e852005e631a48777b34702b4721f01881c,configs/literature/t6_16_3_secondary_preregistration.json,eca700725aac3d2b0d0fb312339323645a03c4089b2d1932cf757816a11585c4,"{""code_family"":""rotated surface code"",""device"":""AMD/Xilinx UltraScale+ XCVU19P"",""direct_nn"":false,""distance_or_window"":""d=17"",""hardware_evidence"":""FPGA_IMPLEMENTATION_EXECUTION_TIME_NOT_QPU_CLOSED_LOOP"",""latency_boundary"":""reported decoder time per measurement round"",""latency_statistic"":""paper table execution time for adaptive high-level configuration"",""physical_board_executed"":false,""same_task_comparable_to_project"":false,""source_field"":""clock_mhz"",""source_id"":""S04_LOCAL_CLUSTERING""}"
fpga_implementation,fpga_external_local_clustering_d17_adaptive_hl_latency_cycles,local_clustering_d17_adaptive_hl,Local Clustering adaptive high-level mode,latency_cycles,,,,NULL_NOT_REPORTED,LITERATURE_ONLY,FIELD_NOT_REPORTED,False,external_local_clustering_d17_adaptive_hl,docs/t6_19_2_external_fpga_normalization.json,08392434ad93be48d2f3b5d208027fd8fb0fe615d78f6df8404d13bc7aa6ccce,docs/t6_19_2_external_fpga_normalization_source_data.csv,7a2781c8f8e9a6f690967a5703596e852005e631a48777b34702b4721f01881c,configs/literature/t6_16_3_secondary_preregistration.json,eca700725aac3d2b0d0fb312339323645a03c4089b2d1932cf757816a11585c4,"{""code_family"":""rotated surface code"",""device"":""AMD/Xilinx UltraScale+ XCVU19P"",""direct_nn"":false,""distance_or_window"":""d=17"",""hardware_evidence"":""FPGA_IMPLEMENTATION_EXECUTION_TIME_NOT_QPU_CLOSED_LOOP"",""latency_boundary"":""reported decoder time per measurement round"",""latency_statistic"":""paper table execution time for adaptive high-level configuration"",""physical_board_executed"":false,""same_task_comparable_to_project"":false,""source_field"":""latency_cycles"",""source_id"":""S04_LOCAL_CLUSTERING""}"
fpga_implementation,fpga_external_local_clustering_d17_adaptive_hl_initiation_interval_ns,local_clustering_d17_adaptive_hl,Local Clustering adaptive high-level mode,initiation_interval_ns,,,,NULL_NOT_REPORTED,LITERATURE_ONLY,FIELD_NOT_REPORTED,False,external_local_clustering_d17_adaptive_hl,docs/t6_19_2_external_fpga_normalization.json,08392434ad93be48d2f3b5d208027fd8fb0fe615d78f6df8404d13bc7aa6ccce,docs/t6_19_2_external_fpga_normalization_source_data.csv,7a2781c8f8e9a6f690967a5703596e852005e631a48777b34702b4721f01881c,configs/literature/t6_16_3_secondary_preregistration.json,eca700725aac3d2b0d0fb312339323645a03c4089b2d1932cf757816a11585c4,"{""code_family"":""rotated surface code"",""device"":""AMD/Xilinx UltraScale+ XCVU19P"",""direct_nn"":false,""distance_or_window"":""d=17"",""hardware_evidence"":""FPGA_IMPLEMENTATION_EXECUTION_TIME_NOT_QPU_CLOSED_LOOP"",""latency_boundary"":""reported decoder time per measurement round"",""latency_statistic"":""paper table execution time for adaptive high-level configuration"",""physical_board_executed"":false,""same_task_comparable_to_project"":false,""source_field"":""ii_ns"",""source_id"":""S04_LOCAL_CLUSTERING""}"
fpga_implementation,fpga_external_local_clustering_d17_adaptive_hl_lut_count,local_clustering_d17_adaptive_hl,Local Clustering adaptive high-level mode,lut_count,251963,,,LITERATURE_VALUE,LITERATURE_ONLY,SOURCE_REPORTED_DESCRIPTIVE_NOT_RANKED,False,external_local_clustering_d17_adaptive_hl,docs/t6_19_2_external_fpga_normalization.json,08392434ad93be48d2f3b5d208027fd8fb0fe615d78f6df8404d13bc7aa6ccce,docs/t6_19_2_external_fpga_normalization_source_data.csv,7a2781c8f8e9a6f690967a5703596e852005e631a48777b34702b4721f01881c,configs/literature/t6_16_3_secondary_preregistration.json,eca700725aac3d2b0d0fb312339323645a03c4089b2d1932cf757816a11585c4,"{""code_family"":""rotated surface code"",""device"":""AMD/Xilinx UltraScale+ XCVU19P"",""direct_nn"":false,""distance_or_window"":""d=17"",""hardware_evidence"":""FPGA_IMPLEMENTATION_EXECUTION_TIME_NOT_QPU_CLOSED_LOOP"",""latency_boundary"":""reported decoder time per measurement round"",""latency_statistic"":""paper table execution time for adaptive high-level configuration"",""physical_board_executed"":false,""same_task_comparable_to_project"":false,""source_field"":""lut_count"",""source_id"":""S04_LOCAL_CLUSTERING""}"
fpga_implementation,fpga_external_local_clustering_d17_adaptive_hl_ff_count,local_clustering_d17_adaptive_hl,Local Clustering adaptive high-level mode,ff_count,252736,,,LITERATURE_VALUE,LITERATURE_ONLY,SOURCE_REPORTED_DESCRIPTIVE_NOT_RANKED,False,external_local_clustering_d17_adaptive_hl,docs/t6_19_2_external_fpga_normalization.json,08392434ad93be48d2f3b5d208027fd8fb0fe615d78f6df8404d13bc7aa6ccce,docs/t6_19_2_external_fpga_normalization_source_data.csv,7a2781c8f8e9a6f690967a5703596e852005e631a48777b34702b4721f01881c,configs/literature/t6_16_3_secondary_preregistration.json,eca700725aac3d2b0d0fb312339323645a03c4089b2d1932cf757816a11585c4,"{""code_family"":""rotated surface code"",""device"":""AMD/Xilinx UltraScale+ XCVU19P"",""direct_nn"":false,""distance_or_window"":""d=17"",""hardware_evidence"":""FPGA_IMPLEMENTATION_EXECUTION_TIME_NOT_QPU_CLOSED_LOOP"",""latency_boundary"":""reported decoder time per measurement round"",""latency_statistic"":""paper table execution time for adaptive high-level configuration"",""physical_board_executed"":false,""same_task_comparable_to_project"":false,""source_field"":""ff_count"",""source_id"":""S04_LOCAL_CLUSTERING""}"
fpga_implementation,fpga_external_local_clustering_d17_adaptive_hl_bram_count,local_clustering_d17_adaptive_hl,Local Clustering adaptive high-level mode,bram_count,,,,NULL_NOT_REPORTED,LITERATURE_ONLY,FIELD_NOT_REPORTED,False,external_local_clustering_d17_adaptive_hl,docs/t6_19_2_external_fpga_normalization.json,08392434ad93be48d2f3b5d208027fd8fb0fe615d78f6df8404d13bc7aa6ccce,docs/t6_19_2_external_fpga_normalization_source_data.csv,7a2781c8f8e9a6f690967a5703596e852005e631a48777b34702b4721f01881c,configs/literature/t6_16_3_secondary_preregistration.json,eca700725aac3d2b0d0fb312339323645a03c4089b2d1932cf757816a11585c4,"{""code_family"":""rotated surface code"",""device"":""AMD/Xilinx UltraScale+ XCVU19P"",""direct_nn"":false,""distance_or_window"":""d=17"",""hardware_evidence"":""FPGA_IMPLEMENTATION_EXECUTION_TIME_NOT_QPU_CLOSED_LOOP"",""latency_boundary"":""reported decoder time per measurement round"",""latency_statistic"":""paper table execution time for adaptive high-level configuration"",""physical_board_executed"":false,""same_task_comparable_to_project"":false,""source_field"":""bram_count"",""source_id"":""S04_LOCAL_CLUSTERING""}"
fpga_implementation,fpga_external_local_clustering_d17_adaptive_hl_dsp_count,local_clustering_d17_adaptive_hl,Local Clustering adaptive high-level mode,dsp_count,,,,NULL_NOT_REPORTED,LITERATURE_ONLY,FIELD_NOT_REPORTED,False,external_local_clustering_d17_adaptive_hl,docs/t6_19_2_external_fpga_normalization.json,08392434ad93be48d2f3b5d208027fd8fb0fe615d78f6df8404d13bc7aa6ccce,docs/t6_19_2_external_fpga_normalization_source_data.csv,7a2781c8f8e9a6f690967a5703596e852005e631a48777b34702b4721f01881c,configs/literature/t6_16_3_secondary_preregistration.json,eca700725aac3d2b0d0fb312339323645a03c4089b2d1932cf757816a11585c4,"{""code_family"":""rotated surface code"",""device"":""AMD/Xilinx UltraScale+ XCVU19P"",""direct_nn"":false,""distance_or_window"":""d=17"",""hardware_evidence"":""FPGA_IMPLEMENTATION_EXECUTION_TIME_NOT_QPU_CLOSED_LOOP"",""latency_boundary"":""reported decoder time per measurement round"",""latency_statistic"":""paper table execution time for adaptive high-level configuration"",""physical_board_executed"":false,""same_task_comparable_to_project"":false,""source_field"":""dsp_count"",""source_id"":""S04_LOCAL_CLUSTERING""}"
fpga_implementation,fpga_external_local_clustering_d17_adaptive_hl_power_w,local_clustering_d17_adaptive_hl,Local Clustering adaptive high-level mode,power_w,,,,NULL_NOT_REPORTED,LITERATURE_ONLY,FIELD_NOT_REPORTED,False,external_local_clustering_d17_adaptive_hl,docs/t6_19_2_external_fpga_normalization.json,08392434ad93be48d2f3b5d208027fd8fb0fe615d78f6df8404d13bc7aa6ccce,docs/t6_19_2_external_fpga_normalization_source_data.csv,7a2781c8f8e9a6f690967a5703596e852005e631a48777b34702b4721f01881c,configs/literature/t6_16_3_secondary_preregistration.json,eca700725aac3d2b0d0fb312339323645a03c4089b2d1932cf757816a11585c4,"{""code_family"":""rotated surface code"",""device"":""AMD/Xilinx UltraScale+ XCVU19P"",""direct_nn"":false,""distance_or_window"":""d=17"",""hardware_evidence"":""FPGA_IMPLEMENTATION_EXECUTION_TIME_NOT_QPU_CLOSED_LOOP"",""latency_boundary"":""reported decoder time per measurement round"",""latency_statistic"":""paper table execution time for adaptive high-level configuration"",""physical_board_executed"":false,""same_task_comparable_to_project"":false,""source_field"":""power_w"",""source_id"":""S04_LOCAL_CLUSTERING""}"
fpga_implementation,fpga_external_overwater_nn_d5_latency_ns,overwater_nn_d5,two-hidden-layer fully-connected NN high-level decoder plus pure-error decoder,latency_ns,87.6,,,LITERATURE_VALUE,LITERATURE_ONLY,SOURCE_REPORTED_DESCRIPTIVE_NOT_RANKED,False,external_overwater_nn_d5,docs/t6_19_2_external_fpga_normalization.json,08392434ad93be48d2f3b5d208027fd8fb0fe615d78f6df8404d13bc7aa6ccce,docs/t6_19_2_external_fpga_normalization_source_data.csv,7a2781c8f8e9a6f690967a5703596e852005e631a48777b34702b4721f01881c,configs/literature/t6_16_3_secondary_preregistration.json,eca700725aac3d2b0d0fb312339323645a03c4089b2d1932cf757816a11585c4,"{""code_family"":""rotated surface code"",""device"":""AMD/Xilinx Artix-7"",""direct_nn"":true,""distance_or_window"":""d=5; hidden layers 64 and 64"",""hardware_evidence"":""POST_IMPLEMENTATION_TIMING_ESTIMATE"",""latency_boundary"":""decoder combinational/post-implementation inference delay"",""latency_statistic"":""post-implementation timing estimate"",""physical_board_executed"":false,""same_task_comparable_to_project"":false,""source_field"":""reported_latency_ns"",""source_id"":""S05_OVERWATER_NN""}"
fpga_implementation,fpga_external_overwater_nn_d5_clock_mhz,overwater_nn_d5,two-hidden-layer fully-connected NN high-level decoder plus pure-error decoder,clock_mhz,,,,NULL_NOT_REPORTED,LITERATURE_ONLY,FIELD_NOT_REPORTED,False,external_overwater_nn_d5,docs/t6_19_2_external_fpga_normalization.json,08392434ad93be48d2f3b5d208027fd8fb0fe615d78f6df8404d13bc7aa6ccce,docs/t6_19_2_external_fpga_normalization_source_data.csv,7a2781c8f8e9a6f690967a5703596e852005e631a48777b34702b4721f01881c,configs/literature/t6_16_3_secondary_preregistration.json,eca700725aac3d2b0d0fb312339323645a03c4089b2d1932cf757816a11585c4,"{""code_family"":""rotated surface code"",""device"":""AMD/Xilinx Artix-7"",""direct_nn"":true,""distance_or_window"":""d=5; hidden layers 64 and 64"",""hardware_evidence"":""POST_IMPLEMENTATION_TIMING_ESTIMATE"",""latency_boundary"":""decoder combinational/post-implementation inference delay"",""latency_statistic"":""post-implementation timing estimate"",""physical_board_executed"":false,""same_task_comparable_to_project"":false,""source_field"":""clock_mhz"",""source_id"":""S05_OVERWATER_NN""}"
fpga_implementation,fpga_external_overwater_nn_d5_latency_cycles,overwater_nn_d5,two-hidden-layer fully-connected NN high-level decoder plus pure-error decoder,latency_cycles,,,,NULL_NOT_REPORTED,LITERATURE_ONLY,FIELD_NOT_REPORTED,False,external_overwater_nn_d5,docs/t6_19_2_external_fpga_normalization.json,08392434ad93be48d2f3b5d208027fd8fb0fe615d78f6df8404d13bc7aa6ccce,docs/t6_19_2_external_fpga_normalization_source_data.csv,7a2781c8f8e9a6f690967a5703596e852005e631a48777b34702b4721f01881c,configs/literature/t6_16_3_secondary_preregistration.json,eca700725aac3d2b0d0fb312339323645a03c4089b2d1932cf757816a11585c4,"{""code_family"":""rotated surface code"",""device"":""AMD/Xilinx Artix-7"",""direct_nn"":true,""distance_or_window"":""d=5; hidden layers 64 and 64"",""hardware_evidence"":""POST_IMPLEMENTATION_TIMING_ESTIMATE"",""latency_boundary"":""decoder combinational/post-implementation inference delay"",""latency_statistic"":""post-implementation timing estimate"",""physical_board_executed"":false,""same_task_comparable_to_project"":false,""source_field"":""latency_cycles"",""source_id"":""S05_OVERWATER_NN""}"
fpga_implementation,fpga_external_overwater_nn_d5_initiation_interval_ns,overwater_nn_d5,two-hidden-layer fully-connected NN high-level decoder plus pure-error decoder,initiation_interval_ns,,,,NULL_NOT_REPORTED,LITERATURE_ONLY,FIELD_NOT_REPORTED,False,external_overwater_nn_d5,docs/t6_19_2_external_fpga_normalization.json,08392434ad93be48d2f3b5d208027fd8fb0fe615d78f6df8404d13bc7aa6ccce,docs/t6_19_2_external_fpga_normalization_source_data.csv,7a2781c8f8e9a6f690967a5703596e852005e631a48777b34702b4721f01881c,configs/literature/t6_16_3_secondary_preregistration.json,eca700725aac3d2b0d0fb312339323645a03c4089b2d1932cf757816a11585c4,"{""code_family"":""rotated surface code"",""device"":""AMD/Xilinx Artix-7"",""direct_nn"":true,""distance_or_window"":""d=5; hidden layers 64 and 64"",""hardware_evidence"":""POST_IMPLEMENTATION_TIMING_ESTIMATE"",""latency_boundary"":""decoder combinational/post-implementation inference delay"",""latency_statistic"":""post-implementation timing estimate"",""physical_board_executed"":false,""same_task_comparable_to_project"":false,""source_field"":""ii_ns"",""source_id"":""S05_OVERWATER_NN""}"
fpga_implementation,fpga_external_overwater_nn_d5_lut_count,overwater_nn_d5,two-hidden-layer fully-connected NN high-level decoder plus pure-error decoder,lut_count,44670,,,LITERATURE_VALUE,LITERATURE_ONLY,SOURCE_REPORTED_DESCRIPTIVE_NOT_RANKED,False,external_overwater_nn_d5,docs/t6_19_2_external_fpga_normalization.json,08392434ad93be48d2f3b5d208027fd8fb0fe615d78f6df8404d13bc7aa6ccce,docs/t6_19_2_external_fpga_normalization_source_data.csv,7a2781c8f8e9a6f690967a5703596e852005e631a48777b34702b4721f01881c,configs/literature/t6_16_3_secondary_preregistration.json,eca700725aac3d2b0d0fb312339323645a03c4089b2d1932cf757816a11585c4,"{""code_family"":""rotated surface code"",""device"":""AMD/Xilinx Artix-7"",""direct_nn"":true,""distance_or_window"":""d=5; hidden layers 64 and 64"",""hardware_evidence"":""POST_IMPLEMENTATION_TIMING_ESTIMATE"",""latency_boundary"":""decoder combinational/post-implementation inference delay"",""latency_statistic"":""post-implementation timing estimate"",""physical_board_executed"":false,""same_task_comparable_to_project"":false,""source_field"":""lut_count"",""source_id"":""S05_OVERWATER_NN""}"
fpga_implementation,fpga_external_overwater_nn_d5_ff_count,overwater_nn_d5,two-hidden-layer fully-connected NN high-level decoder plus pure-error decoder,ff_count,,,,NULL_NOT_REPORTED,LITERATURE_ONLY,FIELD_NOT_REPORTED,False,external_overwater_nn_d5,docs/t6_19_2_external_fpga_normalization.json,08392434ad93be48d2f3b5d208027fd8fb0fe615d78f6df8404d13bc7aa6ccce,docs/t6_19_2_external_fpga_normalization_source_data.csv,7a2781c8f8e9a6f690967a5703596e852005e631a48777b34702b4721f01881c,configs/literature/t6_16_3_secondary_preregistration.json,eca700725aac3d2b0d0fb312339323645a03c4089b2d1932cf757816a11585c4,"{""code_family"":""rotated surface code"",""device"":""AMD/Xilinx Artix-7"",""direct_nn"":true,""distance_or_window"":""d=5; hidden layers 64 and 64"",""hardware_evidence"":""POST_IMPLEMENTATION_TIMING_ESTIMATE"",""latency_boundary"":""decoder combinational/post-implementation inference delay"",""latency_statistic"":""post-implementation timing estimate"",""physical_board_executed"":false,""same_task_comparable_to_project"":false,""source_field"":""ff_count"",""source_id"":""S05_OVERWATER_NN""}"
fpga_implementation,fpga_external_overwater_nn_d5_bram_count,overwater_nn_d5,two-hidden-layer fully-connected NN high-level decoder plus pure-error decoder,bram_count,,,,NULL_NOT_REPORTED,LITERATURE_ONLY,FIELD_NOT_REPORTED,False,external_overwater_nn_d5,docs/t6_19_2_external_fpga_normalization.json,08392434ad93be48d2f3b5d208027fd8fb0fe615d78f6df8404d13bc7aa6ccce,docs/t6_19_2_external_fpga_normalization_source_data.csv,7a2781c8f8e9a6f690967a5703596e852005e631a48777b34702b4721f01881c,configs/literature/t6_16_3_secondary_preregistration.json,eca700725aac3d2b0d0fb312339323645a03c4089b2d1932cf757816a11585c4,"{""code_family"":""rotated surface code"",""device"":""AMD/Xilinx Artix-7"",""direct_nn"":true,""distance_or_window"":""d=5; hidden layers 64 and 64"",""hardware_evidence"":""POST_IMPLEMENTATION_TIMING_ESTIMATE"",""latency_boundary"":""decoder combinational/post-implementation inference delay"",""latency_statistic"":""post-implementation timing estimate"",""physical_board_executed"":false,""same_task_comparable_to_project"":false,""source_field"":""bram_count"",""source_id"":""S05_OVERWATER_NN""}"
fpga_implementation,fpga_external_overwater_nn_d5_dsp_count,overwater_nn_d5,two-hidden-layer fully-connected NN high-level decoder plus pure-error decoder,dsp_count,,,,NULL_NOT_REPORTED,LITERATURE_ONLY,FIELD_NOT_REPORTED,False,external_overwater_nn_d5,docs/t6_19_2_external_fpga_normalization.json,08392434ad93be48d2f3b5d208027fd8fb0fe615d78f6df8404d13bc7aa6ccce,docs/t6_19_2_external_fpga_normalization_source_data.csv,7a2781c8f8e9a6f690967a5703596e852005e631a48777b34702b4721f01881c,configs/literature/t6_16_3_secondary_preregistration.json,eca700725aac3d2b0d0fb312339323645a03c4089b2d1932cf757816a11585c4,"{""code_family"":""rotated surface code"",""device"":""AMD/Xilinx Artix-7"",""direct_nn"":true,""distance_or_window"":""d=5; hidden layers 64 and 64"",""hardware_evidence"":""POST_IMPLEMENTATION_TIMING_ESTIMATE"",""latency_boundary"":""decoder combinational/post-implementation inference delay"",""latency_statistic"":""post-implementation timing estimate"",""physical_board_executed"":false,""same_task_comparable_to_project"":false,""source_field"":""dsp_count"",""source_id"":""S05_OVERWATER_NN""}"
fpga_implementation,fpga_external_overwater_nn_d5_power_w,overwater_nn_d5,two-hidden-layer fully-connected NN high-level decoder plus pure-error decoder,power_w,0.132,,,LITERATURE_VALUE,LITERATURE_ONLY,SOURCE_REPORTED_DESCRIPTIVE_NOT_RANKED,False,external_overwater_nn_d5,docs/t6_19_2_external_fpga_normalization.json,08392434ad93be48d2f3b5d208027fd8fb0fe615d78f6df8404d13bc7aa6ccce,docs/t6_19_2_external_fpga_normalization_source_data.csv,7a2781c8f8e9a6f690967a5703596e852005e631a48777b34702b4721f01881c,configs/literature/t6_16_3_secondary_preregistration.json,eca700725aac3d2b0d0fb312339323645a03c4089b2d1932cf757816a11585c4,"{""code_family"":""rotated surface code"",""device"":""AMD/Xilinx Artix-7"",""direct_nn"":true,""distance_or_window"":""d=5; hidden layers 64 and 64"",""hardware_evidence"":""POST_IMPLEMENTATION_TIMING_ESTIMATE"",""latency_boundary"":""decoder combinational/post-implementation inference delay"",""latency_statistic"":""post-implementation timing estimate"",""physical_board_executed"":false,""same_task_comparable_to_project"":false,""source_field"":""power_w"",""source_id"":""S05_OVERWATER_NN""}"
fpga_implementation,fpga_external_caune_stability8_9round_feedback_latency_ns,caune_stability8_9round_feedback,Collision Clustering FPGA decoder,latency_ns,9600.0,,,LITERATURE_VALUE,LITERATURE_ONLY,SOURCE_REPORTED_DESCRIPTIVE_NOT_RANKED,False,external_caune_stability8_9round_feedback,docs/t6_19_2_external_fpga_normalization.json,08392434ad93be48d2f3b5d208027fd8fb0fe615d78f6df8404d13bc7aa6ccce,docs/t6_19_2_external_fpga_normalization_source_data.csv,7a2781c8f8e9a6f690967a5703596e852005e631a48777b34702b4721f01881c,configs/literature/t6_16_3_secondary_preregistration.json,eca700725aac3d2b0d0fb312339323645a03c4089b2d1932cf757816a11585c4,"{""code_family"":""8-qubit surface-code stability experiment"",""device"":""Rigetti control-system FPGA; exact part not reported"",""direct_nn"":false,""distance_or_window"":""8-qubit stability experiment; 9 measurement rounds"",""hardware_evidence"":""REAL_QPU_FULL_DECODING_RESPONSE"",""latency_boundary"":""final data-extraction round to application of conditional logical gate"",""latency_statistic"":""measured full decoding response for nine rounds"",""physical_board_executed"":true,""same_task_comparable_to_project"":false,""source_field"":""reported_latency_ns"",""source_id"":""S06_CAUNE_REALTIME""}"
fpga_implementation,fpga_external_caune_stability8_9round_feedback_clock_mhz,caune_stability8_9round_feedback,Collision Clustering FPGA decoder,clock_mhz,156.25,,,LITERATURE_VALUE,LITERATURE_ONLY,SOURCE_REPORTED_DESCRIPTIVE_NOT_RANKED,False,external_caune_stability8_9round_feedback,docs/t6_19_2_external_fpga_normalization.json,08392434ad93be48d2f3b5d208027fd8fb0fe615d78f6df8404d13bc7aa6ccce,docs/t6_19_2_external_fpga_normalization_source_data.csv,7a2781c8f8e9a6f690967a5703596e852005e631a48777b34702b4721f01881c,configs/literature/t6_16_3_secondary_preregistration.json,eca700725aac3d2b0d0fb312339323645a03c4089b2d1932cf757816a11585c4,"{""code_family"":""8-qubit surface-code stability experiment"",""device"":""Rigetti control-system FPGA; exact part not reported"",""direct_nn"":false,""distance_or_window"":""8-qubit stability experiment; 9 measurement rounds"",""hardware_evidence"":""REAL_QPU_FULL_DECODING_RESPONSE"",""latency_boundary"":""final data-extraction round to application of conditional logical gate"",""latency_statistic"":""measured full decoding response for nine rounds"",""physical_board_executed"":true,""same_task_comparable_to_project"":false,""source_field"":""clock_mhz"",""source_id"":""S06_CAUNE_REALTIME""}"
fpga_implementation,fpga_external_caune_stability8_9round_feedback_latency_cycles,caune_stability8_9round_feedback,Collision Clustering FPGA decoder,latency_cycles,,,,NULL_NOT_REPORTED,LITERATURE_ONLY,FIELD_NOT_REPORTED,False,external_caune_stability8_9round_feedback,docs/t6_19_2_external_fpga_normalization.json,08392434ad93be48d2f3b5d208027fd8fb0fe615d78f6df8404d13bc7aa6ccce,docs/t6_19_2_external_fpga_normalization_source_data.csv,7a2781c8f8e9a6f690967a5703596e852005e631a48777b34702b4721f01881c,configs/literature/t6_16_3_secondary_preregistration.json,eca700725aac3d2b0d0fb312339323645a03c4089b2d1932cf757816a11585c4,"{""code_family"":""8-qubit surface-code stability experiment"",""device"":""Rigetti control-system FPGA; exact part not reported"",""direct_nn"":false,""distance_or_window"":""8-qubit stability experiment; 9 measurement rounds"",""hardware_evidence"":""REAL_QPU_FULL_DECODING_RESPONSE"",""latency_boundary"":""final data-extraction round to application of conditional logical gate"",""latency_statistic"":""measured full decoding response for nine rounds"",""physical_board_executed"":true,""same_task_comparable_to_project"":false,""source_field"":""latency_cycles"",""source_id"":""S06_CAUNE_REALTIME""}"
fpga_implementation,fpga_external_caune_stability8_9round_feedback_initiation_interval_ns,caune_stability8_9round_feedback,Collision Clustering FPGA decoder,initiation_interval_ns,,,,NULL_NOT_REPORTED,LITERATURE_ONLY,FIELD_NOT_REPORTED,False,external_caune_stability8_9round_feedback,docs/t6_19_2_external_fpga_normalization.json,08392434ad93be48d2f3b5d208027fd8fb0fe615d78f6df8404d13bc7aa6ccce,docs/t6_19_2_external_fpga_normalization_source_data.csv,7a2781c8f8e9a6f690967a5703596e852005e631a48777b34702b4721f01881c,configs/literature/t6_16_3_secondary_preregistration.json,eca700725aac3d2b0d0fb312339323645a03c4089b2d1932cf757816a11585c4,"{""code_family"":""8-qubit surface-code stability experiment"",""device"":""Rigetti control-system FPGA; exact part not reported"",""direct_nn"":false,""distance_or_window"":""8-qubit stability experiment; 9 measurement rounds"",""hardware_evidence"":""REAL_QPU_FULL_DECODING_RESPONSE"",""latency_boundary"":""final data-extraction round to application of conditional logical gate"",""latency_statistic"":""measured full decoding response for nine rounds"",""physical_board_executed"":true,""same_task_comparable_to_project"":false,""source_field"":""ii_ns"",""source_id"":""S06_CAUNE_REALTIME""}"
fpga_implementation,fpga_external_caune_stability8_9round_feedback_lut_count,caune_stability8_9round_feedback,Collision Clustering FPGA decoder,lut_count,,,,NULL_NOT_REPORTED,LITERATURE_ONLY,FIELD_NOT_REPORTED,False,external_caune_stability8_9round_feedback,docs/t6_19_2_external_fpga_normalization.json,08392434ad93be48d2f3b5d208027fd8fb0fe615d78f6df8404d13bc7aa6ccce,docs/t6_19_2_external_fpga_normalization_source_data.csv,7a2781c8f8e9a6f690967a5703596e852005e631a48777b34702b4721f01881c,configs/literature/t6_16_3_secondary_preregistration.json,eca700725aac3d2b0d0fb312339323645a03c4089b2d1932cf757816a11585c4,"{""code_family"":""8-qubit surface-code stability experiment"",""device"":""Rigetti control-system FPGA; exact part not reported"",""direct_nn"":false,""distance_or_window"":""8-qubit stability experiment; 9 measurement rounds"",""hardware_evidence"":""REAL_QPU_FULL_DECODING_RESPONSE"",""latency_boundary"":""final data-extraction round to application of conditional logical gate"",""latency_statistic"":""measured full decoding response for nine rounds"",""physical_board_executed"":true,""same_task_comparable_to_project"":false,""source_field"":""lut_count"",""source_id"":""S06_CAUNE_REALTIME""}"
fpga_implementation,fpga_external_caune_stability8_9round_feedback_ff_count,caune_stability8_9round_feedback,Collision Clustering FPGA decoder,ff_count,,,,NULL_NOT_REPORTED,LITERATURE_ONLY,FIELD_NOT_REPORTED,False,external_caune_stability8_9round_feedback,docs/t6_19_2_external_fpga_normalization.json,08392434ad93be48d2f3b5d208027fd8fb0fe615d78f6df8404d13bc7aa6ccce,docs/t6_19_2_external_fpga_normalization_source_data.csv,7a2781c8f8e9a6f690967a5703596e852005e631a48777b34702b4721f01881c,configs/literature/t6_16_3_secondary_preregistration.json,eca700725aac3d2b0d0fb312339323645a03c4089b2d1932cf757816a11585c4,"{""code_family"":""8-qubit surface-code stability experiment"",""device"":""Rigetti control-system FPGA; exact part not reported"",""direct_nn"":false,""distance_or_window"":""8-qubit stability experiment; 9 measurement rounds"",""hardware_evidence"":""REAL_QPU_FULL_DECODING_RESPONSE"",""latency_boundary"":""final data-extraction round to application of conditional logical gate"",""latency_statistic"":""measured full decoding response for nine rounds"",""physical_board_executed"":true,""same_task_comparable_to_project"":false,""source_field"":""ff_count"",""source_id"":""S06_CAUNE_REALTIME""}"
fpga_implementation,fpga_external_caune_stability8_9round_feedback_bram_count,caune_stability8_9round_feedback,Collision Clustering FPGA decoder,bram_count,,,,NULL_NOT_REPORTED,LITERATURE_ONLY,FIELD_NOT_REPORTED,False,external_caune_stability8_9round_feedback,docs/t6_19_2_external_fpga_normalization.json,08392434ad93be48d2f3b5d208027fd8fb0fe615d78f6df8404d13bc7aa6ccce,docs/t6_19_2_external_fpga_normalization_source_data.csv,7a2781c8f8e9a6f690967a5703596e852005e631a48777b34702b4721f01881c,configs/literature/t6_16_3_secondary_preregistration.json,eca700725aac3d2b0d0fb312339323645a03c4089b2d1932cf757816a11585c4,"{""code_family"":""8-qubit surface-code stability experiment"",""device"":""Rigetti control-system FPGA; exact part not reported"",""direct_nn"":false,""distance_or_window"":""8-qubit stability experiment; 9 measurement rounds"",""hardware_evidence"":""REAL_QPU_FULL_DECODING_RESPONSE"",""latency_boundary"":""final data-extraction round to application of conditional logical gate"",""latency_statistic"":""measured full decoding response for nine rounds"",""physical_board_executed"":true,""same_task_comparable_to_project"":false,""source_field"":""bram_count"",""source_id"":""S06_CAUNE_REALTIME""}"
fpga_implementation,fpga_external_caune_stability8_9round_feedback_dsp_count,caune_stability8_9round_feedback,Collision Clustering FPGA decoder,dsp_count,,,,NULL_NOT_REPORTED,LITERATURE_ONLY,FIELD_NOT_REPORTED,False,external_caune_stability8_9round_feedback,docs/t6_19_2_external_fpga_normalization.json,08392434ad93be48d2f3b5d208027fd8fb0fe615d78f6df8404d13bc7aa6ccce,docs/t6_19_2_external_fpga_normalization_source_data.csv,7a2781c8f8e9a6f690967a5703596e852005e631a48777b34702b4721f01881c,configs/literature/t6_16_3_secondary_preregistration.json,eca700725aac3d2b0d0fb312339323645a03c4089b2d1932cf757816a11585c4,"{""code_family"":""8-qubit surface-code stability experiment"",""device"":""Rigetti control-system FPGA; exact part not reported"",""direct_nn"":false,""distance_or_window"":""8-qubit stability experiment; 9 measurement rounds"",""hardware_evidence"":""REAL_QPU_FULL_DECODING_RESPONSE"",""latency_boundary"":""final data-extraction round to application of conditional logical gate"",""latency_statistic"":""measured full decoding response for nine rounds"",""physical_board_executed"":true,""same_task_comparable_to_project"":false,""source_field"":""dsp_count"",""source_id"":""S06_CAUNE_REALTIME""}"
fpga_implementation,fpga_external_caune_stability8_9round_feedback_power_w,caune_stability8_9round_feedback,Collision Clustering FPGA decoder,power_w,,,,NULL_NOT_REPORTED,LITERATURE_ONLY,FIELD_NOT_REPORTED,False,external_caune_stability8_9round_feedback,docs/t6_19_2_external_fpga_normalization.json,08392434ad93be48d2f3b5d208027fd8fb0fe615d78f6df8404d13bc7aa6ccce,docs/t6_19_2_external_fpga_normalization_source_data.csv,7a2781c8f8e9a6f690967a5703596e852005e631a48777b34702b4721f01881c,configs/literature/t6_16_3_secondary_preregistration.json,eca700725aac3d2b0d0fb312339323645a03c4089b2d1932cf757816a11585c4,"{""code_family"":""8-qubit surface-code stability experiment"",""device"":""Rigetti control-system FPGA; exact part not reported"",""direct_nn"":false,""distance_or_window"":""8-qubit stability experiment; 9 measurement rounds"",""hardware_evidence"":""REAL_QPU_FULL_DECODING_RESPONSE"",""latency_boundary"":""final data-extraction round to application of conditional logical gate"",""latency_statistic"":""measured full decoding response for nine rounds"",""physical_board_executed"":true,""same_task_comparable_to_project"":false,""source_field"":""power_w"",""source_id"":""S06_CAUNE_REALTIME""}"
fpga_implementation,fpga_external_maurer_gross_int4_x_latency_ns,maurer_gross_int4_x,Relay-BP split-X decoder,latency_ns,480.0,,,LITERATURE_VALUE,LITERATURE_ONLY,SOURCE_REPORTED_DESCRIPTIVE_NOT_RANKED,False,external_maurer_gross_int4_x,docs/t6_19_2_external_fpga_normalization.json,08392434ad93be48d2f3b5d208027fd8fb0fe615d78f6df8404d13bc7aa6ccce,docs/t6_19_2_external_fpga_normalization_source_data.csv,7a2781c8f8e9a6f690967a5703596e852005e631a48777b34702b4721f01881c,configs/literature/t6_16_3_secondary_preregistration.json,eca700725aac3d2b0d0fb312339323645a03c4089b2d1932cf757816a11585c4,"{""code_family"":""bivariate bicycle qLDPC gross code"",""device"":""AMD/Xilinx UltraScale+ XCVU19P"",""direct_nn"":false,""distance_or_window"":""[[144,12,12]] gross code; X decoder; 12-cycle window"",""hardware_evidence"":""FPGA_SYNTHETIC_INPUT_AVERAGE_CONVERGENCE"",""latency_boundary"":""average Relay-BP core completion for a 12-cycle detector window"",""latency_statistic"":""about 20 iterations on average at p=0.1%; per-iteration time is deterministic"",""physical_board_executed"":true,""same_task_comparable_to_project"":false,""source_field"":""reported_latency_ns"",""source_id"":""S07_MAURER_RELAY_BP""}"
fpga_implementation,fpga_external_maurer_gross_int4_x_clock_mhz,maurer_gross_int4_x,Relay-BP split-X decoder,clock_mhz,,,,NULL_NOT_REPORTED,LITERATURE_ONLY,FIELD_NOT_REPORTED,False,external_maurer_gross_int4_x,docs/t6_19_2_external_fpga_normalization.json,08392434ad93be48d2f3b5d208027fd8fb0fe615d78f6df8404d13bc7aa6ccce,docs/t6_19_2_external_fpga_normalization_source_data.csv,7a2781c8f8e9a6f690967a5703596e852005e631a48777b34702b4721f01881c,configs/literature/t6_16_3_secondary_preregistration.json,eca700725aac3d2b0d0fb312339323645a03c4089b2d1932cf757816a11585c4,"{""code_family"":""bivariate bicycle qLDPC gross code"",""device"":""AMD/Xilinx UltraScale+ XCVU19P"",""direct_nn"":false,""distance_or_window"":""[[144,12,12]] gross code; X decoder; 12-cycle window"",""hardware_evidence"":""FPGA_SYNTHETIC_INPUT_AVERAGE_CONVERGENCE"",""latency_boundary"":""average Relay-BP core completion for a 12-cycle detector window"",""latency_statistic"":""about 20 iterations on average at p=0.1%; per-iteration time is deterministic"",""physical_board_executed"":true,""same_task_comparable_to_project"":false,""source_field"":""clock_mhz"",""source_id"":""S07_MAURER_RELAY_BP""}"
fpga_implementation,fpga_external_maurer_gross_int4_x_latency_cycles,maurer_gross_int4_x,Relay-BP split-X decoder,latency_cycles,,,,NULL_NOT_REPORTED,LITERATURE_ONLY,FIELD_NOT_REPORTED,False,external_maurer_gross_int4_x,docs/t6_19_2_external_fpga_normalization.json,08392434ad93be48d2f3b5d208027fd8fb0fe615d78f6df8404d13bc7aa6ccce,docs/t6_19_2_external_fpga_normalization_source_data.csv,7a2781c8f8e9a6f690967a5703596e852005e631a48777b34702b4721f01881c,configs/literature/t6_16_3_secondary_preregistration.json,eca700725aac3d2b0d0fb312339323645a03c4089b2d1932cf757816a11585c4,"{""code_family"":""bivariate bicycle qLDPC gross code"",""device"":""AMD/Xilinx UltraScale+ XCVU19P"",""direct_nn"":false,""distance_or_window"":""[[144,12,12]] gross code; X decoder; 12-cycle window"",""hardware_evidence"":""FPGA_SYNTHETIC_INPUT_AVERAGE_CONVERGENCE"",""latency_boundary"":""average Relay-BP core completion for a 12-cycle detector window"",""latency_statistic"":""about 20 iterations on average at p=0.1%; per-iteration time is deterministic"",""physical_board_executed"":true,""same_task_comparable_to_project"":false,""source_field"":""latency_cycles"",""source_id"":""S07_MAURER_RELAY_BP""}"
fpga_implementation,fpga_external_maurer_gross_int4_x_initiation_interval_ns,maurer_gross_int4_x,Relay-BP split-X decoder,initiation_interval_ns,,,,NULL_NOT_REPORTED,LITERATURE_ONLY,FIELD_NOT_REPORTED,False,external_maurer_gross_int4_x,docs/t6_19_2_external_fpga_normalization.json,08392434ad93be48d2f3b5d208027fd8fb0fe615d78f6df8404d13bc7aa6ccce,docs/t6_19_2_external_fpga_normalization_source_data.csv,7a2781c8f8e9a6f690967a5703596e852005e631a48777b34702b4721f01881c,configs/literature/t6_16_3_secondary_preregistration.json,eca700725aac3d2b0d0fb312339323645a03c4089b2d1932cf757816a11585c4,"{""code_family"":""bivariate bicycle qLDPC gross code"",""device"":""AMD/Xilinx UltraScale+ XCVU19P"",""direct_nn"":false,""distance_or_window"":""[[144,12,12]] gross code; X decoder; 12-cycle window"",""hardware_evidence"":""FPGA_SYNTHETIC_INPUT_AVERAGE_CONVERGENCE"",""latency_boundary"":""average Relay-BP core completion for a 12-cycle detector window"",""latency_statistic"":""about 20 iterations on average at p=0.1%; per-iteration time is deterministic"",""physical_board_executed"":true,""same_task_comparable_to_project"":false,""source_field"":""ii_ns"",""source_id"":""S07_MAURER_RELAY_BP""}"
fpga_implementation,fpga_external_maurer_gross_int4_x_lut_count,maurer_gross_int4_x,Relay-BP split-X decoder,lut_count,2106738,,,LITERATURE_VALUE,LITERATURE_ONLY,SOURCE_REPORTED_DESCRIPTIVE_NOT_RANKED,False,external_maurer_gross_int4_x,docs/t6_19_2_external_fpga_normalization.json,08392434ad93be48d2f3b5d208027fd8fb0fe615d78f6df8404d13bc7aa6ccce,docs/t6_19_2_external_fpga_normalization_source_data.csv,7a2781c8f8e9a6f690967a5703596e852005e631a48777b34702b4721f01881c,configs/literature/t6_16_3_secondary_preregistration.json,eca700725aac3d2b0d0fb312339323645a03c4089b2d1932cf757816a11585c4,"{""code_family"":""bivariate bicycle qLDPC gross code"",""device"":""AMD/Xilinx UltraScale+ XCVU19P"",""direct_nn"":false,""distance_or_window"":""[[144,12,12]] gross code; X decoder; 12-cycle window"",""hardware_evidence"":""FPGA_SYNTHETIC_INPUT_AVERAGE_CONVERGENCE"",""latency_boundary"":""average Relay-BP core completion for a 12-cycle detector window"",""latency_statistic"":""about 20 iterations on average at p=0.1%; per-iteration time is deterministic"",""physical_board_executed"":true,""same_task_comparable_to_project"":false,""source_field"":""lut_count"",""source_id"":""S07_MAURER_RELAY_BP""}"
fpga_implementation,fpga_external_maurer_gross_int4_x_ff_count,maurer_gross_int4_x,Relay-BP split-X decoder,ff_count,540767,,,LITERATURE_VALUE,LITERATURE_ONLY,SOURCE_REPORTED_DESCRIPTIVE_NOT_RANKED,False,external_maurer_gross_int4_x,docs/t6_19_2_external_fpga_normalization.json,08392434ad93be48d2f3b5d208027fd8fb0fe615d78f6df8404d13bc7aa6ccce,docs/t6_19_2_external_fpga_normalization_source_data.csv,7a2781c8f8e9a6f690967a5703596e852005e631a48777b34702b4721f01881c,configs/literature/t6_16_3_secondary_preregistration.json,eca700725aac3d2b0d0fb312339323645a03c4089b2d1932cf757816a11585c4,"{""code_family"":""bivariate bicycle qLDPC gross code"",""device"":""AMD/Xilinx UltraScale+ XCVU19P"",""direct_nn"":false,""distance_or_window"":""[[144,12,12]] gross code; X decoder; 12-cycle window"",""hardware_evidence"":""FPGA_SYNTHETIC_INPUT_AVERAGE_CONVERGENCE"",""latency_boundary"":""average Relay-BP core completion for a 12-cycle detector window"",""latency_statistic"":""about 20 iterations on average at p=0.1%; per-iteration time is deterministic"",""physical_board_executed"":true,""same_task_comparable_to_project"":false,""source_field"":""ff_count"",""source_id"":""S07_MAURER_RELAY_BP""}"
fpga_implementation,fpga_external_maurer_gross_int4_x_bram_count,maurer_gross_int4_x,Relay-BP split-X decoder,bram_count,29.5,,,LITERATURE_VALUE,LITERATURE_ONLY,SOURCE_REPORTED_DESCRIPTIVE_NOT_RANKED,False,external_maurer_gross_int4_x,docs/t6_19_2_external_fpga_normalization.json,08392434ad93be48d2f3b5d208027fd8fb0fe615d78f6df8404d13bc7aa6ccce,docs/t6_19_2_external_fpga_normalization_source_data.csv,7a2781c8f8e9a6f690967a5703596e852005e631a48777b34702b4721f01881c,configs/literature/t6_16_3_secondary_preregistration.json,eca700725aac3d2b0d0fb312339323645a03c4089b2d1932cf757816a11585c4,"{""code_family"":""bivariate bicycle qLDPC gross code"",""device"":""AMD/Xilinx UltraScale+ XCVU19P"",""direct_nn"":false,""distance_or_window"":""[[144,12,12]] gross code; X decoder; 12-cycle window"",""hardware_evidence"":""FPGA_SYNTHETIC_INPUT_AVERAGE_CONVERGENCE"",""latency_boundary"":""average Relay-BP core completion for a 12-cycle detector window"",""latency_statistic"":""about 20 iterations on average at p=0.1%; per-iteration time is deterministic"",""physical_board_executed"":true,""same_task_comparable_to_project"":false,""source_field"":""bram_count"",""source_id"":""S07_MAURER_RELAY_BP""}"
fpga_implementation,fpga_external_maurer_gross_int4_x_dsp_count,maurer_gross_int4_x,Relay-BP split-X decoder,dsp_count,,,,NULL_NOT_REPORTED,LITERATURE_ONLY,FIELD_NOT_REPORTED,False,external_maurer_gross_int4_x,docs/t6_19_2_external_fpga_normalization.json,08392434ad93be48d2f3b5d208027fd8fb0fe615d78f6df8404d13bc7aa6ccce,docs/t6_19_2_external_fpga_normalization_source_data.csv,7a2781c8f8e9a6f690967a5703596e852005e631a48777b34702b4721f01881c,configs/literature/t6_16_3_secondary_preregistration.json,eca700725aac3d2b0d0fb312339323645a03c4089b2d1932cf757816a11585c4,"{""code_family"":""bivariate bicycle qLDPC gross code"",""device"":""AMD/Xilinx UltraScale+ XCVU19P"",""direct_nn"":false,""distance_or_window"":""[[144,12,12]] gross code; X decoder; 12-cycle window"",""hardware_evidence"":""FPGA_SYNTHETIC_INPUT_AVERAGE_CONVERGENCE"",""latency_boundary"":""average Relay-BP core completion for a 12-cycle detector window"",""latency_statistic"":""about 20 iterations on average at p=0.1%; per-iteration time is deterministic"",""physical_board_executed"":true,""same_task_comparable_to_project"":false,""source_field"":""dsp_count"",""source_id"":""S07_MAURER_RELAY_BP""}"
fpga_implementation,fpga_external_maurer_gross_int4_x_power_w,maurer_gross_int4_x,Relay-BP split-X decoder,power_w,58.025,,,LITERATURE_VALUE,LITERATURE_ONLY,SOURCE_REPORTED_DESCRIPTIVE_NOT_RANKED,False,external_maurer_gross_int4_x,docs/t6_19_2_external_fpga_normalization.json,08392434ad93be48d2f3b5d208027fd8fb0fe615d78f6df8404d13bc7aa6ccce,docs/t6_19_2_external_fpga_normalization_source_data.csv,7a2781c8f8e9a6f690967a5703596e852005e631a48777b34702b4721f01881c,configs/literature/t6_16_3_secondary_preregistration.json,eca700725aac3d2b0d0fb312339323645a03c4089b2d1932cf757816a11585c4,"{""code_family"":""bivariate bicycle qLDPC gross code"",""device"":""AMD/Xilinx UltraScale+ XCVU19P"",""direct_nn"":false,""distance_or_window"":""[[144,12,12]] gross code; X decoder; 12-cycle window"",""hardware_evidence"":""FPGA_SYNTHETIC_INPUT_AVERAGE_CONVERGENCE"",""latency_boundary"":""average Relay-BP core completion for a 12-cycle detector window"",""latency_statistic"":""about 20 iterations on average at p=0.1%; per-iteration time is deterministic"",""physical_board_executed"":true,""same_task_comparable_to_project"":false,""source_field"":""power_w"",""source_id"":""S07_MAURER_RELAY_BP""}"
fpga_implementation,fpga_external_yang_nn_d3_closed_loop_latency_ns,yang_nn_d3_closed_loop,"32-hidden-unit LSTM plus dense head, separate X/Z decoders",latency_ns,550.0,,,LITERATURE_VALUE,LITERATURE_ONLY,SOURCE_REPORTED_DESCRIPTIVE_NOT_RANKED,False,external_yang_nn_d3_closed_loop,docs/t6_19_2_external_fpga_normalization.json,08392434ad93be48d2f3b5d208027fd8fb0fe615d78f6df8404d13bc7aa6ccce,docs/t6_19_2_external_fpga_normalization_source_data.csv,7a2781c8f8e9a6f690967a5703596e852005e631a48777b34702b4721f01881c,configs/literature/t6_16_3_secondary_preregistration.json,eca700725aac3d2b0d0fb312339323645a03c4089b2d1932cf757816a11585c4,"{""code_family"":""distance-3 rotated surface code"",""device"":""AMD/Xilinx XC7K410T"",""direct_nn"":true,""distance_or_window"":""d=3; 17-qubit patch; one logical qubit"",""hardware_evidence"":""REAL_QPU_DETERMINISTIC_CLOSED_LOOP"",""latency_boundary"":""end of readout pulse to start of feedback pulse"",""latency_statistic"":""deterministic closed-loop latency; deterministic NN core latency"",""physical_board_executed"":true,""same_task_comparable_to_project"":false,""source_field"":""reported_latency_ns"",""source_id"":""S08_YANG_NN_CLOSED_LOOP""}"
fpga_implementation,fpga_external_yang_nn_d3_closed_loop_clock_mhz,yang_nn_d3_closed_loop,"32-hidden-unit LSTM plus dense head, separate X/Z decoders",clock_mhz,250.0,,,LITERATURE_VALUE,LITERATURE_ONLY,SOURCE_REPORTED_DESCRIPTIVE_NOT_RANKED,False,external_yang_nn_d3_closed_loop,docs/t6_19_2_external_fpga_normalization.json,08392434ad93be48d2f3b5d208027fd8fb0fe615d78f6df8404d13bc7aa6ccce,docs/t6_19_2_external_fpga_normalization_source_data.csv,7a2781c8f8e9a6f690967a5703596e852005e631a48777b34702b4721f01881c,configs/literature/t6_16_3_secondary_preregistration.json,eca700725aac3d2b0d0fb312339323645a03c4089b2d1932cf757816a11585c4,"{""code_family"":""distance-3 rotated surface code"",""device"":""AMD/Xilinx XC7K410T"",""direct_nn"":true,""distance_or_window"":""d=3; 17-qubit patch; one logical qubit"",""hardware_evidence"":""REAL_QPU_DETERMINISTIC_CLOSED_LOOP"",""latency_boundary"":""end of readout pulse to start of feedback pulse"",""latency_statistic"":""deterministic closed-loop latency; deterministic NN core latency"",""physical_board_executed"":true,""same_task_comparable_to_project"":false,""source_field"":""clock_mhz"",""source_id"":""S08_YANG_NN_CLOSED_LOOP""}"
fpga_implementation,fpga_external_yang_nn_d3_closed_loop_latency_cycles,yang_nn_d3_closed_loop,"32-hidden-unit LSTM plus dense head, separate X/Z decoders",latency_cycles,31,,,LITERATURE_VALUE,LITERATURE_ONLY,SOURCE_REPORTED_DESCRIPTIVE_NOT_RANKED,False,external_yang_nn_d3_closed_loop,docs/t6_19_2_external_fpga_normalization.json,08392434ad93be48d2f3b5d208027fd8fb0fe615d78f6df8404d13bc7aa6ccce,docs/t6_19_2_external_fpga_normalization_source_data.csv,7a2781c8f8e9a6f690967a5703596e852005e631a48777b34702b4721f01881c,configs/literature/t6_16_3_secondary_preregistration.json,eca700725aac3d2b0d0fb312339323645a03c4089b2d1932cf757816a11585c4,"{""code_family"":""distance-3 rotated surface code"",""device"":""AMD/Xilinx XC7K410T"",""direct_nn"":true,""distance_or_window"":""d=3; 17-qubit patch; one logical qubit"",""hardware_evidence"":""REAL_QPU_DETERMINISTIC_CLOSED_LOOP"",""latency_boundary"":""end of readout pulse to start of feedback pulse"",""latency_statistic"":""deterministic closed-loop latency; deterministic NN core latency"",""physical_board_executed"":true,""same_task_comparable_to_project"":false,""source_field"":""latency_cycles"",""source_id"":""S08_YANG_NN_CLOSED_LOOP""}"
fpga_implementation,fpga_external_yang_nn_d3_closed_loop_initiation_interval_ns,yang_nn_d3_closed_loop,"32-hidden-unit LSTM plus dense head, separate X/Z decoders",initiation_interval_ns,,,,NULL_NOT_REPORTED,LITERATURE_ONLY,FIELD_NOT_REPORTED,False,external_yang_nn_d3_closed_loop,docs/t6_19_2_external_fpga_normalization.json,08392434ad93be48d2f3b5d208027fd8fb0fe615d78f6df8404d13bc7aa6ccce,docs/t6_19_2_external_fpga_normalization_source_data.csv,7a2781c8f8e9a6f690967a5703596e852005e631a48777b34702b4721f01881c,configs/literature/t6_16_3_secondary_preregistration.json,eca700725aac3d2b0d0fb312339323645a03c4089b2d1932cf757816a11585c4,"{""code_family"":""distance-3 rotated surface code"",""device"":""AMD/Xilinx XC7K410T"",""direct_nn"":true,""distance_or_window"":""d=3; 17-qubit patch; one logical qubit"",""hardware_evidence"":""REAL_QPU_DETERMINISTIC_CLOSED_LOOP"",""latency_boundary"":""end of readout pulse to start of feedback pulse"",""latency_statistic"":""deterministic closed-loop latency; deterministic NN core latency"",""physical_board_executed"":true,""same_task_comparable_to_project"":false,""source_field"":""ii_ns"",""source_id"":""S08_YANG_NN_CLOSED_LOOP""}"
fpga_implementation,fpga_external_yang_nn_d3_closed_loop_lut_count,yang_nn_d3_closed_loop,"32-hidden-unit LSTM plus dense head, separate X/Z decoders",lut_count,,,,NULL_NOT_REPORTED,LITERATURE_ONLY,FIELD_NOT_REPORTED,False,external_yang_nn_d3_closed_loop,docs/t6_19_2_external_fpga_normalization.json,08392434ad93be48d2f3b5d208027fd8fb0fe615d78f6df8404d13bc7aa6ccce,docs/t6_19_2_external_fpga_normalization_source_data.csv,7a2781c8f8e9a6f690967a5703596e852005e631a48777b34702b4721f01881c,configs/literature/t6_16_3_secondary_preregistration.json,eca700725aac3d2b0d0fb312339323645a03c4089b2d1932cf757816a11585c4,"{""code_family"":""distance-3 rotated surface code"",""device"":""AMD/Xilinx XC7K410T"",""direct_nn"":true,""distance_or_window"":""d=3; 17-qubit patch; one logical qubit"",""hardware_evidence"":""REAL_QPU_DETERMINISTIC_CLOSED_LOOP"",""latency_boundary"":""end of readout pulse to start of feedback pulse"",""latency_statistic"":""deterministic closed-loop latency; deterministic NN core latency"",""physical_board_executed"":true,""same_task_comparable_to_project"":false,""source_field"":""lut_count"",""source_id"":""S08_YANG_NN_CLOSED_LOOP""}"
fpga_implementation,fpga_external_yang_nn_d3_closed_loop_ff_count,yang_nn_d3_closed_loop,"32-hidden-unit LSTM plus dense head, separate X/Z decoders",ff_count,,,,NULL_NOT_REPORTED,LITERATURE_ONLY,FIELD_NOT_REPORTED,False,external_yang_nn_d3_closed_loop,docs/t6_19_2_external_fpga_normalization.json,08392434ad93be48d2f3b5d208027fd8fb0fe615d78f6df8404d13bc7aa6ccce,docs/t6_19_2_external_fpga_normalization_source_data.csv,7a2781c8f8e9a6f690967a5703596e852005e631a48777b34702b4721f01881c,configs/literature/t6_16_3_secondary_preregistration.json,eca700725aac3d2b0d0fb312339323645a03c4089b2d1932cf757816a11585c4,"{""code_family"":""distance-3 rotated surface code"",""device"":""AMD/Xilinx XC7K410T"",""direct_nn"":true,""distance_or_window"":""d=3; 17-qubit patch; one logical qubit"",""hardware_evidence"":""REAL_QPU_DETERMINISTIC_CLOSED_LOOP"",""latency_boundary"":""end of readout pulse to start of feedback pulse"",""latency_statistic"":""deterministic closed-loop latency; deterministic NN core latency"",""physical_board_executed"":true,""same_task_comparable_to_project"":false,""source_field"":""ff_count"",""source_id"":""S08_YANG_NN_CLOSED_LOOP""}"
fpga_implementation,fpga_external_yang_nn_d3_closed_loop_bram_count,yang_nn_d3_closed_loop,"32-hidden-unit LSTM plus dense head, separate X/Z decoders",bram_count,,,,NULL_NOT_REPORTED,LITERATURE_ONLY,FIELD_NOT_REPORTED,False,external_yang_nn_d3_closed_loop,docs/t6_19_2_external_fpga_normalization.json,08392434ad93be48d2f3b5d208027fd8fb0fe615d78f6df8404d13bc7aa6ccce,docs/t6_19_2_external_fpga_normalization_source_data.csv,7a2781c8f8e9a6f690967a5703596e852005e631a48777b34702b4721f01881c,configs/literature/t6_16_3_secondary_preregistration.json,eca700725aac3d2b0d0fb312339323645a03c4089b2d1932cf757816a11585c4,"{""code_family"":""distance-3 rotated surface code"",""device"":""AMD/Xilinx XC7K410T"",""direct_nn"":true,""distance_or_window"":""d=3; 17-qubit patch; one logical qubit"",""hardware_evidence"":""REAL_QPU_DETERMINISTIC_CLOSED_LOOP"",""latency_boundary"":""end of readout pulse to start of feedback pulse"",""latency_statistic"":""deterministic closed-loop latency; deterministic NN core latency"",""physical_board_executed"":true,""same_task_comparable_to_project"":false,""source_field"":""bram_count"",""source_id"":""S08_YANG_NN_CLOSED_LOOP""}"
fpga_implementation,fpga_external_yang_nn_d3_closed_loop_dsp_count,yang_nn_d3_closed_loop,"32-hidden-unit LSTM plus dense head, separate X/Z decoders",dsp_count,399.0,,,LITERATURE_VALUE,LITERATURE_ONLY,SOURCE_REPORTED_DESCRIPTIVE_NOT_RANKED,False,external_yang_nn_d3_closed_loop,docs/t6_19_2_external_fpga_normalization.json,08392434ad93be48d2f3b5d208027fd8fb0fe615d78f6df8404d13bc7aa6ccce,docs/t6_19_2_external_fpga_normalization_source_data.csv,7a2781c8f8e9a6f690967a5703596e852005e631a48777b34702b4721f01881c,configs/literature/t6_16_3_secondary_preregistration.json,eca700725aac3d2b0d0fb312339323645a03c4089b2d1932cf757816a11585c4,"{""code_family"":""distance-3 rotated surface code"",""device"":""AMD/Xilinx XC7K410T"",""direct_nn"":true,""distance_or_window"":""d=3; 17-qubit patch; one logical qubit"",""hardware_evidence"":""REAL_QPU_DETERMINISTIC_CLOSED_LOOP"",""latency_boundary"":""end of readout pulse to start of feedback pulse"",""latency_statistic"":""deterministic closed-loop latency; deterministic NN core latency"",""physical_board_executed"":true,""same_task_comparable_to_project"":false,""source_field"":""dsp_count"",""source_id"":""S08_YANG_NN_CLOSED_LOOP""}"
fpga_implementation,fpga_external_yang_nn_d3_closed_loop_power_w,yang_nn_d3_closed_loop,"32-hidden-unit LSTM plus dense head, separate X/Z decoders",power_w,,,,NULL_NOT_REPORTED,LITERATURE_ONLY,FIELD_NOT_REPORTED,False,external_yang_nn_d3_closed_loop,docs/t6_19_2_external_fpga_normalization.json,08392434ad93be48d2f3b5d208027fd8fb0fe615d78f6df8404d13bc7aa6ccce,docs/t6_19_2_external_fpga_normalization_source_data.csv,7a2781c8f8e9a6f690967a5703596e852005e631a48777b34702b4721f01881c,configs/literature/t6_16_3_secondary_preregistration.json,eca700725aac3d2b0d0fb312339323645a03c4089b2d1932cf757816a11585c4,"{""code_family"":""distance-3 rotated surface code"",""device"":""AMD/Xilinx XC7K410T"",""direct_nn"":true,""distance_or_window"":""d=3; 17-qubit patch; one logical qubit"",""hardware_evidence"":""REAL_QPU_DETERMINISTIC_CLOSED_LOOP"",""latency_boundary"":""end of readout pulse to start of feedback pulse"",""latency_statistic"":""deterministic closed-loop latency; deterministic NN core latency"",""physical_board_executed"":true,""same_task_comparable_to_project"":false,""source_field"":""power_w"",""source_id"":""S08_YANG_NN_CLOSED_LOOP""}"
fpga_implementation,fpga_external_micro_blossom_d13_latency_ns,micro_blossom_d13,Micro Blossom exact MWPM,latency_ns,800.0,,,LITERATURE_VALUE,LITERATURE_ONLY,SOURCE_REPORTED_DESCRIPTIVE_NOT_RANKED,False,external_micro_blossom_d13,docs/t6_19_2_external_fpga_normalization.json,08392434ad93be48d2f3b5d208027fd8fb0fe615d78f6df8404d13bc7aa6ccce,docs/t6_19_2_external_fpga_normalization_source_data.csv,7a2781c8f8e9a6f690967a5703596e852005e631a48777b34702b4721f01881c,configs/literature/t6_16_3_secondary_preregistration.json,eca700725aac3d2b0d0fb312339323645a03c4089b2d1932cf757816a11585c4,"{""code_family"":""rotated surface code"",""device"":""Xilinx Versal VMK180 evaluation board"",""direct_nn"":false,""distance_or_window"":""d=13; one logical qubit; streamed d-round circuit-level decoding graph"",""hardware_evidence"":""PHYSICAL_FPGA_SYNTHETIC_INPUT_MEASURED"",""latency_boundary"":""syndrome ready after last round to correction bit available, including PS-PL I/O"",""latency_statistic"":""measured mean on physical FPGA prototype"",""physical_board_executed"":true,""same_task_comparable_to_project"":false,""source_field"":""reported_latency_ns"",""source_id"":""S11_MICRO_BLOSSOM""}"
fpga_implementation,fpga_external_micro_blossom_d13_clock_mhz,micro_blossom_d13,Micro Blossom exact MWPM,clock_mhz,62.0,,,LITERATURE_VALUE,LITERATURE_ONLY,SOURCE_REPORTED_DESCRIPTIVE_NOT_RANKED,False,external_micro_blossom_d13,docs/t6_19_2_external_fpga_normalization.json,08392434ad93be48d2f3b5d208027fd8fb0fe615d78f6df8404d13bc7aa6ccce,docs/t6_19_2_external_fpga_normalization_source_data.csv,7a2781c8f8e9a6f690967a5703596e852005e631a48777b34702b4721f01881c,configs/literature/t6_16_3_secondary_preregistration.json,eca700725aac3d2b0d0fb312339323645a03c4089b2d1932cf757816a11585c4,"{""code_family"":""rotated surface code"",""device"":""Xilinx Versal VMK180 evaluation board"",""direct_nn"":false,""distance_or_window"":""d=13; one logical qubit; streamed d-round circuit-level decoding graph"",""hardware_evidence"":""PHYSICAL_FPGA_SYNTHETIC_INPUT_MEASURED"",""latency_boundary"":""syndrome ready after last round to correction bit available, including PS-PL I/O"",""latency_statistic"":""measured mean on physical FPGA prototype"",""physical_board_executed"":true,""same_task_comparable_to_project"":false,""source_field"":""clock_mhz"",""source_id"":""S11_MICRO_BLOSSOM""}"
fpga_implementation,fpga_external_micro_blossom_d13_latency_cycles,micro_blossom_d13,Micro Blossom exact MWPM,latency_cycles,,,,NULL_NOT_REPORTED,LITERATURE_ONLY,FIELD_NOT_REPORTED,False,external_micro_blossom_d13,docs/t6_19_2_external_fpga_normalization.json,08392434ad93be48d2f3b5d208027fd8fb0fe615d78f6df8404d13bc7aa6ccce,docs/t6_19_2_external_fpga_normalization_source_data.csv,7a2781c8f8e9a6f690967a5703596e852005e631a48777b34702b4721f01881c,configs/literature/t6_16_3_secondary_preregistration.json,eca700725aac3d2b0d0fb312339323645a03c4089b2d1932cf757816a11585c4,"{""code_family"":""rotated surface code"",""device"":""Xilinx Versal VMK180 evaluation board"",""direct_nn"":false,""distance_or_window"":""d=13; one logical qubit; streamed d-round circuit-level decoding graph"",""hardware_evidence"":""PHYSICAL_FPGA_SYNTHETIC_INPUT_MEASURED"",""latency_boundary"":""syndrome ready after last round to correction bit available, including PS-PL I/O"",""latency_statistic"":""measured mean on physical FPGA prototype"",""physical_board_executed"":true,""same_task_comparable_to_project"":false,""source_field"":""latency_cycles"",""source_id"":""S11_MICRO_BLOSSOM""}"
fpga_implementation,fpga_external_micro_blossom_d13_initiation_interval_ns,micro_blossom_d13,Micro Blossom exact MWPM,initiation_interval_ns,,,,NULL_NOT_REPORTED,LITERATURE_ONLY,FIELD_NOT_REPORTED,False,external_micro_blossom_d13,docs/t6_19_2_external_fpga_normalization.json,08392434ad93be48d2f3b5d208027fd8fb0fe615d78f6df8404d13bc7aa6ccce,docs/t6_19_2_external_fpga_normalization_source_data.csv,7a2781c8f8e9a6f690967a5703596e852005e631a48777b34702b4721f01881c,configs/literature/t6_16_3_secondary_preregistration.json,eca700725aac3d2b0d0fb312339323645a03c4089b2d1932cf757816a11585c4,"{""code_family"":""rotated surface code"",""device"":""Xilinx Versal VMK180 evaluation board"",""direct_nn"":false,""distance_or_window"":""d=13; one logical qubit; streamed d-round circuit-level decoding graph"",""hardware_evidence"":""PHYSICAL_FPGA_SYNTHETIC_INPUT_MEASURED"",""latency_boundary"":""syndrome ready after last round to correction bit available, including PS-PL I/O"",""latency_statistic"":""measured mean on physical FPGA prototype"",""physical_board_executed"":true,""same_task_comparable_to_project"":false,""source_field"":""ii_ns"",""source_id"":""S11_MICRO_BLOSSOM""}"
fpga_implementation,fpga_external_micro_blossom_d13_lut_count,micro_blossom_d13,Micro Blossom exact MWPM,lut_count,553000,,,LITERATURE_VALUE,LITERATURE_ONLY,SOURCE_REPORTED_DESCRIPTIVE_NOT_RANKED,False,external_micro_blossom_d13,docs/t6_19_2_external_fpga_normalization.json,08392434ad93be48d2f3b5d208027fd8fb0fe615d78f6df8404d13bc7aa6ccce,docs/t6_19_2_external_fpga_normalization_source_data.csv,7a2781c8f8e9a6f690967a5703596e852005e631a48777b34702b4721f01881c,configs/literature/t6_16_3_secondary_preregistration.json,eca700725aac3d2b0d0fb312339323645a03c4089b2d1932cf757816a11585c4,"{""code_family"":""rotated surface code"",""device"":""Xilinx Versal VMK180 evaluation board"",""direct_nn"":false,""distance_or_window"":""d=13; one logical qubit; streamed d-round circuit-level decoding graph"",""hardware_evidence"":""PHYSICAL_FPGA_SYNTHETIC_INPUT_MEASURED"",""latency_boundary"":""syndrome ready after last round to correction bit available, including PS-PL I/O"",""latency_statistic"":""measured mean on physical FPGA prototype"",""physical_board_executed"":true,""same_task_comparable_to_project"":false,""source_field"":""lut_count"",""source_id"":""S11_MICRO_BLOSSOM""}"
fpga_implementation,fpga_external_micro_blossom_d13_ff_count,micro_blossom_d13,Micro Blossom exact MWPM,ff_count,,,,NULL_NOT_REPORTED,LITERATURE_ONLY,FIELD_NOT_REPORTED,False,external_micro_blossom_d13,docs/t6_19_2_external_fpga_normalization.json,08392434ad93be48d2f3b5d208027fd8fb0fe615d78f6df8404d13bc7aa6ccce,docs/t6_19_2_external_fpga_normalization_source_data.csv,7a2781c8f8e9a6f690967a5703596e852005e631a48777b34702b4721f01881c,configs/literature/t6_16_3_secondary_preregistration.json,eca700725aac3d2b0d0fb312339323645a03c4089b2d1932cf757816a11585c4,"{""code_family"":""rotated surface code"",""device"":""Xilinx Versal VMK180 evaluation board"",""direct_nn"":false,""distance_or_window"":""d=13; one logical qubit; streamed d-round circuit-level decoding graph"",""hardware_evidence"":""PHYSICAL_FPGA_SYNTHETIC_INPUT_MEASURED"",""latency_boundary"":""syndrome ready after last round to correction bit available, including PS-PL I/O"",""latency_statistic"":""measured mean on physical FPGA prototype"",""physical_board_executed"":true,""same_task_comparable_to_project"":false,""source_field"":""ff_count"",""source_id"":""S11_MICRO_BLOSSOM""}"
fpga_implementation,fpga_external_micro_blossom_d13_bram_count,micro_blossom_d13,Micro Blossom exact MWPM,bram_count,,,,NULL_NOT_REPORTED,LITERATURE_ONLY,FIELD_NOT_REPORTED,False,external_micro_blossom_d13,docs/t6_19_2_external_fpga_normalization.json,08392434ad93be48d2f3b5d208027fd8fb0fe615d78f6df8404d13bc7aa6ccce,docs/t6_19_2_external_fpga_normalization_source_data.csv,7a2781c8f8e9a6f690967a5703596e852005e631a48777b34702b4721f01881c,configs/literature/t6_16_3_secondary_preregistration.json,eca700725aac3d2b0d0fb312339323645a03c4089b2d1932cf757816a11585c4,"{""code_family"":""rotated surface code"",""device"":""Xilinx Versal VMK180 evaluation board"",""direct_nn"":false,""distance_or_window"":""d=13; one logical qubit; streamed d-round circuit-level decoding graph"",""hardware_evidence"":""PHYSICAL_FPGA_SYNTHETIC_INPUT_MEASURED"",""latency_boundary"":""syndrome ready after last round to correction bit available, including PS-PL I/O"",""latency_statistic"":""measured mean on physical FPGA prototype"",""physical_board_executed"":true,""same_task_comparable_to_project"":false,""source_field"":""bram_count"",""source_id"":""S11_MICRO_BLOSSOM""}"
fpga_implementation,fpga_external_micro_blossom_d13_dsp_count,micro_blossom_d13,Micro Blossom exact MWPM,dsp_count,,,,NULL_NOT_REPORTED,LITERATURE_ONLY,FIELD_NOT_REPORTED,False,external_micro_blossom_d13,docs/t6_19_2_external_fpga_normalization.json,08392434ad93be48d2f3b5d208027fd8fb0fe615d78f6df8404d13bc7aa6ccce,docs/t6_19_2_external_fpga_normalization_source_data.csv,7a2781c8f8e9a6f690967a5703596e852005e631a48777b34702b4721f01881c,configs/literature/t6_16_3_secondary_preregistration.json,eca700725aac3d2b0d0fb312339323645a03c4089b2d1932cf757816a11585c4,"{""code_family"":""rotated surface code"",""device"":""Xilinx Versal VMK180 evaluation board"",""direct_nn"":false,""distance_or_window"":""d=13; one logical qubit; streamed d-round circuit-level decoding graph"",""hardware_evidence"":""PHYSICAL_FPGA_SYNTHETIC_INPUT_MEASURED"",""latency_boundary"":""syndrome ready after last round to correction bit available, including PS-PL I/O"",""latency_statistic"":""measured mean on physical FPGA prototype"",""physical_board_executed"":true,""same_task_comparable_to_project"":false,""source_field"":""dsp_count"",""source_id"":""S11_MICRO_BLOSSOM""}"
fpga_implementation,fpga_external_micro_blossom_d13_power_w,micro_blossom_d13,Micro Blossom exact MWPM,power_w,,,,NULL_NOT_REPORTED,LITERATURE_ONLY,FIELD_NOT_REPORTED,False,external_micro_blossom_d13,docs/t6_19_2_external_fpga_normalization.json,08392434ad93be48d2f3b5d208027fd8fb0fe615d78f6df8404d13bc7aa6ccce,docs/t6_19_2_external_fpga_normalization_source_data.csv,7a2781c8f8e9a6f690967a5703596e852005e631a48777b34702b4721f01881c,configs/literature/t6_16_3_secondary_preregistration.json,eca700725aac3d2b0d0fb312339323645a03c4089b2d1932cf757816a11585c4,"{""code_family"":""rotated surface code"",""device"":""Xilinx Versal VMK180 evaluation board"",""direct_nn"":false,""distance_or_window"":""d=13; one logical qubit; streamed d-round circuit-level decoding graph"",""hardware_evidence"":""PHYSICAL_FPGA_SYNTHETIC_INPUT_MEASURED"",""latency_boundary"":""syndrome ready after last round to correction bit available, including PS-PL I/O"",""latency_statistic"":""measured mean on physical FPGA prototype"",""physical_board_executed"":true,""same_task_comparable_to_project"":false,""source_field"":""power_w"",""source_id"":""S11_MICRO_BLOSSOM""}"
fpga_implementation,fpga_external_gnn_d7_max_latency_latency_ns,gnn_d7_max_latency,"pruned quantized two-GraphConv GNN, max-latency profile",latency_ns,988.8,,,LITERATURE_VALUE,LITERATURE_ONLY,SOURCE_REPORTED_DESCRIPTIVE_NOT_RANKED,False,external_gnn_d7_max_latency,docs/t6_19_2_external_fpga_normalization.json,08392434ad93be48d2f3b5d208027fd8fb0fe615d78f6df8404d13bc7aa6ccce,docs/t6_19_2_external_fpga_normalization_source_data.csv,7a2781c8f8e9a6f690967a5703596e852005e631a48777b34702b4721f01881c,configs/literature/t6_16_3_secondary_preregistration.json,eca700725aac3d2b0d0fb312339323645a03c4089b2d1932cf757816a11585c4,"{""code_family"":""rotated surface code"",""device"":""AMD/Xilinx Alveo U250 xcu250-figd2104-2L-e"",""direct_nn"":true,""distance_or_window"":""d=7; input graph capped at N=30 nodes"",""hardware_evidence"":""FPGA_SYNTHESIS_ESTIMATE_NOT_BOARD_MEASURED"",""latency_boundary"":""one bounded graph inference through all GNN layers"",""latency_statistic"":""synthesis cycle count at N=30 worst supported graph size"",""physical_board_executed"":false,""same_task_comparable_to_project"":false,""source_field"":""reported_latency_ns"",""source_id"":""S12_GNN_ACCELERATOR""}"
fpga_implementation,fpga_external_gnn_d7_max_latency_clock_mhz,gnn_d7_max_latency,"pruned quantized two-GraphConv GNN, max-latency profile",clock_mhz,208.33333333333334,,,LITERATURE_VALUE,LITERATURE_ONLY,SOURCE_REPORTED_DESCRIPTIVE_NOT_RANKED,False,external_gnn_d7_max_latency,docs/t6_19_2_external_fpga_normalization.json,08392434ad93be48d2f3b5d208027fd8fb0fe615d78f6df8404d13bc7aa6ccce,docs/t6_19_2_external_fpga_normalization_source_data.csv,7a2781c8f8e9a6f690967a5703596e852005e631a48777b34702b4721f01881c,configs/literature/t6_16_3_secondary_preregistration.json,eca700725aac3d2b0d0fb312339323645a03c4089b2d1932cf757816a11585c4,"{""code_family"":""rotated surface code"",""device"":""AMD/Xilinx Alveo U250 xcu250-figd2104-2L-e"",""direct_nn"":true,""distance_or_window"":""d=7; input graph capped at N=30 nodes"",""hardware_evidence"":""FPGA_SYNTHESIS_ESTIMATE_NOT_BOARD_MEASURED"",""latency_boundary"":""one bounded graph inference through all GNN layers"",""latency_statistic"":""synthesis cycle count at N=30 worst supported graph size"",""physical_board_executed"":false,""same_task_comparable_to_project"":false,""source_field"":""clock_mhz"",""source_id"":""S12_GNN_ACCELERATOR""}"
fpga_implementation,fpga_external_gnn_d7_max_latency_latency_cycles,gnn_d7_max_latency,"pruned quantized two-GraphConv GNN, max-latency profile",latency_cycles,206,,,LITERATURE_VALUE,LITERATURE_ONLY,SOURCE_REPORTED_DESCRIPTIVE_NOT_RANKED,False,external_gnn_d7_max_latency,docs/t6_19_2_external_fpga_normalization.json,08392434ad93be48d2f3b5d208027fd8fb0fe615d78f6df8404d13bc7aa6ccce,docs/t6_19_2_external_fpga_normalization_source_data.csv,7a2781c8f8e9a6f690967a5703596e852005e631a48777b34702b4721f01881c,configs/literature/t6_16_3_secondary_preregistration.json,eca700725aac3d2b0d0fb312339323645a03c4089b2d1932cf757816a11585c4,"{""code_family"":""rotated surface code"",""device"":""AMD/Xilinx Alveo U250 xcu250-figd2104-2L-e"",""direct_nn"":true,""distance_or_window"":""d=7; input graph capped at N=30 nodes"",""hardware_evidence"":""FPGA_SYNTHESIS_ESTIMATE_NOT_BOARD_MEASURED"",""latency_boundary"":""one bounded graph inference through all GNN layers"",""latency_statistic"":""synthesis cycle count at N=30 worst supported graph size"",""physical_board_executed"":false,""same_task_comparable_to_project"":false,""source_field"":""latency_cycles"",""source_id"":""S12_GNN_ACCELERATOR""}"
fpga_implementation,fpga_external_gnn_d7_max_latency_initiation_interval_ns,gnn_d7_max_latency,"pruned quantized two-GraphConv GNN, max-latency profile",initiation_interval_ns,,,,NULL_NOT_REPORTED,LITERATURE_ONLY,FIELD_NOT_REPORTED,False,external_gnn_d7_max_latency,docs/t6_19_2_external_fpga_normalization.json,08392434ad93be48d2f3b5d208027fd8fb0fe615d78f6df8404d13bc7aa6ccce,docs/t6_19_2_external_fpga_normalization_source_data.csv,7a2781c8f8e9a6f690967a5703596e852005e631a48777b34702b4721f01881c,configs/literature/t6_16_3_secondary_preregistration.json,eca700725aac3d2b0d0fb312339323645a03c4089b2d1932cf757816a11585c4,"{""code_family"":""rotated surface code"",""device"":""AMD/Xilinx Alveo U250 xcu250-figd2104-2L-e"",""direct_nn"":true,""distance_or_window"":""d=7; input graph capped at N=30 nodes"",""hardware_evidence"":""FPGA_SYNTHESIS_ESTIMATE_NOT_BOARD_MEASURED"",""latency_boundary"":""one bounded graph inference through all GNN layers"",""latency_statistic"":""synthesis cycle count at N=30 worst supported graph size"",""physical_board_executed"":false,""same_task_comparable_to_project"":false,""source_field"":""ii_ns"",""source_id"":""S12_GNN_ACCELERATOR""}"
fpga_implementation,fpga_external_gnn_d7_max_latency_lut_count,gnn_d7_max_latency,"pruned quantized two-GraphConv GNN, max-latency profile",lut_count,,,,NULL_NOT_REPORTED,LITERATURE_ONLY,FIELD_NOT_REPORTED,False,external_gnn_d7_max_latency,docs/t6_19_2_external_fpga_normalization.json,08392434ad93be48d2f3b5d208027fd8fb0fe615d78f6df8404d13bc7aa6ccce,docs/t6_19_2_external_fpga_normalization_source_data.csv,7a2781c8f8e9a6f690967a5703596e852005e631a48777b34702b4721f01881c,configs/literature/t6_16_3_secondary_preregistration.json,eca700725aac3d2b0d0fb312339323645a03c4089b2d1932cf757816a11585c4,"{""code_family"":""rotated surface code"",""device"":""AMD/Xilinx Alveo U250 xcu250-figd2104-2L-e"",""direct_nn"":true,""distance_or_window"":""d=7; input graph capped at N=30 nodes"",""hardware_evidence"":""FPGA_SYNTHESIS_ESTIMATE_NOT_BOARD_MEASURED"",""latency_boundary"":""one bounded graph inference through all GNN layers"",""latency_statistic"":""synthesis cycle count at N=30 worst supported graph size"",""physical_board_executed"":false,""same_task_comparable_to_project"":false,""source_field"":""lut_count"",""source_id"":""S12_GNN_ACCELERATOR""}"
fpga_implementation,fpga_external_gnn_d7_max_latency_ff_count,gnn_d7_max_latency,"pruned quantized two-GraphConv GNN, max-latency profile",ff_count,,,,NULL_NOT_REPORTED,LITERATURE_ONLY,FIELD_NOT_REPORTED,False,external_gnn_d7_max_latency,docs/t6_19_2_external_fpga_normalization.json,08392434ad93be48d2f3b5d208027fd8fb0fe615d78f6df8404d13bc7aa6ccce,docs/t6_19_2_external_fpga_normalization_source_data.csv,7a2781c8f8e9a6f690967a5703596e852005e631a48777b34702b4721f01881c,configs/literature/t6_16_3_secondary_preregistration.json,eca700725aac3d2b0d0fb312339323645a03c4089b2d1932cf757816a11585c4,"{""code_family"":""rotated surface code"",""device"":""AMD/Xilinx Alveo U250 xcu250-figd2104-2L-e"",""direct_nn"":true,""distance_or_window"":""d=7; input graph capped at N=30 nodes"",""hardware_evidence"":""FPGA_SYNTHESIS_ESTIMATE_NOT_BOARD_MEASURED"",""latency_boundary"":""one bounded graph inference through all GNN layers"",""latency_statistic"":""synthesis cycle count at N=30 worst supported graph size"",""physical_board_executed"":false,""same_task_comparable_to_project"":false,""source_field"":""ff_count"",""source_id"":""S12_GNN_ACCELERATOR""}"
fpga_implementation,fpga_external_gnn_d7_max_latency_bram_count,gnn_d7_max_latency,"pruned quantized two-GraphConv GNN, max-latency profile",bram_count,,,,NULL_NOT_REPORTED,LITERATURE_ONLY,FIELD_NOT_REPORTED,False,external_gnn_d7_max_latency,docs/t6_19_2_external_fpga_normalization.json,08392434ad93be48d2f3b5d208027fd8fb0fe615d78f6df8404d13bc7aa6ccce,docs/t6_19_2_external_fpga_normalization_source_data.csv,7a2781c8f8e9a6f690967a5703596e852005e631a48777b34702b4721f01881c,configs/literature/t6_16_3_secondary_preregistration.json,eca700725aac3d2b0d0fb312339323645a03c4089b2d1932cf757816a11585c4,"{""code_family"":""rotated surface code"",""device"":""AMD/Xilinx Alveo U250 xcu250-figd2104-2L-e"",""direct_nn"":true,""distance_or_window"":""d=7; input graph capped at N=30 nodes"",""hardware_evidence"":""FPGA_SYNTHESIS_ESTIMATE_NOT_BOARD_MEASURED"",""latency_boundary"":""one bounded graph inference through all GNN layers"",""latency_statistic"":""synthesis cycle count at N=30 worst supported graph size"",""physical_board_executed"":false,""same_task_comparable_to_project"":false,""source_field"":""bram_count"",""source_id"":""S12_GNN_ACCELERATOR""}"
fpga_implementation,fpga_external_gnn_d7_max_latency_dsp_count,gnn_d7_max_latency,"pruned quantized two-GraphConv GNN, max-latency profile",dsp_count,,,,NULL_NOT_REPORTED,LITERATURE_ONLY,FIELD_NOT_REPORTED,False,external_gnn_d7_max_latency,docs/t6_19_2_external_fpga_normalization.json,08392434ad93be48d2f3b5d208027fd8fb0fe615d78f6df8404d13bc7aa6ccce,docs/t6_19_2_external_fpga_normalization_source_data.csv,7a2781c8f8e9a6f690967a5703596e852005e631a48777b34702b4721f01881c,configs/literature/t6_16_3_secondary_preregistration.json,eca700725aac3d2b0d0fb312339323645a03c4089b2d1932cf757816a11585c4,"{""code_family"":""rotated surface code"",""device"":""AMD/Xilinx Alveo U250 xcu250-figd2104-2L-e"",""direct_nn"":true,""distance_or_window"":""d=7; input graph capped at N=30 nodes"",""hardware_evidence"":""FPGA_SYNTHESIS_ESTIMATE_NOT_BOARD_MEASURED"",""latency_boundary"":""one bounded graph inference through all GNN layers"",""latency_statistic"":""synthesis cycle count at N=30 worst supported graph size"",""physical_board_executed"":false,""same_task_comparable_to_project"":false,""source_field"":""dsp_count"",""source_id"":""S12_GNN_ACCELERATOR""}"
fpga_implementation,fpga_external_gnn_d7_max_latency_power_w,gnn_d7_max_latency,"pruned quantized two-GraphConv GNN, max-latency profile",power_w,,,,NULL_NOT_REPORTED,LITERATURE_ONLY,FIELD_NOT_REPORTED,False,external_gnn_d7_max_latency,docs/t6_19_2_external_fpga_normalization.json,08392434ad93be48d2f3b5d208027fd8fb0fe615d78f6df8404d13bc7aa6ccce,docs/t6_19_2_external_fpga_normalization_source_data.csv,7a2781c8f8e9a6f690967a5703596e852005e631a48777b34702b4721f01881c,configs/literature/t6_16_3_secondary_preregistration.json,eca700725aac3d2b0d0fb312339323645a03c4089b2d1932cf757816a11585c4,"{""code_family"":""rotated surface code"",""device"":""AMD/Xilinx Alveo U250 xcu250-figd2104-2L-e"",""direct_nn"":true,""distance_or_window"":""d=7; input graph capped at N=30 nodes"",""hardware_evidence"":""FPGA_SYNTHESIS_ESTIMATE_NOT_BOARD_MEASURED"",""latency_boundary"":""one bounded graph inference through all GNN layers"",""latency_statistic"":""synthesis cycle count at N=30 worst supported graph size"",""physical_board_executed"":false,""same_task_comparable_to_project"":false,""source_field"":""power_w"",""source_id"":""S12_GNN_ACCELERATOR""}"
fpga_implementation,fpga_external_gnn_d7_average_latency_latency_ns,gnn_d7_average_latency,"pruned quantized GNN, average-latency profile",latency_ns,846.0,,,LITERATURE_VALUE,LITERATURE_ONLY,SOURCE_REPORTED_DESCRIPTIVE_NOT_RANKED,False,external_gnn_d7_average_latency,docs/t6_19_2_external_fpga_normalization.json,08392434ad93be48d2f3b5d208027fd8fb0fe615d78f6df8404d13bc7aa6ccce,docs/t6_19_2_external_fpga_normalization_source_data.csv,7a2781c8f8e9a6f690967a5703596e852005e631a48777b34702b4721f01881c,configs/literature/t6_16_3_secondary_preregistration.json,eca700725aac3d2b0d0fb312339323645a03c4089b2d1932cf757816a11585c4,"{""code_family"":""rotated surface code"",""device"":""AMD/Xilinx Alveo U250 xcu250-figd2104-2L-e"",""direct_nn"":true,""distance_or_window"":""d=7; graph-size distribution after input-graph filtering"",""hardware_evidence"":""FPGA_SYNTHESIS_ESTIMATE_NOT_BOARD_MEASURED"",""latency_boundary"":""one bounded graph inference through all GNN layers"",""latency_statistic"":""mean over the paper graph-size distribution"",""physical_board_executed"":false,""same_task_comparable_to_project"":false,""source_field"":""reported_latency_ns"",""source_id"":""S12_GNN_ACCELERATOR""}"
fpga_implementation,fpga_external_gnn_d7_average_latency_clock_mhz,gnn_d7_average_latency,"pruned quantized GNN, average-latency profile",clock_mhz,200.0,,,LITERATURE_VALUE,LITERATURE_ONLY,SOURCE_REPORTED_DESCRIPTIVE_NOT_RANKED,False,external_gnn_d7_average_latency,docs/t6_19_2_external_fpga_normalization.json,08392434ad93be48d2f3b5d208027fd8fb0fe615d78f6df8404d13bc7aa6ccce,docs/t6_19_2_external_fpga_normalization_source_data.csv,7a2781c8f8e9a6f690967a5703596e852005e631a48777b34702b4721f01881c,configs/literature/t6_16_3_secondary_preregistration.json,eca700725aac3d2b0d0fb312339323645a03c4089b2d1932cf757816a11585c4,"{""code_family"":""rotated surface code"",""device"":""AMD/Xilinx Alveo U250 xcu250-figd2104-2L-e"",""direct_nn"":true,""distance_or_window"":""d=7; graph-size distribution after input-graph filtering"",""hardware_evidence"":""FPGA_SYNTHESIS_ESTIMATE_NOT_BOARD_MEASURED"",""latency_boundary"":""one bounded graph inference through all GNN layers"",""latency_statistic"":""mean over the paper graph-size distribution"",""physical_board_executed"":false,""same_task_comparable_to_project"":false,""source_field"":""clock_mhz"",""source_id"":""S12_GNN_ACCELERATOR""}"
fpga_implementation,fpga_external_gnn_d7_average_latency_latency_cycles,gnn_d7_average_latency,"pruned quantized GNN, average-latency profile",latency_cycles,,,,NULL_NOT_REPORTED,LITERATURE_ONLY,FIELD_NOT_REPORTED,False,external_gnn_d7_average_latency,docs/t6_19_2_external_fpga_normalization.json,08392434ad93be48d2f3b5d208027fd8fb0fe615d78f6df8404d13bc7aa6ccce,docs/t6_19_2_external_fpga_normalization_source_data.csv,7a2781c8f8e9a6f690967a5703596e852005e631a48777b34702b4721f01881c,configs/literature/t6_16_3_secondary_preregistration.json,eca700725aac3d2b0d0fb312339323645a03c4089b2d1932cf757816a11585c4,"{""code_family"":""rotated surface code"",""device"":""AMD/Xilinx Alveo U250 xcu250-figd2104-2L-e"",""direct_nn"":true,""distance_or_window"":""d=7; graph-size distribution after input-graph filtering"",""hardware_evidence"":""FPGA_SYNTHESIS_ESTIMATE_NOT_BOARD_MEASURED"",""latency_boundary"":""one bounded graph inference through all GNN layers"",""latency_statistic"":""mean over the paper graph-size distribution"",""physical_board_executed"":false,""same_task_comparable_to_project"":false,""source_field"":""latency_cycles"",""source_id"":""S12_GNN_ACCELERATOR""}"
fpga_implementation,fpga_external_gnn_d7_average_latency_initiation_interval_ns,gnn_d7_average_latency,"pruned quantized GNN, average-latency profile",initiation_interval_ns,,,,NULL_NOT_REPORTED,LITERATURE_ONLY,FIELD_NOT_REPORTED,False,external_gnn_d7_average_latency,docs/t6_19_2_external_fpga_normalization.json,08392434ad93be48d2f3b5d208027fd8fb0fe615d78f6df8404d13bc7aa6ccce,docs/t6_19_2_external_fpga_normalization_source_data.csv,7a2781c8f8e9a6f690967a5703596e852005e631a48777b34702b4721f01881c,configs/literature/t6_16_3_secondary_preregistration.json,eca700725aac3d2b0d0fb312339323645a03c4089b2d1932cf757816a11585c4,"{""code_family"":""rotated surface code"",""device"":""AMD/Xilinx Alveo U250 xcu250-figd2104-2L-e"",""direct_nn"":true,""distance_or_window"":""d=7; graph-size distribution after input-graph filtering"",""hardware_evidence"":""FPGA_SYNTHESIS_ESTIMATE_NOT_BOARD_MEASURED"",""latency_boundary"":""one bounded graph inference through all GNN layers"",""latency_statistic"":""mean over the paper graph-size distribution"",""physical_board_executed"":false,""same_task_comparable_to_project"":false,""source_field"":""ii_ns"",""source_id"":""S12_GNN_ACCELERATOR""}"
fpga_implementation,fpga_external_gnn_d7_average_latency_lut_count,gnn_d7_average_latency,"pruned quantized GNN, average-latency profile",lut_count,,,,NULL_NOT_REPORTED,LITERATURE_ONLY,FIELD_NOT_REPORTED,False,external_gnn_d7_average_latency,docs/t6_19_2_external_fpga_normalization.json,08392434ad93be48d2f3b5d208027fd8fb0fe615d78f6df8404d13bc7aa6ccce,docs/t6_19_2_external_fpga_normalization_source_data.csv,7a2781c8f8e9a6f690967a5703596e852005e631a48777b34702b4721f01881c,configs/literature/t6_16_3_secondary_preregistration.json,eca700725aac3d2b0d0fb312339323645a03c4089b2d1932cf757816a11585c4,"{""code_family"":""rotated surface code"",""device"":""AMD/Xilinx Alveo U250 xcu250-figd2104-2L-e"",""direct_nn"":true,""distance_or_window"":""d=7; graph-size distribution after input-graph filtering"",""hardware_evidence"":""FPGA_SYNTHESIS_ESTIMATE_NOT_BOARD_MEASURED"",""latency_boundary"":""one bounded graph inference through all GNN layers"",""latency_statistic"":""mean over the paper graph-size distribution"",""physical_board_executed"":false,""same_task_comparable_to_project"":false,""source_field"":""lut_count"",""source_id"":""S12_GNN_ACCELERATOR""}"
fpga_implementation,fpga_external_gnn_d7_average_latency_ff_count,gnn_d7_average_latency,"pruned quantized GNN, average-latency profile",ff_count,,,,NULL_NOT_REPORTED,LITERATURE_ONLY,FIELD_NOT_REPORTED,False,external_gnn_d7_average_latency,docs/t6_19_2_external_fpga_normalization.json,08392434ad93be48d2f3b5d208027fd8fb0fe615d78f6df8404d13bc7aa6ccce,docs/t6_19_2_external_fpga_normalization_source_data.csv,7a2781c8f8e9a6f690967a5703596e852005e631a48777b34702b4721f01881c,configs/literature/t6_16_3_secondary_preregistration.json,eca700725aac3d2b0d0fb312339323645a03c4089b2d1932cf757816a11585c4,"{""code_family"":""rotated surface code"",""device"":""AMD/Xilinx Alveo U250 xcu250-figd2104-2L-e"",""direct_nn"":true,""distance_or_window"":""d=7; graph-size distribution after input-graph filtering"",""hardware_evidence"":""FPGA_SYNTHESIS_ESTIMATE_NOT_BOARD_MEASURED"",""latency_boundary"":""one bounded graph inference through all GNN layers"",""latency_statistic"":""mean over the paper graph-size distribution"",""physical_board_executed"":false,""same_task_comparable_to_project"":false,""source_field"":""ff_count"",""source_id"":""S12_GNN_ACCELERATOR""}"
fpga_implementation,fpga_external_gnn_d7_average_latency_bram_count,gnn_d7_average_latency,"pruned quantized GNN, average-latency profile",bram_count,,,,NULL_NOT_REPORTED,LITERATURE_ONLY,FIELD_NOT_REPORTED,False,external_gnn_d7_average_latency,docs/t6_19_2_external_fpga_normalization.json,08392434ad93be48d2f3b5d208027fd8fb0fe615d78f6df8404d13bc7aa6ccce,docs/t6_19_2_external_fpga_normalization_source_data.csv,7a2781c8f8e9a6f690967a5703596e852005e631a48777b34702b4721f01881c,configs/literature/t6_16_3_secondary_preregistration.json,eca700725aac3d2b0d0fb312339323645a03c4089b2d1932cf757816a11585c4,"{""code_family"":""rotated surface code"",""device"":""AMD/Xilinx Alveo U250 xcu250-figd2104-2L-e"",""direct_nn"":true,""distance_or_window"":""d=7; graph-size distribution after input-graph filtering"",""hardware_evidence"":""FPGA_SYNTHESIS_ESTIMATE_NOT_BOARD_MEASURED"",""latency_boundary"":""one bounded graph inference through all GNN layers"",""latency_statistic"":""mean over the paper graph-size distribution"",""physical_board_executed"":false,""same_task_comparable_to_project"":false,""source_field"":""bram_count"",""source_id"":""S12_GNN_ACCELERATOR""}"
fpga_implementation,fpga_external_gnn_d7_average_latency_dsp_count,gnn_d7_average_latency,"pruned quantized GNN, average-latency profile",dsp_count,,,,NULL_NOT_REPORTED,LITERATURE_ONLY,FIELD_NOT_REPORTED,False,external_gnn_d7_average_latency,docs/t6_19_2_external_fpga_normalization.json,08392434ad93be48d2f3b5d208027fd8fb0fe615d78f6df8404d13bc7aa6ccce,docs/t6_19_2_external_fpga_normalization_source_data.csv,7a2781c8f8e9a6f690967a5703596e852005e631a48777b34702b4721f01881c,configs/literature/t6_16_3_secondary_preregistration.json,eca700725aac3d2b0d0fb312339323645a03c4089b2d1932cf757816a11585c4,"{""code_family"":""rotated surface code"",""device"":""AMD/Xilinx Alveo U250 xcu250-figd2104-2L-e"",""direct_nn"":true,""distance_or_window"":""d=7; graph-size distribution after input-graph filtering"",""hardware_evidence"":""FPGA_SYNTHESIS_ESTIMATE_NOT_BOARD_MEASURED"",""latency_boundary"":""one bounded graph inference through all GNN layers"",""latency_statistic"":""mean over the paper graph-size distribution"",""physical_board_executed"":false,""same_task_comparable_to_project"":false,""source_field"":""dsp_count"",""source_id"":""S12_GNN_ACCELERATOR""}"
fpga_implementation,fpga_external_gnn_d7_average_latency_power_w,gnn_d7_average_latency,"pruned quantized GNN, average-latency profile",power_w,,,,NULL_NOT_REPORTED,LITERATURE_ONLY,FIELD_NOT_REPORTED,False,external_gnn_d7_average_latency,docs/t6_19_2_external_fpga_normalization.json,08392434ad93be48d2f3b5d208027fd8fb0fe615d78f6df8404d13bc7aa6ccce,docs/t6_19_2_external_fpga_normalization_source_data.csv,7a2781c8f8e9a6f690967a5703596e852005e631a48777b34702b4721f01881c,configs/literature/t6_16_3_secondary_preregistration.json,eca700725aac3d2b0d0fb312339323645a03c4089b2d1932cf757816a11585c4,"{""code_family"":""rotated surface code"",""device"":""AMD/Xilinx Alveo U250 xcu250-figd2104-2L-e"",""direct_nn"":true,""distance_or_window"":""d=7; graph-size distribution after input-graph filtering"",""hardware_evidence"":""FPGA_SYNTHESIS_ESTIMATE_NOT_BOARD_MEASURED"",""latency_boundary"":""one bounded graph inference through all GNN layers"",""latency_statistic"":""mean over the paper graph-size distribution"",""physical_board_executed"":false,""same_task_comparable_to_project"":false,""source_field"":""power_w"",""source_id"":""S12_GNN_ACCELERATOR""}"
fpga_implementation,fpga_external_rethink_tcn_d9_hls_latency_ns,rethink_tcn_d9_hls,"TCN Large, W4A4 QAT plus 80% global unstructured pruning",latency_ns,770.0,,,LITERATURE_VALUE,LITERATURE_ONLY,SOURCE_REPORTED_DESCRIPTIVE_NOT_RANKED,False,external_rethink_tcn_d9_hls,docs/t6_19_2_external_fpga_normalization.json,08392434ad93be48d2f3b5d208027fd8fb0fe615d78f6df8404d13bc7aa6ccce,docs/t6_19_2_external_fpga_normalization_source_data.csv,7a2781c8f8e9a6f690967a5703596e852005e631a48777b34702b4721f01881c,configs/literature/t6_16_3_secondary_preregistration.json,eca700725aac3d2b0d0fb312339323645a03c4089b2d1932cf757816a11585c4,"{""code_family"":""rotated surface code"",""device"":""AMD Versal Premium VP1902"",""direct_nn"":true,""distance_or_window"":""d=9; causal sliding window r=d; incremental one-frame update"",""hardware_evidence"":""HLS_SYNTHESIS_ESTIMATE_NOT_PLACE_ROUTE_OR_BOARD"",""latency_boundary"":""incremental Conv2D encoder plus Conv1D temporal stage plus readout"",""latency_statistic"":""HLS synthesis total; module table is primary cycle locator"",""physical_board_executed"":false,""same_task_comparable_to_project"":false,""source_field"":""reported_latency_ns"",""source_id"":""S13_RETHINK_NEURAL""}"
fpga_implementation,fpga_external_rethink_tcn_d9_hls_clock_mhz,rethink_tcn_d9_hls,"TCN Large, W4A4 QAT plus 80% global unstructured pruning",clock_mhz,350.0,,,LITERATURE_VALUE,LITERATURE_ONLY,SOURCE_REPORTED_DESCRIPTIVE_NOT_RANKED,False,external_rethink_tcn_d9_hls,docs/t6_19_2_external_fpga_normalization.json,08392434ad93be48d2f3b5d208027fd8fb0fe615d78f6df8404d13bc7aa6ccce,docs/t6_19_2_external_fpga_normalization_source_data.csv,7a2781c8f8e9a6f690967a5703596e852005e631a48777b34702b4721f01881c,configs/literature/t6_16_3_secondary_preregistration.json,eca700725aac3d2b0d0fb312339323645a03c4089b2d1932cf757816a11585c4,"{""code_family"":""rotated surface code"",""device"":""AMD Versal Premium VP1902"",""direct_nn"":true,""distance_or_window"":""d=9; causal sliding window r=d; incremental one-frame update"",""hardware_evidence"":""HLS_SYNTHESIS_ESTIMATE_NOT_PLACE_ROUTE_OR_BOARD"",""latency_boundary"":""incremental Conv2D encoder plus Conv1D temporal stage plus readout"",""latency_statistic"":""HLS synthesis total; module table is primary cycle locator"",""physical_board_executed"":false,""same_task_comparable_to_project"":false,""source_field"":""clock_mhz"",""source_id"":""S13_RETHINK_NEURAL""}"
fpga_implementation,fpga_external_rethink_tcn_d9_hls_latency_cycles,rethink_tcn_d9_hls,"TCN Large, W4A4 QAT plus 80% global unstructured pruning",latency_cycles,267,,,LITERATURE_VALUE,LITERATURE_ONLY,SOURCE_REPORTED_DESCRIPTIVE_NOT_RANKED,False,external_rethink_tcn_d9_hls,docs/t6_19_2_external_fpga_normalization.json,08392434ad93be48d2f3b5d208027fd8fb0fe615d78f6df8404d13bc7aa6ccce,docs/t6_19_2_external_fpga_normalization_source_data.csv,7a2781c8f8e9a6f690967a5703596e852005e631a48777b34702b4721f01881c,configs/literature/t6_16_3_secondary_preregistration.json,eca700725aac3d2b0d0fb312339323645a03c4089b2d1932cf757816a11585c4,"{""code_family"":""rotated surface code"",""device"":""AMD Versal Premium VP1902"",""direct_nn"":true,""distance_or_window"":""d=9; causal sliding window r=d; incremental one-frame update"",""hardware_evidence"":""HLS_SYNTHESIS_ESTIMATE_NOT_PLACE_ROUTE_OR_BOARD"",""latency_boundary"":""incremental Conv2D encoder plus Conv1D temporal stage plus readout"",""latency_statistic"":""HLS synthesis total; module table is primary cycle locator"",""physical_board_executed"":false,""same_task_comparable_to_project"":false,""source_field"":""latency_cycles"",""source_id"":""S13_RETHINK_NEURAL""}"
fpga_implementation,fpga_external_rethink_tcn_d9_hls_initiation_interval_ns,rethink_tcn_d9_hls,"TCN Large, W4A4 QAT plus 80% global unstructured pruning",initiation_interval_ns,,,,NULL_NOT_REPORTED,LITERATURE_ONLY,FIELD_NOT_REPORTED,False,external_rethink_tcn_d9_hls,docs/t6_19_2_external_fpga_normalization.json,08392434ad93be48d2f3b5d208027fd8fb0fe615d78f6df8404d13bc7aa6ccce,docs/t6_19_2_external_fpga_normalization_source_data.csv,7a2781c8f8e9a6f690967a5703596e852005e631a48777b34702b4721f01881c,configs/literature/t6_16_3_secondary_preregistration.json,eca700725aac3d2b0d0fb312339323645a03c4089b2d1932cf757816a11585c4,"{""code_family"":""rotated surface code"",""device"":""AMD Versal Premium VP1902"",""direct_nn"":true,""distance_or_window"":""d=9; causal sliding window r=d; incremental one-frame update"",""hardware_evidence"":""HLS_SYNTHESIS_ESTIMATE_NOT_PLACE_ROUTE_OR_BOARD"",""latency_boundary"":""incremental Conv2D encoder plus Conv1D temporal stage plus readout"",""latency_statistic"":""HLS synthesis total; module table is primary cycle locator"",""physical_board_executed"":false,""same_task_comparable_to_project"":false,""source_field"":""ii_ns"",""source_id"":""S13_RETHINK_NEURAL""}"
fpga_implementation,fpga_external_rethink_tcn_d9_hls_lut_count,rethink_tcn_d9_hls,"TCN Large, W4A4 QAT plus 80% global unstructured pruning",lut_count,3711537,,,LITERATURE_VALUE,LITERATURE_ONLY,SOURCE_REPORTED_DESCRIPTIVE_NOT_RANKED,False,external_rethink_tcn_d9_hls,docs/t6_19_2_external_fpga_normalization.json,08392434ad93be48d2f3b5d208027fd8fb0fe615d78f6df8404d13bc7aa6ccce,docs/t6_19_2_external_fpga_normalization_source_data.csv,7a2781c8f8e9a6f690967a5703596e852005e631a48777b34702b4721f01881c,configs/literature/t6_16_3_secondary_preregistration.json,eca700725aac3d2b0d0fb312339323645a03c4089b2d1932cf757816a11585c4,"{""code_family"":""rotated surface code"",""device"":""AMD Versal Premium VP1902"",""direct_nn"":true,""distance_or_window"":""d=9; causal sliding window r=d; incremental one-frame update"",""hardware_evidence"":""HLS_SYNTHESIS_ESTIMATE_NOT_PLACE_ROUTE_OR_BOARD"",""latency_boundary"":""incremental Conv2D encoder plus Conv1D temporal stage plus readout"",""latency_statistic"":""HLS synthesis total; module table is primary cycle locator"",""physical_board_executed"":false,""same_task_comparable_to_project"":false,""source_field"":""lut_count"",""source_id"":""S13_RETHINK_NEURAL""}"
fpga_implementation,fpga_external_rethink_tcn_d9_hls_ff_count,rethink_tcn_d9_hls,"TCN Large, W4A4 QAT plus 80% global unstructured pruning",ff_count,2396633,,,LITERATURE_VALUE,LITERATURE_ONLY,SOURCE_REPORTED_DESCRIPTIVE_NOT_RANKED,False,external_rethink_tcn_d9_hls,docs/t6_19_2_external_fpga_normalization.json,08392434ad93be48d2f3b5d208027fd8fb0fe615d78f6df8404d13bc7aa6ccce,docs/t6_19_2_external_fpga_normalization_source_data.csv,7a2781c8f8e9a6f690967a5703596e852005e631a48777b34702b4721f01881c,configs/literature/t6_16_3_secondary_preregistration.json,eca700725aac3d2b0d0fb312339323645a03c4089b2d1932cf757816a11585c4,"{""code_family"":""rotated surface code"",""device"":""AMD Versal Premium VP1902"",""direct_nn"":true,""distance_or_window"":""d=9; causal sliding window r=d; incremental one-frame update"",""hardware_evidence"":""HLS_SYNTHESIS_ESTIMATE_NOT_PLACE_ROUTE_OR_BOARD"",""latency_boundary"":""incremental Conv2D encoder plus Conv1D temporal stage plus readout"",""latency_statistic"":""HLS synthesis total; module table is primary cycle locator"",""physical_board_executed"":false,""same_task_comparable_to_project"":false,""source_field"":""ff_count"",""source_id"":""S13_RETHINK_NEURAL""}"
fpga_implementation,fpga_external_rethink_tcn_d9_hls_bram_count,rethink_tcn_d9_hls,"TCN Large, W4A4 QAT plus 80% global unstructured pruning",bram_count,64,,,LITERATURE_VALUE,LITERATURE_ONLY,SOURCE_REPORTED_DESCRIPTIVE_NOT_RANKED,False,external_rethink_tcn_d9_hls,docs/t6_19_2_external_fpga_normalization.json,08392434ad93be48d2f3b5d208027fd8fb0fe615d78f6df8404d13bc7aa6ccce,docs/t6_19_2_external_fpga_normalization_source_data.csv,7a2781c8f8e9a6f690967a5703596e852005e631a48777b34702b4721f01881c,configs/literature/t6_16_3_secondary_preregistration.json,eca700725aac3d2b0d0fb312339323645a03c4089b2d1932cf757816a11585c4,"{""code_family"":""rotated surface code"",""device"":""AMD Versal Premium VP1902"",""direct_nn"":true,""distance_or_window"":""d=9; causal sliding window r=d; incremental one-frame update"",""hardware_evidence"":""HLS_SYNTHESIS_ESTIMATE_NOT_PLACE_ROUTE_OR_BOARD"",""latency_boundary"":""incremental Conv2D encoder plus Conv1D temporal stage plus readout"",""latency_statistic"":""HLS synthesis total; module table is primary cycle locator"",""physical_board_executed"":false,""same_task_comparable_to_project"":false,""source_field"":""bram_count"",""source_id"":""S13_RETHINK_NEURAL""}"
fpga_implementation,fpga_external_rethink_tcn_d9_hls_dsp_count,rethink_tcn_d9_hls,"TCN Large, W4A4 QAT plus 80% global unstructured pruning",dsp_count,1408,,,LITERATURE_VALUE,LITERATURE_ONLY,SOURCE_REPORTED_DESCRIPTIVE_NOT_RANKED,False,external_rethink_tcn_d9_hls,docs/t6_19_2_external_fpga_normalization.json,08392434ad93be48d2f3b5d208027fd8fb0fe615d78f6df8404d13bc7aa6ccce,docs/t6_19_2_external_fpga_normalization_source_data.csv,7a2781c8f8e9a6f690967a5703596e852005e631a48777b34702b4721f01881c,configs/literature/t6_16_3_secondary_preregistration.json,eca700725aac3d2b0d0fb312339323645a03c4089b2d1932cf757816a11585c4,"{""code_family"":""rotated surface code"",""device"":""AMD Versal Premium VP1902"",""direct_nn"":true,""distance_or_window"":""d=9; causal sliding window r=d; incremental one-frame update"",""hardware_evidence"":""HLS_SYNTHESIS_ESTIMATE_NOT_PLACE_ROUTE_OR_BOARD"",""latency_boundary"":""incremental Conv2D encoder plus Conv1D temporal stage plus readout"",""latency_statistic"":""HLS synthesis total; module table is primary cycle locator"",""physical_board_executed"":false,""same_task_comparable_to_project"":false,""source_field"":""dsp_count"",""source_id"":""S13_RETHINK_NEURAL""}"
fpga_implementation,fpga_external_rethink_tcn_d9_hls_power_w,rethink_tcn_d9_hls,"TCN Large, W4A4 QAT plus 80% global unstructured pruning",power_w,,,,NULL_NOT_REPORTED,LITERATURE_ONLY,FIELD_NOT_REPORTED,False,external_rethink_tcn_d9_hls,docs/t6_19_2_external_fpga_normalization.json,08392434ad93be48d2f3b5d208027fd8fb0fe615d78f6df8404d13bc7aa6ccce,docs/t6_19_2_external_fpga_normalization_source_data.csv,7a2781c8f8e9a6f690967a5703596e852005e631a48777b34702b4721f01881c,configs/literature/t6_16_3_secondary_preregistration.json,eca700725aac3d2b0d0fb312339323645a03c4089b2d1932cf757816a11585c4,"{""code_family"":""rotated surface code"",""device"":""AMD Versal Premium VP1902"",""direct_nn"":true,""distance_or_window"":""d=9; causal sliding window r=d; incremental one-frame update"",""hardware_evidence"":""HLS_SYNTHESIS_ESTIMATE_NOT_PLACE_ROUTE_OR_BOARD"",""latency_boundary"":""incremental Conv2D encoder plus Conv1D temporal stage plus readout"",""latency_statistic"":""HLS synthesis total; module table is primary cycle locator"",""physical_board_executed"":false,""same_task_comparable_to_project"":false,""source_field"":""power_w"",""source_id"":""S13_RETHINK_NEURAL""}"
fpga_implementation,fpga_external_bp_osd_surface_d9_latency_ns,bp_osd_surface_d9,parallel order-zero OSD post-processor after BP failure,latency_ns,134000.0,,,LITERATURE_VALUE,LITERATURE_ONLY,SOURCE_REPORTED_DESCRIPTIVE_NOT_RANKED,False,external_bp_osd_surface_d9,docs/t6_19_2_external_fpga_normalization.json,08392434ad93be48d2f3b5d208027fd8fb0fe615d78f6df8404d13bc7aa6ccce,docs/t6_19_2_external_fpga_normalization_source_data.csv,7a2781c8f8e9a6f690967a5703596e852005e631a48777b34702b4721f01881c,configs/literature/t6_16_3_secondary_preregistration.json,eca700725aac3d2b0d0fb312339323645a03c4089b2d1932cf757816a11585c4,"{""code_family"":""surface code detector-error-model graph"",""device"":""AMD/Xilinx VCU129"",""direct_nn"":false,""distance_or_window"":""d=9; d syndrome rounds"",""hardware_evidence"":""FPGA_IMPLEMENTATION_WITH_HARDWARE_EMULATOR_NOT_QPU"",""latency_boundary"":""OSD worst case when all columns are processed, for the complete d-round graph"",""latency_statistic"":""worst-case implementation latency; OSD invoked only after BP failure"",""physical_board_executed"":true,""same_task_comparable_to_project"":false,""source_field"":""reported_latency_ns"",""source_id"":""S14_BP_OSD""}"
fpga_implementation,fpga_external_bp_osd_surface_d9_clock_mhz,bp_osd_surface_d9,parallel order-zero OSD post-processor after BP failure,clock_mhz,200.0,,,LITERATURE_VALUE,LITERATURE_ONLY,SOURCE_REPORTED_DESCRIPTIVE_NOT_RANKED,False,external_bp_osd_surface_d9,docs/t6_19_2_external_fpga_normalization.json,08392434ad93be48d2f3b5d208027fd8fb0fe615d78f6df8404d13bc7aa6ccce,docs/t6_19_2_external_fpga_normalization_source_data.csv,7a2781c8f8e9a6f690967a5703596e852005e631a48777b34702b4721f01881c,configs/literature/t6_16_3_secondary_preregistration.json,eca700725aac3d2b0d0fb312339323645a03c4089b2d1932cf757816a11585c4,"{""code_family"":""surface code detector-error-model graph"",""device"":""AMD/Xilinx VCU129"",""direct_nn"":false,""distance_or_window"":""d=9; d syndrome rounds"",""hardware_evidence"":""FPGA_IMPLEMENTATION_WITH_HARDWARE_EMULATOR_NOT_QPU"",""latency_boundary"":""OSD worst case when all columns are processed, for the complete d-round graph"",""latency_statistic"":""worst-case implementation latency; OSD invoked only after BP failure"",""physical_board_executed"":true,""same_task_comparable_to_project"":false,""source_field"":""clock_mhz"",""source_id"":""S14_BP_OSD""}"
fpga_implementation,fpga_external_bp_osd_surface_d9_latency_cycles,bp_osd_surface_d9,parallel order-zero OSD post-processor after BP failure,latency_cycles,,,,NULL_NOT_REPORTED,LITERATURE_ONLY,FIELD_NOT_REPORTED,False,external_bp_osd_surface_d9,docs/t6_19_2_external_fpga_normalization.json,08392434ad93be48d2f3b5d208027fd8fb0fe615d78f6df8404d13bc7aa6ccce,docs/t6_19_2_external_fpga_normalization_source_data.csv,7a2781c8f8e9a6f690967a5703596e852005e631a48777b34702b4721f01881c,configs/literature/t6_16_3_secondary_preregistration.json,eca700725aac3d2b0d0fb312339323645a03c4089b2d1932cf757816a11585c4,"{""code_family"":""surface code detector-error-model graph"",""device"":""AMD/Xilinx VCU129"",""direct_nn"":false,""distance_or_window"":""d=9; d syndrome rounds"",""hardware_evidence"":""FPGA_IMPLEMENTATION_WITH_HARDWARE_EMULATOR_NOT_QPU"",""latency_boundary"":""OSD worst case when all columns are processed, for the complete d-round graph"",""latency_statistic"":""worst-case implementation latency; OSD invoked only after BP failure"",""physical_board_executed"":true,""same_task_comparable_to_project"":false,""source_field"":""latency_cycles"",""source_id"":""S14_BP_OSD""}"
fpga_implementation,fpga_external_bp_osd_surface_d9_initiation_interval_ns,bp_osd_surface_d9,parallel order-zero OSD post-processor after BP failure,initiation_interval_ns,,,,NULL_NOT_REPORTED,LITERATURE_ONLY,FIELD_NOT_REPORTED,False,external_bp_osd_surface_d9,docs/t6_19_2_external_fpga_normalization.json,08392434ad93be48d2f3b5d208027fd8fb0fe615d78f6df8404d13bc7aa6ccce,docs/t6_19_2_external_fpga_normalization_source_data.csv,7a2781c8f8e9a6f690967a5703596e852005e631a48777b34702b4721f01881c,configs/literature/t6_16_3_secondary_preregistration.json,eca700725aac3d2b0d0fb312339323645a03c4089b2d1932cf757816a11585c4,"{""code_family"":""surface code detector-error-model graph"",""device"":""AMD/Xilinx VCU129"",""direct_nn"":false,""distance_or_window"":""d=9; d syndrome rounds"",""hardware_evidence"":""FPGA_IMPLEMENTATION_WITH_HARDWARE_EMULATOR_NOT_QPU"",""latency_boundary"":""OSD worst case when all columns are processed, for the complete d-round graph"",""latency_statistic"":""worst-case implementation latency; OSD invoked only after BP failure"",""physical_board_executed"":true,""same_task_comparable_to_project"":false,""source_field"":""ii_ns"",""source_id"":""S14_BP_OSD""}"
fpga_implementation,fpga_external_bp_osd_surface_d9_lut_count,bp_osd_surface_d9,parallel order-zero OSD post-processor after BP failure,lut_count,,,,NULL_NOT_REPORTED,LITERATURE_ONLY,FIELD_NOT_REPORTED,False,external_bp_osd_surface_d9,docs/t6_19_2_external_fpga_normalization.json,08392434ad93be48d2f3b5d208027fd8fb0fe615d78f6df8404d13bc7aa6ccce,docs/t6_19_2_external_fpga_normalization_source_data.csv,7a2781c8f8e9a6f690967a5703596e852005e631a48777b34702b4721f01881c,configs/literature/t6_16_3_secondary_preregistration.json,eca700725aac3d2b0d0fb312339323645a03c4089b2d1932cf757816a11585c4,"{""code_family"":""surface code detector-error-model graph"",""device"":""AMD/Xilinx VCU129"",""direct_nn"":false,""distance_or_window"":""d=9; d syndrome rounds"",""hardware_evidence"":""FPGA_IMPLEMENTATION_WITH_HARDWARE_EMULATOR_NOT_QPU"",""latency_boundary"":""OSD worst case when all columns are processed, for the complete d-round graph"",""latency_statistic"":""worst-case implementation latency; OSD invoked only after BP failure"",""physical_board_executed"":true,""same_task_comparable_to_project"":false,""source_field"":""lut_count"",""source_id"":""S14_BP_OSD""}"
fpga_implementation,fpga_external_bp_osd_surface_d9_ff_count,bp_osd_surface_d9,parallel order-zero OSD post-processor after BP failure,ff_count,,,,NULL_NOT_REPORTED,LITERATURE_ONLY,FIELD_NOT_REPORTED,False,external_bp_osd_surface_d9,docs/t6_19_2_external_fpga_normalization.json,08392434ad93be48d2f3b5d208027fd8fb0fe615d78f6df8404d13bc7aa6ccce,docs/t6_19_2_external_fpga_normalization_source_data.csv,7a2781c8f8e9a6f690967a5703596e852005e631a48777b34702b4721f01881c,configs/literature/t6_16_3_secondary_preregistration.json,eca700725aac3d2b0d0fb312339323645a03c4089b2d1932cf757816a11585c4,"{""code_family"":""surface code detector-error-model graph"",""device"":""AMD/Xilinx VCU129"",""direct_nn"":false,""distance_or_window"":""d=9; d syndrome rounds"",""hardware_evidence"":""FPGA_IMPLEMENTATION_WITH_HARDWARE_EMULATOR_NOT_QPU"",""latency_boundary"":""OSD worst case when all columns are processed, for the complete d-round graph"",""latency_statistic"":""worst-case implementation latency; OSD invoked only after BP failure"",""physical_board_executed"":true,""same_task_comparable_to_project"":false,""source_field"":""ff_count"",""source_id"":""S14_BP_OSD""}"
fpga_implementation,fpga_external_bp_osd_surface_d9_bram_count,bp_osd_surface_d9,parallel order-zero OSD post-processor after BP failure,bram_count,,,,NULL_NOT_REPORTED,LITERATURE_ONLY,FIELD_NOT_REPORTED,False,external_bp_osd_surface_d9,docs/t6_19_2_external_fpga_normalization.json,08392434ad93be48d2f3b5d208027fd8fb0fe615d78f6df8404d13bc7aa6ccce,docs/t6_19_2_external_fpga_normalization_source_data.csv,7a2781c8f8e9a6f690967a5703596e852005e631a48777b34702b4721f01881c,configs/literature/t6_16_3_secondary_preregistration.json,eca700725aac3d2b0d0fb312339323645a03c4089b2d1932cf757816a11585c4,"{""code_family"":""surface code detector-error-model graph"",""device"":""AMD/Xilinx VCU129"",""direct_nn"":false,""distance_or_window"":""d=9; d syndrome rounds"",""hardware_evidence"":""FPGA_IMPLEMENTATION_WITH_HARDWARE_EMULATOR_NOT_QPU"",""latency_boundary"":""OSD worst case when all columns are processed, for the complete d-round graph"",""latency_statistic"":""worst-case implementation latency; OSD invoked only after BP failure"",""physical_board_executed"":true,""same_task_comparable_to_project"":false,""source_field"":""bram_count"",""source_id"":""S14_BP_OSD""}"
fpga_implementation,fpga_external_bp_osd_surface_d9_dsp_count,bp_osd_surface_d9,parallel order-zero OSD post-processor after BP failure,dsp_count,,,,NULL_NOT_REPORTED,LITERATURE_ONLY,FIELD_NOT_REPORTED,False,external_bp_osd_surface_d9,docs/t6_19_2_external_fpga_normalization.json,08392434ad93be48d2f3b5d208027fd8fb0fe615d78f6df8404d13bc7aa6ccce,docs/t6_19_2_external_fpga_normalization_source_data.csv,7a2781c8f8e9a6f690967a5703596e852005e631a48777b34702b4721f01881c,configs/literature/t6_16_3_secondary_preregistration.json,eca700725aac3d2b0d0fb312339323645a03c4089b2d1932cf757816a11585c4,"{""code_family"":""surface code detector-error-model graph"",""device"":""AMD/Xilinx VCU129"",""direct_nn"":false,""distance_or_window"":""d=9; d syndrome rounds"",""hardware_evidence"":""FPGA_IMPLEMENTATION_WITH_HARDWARE_EMULATOR_NOT_QPU"",""latency_boundary"":""OSD worst case when all columns are processed, for the complete d-round graph"",""latency_statistic"":""worst-case implementation latency; OSD invoked only after BP failure"",""physical_board_executed"":true,""same_task_comparable_to_project"":false,""source_field"":""dsp_count"",""source_id"":""S14_BP_OSD""}"
fpga_implementation,fpga_external_bp_osd_surface_d9_power_w,bp_osd_surface_d9,parallel order-zero OSD post-processor after BP failure,power_w,,,,NULL_NOT_REPORTED,LITERATURE_ONLY,FIELD_NOT_REPORTED,False,external_bp_osd_surface_d9,docs/t6_19_2_external_fpga_normalization.json,08392434ad93be48d2f3b5d208027fd8fb0fe615d78f6df8404d13bc7aa6ccce,docs/t6_19_2_external_fpga_normalization_source_data.csv,7a2781c8f8e9a6f690967a5703596e852005e631a48777b34702b4721f01881c,configs/literature/t6_16_3_secondary_preregistration.json,eca700725aac3d2b0d0fb312339323645a03c4089b2d1932cf757816a11585c4,"{""code_family"":""surface code detector-error-model graph"",""device"":""AMD/Xilinx VCU129"",""direct_nn"":false,""distance_or_window"":""d=9; d syndrome rounds"",""hardware_evidence"":""FPGA_IMPLEMENTATION_WITH_HARDWARE_EMULATOR_NOT_QPU"",""latency_boundary"":""OSD worst case when all columns are processed, for the complete d-round graph"",""latency_statistic"":""worst-case implementation latency; OSD invoked only after BP failure"",""physical_board_executed"":true,""same_task_comparable_to_project"":false,""source_field"":""power_w"",""source_id"":""S14_BP_OSD""}"
fpga_implementation,fpga_external_bp_osd_bicycle_d12_latency_ns,bp_osd_bicycle_d12,parallel order-zero OSD post-processor after BP failure,latency_ns,84000.0,,,LITERATURE_VALUE,LITERATURE_ONLY,SOURCE_REPORTED_DESCRIPTIVE_NOT_RANKED,False,external_bp_osd_bicycle_d12,docs/t6_19_2_external_fpga_normalization.json,08392434ad93be48d2f3b5d208027fd8fb0fe615d78f6df8404d13bc7aa6ccce,docs/t6_19_2_external_fpga_normalization_source_data.csv,7a2781c8f8e9a6f690967a5703596e852005e631a48777b34702b4721f01881c,configs/literature/t6_16_3_secondary_preregistration.json,eca700725aac3d2b0d0fb312339323645a03c4089b2d1932cf757816a11585c4,"{""code_family"":""bivariate bicycle qLDPC detector-error-model graph"",""device"":""AMD/Xilinx VCU129"",""direct_nn"":false,""distance_or_window"":""d=12; one detector type as scoped by the paper"",""hardware_evidence"":""FPGA_IMPLEMENTATION_WITH_HARDWARE_EMULATOR_NOT_QPU"",""latency_boundary"":""OSD worst case when all columns are processed"",""latency_statistic"":""worst-case implementation latency; OSD invoked only after BP failure"",""physical_board_executed"":true,""same_task_comparable_to_project"":false,""source_field"":""reported_latency_ns"",""source_id"":""S14_BP_OSD""}"
fpga_implementation,fpga_external_bp_osd_bicycle_d12_clock_mhz,bp_osd_bicycle_d12,parallel order-zero OSD post-processor after BP failure,clock_mhz,244.0,,,LITERATURE_VALUE,LITERATURE_ONLY,SOURCE_REPORTED_DESCRIPTIVE_NOT_RANKED,False,external_bp_osd_bicycle_d12,docs/t6_19_2_external_fpga_normalization.json,08392434ad93be48d2f3b5d208027fd8fb0fe615d78f6df8404d13bc7aa6ccce,docs/t6_19_2_external_fpga_normalization_source_data.csv,7a2781c8f8e9a6f690967a5703596e852005e631a48777b34702b4721f01881c,configs/literature/t6_16_3_secondary_preregistration.json,eca700725aac3d2b0d0fb312339323645a03c4089b2d1932cf757816a11585c4,"{""code_family"":""bivariate bicycle qLDPC detector-error-model graph"",""device"":""AMD/Xilinx VCU129"",""direct_nn"":false,""distance_or_window"":""d=12; one detector type as scoped by the paper"",""hardware_evidence"":""FPGA_IMPLEMENTATION_WITH_HARDWARE_EMULATOR_NOT_QPU"",""latency_boundary"":""OSD worst case when all columns are processed"",""latency_statistic"":""worst-case implementation latency; OSD invoked only after BP failure"",""physical_board_executed"":true,""same_task_comparable_to_project"":false,""source_field"":""clock_mhz"",""source_id"":""S14_BP_OSD""}"
fpga_implementation,fpga_external_bp_osd_bicycle_d12_latency_cycles,bp_osd_bicycle_d12,parallel order-zero OSD post-processor after BP failure,latency_cycles,,,,NULL_NOT_REPORTED,LITERATURE_ONLY,FIELD_NOT_REPORTED,False,external_bp_osd_bicycle_d12,docs/t6_19_2_external_fpga_normalization.json,08392434ad93be48d2f3b5d208027fd8fb0fe615d78f6df8404d13bc7aa6ccce,docs/t6_19_2_external_fpga_normalization_source_data.csv,7a2781c8f8e9a6f690967a5703596e852005e631a48777b34702b4721f01881c,configs/literature/t6_16_3_secondary_preregistration.json,eca700725aac3d2b0d0fb312339323645a03c4089b2d1932cf757816a11585c4,"{""code_family"":""bivariate bicycle qLDPC detector-error-model graph"",""device"":""AMD/Xilinx VCU129"",""direct_nn"":false,""distance_or_window"":""d=12; one detector type as scoped by the paper"",""hardware_evidence"":""FPGA_IMPLEMENTATION_WITH_HARDWARE_EMULATOR_NOT_QPU"",""latency_boundary"":""OSD worst case when all columns are processed"",""latency_statistic"":""worst-case implementation latency; OSD invoked only after BP failure"",""physical_board_executed"":true,""same_task_comparable_to_project"":false,""source_field"":""latency_cycles"",""source_id"":""S14_BP_OSD""}"
fpga_implementation,fpga_external_bp_osd_bicycle_d12_initiation_interval_ns,bp_osd_bicycle_d12,parallel order-zero OSD post-processor after BP failure,initiation_interval_ns,,,,NULL_NOT_REPORTED,LITERATURE_ONLY,FIELD_NOT_REPORTED,False,external_bp_osd_bicycle_d12,docs/t6_19_2_external_fpga_normalization.json,08392434ad93be48d2f3b5d208027fd8fb0fe615d78f6df8404d13bc7aa6ccce,docs/t6_19_2_external_fpga_normalization_source_data.csv,7a2781c8f8e9a6f690967a5703596e852005e631a48777b34702b4721f01881c,configs/literature/t6_16_3_secondary_preregistration.json,eca700725aac3d2b0d0fb312339323645a03c4089b2d1932cf757816a11585c4,"{""code_family"":""bivariate bicycle qLDPC detector-error-model graph"",""device"":""AMD/Xilinx VCU129"",""direct_nn"":false,""distance_or_window"":""d=12; one detector type as scoped by the paper"",""hardware_evidence"":""FPGA_IMPLEMENTATION_WITH_HARDWARE_EMULATOR_NOT_QPU"",""latency_boundary"":""OSD worst case when all columns are processed"",""latency_statistic"":""worst-case implementation latency; OSD invoked only after BP failure"",""physical_board_executed"":true,""same_task_comparable_to_project"":false,""source_field"":""ii_ns"",""source_id"":""S14_BP_OSD""}"
fpga_implementation,fpga_external_bp_osd_bicycle_d12_lut_count,bp_osd_bicycle_d12,parallel order-zero OSD post-processor after BP failure,lut_count,,,,NULL_NOT_REPORTED,LITERATURE_ONLY,FIELD_NOT_REPORTED,False,external_bp_osd_bicycle_d12,docs/t6_19_2_external_fpga_normalization.json,08392434ad93be48d2f3b5d208027fd8fb0fe615d78f6df8404d13bc7aa6ccce,docs/t6_19_2_external_fpga_normalization_source_data.csv,7a2781c8f8e9a6f690967a5703596e852005e631a48777b34702b4721f01881c,configs/literature/t6_16_3_secondary_preregistration.json,eca700725aac3d2b0d0fb312339323645a03c4089b2d1932cf757816a11585c4,"{""code_family"":""bivariate bicycle qLDPC detector-error-model graph"",""device"":""AMD/Xilinx VCU129"",""direct_nn"":false,""distance_or_window"":""d=12; one detector type as scoped by the paper"",""hardware_evidence"":""FPGA_IMPLEMENTATION_WITH_HARDWARE_EMULATOR_NOT_QPU"",""latency_boundary"":""OSD worst case when all columns are processed"",""latency_statistic"":""worst-case implementation latency; OSD invoked only after BP failure"",""physical_board_executed"":true,""same_task_comparable_to_project"":false,""source_field"":""lut_count"",""source_id"":""S14_BP_OSD""}"
fpga_implementation,fpga_external_bp_osd_bicycle_d12_ff_count,bp_osd_bicycle_d12,parallel order-zero OSD post-processor after BP failure,ff_count,,,,NULL_NOT_REPORTED,LITERATURE_ONLY,FIELD_NOT_REPORTED,False,external_bp_osd_bicycle_d12,docs/t6_19_2_external_fpga_normalization.json,08392434ad93be48d2f3b5d208027fd8fb0fe615d78f6df8404d13bc7aa6ccce,docs/t6_19_2_external_fpga_normalization_source_data.csv,7a2781c8f8e9a6f690967a5703596e852005e631a48777b34702b4721f01881c,configs/literature/t6_16_3_secondary_preregistration.json,eca700725aac3d2b0d0fb312339323645a03c4089b2d1932cf757816a11585c4,"{""code_family"":""bivariate bicycle qLDPC detector-error-model graph"",""device"":""AMD/Xilinx VCU129"",""direct_nn"":false,""distance_or_window"":""d=12; one detector type as scoped by the paper"",""hardware_evidence"":""FPGA_IMPLEMENTATION_WITH_HARDWARE_EMULATOR_NOT_QPU"",""latency_boundary"":""OSD worst case when all columns are processed"",""latency_statistic"":""worst-case implementation latency; OSD invoked only after BP failure"",""physical_board_executed"":true,""same_task_comparable_to_project"":false,""source_field"":""ff_count"",""source_id"":""S14_BP_OSD""}"
fpga_implementation,fpga_external_bp_osd_bicycle_d12_bram_count,bp_osd_bicycle_d12,parallel order-zero OSD post-processor after BP failure,bram_count,,,,NULL_NOT_REPORTED,LITERATURE_ONLY,FIELD_NOT_REPORTED,False,external_bp_osd_bicycle_d12,docs/t6_19_2_external_fpga_normalization.json,08392434ad93be48d2f3b5d208027fd8fb0fe615d78f6df8404d13bc7aa6ccce,docs/t6_19_2_external_fpga_normalization_source_data.csv,7a2781c8f8e9a6f690967a5703596e852005e631a48777b34702b4721f01881c,configs/literature/t6_16_3_secondary_preregistration.json,eca700725aac3d2b0d0fb312339323645a03c4089b2d1932cf757816a11585c4,"{""code_family"":""bivariate bicycle qLDPC detector-error-model graph"",""device"":""AMD/Xilinx VCU129"",""direct_nn"":false,""distance_or_window"":""d=12; one detector type as scoped by the paper"",""hardware_evidence"":""FPGA_IMPLEMENTATION_WITH_HARDWARE_EMULATOR_NOT_QPU"",""latency_boundary"":""OSD worst case when all columns are processed"",""latency_statistic"":""worst-case implementation latency; OSD invoked only after BP failure"",""physical_board_executed"":true,""same_task_comparable_to_project"":false,""source_field"":""bram_count"",""source_id"":""S14_BP_OSD""}"
fpga_implementation,fpga_external_bp_osd_bicycle_d12_dsp_count,bp_osd_bicycle_d12,parallel order-zero OSD post-processor after BP failure,dsp_count,,,,NULL_NOT_REPORTED,LITERATURE_ONLY,FIELD_NOT_REPORTED,False,external_bp_osd_bicycle_d12,docs/t6_19_2_external_fpga_normalization.json,08392434ad93be48d2f3b5d208027fd8fb0fe615d78f6df8404d13bc7aa6ccce,docs/t6_19_2_external_fpga_normalization_source_data.csv,7a2781c8f8e9a6f690967a5703596e852005e631a48777b34702b4721f01881c,configs/literature/t6_16_3_secondary_preregistration.json,eca700725aac3d2b0d0fb312339323645a03c4089b2d1932cf757816a11585c4,"{""code_family"":""bivariate bicycle qLDPC detector-error-model graph"",""device"":""AMD/Xilinx VCU129"",""direct_nn"":false,""distance_or_window"":""d=12; one detector type as scoped by the paper"",""hardware_evidence"":""FPGA_IMPLEMENTATION_WITH_HARDWARE_EMULATOR_NOT_QPU"",""latency_boundary"":""OSD worst case when all columns are processed"",""latency_statistic"":""worst-case implementation latency; OSD invoked only after BP failure"",""physical_board_executed"":true,""same_task_comparable_to_project"":false,""source_field"":""dsp_count"",""source_id"":""S14_BP_OSD""}"
fpga_implementation,fpga_external_bp_osd_bicycle_d12_power_w,bp_osd_bicycle_d12,parallel order-zero OSD post-processor after BP failure,power_w,,,,NULL_NOT_REPORTED,LITERATURE_ONLY,FIELD_NOT_REPORTED,False,external_bp_osd_bicycle_d12,docs/t6_19_2_external_fpga_normalization.json,08392434ad93be48d2f3b5d208027fd8fb0fe615d78f6df8404d13bc7aa6ccce,docs/t6_19_2_external_fpga_normalization_source_data.csv,7a2781c8f8e9a6f690967a5703596e852005e631a48777b34702b4721f01881c,configs/literature/t6_16_3_secondary_preregistration.json,eca700725aac3d2b0d0fb312339323645a03c4089b2d1932cf757816a11585c4,"{""code_family"":""bivariate bicycle qLDPC detector-error-model graph"",""device"":""AMD/Xilinx VCU129"",""direct_nn"":false,""distance_or_window"":""d=12; one detector type as scoped by the paper"",""hardware_evidence"":""FPGA_IMPLEMENTATION_WITH_HARDWARE_EMULATOR_NOT_QPU"",""latency_boundary"":""OSD worst case when all columns are processed"",""latency_statistic"":""worst-case implementation latency; OSD invoked only after BP failure"",""physical_board_executed"":true,""same_task_comparable_to_project"":false,""source_field"":""power_w"",""source_id"":""S14_BP_OSD""}"
fpga_implementation,fpga_external_deconet_100logical_d5_latency_ns,deconet_100logical_d5,DECONET/HELIOS exploratory prototype,latency_ns,2400.0,,,LITERATURE_VALUE,LITERATURE_ONLY,SOURCE_REPORTED_DESCRIPTIVE_NOT_RANKED,False,external_deconet_100logical_d5,docs/t6_19_2_external_fpga_normalization.json,08392434ad93be48d2f3b5d208027fd8fb0fe615d78f6df8404d13bc7aa6ccce,docs/t6_19_2_external_fpga_normalization_source_data.csv,7a2781c8f8e9a6f690967a5703596e852005e631a48777b34702b4721f01881c,configs/literature/t6_16_3_secondary_preregistration.json,eca700725aac3d2b0d0fb312339323645a03c4089b2d1932cf757816a11585c4,"{""code_family"":""surface code with lattice-surgery network integration"",""device"":""five Xilinx Versal VMK180 boards"",""direct_nn"":false,""distance_or_window"":""100 logical qubits, d=5, five VMK180 FPGAs"",""hardware_evidence"":""PHYSICAL_MULTI_FPGA_SYNTHETIC_INPUT_MEASURED"",""latency_boundary"":""one 100-logical-qubit decoding task"",""latency_statistic"":""mean task latency; inverse throughput reported separately per measurement round"",""physical_board_executed"":true,""same_task_comparable_to_project"":false,""source_field"":""reported_latency_ns"",""source_id"":""S15_DECONET""}"
fpga_implementation,fpga_external_deconet_100logical_d5_clock_mhz,deconet_100logical_d5,DECONET/HELIOS exploratory prototype,clock_mhz,,,,NULL_NOT_REPORTED,LITERATURE_ONLY,FIELD_NOT_REPORTED,False,external_deconet_100logical_d5,docs/t6_19_2_external_fpga_normalization.json,08392434ad93be48d2f3b5d208027fd8fb0fe615d78f6df8404d13bc7aa6ccce,docs/t6_19_2_external_fpga_normalization_source_data.csv,7a2781c8f8e9a6f690967a5703596e852005e631a48777b34702b4721f01881c,configs/literature/t6_16_3_secondary_preregistration.json,eca700725aac3d2b0d0fb312339323645a03c4089b2d1932cf757816a11585c4,"{""code_family"":""surface code with lattice-surgery network integration"",""device"":""five Xilinx Versal VMK180 boards"",""direct_nn"":false,""distance_or_window"":""100 logical qubits, d=5, five VMK180 FPGAs"",""hardware_evidence"":""PHYSICAL_MULTI_FPGA_SYNTHETIC_INPUT_MEASURED"",""latency_boundary"":""one 100-logical-qubit decoding task"",""latency_statistic"":""mean task latency; inverse throughput reported separately per measurement round"",""physical_board_executed"":true,""same_task_comparable_to_project"":false,""source_field"":""clock_mhz"",""source_id"":""S15_DECONET""}"
fpga_implementation,fpga_external_deconet_100logical_d5_latency_cycles,deconet_100logical_d5,DECONET/HELIOS exploratory prototype,latency_cycles,,,,NULL_NOT_REPORTED,LITERATURE_ONLY,FIELD_NOT_REPORTED,False,external_deconet_100logical_d5,docs/t6_19_2_external_fpga_normalization.json,08392434ad93be48d2f3b5d208027fd8fb0fe615d78f6df8404d13bc7aa6ccce,docs/t6_19_2_external_fpga_normalization_source_data.csv,7a2781c8f8e9a6f690967a5703596e852005e631a48777b34702b4721f01881c,configs/literature/t6_16_3_secondary_preregistration.json,eca700725aac3d2b0d0fb312339323645a03c4089b2d1932cf757816a11585c4,"{""code_family"":""surface code with lattice-surgery network integration"",""device"":""five Xilinx Versal VMK180 boards"",""direct_nn"":false,""distance_or_window"":""100 logical qubits, d=5, five VMK180 FPGAs"",""hardware_evidence"":""PHYSICAL_MULTI_FPGA_SYNTHETIC_INPUT_MEASURED"",""latency_boundary"":""one 100-logical-qubit decoding task"",""latency_statistic"":""mean task latency; inverse throughput reported separately per measurement round"",""physical_board_executed"":true,""same_task_comparable_to_project"":false,""source_field"":""latency_cycles"",""source_id"":""S15_DECONET""}"
fpga_implementation,fpga_external_deconet_100logical_d5_initiation_interval_ns,deconet_100logical_d5,DECONET/HELIOS exploratory prototype,initiation_interval_ns,840.0,,,LITERATURE_VALUE,LITERATURE_ONLY,SOURCE_REPORTED_DESCRIPTIVE_NOT_RANKED,False,external_deconet_100logical_d5,docs/t6_19_2_external_fpga_normalization.json,08392434ad93be48d2f3b5d208027fd8fb0fe615d78f6df8404d13bc7aa6ccce,docs/t6_19_2_external_fpga_normalization_source_data.csv,7a2781c8f8e9a6f690967a5703596e852005e631a48777b34702b4721f01881c,configs/literature/t6_16_3_secondary_preregistration.json,eca700725aac3d2b0d0fb312339323645a03c4089b2d1932cf757816a11585c4,"{""code_family"":""surface code with lattice-surgery network integration"",""device"":""five Xilinx Versal VMK180 boards"",""direct_nn"":false,""distance_or_window"":""100 logical qubits, d=5, five VMK180 FPGAs"",""hardware_evidence"":""PHYSICAL_MULTI_FPGA_SYNTHETIC_INPUT_MEASURED"",""latency_boundary"":""one 100-logical-qubit decoding task"",""latency_statistic"":""mean task latency; inverse throughput reported separately per measurement round"",""physical_board_executed"":true,""same_task_comparable_to_project"":false,""source_field"":""ii_ns"",""source_id"":""S15_DECONET""}"
fpga_implementation,fpga_external_deconet_100logical_d5_lut_count,deconet_100logical_d5,DECONET/HELIOS exploratory prototype,lut_count,,,,NULL_NOT_REPORTED,LITERATURE_ONLY,FIELD_NOT_REPORTED,False,external_deconet_100logical_d5,docs/t6_19_2_external_fpga_normalization.json,08392434ad93be48d2f3b5d208027fd8fb0fe615d78f6df8404d13bc7aa6ccce,docs/t6_19_2_external_fpga_normalization_source_data.csv,7a2781c8f8e9a6f690967a5703596e852005e631a48777b34702b4721f01881c,configs/literature/t6_16_3_secondary_preregistration.json,eca700725aac3d2b0d0fb312339323645a03c4089b2d1932cf757816a11585c4,"{""code_family"":""surface code with lattice-surgery network integration"",""device"":""five Xilinx Versal VMK180 boards"",""direct_nn"":false,""distance_or_window"":""100 logical qubits, d=5, five VMK180 FPGAs"",""hardware_evidence"":""PHYSICAL_MULTI_FPGA_SYNTHETIC_INPUT_MEASURED"",""latency_boundary"":""one 100-logical-qubit decoding task"",""latency_statistic"":""mean task latency; inverse throughput reported separately per measurement round"",""physical_board_executed"":true,""same_task_comparable_to_project"":false,""source_field"":""lut_count"",""source_id"":""S15_DECONET""}"
fpga_implementation,fpga_external_deconet_100logical_d5_ff_count,deconet_100logical_d5,DECONET/HELIOS exploratory prototype,ff_count,,,,NULL_NOT_REPORTED,LITERATURE_ONLY,FIELD_NOT_REPORTED,False,external_deconet_100logical_d5,docs/t6_19_2_external_fpga_normalization.json,08392434ad93be48d2f3b5d208027fd8fb0fe615d78f6df8404d13bc7aa6ccce,docs/t6_19_2_external_fpga_normalization_source_data.csv,7a2781c8f8e9a6f690967a5703596e852005e631a48777b34702b4721f01881c,configs/literature/t6_16_3_secondary_preregistration.json,eca700725aac3d2b0d0fb312339323645a03c4089b2d1932cf757816a11585c4,"{""code_family"":""surface code with lattice-surgery network integration"",""device"":""five Xilinx Versal VMK180 boards"",""direct_nn"":false,""distance_or_window"":""100 logical qubits, d=5, five VMK180 FPGAs"",""hardware_evidence"":""PHYSICAL_MULTI_FPGA_SYNTHETIC_INPUT_MEASURED"",""latency_boundary"":""one 100-logical-qubit decoding task"",""latency_statistic"":""mean task latency; inverse throughput reported separately per measurement round"",""physical_board_executed"":true,""same_task_comparable_to_project"":false,""source_field"":""ff_count"",""source_id"":""S15_DECONET""}"
fpga_implementation,fpga_external_deconet_100logical_d5_bram_count,deconet_100logical_d5,DECONET/HELIOS exploratory prototype,bram_count,,,,NULL_NOT_REPORTED,LITERATURE_ONLY,FIELD_NOT_REPORTED,False,external_deconet_100logical_d5,docs/t6_19_2_external_fpga_normalization.json,08392434ad93be48d2f3b5d208027fd8fb0fe615d78f6df8404d13bc7aa6ccce,docs/t6_19_2_external_fpga_normalization_source_data.csv,7a2781c8f8e9a6f690967a5703596e852005e631a48777b34702b4721f01881c,configs/literature/t6_16_3_secondary_preregistration.json,eca700725aac3d2b0d0fb312339323645a03c4089b2d1932cf757816a11585c4,"{""code_family"":""surface code with lattice-surgery network integration"",""device"":""five Xilinx Versal VMK180 boards"",""direct_nn"":false,""distance_or_window"":""100 logical qubits, d=5, five VMK180 FPGAs"",""hardware_evidence"":""PHYSICAL_MULTI_FPGA_SYNTHETIC_INPUT_MEASURED"",""latency_boundary"":""one 100-logical-qubit decoding task"",""latency_statistic"":""mean task latency; inverse throughput reported separately per measurement round"",""physical_board_executed"":true,""same_task_comparable_to_project"":false,""source_field"":""bram_count"",""source_id"":""S15_DECONET""}"
fpga_implementation,fpga_external_deconet_100logical_d5_dsp_count,deconet_100logical_d5,DECONET/HELIOS exploratory prototype,dsp_count,,,,NULL_NOT_REPORTED,LITERATURE_ONLY,FIELD_NOT_REPORTED,False,external_deconet_100logical_d5,docs/t6_19_2_external_fpga_normalization.json,08392434ad93be48d2f3b5d208027fd8fb0fe615d78f6df8404d13bc7aa6ccce,docs/t6_19_2_external_fpga_normalization_source_data.csv,7a2781c8f8e9a6f690967a5703596e852005e631a48777b34702b4721f01881c,configs/literature/t6_16_3_secondary_preregistration.json,eca700725aac3d2b0d0fb312339323645a03c4089b2d1932cf757816a11585c4,"{""code_family"":""surface code with lattice-surgery network integration"",""device"":""five Xilinx Versal VMK180 boards"",""direct_nn"":false,""distance_or_window"":""100 logical qubits, d=5, five VMK180 FPGAs"",""hardware_evidence"":""PHYSICAL_MULTI_FPGA_SYNTHETIC_INPUT_MEASURED"",""latency_boundary"":""one 100-logical-qubit decoding task"",""latency_statistic"":""mean task latency; inverse throughput reported separately per measurement round"",""physical_board_executed"":true,""same_task_comparable_to_project"":false,""source_field"":""dsp_count"",""source_id"":""S15_DECONET""}"
fpga_implementation,fpga_external_deconet_100logical_d5_power_w,deconet_100logical_d5,DECONET/HELIOS exploratory prototype,power_w,,,,NULL_NOT_REPORTED,LITERATURE_ONLY,FIELD_NOT_REPORTED,False,external_deconet_100logical_d5,docs/t6_19_2_external_fpga_normalization.json,08392434ad93be48d2f3b5d208027fd8fb0fe615d78f6df8404d13bc7aa6ccce,docs/t6_19_2_external_fpga_normalization_source_data.csv,7a2781c8f8e9a6f690967a5703596e852005e631a48777b34702b4721f01881c,configs/literature/t6_16_3_secondary_preregistration.json,eca700725aac3d2b0d0fb312339323645a03c4089b2d1932cf757816a11585c4,"{""code_family"":""surface code with lattice-surgery network integration"",""device"":""five Xilinx Versal VMK180 boards"",""direct_nn"":false,""distance_or_window"":""100 logical qubits, d=5, five VMK180 FPGAs"",""hardware_evidence"":""PHYSICAL_MULTI_FPGA_SYNTHETIC_INPUT_MEASURED"",""latency_boundary"":""one 100-logical-qubit decoding task"",""latency_statistic"":""mean task latency; inverse throughput reported separately per measurement round"",""physical_board_executed"":true,""same_task_comparable_to_project"":false,""source_field"":""power_w"",""source_id"":""S15_DECONET""}"
fpga_implementation,fpga_external_ced_d9_tail_latency_ns,ced_d9_tail,Coset Ensemble Decoder optimized RTL design,latency_ns,,,,NULL_NOT_REPORTED,LITERATURE_ONLY,FIELD_NOT_REPORTED,False,external_ced_d9_tail,docs/t6_19_2_external_fpga_normalization.json,08392434ad93be48d2f3b5d208027fd8fb0fe615d78f6df8404d13bc7aa6ccce,docs/t6_19_2_external_fpga_normalization_source_data.csv,7a2781c8f8e9a6f690967a5703596e852005e631a48777b34702b4721f01881c,configs/literature/t6_16_3_secondary_preregistration.json,eca700725aac3d2b0d0fb312339323645a03c4089b2d1932cf757816a11585c4,"{""code_family"":""rotated surface code"",""device"":""AMD/Xilinx Virtex UltraScale+ VU19P"",""direct_nn"":false,""distance_or_window"":""d=9; full d-round task; K=24 ensemble candidates"",""hardware_evidence"":""FPGA_TOOL_REPORT_AND_CYCLE_SIMULATOR_NOT_BOARD_MEASURED"",""latency_boundary"":""complete d-round decoding task"",""latency_statistic"":""optimized latency distribution p95 and p99"",""physical_board_executed"":false,""same_task_comparable_to_project"":false,""source_field"":""reported_latency_ns"",""source_id"":""S16_CED""}"
fpga_implementation,fpga_external_ced_d9_tail_clock_mhz,ced_d9_tail,Coset Ensemble Decoder optimized RTL design,clock_mhz,163.0,,,LITERATURE_VALUE,LITERATURE_ONLY,SOURCE_REPORTED_DESCRIPTIVE_NOT_RANKED,False,external_ced_d9_tail,docs/t6_19_2_external_fpga_normalization.json,08392434ad93be48d2f3b5d208027fd8fb0fe615d78f6df8404d13bc7aa6ccce,docs/t6_19_2_external_fpga_normalization_source_data.csv,7a2781c8f8e9a6f690967a5703596e852005e631a48777b34702b4721f01881c,configs/literature/t6_16_3_secondary_preregistration.json,eca700725aac3d2b0d0fb312339323645a03c4089b2d1932cf757816a11585c4,"{""code_family"":""rotated surface code"",""device"":""AMD/Xilinx Virtex UltraScale+ VU19P"",""direct_nn"":false,""distance_or_window"":""d=9; full d-round task; K=24 ensemble candidates"",""hardware_evidence"":""FPGA_TOOL_REPORT_AND_CYCLE_SIMULATOR_NOT_BOARD_MEASURED"",""latency_boundary"":""complete d-round decoding task"",""latency_statistic"":""optimized latency distribution p95 and p99"",""physical_board_executed"":false,""same_task_comparable_to_project"":false,""source_field"":""clock_mhz"",""source_id"":""S16_CED""}"
fpga_implementation,fpga_external_ced_d9_tail_latency_cycles,ced_d9_tail,Coset Ensemble Decoder optimized RTL design,latency_cycles,,,,NULL_NOT_REPORTED,LITERATURE_ONLY,FIELD_NOT_REPORTED,False,external_ced_d9_tail,docs/t6_19_2_external_fpga_normalization.json,08392434ad93be48d2f3b5d208027fd8fb0fe615d78f6df8404d13bc7aa6ccce,docs/t6_19_2_external_fpga_normalization_source_data.csv,7a2781c8f8e9a6f690967a5703596e852005e631a48777b34702b4721f01881c,configs/literature/t6_16_3_secondary_preregistration.json,eca700725aac3d2b0d0fb312339323645a03c4089b2d1932cf757816a11585c4,"{""code_family"":""rotated surface code"",""device"":""AMD/Xilinx Virtex UltraScale+ VU19P"",""direct_nn"":false,""distance_or_window"":""d=9; full d-round task; K=24 ensemble candidates"",""hardware_evidence"":""FPGA_TOOL_REPORT_AND_CYCLE_SIMULATOR_NOT_BOARD_MEASURED"",""latency_boundary"":""complete d-round decoding task"",""latency_statistic"":""optimized latency distribution p95 and p99"",""physical_board_executed"":false,""same_task_comparable_to_project"":false,""source_field"":""latency_cycles"",""source_id"":""S16_CED""}"
fpga_implementation,fpga_external_ced_d9_tail_initiation_interval_ns,ced_d9_tail,Coset Ensemble Decoder optimized RTL design,initiation_interval_ns,,,,NULL_NOT_REPORTED,LITERATURE_ONLY,FIELD_NOT_REPORTED,False,external_ced_d9_tail,docs/t6_19_2_external_fpga_normalization.json,08392434ad93be48d2f3b5d208027fd8fb0fe615d78f6df8404d13bc7aa6ccce,docs/t6_19_2_external_fpga_normalization_source_data.csv,7a2781c8f8e9a6f690967a5703596e852005e631a48777b34702b4721f01881c,configs/literature/t6_16_3_secondary_preregistration.json,eca700725aac3d2b0d0fb312339323645a03c4089b2d1932cf757816a11585c4,"{""code_family"":""rotated surface code"",""device"":""AMD/Xilinx Virtex UltraScale+ VU19P"",""direct_nn"":false,""distance_or_window"":""d=9; full d-round task; K=24 ensemble candidates"",""hardware_evidence"":""FPGA_TOOL_REPORT_AND_CYCLE_SIMULATOR_NOT_BOARD_MEASURED"",""latency_boundary"":""complete d-round decoding task"",""latency_statistic"":""optimized latency distribution p95 and p99"",""physical_board_executed"":false,""same_task_comparable_to_project"":false,""source_field"":""ii_ns"",""source_id"":""S16_CED""}"
fpga_implementation,fpga_external_ced_d9_tail_lut_count,ced_d9_tail,Coset Ensemble Decoder optimized RTL design,lut_count,,,,NULL_NOT_REPORTED,LITERATURE_ONLY,FIELD_NOT_REPORTED,False,external_ced_d9_tail,docs/t6_19_2_external_fpga_normalization.json,08392434ad93be48d2f3b5d208027fd8fb0fe615d78f6df8404d13bc7aa6ccce,docs/t6_19_2_external_fpga_normalization_source_data.csv,7a2781c8f8e9a6f690967a5703596e852005e631a48777b34702b4721f01881c,configs/literature/t6_16_3_secondary_preregistration.json,eca700725aac3d2b0d0fb312339323645a03c4089b2d1932cf757816a11585c4,"{""code_family"":""rotated surface code"",""device"":""AMD/Xilinx Virtex UltraScale+ VU19P"",""direct_nn"":false,""distance_or_window"":""d=9; full d-round task; K=24 ensemble candidates"",""hardware_evidence"":""FPGA_TOOL_REPORT_AND_CYCLE_SIMULATOR_NOT_BOARD_MEASURED"",""latency_boundary"":""complete d-round decoding task"",""latency_statistic"":""optimized latency distribution p95 and p99"",""physical_board_executed"":false,""same_task_comparable_to_project"":false,""source_field"":""lut_count"",""source_id"":""S16_CED""}"
fpga_implementation,fpga_external_ced_d9_tail_ff_count,ced_d9_tail,Coset Ensemble Decoder optimized RTL design,ff_count,,,,NULL_NOT_REPORTED,LITERATURE_ONLY,FIELD_NOT_REPORTED,False,external_ced_d9_tail,docs/t6_19_2_external_fpga_normalization.json,08392434ad93be48d2f3b5d208027fd8fb0fe615d78f6df8404d13bc7aa6ccce,docs/t6_19_2_external_fpga_normalization_source_data.csv,7a2781c8f8e9a6f690967a5703596e852005e631a48777b34702b4721f01881c,configs/literature/t6_16_3_secondary_preregistration.json,eca700725aac3d2b0d0fb312339323645a03c4089b2d1932cf757816a11585c4,"{""code_family"":""rotated surface code"",""device"":""AMD/Xilinx Virtex UltraScale+ VU19P"",""direct_nn"":false,""distance_or_window"":""d=9; full d-round task; K=24 ensemble candidates"",""hardware_evidence"":""FPGA_TOOL_REPORT_AND_CYCLE_SIMULATOR_NOT_BOARD_MEASURED"",""latency_boundary"":""complete d-round decoding task"",""latency_statistic"":""optimized latency distribution p95 and p99"",""physical_board_executed"":false,""same_task_comparable_to_project"":false,""source_field"":""ff_count"",""source_id"":""S16_CED""}"
fpga_implementation,fpga_external_ced_d9_tail_bram_count,ced_d9_tail,Coset Ensemble Decoder optimized RTL design,bram_count,,,,NULL_NOT_REPORTED,LITERATURE_ONLY,FIELD_NOT_REPORTED,False,external_ced_d9_tail,docs/t6_19_2_external_fpga_normalization.json,08392434ad93be48d2f3b5d208027fd8fb0fe615d78f6df8404d13bc7aa6ccce,docs/t6_19_2_external_fpga_normalization_source_data.csv,7a2781c8f8e9a6f690967a5703596e852005e631a48777b34702b4721f01881c,configs/literature/t6_16_3_secondary_preregistration.json,eca700725aac3d2b0d0fb312339323645a03c4089b2d1932cf757816a11585c4,"{""code_family"":""rotated surface code"",""device"":""AMD/Xilinx Virtex UltraScale+ VU19P"",""direct_nn"":false,""distance_or_window"":""d=9; full d-round task; K=24 ensemble candidates"",""hardware_evidence"":""FPGA_TOOL_REPORT_AND_CYCLE_SIMULATOR_NOT_BOARD_MEASURED"",""latency_boundary"":""complete d-round decoding task"",""latency_statistic"":""optimized latency distribution p95 and p99"",""physical_board_executed"":false,""same_task_comparable_to_project"":false,""source_field"":""bram_count"",""source_id"":""S16_CED""}"
fpga_implementation,fpga_external_ced_d9_tail_dsp_count,ced_d9_tail,Coset Ensemble Decoder optimized RTL design,dsp_count,,,,NULL_NOT_REPORTED,LITERATURE_ONLY,FIELD_NOT_REPORTED,False,external_ced_d9_tail,docs/t6_19_2_external_fpga_normalization.json,08392434ad93be48d2f3b5d208027fd8fb0fe615d78f6df8404d13bc7aa6ccce,docs/t6_19_2_external_fpga_normalization_source_data.csv,7a2781c8f8e9a6f690967a5703596e852005e631a48777b34702b4721f01881c,configs/literature/t6_16_3_secondary_preregistration.json,eca700725aac3d2b0d0fb312339323645a03c4089b2d1932cf757816a11585c4,"{""code_family"":""rotated surface code"",""device"":""AMD/Xilinx Virtex UltraScale+ VU19P"",""direct_nn"":false,""distance_or_window"":""d=9; full d-round task; K=24 ensemble candidates"",""hardware_evidence"":""FPGA_TOOL_REPORT_AND_CYCLE_SIMULATOR_NOT_BOARD_MEASURED"",""latency_boundary"":""complete d-round decoding task"",""latency_statistic"":""optimized latency distribution p95 and p99"",""physical_board_executed"":false,""same_task_comparable_to_project"":false,""source_field"":""dsp_count"",""source_id"":""S16_CED""}"
fpga_implementation,fpga_external_ced_d9_tail_power_w,ced_d9_tail,Coset Ensemble Decoder optimized RTL design,power_w,,,,NULL_NOT_REPORTED,LITERATURE_ONLY,FIELD_NOT_REPORTED,False,external_ced_d9_tail,docs/t6_19_2_external_fpga_normalization.json,08392434ad93be48d2f3b5d208027fd8fb0fe615d78f6df8404d13bc7aa6ccce,docs/t6_19_2_external_fpga_normalization_source_data.csv,7a2781c8f8e9a6f690967a5703596e852005e631a48777b34702b4721f01881c,configs/literature/t6_16_3_secondary_preregistration.json,eca700725aac3d2b0d0fb312339323645a03c4089b2d1932cf757816a11585c4,"{""code_family"":""rotated surface code"",""device"":""AMD/Xilinx Virtex UltraScale+ VU19P"",""direct_nn"":false,""distance_or_window"":""d=9; full d-round task; K=24 ensemble candidates"",""hardware_evidence"":""FPGA_TOOL_REPORT_AND_CYCLE_SIMULATOR_NOT_BOARD_MEASURED"",""latency_boundary"":""complete d-round decoding task"",""latency_statistic"":""optimized latency distribution p95 and p99"",""physical_board_executed"":false,""same_task_comparable_to_project"":false,""source_field"":""power_w"",""source_id"":""S16_CED""}"
fpga_implementation,fpga_external_gari24_gross_d12_latency_ns,gari24_gross_d12,GARI-NMS 24-member randomized ensemble,latency_ns,273.0,,,LITERATURE_VALUE,LITERATURE_ONLY,SOURCE_REPORTED_DESCRIPTIVE_NOT_RANKED,False,external_gari24_gross_d12,docs/t6_19_2_external_fpga_normalization.json,08392434ad93be48d2f3b5d208027fd8fb0fe615d78f6df8404d13bc7aa6ccce,docs/t6_19_2_external_fpga_normalization_source_data.csv,7a2781c8f8e9a6f690967a5703596e852005e631a48777b34702b4721f01881c,configs/literature/t6_16_3_secondary_preregistration.json,eca700725aac3d2b0d0fb312339323645a03c4089b2d1932cf757816a11585c4,"{""code_family"":""[[144,12,12]] bivariate bicycle qLDPC gross code"",""device"":""one AMD/Xilinx VU19P per ensemble decoder in preliminary implementation"",""direct_nn"":false,""distance_or_window"":""d=12; 24 NMS decoders; up to 400 iterations each"",""hardware_evidence"":""PRELIMINARY_FPGA_IMPLEMENTATION_NOT_QPU"",""latency_boundary"":""per decoding round"",""latency_statistic"":""mean; 99.99% of instances below 1 us"",""physical_board_executed"":false,""same_task_comparable_to_project"":false,""source_field"":""reported_latency_ns"",""source_id"":""S17_GARI_24""}"
fpga_implementation,fpga_external_gari24_gross_d12_clock_mhz,gari24_gross_d12,GARI-NMS 24-member randomized ensemble,clock_mhz,,,,NULL_NOT_REPORTED,LITERATURE_ONLY,FIELD_NOT_REPORTED,False,external_gari24_gross_d12,docs/t6_19_2_external_fpga_normalization.json,08392434ad93be48d2f3b5d208027fd8fb0fe615d78f6df8404d13bc7aa6ccce,docs/t6_19_2_external_fpga_normalization_source_data.csv,7a2781c8f8e9a6f690967a5703596e852005e631a48777b34702b4721f01881c,configs/literature/t6_16_3_secondary_preregistration.json,eca700725aac3d2b0d0fb312339323645a03c4089b2d1932cf757816a11585c4,"{""code_family"":""[[144,12,12]] bivariate bicycle qLDPC gross code"",""device"":""one AMD/Xilinx VU19P per ensemble decoder in preliminary implementation"",""direct_nn"":false,""distance_or_window"":""d=12; 24 NMS decoders; up to 400 iterations each"",""hardware_evidence"":""PRELIMINARY_FPGA_IMPLEMENTATION_NOT_QPU"",""latency_boundary"":""per decoding round"",""latency_statistic"":""mean; 99.99% of instances below 1 us"",""physical_board_executed"":false,""same_task_comparable_to_project"":false,""source_field"":""clock_mhz"",""source_id"":""S17_GARI_24""}"
fpga_implementation,fpga_external_gari24_gross_d12_latency_cycles,gari24_gross_d12,GARI-NMS 24-member randomized ensemble,latency_cycles,,,,NULL_NOT_REPORTED,LITERATURE_ONLY,FIELD_NOT_REPORTED,False,external_gari24_gross_d12,docs/t6_19_2_external_fpga_normalization.json,08392434ad93be48d2f3b5d208027fd8fb0fe615d78f6df8404d13bc7aa6ccce,docs/t6_19_2_external_fpga_normalization_source_data.csv,7a2781c8f8e9a6f690967a5703596e852005e631a48777b34702b4721f01881c,configs/literature/t6_16_3_secondary_preregistration.json,eca700725aac3d2b0d0fb312339323645a03c4089b2d1932cf757816a11585c4,"{""code_family"":""[[144,12,12]] bivariate bicycle qLDPC gross code"",""device"":""one AMD/Xilinx VU19P per ensemble decoder in preliminary implementation"",""direct_nn"":false,""distance_or_window"":""d=12; 24 NMS decoders; up to 400 iterations each"",""hardware_evidence"":""PRELIMINARY_FPGA_IMPLEMENTATION_NOT_QPU"",""latency_boundary"":""per decoding round"",""latency_statistic"":""mean; 99.99% of instances below 1 us"",""physical_board_executed"":false,""same_task_comparable_to_project"":false,""source_field"":""latency_cycles"",""source_id"":""S17_GARI_24""}"
fpga_implementation,fpga_external_gari24_gross_d12_initiation_interval_ns,gari24_gross_d12,GARI-NMS 24-member randomized ensemble,initiation_interval_ns,,,,NULL_NOT_REPORTED,LITERATURE_ONLY,FIELD_NOT_REPORTED,False,external_gari24_gross_d12,docs/t6_19_2_external_fpga_normalization.json,08392434ad93be48d2f3b5d208027fd8fb0fe615d78f6df8404d13bc7aa6ccce,docs/t6_19_2_external_fpga_normalization_source_data.csv,7a2781c8f8e9a6f690967a5703596e852005e631a48777b34702b4721f01881c,configs/literature/t6_16_3_secondary_preregistration.json,eca700725aac3d2b0d0fb312339323645a03c4089b2d1932cf757816a11585c4,"{""code_family"":""[[144,12,12]] bivariate bicycle qLDPC gross code"",""device"":""one AMD/Xilinx VU19P per ensemble decoder in preliminary implementation"",""direct_nn"":false,""distance_or_window"":""d=12; 24 NMS decoders; up to 400 iterations each"",""hardware_evidence"":""PRELIMINARY_FPGA_IMPLEMENTATION_NOT_QPU"",""latency_boundary"":""per decoding round"",""latency_statistic"":""mean; 99.99% of instances below 1 us"",""physical_board_executed"":false,""same_task_comparable_to_project"":false,""source_field"":""ii_ns"",""source_id"":""S17_GARI_24""}"
fpga_implementation,fpga_external_gari24_gross_d12_lut_count,gari24_gross_d12,GARI-NMS 24-member randomized ensemble,lut_count,,,,NULL_NOT_REPORTED,LITERATURE_ONLY,FIELD_NOT_REPORTED,False,external_gari24_gross_d12,docs/t6_19_2_external_fpga_normalization.json,08392434ad93be48d2f3b5d208027fd8fb0fe615d78f6df8404d13bc7aa6ccce,docs/t6_19_2_external_fpga_normalization_source_data.csv,7a2781c8f8e9a6f690967a5703596e852005e631a48777b34702b4721f01881c,configs/literature/t6_16_3_secondary_preregistration.json,eca700725aac3d2b0d0fb312339323645a03c4089b2d1932cf757816a11585c4,"{""code_family"":""[[144,12,12]] bivariate bicycle qLDPC gross code"",""device"":""one AMD/Xilinx VU19P per ensemble decoder in preliminary implementation"",""direct_nn"":false,""distance_or_window"":""d=12; 24 NMS decoders; up to 400 iterations each"",""hardware_evidence"":""PRELIMINARY_FPGA_IMPLEMENTATION_NOT_QPU"",""latency_boundary"":""per decoding round"",""latency_statistic"":""mean; 99.99% of instances below 1 us"",""physical_board_executed"":false,""same_task_comparable_to_project"":false,""source_field"":""lut_count"",""source_id"":""S17_GARI_24""}"
fpga_implementation,fpga_external_gari24_gross_d12_ff_count,gari24_gross_d12,GARI-NMS 24-member randomized ensemble,ff_count,,,,NULL_NOT_REPORTED,LITERATURE_ONLY,FIELD_NOT_REPORTED,False,external_gari24_gross_d12,docs/t6_19_2_external_fpga_normalization.json,08392434ad93be48d2f3b5d208027fd8fb0fe615d78f6df8404d13bc7aa6ccce,docs/t6_19_2_external_fpga_normalization_source_data.csv,7a2781c8f8e9a6f690967a5703596e852005e631a48777b34702b4721f01881c,configs/literature/t6_16_3_secondary_preregistration.json,eca700725aac3d2b0d0fb312339323645a03c4089b2d1932cf757816a11585c4,"{""code_family"":""[[144,12,12]] bivariate bicycle qLDPC gross code"",""device"":""one AMD/Xilinx VU19P per ensemble decoder in preliminary implementation"",""direct_nn"":false,""distance_or_window"":""d=12; 24 NMS decoders; up to 400 iterations each"",""hardware_evidence"":""PRELIMINARY_FPGA_IMPLEMENTATION_NOT_QPU"",""latency_boundary"":""per decoding round"",""latency_statistic"":""mean; 99.99% of instances below 1 us"",""physical_board_executed"":false,""same_task_comparable_to_project"":false,""source_field"":""ff_count"",""source_id"":""S17_GARI_24""}"
fpga_implementation,fpga_external_gari24_gross_d12_bram_count,gari24_gross_d12,GARI-NMS 24-member randomized ensemble,bram_count,,,,NULL_NOT_REPORTED,LITERATURE_ONLY,FIELD_NOT_REPORTED,False,external_gari24_gross_d12,docs/t6_19_2_external_fpga_normalization.json,08392434ad93be48d2f3b5d208027fd8fb0fe615d78f6df8404d13bc7aa6ccce,docs/t6_19_2_external_fpga_normalization_source_data.csv,7a2781c8f8e9a6f690967a5703596e852005e631a48777b34702b4721f01881c,configs/literature/t6_16_3_secondary_preregistration.json,eca700725aac3d2b0d0fb312339323645a03c4089b2d1932cf757816a11585c4,"{""code_family"":""[[144,12,12]] bivariate bicycle qLDPC gross code"",""device"":""one AMD/Xilinx VU19P per ensemble decoder in preliminary implementation"",""direct_nn"":false,""distance_or_window"":""d=12; 24 NMS decoders; up to 400 iterations each"",""hardware_evidence"":""PRELIMINARY_FPGA_IMPLEMENTATION_NOT_QPU"",""latency_boundary"":""per decoding round"",""latency_statistic"":""mean; 99.99% of instances below 1 us"",""physical_board_executed"":false,""same_task_comparable_to_project"":false,""source_field"":""bram_count"",""source_id"":""S17_GARI_24""}"
fpga_implementation,fpga_external_gari24_gross_d12_dsp_count,gari24_gross_d12,GARI-NMS 24-member randomized ensemble,dsp_count,,,,NULL_NOT_REPORTED,LITERATURE_ONLY,FIELD_NOT_REPORTED,False,external_gari24_gross_d12,docs/t6_19_2_external_fpga_normalization.json,08392434ad93be48d2f3b5d208027fd8fb0fe615d78f6df8404d13bc7aa6ccce,docs/t6_19_2_external_fpga_normalization_source_data.csv,7a2781c8f8e9a6f690967a5703596e852005e631a48777b34702b4721f01881c,configs/literature/t6_16_3_secondary_preregistration.json,eca700725aac3d2b0d0fb312339323645a03c4089b2d1932cf757816a11585c4,"{""code_family"":""[[144,12,12]] bivariate bicycle qLDPC gross code"",""device"":""one AMD/Xilinx VU19P per ensemble decoder in preliminary implementation"",""direct_nn"":false,""distance_or_window"":""d=12; 24 NMS decoders; up to 400 iterations each"",""hardware_evidence"":""PRELIMINARY_FPGA_IMPLEMENTATION_NOT_QPU"",""latency_boundary"":""per decoding round"",""latency_statistic"":""mean; 99.99% of instances below 1 us"",""physical_board_executed"":false,""same_task_comparable_to_project"":false,""source_field"":""dsp_count"",""source_id"":""S17_GARI_24""}"
fpga_implementation,fpga_external_gari24_gross_d12_power_w,gari24_gross_d12,GARI-NMS 24-member randomized ensemble,power_w,,,,NULL_NOT_REPORTED,LITERATURE_ONLY,FIELD_NOT_REPORTED,False,external_gari24_gross_d12,docs/t6_19_2_external_fpga_normalization.json,08392434ad93be48d2f3b5d208027fd8fb0fe615d78f6df8404d13bc7aa6ccce,docs/t6_19_2_external_fpga_normalization_source_data.csv,7a2781c8f8e9a6f690967a5703596e852005e631a48777b34702b4721f01881c,configs/literature/t6_16_3_secondary_preregistration.json,eca700725aac3d2b0d0fb312339323645a03c4089b2d1932cf757816a11585c4,"{""code_family"":""[[144,12,12]] bivariate bicycle qLDPC gross code"",""device"":""one AMD/Xilinx VU19P per ensemble decoder in preliminary implementation"",""direct_nn"":false,""distance_or_window"":""d=12; 24 NMS decoders; up to 400 iterations each"",""hardware_evidence"":""PRELIMINARY_FPGA_IMPLEMENTATION_NOT_QPU"",""latency_boundary"":""per decoding round"",""latency_statistic"":""mean; 99.99% of instances below 1 us"",""physical_board_executed"":false,""same_task_comparable_to_project"":false,""source_field"":""power_w"",""source_id"":""S17_GARI_24""}"
fpga_implementation,fpga_external_gari3_gross_d12_latency_ns,gari3_gross_d12,scalable GARI three-core architecture,latency_ns,596.0,,,LITERATURE_VALUE,LITERATURE_ONLY,SOURCE_REPORTED_DESCRIPTIVE_NOT_RANKED,False,external_gari3_gross_d12,docs/t6_19_2_external_fpga_normalization.json,08392434ad93be48d2f3b5d208027fd8fb0fe615d78f6df8404d13bc7aa6ccce,docs/t6_19_2_external_fpga_normalization_source_data.csv,7a2781c8f8e9a6f690967a5703596e852005e631a48777b34702b4721f01881c,configs/literature/t6_16_3_secondary_preregistration.json,eca700725aac3d2b0d0fb312339323645a03c4089b2d1932cf757816a11585c4,"{""code_family"":""[[144,12,12]] bivariate bicycle qLDPC gross code"",""device"":""AMD/Xilinx VU19P"",""direct_nn"":false,""distance_or_window"":""d=12; ensemble of three decoder cores"",""hardware_evidence"":""FPGA_IMPLEMENTATION_REPORTED_NOT_QPU"",""latency_boundary"":""per decoding round"",""latency_statistic"":""mean for the three-core architecture"",""physical_board_executed"":true,""same_task_comparable_to_project"":false,""source_field"":""reported_latency_ns"",""source_id"":""S18_GARI_3""}"
fpga_implementation,fpga_external_gari3_gross_d12_clock_mhz,gari3_gross_d12,scalable GARI three-core architecture,clock_mhz,,,,NULL_NOT_REPORTED,LITERATURE_ONLY,FIELD_NOT_REPORTED,False,external_gari3_gross_d12,docs/t6_19_2_external_fpga_normalization.json,08392434ad93be48d2f3b5d208027fd8fb0fe615d78f6df8404d13bc7aa6ccce,docs/t6_19_2_external_fpga_normalization_source_data.csv,7a2781c8f8e9a6f690967a5703596e852005e631a48777b34702b4721f01881c,configs/literature/t6_16_3_secondary_preregistration.json,eca700725aac3d2b0d0fb312339323645a03c4089b2d1932cf757816a11585c4,"{""code_family"":""[[144,12,12]] bivariate bicycle qLDPC gross code"",""device"":""AMD/Xilinx VU19P"",""direct_nn"":false,""distance_or_window"":""d=12; ensemble of three decoder cores"",""hardware_evidence"":""FPGA_IMPLEMENTATION_REPORTED_NOT_QPU"",""latency_boundary"":""per decoding round"",""latency_statistic"":""mean for the three-core architecture"",""physical_board_executed"":true,""same_task_comparable_to_project"":false,""source_field"":""clock_mhz"",""source_id"":""S18_GARI_3""}"
fpga_implementation,fpga_external_gari3_gross_d12_latency_cycles,gari3_gross_d12,scalable GARI three-core architecture,latency_cycles,,,,NULL_NOT_REPORTED,LITERATURE_ONLY,FIELD_NOT_REPORTED,False,external_gari3_gross_d12,docs/t6_19_2_external_fpga_normalization.json,08392434ad93be48d2f3b5d208027fd8fb0fe615d78f6df8404d13bc7aa6ccce,docs/t6_19_2_external_fpga_normalization_source_data.csv,7a2781c8f8e9a6f690967a5703596e852005e631a48777b34702b4721f01881c,configs/literature/t6_16_3_secondary_preregistration.json,eca700725aac3d2b0d0fb312339323645a03c4089b2d1932cf757816a11585c4,"{""code_family"":""[[144,12,12]] bivariate bicycle qLDPC gross code"",""device"":""AMD/Xilinx VU19P"",""direct_nn"":false,""distance_or_window"":""d=12; ensemble of three decoder cores"",""hardware_evidence"":""FPGA_IMPLEMENTATION_REPORTED_NOT_QPU"",""latency_boundary"":""per decoding round"",""latency_statistic"":""mean for the three-core architecture"",""physical_board_executed"":true,""same_task_comparable_to_project"":false,""source_field"":""latency_cycles"",""source_id"":""S18_GARI_3""}"
fpga_implementation,fpga_external_gari3_gross_d12_initiation_interval_ns,gari3_gross_d12,scalable GARI three-core architecture,initiation_interval_ns,,,,NULL_NOT_REPORTED,LITERATURE_ONLY,FIELD_NOT_REPORTED,False,external_gari3_gross_d12,docs/t6_19_2_external_fpga_normalization.json,08392434ad93be48d2f3b5d208027fd8fb0fe615d78f6df8404d13bc7aa6ccce,docs/t6_19_2_external_fpga_normalization_source_data.csv,7a2781c8f8e9a6f690967a5703596e852005e631a48777b34702b4721f01881c,configs/literature/t6_16_3_secondary_preregistration.json,eca700725aac3d2b0d0fb312339323645a03c4089b2d1932cf757816a11585c4,"{""code_family"":""[[144,12,12]] bivariate bicycle qLDPC gross code"",""device"":""AMD/Xilinx VU19P"",""direct_nn"":false,""distance_or_window"":""d=12; ensemble of three decoder cores"",""hardware_evidence"":""FPGA_IMPLEMENTATION_REPORTED_NOT_QPU"",""latency_boundary"":""per decoding round"",""latency_statistic"":""mean for the three-core architecture"",""physical_board_executed"":true,""same_task_comparable_to_project"":false,""source_field"":""ii_ns"",""source_id"":""S18_GARI_3""}"
fpga_implementation,fpga_external_gari3_gross_d12_lut_count,gari3_gross_d12,scalable GARI three-core architecture,lut_count,,,,NULL_NOT_REPORTED,LITERATURE_ONLY,FIELD_NOT_REPORTED,False,external_gari3_gross_d12,docs/t6_19_2_external_fpga_normalization.json,08392434ad93be48d2f3b5d208027fd8fb0fe615d78f6df8404d13bc7aa6ccce,docs/t6_19_2_external_fpga_normalization_source_data.csv,7a2781c8f8e9a6f690967a5703596e852005e631a48777b34702b4721f01881c,configs/literature/t6_16_3_secondary_preregistration.json,eca700725aac3d2b0d0fb312339323645a03c4089b2d1932cf757816a11585c4,"{""code_family"":""[[144,12,12]] bivariate bicycle qLDPC gross code"",""device"":""AMD/Xilinx VU19P"",""direct_nn"":false,""distance_or_window"":""d=12; ensemble of three decoder cores"",""hardware_evidence"":""FPGA_IMPLEMENTATION_REPORTED_NOT_QPU"",""latency_boundary"":""per decoding round"",""latency_statistic"":""mean for the three-core architecture"",""physical_board_executed"":true,""same_task_comparable_to_project"":false,""source_field"":""lut_count"",""source_id"":""S18_GARI_3""}"
fpga_implementation,fpga_external_gari3_gross_d12_ff_count,gari3_gross_d12,scalable GARI three-core architecture,ff_count,,,,NULL_NOT_REPORTED,LITERATURE_ONLY,FIELD_NOT_REPORTED,False,external_gari3_gross_d12,docs/t6_19_2_external_fpga_normalization.json,08392434ad93be48d2f3b5d208027fd8fb0fe615d78f6df8404d13bc7aa6ccce,docs/t6_19_2_external_fpga_normalization_source_data.csv,7a2781c8f8e9a6f690967a5703596e852005e631a48777b34702b4721f01881c,configs/literature/t6_16_3_secondary_preregistration.json,eca700725aac3d2b0d0fb312339323645a03c4089b2d1932cf757816a11585c4,"{""code_family"":""[[144,12,12]] bivariate bicycle qLDPC gross code"",""device"":""AMD/Xilinx VU19P"",""direct_nn"":false,""distance_or_window"":""d=12; ensemble of three decoder cores"",""hardware_evidence"":""FPGA_IMPLEMENTATION_REPORTED_NOT_QPU"",""latency_boundary"":""per decoding round"",""latency_statistic"":""mean for the three-core architecture"",""physical_board_executed"":true,""same_task_comparable_to_project"":false,""source_field"":""ff_count"",""source_id"":""S18_GARI_3""}"
fpga_implementation,fpga_external_gari3_gross_d12_bram_count,gari3_gross_d12,scalable GARI three-core architecture,bram_count,,,,NULL_NOT_REPORTED,LITERATURE_ONLY,FIELD_NOT_REPORTED,False,external_gari3_gross_d12,docs/t6_19_2_external_fpga_normalization.json,08392434ad93be48d2f3b5d208027fd8fb0fe615d78f6df8404d13bc7aa6ccce,docs/t6_19_2_external_fpga_normalization_source_data.csv,7a2781c8f8e9a6f690967a5703596e852005e631a48777b34702b4721f01881c,configs/literature/t6_16_3_secondary_preregistration.json,eca700725aac3d2b0d0fb312339323645a03c4089b2d1932cf757816a11585c4,"{""code_family"":""[[144,12,12]] bivariate bicycle qLDPC gross code"",""device"":""AMD/Xilinx VU19P"",""direct_nn"":false,""distance_or_window"":""d=12; ensemble of three decoder cores"",""hardware_evidence"":""FPGA_IMPLEMENTATION_REPORTED_NOT_QPU"",""latency_boundary"":""per decoding round"",""latency_statistic"":""mean for the three-core architecture"",""physical_board_executed"":true,""same_task_comparable_to_project"":false,""source_field"":""bram_count"",""source_id"":""S18_GARI_3""}"
fpga_implementation,fpga_external_gari3_gross_d12_dsp_count,gari3_gross_d12,scalable GARI three-core architecture,dsp_count,,,,NULL_NOT_REPORTED,LITERATURE_ONLY,FIELD_NOT_REPORTED,False,external_gari3_gross_d12,docs/t6_19_2_external_fpga_normalization.json,08392434ad93be48d2f3b5d208027fd8fb0fe615d78f6df8404d13bc7aa6ccce,docs/t6_19_2_external_fpga_normalization_source_data.csv,7a2781c8f8e9a6f690967a5703596e852005e631a48777b34702b4721f01881c,configs/literature/t6_16_3_secondary_preregistration.json,eca700725aac3d2b0d0fb312339323645a03c4089b2d1932cf757816a11585c4,"{""code_family"":""[[144,12,12]] bivariate bicycle qLDPC gross code"",""device"":""AMD/Xilinx VU19P"",""direct_nn"":false,""distance_or_window"":""d=12; ensemble of three decoder cores"",""hardware_evidence"":""FPGA_IMPLEMENTATION_REPORTED_NOT_QPU"",""latency_boundary"":""per decoding round"",""latency_statistic"":""mean for the three-core architecture"",""physical_board_executed"":true,""same_task_comparable_to_project"":false,""source_field"":""dsp_count"",""source_id"":""S18_GARI_3""}"
fpga_implementation,fpga_external_gari3_gross_d12_power_w,gari3_gross_d12,scalable GARI three-core architecture,power_w,,,,NULL_NOT_REPORTED,LITERATURE_ONLY,FIELD_NOT_REPORTED,False,external_gari3_gross_d12,docs/t6_19_2_external_fpga_normalization.json,08392434ad93be48d2f3b5d208027fd8fb0fe615d78f6df8404d13bc7aa6ccce,docs/t6_19_2_external_fpga_normalization_source_data.csv,7a2781c8f8e9a6f690967a5703596e852005e631a48777b34702b4721f01881c,configs/literature/t6_16_3_secondary_preregistration.json,eca700725aac3d2b0d0fb312339323645a03c4089b2d1932cf757816a11585c4,"{""code_family"":""[[144,12,12]] bivariate bicycle qLDPC gross code"",""device"":""AMD/Xilinx VU19P"",""direct_nn"":false,""distance_or_window"":""d=12; ensemble of three decoder cores"",""hardware_evidence"":""FPGA_IMPLEMENTATION_REPORTED_NOT_QPU"",""latency_boundary"":""per decoding round"",""latency_statistic"":""mean for the three-core architecture"",""physical_board_executed"":true,""same_task_comparable_to_project"":false,""source_field"":""power_w"",""source_id"":""S18_GARI_3""}"
fpga_implementation,fpga_external_same_task,external_fpga_decoders,Same-task external comparator,latency_ns,,,,NEGATIVE,NEGATIVE,ZERO_SAME_TASK_COMPARATORS,False,external_fpga_normalized_v1,docs/t6_19_2_external_fpga_normalization.json,08392434ad93be48d2f3b5d208027fd8fb0fe615d78f6df8404d13bc7aa6ccce,docs/t6_19_2_external_fpga_normalization_source_data.csv,7a2781c8f8e9a6f690967a5703596e852005e631a48777b34702b4721f01881c,configs/literature/t6_16_3_secondary_preregistration.json,eca700725aac3d2b0d0fb312339323645a03c4089b2d1932cf757816a11585c4,"{""direct_nn_count"":5,""physical_board_count"":10,""row_count"":18,""same_task_comparable_count"":0}"
fpga_implementation,fpga_direct_nn_same_task,direct_nn,Same-task Direct NN RTL,latency_ns,,,,N_A_NOT_APPLICABLE,INELIGIBLE,NO_ELIGIBLE_DIRECT_NN_RTL,False,external_fpga_normalized_v1,docs/t6_19_2_external_fpga_normalization.json,08392434ad93be48d2f3b5d208027fd8fb0fe615d78f6df8404d13bc7aa6ccce,docs/t6_19_2_external_fpga_normalization_source_data.csv,7a2781c8f8e9a6f690967a5703596e852005e631a48777b34702b4721f01881c,configs/literature/t6_16_3_secondary_preregistration.json,eca700725aac3d2b0d0fb312339323645a03c4089b2d1932cf757816a11585c4,"{""descriptive_direct_nn_rows"":5}"
fpga_implementation,fpga_board_latency_null,static_map_lut_if_rtl,Board-measured latency,latency_ns,,,,NULL_NOT_REPORTED,BLOCKED,WAITING_FOR_PHYSICAL_BOARD,False,project_static_map_fast_path_v1,docs/t6_19_1_project_preboard_profiles.json,211459ec40f680293a1bf1861f76135140eac747c8f47c5b043951118d54be22,docs/t6_19_1_project_preboard_profiles_source_data.csv,9c06c0c0ffe94f80b61c3765df60ca1756f9f525cec9b953bad27963e05b9c1e,configs/literature/t6_16_3_secondary_preregistration.json,eca700725aac3d2b0d0fb312339323645a03c4089b2d1932cf757816a11585c4,{}
