analog_allocated_bytes_first_measured_decode,analog_errors,analog_ler,analog_runtime_seconds,analog_seconds_per_decode,certified_integer_box_bound,ci,cpd_allocated_bytes_first_measured_decode,cpd_errors,cpd_ler,cpd_runtime_seconds,cpd_seconds_per_decode,crossing_sigma,dimension,distance,distance_gap,errors,evidence,fidelity,ler,lower_distance,may_be_replaced_by_three_size_fit,median_allocated_bytes_per_measured_decode,median_seconds_per_decode,method,mismatch,official,official_distance,offset,oracle_distance,p95_seconds_per_decode,pair,paired_error_difference,quantity,record_type,sample,samples,seed,seed_clusters,seed_ler_standard_error,sigma,trials,value,value_state
,,,,,2,,,,,,,,1,,0.0,,,,,,,,,official_cpd,False,,0.4995573536072948,,0.4995573536072948,,,,,exact_cvp,1,,,,,,,,OFFICIAL_CODE_REPRODUCTION
,,,,,1,,,,,,,,1,,0.0,,,,,,,,,official_cpd,False,,0.3841845192317924,,0.3841845192317924,,,,,exact_cvp,2,,,,,,,,OFFICIAL_CODE_REPRODUCTION
,,,,,2,,,,,,,,1,,0.0,,,,,,,,,official_cpd,False,,0.9067233084808435,,0.9067233084808435,,,,,exact_cvp,3,,,,,,,,OFFICIAL_CODE_REPRODUCTION
,,,,,2,,,,,,,,1,,0.0,,,,,,,,,official_cpd,False,,0.1803635918831522,,0.1803635918831522,,,,,exact_cvp,4,,,,,,,,OFFICIAL_CODE_REPRODUCTION
,,,,,2,,,,,,,,1,,0.0,,,,,,,,,official_cpd,False,,0.7472945599576089,,0.7472945599576089,,,,,exact_cvp,5,,,,,,,,OFFICIAL_CODE_REPRODUCTION
,,,,,1,,,,,,,,1,,0.0,,,,,,,,,official_cpd,False,,0.4852135907710059,,0.4852135907710059,,,,,exact_cvp,6,,,,,,,,OFFICIAL_CODE_REPRODUCTION
,,,,,2,,,,,,,,1,,0.0,,,,,,,,,official_cpd,False,,1.2662899753579464,,1.2662899753579464,,,,,exact_cvp,7,,,,,,,,OFFICIAL_CODE_REPRODUCTION
,,,,,2,,,,,,,,1,,0.0,,,,,,,,,official_cpd,False,,0.9628347139575548,,0.9628347139575548,,,,,exact_cvp,8,,,,,,,,OFFICIAL_CODE_REPRODUCTION
,,,,,1,,,,,,,,1,,0.0,,,,,,,,,official_cpd,False,,0.03697183914546684,,0.03697183914546684,,,,,exact_cvp,9,,,,,,,,OFFICIAL_CODE_REPRODUCTION
,,,,,1,,,,,,,,1,,0.0,,,,,,,,,official_cpd,False,,0.9172403480390148,,0.9172403480390148,,,,,exact_cvp,10,,,,,,,,OFFICIAL_CODE_REPRODUCTION
,,,,,1,,,,,,,,1,,0.0,,,,,,,,,official_cpd,False,,0.44016153577318295,,0.44016153577318295,,,,,exact_cvp,11,,,,,,,,OFFICIAL_CODE_REPRODUCTION
,,,,,1,,,,,,,,1,,0.0,,,,,,,,,official_cpd,False,,0.5049824015940891,,0.5049824015940891,,,,,exact_cvp,12,,,,,,,,OFFICIAL_CODE_REPRODUCTION
,,,,,1,,,,,,,,1,,0.0,,,,,,,,,official_cpd,False,,0.538699206599702,,0.538699206599702,,,,,exact_cvp,13,,,,,,,,OFFICIAL_CODE_REPRODUCTION
,,,,,2,,,,,,,,1,,0.0,,,,,,,,,official_cpd,False,,0.4143426591937045,,0.4143426591937045,,,,,exact_cvp,14,,,,,,,,OFFICIAL_CODE_REPRODUCTION
,,,,,2,,,,,,,,1,,0.0,,,,,,,,,official_cpd,False,,0.3798647107257528,,0.3798647107257528,,,,,exact_cvp,15,,,,,,,,OFFICIAL_CODE_REPRODUCTION
,,,,,2,,,,,,,,1,,0.0,,,,,,,,,official_cpd,False,,0.8763799004893387,,0.8763799004893387,,,,,exact_cvp,16,,,,,,,,OFFICIAL_CODE_REPRODUCTION
,,,,,1,,,,,,,,1,,0.0,,,,,,,,,official_cpd,False,,1.2165266170177587,,1.2165266170177587,,,,,exact_cvp,17,,,,,,,,OFFICIAL_CODE_REPRODUCTION
,,,,,1,,,,,,,,1,,0.0,,,,,,,,,official_cpd,False,,0.882879857759601,,0.882879857759601,,,,,exact_cvp,18,,,,,,,,OFFICIAL_CODE_REPRODUCTION
,,,,,1,,,,,,,,1,,0.0,,,,,,,,,official_cpd,False,,0.09962621672792214,,0.09962621672792214,,,,,exact_cvp,19,,,,,,,,OFFICIAL_CODE_REPRODUCTION
,,,,,1,,,,,,,,1,,0.0,,,,,,,,,official_cpd,False,,1.2885307574950147,,1.2885307574950147,,,,,exact_cvp,20,,,,,,,,OFFICIAL_CODE_REPRODUCTION
,,,,,2,,,,,,,,1,,0.0,,,,,,,,,official_cpd,False,,0.3171160419455561,,0.3171160419455561,,,,,exact_cvp,21,,,,,,,,OFFICIAL_CODE_REPRODUCTION
,,,,,1,,,,,,,,1,,0.0,,,,,,,,,official_cpd,False,,0.27767374953076884,,0.27767374953076884,,,,,exact_cvp,22,,,,,,,,OFFICIAL_CODE_REPRODUCTION
,,,,,2,,,,,,,,1,,0.0,,,,,,,,,official_cpd,False,,0.4763182452207063,,0.4763182452207063,,,,,exact_cvp,23,,,,,,,,OFFICIAL_CODE_REPRODUCTION
,,,,,1,,,,,,,,1,,0.0,,,,,,,,,official_cpd,False,,0.7998774840199042,,0.7998774840199042,,,,,exact_cvp,24,,,,,,,,OFFICIAL_CODE_REPRODUCTION
,,,,,1,,,,,,,,1,,0.0,,,,,,,,,official_cpd,False,,0.0869896480872448,,0.0869896480872448,,,,,exact_cvp,25,,,,,,,,OFFICIAL_CODE_REPRODUCTION
,,,,,2,,,,,,,,1,,0.0,,,,,,,,,official_cpd,False,,0.44487212504645957,,0.44487212504645957,,,,,exact_cvp,26,,,,,,,,OFFICIAL_CODE_REPRODUCTION
,,,,,2,,,,,,,,1,,0.0,,,,,,,,,official_cpd,False,,0.48620624647939015,,0.48620624647939015,,,,,exact_cvp,27,,,,,,,,OFFICIAL_CODE_REPRODUCTION
,,,,,1,,,,,,,,1,,0.0,,,,,,,,,official_cpd,False,,0.4951118397052561,,0.4951118397052561,,,,,exact_cvp,28,,,,,,,,OFFICIAL_CODE_REPRODUCTION
,,,,,1,,,,,,,,1,,0.0,,,,,,,,,official_cpd,False,,0.121812984060279,,0.121812984060279,,,,,exact_cvp,29,,,,,,,,OFFICIAL_CODE_REPRODUCTION
,,,,,1,,,,,,,,1,,0.0,,,,,,,,,official_cpd,False,,0.5182696930867356,,0.5182696930867356,,,,,exact_cvp,30,,,,,,,,OFFICIAL_CODE_REPRODUCTION
,,,,,1,,,,,,,,1,,0.0,,,,,,,,,official_cpd,False,,0.7870495643775508,,0.7870495643775508,,,,,exact_cvp,31,,,,,,,,OFFICIAL_CODE_REPRODUCTION
,,,,,2,,,,,,,,1,,0.0,,,,,,,,,official_cpd,False,,0.22218466150225735,,0.22218466150225735,,,,,exact_cvp,32,,,,,,,,OFFICIAL_CODE_REPRODUCTION
,,,,,1,,,,,,,,1,,0.0,,,,,,,,,official_cpd,False,,0.03289214761789183,,0.03289214761789183,,,,,exact_cvp,33,,,,,,,,OFFICIAL_CODE_REPRODUCTION
,,,,,1,,,,,,,,1,,0.0,,,,,,,,,official_cpd,False,,0.42285510376202645,,0.42285510376202645,,,,,exact_cvp,34,,,,,,,,OFFICIAL_CODE_REPRODUCTION
,,,,,2,,,,,,,,1,,0.0,,,,,,,,,official_cpd,False,,0.006369923668049449,,0.006369923668049449,,,,,exact_cvp,35,,,,,,,,OFFICIAL_CODE_REPRODUCTION
,,,,,1,,,,,,,,1,,0.0,,,,,,,,,official_cpd,False,,0.1953945362661642,,0.1953945362661642,,,,,exact_cvp,36,,,,,,,,OFFICIAL_CODE_REPRODUCTION
,,,,,2,,,,,,,,1,,0.0,,,,,,,,,official_cpd,False,,0.18859420484920397,,0.18859420484920397,,,,,exact_cvp,37,,,,,,,,OFFICIAL_CODE_REPRODUCTION
,,,,,1,,,,,,,,1,,0.0,,,,,,,,,official_cpd,False,,0.7938050106462384,,0.7938050106462384,,,,,exact_cvp,38,,,,,,,,OFFICIAL_CODE_REPRODUCTION
,,,,,2,,,,,,,,1,,0.0,,,,,,,,,official_cpd,False,,1.485133941674183,,1.485133941674183,,,,,exact_cvp,39,,,,,,,,OFFICIAL_CODE_REPRODUCTION
,,,,,4,,,,,,,,1,,0.0,,,,,,,,,official_cpd,False,,0.19063625137612794,,0.19063625137612794,,,,,exact_cvp,40,,,,,,,,OFFICIAL_CODE_REPRODUCTION
,,,,,2,,,,,,,,1,,0.0,,,,,,,,,official_cpd,False,,0.9562073081997733,,0.9562073081997733,,,,,exact_cvp,41,,,,,,,,OFFICIAL_CODE_REPRODUCTION
,,,,,1,,,,,,,,1,,0.0,,,,,,,,,official_cpd,False,,0.3419222538865693,,0.3419222538865693,,,,,exact_cvp,42,,,,,,,,OFFICIAL_CODE_REPRODUCTION
,,,,,2,,,,,,,,1,,0.0,,,,,,,,,official_cpd,False,,0.02073218712143987,,0.02073218712143987,,,,,exact_cvp,43,,,,,,,,OFFICIAL_CODE_REPRODUCTION
,,,,,1,,,,,,,,1,,0.0,,,,,,,,,official_cpd,False,,0.11430154900780515,,0.11430154900780515,,,,,exact_cvp,44,,,,,,,,OFFICIAL_CODE_REPRODUCTION
,,,,,1,,,,,,,,1,,0.0,,,,,,,,,official_cpd,False,,0.6982311263140004,,0.6982311263140004,,,,,exact_cvp,45,,,,,,,,OFFICIAL_CODE_REPRODUCTION
,,,,,1,,,,,,,,1,,0.0,,,,,,,,,official_cpd,False,,0.27643334101737027,,0.27643334101737027,,,,,exact_cvp,46,,,,,,,,OFFICIAL_CODE_REPRODUCTION
,,,,,2,,,,,,,,1,,0.0,,,,,,,,,official_cpd,False,,0.17183290094187764,,0.17183290094187764,,,,,exact_cvp,47,,,,,,,,OFFICIAL_CODE_REPRODUCTION
,,,,,1,,,,,,,,1,,0.0,,,,,,,,,official_cpd,False,,0.9726451995689251,,0.9726451995689251,,,,,exact_cvp,48,,,,,,,,OFFICIAL_CODE_REPRODUCTION
,,,,,1,,,,,,,,1,,0.0,,,,,,,,,official_cpd,False,,0.1299818135833232,,0.1299818135833232,,,,,exact_cvp,49,,,,,,,,OFFICIAL_CODE_REPRODUCTION
,,,,,2,,,,,,,,1,,0.0,,,,,,,,,official_cpd,False,,0.35306214172927675,,0.35306214172927675,,,,,exact_cvp,50,,,,,,,,OFFICIAL_CODE_REPRODUCTION
,,,,,1,,,,,,,,1,,0.0,,,,,,,,,official_cpd,False,,0.01736385202071846,,0.01736385202071846,,,,,exact_cvp,51,,,,,,,,OFFICIAL_CODE_REPRODUCTION
,,,,,1,,,,,,,,1,,0.0,,,,,,,,,official_cpd,False,,0.390028431910042,,0.390028431910042,,,,,exact_cvp,52,,,,,,,,OFFICIAL_CODE_REPRODUCTION
,,,,,1,,,,,,,,1,,0.0,,,,,,,,,official_cpd,False,,1.4427381264632522,,1.4427381264632522,,,,,exact_cvp,53,,,,,,,,OFFICIAL_CODE_REPRODUCTION
,,,,,1,,,,,,,,1,,0.0,,,,,,,,,official_cpd,False,,1.1092541893850725,,1.1092541893850725,,,,,exact_cvp,54,,,,,,,,OFFICIAL_CODE_REPRODUCTION
,,,,,3,,,,,,,,1,,0.0,,,,,,,,,official_cpd,False,,0.14465127665763267,,0.14465127665763267,,,,,exact_cvp,55,,,,,,,,OFFICIAL_CODE_REPRODUCTION
,,,,,2,,,,,,,,1,,0.0,,,,,,,,,official_cpd,False,,0.44156399671150925,,0.44156399671150925,,,,,exact_cvp,56,,,,,,,,OFFICIAL_CODE_REPRODUCTION
,,,,,1,,,,,,,,1,,0.0,,,,,,,,,official_cpd,False,,0.004725771687266919,,0.004725771687266919,,,,,exact_cvp,57,,,,,,,,OFFICIAL_CODE_REPRODUCTION
,,,,,1,,,,,,,,1,,0.0,,,,,,,,,official_cpd,False,,0.4336671760376692,,0.4336671760376692,,,,,exact_cvp,58,,,,,,,,OFFICIAL_CODE_REPRODUCTION
,,,,,1,,,,,,,,1,,0.0,,,,,,,,,official_cpd,False,,0.6550431073616202,,0.6550431073616202,,,,,exact_cvp,59,,,,,,,,OFFICIAL_CODE_REPRODUCTION
,,,,,1,,,,,,,,1,,0.0,,,,,,,,,official_cpd,False,,0.22291472092783968,,0.22291472092783968,,,,,exact_cvp,60,,,,,,,,OFFICIAL_CODE_REPRODUCTION
,,,,,1,,,,,,,,1,,0.0,,,,,,,,,official_cpd,False,,0.8846382445027996,,0.8846382445027996,,,,,exact_cvp,61,,,,,,,,OFFICIAL_CODE_REPRODUCTION
,,,,,1,,,,,,,,1,,0.0,,,,,,,,,official_cpd,False,,1.1655897146502365,,1.1655897146502365,,,,,exact_cvp,62,,,,,,,,OFFICIAL_CODE_REPRODUCTION
,,,,,2,,,,,,,,1,,0.0,,,,,,,,,official_cpd,False,,0.5637771587053457,,0.5637771587053457,,,,,exact_cvp,63,,,,,,,,OFFICIAL_CODE_REPRODUCTION
,,,,,2,,,,,,,,1,,0.0,,,,,,,,,official_cpd,False,,0.0648049286487209,,0.0648049286487209,,,,,exact_cvp,64,,,,,,,,OFFICIAL_CODE_REPRODUCTION
,,,,,1,,,,,,,,1,,0.0,,,,,,,,,official_cpd,False,,0.38840857162864406,,0.38840857162864406,,,,,exact_cvp,65,,,,,,,,OFFICIAL_CODE_REPRODUCTION
,,,,,1,,,,,,,,1,,0.0,,,,,,,,,official_cpd,False,,0.8555096731110339,,0.8555096731110339,,,,,exact_cvp,66,,,,,,,,OFFICIAL_CODE_REPRODUCTION
,,,,,1,,,,,,,,1,,0.0,,,,,,,,,official_cpd,False,,1.4518199883648932,,1.4518199883648932,,,,,exact_cvp,67,,,,,,,,OFFICIAL_CODE_REPRODUCTION
,,,,,2,,,,,,,,1,,0.0,,,,,,,,,official_cpd,False,,1.1370821381432779,,1.1370821381432779,,,,,exact_cvp,68,,,,,,,,OFFICIAL_CODE_REPRODUCTION
,,,,,1,,,,,,,,1,,0.0,,,,,,,,,official_cpd,False,,0.425940519225761,,0.425940519225761,,,,,exact_cvp,69,,,,,,,,OFFICIAL_CODE_REPRODUCTION
,,,,,1,,,,,,,,1,,0.0,,,,,,,,,official_cpd,False,,0.1802750844034529,,0.1802750844034529,,,,,exact_cvp,70,,,,,,,,OFFICIAL_CODE_REPRODUCTION
,,,,,5,,,,,,,,1,,0.0,,,,,,,,,official_cpd,False,,0.10769563766641488,,0.10769563766641488,,,,,exact_cvp,71,,,,,,,,OFFICIAL_CODE_REPRODUCTION
,,,,,2,,,,,,,,1,,0.0,,,,,,,,,official_cpd,False,,0.013230021961606386,,0.013230021961606386,,,,,exact_cvp,72,,,,,,,,OFFICIAL_CODE_REPRODUCTION
,,,,,2,,,,,,,,1,,0.0,,,,,,,,,official_cpd,False,,0.03297333791686552,,0.03297333791686552,,,,,exact_cvp,73,,,,,,,,OFFICIAL_CODE_REPRODUCTION
,,,,,2,,,,,,,,1,,0.0,,,,,,,,,official_cpd,False,,0.4470342638656106,,0.4470342638656106,,,,,exact_cvp,74,,,,,,,,OFFICIAL_CODE_REPRODUCTION
,,,,,2,,,,,,,,1,,0.0,,,,,,,,,official_cpd,False,,0.8256145522595557,,0.8256145522595557,,,,,exact_cvp,75,,,,,,,,OFFICIAL_CODE_REPRODUCTION
,,,,,1,,,,,,,,1,,0.0,,,,,,,,,official_cpd,False,,0.16768647000794693,,0.16768647000794693,,,,,exact_cvp,76,,,,,,,,OFFICIAL_CODE_REPRODUCTION
,,,,,1,,,,,,,,1,,0.0,,,,,,,,,official_cpd,False,,0.2739241574384026,,0.2739241574384026,,,,,exact_cvp,77,,,,,,,,OFFICIAL_CODE_REPRODUCTION
,,,,,1,,,,,,,,1,,0.0,,,,,,,,,official_cpd,False,,1.1543984117181751,,1.1543984117181751,,,,,exact_cvp,78,,,,,,,,OFFICIAL_CODE_REPRODUCTION
,,,,,2,,,,,,,,1,,0.0,,,,,,,,,official_cpd,False,,0.41477005626476116,,0.41477005626476116,,,,,exact_cvp,79,,,,,,,,OFFICIAL_CODE_REPRODUCTION
,,,,,2,,,,,,,,1,,0.0,,,,,,,,,official_cpd,False,,1.187498872720447,,1.187498872720447,,,,,exact_cvp,80,,,,,,,,OFFICIAL_CODE_REPRODUCTION
,,,,,1,,,,,,,,1,,0.0,,,,,,,,,official_cpd,False,,0.2493732908092276,,0.2493732908092276,,,,,exact_cvp,81,,,,,,,,OFFICIAL_CODE_REPRODUCTION
,,,,,2,,,,,,,,1,,0.0,,,,,,,,,official_cpd,False,,0.06257140985767795,,0.06257140985767795,,,,,exact_cvp,82,,,,,,,,OFFICIAL_CODE_REPRODUCTION
,,,,,1,,,,,,,,1,,0.0,,,,,,,,,official_cpd,False,,0.2321103373241939,,0.2321103373241939,,,,,exact_cvp,83,,,,,,,,OFFICIAL_CODE_REPRODUCTION
,,,,,2,,,,,,,,1,,0.0,,,,,,,,,official_cpd,False,,0.04240693127091,,0.04240693127091,,,,,exact_cvp,84,,,,,,,,OFFICIAL_CODE_REPRODUCTION
,,,,,1,,,,,,,,1,,0.0,,,,,,,,,official_cpd,False,,0.8248009869638957,,0.8248009869638957,,,,,exact_cvp,85,,,,,,,,OFFICIAL_CODE_REPRODUCTION
,,,,,2,,,,,,,,1,,0.0,,,,,,,,,official_cpd,False,,0.07644517909006554,,0.07644517909006554,,,,,exact_cvp,86,,,,,,,,OFFICIAL_CODE_REPRODUCTION
,,,,,1,,,,,,,,1,,0.0,,,,,,,,,official_cpd,False,,0.2247945739311109,,0.2247945739311109,,,,,exact_cvp,87,,,,,,,,OFFICIAL_CODE_REPRODUCTION
,,,,,1,,,,,,,,1,,0.0,,,,,,,,,official_cpd,False,,0.5008404879777674,,0.5008404879777674,,,,,exact_cvp,88,,,,,,,,OFFICIAL_CODE_REPRODUCTION
,,,,,2,,,,,,,,1,,0.0,,,,,,,,,official_cpd,False,,1.1575334225451257,,1.1575334225451257,,,,,exact_cvp,89,,,,,,,,OFFICIAL_CODE_REPRODUCTION
,,,,,2,,,,,,,,1,,0.0,,,,,,,,,official_cpd,False,,1.3271378191672332,,1.3271378191672332,,,,,exact_cvp,90,,,,,,,,OFFICIAL_CODE_REPRODUCTION
,,,,,1,,,,,,,,1,,0.0,,,,,,,,,official_cpd,False,,0.9924446821195689,,0.9924446821195689,,,,,exact_cvp,91,,,,,,,,OFFICIAL_CODE_REPRODUCTION
,,,,,1,,,,,,,,1,,0.0,,,,,,,,,official_cpd,False,,0.26053413291084027,,0.26053413291084027,,,,,exact_cvp,92,,,,,,,,OFFICIAL_CODE_REPRODUCTION
,,,,,2,,,,,,,,1,,0.0,,,,,,,,,official_cpd,False,,0.6303950892097108,,0.6303950892097108,,,,,exact_cvp,93,,,,,,,,OFFICIAL_CODE_REPRODUCTION
,,,,,1,,,,,,,,1,,0.0,,,,,,,,,official_cpd,False,,0.8271257039833689,,0.8271257039833689,,,,,exact_cvp,94,,,,,,,,OFFICIAL_CODE_REPRODUCTION
,,,,,2,,,,,,,,1,,0.0,,,,,,,,,official_cpd,False,,0.4523369371055652,,0.4523369371055652,,,,,exact_cvp,95,,,,,,,,OFFICIAL_CODE_REPRODUCTION
,,,,,1,,,,,,,,1,,0.0,,,,,,,,,official_cpd,False,,0.4180855382789396,,0.4180855382789396,,,,,exact_cvp,96,,,,,,,,OFFICIAL_CODE_REPRODUCTION
,,,,,1,,,,,,,,2,,0.0,,,,,,,,,official_cpd,False,,0.9704819586973771,,0.9704819586973771,,,,,exact_cvp,1,,,,,,,,OFFICIAL_CODE_REPRODUCTION
,,,,,2,,,,,,,,2,,6.38378239159465e-16,,,,,,,,,official_cpd,False,,0.2472661116821363,,0.24726611168213566,,,,,exact_cvp,2,,,,,,,,OFFICIAL_CODE_REPRODUCTION
,,,,,3,,,,,,,,2,,4.440892098500626e-16,,,,,,,,,official_cpd,False,,0.549879098620402,,0.5498790986204024,,,,,exact_cvp,3,,,,,,,,OFFICIAL_CODE_REPRODUCTION
,,,,,1,,,,,,,,2,,0.0,,,,,,,,,official_cpd,False,,1.12333378925903,,1.12333378925903,,,,,exact_cvp,4,,,,,,,,OFFICIAL_CODE_REPRODUCTION
,,,,,1,,,,,,,,2,,0.0,,,,,,,,,official_cpd,False,,0.8102295913440856,,0.8102295913440856,,,,,exact_cvp,5,,,,,,,,OFFICIAL_CODE_REPRODUCTION
,,,,,2,,,,,,,,2,,1.6653345369377348e-16,,,,,,,,,official_cpd,False,,0.3024731788233771,,0.30247317882337726,,,,,exact_cvp,6,,,,,,,,OFFICIAL_CODE_REPRODUCTION
,,,,,2,,,,,,,,2,,0.0,,,,,,,,,official_cpd,False,,1.732515286305076,,1.732515286305076,,,,,exact_cvp,7,,,,,,,,OFFICIAL_CODE_REPRODUCTION
,,,,,1,,,,,,,,2,,0.0,,,,,,,,,official_cpd,False,,0.5573064310344203,,0.5573064310344203,,,,,exact_cvp,8,,,,,,,,OFFICIAL_CODE_REPRODUCTION
,,,,,1,,,,,,,,2,,0.0,,,,,,,,,official_cpd,False,,0.9971620308984884,,0.9971620308984884,,,,,exact_cvp,9,,,,,,,,OFFICIAL_CODE_REPRODUCTION
,,,,,1,,,,,,,,2,,0.0,,,,,,,,,official_cpd,False,,1.3948835838301485,,1.3948835838301485,,,,,exact_cvp,10,,,,,,,,OFFICIAL_CODE_REPRODUCTION
,,,,,2,,,,,,,,2,,0.0,,,,,,,,,official_cpd,False,,0.7246962310415976,,0.7246962310415976,,,,,exact_cvp,11,,,,,,,,OFFICIAL_CODE_REPRODUCTION
,,,,,2,,,,,,,,2,,0.0,,,,,,,,,official_cpd,False,,1.4841246011117013,,1.4841246011117013,,,,,exact_cvp,12,,,,,,,,OFFICIAL_CODE_REPRODUCTION
,,,,,1,,,,,,,,2,,0.0,,,,,,,,,official_cpd,False,,1.0794620564828987,,1.0794620564828987,,,,,exact_cvp,13,,,,,,,,OFFICIAL_CODE_REPRODUCTION
,,,,,2,,,,,,,,2,,0.0,,,,,,,,,official_cpd,False,,1.649975874430569,,1.649975874430569,,,,,exact_cvp,14,,,,,,,,OFFICIAL_CODE_REPRODUCTION
,,,,,2,,,,,,,,2,,0.0,,,,,,,,,official_cpd,False,,1.2700630488220361,,1.2700630488220361,,,,,exact_cvp,15,,,,,,,,OFFICIAL_CODE_REPRODUCTION
,,,,,2,,,,,,,,2,,4.440892098500626e-16,,,,,,,,,official_cpd,False,,1.1899614962512377,,1.1899614962512373,,,,,exact_cvp,16,,,,,,,,OFFICIAL_CODE_REPRODUCTION
,,,,,2,,,,,,,,2,,2.220446049250313e-16,,,,,,,,,official_cpd,False,,1.428259530612734,,1.4282595306127341,,,,,exact_cvp,17,,,,,,,,OFFICIAL_CODE_REPRODUCTION
,,,,,2,,,,,,,,2,,1.1102230246251565e-16,,,,,,,,,official_cpd,False,,0.7085791743166507,,0.7085791743166509,,,,,exact_cvp,18,,,,,,,,OFFICIAL_CODE_REPRODUCTION
,,,,,1,,,,,,,,2,,0.0,,,,,,,,,official_cpd,False,,0.36254905410699667,,0.36254905410699667,,,,,exact_cvp,19,,,,,,,,OFFICIAL_CODE_REPRODUCTION
,,,,,2,,,,,,,,2,,0.0,,,,,,,,,official_cpd,False,,0.6677018014194489,,0.6677018014194489,,,,,exact_cvp,20,,,,,,,,OFFICIAL_CODE_REPRODUCTION
,,,,,2,,,,,,,,2,,0.0,,,,,,,,,official_cpd,False,,1.6068242452380368,,1.6068242452380368,,,,,exact_cvp,21,,,,,,,,OFFICIAL_CODE_REPRODUCTION
,,,,,1,,,,,,,,2,,0.0,,,,,,,,,official_cpd,False,,0.13893706007781448,,0.13893706007781448,,,,,exact_cvp,22,,,,,,,,OFFICIAL_CODE_REPRODUCTION
,,,,,3,,,,,,,,2,,0.0,,,,,,,,,official_cpd,False,,1.6998906335734476,,1.6998906335734476,,,,,exact_cvp,23,,,,,,,,OFFICIAL_CODE_REPRODUCTION
,,,,,2,,,,,,,,2,,0.0,,,,,,,,,official_cpd,False,,2.074072528771968,,2.074072528771968,,,,,exact_cvp,24,,,,,,,,OFFICIAL_CODE_REPRODUCTION
,,,,,2,,,,,,,,2,,0.0,,,,,,,,,official_cpd,False,,1.50318534474475,,1.50318534474475,,,,,exact_cvp,25,,,,,,,,OFFICIAL_CODE_REPRODUCTION
,,,,,2,,,,,,,,2,,0.0,,,,,,,,,official_cpd,False,,1.7866884906965979,,1.7866884906965979,,,,,exact_cvp,26,,,,,,,,OFFICIAL_CODE_REPRODUCTION
,,,,,2,,,,,,,,2,,2.220446049250313e-16,,,,,,,,,official_cpd,False,,1.3249158311120075,,1.3249158311120077,,,,,exact_cvp,27,,,,,,,,OFFICIAL_CODE_REPRODUCTION
,,,,,1,,,,,,,,2,,0.0,,,,,,,,,official_cpd,False,,0.6717130843452769,,0.6717130843452769,,,,,exact_cvp,28,,,,,,,,OFFICIAL_CODE_REPRODUCTION
,,,,,2,,,,,,,,2,,1.1102230246251565e-16,,,,,,,,,official_cpd,False,,0.7030245909187594,,0.7030245909187595,,,,,exact_cvp,29,,,,,,,,OFFICIAL_CODE_REPRODUCTION
,,,,,2,,,,,,,,2,,0.0,,,,,,,,,official_cpd,False,,1.9816675551862577,,1.9816675551862577,,,,,exact_cvp,30,,,,,,,,OFFICIAL_CODE_REPRODUCTION
,,,,,1,,,,,,,,2,,0.0,,,,,,,,,official_cpd,False,,1.32082127212549,,1.32082127212549,,,,,exact_cvp,31,,,,,,,,OFFICIAL_CODE_REPRODUCTION
,,,,,2,,,,,,,,2,,0.0,,,,,,,,,official_cpd,False,,1.0918429711312017,,1.0918429711312017,,,,,exact_cvp,32,,,,,,,,OFFICIAL_CODE_REPRODUCTION
,,,,,1,,,,,,,,2,,0.0,,,,,,,,,official_cpd,False,,1.0644770642055892,,1.0644770642055892,,,,,exact_cvp,33,,,,,,,,OFFICIAL_CODE_REPRODUCTION
,,,,,1,,,,,,,,2,,0.0,,,,,,,,,official_cpd,False,,1.6179646544215645,,1.6179646544215645,,,,,exact_cvp,34,,,,,,,,OFFICIAL_CODE_REPRODUCTION
,,,,,2,,,,,,,,2,,0.0,,,,,,,,,official_cpd,False,,1.578285489133457,,1.578285489133457,,,,,exact_cvp,35,,,,,,,,OFFICIAL_CODE_REPRODUCTION
,,,,,2,,,,,,,,2,,8.881784197001252e-16,,,,,,,,,official_cpd,False,,0.6085156172533092,,0.6085156172533083,,,,,exact_cvp,36,,,,,,,,OFFICIAL_CODE_REPRODUCTION
,,,,,2,,,,,,,,2,,1.1102230246251565e-16,,,,,,,,,official_cpd,False,,0.6770688092977635,,0.6770688092977636,,,,,exact_cvp,37,,,,,,,,OFFICIAL_CODE_REPRODUCTION
,,,,,2,,,,,,,,2,,0.0,,,,,,,,,official_cpd,False,,2.0804820045758223,,2.0804820045758223,,,,,exact_cvp,38,,,,,,,,OFFICIAL_CODE_REPRODUCTION
,,,,,1,,,,,,,,2,,0.0,,,,,,,,,official_cpd,False,,1.3644098461342777,,1.3644098461342777,,,,,exact_cvp,39,,,,,,,,OFFICIAL_CODE_REPRODUCTION
,,,,,2,,,,,,,,2,,2.220446049250313e-16,,,,,,,,,official_cpd,False,,1.188510815433437,,1.1885108154334372,,,,,exact_cvp,40,,,,,,,,OFFICIAL_CODE_REPRODUCTION
,,,,,2,,,,,,,,2,,0.0,,,,,,,,,official_cpd,False,,0.947022210394687,,0.947022210394687,,,,,exact_cvp,41,,,,,,,,OFFICIAL_CODE_REPRODUCTION
,,,,,3,,,,,,,,2,,0.0,,,,,,,,,official_cpd,False,,1.2011869902410306,,1.2011869902410306,,,,,exact_cvp,42,,,,,,,,OFFICIAL_CODE_REPRODUCTION
,,,,,3,,,,,,,,2,,0.0,,,,,,,,,official_cpd,False,,1.7573782426893976,,1.7573782426893976,,,,,exact_cvp,43,,,,,,,,OFFICIAL_CODE_REPRODUCTION
,,,,,1,,,,,,,,2,,0.0,,,,,,,,,official_cpd,False,,0.8119614898504729,,0.8119614898504729,,,,,exact_cvp,44,,,,,,,,OFFICIAL_CODE_REPRODUCTION
,,,,,1,,,,,,,,2,,0.0,,,,,,,,,official_cpd,False,,1.0994103999560125,,1.0994103999560125,,,,,exact_cvp,45,,,,,,,,OFFICIAL_CODE_REPRODUCTION
,,,,,1,,,,,,,,2,,0.0,,,,,,,,,official_cpd,False,,0.4227310600171894,,0.4227310600171894,,,,,exact_cvp,46,,,,,,,,OFFICIAL_CODE_REPRODUCTION
,,,,,2,,,,,,,,2,,0.0,,,,,,,,,official_cpd,False,,1.4901167462365739,,1.4901167462365739,,,,,exact_cvp,47,,,,,,,,OFFICIAL_CODE_REPRODUCTION
,,,,,1,,,,,,,,2,,0.0,,,,,,,,,official_cpd,False,,1.234072756732304,,1.234072756732304,,,,,exact_cvp,48,,,,,,,,OFFICIAL_CODE_REPRODUCTION
,,,,,3,,,,,,,,2,,0.0,,,,,,,,,official_cpd,False,,1.7249573892335381,,1.7249573892335381,,,,,exact_cvp,49,,,,,,,,OFFICIAL_CODE_REPRODUCTION
,,,,,2,,,,,,,,2,,0.0,,,,,,,,,official_cpd,False,,1.2977276489724292,,1.2977276489724292,,,,,exact_cvp,50,,,,,,,,OFFICIAL_CODE_REPRODUCTION
,,,,,2,,,,,,,,2,,2.220446049250313e-16,,,,,,,,,official_cpd,False,,1.092242867745921,,1.0922428677459213,,,,,exact_cvp,51,,,,,,,,OFFICIAL_CODE_REPRODUCTION
,,,,,1,,,,,,,,2,,0.0,,,,,,,,,official_cpd,False,,0.686196710001253,,0.686196710001253,,,,,exact_cvp,52,,,,,,,,OFFICIAL_CODE_REPRODUCTION
,,,,,2,,,,,,,,2,,2.220446049250313e-16,,,,,,,,,official_cpd,False,,0.8496864180188767,,0.8496864180188769,,,,,exact_cvp,53,,,,,,,,OFFICIAL_CODE_REPRODUCTION
,,,,,1,,,,,,,,2,,0.0,,,,,,,,,official_cpd,False,,0.2761368144450739,,0.2761368144450739,,,,,exact_cvp,54,,,,,,,,OFFICIAL_CODE_REPRODUCTION
,,,,,1,,,,,,,,2,,0.0,,,,,,,,,official_cpd,False,,1.160038700603745,,1.160038700603745,,,,,exact_cvp,55,,,,,,,,OFFICIAL_CODE_REPRODUCTION
,,,,,2,,,,,,,,2,,0.0,,,,,,,,,official_cpd,False,,2.358558647075461,,2.358558647075461,,,,,exact_cvp,56,,,,,,,,OFFICIAL_CODE_REPRODUCTION
,,,,,2,,,,,,,,2,,0.0,,,,,,,,,official_cpd,False,,1.9515373689058968,,1.9515373689058968,,,,,exact_cvp,57,,,,,,,,OFFICIAL_CODE_REPRODUCTION
,,,,,2,,,,,,,,2,,0.0,,,,,,,,,official_cpd,False,,2.0373645660982986,,2.0373645660982986,,,,,exact_cvp,58,,,,,,,,OFFICIAL_CODE_REPRODUCTION
,,,,,1,,,,,,,,2,,0.0,,,,,,,,,official_cpd,False,,0.49021081338831946,,0.49021081338831946,,,,,exact_cvp,59,,,,,,,,OFFICIAL_CODE_REPRODUCTION
,,,,,2,,,,,,,,2,,6.661338147750939e-16,,,,,,,,,official_cpd,False,,1.4225823383454306,,1.42258233834543,,,,,exact_cvp,60,,,,,,,,OFFICIAL_CODE_REPRODUCTION
,,,,,1,,,,,,,,2,,0.0,,,,,,,,,official_cpd,False,,1.7913499259916255,,1.7913499259916255,,,,,exact_cvp,61,,,,,,,,OFFICIAL_CODE_REPRODUCTION
,,,,,2,,,,,,,,2,,0.0,,,,,,,,,official_cpd,False,,1.480560742572165,,1.480560742572165,,,,,exact_cvp,62,,,,,,,,OFFICIAL_CODE_REPRODUCTION
,,,,,2,,,,,,,,2,,0.0,,,,,,,,,official_cpd,False,,1.3398692200308115,,1.3398692200308115,,,,,exact_cvp,63,,,,,,,,OFFICIAL_CODE_REPRODUCTION
,,,,,2,,,,,,,,2,,1.6653345369377348e-16,,,,,,,,,official_cpd,False,,0.3585718475265211,,0.35857184752652094,,,,,exact_cvp,64,,,,,,,,OFFICIAL_CODE_REPRODUCTION
,,,,,2,,,,,,,,2,,0.0,,,,,,,,,official_cpd,False,,1.081373791365034,,1.081373791365034,,,,,exact_cvp,65,,,,,,,,OFFICIAL_CODE_REPRODUCTION
,,,,,3,,,,,,,,2,,2.220446049250313e-16,,,,,,,,,official_cpd,False,,1.6052906288080098,,1.6052906288080095,,,,,exact_cvp,66,,,,,,,,OFFICIAL_CODE_REPRODUCTION
,,,,,1,,,,,,,,2,,0.0,,,,,,,,,official_cpd,False,,0.092123578434077,,0.092123578434077,,,,,exact_cvp,67,,,,,,,,OFFICIAL_CODE_REPRODUCTION
,,,,,1,,,,,,,,2,,0.0,,,,,,,,,official_cpd,False,,0.5707358400825837,,0.5707358400825837,,,,,exact_cvp,68,,,,,,,,OFFICIAL_CODE_REPRODUCTION
,,,,,1,,,,,,,,2,,0.0,,,,,,,,,official_cpd,False,,0.4030554219195666,,0.4030554219195666,,,,,exact_cvp,69,,,,,,,,OFFICIAL_CODE_REPRODUCTION
,,,,,1,,,,,,,,2,,0.0,,,,,,,,,official_cpd,False,,0.852073640793138,,0.852073640793138,,,,,exact_cvp,70,,,,,,,,OFFICIAL_CODE_REPRODUCTION
,,,,,1,,,,,,,,2,,0.0,,,,,,,,,official_cpd,False,,0.30545796997205127,,0.30545796997205127,,,,,exact_cvp,71,,,,,,,,OFFICIAL_CODE_REPRODUCTION
,,,,,2,,,,,,,,2,,8.881784197001252e-16,,,,,,,,,official_cpd,False,,0.9403613511408679,,0.940361351140867,,,,,exact_cvp,72,,,,,,,,OFFICIAL_CODE_REPRODUCTION
,,,,,2,,,,,,,,2,,0.0,,,,,,,,,official_cpd,False,,1.0409940014811534,,1.0409940014811534,,,,,exact_cvp,73,,,,,,,,OFFICIAL_CODE_REPRODUCTION
,,,,,1,,,,,,,,2,,0.0,,,,,,,,,official_cpd,False,,0.8582155787944118,,0.8582155787944118,,,,,exact_cvp,74,,,,,,,,OFFICIAL_CODE_REPRODUCTION
,,,,,1,,,,,,,,2,,0.0,,,,,,,,,official_cpd,False,,0.8656029621494852,,0.8656029621494852,,,,,exact_cvp,75,,,,,,,,OFFICIAL_CODE_REPRODUCTION
,,,,,2,,,,,,,,2,,0.0,,,,,,,,,official_cpd,False,,1.2033664780357438,,1.2033664780357438,,,,,exact_cvp,76,,,,,,,,OFFICIAL_CODE_REPRODUCTION
,,,,,2,,,,,,,,2,,4.440892098500626e-16,,,,,,,,,official_cpd,False,,1.3593251499983954,,1.3593251499983958,,,,,exact_cvp,77,,,,,,,,OFFICIAL_CODE_REPRODUCTION
,,,,,3,,,,,,,,2,,6.661338147750939e-16,,,,,,,,,official_cpd,False,,0.993007610624524,,0.9930076106245234,,,,,exact_cvp,78,,,,,,,,OFFICIAL_CODE_REPRODUCTION
,,,,,1,,,,,,,,2,,0.0,,,,,,,,,official_cpd,False,,0.1975882614505993,,0.1975882614505993,,,,,exact_cvp,79,,,,,,,,OFFICIAL_CODE_REPRODUCTION
,,,,,1,,,,,,,,2,,0.0,,,,,,,,,official_cpd,False,,0.25131133327866634,,0.25131133327866634,,,,,exact_cvp,80,,,,,,,,OFFICIAL_CODE_REPRODUCTION
,,,,,1,,,,,,,,2,,0.0,,,,,,,,,official_cpd,False,,0.5045980710485535,,0.5045980710485535,,,,,exact_cvp,81,,,,,,,,OFFICIAL_CODE_REPRODUCTION
,,,,,1,,,,,,,,2,,0.0,,,,,,,,,official_cpd,False,,1.3123158366884407,,1.3123158366884407,,,,,exact_cvp,82,,,,,,,,OFFICIAL_CODE_REPRODUCTION
,,,,,2,,,,,,,,2,,0.0,,,,,,,,,official_cpd,False,,1.4253722191537799,,1.4253722191537799,,,,,exact_cvp,83,,,,,,,,OFFICIAL_CODE_REPRODUCTION
,,,,,2,,,,,,,,2,,0.0,,,,,,,,,official_cpd,False,,0.8756338826676985,,0.8756338826676985,,,,,exact_cvp,84,,,,,,,,OFFICIAL_CODE_REPRODUCTION
,,,,,1,,,,,,,,2,,0.0,,,,,,,,,official_cpd,False,,1.047881158529402,,1.047881158529402,,,,,exact_cvp,85,,,,,,,,OFFICIAL_CODE_REPRODUCTION
,,,,,2,,,,,,,,2,,0.0,,,,,,,,,official_cpd,False,,1.571102276844881,,1.571102276844881,,,,,exact_cvp,86,,,,,,,,OFFICIAL_CODE_REPRODUCTION
,,,,,1,,,,,,,,2,,0.0,,,,,,,,,official_cpd,False,,0.9343599485637387,,0.9343599485637387,,,,,exact_cvp,87,,,,,,,,OFFICIAL_CODE_REPRODUCTION
,,,,,2,,,,,,,,2,,1.1102230246251565e-16,,,,,,,,,official_cpd,False,,0.4744599896476318,,0.4744599896476319,,,,,exact_cvp,88,,,,,,,,OFFICIAL_CODE_REPRODUCTION
,,,,,2,,,,,,,,2,,0.0,,,,,,,,,official_cpd,False,,1.5546720899592377,,1.5546720899592377,,,,,exact_cvp,89,,,,,,,,OFFICIAL_CODE_REPRODUCTION
,,,,,1,,,,,,,,2,,0.0,,,,,,,,,official_cpd,False,,0.8198485188680807,,0.8198485188680807,,,,,exact_cvp,90,,,,,,,,OFFICIAL_CODE_REPRODUCTION
,,,,,2,,,,,,,,2,,0.0,,,,,,,,,official_cpd,False,,1.5831958289121588,,1.5831958289121588,,,,,exact_cvp,91,,,,,,,,OFFICIAL_CODE_REPRODUCTION
,,,,,3,,,,,,,,2,,4.440892098500626e-16,,,,,,,,,official_cpd,False,,1.6813101078931776,,1.681310107893178,,,,,exact_cvp,92,,,,,,,,OFFICIAL_CODE_REPRODUCTION
,,,,,1,,,,,,,,2,,0.0,,,,,,,,,official_cpd,False,,0.14171341603416787,,0.14171341603416787,,,,,exact_cvp,93,,,,,,,,OFFICIAL_CODE_REPRODUCTION
,,,,,3,,,,,,,,2,,0.0,,,,,,,,,official_cpd,False,,1.51565275499607,,1.51565275499607,,,,,exact_cvp,94,,,,,,,,OFFICIAL_CODE_REPRODUCTION
,,,,,2,,,,,,,,2,,1.1102230246251565e-16,,,,,,,,,official_cpd,False,,0.8988788741770837,,0.8988788741770838,,,,,exact_cvp,95,,,,,,,,OFFICIAL_CODE_REPRODUCTION
,,,,,2,,,,,,,,2,,0.0,,,,,,,,,official_cpd,False,,1.3116557229774513,,1.3116557229774513,,,,,exact_cvp,96,,,,,,,,OFFICIAL_CODE_REPRODUCTION
,,,,,2,,,,,,,,3,,0.0,,,,,,,,,official_cpd,False,,1.8807849430299033,,1.8807849430299033,,,,,exact_cvp,1,,,,,,,,OFFICIAL_CODE_REPRODUCTION
,,,,,2,,,,,,,,3,,2.220446049250313e-16,,,,,,,,,official_cpd,False,,1.540165275248158,,1.5401652752481583,,,,,exact_cvp,2,,,,,,,,OFFICIAL_CODE_REPRODUCTION
,,,,,1,,,,,,,,3,,0.0,,,,,,,,,official_cpd,False,,0.6560784538134774,,0.6560784538134774,,,,,exact_cvp,3,,,,,,,,OFFICIAL_CODE_REPRODUCTION
,,,,,2,,,,,,,,3,,0.0,,,,,,,,,official_cpd,False,,1.6964146600383547,,1.6964146600383547,,,,,exact_cvp,4,,,,,,,,OFFICIAL_CODE_REPRODUCTION
,,,,,2,,,,,,,,3,,0.0,,,,,,,,,official_cpd,False,,2.0185424875786255,,2.0185424875786255,,,,,exact_cvp,5,,,,,,,,OFFICIAL_CODE_REPRODUCTION
,,,,,2,,,,,,,,3,,0.0,,,,,,,,,official_cpd,False,,2.0119726989554407,,2.0119726989554407,,,,,exact_cvp,6,,,,,,,,OFFICIAL_CODE_REPRODUCTION
,,,,,2,,,,,,,,3,,0.0,,,,,,,,,official_cpd,False,,1.7449808307790076,,1.7449808307790076,,,,,exact_cvp,7,,,,,,,,OFFICIAL_CODE_REPRODUCTION
,,,,,2,,,,,,,,3,,0.0,,,,,,,,,official_cpd,False,,1.5916593464758655,,1.5916593464758655,,,,,exact_cvp,8,,,,,,,,OFFICIAL_CODE_REPRODUCTION
,,,,,2,,,,,,,,3,,0.0,,,,,,,,,official_cpd,False,,0.9460916691289722,,0.9460916691289722,,,,,exact_cvp,9,,,,,,,,OFFICIAL_CODE_REPRODUCTION
,,,,,2,,,,,,,,3,,0.0,,,,,,,,,official_cpd,False,,1.9830089634771024,,1.9830089634771024,,,,,exact_cvp,10,,,,,,,,OFFICIAL_CODE_REPRODUCTION
,,,,,1,,,,,,,,3,,0.0,,,,,,,,,official_cpd,False,,1.5456191253263014,,1.5456191253263014,,,,,exact_cvp,11,,,,,,,,OFFICIAL_CODE_REPRODUCTION
,,,,,2,,,,,,,,3,,0.0,,,,,,,,,official_cpd,False,,1.4659999443965568,,1.4659999443965568,,,,,exact_cvp,12,,,,,,,,OFFICIAL_CODE_REPRODUCTION
,,,,,2,,,,,,,,3,,0.0,,,,,,,,,official_cpd,False,,1.846768129620526,,1.846768129620526,,,,,exact_cvp,13,,,,,,,,OFFICIAL_CODE_REPRODUCTION
,,,,,2,,,,,,,,3,,0.0,,,,,,,,,official_cpd,False,,2.1465536025177485,,2.1465536025177485,,,,,exact_cvp,14,,,,,,,,OFFICIAL_CODE_REPRODUCTION
,,,,,2,,,,,,,,3,,0.0,,,,,,,,,official_cpd,False,,1.8191437986776329,,1.8191437986776329,,,,,exact_cvp,15,,,,,,,,OFFICIAL_CODE_REPRODUCTION
,,,,,2,,,,,,,,3,,4.440892098500626e-16,,,,,,,,,official_cpd,False,,1.8100544572196509,,1.8100544572196513,,,,,exact_cvp,16,,,,,,,,OFFICIAL_CODE_REPRODUCTION
,,,,,2,,,,,,,,3,,0.0,,,,,,,,,official_cpd,False,,1.4274941166498736,,1.4274941166498736,,,,,exact_cvp,17,,,,,,,,OFFICIAL_CODE_REPRODUCTION
,,,,,2,,,,,,,,3,,8.881784197001252e-16,,,,,,,,,official_cpd,False,,2.2550841522197755,,2.2550841522197764,,,,,exact_cvp,18,,,,,,,,OFFICIAL_CODE_REPRODUCTION
,,,,,1,,,,,,,,3,,0.0,,,,,,,,,official_cpd,False,,0.7725449153875938,,0.7725449153875938,,,,,exact_cvp,19,,,,,,,,OFFICIAL_CODE_REPRODUCTION
,,,,,2,,,,,,,,3,,0.0,,,,,,,,,official_cpd,False,,1.7662632927644013,,1.7662632927644013,,,,,exact_cvp,20,,,,,,,,OFFICIAL_CODE_REPRODUCTION
,,,,,1,,,,,,,,3,,0.0,,,,,,,,,official_cpd,False,,1.1546495137048822,,1.1546495137048822,,,,,exact_cvp,21,,,,,,,,OFFICIAL_CODE_REPRODUCTION
,,,,,2,,,,,,,,3,,0.0,,,,,,,,,official_cpd,False,,2.3725425404105316,,2.3725425404105316,,,,,exact_cvp,22,,,,,,,,OFFICIAL_CODE_REPRODUCTION
,,,,,2,,,,,,,,3,,0.0,,,,,,,,,official_cpd,False,,1.758484304369977,,1.758484304369977,,,,,exact_cvp,23,,,,,,,,OFFICIAL_CODE_REPRODUCTION
,,,,,3,,,,,,,,3,,4.440892098500626e-16,,,,,,,,,official_cpd,False,,2.4665628539856175,,2.466562853985617,,,,,exact_cvp,24,,,,,,,,OFFICIAL_CODE_REPRODUCTION
,,,,,2,,,,,,,,3,,0.0,,,,,,,,,official_cpd,False,,1.4417995528119303,,1.4417995528119303,,,,,exact_cvp,25,,,,,,,,OFFICIAL_CODE_REPRODUCTION
,,,,,2,,,,,,,,3,,0.0,,,,,,,,,official_cpd,False,,1.871410569866543,,1.871410569866543,,,,,exact_cvp,26,,,,,,,,OFFICIAL_CODE_REPRODUCTION
,,,,,1,,,,,,,,3,,0.0,,,,,,,,,official_cpd,False,,1.5315769376411061,,1.5315769376411061,,,,,exact_cvp,27,,,,,,,,OFFICIAL_CODE_REPRODUCTION
,,,,,1,,,,,,,,3,,0.0,,,,,,,,,official_cpd,False,,0.6501215249518076,,0.6501215249518076,,,,,exact_cvp,28,,,,,,,,OFFICIAL_CODE_REPRODUCTION
,,,,,2,,,,,,,,3,,1.3322676295501878e-15,,,,,,,,,official_cpd,False,,2.8597552739658827,,2.8597552739658814,,,,,exact_cvp,29,,,,,,,,OFFICIAL_CODE_REPRODUCTION
,,,,,2,,,,,,,,3,,0.0,,,,,,,,,official_cpd,False,,2.3724306622255065,,2.3724306622255065,,,,,exact_cvp,30,,,,,,,,OFFICIAL_CODE_REPRODUCTION
,,,,,2,,,,,,,,3,,8.881784197001252e-16,,,,,,,,,official_cpd,False,,2.168219979033383,,2.168219979033382,,,,,exact_cvp,31,,,,,,,,OFFICIAL_CODE_REPRODUCTION
,,,,,2,,,,,,,,3,,0.0,,,,,,,,,official_cpd,False,,2.211479423859604,,2.211479423859604,,,,,exact_cvp,32,,,,,,,,OFFICIAL_CODE_REPRODUCTION
,,,,,2,,,,,,,,3,,0.0,,,,,,,,,official_cpd,False,,2.2515209750148544,,2.2515209750148544,,,,,exact_cvp,33,,,,,,,,OFFICIAL_CODE_REPRODUCTION
,,,,,2,,,,,,,,3,,6.661338147750939e-16,,,,,,,,,official_cpd,False,,0.8382648153950559,,0.8382648153950553,,,,,exact_cvp,34,,,,,,,,OFFICIAL_CODE_REPRODUCTION
,,,,,2,,,,,,,,3,,2.220446049250313e-16,,,,,,,,,official_cpd,False,,1.1094056745373264,,1.1094056745373266,,,,,exact_cvp,35,,,,,,,,OFFICIAL_CODE_REPRODUCTION
,,,,,2,,,,,,,,3,,0.0,,,,,,,,,official_cpd,False,,2.3086076378929015,,2.3086076378929015,,,,,exact_cvp,36,,,,,,,,OFFICIAL_CODE_REPRODUCTION
,,,,,3,,,,,,,,3,,4.440892098500626e-16,,,,,,,,,official_cpd,False,,1.7720264391279636,,1.772026439127964,,,,,exact_cvp,37,,,,,,,,OFFICIAL_CODE_REPRODUCTION
,,,,,1,,,,,,,,3,,0.0,,,,,,,,,official_cpd,False,,0.42203863857972207,,0.42203863857972207,,,,,exact_cvp,38,,,,,,,,OFFICIAL_CODE_REPRODUCTION
,,,,,2,,,,,,,,3,,0.0,,,,,,,,,official_cpd,False,,1.4967406546643407,,1.4967406546643407,,,,,exact_cvp,39,,,,,,,,OFFICIAL_CODE_REPRODUCTION
,,,,,2,,,,,,,,3,,0.0,,,,,,,,,official_cpd,False,,1.6544065127927847,,1.6544065127927847,,,,,exact_cvp,40,,,,,,,,OFFICIAL_CODE_REPRODUCTION
,,,,,1,,,,,,,,3,,0.0,,,,,,,,,official_cpd,False,,1.4540917717234942,,1.4540917717234942,,,,,exact_cvp,41,,,,,,,,OFFICIAL_CODE_REPRODUCTION
,,,,,2,,,,,,,,3,,0.0,,,,,,,,,official_cpd,False,,0.8855024365088534,,0.8855024365088534,,,,,exact_cvp,42,,,,,,,,OFFICIAL_CODE_REPRODUCTION
,,,,,2,,,,,,,,3,,0.0,,,,,,,,,official_cpd,False,,2.1145834799767655,,2.1145834799767655,,,,,exact_cvp,43,,,,,,,,OFFICIAL_CODE_REPRODUCTION
,,,,,1,,,,,,,,3,,0.0,,,,,,,,,official_cpd,False,,1.4005105251838699,,1.4005105251838699,,,,,exact_cvp,44,,,,,,,,OFFICIAL_CODE_REPRODUCTION
,,,,,1,,,,,,,,3,,0.0,,,,,,,,,official_cpd,False,,0.805744015148791,,0.805744015148791,,,,,exact_cvp,45,,,,,,,,OFFICIAL_CODE_REPRODUCTION
,,,,,2,,,,,,,,3,,0.0,,,,,,,,,official_cpd,False,,3.0251646262244756,,3.0251646262244756,,,,,exact_cvp,46,,,,,,,,OFFICIAL_CODE_REPRODUCTION
,,,,,1,,,,,,,,3,,0.0,,,,,,,,,official_cpd,False,,0.7344199947930508,,0.7344199947930508,,,,,exact_cvp,47,,,,,,,,OFFICIAL_CODE_REPRODUCTION
,,,,,2,,,,,,,,3,,0.0,,,,,,,,,official_cpd,False,,1.5443065009164951,,1.5443065009164951,,,,,exact_cvp,48,,,,,,,,OFFICIAL_CODE_REPRODUCTION
,,,,,2,,,,,,,,3,,0.0,,,,,,,,,official_cpd,False,,2.527736424348377,,2.527736424348377,,,,,exact_cvp,49,,,,,,,,OFFICIAL_CODE_REPRODUCTION
,,,,,3,,,,,,,,3,,4.440892098500626e-16,,,,,,,,,official_cpd,False,,2.1596945423448046,,2.159694542344805,,,,,exact_cvp,50,,,,,,,,OFFICIAL_CODE_REPRODUCTION
,,,,,2,,,,,,,,3,,0.0,,,,,,,,,official_cpd,False,,1.5190901675812007,,1.5190901675812007,,,,,exact_cvp,51,,,,,,,,OFFICIAL_CODE_REPRODUCTION
,,,,,2,,,,,,,,3,,2.220446049250313e-16,,,,,,,,,official_cpd,False,,1.6087845583670997,,1.6087845583670999,,,,,exact_cvp,52,,,,,,,,OFFICIAL_CODE_REPRODUCTION
,,,,,2,,,,,,,,3,,4.440892098500626e-16,,,,,,,,,official_cpd,False,,1.759223135695778,,1.7592231356957784,,,,,exact_cvp,53,,,,,,,,OFFICIAL_CODE_REPRODUCTION
,,,,,1,,,,,,,,3,,0.0,,,,,,,,,official_cpd,False,,1.0479159446329365,,1.0479159446329365,,,,,exact_cvp,54,,,,,,,,OFFICIAL_CODE_REPRODUCTION
,,,,,3,,,,,,,,3,,2.220446049250313e-16,,,,,,,,,official_cpd,False,,1.5542807930865217,,1.5542807930865215,,,,,exact_cvp,55,,,,,,,,OFFICIAL_CODE_REPRODUCTION
,,,,,1,,,,,,,,3,,0.0,,,,,,,,,official_cpd,False,,0.8888718215101112,,0.8888718215101112,,,,,exact_cvp,56,,,,,,,,OFFICIAL_CODE_REPRODUCTION
,,,,,2,,,,,,,,3,,0.0,,,,,,,,,official_cpd,False,,1.2793423500608514,,1.2793423500608514,,,,,exact_cvp,57,,,,,,,,OFFICIAL_CODE_REPRODUCTION
,,,,,3,,,,,,,,3,,2.220446049250313e-16,,,,,,,,,official_cpd,False,,1.7766511059988732,,1.776651105998873,,,,,exact_cvp,58,,,,,,,,OFFICIAL_CODE_REPRODUCTION
,,,,,2,,,,,,,,3,,0.0,,,,,,,,,official_cpd,False,,1.8697652883053542,,1.8697652883053542,,,,,exact_cvp,59,,,,,,,,OFFICIAL_CODE_REPRODUCTION
,,,,,1,,,,,,,,3,,0.0,,,,,,,,,official_cpd,False,,1.0925067139468323,,1.0925067139468323,,,,,exact_cvp,60,,,,,,,,OFFICIAL_CODE_REPRODUCTION
,,,,,2,,,,,,,,3,,0.0,,,,,,,,,official_cpd,False,,1.8406227740638896,,1.8406227740638896,,,,,exact_cvp,61,,,,,,,,OFFICIAL_CODE_REPRODUCTION
,,,,,2,,,,,,,,3,,0.0,,,,,,,,,official_cpd,False,,1.8002060754768465,,1.8002060754768465,,,,,exact_cvp,62,,,,,,,,OFFICIAL_CODE_REPRODUCTION
,,,,,2,,,,,,,,3,,0.0,,,,,,,,,official_cpd,False,,1.955009082788245,,1.955009082788245,,,,,exact_cvp,63,,,,,,,,OFFICIAL_CODE_REPRODUCTION
,,,,,3,,,,,,,,3,,0.0,,,,,,,,,official_cpd,False,,2.7465428364244153,,2.7465428364244153,,,,,exact_cvp,64,,,,,,,,OFFICIAL_CODE_REPRODUCTION
,,,,,2,,,,,,,,3,,0.0,,,,,,,,,official_cpd,False,,2.1733616320534717,,2.1733616320534717,,,,,exact_cvp,65,,,,,,,,OFFICIAL_CODE_REPRODUCTION
,,,,,2,,,,,,,,3,,4.440892098500626e-16,,,,,,,,,official_cpd,False,,1.832815561197339,,1.8328155611973393,,,,,exact_cvp,66,,,,,,,,OFFICIAL_CODE_REPRODUCTION
,,,,,2,,,,,,,,3,,0.0,,,,,,,,,official_cpd,False,,1.1368093504526977,,1.1368093504526977,,,,,exact_cvp,67,,,,,,,,OFFICIAL_CODE_REPRODUCTION
,,,,,1,,,,,,,,3,,0.0,,,,,,,,,official_cpd,False,,1.865629705565563,,1.865629705565563,,,,,exact_cvp,68,,,,,,,,OFFICIAL_CODE_REPRODUCTION
,,,,,2,,,,,,,,3,,0.0,,,,,,,,,official_cpd,False,,1.5205251134558297,,1.5205251134558297,,,,,exact_cvp,69,,,,,,,,OFFICIAL_CODE_REPRODUCTION
,,,,,2,,,,,,,,3,,0.0,,,,,,,,,official_cpd,False,,2.062225476989559,,2.062225476989559,,,,,exact_cvp,70,,,,,,,,OFFICIAL_CODE_REPRODUCTION
,,,,,1,,,,,,,,3,,0.0,,,,,,,,,official_cpd,False,,0.9813673877065344,,0.9813673877065344,,,,,exact_cvp,71,,,,,,,,OFFICIAL_CODE_REPRODUCTION
,,,,,2,,,,,,,,3,,0.0,,,,,,,,,official_cpd,False,,2.3800245312612205,,2.3800245312612205,,,,,exact_cvp,72,,,,,,,,OFFICIAL_CODE_REPRODUCTION
,,,,,2,,,,,,,,4,,0.0,,,,,,,,,official_cpd,False,,2.1499832432244994,,2.1499832432244994,,,,,exact_cvp,1,,,,,,,,OFFICIAL_CODE_REPRODUCTION
,,,,,2,,,,,,,,4,,0.0,,,,,,,,,official_cpd,False,,1.8031881274295307,,1.8031881274295307,,,,,exact_cvp,2,,,,,,,,OFFICIAL_CODE_REPRODUCTION
,,,,,2,,,,,,,,4,,0.0,,,,,,,,,official_cpd,False,,2.6426164340213254,,2.6426164340213254,,,,,exact_cvp,3,,,,,,,,OFFICIAL_CODE_REPRODUCTION
,,,,,2,,,,,,,,4,,0.0,,,,,,,,,official_cpd,False,,1.957188153159236,,1.957188153159236,,,,,exact_cvp,4,,,,,,,,OFFICIAL_CODE_REPRODUCTION
,,,,,2,,,,,,,,4,,4.440892098500626e-16,,,,,,,,,official_cpd,False,,2.1735460546233,,2.1735460546233005,,,,,exact_cvp,5,,,,,,,,OFFICIAL_CODE_REPRODUCTION
,,,,,2,,,,,,,,4,,0.0,,,,,,,,,official_cpd,False,,3.3576992127023724,,3.3576992127023724,,,,,exact_cvp,6,,,,,,,,OFFICIAL_CODE_REPRODUCTION
,,,,,2,,,,,,,,4,,0.0,,,,,,,,,official_cpd,False,,3.0532737760143824,,3.0532737760143824,,,,,exact_cvp,7,,,,,,,,OFFICIAL_CODE_REPRODUCTION
,,,,,3,,,,,,,,4,,4.440892098500626e-16,,,,,,,,,official_cpd,False,,2.5017608725388527,,2.501760872538853,,,,,exact_cvp,8,,,,,,,,OFFICIAL_CODE_REPRODUCTION
,,,,,1,,,,,,,,4,,0.0,,,,,,,,,official_cpd,False,,1.8600346447707976,,1.8600346447707976,,,,,exact_cvp,9,,,,,,,,OFFICIAL_CODE_REPRODUCTION
,,,,,1,,,,,,,,4,,0.0,,,,,,,,,official_cpd,False,,1.4813375387867338,,1.4813375387867338,,,,,exact_cvp,10,,,,,,,,OFFICIAL_CODE_REPRODUCTION
,,,,,2,,,,,,,,4,,0.0,,,,,,,,,official_cpd,False,,2.608604233212013,,2.608604233212013,,,,,exact_cvp,11,,,,,,,,OFFICIAL_CODE_REPRODUCTION
,,,,,3,,,,,,,,4,,0.0,,,,,,,,,official_cpd,False,,3.423309358803112,,3.423309358803112,,,,,exact_cvp,12,,,,,,,,OFFICIAL_CODE_REPRODUCTION
,,,,,2,,,,,,,,4,,0.0,,,,,,,,,official_cpd,False,,2.1143537338124316,,2.1143537338124316,,,,,exact_cvp,13,,,,,,,,OFFICIAL_CODE_REPRODUCTION
,,,,,2,,,,,,,,4,,0.0,,,,,,,,,official_cpd,False,,2.179952997827047,,2.179952997827047,,,,,exact_cvp,14,,,,,,,,OFFICIAL_CODE_REPRODUCTION
,,,,,2,,,,,,,,4,,0.0,,,,,,,,,official_cpd,False,,2.686953646113222,,2.686953646113222,,,,,exact_cvp,15,,,,,,,,OFFICIAL_CODE_REPRODUCTION
,,,,,2,,,,,,,,4,,0.0,,,,,,,,,official_cpd,False,,2.6272728715969986,,2.6272728715969986,,,,,exact_cvp,16,,,,,,,,OFFICIAL_CODE_REPRODUCTION
,,,,,3,,,,,,,,4,,4.440892098500626e-16,,,,,,,,,official_cpd,False,,2.8148749879318644,,2.814874987931865,,,,,exact_cvp,17,,,,,,,,OFFICIAL_CODE_REPRODUCTION
,,,,,2,,,,,,,,4,,0.0,,,,,,,,,official_cpd,False,,2.066047496113454,,2.066047496113454,,,,,exact_cvp,18,,,,,,,,OFFICIAL_CODE_REPRODUCTION
,,,,,3,,,,,,,,4,,0.0,,,,,,,,,official_cpd,False,,3.441850275672453,,3.441850275672453,,,,,exact_cvp,19,,,,,,,,OFFICIAL_CODE_REPRODUCTION
,,,,,2,,,,,,,,4,,0.0,,,,,,,,,official_cpd,False,,2.318589787350102,,2.318589787350102,,,,,exact_cvp,20,,,,,,,,OFFICIAL_CODE_REPRODUCTION
,,,,,2,,,,,,,,4,,0.0,,,,,,,,,official_cpd,False,,2.529235344769201,,2.529235344769201,,,,,exact_cvp,21,,,,,,,,OFFICIAL_CODE_REPRODUCTION
,,,,,3,,,,,,,,4,,0.0,,,,,,,,,official_cpd,False,,2.8021352550710943,,2.8021352550710943,,,,,exact_cvp,22,,,,,,,,OFFICIAL_CODE_REPRODUCTION
,,,,,2,,,,,,,,4,,0.0,,,,,,,,,official_cpd,False,,2.414478684158087,,2.414478684158087,,,,,exact_cvp,23,,,,,,,,OFFICIAL_CODE_REPRODUCTION
,,,,,2,,,,,,,,4,,0.0,,,,,,,,,official_cpd,False,,2.574703762121459,,2.574703762121459,,,,,exact_cvp,24,,,,,,,,OFFICIAL_CODE_REPRODUCTION
,,,,,1,,,,,,,,4,,0.0,,,,,,,,,official_cpd,False,,0.5703323005500786,,0.5703323005500786,,,,,exact_cvp,25,,,,,,,,OFFICIAL_CODE_REPRODUCTION
,,,,,2,,,,,,,,4,,0.0,,,,,,,,,official_cpd,False,,1.8653623323365032,,1.8653623323365032,,,,,exact_cvp,26,,,,,,,,OFFICIAL_CODE_REPRODUCTION
,,,,,2,,,,,,,,4,,0.0,,,,,,,,,official_cpd,False,,2.247326980508254,,2.247326980508254,,,,,exact_cvp,27,,,,,,,,OFFICIAL_CODE_REPRODUCTION
,,,,,2,,,,,,,,4,,0.0,,,,,,,,,official_cpd,False,,1.8588217439719934,,1.8588217439719934,,,,,exact_cvp,28,,,,,,,,OFFICIAL_CODE_REPRODUCTION
,,,,,2,,,,,,,,4,,8.881784197001252e-16,,,,,,,,,official_cpd,False,,2.403879439690822,,2.4038794396908227,,,,,exact_cvp,29,,,,,,,,OFFICIAL_CODE_REPRODUCTION
,,,,,2,,,,,,,,4,,0.0,,,,,,,,,official_cpd,False,,3.8923929967219086,,3.8923929967219086,,,,,exact_cvp,30,,,,,,,,OFFICIAL_CODE_REPRODUCTION
,,,,,1,,,,,,,,4,,0.0,,,,,,,,,official_cpd,False,,1.563593839066956,,1.563593839066956,,,,,exact_cvp,31,,,,,,,,OFFICIAL_CODE_REPRODUCTION
,,,,,1,,,,,,,,4,,0.0,,,,,,,,,official_cpd,False,,1.3175231040081663,,1.3175231040081663,,,,,exact_cvp,32,,,,,,,,OFFICIAL_CODE_REPRODUCTION
,,,,,2,,,,,,,,4,,0.0,,,,,,,,,official_cpd,False,,2.545217420536181,,2.545217420536181,,,,,exact_cvp,33,,,,,,,,OFFICIAL_CODE_REPRODUCTION
,,,,,2,,,,,,,,4,,0.0,,,,,,,,,official_cpd,False,,1.6776448406054807,,1.6776448406054807,,,,,exact_cvp,34,,,,,,,,OFFICIAL_CODE_REPRODUCTION
,,,,,2,,,,,,,,4,,0.0,,,,,,,,,official_cpd,False,,1.8844952841706273,,1.8844952841706273,,,,,exact_cvp,35,,,,,,,,OFFICIAL_CODE_REPRODUCTION
,,,,,1,,,,,,,,4,,0.0,,,,,,,,,official_cpd,False,,1.576848174242728,,1.576848174242728,,,,,exact_cvp,36,,,,,,,,OFFICIAL_CODE_REPRODUCTION
,,,,,2,,,,,,,,4,,0.0,,,,,,,,,official_cpd,False,,2.0311809223123567,,2.0311809223123567,,,,,exact_cvp,37,,,,,,,,OFFICIAL_CODE_REPRODUCTION
,,,,,2,,,,,,,,4,,4.440892098500626e-16,,,,,,,,,official_cpd,False,,2.3096920496023112,,2.3096920496023117,,,,,exact_cvp,38,,,,,,,,OFFICIAL_CODE_REPRODUCTION
,,,,,2,,,,,,,,4,,0.0,,,,,,,,,official_cpd,False,,2.9197366805978566,,2.9197366805978566,,,,,exact_cvp,39,,,,,,,,OFFICIAL_CODE_REPRODUCTION
,,,,,3,,,,,,,,4,,1.3322676295501878e-15,,,,,,,,,official_cpd,False,,2.9921271927150537,,2.9921271927150523,,,,,exact_cvp,40,,,,,,,,OFFICIAL_CODE_REPRODUCTION
,,,,,2,,,,,,,,4,,0.0,,,,,,,,,official_cpd,False,,2.6664351400017448,,2.6664351400017448,,,,,exact_cvp,41,,,,,,,,OFFICIAL_CODE_REPRODUCTION
,,,,,1,,,,,,,,4,,0.0,,,,,,,,,official_cpd,False,,1.4871507059549933,,1.4871507059549933,,,,,exact_cvp,42,,,,,,,,OFFICIAL_CODE_REPRODUCTION
,,,,,2,,,,,,,,4,,0.0,,,,,,,,,official_cpd,False,,2.2392898073962435,,2.2392898073962435,,,,,exact_cvp,43,,,,,,,,OFFICIAL_CODE_REPRODUCTION
,,,,,3,,,,,,,,4,,8.881784197001252e-16,,,,,,,,,official_cpd,False,,2.9540585152905434,,2.9540585152905443,,,,,exact_cvp,44,,,,,,,,OFFICIAL_CODE_REPRODUCTION
,,,,,2,,,,,,,,4,,0.0,,,,,,,,,official_cpd,False,,2.0956205075642362,,2.0956205075642362,,,,,exact_cvp,45,,,,,,,,OFFICIAL_CODE_REPRODUCTION
,,,,,3,,,,,,,,4,,4.440892098500626e-16,,,,,,,,,official_cpd,False,,2.8118103453607928,,2.8118103453607923,,,,,exact_cvp,46,,,,,,,,OFFICIAL_CODE_REPRODUCTION
,,,,,1,,,,,,,,4,,0.0,,,,,,,,,official_cpd,False,,0.7960100402251742,,0.7960100402251742,,,,,exact_cvp,47,,,,,,,,OFFICIAL_CODE_REPRODUCTION
,,,,,2,,,,,,,,4,,0.0,,,,,,,,,official_cpd,False,,2.0454941415802397,,2.0454941415802397,,,,,exact_cvp,48,,,,,,,,OFFICIAL_CODE_REPRODUCTION
,,,,,,-3.5449077018110318,,,,,,,,,,,,,,,,,,official_scaled_Z,False,-3.5449077018110318,,-2.0,,,,,,single_mode,,,,,,,,,OFFICIAL_CODE_REPRODUCTION
,,,,,,-3.5449077018110318,,,,,,,,,,,,,,,,,,official_scaled_Z,False,-3.5449077018110318,,-1.5,,,,,,single_mode,,,,,,,,,OFFICIAL_CODE_REPRODUCTION
,,,,,,-1.7724538509055159,,,,,,,,,,,,,,,,,,official_scaled_Z,False,-1.7724538509055159,,-1.0,,,,,,single_mode,,,,,,,,,OFFICIAL_CODE_REPRODUCTION
,,,,,,-1.7724538509055159,,,,,,,,,,,,,,,,,,official_scaled_Z,False,-1.7724538509055159,,-0.5,,,,,,single_mode,,,,,,,,,OFFICIAL_CODE_REPRODUCTION
,,,,,,-1.7724538509055159,,,,,,,,,,,,,,,,,,official_scaled_Z,False,-1.7724538509055159,,-0.49999999999999994,,,,,,single_mode,,,,,,,,,OFFICIAL_CODE_REPRODUCTION
,,,,,,0.0,,,,,,,,,,,,,,,,,,official_scaled_Z,False,0.0,,0.49999999999999994,,,,,,single_mode,,,,,,,,,OFFICIAL_CODE_REPRODUCTION
,,,,,,0.0,,,,,,,,,,,,,,,,,,official_scaled_Z,False,0.0,,0.5,,,,,,single_mode,,,,,,,,,OFFICIAL_CODE_REPRODUCTION
,,,,,,1.7724538509055159,,,,,,,,,,,,,,,,,,official_scaled_Z,False,1.7724538509055159,,1.0,,,,,,single_mode,,,,,,,,,OFFICIAL_CODE_REPRODUCTION
,,,,,,3.5449077018110318,,,,,,,,,,,,,,,,,,official_scaled_Z,False,3.5449077018110318,,1.5,,,,,,single_mode,,,,,,,,,OFFICIAL_CODE_REPRODUCTION
,,,,,,3.5449077018110318,,,,,,,,,,,,,,,,,,official_scaled_Z,False,3.5449077018110318,,2.0,,,,,,single_mode,,,,,,,,,OFFICIAL_CODE_REPRODUCTION
,,,,,,,,,,,,0.5984564519365844,,,,,,,,3,,,,cpd,,,,,,,,,,official_aggregate_crossing,,,,,,,,,OFFICIAL_AGGREGATE_REANALYSIS
,,,,,,,,,,,,0.6002721884937842,,,,,,,,5,,,,cpd,,,,,,,,,,official_aggregate_crossing,,,,,,,,,OFFICIAL_AGGREGATE_REANALYSIS
,,,,,,,,,,,,0.6006545855657107,,,,,,,,7,,,,cpd,,,,,,,,,,official_aggregate_crossing,,,,,,,,,OFFICIAL_AGGREGATE_REANALYSIS
,,,,,,,,,,,,0.6019060258249643,,,,,,,,9,,,,cpd,,,,,,,,,,official_aggregate_crossing,,,,,,,,,OFFICIAL_AGGREGATE_REANALYSIS
,,,,,,,,,,,,0.6015893773401746,,,,,,,,11,,,,cpd,,,,,,,,,,official_aggregate_crossing,,,,,,,,,OFFICIAL_AGGREGATE_REANALYSIS
,,,,,,,,,,,,0.603014529642592,,,,,,,,13,,,,cpd,,,,,,,,,,official_aggregate_crossing,,,,,,,,,OFFICIAL_AGGREGATE_REANALYSIS
,,,,,,,,,,,,0.6022396569597586,,,,,,,,15,,,,cpd,,,,,,,,,,official_aggregate_crossing,,,,,,,,,OFFICIAL_AGGREGATE_REANALYSIS
,,,,,,,,,,,,0.6019553587898911,,,,,,,,17,,,,cpd,,,,,,,,,,official_aggregate_crossing,,,,,,,,,OFFICIAL_AGGREGATE_REANALYSIS
,,,,,,,,,,,,0.602492081133648,,,,,,,,19,,,,cpd,,,,,,,,,,official_aggregate_crossing,,,,,,,,,OFFICIAL_AGGREGATE_REANALYSIS
,,,,,,,,,,,,0.6026019586163321,,,,,,,,21,,,,cpd,,,,,,,,,,official_aggregate_crossing,,,,,,,,,OFFICIAL_AGGREGATE_REANALYSIS
,,,,,,,,,,,,0.6025270591341076,,,,,,,,23,,,,cpd,,,,,,,,,,official_aggregate_crossing,,,,,,,,,OFFICIAL_AGGREGATE_REANALYSIS
,,,,,,,,,,,,0.6028325729927012,,,,,,,,25,,,,cpd,,,,,,,,,,official_aggregate_crossing,,,,,,,,,OFFICIAL_AGGREGATE_REANALYSIS
,,,,,,,,,,,,0.601987570168404,,,,,,,,27,,,,cpd,,,,,,,,,,official_aggregate_crossing,,,,,,,,,OFFICIAL_AGGREGATE_REANALYSIS
,,,,,,,,,,,,0.5985901435406699,,,,,,,,3,,,,analog_mwpm,,,,,,,,,,official_aggregate_crossing,,,,,,,,,OFFICIAL_AGGREGATE_REANALYSIS
,,,,,,,,,,,,0.5976264958705546,,,,,,,,5,,,,analog_mwpm,,,,,,,,,,official_aggregate_crossing,,,,,,,,,OFFICIAL_AGGREGATE_REANALYSIS
,,,,,,,,,,,,0.5981108010047447,,,,,,,,7,,,,analog_mwpm,,,,,,,,,,official_aggregate_crossing,,,,,,,,,OFFICIAL_AGGREGATE_REANALYSIS
,,,,,,,,,,,,0.5986415630550626,,,,,,,,9,,,,analog_mwpm,,,,,,,,,,official_aggregate_crossing,,,,,,,,,OFFICIAL_AGGREGATE_REANALYSIS
,,,,,,,,,,,,0.5992755592377798,,,,,,,,11,,,,analog_mwpm,,,,,,,,,,official_aggregate_crossing,,,,,,,,,OFFICIAL_AGGREGATE_REANALYSIS
,,,,,,,,,,,,0.5993392365681466,,,,,,,,13,,,,analog_mwpm,,,,,,,,,,official_aggregate_crossing,,,,,,,,,OFFICIAL_AGGREGATE_REANALYSIS
,,,,,,,,,,,,0.598937598736177,,,,,,,,15,,,,analog_mwpm,,,,,,,,,,official_aggregate_crossing,,,,,,,,,OFFICIAL_AGGREGATE_REANALYSIS
,,,,,,,,,,,,0.5994509878060308,,,,,,,,17,,,,analog_mwpm,,,,,,,,,,official_aggregate_crossing,,,,,,,,,OFFICIAL_AGGREGATE_REANALYSIS
,,,,,,,,,,,,0.5995682926829269,,,,,,,,19,,,,analog_mwpm,,,,,,,,,,official_aggregate_crossing,,,,,,,,,OFFICIAL_AGGREGATE_REANALYSIS
,,,,,,,,,,,,0.6001632496436793,,,,,,,,21,,,,analog_mwpm,,,,,,,,,,official_aggregate_crossing,,,,,,,,,OFFICIAL_AGGREGATE_REANALYSIS
,,,,,,,,,,,,0.5997071428571429,,,,,,,,23,,,,analog_mwpm,,,,,,,,,,official_aggregate_crossing,,,,,,,,,OFFICIAL_AGGREGATE_REANALYSIS
,,,,,,,,,,,,0.5993207441860465,,,,,,,,25,,,,analog_mwpm,,,,,,,,,,official_aggregate_crossing,,,,,,,,,OFFICIAL_AGGREGATE_REANALYSIS
,,,,,,,,,,,,0.6002628571428571,,,,,,,,27,,,,analog_mwpm,,,,,,,,,,official_aggregate_crossing,,,,,,,,,OFFICIAL_AGGREGATE_REANALYSIS
56896,379,0.1895,0.3552854999999996,0.00017764274999999979,,,57888,372,0.186,4.713216600000005,0.0023566083000000028,,,3,,,,,,,,,,paired,,,,,,,,-7,,seed_cell,,,61820001,,,0.56,2000,,OFFICIAL_CODE_PLUS_SOURCE_TRANSCRIBED_COMPARATOR
56288,389,0.1945,0.32770800000000005,0.00016385400000000003,,,57392,392,0.196,0.43100250000000034,0.00021550125000000016,,,3,,,,,,,,,,paired,,,,,,,,3,,seed_cell,,,61820002,,,0.56,2000,,OFFICIAL_CODE_PLUS_SOURCE_TRANSCRIBED_COMPARATOR
55072,411,0.2055,0.47998480000000027,0.00023999240000000012,,,55856,397,0.1985,0.3209628999999998,0.00016048144999999988,,,3,,,,,,,,,,paired,,,,,,,,-14,,seed_cell,,,61820003,,,0.56,2000,,OFFICIAL_CODE_PLUS_SOURCE_TRANSCRIBED_COMPARATOR
55072,393,0.1965,0.3458440999999997,0.00017292204999999985,,,56944,373,0.1865,0.4009647000000006,0.00020048235000000032,,,3,,,,,,,,,,paired,,,,,,,,-20,,seed_cell,,,61820004,,,0.56,2000,,OFFICIAL_CODE_PLUS_SOURCE_TRANSCRIBED_COMPARATOR
56288,405,0.2025,0.44023739999999983,0.0002201186999999999,,,58480,387,0.1935,0.36892609999999976,0.00018446304999999988,,,3,,,,,,,,,,paired,,,,,,,,-18,,seed_cell,,,61820005,,,0.56,2000,,OFFICIAL_CODE_PLUS_SOURCE_TRANSCRIBED_COMPARATOR
55072,404,0.202,0.3425920999999994,0.0001712960499999997,,,56944,395,0.1975,0.5059333999999992,0.0002529666999999996,,,3,,,,,,,,,,paired,,,,,,,,-9,,seed_cell,,,61820006,,,0.56,2000,,OFFICIAL_CODE_PLUS_SOURCE_TRANSCRIBED_COMPARATOR
56288,423,0.2115,0.3922758999999997,0.00019613794999999985,,,57936,395,0.1975,0.42858000000000035,0.00021429000000000017,,,3,,,,,,,,,,paired,,,,,,,,-28,,seed_cell,,,61820007,,,0.56,2000,,OFFICIAL_CODE_PLUS_SOURCE_TRANSCRIBED_COMPARATOR
56896,369,0.1845,0.43560540000000053,0.00021780270000000028,,,58976,353,0.1765,0.3692691000000002,0.0001846345500000001,,,3,,,,,,,,,,paired,,,,,,,,-16,,seed_cell,,,61820008,,,0.56,2000,,OFFICIAL_CODE_PLUS_SOURCE_TRANSCRIBED_COMPARATOR
55680,411,0.2055,0.4455906000000001,0.00022279530000000005,,,57392,378,0.189,0.36036749999999956,0.0001801837499999998,,,3,,,,,,,,,,paired,,,,,,,,-33,,seed_cell,,,61820009,,,0.56,2000,,OFFICIAL_CODE_PLUS_SOURCE_TRANSCRIBED_COMPARATOR
56288,400,0.2,0.3710313000000001,0.00018551565000000006,,,57392,397,0.1985,0.39761240000000003,0.0001988062,,,3,,,,,,,,,,paired,,,,,,,,-3,,seed_cell,,,61820010,,,0.56,2000,,OFFICIAL_CODE_PLUS_SOURCE_TRANSCRIBED_COMPARATOR
56288,413,0.2065,0.43830320000000095,0.00021915160000000048,,,57392,384,0.192,0.34378100000000045,0.00017189050000000023,,,3,,,,,,,,,,paired,,,,,,,,-29,,seed_cell,,,61820011,,,0.56,2000,,OFFICIAL_CODE_PLUS_SOURCE_TRANSCRIBED_COMPARATOR
56288,366,0.183,0.3873740000000004,0.0001936870000000002,,,56848,340,0.17,0.41025530000000027,0.00020512765000000013,,,3,,,,,,,,,,paired,,,,,,,,-26,,seed_cell,,,61820012,,,0.56,2000,,OFFICIAL_CODE_PLUS_SOURCE_TRANSCRIBED_COMPARATOR
55680,410,0.205,0.35189800000000016,0.0001759490000000001,,,57392,364,0.182,0.4583870000000001,0.00022919350000000005,,,3,,,,,,,,,,paired,,,,,,,,-46,,seed_cell,,,61820013,,,0.56,2000,,OFFICIAL_CODE_PLUS_SOURCE_TRANSCRIBED_COMPARATOR
55680,369,0.1845,0.41039259999999994,0.00020519629999999996,,,56896,361,0.1805,0.3490545000000002,0.00017452725000000012,,,3,,,,,,,,,,paired,,,,,,,,-8,,seed_cell,,,61820014,,,0.56,2000,,OFFICIAL_CODE_PLUS_SOURCE_TRANSCRIBED_COMPARATOR
56288,385,0.1925,0.34242930000000005,0.00017121465000000002,,,57392,380,0.19,0.44685179999999985,0.00022342589999999992,,,3,,,,,,,,,,paired,,,,,,,,-5,,seed_cell,,,61820015,,,0.56,2000,,OFFICIAL_CODE_PLUS_SOURCE_TRANSCRIBED_COMPARATOR
56896,393,0.1965,0.3788845000000003,0.00018944225000000015,,,59520,380,0.19,0.4111394000000001,0.00020556970000000006,,,3,,,,,,,,,,paired,,,,,,,,-13,,seed_cell,,,61820016,,,0.56,2000,,OFFICIAL_CODE_PLUS_SOURCE_TRANSCRIBED_COMPARATOR
55072,403,0.2015,0.30379319999999943,0.00015189659999999971,,,56944,400,0.2,0.5064502999999996,0.00025322514999999977,,,3,,,,,,,,,,paired,,,,,,,,-3,,seed_cell,,,61820017,,,0.56,2000,,OFFICIAL_CODE_PLUS_SOURCE_TRANSCRIBED_COMPARATOR
56896,391,0.1955,0.31998360000000015,0.00015999180000000006,,,58976,377,0.1885,0.4042773000000008,0.0002021386500000004,,,3,,,,,,,,,,paired,,,,,,,,-14,,seed_cell,,,61820018,,,0.56,2000,,OFFICIAL_CODE_PLUS_SOURCE_TRANSCRIBED_COMPARATOR
58112,393,0.1965,0.4533674000000014,0.0002266837000000007,,,59920,382,0.191,0.33427799999999963,0.00016713899999999982,,,3,,,,,,,,,,paired,,,,,,,,-11,,seed_cell,,,61820019,,,0.56,2000,,OFFICIAL_CODE_PLUS_SOURCE_TRANSCRIBED_COMPARATOR
56288,407,0.2035,0.4157696999999996,0.00020788484999999978,,,57936,405,0.2025,0.3283315000000003,0.00016416575000000015,,,3,,,,,,,,,,paired,,,,,,,,-2,,seed_cell,,,61820020,,,0.56,2000,,OFFICIAL_CODE_PLUS_SOURCE_TRANSCRIBED_COMPARATOR
55680,405,0.2025,0.3666067000000005,0.00018330335000000026,,,57984,382,0.191,0.44640620000000075,0.00022320310000000038,,,3,,,,,,,,,,paired,,,,,,,,-23,,seed_cell,,,61820021,,,0.56,2000,,OFFICIAL_CODE_PLUS_SOURCE_TRANSCRIBED_COMPARATOR
55072,397,0.1985,0.4259251999999997,0.00021296259999999985,,,57488,384,0.192,0.334666900000001,0.00016733345000000048,,,3,,,,,,,,,,paired,,,,,,,,-13,,seed_cell,,,61820022,,,0.56,2000,,OFFICIAL_CODE_PLUS_SOURCE_TRANSCRIBED_COMPARATOR
55072,378,0.189,0.36605950000000015,0.00018302975000000006,,,56944,348,0.174,0.3577398999999995,0.00017886994999999974,,,3,,,,,,,,,,paired,,,,,,,,-30,,seed_cell,,,61820023,,,0.56,2000,,OFFICIAL_CODE_PLUS_SOURCE_TRANSCRIBED_COMPARATOR
55680,392,0.196,0.27676430000000024,0.00013838215000000012,,,58480,371,0.1855,0.40349460000000065,0.00020174730000000032,,,3,,,,,,,,,,paired,,,,,,,,-21,,seed_cell,,,61820024,,,0.56,2000,,OFFICIAL_CODE_PLUS_SOURCE_TRANSCRIBED_COMPARATOR
55072,407,0.2035,0.34896259999999985,0.00017448129999999992,,,56400,380,0.19,0.29349880000000017,0.00014674940000000008,,,3,,,,,,,,,,paired,,,,,,,,-27,,seed_cell,,,61820025,,,0.56,2000,,OFFICIAL_CODE_PLUS_SOURCE_TRANSCRIBED_COMPARATOR
56896,397,0.1985,0.2754095000000002,0.0001377047500000001,,,58976,371,0.1855,0.4124229000000007,0.00020621145000000035,,,3,,,,,,,,,,paired,,,,,,,,-26,,seed_cell,,,61820026,,,0.56,2000,,OFFICIAL_CODE_PLUS_SOURCE_TRANSCRIBED_COMPARATOR
55680,380,0.19,0.34886200000000056,0.00017443100000000028,,,56352,375,0.1875,0.3943195999999997,0.00019715979999999987,,,3,,,,,,,,,,paired,,,,,,,,-5,,seed_cell,,,61820027,,,0.56,2000,,OFFICIAL_CODE_PLUS_SOURCE_TRANSCRIBED_COMPARATOR
55680,399,0.1995,0.4065065000000008,0.0002032532500000004,,,56896,397,0.1985,0.3917103999999997,0.00019585519999999984,,,3,,,,,,,,,,paired,,,,,,,,-2,,seed_cell,,,61820028,,,0.56,2000,,OFFICIAL_CODE_PLUS_SOURCE_TRANSCRIBED_COMPARATOR
56896,389,0.1945,0.36495789999999956,0.00018247894999999978,,,57888,376,0.188,0.3619464999999998,0.00018097324999999989,,,3,,,,,,,,,,paired,,,,,,,,-13,,seed_cell,,,61820029,,,0.56,2000,,OFFICIAL_CODE_PLUS_SOURCE_TRANSCRIBED_COMPARATOR
55680,414,0.207,0.3694284000000002,0.00018471420000000012,,,57440,389,0.1945,0.4075800000000004,0.0002037900000000002,,,3,,,,,,,,,,paired,,,,,,,,-25,,seed_cell,,,61820030,,,0.56,2000,,OFFICIAL_CODE_PLUS_SOURCE_TRANSCRIBED_COMPARATOR
55072,384,0.192,0.4022554999999998,0.0002011277499999999,,,56400,382,0.191,0.3597747000000005,0.00017988735000000025,,,3,,,,,,,,,,paired,,,,,,,,-2,,seed_cell,,,61820031,,,0.56,2000,,OFFICIAL_CODE_PLUS_SOURCE_TRANSCRIBED_COMPARATOR
56896,378,0.189,0.4549158000000009,0.00022745790000000047,,,58432,363,0.1815,0.3425798000000002,0.0001712899000000001,,,3,,,,,,,,,,paired,,,,,,,,-15,,seed_cell,,,61820032,,,0.56,2000,,OFFICIAL_CODE_PLUS_SOURCE_TRANSCRIBED_COMPARATOR
57504,464,0.232,0.42880139999999933,0.00021440069999999968,,,58928,435,0.2175,0.3745935999999996,0.0001872967999999998,,,3,,,,,,,,,,paired,,,,,,,,-29,,seed_cell,,,61820001,,,0.57,2000,,OFFICIAL_CODE_PLUS_SOURCE_TRANSCRIBED_COMPARATOR
56896,436,0.218,0.3426490000000001,0.00017132450000000005,,,60016,426,0.213,0.3226476999999996,0.0001613238499999998,,,3,,,,,,,,,,paired,,,,,,,,-10,,seed_cell,,,61820002,,,0.57,2000,,OFFICIAL_CODE_PLUS_SOURCE_TRANSCRIBED_COMPARATOR
55072,401,0.2005,0.3374039000000004,0.0001687019500000002,,,56944,397,0.1985,0.4708182999999997,0.00023540914999999984,,,3,,,,,,,,,,paired,,,,,,,,-4,,seed_cell,,,61820003,,,0.57,2000,,OFFICIAL_CODE_PLUS_SOURCE_TRANSCRIBED_COMPARATOR
56288,454,0.227,0.3671320999999997,0.00018356604999999985,,,58432,434,0.217,0.45544040000000013,0.00022772020000000006,,,3,,,,,,,,,,paired,,,,,,,,-20,,seed_cell,,,61820004,,,0.57,2000,,OFFICIAL_CODE_PLUS_SOURCE_TRANSCRIBED_COMPARATOR
56288,422,0.211,0.3929698000000002,0.0001964849000000001,,,57936,423,0.2115,0.36064599999999963,0.0001803229999999998,,,3,,,,,,,,,,paired,,,,,,,,1,,seed_cell,,,61820005,,,0.57,2000,,OFFICIAL_CODE_PLUS_SOURCE_TRANSCRIBED_COMPARATOR
56288,438,0.219,0.42927069999999945,0.00021463534999999973,,,58480,423,0.2115,0.34231130000000043,0.0001711556500000002,,,3,,,,,,,,,,paired,,,,,,,,-15,,seed_cell,,,61820006,,,0.57,2000,,OFFICIAL_CODE_PLUS_SOURCE_TRANSCRIBED_COMPARATOR
56896,407,0.2035,0.3160507,0.00015802535000000002,,,58432,384,0.192,0.4869062000000004,0.0002434531000000002,,,3,,,,,,,,,,paired,,,,,,,,-23,,seed_cell,,,61820007,,,0.57,2000,,OFFICIAL_CODE_PLUS_SOURCE_TRANSCRIBED_COMPARATOR
56288,449,0.2245,0.47939000000000054,0.00023969500000000027,,,57936,430,0.215,0.3106835999999997,0.00015534179999999987,,,3,,,,,,,,,,paired,,,,,,,,-19,,seed_cell,,,61820008,,,0.57,2000,,OFFICIAL_CODE_PLUS_SOURCE_TRANSCRIBED_COMPARATOR
57504,410,0.205,0.38115609999999944,0.00019057804999999972,,,58384,404,0.202,0.42004479999999944,0.00021002239999999973,,,3,,,,,,,,,,paired,,,,,,,,-6,,seed_cell,,,61820009,,,0.57,2000,,OFFICIAL_CODE_PLUS_SOURCE_TRANSCRIBED_COMPARATOR
55680,433,0.2165,0.43937299999999996,0.00021968649999999998,,,56896,397,0.1985,0.3932189,0.00019660944999999998,,,3,,,,,,,,,,paired,,,,,,,,-36,,seed_cell,,,61820010,,,0.57,2000,,OFFICIAL_CODE_PLUS_SOURCE_TRANSCRIBED_COMPARATOR
56288,433,0.2165,0.35192600000000035,0.00017596300000000017,,,57936,422,0.211,0.39201719999999995,0.00019600859999999997,,,3,,,,,,,,,,paired,,,,,,,,-11,,seed_cell,,,61820011,,,0.57,2000,,OFFICIAL_CODE_PLUS_SOURCE_TRANSCRIBED_COMPARATOR
56288,419,0.2095,0.4348173999999991,0.00021740869999999955,,,58480,392,0.196,0.3079567999999993,0.00015397839999999966,,,3,,,,,,,,,,paired,,,,,,,,-27,,seed_cell,,,61820012,,,0.57,2000,,OFFICIAL_CODE_PLUS_SOURCE_TRANSCRIBED_COMPARATOR
55072,443,0.2215,0.34954250000000014,0.00017477125000000008,,,56400,414,0.207,0.39134280000000005,0.00019567140000000002,,,3,,,,,,,,,,paired,,,,,,,,-29,,seed_cell,,,61820013,,,0.57,2000,,OFFICIAL_CODE_PLUS_SOURCE_TRANSCRIBED_COMPARATOR
55680,402,0.201,0.3582030000000001,0.00017910150000000004,,,56896,381,0.1905,0.4049713000000001,0.00020248565000000006,,,3,,,,,,,,,,paired,,,,,,,,-21,,seed_cell,,,61820014,,,0.57,2000,,OFFICIAL_CODE_PLUS_SOURCE_TRANSCRIBED_COMPARATOR
55680,433,0.2165,0.35635120000000065,0.00017817560000000032,,,56896,397,0.1985,0.4118025999999999,0.00020590129999999995,,,3,,,,,,,,,,paired,,,,,,,,-36,,seed_cell,,,61820015,,,0.57,2000,,OFFICIAL_CODE_PLUS_SOURCE_TRANSCRIBED_COMPARATOR
55680,440,0.22,0.4382257,0.00021911285,,,56896,398,0.199,0.36627940000000014,0.00018313970000000007,,,3,,,,,,,,,,paired,,,,,,,,-42,,seed_cell,,,61820016,,,0.57,2000,,OFFICIAL_CODE_PLUS_SOURCE_TRANSCRIBED_COMPARATOR
55680,442,0.221,0.3574356000000004,0.0001787178000000002,,,57984,424,0.212,0.3742510000000003,0.00018712550000000015,,,3,,,,,,,,,,paired,,,,,,,,-18,,seed_cell,,,61820017,,,0.57,2000,,OFFICIAL_CODE_PLUS_SOURCE_TRANSCRIBED_COMPARATOR
57504,408,0.204,0.3653762000000002,0.0001826881000000001,,,59472,410,0.205,0.40480250000000023,0.00020240125000000011,,,3,,,,,,,,,,paired,,,,,,,,2,,seed_cell,,,61820018,,,0.57,2000,,OFFICIAL_CODE_PLUS_SOURCE_TRANSCRIBED_COMPARATOR
55072,450,0.225,0.47425480000000086,0.00023712740000000044,,,56400,417,0.2085,0.3398928000000003,0.00016994640000000014,,,3,,,,,,,,,,paired,,,,,,,,-33,,seed_cell,,,61820019,,,0.57,2000,,OFFICIAL_CODE_PLUS_SOURCE_TRANSCRIBED_COMPARATOR
56896,397,0.1985,0.3182273000000002,0.00015911365000000012,,,58976,388,0.194,0.4010451999999994,0.00020052259999999968,,,3,,,,,,,,,,paired,,,,,,,,-9,,seed_cell,,,61820020,,,0.57,2000,,OFFICIAL_CODE_PLUS_SOURCE_TRANSCRIBED_COMPARATOR
56896,492,0.246,0.3734835000000003,0.00018674175000000015,,,58976,472,0.236,0.4443528000000001,0.00022217640000000006,,,3,,,,,,,,,,paired,,,,,,,,-20,,seed_cell,,,61820021,,,0.57,2000,,OFFICIAL_CODE_PLUS_SOURCE_TRANSCRIBED_COMPARATOR
55680,409,0.2045,0.3532789000000006,0.00017663945000000032,,,57984,391,0.1955,0.3755852000000005,0.00018779260000000025,,,3,,,,,,,,,,paired,,,,,,,,-18,,seed_cell,,,61820022,,,0.57,2000,,OFFICIAL_CODE_PLUS_SOURCE_TRANSCRIBED_COMPARATOR
56896,396,0.198,0.4522673,0.00022613365,,,58432,385,0.1925,0.34681620000000013,0.00017340810000000007,,,3,,,,,,,,,,paired,,,,,,,,-11,,seed_cell,,,61820023,,,0.57,2000,,OFFICIAL_CODE_PLUS_SOURCE_TRANSCRIBED_COMPARATOR
56896,426,0.213,0.3280414999999998,0.00016402074999999992,,,57888,402,0.201,0.4074579000000004,0.0002037289500000002,,,3,,,,,,,,,,paired,,,,,,,,-24,,seed_cell,,,61820024,,,0.57,2000,,OFFICIAL_CODE_PLUS_SOURCE_TRANSCRIBED_COMPARATOR
56896,407,0.2035,0.359112100000001,0.0001795560500000005,,,58432,398,0.199,0.39687689999999964,0.00019843844999999983,,,3,,,,,,,,,,paired,,,,,,,,-9,,seed_cell,,,61820025,,,0.57,2000,,OFFICIAL_CODE_PLUS_SOURCE_TRANSCRIBED_COMPARATOR
55680,436,0.218,0.3781822000000007,0.00018909110000000034,,,56896,423,0.2115,0.3817356000000009,0.00019086780000000044,,,3,,,,,,,,,,paired,,,,,,,,-13,,seed_cell,,,61820026,,,0.57,2000,,OFFICIAL_CODE_PLUS_SOURCE_TRANSCRIBED_COMPARATOR
55680,430,0.215,0.4088508000000011,0.00020442540000000057,,,56896,413,0.2065,0.38705359999999966,0.00019352679999999983,,,3,,,,,,,,,,paired,,,,,,,,-17,,seed_cell,,,61820027,,,0.57,2000,,OFFICIAL_CODE_PLUS_SOURCE_TRANSCRIBED_COMPARATOR
55072,458,0.229,0.3747301000000002,0.0001873650500000001,,,56400,421,0.2105,0.4297967000000005,0.00021489835000000024,,,3,,,,,,,,,,paired,,,,,,,,-37,,seed_cell,,,61820028,,,0.57,2000,,OFFICIAL_CODE_PLUS_SOURCE_TRANSCRIBED_COMPARATOR
56288,456,0.228,0.41257350000000037,0.0002062867500000002,,,57392,432,0.216,0.3009252000000002,0.00015046260000000012,,,3,,,,,,,,,,paired,,,,,,,,-24,,seed_cell,,,61820029,,,0.57,2000,,OFFICIAL_CODE_PLUS_SOURCE_TRANSCRIBED_COMPARATOR
56896,411,0.2055,0.4750826999999996,0.0002375413499999998,,,57888,405,0.2025,0.3210018000000004,0.0001605009000000002,,,3,,,,,,,,,,paired,,,,,,,,-6,,seed_cell,,,61820030,,,0.57,2000,,OFFICIAL_CODE_PLUS_SOURCE_TRANSCRIBED_COMPARATOR
56288,426,0.213,0.3590073999999991,0.00017950369999999955,,,58480,405,0.2025,0.3839686999999998,0.0001919843499999999,,,3,,,,,,,,,,paired,,,,,,,,-21,,seed_cell,,,61820031,,,0.57,2000,,OFFICIAL_CODE_PLUS_SOURCE_TRANSCRIBED_COMPARATOR
56896,444,0.222,0.4534702000000009,0.00022673510000000043,,,58384,418,0.209,0.3254623999999997,0.00016273119999999985,,,3,,,,,,,,,,paired,,,,,,,,-26,,seed_cell,,,61820032,,,0.57,2000,,OFFICIAL_CODE_PLUS_SOURCE_TRANSCRIBED_COMPARATOR
55680,465,0.2325,0.4064578000000005,0.00020322890000000024,,,57440,453,0.2265,0.3361554000000002,0.00016807770000000011,,,3,,,,,,,,,,paired,,,,,,,,-12,,seed_cell,,,61820001,,,0.58,2000,,OFFICIAL_CODE_PLUS_SOURCE_TRANSCRIBED_COMPARATOR
56288,487,0.2435,0.4682668000000009,0.00023413340000000046,,,57392,471,0.2355,0.38159050000000017,0.0001907952500000001,,,3,,,,,,,,,,paired,,,,,,,,-16,,seed_cell,,,61820002,,,0.58,2000,,OFFICIAL_CODE_PLUS_SOURCE_TRANSCRIBED_COMPARATOR
55680,469,0.2345,0.28830720000000026,0.00014415360000000012,,,56896,452,0.226,0.3087585999999999,0.00015437929999999995,,,3,,,,,,,,,,paired,,,,,,,,-17,,seed_cell,,,61820003,,,0.58,2000,,OFFICIAL_CODE_PLUS_SOURCE_TRANSCRIBED_COMPARATOR
55680,487,0.2435,0.36501809999999996,0.00018250905,,,56896,481,0.2405,0.37280119999999956,0.00018640059999999978,,,3,,,,,,,,,,paired,,,,,,,,-6,,seed_cell,,,61820004,,,0.58,2000,,OFFICIAL_CODE_PLUS_SOURCE_TRANSCRIBED_COMPARATOR
56896,483,0.2415,0.2799244,0.0001399622,,,57888,450,0.225,0.35257789999999994,0.00017628894999999998,,,3,,,,,,,,,,paired,,,,,,,,-33,,seed_cell,,,61820005,,,0.58,2000,,OFFICIAL_CODE_PLUS_SOURCE_TRANSCRIBED_COMPARATOR
56896,477,0.2385,0.3824749000000003,0.00019123745000000015,,,58976,459,0.2295,0.3898719000000001,0.00019493595000000006,,,3,,,,,,,,,,paired,,,,,,,,-18,,seed_cell,,,61820006,,,0.58,2000,,OFFICIAL_CODE_PLUS_SOURCE_TRANSCRIBED_COMPARATOR
55680,493,0.2465,0.4376127000000002,0.00021880635000000008,,,57440,487,0.2435,0.38621589999999895,0.00019310794999999946,,,3,,,,,,,,,,paired,,,,,,,,-6,,seed_cell,,,61820007,,,0.58,2000,,OFFICIAL_CODE_PLUS_SOURCE_TRANSCRIBED_COMPARATOR
56896,462,0.231,0.28103999999999985,0.00014051999999999994,,,58976,459,0.2295,0.3962106000000011,0.00019810530000000055,,,3,,,,,,,,,,paired,,,,,,,,-3,,seed_cell,,,61820008,,,0.58,2000,,OFFICIAL_CODE_PLUS_SOURCE_TRANSCRIBED_COMPARATOR
56288,497,0.2485,0.3812484000000005,0.00019062420000000025,,,58480,478,0.239,0.4440362000000011,0.00022201810000000056,,,3,,,,,,,,,,paired,,,,,,,,-19,,seed_cell,,,61820009,,,0.58,2000,,OFFICIAL_CODE_PLUS_SOURCE_TRANSCRIBED_COMPARATOR
56288,505,0.2525,0.36801720000000016,0.0001840086000000001,,,57936,484,0.242,0.3612513000000002,0.0001806256500000001,,,3,,,,,,,,,,paired,,,,,,,,-21,,seed_cell,,,61820010,,,0.58,2000,,OFFICIAL_CODE_PLUS_SOURCE_TRANSCRIBED_COMPARATOR
55680,465,0.2325,0.44783299999999976,0.00022391649999999987,,,57440,428,0.214,0.4025002000000009,0.00020125010000000045,,,3,,,,,,,,,,paired,,,,,,,,-37,,seed_cell,,,61820011,,,0.58,2000,,OFFICIAL_CODE_PLUS_SOURCE_TRANSCRIBED_COMPARATOR
56288,489,0.2445,0.4441236000000002,0.0002220618000000001,,,57936,463,0.2315,0.3233151000000003,0.00016165755000000016,,,3,,,,,,,,,,paired,,,,,,,,-26,,seed_cell,,,61820012,,,0.58,2000,,OFFICIAL_CODE_PLUS_SOURCE_TRANSCRIBED_COMPARATOR
56288,473,0.2365,0.41777910000000046,0.00020888955000000024,,,57392,460,0.23,0.4285059999999996,0.0002142529999999998,,,3,,,,,,,,,,paired,,,,,,,,-13,,seed_cell,,,61820013,,,0.58,2000,,OFFICIAL_CODE_PLUS_SOURCE_TRANSCRIBED_COMPARATOR
56896,493,0.2465,0.30600110000000014,0.00015300055000000006,,,57888,464,0.232,0.4460097999999997,0.00022300489999999983,,,3,,,,,,,,,,paired,,,,,,,,-29,,seed_cell,,,61820014,,,0.58,2000,,OFFICIAL_CODE_PLUS_SOURCE_TRANSCRIBED_COMPARATOR
55072,508,0.254,0.4030195000000004,0.0002015097500000002,,,56944,500,0.25,0.42656910000000003,0.00021328455000000002,,,3,,,,,,,,,,paired,,,,,,,,-8,,seed_cell,,,61820015,,,0.58,2000,,OFFICIAL_CODE_PLUS_SOURCE_TRANSCRIBED_COMPARATOR
55680,447,0.2235,0.40614879999999975,0.00020307439999999987,,,57440,427,0.2135,0.3405336000000003,0.00017026680000000016,,,3,,,,,,,,,,paired,,,,,,,,-20,,seed_cell,,,61820016,,,0.58,2000,,OFFICIAL_CODE_PLUS_SOURCE_TRANSCRIBED_COMPARATOR
56288,458,0.229,0.41127819999999937,0.00020563909999999968,,,57392,456,0.228,0.33976239999999935,0.00016988119999999967,,,3,,,,,,,,,,paired,,,,,,,,-2,,seed_cell,,,61820017,,,0.58,2000,,OFFICIAL_CODE_PLUS_SOURCE_TRANSCRIBED_COMPARATOR
56288,449,0.2245,0.4146600999999997,0.00020733004999999984,,,58480,448,0.224,0.36919230000000003,0.00018459615,,,3,,,,,,,,,,paired,,,,,,,,-1,,seed_cell,,,61820018,,,0.58,2000,,OFFICIAL_CODE_PLUS_SOURCE_TRANSCRIBED_COMPARATOR
55680,469,0.2345,0.4513257000000001,0.00022566285000000005,,,57440,451,0.2255,0.3331650999999994,0.0001665825499999997,,,3,,,,,,,,,,paired,,,,,,,,-18,,seed_cell,,,61820019,,,0.58,2000,,OFFICIAL_CODE_PLUS_SOURCE_TRANSCRIBED_COMPARATOR
55680,477,0.2385,0.4519176000000002,0.0002259588000000001,,,57440,437,0.2185,0.47748820000000003,0.00023874410000000002,,,3,,,,,,,,,,paired,,,,,,,,-40,,seed_cell,,,61820020,,,0.58,2000,,OFFICIAL_CODE_PLUS_SOURCE_TRANSCRIBED_COMPARATOR
55680,503,0.2515,0.43398430000000027,0.00021699215000000013,,,57440,482,0.241,0.3761264999999999,0.00018806324999999995,,,3,,,,,,,,,,paired,,,,,,,,-21,,seed_cell,,,61820021,,,0.58,2000,,OFFICIAL_CODE_PLUS_SOURCE_TRANSCRIBED_COMPARATOR
56288,474,0.237,0.42814909999999967,0.00021407454999999983,,,58976,469,0.2345,0.3807185,0.00019035925,,,3,,,,,,,,,,paired,,,,,,,,-5,,seed_cell,,,61820022,,,0.58,2000,,OFFICIAL_CODE_PLUS_SOURCE_TRANSCRIBED_COMPARATOR
56896,460,0.23,0.2909443999999998,0.0001454721999999999,,,57888,452,0.226,0.3699063000000003,0.00018495315000000015,,,3,,,,,,,,,,paired,,,,,,,,-8,,seed_cell,,,61820023,,,0.58,2000,,OFFICIAL_CODE_PLUS_SOURCE_TRANSCRIBED_COMPARATOR
56288,474,0.237,0.36692790000000003,0.00018346395000000003,,,57392,436,0.218,0.4146499000000009,0.00020732495000000046,,,3,,,,,,,,,,paired,,,,,,,,-38,,seed_cell,,,61820024,,,0.58,2000,,OFFICIAL_CODE_PLUS_SOURCE_TRANSCRIBED_COMPARATOR
55680,495,0.2475,0.3456779000000004,0.00017283895000000022,,,57440,486,0.243,0.37531930000000047,0.00018765965000000024,,,3,,,,,,,,,,paired,,,,,,,,-9,,seed_cell,,,61820025,,,0.58,2000,,OFFICIAL_CODE_PLUS_SOURCE_TRANSCRIBED_COMPARATOR
56896,494,0.247,0.35000550000000014,0.00017500275000000007,,,58432,463,0.2315,0.4258358000000003,0.00021291790000000017,,,3,,,,,,,,,,paired,,,,,,,,-31,,seed_cell,,,61820026,,,0.58,2000,,OFFICIAL_CODE_PLUS_SOURCE_TRANSCRIBED_COMPARATOR
55680,460,0.23,0.3124733999999995,0.00015623669999999975,,,57440,450,0.225,0.41650020000000026,0.00020825010000000014,,,3,,,,,,,,,,paired,,,,,,,,-10,,seed_cell,,,61820027,,,0.58,2000,,OFFICIAL_CODE_PLUS_SOURCE_TRANSCRIBED_COMPARATOR
56288,479,0.2395,0.3858747999999994,0.00019293739999999972,,,58480,451,0.2255,0.3756897000000004,0.0001878448500000002,,,3,,,,,,,,,,paired,,,,,,,,-28,,seed_cell,,,61820028,,,0.58,2000,,OFFICIAL_CODE_PLUS_SOURCE_TRANSCRIBED_COMPARATOR
56896,456,0.228,0.38055079999999963,0.00019027539999999981,,,58432,450,0.225,0.4338496999999999,0.00021692484999999995,,,3,,,,,,,,,,paired,,,,,,,,-6,,seed_cell,,,61820029,,,0.58,2000,,OFFICIAL_CODE_PLUS_SOURCE_TRANSCRIBED_COMPARATOR
55680,478,0.239,0.33170420000000056,0.00016585210000000028,,,57440,448,0.224,0.3598336000000003,0.00017991680000000015,,,3,,,,,,,,,,paired,,,,,,,,-30,,seed_cell,,,61820030,,,0.58,2000,,OFFICIAL_CODE_PLUS_SOURCE_TRANSCRIBED_COMPARATOR
55680,457,0.2285,0.42832089999999995,0.00021416045,,,56896,449,0.2245,0.40774529999999926,0.00020387264999999964,,,3,,,,,,,,,,paired,,,,,,,,-8,,seed_cell,,,61820031,,,0.58,2000,,OFFICIAL_CODE_PLUS_SOURCE_TRANSCRIBED_COMPARATOR
56288,486,0.243,0.4296790000000003,0.00021483950000000015,,,57392,444,0.222,0.37850830000000024,0.00018925415000000013,,,3,,,,,,,,,,paired,,,,,,,,-42,,seed_cell,,,61820032,,,0.58,2000,,OFFICIAL_CODE_PLUS_SOURCE_TRANSCRIBED_COMPARATOR
55072,540,0.27,0.3480909000000001,0.00017404545000000005,,,57488,500,0.25,0.44843079999999974,0.00022421539999999986,,,3,,,,,,,,,,paired,,,,,,,,-40,,seed_cell,,,61820001,,,0.59,2000,,OFFICIAL_CODE_PLUS_SOURCE_TRANSCRIBED_COMPARATOR
56288,527,0.2635,0.3901832000000004,0.0001950916000000002,,,59024,512,0.256,0.31950470000000014,0.00015975235000000008,,,3,,,,,,,,,,paired,,,,,,,,-15,,seed_cell,,,61820002,,,0.59,2000,,OFFICIAL_CODE_PLUS_SOURCE_TRANSCRIBED_COMPARATOR
56288,516,0.258,0.3372275000000014,0.0001686137500000007,,,57936,483,0.2415,0.48805620000000016,0.0002440281000000001,,,3,,,,,,,,,,paired,,,,,,,,-33,,seed_cell,,,61820003,,,0.59,2000,,OFFICIAL_CODE_PLUS_SOURCE_TRANSCRIBED_COMPARATOR
56288,549,0.2745,0.41421970000000086,0.00020710985000000042,,,58480,516,0.258,0.3165570999999994,0.0001582785499999997,,,3,,,,,,,,,,paired,,,,,,,,-33,,seed_cell,,,61820004,,,0.59,2000,,OFFICIAL_CODE_PLUS_SOURCE_TRANSCRIBED_COMPARATOR
55072,518,0.259,0.3881347999999997,0.00019406739999999986,,,56400,485,0.2425,0.3724033999999999,0.00018620169999999996,,,3,,,,,,,,,,paired,,,,,,,,-33,,seed_cell,,,61820005,,,0.59,2000,,OFFICIAL_CODE_PLUS_SOURCE_TRANSCRIBED_COMPARATOR
55072,522,0.261,0.3809491000000003,0.00019047455000000015,,,56944,506,0.253,0.3984063999999994,0.0001992031999999997,,,3,,,,,,,,,,paired,,,,,,,,-16,,seed_cell,,,61820006,,,0.59,2000,,OFFICIAL_CODE_PLUS_SOURCE_TRANSCRIBED_COMPARATOR
56288,530,0.265,0.2973307,0.00014866535,,,57936,501,0.2505,0.47784529999999986,0.00023892264999999992,,,3,,,,,,,,,,paired,,,,,,,,-29,,seed_cell,,,61820007,,,0.59,2000,,OFFICIAL_CODE_PLUS_SOURCE_TRANSCRIBED_COMPARATOR
57504,523,0.2615,0.36553750000000046,0.00018276875000000024,,,59472,500,0.25,0.37528809999999946,0.00018764404999999974,,,3,,,,,,,,,,paired,,,,,,,,-23,,seed_cell,,,61820008,,,0.59,2000,,OFFICIAL_CODE_PLUS_SOURCE_TRANSCRIBED_COMPARATOR
56896,509,0.2545,0.2961660999999996,0.0001480830499999998,,,58976,484,0.242,0.4158322999999998,0.0002079161499999999,,,3,,,,,,,,,,paired,,,,,,,,-25,,seed_cell,,,61820009,,,0.59,2000,,OFFICIAL_CODE_PLUS_SOURCE_TRANSCRIBED_COMPARATOR
55680,522,0.261,0.3557195000000006,0.00017785975000000028,,,56896,502,0.251,0.42481559999999974,0.00021240779999999988,,,3,,,,,,,,,,paired,,,,,,,,-20,,seed_cell,,,61820010,,,0.59,2000,,OFFICIAL_CODE_PLUS_SOURCE_TRANSCRIBED_COMPARATOR
55680,524,0.262,0.3577406999999998,0.0001788703499999999,,,57440,517,0.2585,0.3874939000000003,0.00019374695000000015,,,3,,,,,,,,,,paired,,,,,,,,-7,,seed_cell,,,61820011,,,0.59,2000,,OFFICIAL_CODE_PLUS_SOURCE_TRANSCRIBED_COMPARATOR
55072,492,0.246,0.3603262,0.00018016309999999998,,,56944,478,0.239,0.4064560000000008,0.00020322800000000042,,,3,,,,,,,,,,paired,,,,,,,,-14,,seed_cell,,,61820012,,,0.59,2000,,OFFICIAL_CODE_PLUS_SOURCE_TRANSCRIBED_COMPARATOR
56896,522,0.261,0.3415538999999999,0.00017077694999999995,,,58432,491,0.2455,0.4258502999999996,0.00021292514999999982,,,3,,,,,,,,,,paired,,,,,,,,-31,,seed_cell,,,61820013,,,0.59,2000,,OFFICIAL_CODE_PLUS_SOURCE_TRANSCRIBED_COMPARATOR
56896,511,0.2555,0.34179620000000077,0.0001708981000000004,,,58432,486,0.243,0.4373110000000001,0.00021865550000000006,,,3,,,,,,,,,,paired,,,,,,,,-25,,seed_cell,,,61820014,,,0.59,2000,,OFFICIAL_CODE_PLUS_SOURCE_TRANSCRIBED_COMPARATOR
56896,534,0.267,0.3486154999999998,0.0001743077499999999,,,58976,507,0.2535,0.3747229999999991,0.00018736149999999953,,,3,,,,,,,,,,paired,,,,,,,,-27,,seed_cell,,,61820015,,,0.59,2000,,OFFICIAL_CODE_PLUS_SOURCE_TRANSCRIBED_COMPARATOR
55680,548,0.274,0.41102769999999933,0.00020551384999999966,,,56896,537,0.2685,0.3468271999999995,0.00017341359999999975,,,3,,,,,,,,,,paired,,,,,,,,-11,,seed_cell,,,61820016,,,0.59,2000,,OFFICIAL_CODE_PLUS_SOURCE_TRANSCRIBED_COMPARATOR
57504,534,0.267,0.2906205,0.00014531025,,,58928,490,0.245,0.3456507,0.00017282535,,,3,,,,,,,,,,paired,,,,,,,,-44,,seed_cell,,,61820017,,,0.59,2000,,OFFICIAL_CODE_PLUS_SOURCE_TRANSCRIBED_COMPARATOR
55680,522,0.261,0.3747027000000004,0.0001873513500000002,,,57984,501,0.2505,0.3594577000000003,0.00017972885000000017,,,3,,,,,,,,,,paired,,,,,,,,-21,,seed_cell,,,61820018,,,0.59,2000,,OFFICIAL_CODE_PLUS_SOURCE_TRANSCRIBED_COMPARATOR
56288,543,0.2715,0.3844410999999999,0.00019222054999999997,,,57936,509,0.2545,0.3455484000000002,0.0001727742000000001,,,3,,,,,,,,,,paired,,,,,,,,-34,,seed_cell,,,61820019,,,0.59,2000,,OFFICIAL_CODE_PLUS_SOURCE_TRANSCRIBED_COMPARATOR
56288,507,0.2535,0.3851396999999998,0.0001925698499999999,,,58480,493,0.2465,0.3313943999999999,0.00016569719999999996,,,3,,,,,,,,,,paired,,,,,,,,-14,,seed_cell,,,61820020,,,0.59,2000,,OFFICIAL_CODE_PLUS_SOURCE_TRANSCRIBED_COMPARATOR
55072,499,0.2495,0.3895335000000003,0.00019476675000000015,,,56400,457,0.2285,0.3583044000000003,0.00017915220000000014,,,3,,,,,,,,,,paired,,,,,,,,-42,,seed_cell,,,61820021,,,0.59,2000,,OFFICIAL_CODE_PLUS_SOURCE_TRANSCRIBED_COMPARATOR
56288,533,0.2665,0.41623550000000054,0.00020811775000000027,,,57392,489,0.2445,0.3530287000000001,0.00017651435000000005,,,3,,,,,,,,,,paired,,,,,,,,-44,,seed_cell,,,61820022,,,0.59,2000,,OFFICIAL_CODE_PLUS_SOURCE_TRANSCRIBED_COMPARATOR
55680,521,0.2605,0.3686690000000012,0.0001843345000000006,,,57440,510,0.255,0.37846269999999976,0.0001892313499999999,,,3,,,,,,,,,,paired,,,,,,,,-11,,seed_cell,,,61820023,,,0.59,2000,,OFFICIAL_CODE_PLUS_SOURCE_TRANSCRIBED_COMPARATOR
56288,501,0.2505,0.3493442999999999,0.00017467214999999995,,,56848,479,0.2395,0.3739021000000001,0.00018695105000000005,,,3,,,,,,,,,,paired,,,,,,,,-22,,seed_cell,,,61820024,,,0.59,2000,,OFFICIAL_CODE_PLUS_SOURCE_TRANSCRIBED_COMPARATOR
56896,533,0.2665,0.3447123000000002,0.0001723561500000001,,,58976,503,0.2515,0.42303640000000015,0.00021151820000000007,,,3,,,,,,,,,,paired,,,,,,,,-30,,seed_cell,,,61820025,,,0.59,2000,,OFFICIAL_CODE_PLUS_SOURCE_TRANSCRIBED_COMPARATOR
56288,521,0.2605,0.3672836999999993,0.00018364184999999965,,,57936,488,0.244,0.3767053999999999,0.00018835269999999997,,,3,,,,,,,,,,paired,,,,,,,,-33,,seed_cell,,,61820026,,,0.59,2000,,OFFICIAL_CODE_PLUS_SOURCE_TRANSCRIBED_COMPARATOR
55680,568,0.284,0.38836169999999975,0.00019418084999999987,,,56896,547,0.2735,0.4289486000000001,0.00021447430000000005,,,3,,,,,,,,,,paired,,,,,,,,-21,,seed_cell,,,61820027,,,0.59,2000,,OFFICIAL_CODE_PLUS_SOURCE_TRANSCRIBED_COMPARATOR
55680,559,0.2795,0.35519970000000023,0.00017759985000000012,,,57344,524,0.262,0.41356089999999984,0.00020678044999999993,,,3,,,,,,,,,,paired,,,,,,,,-35,,seed_cell,,,61820028,,,0.59,2000,,OFFICIAL_CODE_PLUS_SOURCE_TRANSCRIBED_COMPARATOR
56288,521,0.2605,0.3716383999999999,0.00018581919999999995,,,58480,510,0.255,0.4607530999999996,0.0002303765499999998,,,3,,,,,,,,,,paired,,,,,,,,-11,,seed_cell,,,61820029,,,0.59,2000,,OFFICIAL_CODE_PLUS_SOURCE_TRANSCRIBED_COMPARATOR
55072,544,0.272,0.40044850000000065,0.00020022425000000031,,,56400,515,0.2575,0.31951010000000035,0.00015975505000000018,,,3,,,,,,,,,,paired,,,,,,,,-29,,seed_cell,,,61820030,,,0.59,2000,,OFFICIAL_CODE_PLUS_SOURCE_TRANSCRIBED_COMPARATOR
55072,522,0.261,0.36761249999999995,0.00018380624999999999,,,56944,499,0.2495,0.40587420000000013,0.00020293710000000007,,,3,,,,,,,,,,paired,,,,,,,,-23,,seed_cell,,,61820031,,,0.59,2000,,OFFICIAL_CODE_PLUS_SOURCE_TRANSCRIBED_COMPARATOR
56288,525,0.2625,0.3380607000000001,0.00016903035000000006,,,58432,506,0.253,0.43629150000000017,0.00021814575000000009,,,3,,,,,,,,,,paired,,,,,,,,-19,,seed_cell,,,61820032,,,0.59,2000,,OFFICIAL_CODE_PLUS_SOURCE_TRANSCRIBED_COMPARATOR
56896,551,0.2755,0.35013519999999954,0.00017506759999999977,,,58928,519,0.2595,0.4276206999999994,0.0002138103499999997,,,3,,,,,,,,,,paired,,,,,,,,-32,,seed_cell,,,61820001,,,0.6,2000,,OFFICIAL_CODE_PLUS_SOURCE_TRANSCRIBED_COMPARATOR
57504,603,0.3015,0.30139449999999957,0.00015069724999999977,,,59968,565,0.2825,0.25127899999999986,0.00012563949999999993,,,3,,,,,,,,,,paired,,,,,,,,-38,,seed_cell,,,61820002,,,0.6,2000,,OFFICIAL_CODE_PLUS_SOURCE_TRANSCRIBED_COMPARATOR
56288,578,0.289,0.32270030000000127,0.00016135015000000064,,,58480,522,0.261,0.3609696000000008,0.0001804848000000004,,,3,,,,,,,,,,paired,,,,,,,,-56,,seed_cell,,,61820003,,,0.6,2000,,OFFICIAL_CODE_PLUS_SOURCE_TRANSCRIBED_COMPARATOR
56288,567,0.2835,0.32861149999999967,0.00016430574999999983,,,57936,539,0.2695,0.26925639999999956,0.00013462819999999977,,,3,,,,,,,,,,paired,,,,,,,,-28,,seed_cell,,,61820004,,,0.6,2000,,OFFICIAL_CODE_PLUS_SOURCE_TRANSCRIBED_COMPARATOR
55072,582,0.291,0.42223409999999967,0.00021111704999999983,,,56944,552,0.276,0.3480408999999997,0.00017402044999999985,,,3,,,,,,,,,,paired,,,,,,,,-30,,seed_cell,,,61820005,,,0.6,2000,,OFFICIAL_CODE_PLUS_SOURCE_TRANSCRIBED_COMPARATOR
56288,603,0.3015,0.37672780000000006,0.00018836390000000002,,,57936,564,0.282,0.3572851999999995,0.00017864259999999976,,,3,,,,,,,,,,paired,,,,,,,,-39,,seed_cell,,,61820006,,,0.6,2000,,OFFICIAL_CODE_PLUS_SOURCE_TRANSCRIBED_COMPARATOR
55680,568,0.284,0.4559471000000002,0.0002279735500000001,,,57984,554,0.277,0.3241530000000002,0.0001620765000000001,,,3,,,,,,,,,,paired,,,,,,,,-14,,seed_cell,,,61820007,,,0.6,2000,,OFFICIAL_CODE_PLUS_SOURCE_TRANSCRIBED_COMPARATOR
56288,553,0.2765,0.2913014999999998,0.00014565074999999992,,,57936,531,0.2655,0.42201199999999994,0.00021100599999999996,,,3,,,,,,,,,,paired,,,,,,,,-22,,seed_cell,,,61820008,,,0.6,2000,,OFFICIAL_CODE_PLUS_SOURCE_TRANSCRIBED_COMPARATOR
56288,549,0.2745,0.3886864999999993,0.00019434324999999966,,,57936,547,0.2735,0.40280729999999926,0.00020140364999999963,,,3,,,,,,,,,,paired,,,,,,,,-2,,seed_cell,,,61820009,,,0.6,2000,,OFFICIAL_CODE_PLUS_SOURCE_TRANSCRIBED_COMPARATOR
56288,547,0.2735,0.4327435999999995,0.00021637179999999976,,,56848,534,0.267,0.33093509999999976,0.00016546754999999987,,,3,,,,,,,,,,paired,,,,,,,,-13,,seed_cell,,,61820010,,,0.6,2000,,OFFICIAL_CODE_PLUS_SOURCE_TRANSCRIBED_COMPARATOR
55680,552,0.276,0.3755554999999998,0.0001877777499999999,,,56896,542,0.271,0.35490980000000033,0.00017745490000000016,,,3,,,,,,,,,,paired,,,,,,,,-10,,seed_cell,,,61820011,,,0.6,2000,,OFFICIAL_CODE_PLUS_SOURCE_TRANSCRIBED_COMPARATOR
56288,602,0.301,0.41393960000000035,0.00020696980000000018,,,56848,570,0.285,0.37303200000000036,0.00018651600000000018,,,3,,,,,,,,,,paired,,,,,,,,-32,,seed_cell,,,61820012,,,0.6,2000,,OFFICIAL_CODE_PLUS_SOURCE_TRANSCRIBED_COMPARATOR
56288,612,0.306,0.3805566000000001,0.00019027830000000004,,,57936,569,0.2845,0.3222025999999997,0.00016110129999999983,,,3,,,,,,,,,,paired,,,,,,,,-43,,seed_cell,,,61820013,,,0.6,2000,,OFFICIAL_CODE_PLUS_SOURCE_TRANSCRIBED_COMPARATOR
56896,563,0.2815,0.4277407000000001,0.00021387035000000005,,,58432,554,0.277,0.33780190000000043,0.00016890095000000023,,,3,,,,,,,,,,paired,,,,,,,,-9,,seed_cell,,,61820014,,,0.6,2000,,OFFICIAL_CODE_PLUS_SOURCE_TRANSCRIBED_COMPARATOR
56288,603,0.3015,0.3365417000000006,0.0001682708500000003,,,57392,568,0.284,0.37070889999999973,0.00018535444999999987,,,3,,,,,,,,,,paired,,,,,,,,-35,,seed_cell,,,61820015,,,0.6,2000,,OFFICIAL_CODE_PLUS_SOURCE_TRANSCRIBED_COMPARATOR
55680,567,0.2835,0.38829429999999926,0.00019414714999999963,,,58432,560,0.28,0.43385230000000063,0.0002169261500000003,,,3,,,,,,,,,,paired,,,,,,,,-7,,seed_cell,,,61820016,,,0.6,2000,,OFFICIAL_CODE_PLUS_SOURCE_TRANSCRIBED_COMPARATOR
55680,560,0.28,0.38829109999999983,0.00019414554999999992,,,57440,541,0.2705,0.3350817999999994,0.0001675408999999997,,,3,,,,,,,,,,paired,,,,,,,,-19,,seed_cell,,,61820017,,,0.6,2000,,OFFICIAL_CODE_PLUS_SOURCE_TRANSCRIBED_COMPARATOR
56288,579,0.2895,0.4838781999999998,0.00024193909999999991,,,59024,536,0.268,0.30191570000000056,0.00015095785000000027,,,3,,,,,,,,,,paired,,,,,,,,-43,,seed_cell,,,61820018,,,0.6,2000,,OFFICIAL_CODE_PLUS_SOURCE_TRANSCRIBED_COMPARATOR
56896,569,0.2845,0.432401999999999,0.0002162009999999995,,,59472,550,0.275,0.31026290000000006,0.00015513145000000002,,,3,,,,,,,,,,paired,,,,,,,,-19,,seed_cell,,,61820019,,,0.6,2000,,OFFICIAL_CODE_PLUS_SOURCE_TRANSCRIBED_COMPARATOR
56896,557,0.2785,0.33202860000000045,0.00016601430000000024,,,59472,506,0.253,0.44760589999999983,0.0002238029499999999,,,3,,,,,,,,,,paired,,,,,,,,-51,,seed_cell,,,61820020,,,0.6,2000,,OFFICIAL_CODE_PLUS_SOURCE_TRANSCRIBED_COMPARATOR
55680,587,0.2935,0.3335366000000004,0.0001667683000000002,,,56896,548,0.274,0.4334047999999991,0.00021670239999999955,,,3,,,,,,,,,,paired,,,,,,,,-39,,seed_cell,,,61820021,,,0.6,2000,,OFFICIAL_CODE_PLUS_SOURCE_TRANSCRIBED_COMPARATOR
56896,582,0.291,0.3144245000000003,0.00015721225000000014,,,59520,553,0.2765,0.40443909999999933,0.00020221954999999966,,,3,,,,,,,,,,paired,,,,,,,,-29,,seed_cell,,,61820022,,,0.6,2000,,OFFICIAL_CODE_PLUS_SOURCE_TRANSCRIBED_COMPARATOR
55680,576,0.288,0.29542100000000027,0.00014771050000000012,,,56896,544,0.272,0.3469646999999997,0.00017348234999999985,,,3,,,,,,,,,,paired,,,,,,,,-32,,seed_cell,,,61820023,,,0.6,2000,,OFFICIAL_CODE_PLUS_SOURCE_TRANSCRIBED_COMPARATOR
56896,574,0.287,0.35595209999999927,0.00017797604999999963,,,58384,553,0.2765,0.4329190999999997,0.00021645954999999987,,,3,,,,,,,,,,paired,,,,,,,,-21,,seed_cell,,,61820024,,,0.6,2000,,OFFICIAL_CODE_PLUS_SOURCE_TRANSCRIBED_COMPARATOR
56288,541,0.2705,0.40434549999999964,0.00020217274999999982,,,58480,518,0.259,0.3649604999999997,0.00018248024999999984,,,3,,,,,,,,,,paired,,,,,,,,-23,,seed_cell,,,61820025,,,0.6,2000,,OFFICIAL_CODE_PLUS_SOURCE_TRANSCRIBED_COMPARATOR
57504,551,0.2755,0.3981519000000007,0.00019907595000000035,,,59424,528,0.264,0.34493150000000067,0.00017246575000000035,,,3,,,,,,,,,,paired,,,,,,,,-23,,seed_cell,,,61820026,,,0.6,2000,,OFFICIAL_CODE_PLUS_SOURCE_TRANSCRIBED_COMPARATOR
57504,579,0.2895,0.3631340999999991,0.00018156704999999957,,,58928,565,0.2825,0.3736560999999993,0.00018682804999999966,,,3,,,,,,,,,,paired,,,,,,,,-14,,seed_cell,,,61820027,,,0.6,2000,,OFFICIAL_CODE_PLUS_SOURCE_TRANSCRIBED_COMPARATOR
56896,591,0.2955,0.36916979999999955,0.00018458489999999977,,,58432,558,0.279,0.39122980000000046,0.00019561490000000024,,,3,,,,,,,,,,paired,,,,,,,,-33,,seed_cell,,,61820028,,,0.6,2000,,OFFICIAL_CODE_PLUS_SOURCE_TRANSCRIBED_COMPARATOR
56288,593,0.2965,0.3097769999999992,0.0001548884999999996,,,57392,583,0.2915,0.41630009999999984,0.00020815004999999993,,,3,,,,,,,,,,paired,,,,,,,,-10,,seed_cell,,,61820029,,,0.6,2000,,OFFICIAL_CODE_PLUS_SOURCE_TRANSCRIBED_COMPARATOR
56288,593,0.2965,0.3472507999999993,0.00017362539999999965,,,57936,586,0.293,0.3976801999999997,0.00019884009999999986,,,3,,,,,,,,,,paired,,,,,,,,-7,,seed_cell,,,61820030,,,0.6,2000,,OFFICIAL_CODE_PLUS_SOURCE_TRANSCRIBED_COMPARATOR
56288,560,0.28,0.34268709999999974,0.00017134354999999988,,,57888,551,0.2755,0.4222000000000006,0.00021110000000000028,,,3,,,,,,,,,,paired,,,,,,,,-9,,seed_cell,,,61820031,,,0.6,2000,,OFFICIAL_CODE_PLUS_SOURCE_TRANSCRIBED_COMPARATOR
56288,587,0.2935,0.3221478000000001,0.00016107390000000006,,,57392,550,0.275,0.41380840000000024,0.00020690420000000012,,,3,,,,,,,,,,paired,,,,,,,,-37,,seed_cell,,,61820032,,,0.6,2000,,OFFICIAL_CODE_PLUS_SOURCE_TRANSCRIBED_COMPARATOR
56896,646,0.323,0.38329850000000126,0.00019164925000000064,,,58976,593,0.2965,0.37269649999999876,0.00018634824999999938,,,3,,,,,,,,,,paired,,,,,,,,-53,,seed_cell,,,61820001,,,0.61,2000,,OFFICIAL_CODE_PLUS_SOURCE_TRANSCRIBED_COMPARATOR
57504,604,0.302,0.3678969999999996,0.00018394849999999979,,,57840,572,0.286,0.38350360000000017,0.00019175180000000007,,,3,,,,,,,,,,paired,,,,,,,,-32,,seed_cell,,,61820002,,,0.61,2000,,OFFICIAL_CODE_PLUS_SOURCE_TRANSCRIBED_COMPARATOR
56896,631,0.3155,0.3866547999999995,0.00019332739999999976,,,58432,607,0.3035,0.42299520000000074,0.00021149760000000037,,,3,,,,,,,,,,paired,,,,,,,,-24,,seed_cell,,,61820003,,,0.61,2000,,OFFICIAL_CODE_PLUS_SOURCE_TRANSCRIBED_COMPARATOR
57504,628,0.314,0.3186420000000004,0.00015932100000000022,,,59472,613,0.3065,0.42688660000000034,0.00021344330000000017,,,3,,,,,,,,,,paired,,,,,,,,-15,,seed_cell,,,61820004,,,0.61,2000,,OFFICIAL_CODE_PLUS_SOURCE_TRANSCRIBED_COMPARATOR
57504,614,0.307,0.43924279999999993,0.00021962139999999998,,,59472,583,0.2915,0.3703844999999998,0.00018519224999999988,,,3,,,,,,,,,,paired,,,,,,,,-31,,seed_cell,,,61820005,,,0.61,2000,,OFFICIAL_CODE_PLUS_SOURCE_TRANSCRIBED_COMPARATOR
55680,614,0.307,0.32488429999999974,0.00016244214999999986,,,57440,578,0.289,0.38310460000000046,0.00019155230000000024,,,3,,,,,,,,,,paired,,,,,,,,-36,,seed_cell,,,61820006,,,0.61,2000,,OFFICIAL_CODE_PLUS_SOURCE_TRANSCRIBED_COMPARATOR
56896,600,0.3,0.29708700000000043,0.00014854350000000023,,,57888,559,0.2795,0.48070760000000023,0.00024035380000000012,,,3,,,,,,,,,,paired,,,,,,,,-41,,seed_cell,,,61820007,,,0.61,2000,,OFFICIAL_CODE_PLUS_SOURCE_TRANSCRIBED_COMPARATOR
55072,604,0.302,0.41692279999999987,0.00020846139999999993,,,56400,566,0.283,0.3266049000000006,0.0001633024500000003,,,3,,,,,,,,,,paired,,,,,,,,-38,,seed_cell,,,61820008,,,0.61,2000,,OFFICIAL_CODE_PLUS_SOURCE_TRANSCRIBED_COMPARATOR
56288,575,0.2875,0.3017248,0.0001508624,,,56848,568,0.284,0.4830778000000005,0.00024153890000000024,,,3,,,,,,,,,,paired,,,,,,,,-7,,seed_cell,,,61820009,,,0.61,2000,,OFFICIAL_CODE_PLUS_SOURCE_TRANSCRIBED_COMPARATOR
55072,617,0.3085,0.36640899999999943,0.00018320449999999973,,,58032,625,0.3125,0.3769755000000004,0.00018848775000000021,,,3,,,,,,,,,,paired,,,,,,,,8,,seed_cell,,,61820010,,,0.61,2000,,OFFICIAL_CODE_PLUS_SOURCE_TRANSCRIBED_COMPARATOR
56896,608,0.304,0.36743599999999993,0.00018371799999999998,,,58384,572,0.286,0.4126590999999997,0.00020632954999999986,,,3,,,,,,,,,,paired,,,,,,,,-36,,seed_cell,,,61820011,,,0.61,2000,,OFFICIAL_CODE_PLUS_SOURCE_TRANSCRIBED_COMPARATOR
55680,617,0.3085,0.4322270999999999,0.00021611354999999995,,,57984,587,0.2935,0.3572696,0.0001786348,,,3,,,,,,,,,,paired,,,,,,,,-30,,seed_cell,,,61820012,,,0.61,2000,,OFFICIAL_CODE_PLUS_SOURCE_TRANSCRIBED_COMPARATOR
56896,610,0.305,0.31161710000000076,0.0001558085500000004,,,57344,577,0.2885,0.43975819999999965,0.00021987909999999982,,,3,,,,,,,,,,paired,,,,,,,,-33,,seed_cell,,,61820013,,,0.61,2000,,OFFICIAL_CODE_PLUS_SOURCE_TRANSCRIBED_COMPARATOR
55680,611,0.3055,0.3192573999999998,0.0001596286999999999,,,56352,596,0.298,0.45643399999999995,0.000228217,,,3,,,,,,,,,,paired,,,,,,,,-15,,seed_cell,,,61820014,,,0.61,2000,,OFFICIAL_CODE_PLUS_SOURCE_TRANSCRIBED_COMPARATOR
56896,580,0.29,0.37493400000000005,0.00018746700000000003,,,58432,565,0.2825,0.4770626999999997,0.00023853134999999985,,,3,,,,,,,,,,paired,,,,,,,,-15,,seed_cell,,,61820015,,,0.61,2000,,OFFICIAL_CODE_PLUS_SOURCE_TRANSCRIBED_COMPARATOR
56896,608,0.304,0.36386569999999996,0.00018193284999999998,,,57888,569,0.2845,0.35119410000000006,0.00017559705000000004,,,3,,,,,,,,,,paired,,,,,,,,-39,,seed_cell,,,61820016,,,0.61,2000,,OFFICIAL_CODE_PLUS_SOURCE_TRANSCRIBED_COMPARATOR
55680,608,0.304,0.4618657999999988,0.0002309328999999994,,,57440,588,0.294,0.32799639999999997,0.00016399819999999998,,,3,,,,,,,,,,paired,,,,,,,,-20,,seed_cell,,,61820017,,,0.61,2000,,OFFICIAL_CODE_PLUS_SOURCE_TRANSCRIBED_COMPARATOR
55680,630,0.315,0.38558269999999994,0.00019279134999999997,,,57440,589,0.2945,0.3684580000000006,0.0001842290000000003,,,3,,,,,,,,,,paired,,,,,,,,-41,,seed_cell,,,61820018,,,0.61,2000,,OFFICIAL_CODE_PLUS_SOURCE_TRANSCRIBED_COMPARATOR
55680,598,0.299,0.30796840000000053,0.00015398420000000025,,,57440,591,0.2955,0.5038915000000009,0.0002519457500000005,,,3,,,,,,,,,,paired,,,,,,,,-7,,seed_cell,,,61820019,,,0.61,2000,,OFFICIAL_CODE_PLUS_SOURCE_TRANSCRIBED_COMPARATOR
55680,641,0.3205,0.27841780000000044,0.0001392089000000002,,,57984,609,0.3045,0.33976979999999934,0.00016988489999999969,,,3,,,,,,,,,,paired,,,,,,,,-32,,seed_cell,,,61820020,,,0.61,2000,,OFFICIAL_CODE_PLUS_SOURCE_TRANSCRIBED_COMPARATOR
55072,639,0.3195,0.46805010000000047,0.00023402505000000024,,,57488,625,0.3125,0.3278198,0.0001639099,,,3,,,,,,,,,,paired,,,,,,,,-14,,seed_cell,,,61820021,,,0.61,2000,,OFFICIAL_CODE_PLUS_SOURCE_TRANSCRIBED_COMPARATOR
56288,629,0.3145,0.3817356000000006,0.0001908678000000003,,,57936,598,0.299,0.3746482999999998,0.0001873241499999999,,,3,,,,,,,,,,paired,,,,,,,,-31,,seed_cell,,,61820022,,,0.61,2000,,OFFICIAL_CODE_PLUS_SOURCE_TRANSCRIBED_COMPARATOR
56288,614,0.307,0.36526849999999966,0.00018263424999999983,,,58480,596,0.298,0.3956829000000004,0.00019784145000000019,,,3,,,,,,,,,,paired,,,,,,,,-18,,seed_cell,,,61820023,,,0.61,2000,,OFFICIAL_CODE_PLUS_SOURCE_TRANSCRIBED_COMPARATOR
56288,615,0.3075,0.30670130000000007,0.00015335065000000005,,,57936,590,0.295,0.46118430000000016,0.00023059215000000008,,,3,,,,,,,,,,paired,,,,,,,,-25,,seed_cell,,,61820024,,,0.61,2000,,OFFICIAL_CODE_PLUS_SOURCE_TRANSCRIBED_COMPARATOR
56896,599,0.2995,0.4350311999999998,0.0002175155999999999,,,57888,584,0.292,0.36890090000000003,0.00018445045000000003,,,3,,,,,,,,,,paired,,,,,,,,-15,,seed_cell,,,61820025,,,0.61,2000,,OFFICIAL_CODE_PLUS_SOURCE_TRANSCRIBED_COMPARATOR
56896,667,0.3335,0.35832100000000044,0.0001791605000000002,,,58432,639,0.3195,0.4207854999999998,0.0002103927499999999,,,3,,,,,,,,,,paired,,,,,,,,-28,,seed_cell,,,61820026,,,0.61,2000,,OFFICIAL_CODE_PLUS_SOURCE_TRANSCRIBED_COMPARATOR
56896,618,0.309,0.42610680000000006,0.00021305340000000002,,,58432,567,0.2835,0.35993690000000006,0.00017996845000000004,,,3,,,,,,,,,,paired,,,,,,,,-51,,seed_cell,,,61820027,,,0.61,2000,,OFFICIAL_CODE_PLUS_SOURCE_TRANSCRIBED_COMPARATOR
56896,646,0.323,0.32303539999999925,0.00016151769999999963,,,57888,614,0.307,0.4309785999999998,0.0002154892999999999,,,3,,,,,,,,,,paired,,,,,,,,-32,,seed_cell,,,61820028,,,0.61,2000,,OFFICIAL_CODE_PLUS_SOURCE_TRANSCRIBED_COMPARATOR
56288,639,0.3195,0.37351710000000066,0.00018675855000000033,,,57936,606,0.303,0.40137430000000063,0.0002006871500000003,,,3,,,,,,,,,,paired,,,,,,,,-33,,seed_cell,,,61820029,,,0.61,2000,,OFFICIAL_CODE_PLUS_SOURCE_TRANSCRIBED_COMPARATOR
55680,610,0.305,0.4335700999999997,0.00021678504999999985,,,57440,603,0.3015,0.40102659999999923,0.00020051329999999962,,,3,,,,,,,,,,paired,,,,,,,,-7,,seed_cell,,,61820030,,,0.61,2000,,OFFICIAL_CODE_PLUS_SOURCE_TRANSCRIBED_COMPARATOR
56288,605,0.3025,0.4559444999999998,0.0002279722499999999,,,58480,579,0.2895,0.36014080000000037,0.0001800704000000002,,,3,,,,,,,,,,paired,,,,,,,,-26,,seed_cell,,,61820031,,,0.61,2000,,OFFICIAL_CODE_PLUS_SOURCE_TRANSCRIBED_COMPARATOR
56288,639,0.3195,0.49810209999999994,0.00024905105,,,58480,599,0.2995,0.4101734999999995,0.00020508674999999976,,,3,,,,,,,,,,paired,,,,,,,,-40,,seed_cell,,,61820032,,,0.61,2000,,OFFICIAL_CODE_PLUS_SOURCE_TRANSCRIBED_COMPARATOR
56288,683,0.3415,0.38300450000000075,0.00019150225000000038,,,57392,656,0.328,0.41295889999999963,0.00020647944999999983,,,3,,,,,,,,,,paired,,,,,,,,-27,,seed_cell,,,61820001,,,0.62,2000,,OFFICIAL_CODE_PLUS_SOURCE_TRANSCRIBED_COMPARATOR
56288,648,0.324,0.3652947999999998,0.0001826473999999999,,,57936,650,0.325,0.4006569000000001,0.00020032845000000004,,,3,,,,,,,,,,paired,,,,,,,,2,,seed_cell,,,61820002,,,0.62,2000,,OFFICIAL_CODE_PLUS_SOURCE_TRANSCRIBED_COMPARATOR
55680,657,0.3285,0.2891668000000004,0.00014458340000000019,,,57440,644,0.322,0.44630029999999976,0.0002231501499999999,,,3,,,,,,,,,,paired,,,,,,,,-13,,seed_cell,,,61820003,,,0.62,2000,,OFFICIAL_CODE_PLUS_SOURCE_TRANSCRIBED_COMPARATOR
56288,647,0.3235,0.46542080000000147,0.00023271040000000075,,,57936,629,0.3145,0.35032619999999987,0.00017516309999999994,,,3,,,,,,,,,,paired,,,,,,,,-18,,seed_cell,,,61820004,,,0.62,2000,,OFFICIAL_CODE_PLUS_SOURCE_TRANSCRIBED_COMPARATOR
56288,666,0.333,0.37310719999999997,0.0001865536,,,56848,627,0.3135,0.3921611999999996,0.0001960805999999998,,,3,,,,,,,,,,paired,,,,,,,,-39,,seed_cell,,,61820005,,,0.62,2000,,OFFICIAL_CODE_PLUS_SOURCE_TRANSCRIBED_COMPARATOR
57504,647,0.3235,0.4648664000000011,0.00023243320000000057,,,60512,632,0.316,0.3582355000000004,0.0001791177500000002,,,3,,,,,,,,,,paired,,,,,,,,-15,,seed_cell,,,61820006,,,0.62,2000,,OFFICIAL_CODE_PLUS_SOURCE_TRANSCRIBED_COMPARATOR
56288,636,0.318,0.36624020000000024,0.0001831201000000001,,,58480,606,0.303,0.32641720000000046,0.00016320860000000023,,,3,,,,,,,,,,paired,,,,,,,,-30,,seed_cell,,,61820007,,,0.62,2000,,OFFICIAL_CODE_PLUS_SOURCE_TRANSCRIBED_COMPARATOR
56896,653,0.3265,0.39983519999999967,0.00019991759999999983,,,58432,620,0.31,0.3865499999999992,0.00019327499999999962,,,3,,,,,,,,,,paired,,,,,,,,-33,,seed_cell,,,61820008,,,0.62,2000,,OFFICIAL_CODE_PLUS_SOURCE_TRANSCRIBED_COMPARATOR
56288,667,0.3335,0.3197512000000004,0.0001598756000000002,,,57392,656,0.328,0.43115609999999976,0.00021557804999999987,,,3,,,,,,,,,,paired,,,,,,,,-11,,seed_cell,,,61820009,,,0.62,2000,,OFFICIAL_CODE_PLUS_SOURCE_TRANSCRIBED_COMPARATOR
56896,661,0.3305,0.40238190000000035,0.00020119095000000018,,,59520,627,0.3135,0.34597410000000006,0.00017298705000000003,,,3,,,,,,,,,,paired,,,,,,,,-34,,seed_cell,,,61820010,,,0.62,2000,,OFFICIAL_CODE_PLUS_SOURCE_TRANSCRIBED_COMPARATOR
55072,682,0.341,0.36915440000000005,0.00018457720000000002,,,56944,664,0.332,0.3791993999999996,0.0001895996999999998,,,3,,,,,,,,,,paired,,,,,,,,-18,,seed_cell,,,61820011,,,0.62,2000,,OFFICIAL_CODE_PLUS_SOURCE_TRANSCRIBED_COMPARATOR
56896,654,0.327,0.3424093,0.00017120465,,,58976,633,0.3165,0.4251672000000008,0.0002125836000000004,,,3,,,,,,,,,,paired,,,,,,,,-21,,seed_cell,,,61820012,,,0.62,2000,,OFFICIAL_CODE_PLUS_SOURCE_TRANSCRIBED_COMPARATOR
56288,664,0.332,0.3046733999999998,0.0001523366999999999,,,58480,643,0.3215,0.39323770000000047,0.00019661885000000023,,,3,,,,,,,,,,paired,,,,,,,,-21,,seed_cell,,,61820013,,,0.62,2000,,OFFICIAL_CODE_PLUS_SOURCE_TRANSCRIBED_COMPARATOR
55680,663,0.3315,0.33819050000000056,0.00016909525000000027,,,57440,636,0.318,0.43966720000000026,0.00021983360000000013,,,3,,,,,,,,,,paired,,,,,,,,-27,,seed_cell,,,61820014,,,0.62,2000,,OFFICIAL_CODE_PLUS_SOURCE_TRANSCRIBED_COMPARATOR
56896,645,0.3225,0.30299819999999994,0.00015149909999999996,,,58432,638,0.319,0.42666650000000056,0.0002133332500000003,,,3,,,,,,,,,,paired,,,,,,,,-7,,seed_cell,,,61820015,,,0.62,2000,,OFFICIAL_CODE_PLUS_SOURCE_TRANSCRIBED_COMPARATOR
56896,659,0.3295,0.42552639999999964,0.0002127631999999998,,,57888,632,0.316,0.37572250000000096,0.0001878612500000005,,,3,,,,,,,,,,paired,,,,,,,,-27,,seed_cell,,,61820016,,,0.62,2000,,OFFICIAL_CODE_PLUS_SOURCE_TRANSCRIBED_COMPARATOR
55072,672,0.336,0.3576929000000002,0.0001788464500000001,,,56400,639,0.3195,0.38652899999999923,0.0001932644999999996,,,3,,,,,,,,,,paired,,,,,,,,-33,,seed_cell,,,61820017,,,0.62,2000,,OFFICIAL_CODE_PLUS_SOURCE_TRANSCRIBED_COMPARATOR
58112,678,0.339,0.4798045000000002,0.0002399022500000001,,,59424,663,0.3315,0.2996332000000002,0.0001498166000000001,,,3,,,,,,,,,,paired,,,,,,,,-15,,seed_cell,,,61820018,,,0.62,2000,,OFFICIAL_CODE_PLUS_SOURCE_TRANSCRIBED_COMPARATOR
56896,670,0.335,0.35890809999999973,0.00017945404999999986,,,58928,660,0.33,0.3477093000000003,0.00017385465000000015,,,3,,,,,,,,,,paired,,,,,,,,-10,,seed_cell,,,61820019,,,0.62,2000,,OFFICIAL_CODE_PLUS_SOURCE_TRANSCRIBED_COMPARATOR
56288,677,0.3385,0.40432210000000096,0.00020216105000000047,,,58480,642,0.321,0.36344280000000057,0.00018172140000000028,,,3,,,,,,,,,,paired,,,,,,,,-35,,seed_cell,,,61820020,,,0.62,2000,,OFFICIAL_CODE_PLUS_SOURCE_TRANSCRIBED_COMPARATOR
56896,649,0.3245,0.3925815000000003,0.00019629075000000015,,,58928,635,0.3175,0.33922449999999976,0.00016961224999999987,,,3,,,,,,,,,,paired,,,,,,,,-14,,seed_cell,,,61820021,,,0.62,2000,,OFFICIAL_CODE_PLUS_SOURCE_TRANSCRIBED_COMPARATOR
56288,679,0.3395,0.3526456000000002,0.0001763228000000001,,,57392,644,0.322,0.4256115999999997,0.00021280579999999986,,,3,,,,,,,,,,paired,,,,,,,,-35,,seed_cell,,,61820022,,,0.62,2000,,OFFICIAL_CODE_PLUS_SOURCE_TRANSCRIBED_COMPARATOR
56288,660,0.33,0.3002131999999996,0.0001501065999999998,,,58976,640,0.32,0.4533467999999992,0.0002266733999999996,,,3,,,,,,,,,,paired,,,,,,,,-20,,seed_cell,,,61820023,,,0.62,2000,,OFFICIAL_CODE_PLUS_SOURCE_TRANSCRIBED_COMPARATOR
56896,631,0.3155,0.37500649999999985,0.00018750324999999992,,,57888,607,0.3035,0.39441239999999944,0.00019720619999999972,,,3,,,,,,,,,,paired,,,,,,,,-24,,seed_cell,,,61820024,,,0.62,2000,,OFFICIAL_CODE_PLUS_SOURCE_TRANSCRIBED_COMPARATOR
56896,662,0.331,0.4422445999999996,0.0002211222999999998,,,58976,647,0.3235,0.362525199999999,0.0001812625999999995,,,3,,,,,,,,,,paired,,,,,,,,-15,,seed_cell,,,61820025,,,0.62,2000,,OFFICIAL_CODE_PLUS_SOURCE_TRANSCRIBED_COMPARATOR
56288,629,0.3145,0.3823443000000008,0.0001911721500000004,,,57344,627,0.3135,0.3301962000000001,0.00016509810000000006,,,3,,,,,,,,,,paired,,,,,,,,-2,,seed_cell,,,61820026,,,0.62,2000,,OFFICIAL_CODE_PLUS_SOURCE_TRANSCRIBED_COMPARATOR
55680,660,0.33,0.3599699000000006,0.0001799849500000003,,,57440,633,0.3165,0.41656169999999965,0.00020828084999999983,,,3,,,,,,,,,,paired,,,,,,,,-27,,seed_cell,,,61820027,,,0.62,2000,,OFFICIAL_CODE_PLUS_SOURCE_TRANSCRIBED_COMPARATOR
55072,638,0.319,0.3659319000000007,0.00018296595000000035,,,55856,605,0.3025,0.402357,0.0002011785,,,3,,,,,,,,,,paired,,,,,,,,-33,,seed_cell,,,61820028,,,0.62,2000,,OFFICIAL_CODE_PLUS_SOURCE_TRANSCRIBED_COMPARATOR
56896,683,0.3415,0.33564259999999974,0.00016782129999999988,,,58432,647,0.3235,0.38953780000000016,0.00019476890000000007,,,3,,,,,,,,,,paired,,,,,,,,-36,,seed_cell,,,61820029,,,0.62,2000,,OFFICIAL_CODE_PLUS_SOURCE_TRANSCRIBED_COMPARATOR
56288,603,0.3015,0.39397440000000045,0.00019698720000000023,,,57392,578,0.289,0.3776428000000009,0.00018882140000000045,,,3,,,,,,,,,,paired,,,,,,,,-25,,seed_cell,,,61820030,,,0.62,2000,,OFFICIAL_CODE_PLUS_SOURCE_TRANSCRIBED_COMPARATOR
57504,673,0.3365,0.3379661000000001,0.00016898305000000006,,,59472,641,0.3205,0.39899359999999995,0.00019949679999999996,,,3,,,,,,,,,,paired,,,,,,,,-32,,seed_cell,,,61820031,,,0.62,2000,,OFFICIAL_CODE_PLUS_SOURCE_TRANSCRIBED_COMPARATOR
56288,681,0.3405,0.2776166000000004,0.0001388083000000002,,,57936,633,0.3165,0.4409858999999998,0.00022049294999999992,,,3,,,,,,,,,,paired,,,,,,,,-48,,seed_cell,,,61820032,,,0.62,2000,,OFFICIAL_CODE_PLUS_SOURCE_TRANSCRIBED_COMPARATOR
56896,694,0.347,0.2914818000000005,0.00014574090000000025,,,57888,670,0.335,0.36984139999999993,0.00018492069999999995,,,3,,,,,,,,,,paired,,,,,,,,-24,,seed_cell,,,61820001,,,0.63,2000,,OFFICIAL_CODE_PLUS_SOURCE_TRANSCRIBED_COMPARATOR
56896,705,0.3525,0.39585130000000013,0.00019792565000000006,,,57888,675,0.3375,0.4134006,0.0002067003,,,3,,,,,,,,,,paired,,,,,,,,-30,,seed_cell,,,61820002,,,0.63,2000,,OFFICIAL_CODE_PLUS_SOURCE_TRANSCRIBED_COMPARATOR
56896,699,0.3495,0.2648517000000005,0.00013242585000000027,,,58976,662,0.331,0.3722062999999998,0.0001861031499999999,,,3,,,,,,,,,,paired,,,,,,,,-37,,seed_cell,,,61820003,,,0.63,2000,,OFFICIAL_CODE_PLUS_SOURCE_TRANSCRIBED_COMPARATOR
56896,718,0.359,0.37709500000000024,0.00018854750000000013,,,58432,711,0.3555,0.39123930000000007,0.00019561965000000004,,,3,,,,,,,,,,paired,,,,,,,,-7,,seed_cell,,,61820004,,,0.63,2000,,OFFICIAL_CODE_PLUS_SOURCE_TRANSCRIBED_COMPARATOR
56896,718,0.359,0.35284550000000037,0.00017642275000000017,,,58432,689,0.3445,0.38710110000000053,0.00019355055000000026,,,3,,,,,,,,,,paired,,,,,,,,-29,,seed_cell,,,61820005,,,0.63,2000,,OFFICIAL_CODE_PLUS_SOURCE_TRANSCRIBED_COMPARATOR
56288,646,0.323,0.3773650999999999,0.00018868254999999994,,,58480,632,0.316,0.45274460000000055,0.00022637230000000029,,,3,,,,,,,,,,paired,,,,,,,,-14,,seed_cell,,,61820006,,,0.63,2000,,OFFICIAL_CODE_PLUS_SOURCE_TRANSCRIBED_COMPARATOR
56896,740,0.37,0.3511222000000002,0.0001755611000000001,,,58432,700,0.35,0.43912020000000035,0.00021956010000000016,,,3,,,,,,,,,,paired,,,,,,,,-40,,seed_cell,,,61820007,,,0.63,2000,,OFFICIAL_CODE_PLUS_SOURCE_TRANSCRIBED_COMPARATOR
55680,689,0.3445,0.4403160000000004,0.0002201580000000002,,,56896,681,0.3405,0.3665503000000004,0.00018327515000000018,,,3,,,,,,,,,,paired,,,,,,,,-8,,seed_cell,,,61820008,,,0.63,2000,,OFFICIAL_CODE_PLUS_SOURCE_TRANSCRIBED_COMPARATOR
56288,697,0.3485,0.3341318999999994,0.00016706594999999971,,,58976,685,0.3425,0.3698261000000003,0.00018491305000000016,,,3,,,,,,,,,,paired,,,,,,,,-12,,seed_cell,,,61820009,,,0.63,2000,,OFFICIAL_CODE_PLUS_SOURCE_TRANSCRIBED_COMPARATOR
56288,727,0.3635,0.3453292000000004,0.0001726646000000002,,,58480,682,0.341,0.43753659999999933,0.00021876829999999966,,,3,,,,,,,,,,paired,,,,,,,,-45,,seed_cell,,,61820010,,,0.63,2000,,OFFICIAL_CODE_PLUS_SOURCE_TRANSCRIBED_COMPARATOR
56896,723,0.3615,0.35094940000000047,0.00017547470000000025,,,58976,687,0.3435,0.3952390000000002,0.0001976195000000001,,,3,,,,,,,,,,paired,,,,,,,,-36,,seed_cell,,,61820011,,,0.63,2000,,OFFICIAL_CODE_PLUS_SOURCE_TRANSCRIBED_COMPARATOR
56288,737,0.3685,0.3594978999999996,0.0001797489499999998,,,58480,690,0.345,0.43313880000000005,0.00021656940000000003,,,3,,,,,,,,,,paired,,,,,,,,-47,,seed_cell,,,61820012,,,0.63,2000,,OFFICIAL_CODE_PLUS_SOURCE_TRANSCRIBED_COMPARATOR
56288,697,0.3485,0.3554795000000002,0.00017773975000000012,,,58480,650,0.325,0.4150063,0.00020750315,,,3,,,,,,,,,,paired,,,,,,,,-47,,seed_cell,,,61820013,,,0.63,2000,,OFFICIAL_CODE_PLUS_SOURCE_TRANSCRIBED_COMPARATOR
56288,688,0.344,0.29746470000000036,0.00014873235000000017,,,58480,658,0.329,0.48140320000000036,0.0002407016000000002,,,3,,,,,,,,,,paired,,,,,,,,-30,,seed_cell,,,61820014,,,0.63,2000,,OFFICIAL_CODE_PLUS_SOURCE_TRANSCRIBED_COMPARATOR
56288,712,0.356,0.3488570000000008,0.0001744285000000004,,,58480,668,0.334,0.3972797000000006,0.0001986398500000003,,,3,,,,,,,,,,paired,,,,,,,,-44,,seed_cell,,,61820015,,,0.63,2000,,OFFICIAL_CODE_PLUS_SOURCE_TRANSCRIBED_COMPARATOR
55680,688,0.344,0.3693153000000002,0.00018465765000000008,,,57984,668,0.334,0.4013889000000003,0.00020069445000000017,,,3,,,,,,,,,,paired,,,,,,,,-20,,seed_cell,,,61820016,,,0.63,2000,,OFFICIAL_CODE_PLUS_SOURCE_TRANSCRIBED_COMPARATOR
57504,694,0.347,0.3609040000000006,0.0001804520000000003,,,59376,653,0.3265,0.4072237000000001,0.00020361185000000005,,,3,,,,,,,,,,paired,,,,,,,,-41,,seed_cell,,,61820017,,,0.63,2000,,OFFICIAL_CODE_PLUS_SOURCE_TRANSCRIBED_COMPARATOR
55680,733,0.3665,0.2868615,0.00014343074999999999,,,57984,662,0.331,0.46159090000000025,0.00023079545000000013,,,3,,,,,,,,,,paired,,,,,,,,-71,,seed_cell,,,61820018,,,0.63,2000,,OFFICIAL_CODE_PLUS_SOURCE_TRANSCRIBED_COMPARATOR
56896,710,0.355,0.30138330000000035,0.00015069165000000017,,,58432,709,0.3545,0.3771074000000004,0.0001885537000000002,,,3,,,,,,,,,,paired,,,,,,,,-1,,seed_cell,,,61820019,,,0.63,2000,,OFFICIAL_CODE_PLUS_SOURCE_TRANSCRIBED_COMPARATOR
56288,692,0.346,0.40260310000000027,0.00020130155000000014,,,58480,665,0.3325,0.4020289000000012,0.0002010144500000006,,,3,,,,,,,,,,paired,,,,,,,,-27,,seed_cell,,,61820020,,,0.63,2000,,OFFICIAL_CODE_PLUS_SOURCE_TRANSCRIBED_COMPARATOR
56896,726,0.363,0.3010893000000013,0.00015054465000000064,,,57344,674,0.337,0.3797123000000004,0.0001898561500000002,,,3,,,,,,,,,,paired,,,,,,,,-52,,seed_cell,,,61820021,,,0.63,2000,,OFFICIAL_CODE_PLUS_SOURCE_TRANSCRIBED_COMPARATOR
55072,696,0.348,0.4235858000000002,0.0002117929000000001,,,56944,686,0.343,0.37322959999999994,0.00018661479999999996,,,3,,,,,,,,,,paired,,,,,,,,-10,,seed_cell,,,61820022,,,0.63,2000,,OFFICIAL_CODE_PLUS_SOURCE_TRANSCRIBED_COMPARATOR
56288,693,0.3465,0.42404710000000034,0.00021202355000000017,,,57392,662,0.331,0.3101656000000001,0.00015508280000000005,,,3,,,,,,,,,,paired,,,,,,,,-31,,seed_cell,,,61820023,,,0.63,2000,,OFFICIAL_CODE_PLUS_SOURCE_TRANSCRIBED_COMPARATOR
56896,720,0.36,0.30324919999999966,0.00015162459999999982,,,58976,681,0.3405,0.5120549999999993,0.0002560274999999996,,,3,,,,,,,,,,paired,,,,,,,,-39,,seed_cell,,,61820024,,,0.63,2000,,OFFICIAL_CODE_PLUS_SOURCE_TRANSCRIBED_COMPARATOR
55072,691,0.3455,0.3419742,0.0001709871,,,56944,644,0.322,0.37570410000000015,0.0001878520500000001,,,3,,,,,,,,,,paired,,,,,,,,-47,,seed_cell,,,61820025,,,0.63,2000,,OFFICIAL_CODE_PLUS_SOURCE_TRANSCRIBED_COMPARATOR
57504,699,0.3495,0.3333081999999998,0.0001666540999999999,,,57840,695,0.3475,0.44262460000000037,0.0002213123000000002,,,3,,,,,,,,,,paired,,,,,,,,-4,,seed_cell,,,61820026,,,0.63,2000,,OFFICIAL_CODE_PLUS_SOURCE_TRANSCRIBED_COMPARATOR
56288,704,0.352,0.40835910000000064,0.00020417955000000032,,,58480,680,0.34,0.3095985000000002,0.00015479925000000012,,,3,,,,,,,,,,paired,,,,,,,,-24,,seed_cell,,,61820027,,,0.63,2000,,OFFICIAL_CODE_PLUS_SOURCE_TRANSCRIBED_COMPARATOR
56288,656,0.328,0.30701389999999984,0.00015350694999999992,,,57888,666,0.333,0.47838160000000035,0.00023919080000000018,,,3,,,,,,,,,,paired,,,,,,,,10,,seed_cell,,,61820028,,,0.63,2000,,OFFICIAL_CODE_PLUS_SOURCE_TRANSCRIBED_COMPARATOR
56288,679,0.3395,0.3763426000000003,0.00018817130000000015,,,59024,653,0.3265,0.33794850000000026,0.00016897425000000012,,,3,,,,,,,,,,paired,,,,,,,,-26,,seed_cell,,,61820029,,,0.63,2000,,OFFICIAL_CODE_PLUS_SOURCE_TRANSCRIBED_COMPARATOR
55680,700,0.35,0.3742899000000003,0.00018714495000000014,,,56896,651,0.3255,0.37217299999999964,0.0001860864999999998,,,3,,,,,,,,,,paired,,,,,,,,-49,,seed_cell,,,61820030,,,0.63,2000,,OFFICIAL_CODE_PLUS_SOURCE_TRANSCRIBED_COMPARATOR
56896,734,0.367,0.3938129000000006,0.0001969064500000003,,,58432,705,0.3525,0.3627995999999994,0.0001813997999999997,,,3,,,,,,,,,,paired,,,,,,,,-29,,seed_cell,,,61820031,,,0.63,2000,,OFFICIAL_CODE_PLUS_SOURCE_TRANSCRIBED_COMPARATOR
56288,650,0.325,0.3105743000000001,0.00015528715000000004,,,58480,632,0.316,0.43989980000000056,0.00021994990000000027,,,3,,,,,,,,,,paired,,,,,,,,-18,,seed_cell,,,61820032,,,0.63,2000,,OFFICIAL_CODE_PLUS_SOURCE_TRANSCRIBED_COMPARATOR
55072,746,0.373,0.38483850000000075,0.00019241925000000037,,,56400,708,0.354,0.3437680999999995,0.00017188404999999977,,,3,,,,,,,,,,paired,,,,,,,,-38,,seed_cell,,,61820001,,,0.64,2000,,OFFICIAL_CODE_PLUS_SOURCE_TRANSCRIBED_COMPARATOR
55680,792,0.396,0.41687509999999933,0.00020843754999999966,,,56896,736,0.368,0.351369,0.0001756845,,,3,,,,,,,,,,paired,,,,,,,,-56,,seed_cell,,,61820002,,,0.64,2000,,OFFICIAL_CODE_PLUS_SOURCE_TRANSCRIBED_COMPARATOR
55680,752,0.376,0.35519639999999986,0.00017759819999999994,,,57440,738,0.369,0.3735971000000002,0.0001867985500000001,,,3,,,,,,,,,,paired,,,,,,,,-14,,seed_cell,,,61820003,,,0.64,2000,,OFFICIAL_CODE_PLUS_SOURCE_TRANSCRIBED_COMPARATOR
58112,767,0.3835,0.3137867000000007,0.00015689335000000035,,,59424,723,0.3615,0.39785510000000035,0.00019892755000000016,,,3,,,,,,,,,,paired,,,,,,,,-44,,seed_cell,,,61820004,,,0.64,2000,,OFFICIAL_CODE_PLUS_SOURCE_TRANSCRIBED_COMPARATOR
56288,744,0.372,0.4250412000000002,0.00021252060000000007,,,57936,723,0.3615,0.3994204999999996,0.0001997102499999998,,,3,,,,,,,,,,paired,,,,,,,,-21,,seed_cell,,,61820005,,,0.64,2000,,OFFICIAL_CODE_PLUS_SOURCE_TRANSCRIBED_COMPARATOR
57504,765,0.3825,0.4132624000000006,0.0002066312000000003,,,60016,725,0.3625,0.4447660000000003,0.00022238300000000015,,,3,,,,,,,,,,paired,,,,,,,,-40,,seed_cell,,,61820006,,,0.64,2000,,OFFICIAL_CODE_PLUS_SOURCE_TRANSCRIBED_COMPARATOR
56896,704,0.352,0.512055500000001,0.0002560277500000005,,,58976,677,0.3385,0.43743100000000057,0.00021871550000000027,,,3,,,,,,,,,,paired,,,,,,,,-27,,seed_cell,,,61820007,,,0.64,2000,,OFFICIAL_CODE_PLUS_SOURCE_TRANSCRIBED_COMPARATOR
56288,743,0.3715,0.3891686000000003,0.00019458430000000016,,,56848,718,0.359,0.45133400000000035,0.00022566700000000017,,,3,,,,,,,,,,paired,,,,,,,,-25,,seed_cell,,,61820008,,,0.64,2000,,OFFICIAL_CODE_PLUS_SOURCE_TRANSCRIBED_COMPARATOR
55680,727,0.3635,0.3987357,0.00019936785,,,56896,700,0.35,0.3891972999999991,0.00019459864999999955,,,3,,,,,,,,,,paired,,,,,,,,-27,,seed_cell,,,61820009,,,0.64,2000,,OFFICIAL_CODE_PLUS_SOURCE_TRANSCRIBED_COMPARATOR
56288,739,0.3695,0.38638049999999996,0.00019319025,,,57936,726,0.363,0.35639940000000003,0.00017819970000000003,,,3,,,,,,,,,,paired,,,,,,,,-13,,seed_cell,,,61820010,,,0.64,2000,,OFFICIAL_CODE_PLUS_SOURCE_TRANSCRIBED_COMPARATOR
55072,768,0.384,0.4576388000000005,0.00022881940000000025,,,56944,722,0.361,0.3320812999999996,0.0001660406499999998,,,3,,,,,,,,,,paired,,,,,,,,-46,,seed_cell,,,61820011,,,0.64,2000,,OFFICIAL_CODE_PLUS_SOURCE_TRANSCRIBED_COMPARATOR
57504,700,0.35,0.34108429999999956,0.0001705421499999998,,,58880,673,0.3365,0.4557324999999996,0.0002278662499999998,,,3,,,,,,,,,,paired,,,,,,,,-27,,seed_cell,,,61820012,,,0.64,2000,,OFFICIAL_CODE_PLUS_SOURCE_TRANSCRIBED_COMPARATOR
56896,729,0.3645,0.3468403000000005,0.00017342015000000024,,,58432,723,0.3615,0.43955320000000053,0.00021977660000000026,,,3,,,,,,,,,,paired,,,,,,,,-6,,seed_cell,,,61820013,,,0.64,2000,,OFFICIAL_CODE_PLUS_SOURCE_TRANSCRIBED_COMPARATOR
56896,731,0.3655,0.35086600000000057,0.00017543300000000028,,,58432,725,0.3625,0.4571256999999993,0.00022856284999999966,,,3,,,,,,,,,,paired,,,,,,,,-6,,seed_cell,,,61820014,,,0.64,2000,,OFFICIAL_CODE_PLUS_SOURCE_TRANSCRIBED_COMPARATOR
56288,760,0.38,0.35460500000000045,0.00017730250000000023,,,58480,715,0.3575,0.43682480000000024,0.0002184124000000001,,,3,,,,,,,,,,paired,,,,,,,,-45,,seed_cell,,,61820015,,,0.64,2000,,OFFICIAL_CODE_PLUS_SOURCE_TRANSCRIBED_COMPARATOR
56288,726,0.363,0.32416030000000023,0.00016208015000000013,,,58480,681,0.3405,0.4256920000000013,0.00021284600000000064,,,3,,,,,,,,,,paired,,,,,,,,-45,,seed_cell,,,61820016,,,0.64,2000,,OFFICIAL_CODE_PLUS_SOURCE_TRANSCRIBED_COMPARATOR
56896,736,0.368,0.4556202999999999,0.00022781014999999997,,,58432,681,0.3405,0.34839529999999985,0.00017419764999999994,,,3,,,,,,,,,,paired,,,,,,,,-55,,seed_cell,,,61820017,,,0.64,2000,,OFFICIAL_CODE_PLUS_SOURCE_TRANSCRIBED_COMPARATOR
56288,767,0.3835,0.29874460000000036,0.00014937230000000018,,,57936,735,0.3675,0.33025020000000055,0.00016512510000000027,,,3,,,,,,,,,,paired,,,,,,,,-32,,seed_cell,,,61820018,,,0.64,2000,,OFFICIAL_CODE_PLUS_SOURCE_TRANSCRIBED_COMPARATOR
55680,744,0.372,0.2875492000000006,0.0001437746000000003,,,57440,692,0.346,0.4909271999999999,0.00024546359999999995,,,3,,,,,,,,,,paired,,,,,,,,-52,,seed_cell,,,61820019,,,0.64,2000,,OFFICIAL_CODE_PLUS_SOURCE_TRANSCRIBED_COMPARATOR
55072,773,0.3865,0.39501770000000036,0.00019750885000000017,,,56944,704,0.352,0.3299831000000011,0.00016499155000000053,,,3,,,,,,,,,,paired,,,,,,,,-69,,seed_cell,,,61820020,,,0.64,2000,,OFFICIAL_CODE_PLUS_SOURCE_TRANSCRIBED_COMPARATOR
55680,786,0.393,0.3721791999999997,0.00018608959999999987,,,57440,737,0.3685,0.4244058999999999,0.00021220294999999996,,,3,,,,,,,,,,paired,,,,,,,,-49,,seed_cell,,,61820021,,,0.64,2000,,OFFICIAL_CODE_PLUS_SOURCE_TRANSCRIBED_COMPARATOR
56288,746,0.373,0.2998194000000001,0.00014990970000000007,,,58928,739,0.3695,0.4371842000000004,0.0002185921000000002,,,3,,,,,,,,,,paired,,,,,,,,-7,,seed_cell,,,61820022,,,0.64,2000,,OFFICIAL_CODE_PLUS_SOURCE_TRANSCRIBED_COMPARATOR
55680,740,0.37,0.44804290000000024,0.00022402145000000013,,,57440,708,0.354,0.3519275000000002,0.0001759637500000001,,,3,,,,,,,,,,paired,,,,,,,,-32,,seed_cell,,,61820023,,,0.64,2000,,OFFICIAL_CODE_PLUS_SOURCE_TRANSCRIBED_COMPARATOR
56896,716,0.358,0.3871694999999997,0.00019358474999999986,,,58432,703,0.3515,0.3218373000000002,0.0001609186500000001,,,3,,,,,,,,,,paired,,,,,,,,-13,,seed_cell,,,61820024,,,0.64,2000,,OFFICIAL_CODE_PLUS_SOURCE_TRANSCRIBED_COMPARATOR
57504,750,0.375,0.3532517999999996,0.00017662589999999982,,,59472,747,0.3735,0.4660269000000005,0.00023301345000000025,,,3,,,,,,,,,,paired,,,,,,,,-3,,seed_cell,,,61820025,,,0.64,2000,,OFFICIAL_CODE_PLUS_SOURCE_TRANSCRIBED_COMPARATOR
55680,763,0.3815,0.29725640000000003,0.00014862820000000003,,,56896,714,0.357,0.4365088000000003,0.00021825440000000016,,,3,,,,,,,,,,paired,,,,,,,,-49,,seed_cell,,,61820026,,,0.64,2000,,OFFICIAL_CODE_PLUS_SOURCE_TRANSCRIBED_COMPARATOR
55680,750,0.375,0.37783450000000013,0.00018891725000000007,,,57440,727,0.3635,0.39091410000000043,0.00019545705000000022,,,3,,,,,,,,,,paired,,,,,,,,-23,,seed_cell,,,61820027,,,0.64,2000,,OFFICIAL_CODE_PLUS_SOURCE_TRANSCRIBED_COMPARATOR
56896,739,0.3695,0.4383215999999999,0.00021916079999999996,,,58976,705,0.3525,0.32361360000000045,0.00016180680000000023,,,3,,,,,,,,,,paired,,,,,,,,-34,,seed_cell,,,61820028,,,0.64,2000,,OFFICIAL_CODE_PLUS_SOURCE_TRANSCRIBED_COMPARATOR
56288,742,0.371,0.359087,0.0001795435,,,58480,704,0.352,0.44735690000000033,0.00022367845000000018,,,3,,,,,,,,,,paired,,,,,,,,-38,,seed_cell,,,61820029,,,0.64,2000,,OFFICIAL_CODE_PLUS_SOURCE_TRANSCRIBED_COMPARATOR
55680,748,0.374,0.34141489999999974,0.00017070744999999986,,,56896,718,0.359,0.40079010000000037,0.00020039505000000017,,,3,,,,,,,,,,paired,,,,,,,,-30,,seed_cell,,,61820030,,,0.64,2000,,OFFICIAL_CODE_PLUS_SOURCE_TRANSCRIBED_COMPARATOR
55680,767,0.3835,0.46146139999999936,0.00023073069999999968,,,56896,734,0.367,0.34326579999999923,0.00017163289999999962,,,3,,,,,,,,,,paired,,,,,,,,-33,,seed_cell,,,61820031,,,0.64,2000,,OFFICIAL_CODE_PLUS_SOURCE_TRANSCRIBED_COMPARATOR
56896,750,0.375,0.33092480000000013,0.00016546240000000006,,,58432,736,0.368,0.39683019999999936,0.00019841509999999967,,,3,,,,,,,,,,paired,,,,,,,,-14,,seed_cell,,,61820032,,,0.64,2000,,OFFICIAL_CODE_PLUS_SOURCE_TRANSCRIBED_COMPARATOR
153664,336,0.168,0.9114414999999996,0.0004557207499999998,,,161216,339,0.1695,0.8960044999999994,0.00044800224999999973,,,5,,,,,,,,,,paired,,,,,,,,3,,seed_cell,,,61820001,,,0.56,2000,,OFFICIAL_CODE_PLUS_SOURCE_TRANSCRIBED_COMPARATOR
153664,313,0.1565,0.7646548000000006,0.0003823274000000003,,,160800,328,0.164,0.9576461999999972,0.0004788230999999986,,,5,,,,,,,,,,paired,,,,,,,,15,,seed_cell,,,61820002,,,0.56,2000,,OFFICIAL_CODE_PLUS_SOURCE_TRANSCRIBED_COMPARATOR
152448,344,0.172,0.7699166000000004,0.0003849583000000002,,,158176,330,0.165,1.0737119999999996,0.0005368559999999997,,,5,,,,,,,,,,paired,,,,,,,,-14,,seed_cell,,,61820003,,,0.56,2000,,OFFICIAL_CODE_PLUS_SOURCE_TRANSCRIBED_COMPARATOR
151840,322,0.161,0.8409505999999999,0.00042047529999999996,,,157680,312,0.156,0.9736582000000005,0.00048682910000000023,,,5,,,,,,,,,,paired,,,,,,,,-10,,seed_cell,,,61820004,,,0.56,2000,,OFFICIAL_CODE_PLUS_SOURCE_TRANSCRIBED_COMPARATOR
154272,319,0.1595,0.926164399999999,0.0004630821999999995,,,159664,305,0.1525,0.8466046000000004,0.0004233023000000002,,,5,,,,,,,,,,paired,,,,,,,,-14,,seed_cell,,,61820005,,,0.56,2000,,OFFICIAL_CODE_PLUS_SOURCE_TRANSCRIBED_COMPARATOR
151840,317,0.1585,1.013947800000001,0.0005069739000000005,,,157136,311,0.1555,0.9396869000000012,0.0004698434500000006,,,5,,,,,,,,,,paired,,,,,,,,-6,,seed_cell,,,61820006,,,0.56,2000,,OFFICIAL_CODE_PLUS_SOURCE_TRANSCRIBED_COMPARATOR
155488,347,0.1735,0.9325803000000008,0.0004662901500000004,,,160656,365,0.1825,0.8827094000000008,0.0004413547000000004,,,5,,,,,,,,,,paired,,,,,,,,18,,seed_cell,,,61820007,,,0.56,2000,,OFFICIAL_CODE_PLUS_SOURCE_TRANSCRIBED_COMPARATOR
153056,318,0.159,0.9306318000000003,0.0004653159000000002,,,158128,294,0.147,0.8977266000000002,0.0004488633000000001,,,5,,,,,,,,,,paired,,,,,,,,-24,,seed_cell,,,61820008,,,0.56,2000,,OFFICIAL_CODE_PLUS_SOURCE_TRANSCRIBED_COMPARATOR
154880,285,0.1425,0.9685812999999988,0.00048429064999999937,,,159616,285,0.1425,0.8454135000000002,0.00042270675000000005,,,5,,,,,,,,,,paired,,,,,,,,0,,seed_cell,,,61820009,,,0.56,2000,,OFFICIAL_CODE_PLUS_SOURCE_TRANSCRIBED_COMPARATOR
154272,357,0.1785,0.8233396000000003,0.00041166980000000014,,,158576,325,0.1625,0.9616346,0.0004808173,,,5,,,,,,,,,,paired,,,,,,,,-32,,seed_cell,,,61820010,,,0.56,2000,,OFFICIAL_CODE_PLUS_SOURCE_TRANSCRIBED_COMPARATOR
153056,362,0.181,0.9219478000000005,0.00046097390000000025,,,158128,347,0.1735,0.9452534000000011,0.0004726267000000006,,,5,,,,,,,,,,paired,,,,,,,,-15,,seed_cell,,,61820011,,,0.56,2000,,OFFICIAL_CODE_PLUS_SOURCE_TRANSCRIBED_COMPARATOR
152448,350,0.175,0.9192629000000001,0.00045963145000000005,,,157632,328,0.164,0.8831683999999995,0.00044158419999999976,,,5,,,,,,,,,,paired,,,,,,,,-22,,seed_cell,,,61820012,,,0.56,2000,,OFFICIAL_CODE_PLUS_SOURCE_TRANSCRIBED_COMPARATOR
155488,336,0.168,0.9109388999999994,0.00045546944999999973,,,159568,317,0.1585,0.8356737999999992,0.00041783689999999965,,,5,,,,,,,,,,paired,,,,,,,,-19,,seed_cell,,,61820013,,,0.56,2000,,OFFICIAL_CODE_PLUS_SOURCE_TRANSCRIBED_COMPARATOR
151840,324,0.162,0.8673881000000006,0.0004336940500000003,,,157680,327,0.1635,0.8965687999999999,0.0004482844,,,5,,,,,,,,,,paired,,,,,,,,3,,seed_cell,,,61820014,,,0.56,2000,,OFFICIAL_CODE_PLUS_SOURCE_TRANSCRIBED_COMPARATOR
156096,357,0.1785,0.8085947999999976,0.0004042973999999988,,,161152,340,0.17,0.8336066999999998,0.0004168033499999999,,,5,,,,,,,,,,paired,,,,,,,,-17,,seed_cell,,,61820015,,,0.56,2000,,OFFICIAL_CODE_PLUS_SOURCE_TRANSCRIBED_COMPARATOR
153056,332,0.166,0.8861308999999992,0.0004430654499999996,,,158128,321,0.1605,0.9075382999999992,0.00045376914999999964,,,5,,,,,,,,,,paired,,,,,,,,-11,,seed_cell,,,61820016,,,0.56,2000,,OFFICIAL_CODE_PLUS_SOURCE_TRANSCRIBED_COMPARATOR
153664,359,0.1795,0.8215605999999995,0.00041078029999999974,,,159168,339,0.1695,0.8950644999999998,0.0004475322499999999,,,5,,,,,,,,,,paired,,,,,,,,-20,,seed_cell,,,61820017,,,0.56,2000,,OFFICIAL_CODE_PLUS_SOURCE_TRANSCRIBED_COMPARATOR
153664,331,0.1655,0.7864571000000005,0.0003932285500000002,,,159712,332,0.166,0.9358918000000003,0.00046794590000000014,,,5,,,,,,,,,,paired,,,,,,,,1,,seed_cell,,,61820018,,,0.56,2000,,OFFICIAL_CODE_PLUS_SOURCE_TRANSCRIBED_COMPARATOR
153664,345,0.1725,0.8923504000000003,0.00044617520000000017,,,158096,321,0.1605,0.8595850999999995,0.0004297925499999998,,,5,,,,,,,,,,paired,,,,,,,,-24,,seed_cell,,,61820019,,,0.56,2000,,OFFICIAL_CODE_PLUS_SOURCE_TRANSCRIBED_COMPARATOR
153056,344,0.172,0.7387774999999996,0.00036938874999999983,,,157584,320,0.16,0.9910507000000023,0.0004955253500000011,,,5,,,,,,,,,,paired,,,,,,,,-24,,seed_cell,,,61820020,,,0.56,2000,,OFFICIAL_CODE_PLUS_SOURCE_TRANSCRIBED_COMPARATOR
154272,300,0.15,0.946490799999999,0.0004732453999999995,,,158576,296,0.148,0.8451242000000003,0.00042256210000000017,,,5,,,,,,,,,,paired,,,,,,,,-4,,seed_cell,,,61820021,,,0.56,2000,,OFFICIAL_CODE_PLUS_SOURCE_TRANSCRIBED_COMPARATOR
154880,346,0.173,0.8681058000000006,0.0004340529000000003,,,160704,327,0.1635,0.9364179999999974,0.00046820899999999873,,,5,,,,,,,,,,paired,,,,,,,,-19,,seed_cell,,,61820022,,,0.56,2000,,OFFICIAL_CODE_PLUS_SOURCE_TRANSCRIBED_COMPARATOR
154272,366,0.183,0.8169019999999988,0.0004084509999999994,,,158576,345,0.1725,0.977385000000001,0.0004886925000000005,,,5,,,,,,,,,,paired,,,,,,,,-21,,seed_cell,,,61820023,,,0.56,2000,,OFFICIAL_CODE_PLUS_SOURCE_TRANSCRIBED_COMPARATOR
152448,332,0.166,0.8501816000000003,0.00042509080000000015,,,158720,327,0.1635,0.9376042999999998,0.00046880214999999993,,,5,,,,,,,,,,paired,,,,,,,,-5,,seed_cell,,,61820024,,,0.56,2000,,OFFICIAL_CODE_PLUS_SOURCE_TRANSCRIBED_COMPARATOR
154272,351,0.1755,0.7417897999999997,0.00037089489999999985,,,160208,319,0.1595,1.0674321000000018,0.0005337160500000009,,,5,,,,,,,,,,paired,,,,,,,,-32,,seed_cell,,,61820025,,,0.56,2000,,OFFICIAL_CODE_PLUS_SOURCE_TRANSCRIBED_COMPARATOR
152448,324,0.162,0.8362360000000009,0.0004181180000000004,,,160848,315,0.1575,0.9852300000000003,0.0004926150000000002,,,5,,,,,,,,,,paired,,,,,,,,-9,,seed_cell,,,61820026,,,0.56,2000,,OFFICIAL_CODE_PLUS_SOURCE_TRANSCRIBED_COMPARATOR
154272,324,0.162,0.8927282000000001,0.0004463641,,,159664,320,0.16,0.9117553000000015,0.00045587765000000075,,,5,,,,,,,,,,paired,,,,,,,,-4,,seed_cell,,,61820027,,,0.56,2000,,OFFICIAL_CODE_PLUS_SOURCE_TRANSCRIBED_COMPARATOR
154272,343,0.1715,0.7949634999999994,0.0003974817499999997,,,159120,326,0.163,0.8134925999999997,0.0004067462999999998,,,5,,,,,,,,,,paired,,,,,,,,-17,,seed_cell,,,61820028,,,0.56,2000,,OFFICIAL_CODE_PLUS_SOURCE_TRANSCRIBED_COMPARATOR
155488,361,0.1805,0.9235280000000021,0.00046176400000000106,,,161200,349,0.1745,0.8843320999999992,0.0004421660499999996,,,5,,,,,,,,,,paired,,,,,,,,-12,,seed_cell,,,61820029,,,0.56,2000,,OFFICIAL_CODE_PLUS_SOURCE_TRANSCRIBED_COMPARATOR
155488,343,0.1715,0.8085911999999987,0.0004042955999999994,,,160112,336,0.168,1.0332940000000013,0.0005166470000000006,,,5,,,,,,,,,,paired,,,,,,,,-7,,seed_cell,,,61820030,,,0.56,2000,,OFFICIAL_CODE_PLUS_SOURCE_TRANSCRIBED_COMPARATOR
153664,346,0.173,0.8833470999999969,0.00044167354999999846,,,158624,316,0.158,0.9697127999999998,0.0004848563999999999,,,5,,,,,,,,,,paired,,,,,,,,-30,,seed_cell,,,61820031,,,0.56,2000,,OFFICIAL_CODE_PLUS_SOURCE_TRANSCRIBED_COMPARATOR
155488,328,0.164,0.9033245999999995,0.00045166229999999975,,,160656,316,0.158,0.9225700000000004,0.00046128500000000024,,,5,,,,,,,,,,paired,,,,,,,,-12,,seed_cell,,,61820032,,,0.56,2000,,OFFICIAL_CODE_PLUS_SOURCE_TRANSCRIBED_COMPARATOR
153664,366,0.183,0.9232975000000028,0.0004616487500000014,,,160256,353,0.1765,0.9386640999999986,0.0004693320499999993,,,5,,,,,,,,,,paired,,,,,,,,-13,,seed_cell,,,61820001,,,0.57,2000,,OFFICIAL_CODE_PLUS_SOURCE_TRANSCRIBED_COMPARATOR
153056,405,0.2025,0.7962610000000008,0.0003981305000000004,,,158672,389,0.1945,0.9986902000000001,0.0004993451,,,5,,,,,,,,,,paired,,,,,,,,-16,,seed_cell,,,61820002,,,0.57,2000,,OFFICIAL_CODE_PLUS_SOURCE_TRANSCRIBED_COMPARATOR
153664,370,0.185,0.9814313000000001,0.0004907156500000001,,,160160,359,0.1795,1.0482061999999985,0.0005241030999999992,,,5,,,,,,,,,,paired,,,,,,,,-11,,seed_cell,,,61820003,,,0.57,2000,,OFFICIAL_CODE_PLUS_SOURCE_TRANSCRIBED_COMPARATOR
153056,393,0.1965,0.9297568999999996,0.0004648784499999998,,,158672,373,0.1865,1.0141872999999981,0.000507093649999999,,,5,,,,,,,,,,paired,,,,,,,,-20,,seed_cell,,,61820004,,,0.57,2000,,OFFICIAL_CODE_PLUS_SOURCE_TRANSCRIBED_COMPARATOR
152448,414,0.207,0.8447255999999991,0.00042236279999999953,,,158720,405,0.2025,0.8976272999999996,0.0004488136499999998,,,5,,,,,,,,,,paired,,,,,,,,-9,,seed_cell,,,61820005,,,0.57,2000,,OFFICIAL_CODE_PLUS_SOURCE_TRANSCRIBED_COMPARATOR
152448,377,0.1885,0.8354971000000021,0.00041774855000000107,,,158720,378,0.189,0.9500902000000002,0.0004750451000000001,,,5,,,,,,,,,,paired,,,,,,,,1,,seed_cell,,,61820006,,,0.57,2000,,OFFICIAL_CODE_PLUS_SOURCE_TRANSCRIBED_COMPARATOR
153664,353,0.1765,0.9390750999999987,0.00046953754999999933,,,159664,338,0.169,0.8727066000000016,0.00043635330000000075,,,5,,,,,,,,,,paired,,,,,,,,-15,,seed_cell,,,61820007,,,0.57,2000,,OFFICIAL_CODE_PLUS_SOURCE_TRANSCRIBED_COMPARATOR
151840,402,0.201,0.9049813999999988,0.0004524906999999994,,,157680,386,0.193,0.8939962999999985,0.0004469981499999993,,,5,,,,,,,,,,paired,,,,,,,,-16,,seed_cell,,,61820008,,,0.57,2000,,OFFICIAL_CODE_PLUS_SOURCE_TRANSCRIBED_COMPARATOR
154272,376,0.188,0.9572611999999979,0.000478630599999999,,,160160,360,0.18,0.8797507999999992,0.0004398753999999996,,,5,,,,,,,,,,paired,,,,,,,,-16,,seed_cell,,,61820009,,,0.57,2000,,OFFICIAL_CODE_PLUS_SOURCE_TRANSCRIBED_COMPARATOR
155488,367,0.1835,0.8459532999999994,0.00042297664999999966,,,161200,368,0.184,1.0195451999999976,0.0005097725999999988,,,5,,,,,,,,,,paired,,,,,,,,1,,seed_cell,,,61820010,,,0.57,2000,,OFFICIAL_CODE_PLUS_SOURCE_TRANSCRIBED_COMPARATOR
153056,390,0.195,0.9975767000000003,0.0004987883500000001,,,159680,365,0.1825,0.8023138000000001,0.00040115690000000004,,,5,,,,,,,,,,paired,,,,,,,,-25,,seed_cell,,,61820011,,,0.57,2000,,OFFICIAL_CODE_PLUS_SOURCE_TRANSCRIBED_COMPARATOR
154272,393,0.1965,0.8464194000000005,0.00042320970000000026,,,158048,357,0.1785,0.963569099999999,0.0004817845499999995,,,5,,,,,,,,,,paired,,,,,,,,-36,,seed_cell,,,61820012,,,0.57,2000,,OFFICIAL_CODE_PLUS_SOURCE_TRANSCRIBED_COMPARATOR
153664,384,0.192,0.9111853999999976,0.00045559269999999877,,,158080,384,0.192,0.9329329000000014,0.0004664664500000007,,,5,,,,,,,,,,paired,,,,,,,,0,,seed_cell,,,61820013,,,0.57,2000,,OFFICIAL_CODE_PLUS_SOURCE_TRANSCRIBED_COMPARATOR
154272,404,0.202,0.9560758999999994,0.00047803794999999973,,,161296,382,0.191,0.9352098000000014,0.00046760490000000073,,,5,,,,,,,,,,paired,,,,,,,,-22,,seed_cell,,,61820014,,,0.57,2000,,OFFICIAL_CODE_PLUS_SOURCE_TRANSCRIBED_COMPARATOR
155488,399,0.1995,0.8827444,0.0004413722,,,160656,404,0.202,0.9440615000000009,0.00047203075000000044,,,5,,,,,,,,,,paired,,,,,,,,5,,seed_cell,,,61820015,,,0.57,2000,,OFFICIAL_CODE_PLUS_SOURCE_TRANSCRIBED_COMPARATOR
151840,395,0.1975,0.9238457000000008,0.00046192285000000037,,,157136,375,0.1875,0.9443815999999999,0.0004721908,,,5,,,,,,,,,,paired,,,,,,,,-20,,seed_cell,,,61820016,,,0.57,2000,,OFFICIAL_CODE_PLUS_SOURCE_TRANSCRIBED_COMPARATOR
152448,380,0.19,0.8575947999999984,0.00042879739999999924,,,158176,370,0.185,0.765714599999999,0.0003828572999999995,,,5,,,,,,,,,,paired,,,,,,,,-10,,seed_cell,,,61820017,,,0.57,2000,,OFFICIAL_CODE_PLUS_SOURCE_TRANSCRIBED_COMPARATOR
151840,421,0.2105,0.6457008000000003,0.00032285040000000015,,,158768,399,0.1995,0.8960658000000016,0.0004480329000000008,,,5,,,,,,,,,,paired,,,,,,,,-22,,seed_cell,,,61820018,,,0.57,2000,,OFFICIAL_CODE_PLUS_SOURCE_TRANSCRIBED_COMPARATOR
151840,382,0.191,0.6882311000000013,0.00034411555000000066,,,159216,377,0.1885,1.022677499999999,0.0005113387499999995,,,5,,,,,,,,,,paired,,,,,,,,-5,,seed_cell,,,61820019,,,0.57,2000,,OFFICIAL_CODE_PLUS_SOURCE_TRANSCRIBED_COMPARATOR
154272,398,0.199,0.7586158000000013,0.00037930790000000064,,,160224,370,0.185,1.0893759999999997,0.0005446879999999999,,,5,,,,,,,,,,paired,,,,,,,,-28,,seed_cell,,,61820020,,,0.57,2000,,OFFICIAL_CODE_PLUS_SOURCE_TRANSCRIBED_COMPARATOR
152448,414,0.207,0.8267879000000004,0.0004133939500000002,,,157632,410,0.205,0.9348754000000004,0.0004674377000000002,,,5,,,,,,,,,,paired,,,,,,,,-4,,seed_cell,,,61820021,,,0.57,2000,,OFFICIAL_CODE_PLUS_SOURCE_TRANSCRIBED_COMPARATOR
153664,388,0.194,0.7812875000000012,0.0003906437500000006,,,159712,396,0.198,0.9801532999999985,0.0004900766499999992,,,5,,,,,,,,,,paired,,,,,,,,8,,seed_cell,,,61820022,,,0.57,2000,,OFFICIAL_CODE_PLUS_SOURCE_TRANSCRIBED_COMPARATOR
154272,409,0.2045,0.8804815000000005,0.00044024075000000026,,,160160,390,0.195,0.9223911000000009,0.0004611955500000005,,,5,,,,,,,,,,paired,,,,,,,,-19,,seed_cell,,,61820023,,,0.57,2000,,OFFICIAL_CODE_PLUS_SOURCE_TRANSCRIBED_COMPARATOR
152448,394,0.197,0.8391597000000011,0.0004195798500000005,,,158720,385,0.1925,0.9302128999999985,0.00046510644999999925,,,5,,,,,,,,,,paired,,,,,,,,-9,,seed_cell,,,61820024,,,0.57,2000,,OFFICIAL_CODE_PLUS_SOURCE_TRANSCRIBED_COMPARATOR
154880,368,0.184,0.9838048999999995,0.0004919024499999997,,,159072,338,0.169,0.8613467999999994,0.0004306733999999997,,,5,,,,,,,,,,paired,,,,,,,,-30,,seed_cell,,,61820025,,,0.57,2000,,OFFICIAL_CODE_PLUS_SOURCE_TRANSCRIBED_COMPARATOR
152448,378,0.189,0.9294335999999992,0.0004647167999999996,,,157632,379,0.1895,0.9356928999999999,0.00046784644999999994,,,5,,,,,,,,,,paired,,,,,,,,1,,seed_cell,,,61820026,,,0.57,2000,,OFFICIAL_CODE_PLUS_SOURCE_TRANSCRIBED_COMPARATOR
152448,388,0.194,0.9262911999999992,0.0004631455999999996,,,158720,399,0.1995,1.0006090999999997,0.0005003045499999999,,,5,,,,,,,,,,paired,,,,,,,,11,,seed_cell,,,61820027,,,0.57,2000,,OFFICIAL_CODE_PLUS_SOURCE_TRANSCRIBED_COMPARATOR
153056,405,0.2025,0.9195861000000028,0.00045979305000000143,,,159776,386,0.193,0.9307042000000001,0.0004653521,,,5,,,,,,,,,,paired,,,,,,,,-19,,seed_cell,,,61820028,,,0.57,2000,,OFFICIAL_CODE_PLUS_SOURCE_TRANSCRIBED_COMPARATOR
153056,407,0.2035,0.8157674000000009,0.00040788370000000045,,,158672,392,0.196,0.9198706999999997,0.00045993534999999987,,,5,,,,,,,,,,paired,,,,,,,,-15,,seed_cell,,,61820029,,,0.57,2000,,OFFICIAL_CODE_PLUS_SOURCE_TRANSCRIBED_COMPARATOR
153664,395,0.1975,0.9429565000000003,0.00047147825000000014,,,160752,386,0.193,0.8721235000000004,0.0004360617500000002,,,5,,,,,,,,,,paired,,,,,,,,-9,,seed_cell,,,61820030,,,0.57,2000,,OFFICIAL_CODE_PLUS_SOURCE_TRANSCRIBED_COMPARATOR
155488,407,0.2035,0.9917949000000006,0.0004958974500000003,,,160656,374,0.187,1.0229958000000006,0.0005114979000000003,,,5,,,,,,,,,,paired,,,,,,,,-33,,seed_cell,,,61820031,,,0.57,2000,,OFFICIAL_CODE_PLUS_SOURCE_TRANSCRIBED_COMPARATOR
154880,389,0.1945,0.8493170000000001,0.0004246585000000001,,,159568,391,0.1955,0.952534399999998,0.000476267199999999,,,5,,,,,,,,,,paired,,,,,,,,2,,seed_cell,,,61820032,,,0.57,2000,,OFFICIAL_CODE_PLUS_SOURCE_TRANSCRIBED_COMPARATOR
154880,468,0.234,1.0034689999999997,0.0005017344999999998,,,161744,450,0.225,0.8904855999999987,0.00044524279999999934,,,5,,,,,,,,,,paired,,,,,,,,-18,,seed_cell,,,61820001,,,0.58,2000,,OFFICIAL_CODE_PLUS_SOURCE_TRANSCRIBED_COMPARATOR
156096,461,0.2305,0.9086129000000007,0.00045430645000000034,,,161696,448,0.224,0.8908129000000004,0.0004454064500000002,,,5,,,,,,,,,,paired,,,,,,,,-13,,seed_cell,,,61820002,,,0.58,2000,,OFFICIAL_CODE_PLUS_SOURCE_TRANSCRIBED_COMPARATOR
154272,460,0.23,0.932551900000001,0.0004662759500000005,,,159120,435,0.2175,0.8779265000000019,0.00043896325000000096,,,5,,,,,,,,,,paired,,,,,,,,-25,,seed_cell,,,61820003,,,0.58,2000,,OFFICIAL_CODE_PLUS_SOURCE_TRANSCRIBED_COMPARATOR
154272,454,0.227,0.9486258999999997,0.00047431294999999984,,,158032,424,0.212,1.0656445000000005,0.0005328222500000003,,,5,,,,,,,,,,paired,,,,,,,,-30,,seed_cell,,,61820004,,,0.58,2000,,OFFICIAL_CODE_PLUS_SOURCE_TRANSCRIBED_COMPARATOR
154272,469,0.2345,0.928098299999999,0.0004640491499999995,,,159136,448,0.224,0.9157268999999975,0.0004578634499999987,,,5,,,,,,,,,,paired,,,,,,,,-21,,seed_cell,,,61820005,,,0.58,2000,,OFFICIAL_CODE_PLUS_SOURCE_TRANSCRIBED_COMPARATOR
154880,451,0.2255,0.9392499999999993,0.0004696249999999996,,,160160,439,0.2195,0.9497156999999987,0.00047485784999999934,,,5,,,,,,,,,,paired,,,,,,,,-12,,seed_cell,,,61820006,,,0.58,2000,,OFFICIAL_CODE_PLUS_SOURCE_TRANSCRIBED_COMPARATOR
155488,441,0.2205,0.8953567999999983,0.0004476783999999991,,,160112,445,0.2225,0.8768389000000006,0.0004384194500000003,,,5,,,,,,,,,,paired,,,,,,,,4,,seed_cell,,,61820007,,,0.58,2000,,OFFICIAL_CODE_PLUS_SOURCE_TRANSCRIBED_COMPARATOR
153664,442,0.221,0.8321869000000014,0.00041609345000000067,,,158624,426,0.213,0.8176466999999998,0.0004088233499999999,,,5,,,,,,,,,,paired,,,,,,,,-16,,seed_cell,,,61820008,,,0.58,2000,,OFFICIAL_CODE_PLUS_SOURCE_TRANSCRIBED_COMPARATOR
154272,447,0.2235,0.8180324999999999,0.00040901625,,,160208,423,0.2115,0.8891446000000015,0.00044457230000000076,,,5,,,,,,,,,,paired,,,,,,,,-24,,seed_cell,,,61820009,,,0.58,2000,,OFFICIAL_CODE_PLUS_SOURCE_TRANSCRIBED_COMPARATOR
154880,414,0.207,0.7865977000000012,0.0003932988500000006,,,161248,401,0.2005,0.9076158999999983,0.0004538079499999991,,,5,,,,,,,,,,paired,,,,,,,,-13,,seed_cell,,,61820010,,,0.58,2000,,OFFICIAL_CODE_PLUS_SOURCE_TRANSCRIBED_COMPARATOR
154880,438,0.219,0.955609999999999,0.0004778049999999995,,,159616,413,0.2065,0.9117566999999993,0.00045587834999999963,,,5,,,,,,,,,,paired,,,,,,,,-25,,seed_cell,,,61820011,,,0.58,2000,,OFFICIAL_CODE_PLUS_SOURCE_TRANSCRIBED_COMPARATOR
154880,429,0.2145,0.9793633000000002,0.0004896816500000001,,,160704,418,0.209,0.7736180999999992,0.0003868090499999996,,,5,,,,,,,,,,paired,,,,,,,,-11,,seed_cell,,,61820012,,,0.58,2000,,OFFICIAL_CODE_PLUS_SOURCE_TRANSCRIBED_COMPARATOR
154272,430,0.215,0.7260504000000002,0.0003630252000000001,,,160208,420,0.21,1.0236032999999982,0.0005118016499999991,,,5,,,,,,,,,,paired,,,,,,,,-10,,seed_cell,,,61820013,,,0.58,2000,,OFFICIAL_CODE_PLUS_SOURCE_TRANSCRIBED_COMPARATOR
154272,459,0.2295,1.0346199999999994,0.0005173099999999997,,,160208,446,0.223,0.814212600000001,0.0004071063000000005,,,5,,,,,,,,,,paired,,,,,,,,-13,,seed_cell,,,61820014,,,0.58,2000,,OFFICIAL_CODE_PLUS_SOURCE_TRANSCRIBED_COMPARATOR
155488,447,0.2235,1.0044912,0.0005022456,,,161200,423,0.2115,0.7823582000000006,0.00039117910000000027,,,5,,,,,,,,,,paired,,,,,,,,-24,,seed_cell,,,61820015,,,0.58,2000,,OFFICIAL_CODE_PLUS_SOURCE_TRANSCRIBED_COMPARATOR
153664,477,0.2385,0.9010929000000004,0.0004505464500000002,,,159168,459,0.2295,0.9271413999999996,0.00046357069999999976,,,5,,,,,,,,,,paired,,,,,,,,-18,,seed_cell,,,61820016,,,0.58,2000,,OFFICIAL_CODE_PLUS_SOURCE_TRANSCRIBED_COMPARATOR
153056,453,0.2265,0.8476356000000005,0.00042381780000000027,,,159680,430,0.215,0.9691264,0.00048456320000000004,,,5,,,,,,,,,,paired,,,,,,,,-23,,seed_cell,,,61820017,,,0.58,2000,,OFFICIAL_CODE_PLUS_SOURCE_TRANSCRIBED_COMPARATOR
156096,458,0.229,0.8648687000000008,0.00043243435000000043,,,161696,423,0.2115,0.9372123999999991,0.0004686061999999995,,,5,,,,,,,,,,paired,,,,,,,,-35,,seed_cell,,,61820018,,,0.58,2000,,OFFICIAL_CODE_PLUS_SOURCE_TRANSCRIBED_COMPARATOR
154272,417,0.2085,0.9513575000000011,0.0004756787500000005,,,160656,410,0.205,0.8969869000000008,0.00044849345000000043,,,5,,,,,,,,,,paired,,,,,,,,-7,,seed_cell,,,61820019,,,0.58,2000,,OFFICIAL_CODE_PLUS_SOURCE_TRANSCRIBED_COMPARATOR
153664,488,0.244,0.7631968999999986,0.0003815984499999993,,,159184,474,0.237,0.9551905999999979,0.00047759529999999895,,,5,,,,,,,,,,paired,,,,,,,,-14,,seed_cell,,,61820020,,,0.58,2000,,OFFICIAL_CODE_PLUS_SOURCE_TRANSCRIBED_COMPARATOR
154272,464,0.232,0.9405636000000009,0.00047028180000000045,,,161840,450,0.225,0.9275344000000002,0.0004637672000000001,,,5,,,,,,,,,,paired,,,,,,,,-14,,seed_cell,,,61820021,,,0.58,2000,,OFFICIAL_CODE_PLUS_SOURCE_TRANSCRIBED_COMPARATOR
154880,471,0.2355,0.8556521000000002,0.00042782605000000015,,,157984,454,0.227,0.9693934999999986,0.0004846967499999993,,,5,,,,,,,,,,paired,,,,,,,,-17,,seed_cell,,,61820022,,,0.58,2000,,OFFICIAL_CODE_PLUS_SOURCE_TRANSCRIBED_COMPARATOR
154272,444,0.222,0.9815778999999999,0.0004907889499999999,,,161216,408,0.204,0.8829943000000012,0.0004414971500000006,,,5,,,,,,,,,,paired,,,,,,,,-36,,seed_cell,,,61820023,,,0.58,2000,,OFFICIAL_CODE_PLUS_SOURCE_TRANSCRIBED_COMPARATOR
154272,437,0.2185,1.017397200000001,0.0005086986000000004,,,159120,407,0.2035,0.9382647999999983,0.0004691323999999992,,,5,,,,,,,,,,paired,,,,,,,,-30,,seed_cell,,,61820024,,,0.58,2000,,OFFICIAL_CODE_PLUS_SOURCE_TRANSCRIBED_COMPARATOR
154880,446,0.223,0.8867143999999999,0.0004433572,,,160160,412,0.206,0.898720200000001,0.00044936010000000046,,,5,,,,,,,,,,paired,,,,,,,,-34,,seed_cell,,,61820025,,,0.58,2000,,OFFICIAL_CODE_PLUS_SOURCE_TRANSCRIBED_COMPARATOR
153664,435,0.2175,0.9419118000000013,0.00047095590000000064,,,159712,440,0.22,1.164938399999997,0.0005824691999999985,,,5,,,,,,,,,,paired,,,,,,,,5,,seed_cell,,,61820026,,,0.58,2000,,OFFICIAL_CODE_PLUS_SOURCE_TRANSCRIBED_COMPARATOR
153664,434,0.217,0.9411459999999996,0.0004705729999999998,,,159168,427,0.2135,0.8886779,0.00044433895,,,5,,,,,,,,,,paired,,,,,,,,-7,,seed_cell,,,61820027,,,0.58,2000,,OFFICIAL_CODE_PLUS_SOURCE_TRANSCRIBED_COMPARATOR
154272,463,0.2315,0.8073434000000004,0.00040367170000000016,,,158576,434,0.217,0.9904980999999989,0.0004952490499999995,,,5,,,,,,,,,,paired,,,,,,,,-29,,seed_cell,,,61820028,,,0.58,2000,,OFFICIAL_CODE_PLUS_SOURCE_TRANSCRIBED_COMPARATOR
154880,463,0.2315,0.8839695000000006,0.00044198475000000034,,,161248,431,0.2155,0.9822547999999995,0.0004911273999999998,,,5,,,,,,,,,,paired,,,,,,,,-32,,seed_cell,,,61820029,,,0.58,2000,,OFFICIAL_CODE_PLUS_SOURCE_TRANSCRIBED_COMPARATOR
154272,483,0.2415,0.9260025000000007,0.00046300125000000035,,,159120,452,0.226,0.8911391999999998,0.0004455695999999999,,,5,,,,,,,,,,paired,,,,,,,,-31,,seed_cell,,,61820030,,,0.58,2000,,OFFICIAL_CODE_PLUS_SOURCE_TRANSCRIBED_COMPARATOR
154272,440,0.22,0.8859001999999987,0.00044295009999999934,,,159568,430,0.215,0.957544399999999,0.0004787721999999995,,,5,,,,,,,,,,paired,,,,,,,,-10,,seed_cell,,,61820031,,,0.58,2000,,OFFICIAL_CODE_PLUS_SOURCE_TRANSCRIBED_COMPARATOR
155488,452,0.226,0.776076199999999,0.0003880380999999995,,,161696,429,0.2145,0.8000913999999988,0.0004000456999999994,,,5,,,,,,,,,,paired,,,,,,,,-23,,seed_cell,,,61820032,,,0.58,2000,,OFFICIAL_CODE_PLUS_SOURCE_TRANSCRIBED_COMPARATOR
152448,522,0.261,0.8270817999999994,0.0004135408999999997,,,157088,499,0.2495,0.8347988000000012,0.00041739940000000056,,,5,,,,,,,,,,paired,,,,,,,,-23,,seed_cell,,,61820001,,,0.59,2000,,OFFICIAL_CODE_PLUS_SOURCE_TRANSCRIBED_COMPARATOR
153056,512,0.256,0.8293161000000009,0.00041465805000000044,,,158128,505,0.2525,0.8753533999999996,0.0004376766999999998,,,5,,,,,,,,,,paired,,,,,,,,-7,,seed_cell,,,61820002,,,0.59,2000,,OFFICIAL_CODE_PLUS_SOURCE_TRANSCRIBED_COMPARATOR
154272,509,0.2545,0.8192811999999992,0.00040964059999999957,,,158576,471,0.2355,0.9446387000000008,0.0004723193500000004,,,5,,,,,,,,,,paired,,,,,,,,-38,,seed_cell,,,61820003,,,0.59,2000,,OFFICIAL_CODE_PLUS_SOURCE_TRANSCRIBED_COMPARATOR
153056,523,0.2615,0.8358947999999998,0.0004179473999999999,,,159216,478,0.239,0.9505112000000004,0.0004752556000000002,,,5,,,,,,,,,,paired,,,,,,,,-45,,seed_cell,,,61820004,,,0.59,2000,,OFFICIAL_CODE_PLUS_SOURCE_TRANSCRIBED_COMPARATOR
156096,535,0.2675,0.8043708000000012,0.00040218540000000057,,,162256,498,0.249,0.9328397000000003,0.00046641985000000016,,,5,,,,,,,,,,paired,,,,,,,,-37,,seed_cell,,,61820005,,,0.59,2000,,OFFICIAL_CODE_PLUS_SOURCE_TRANSCRIBED_COMPARATOR
155488,532,0.266,0.8766176999999996,0.0004383088499999998,,,160112,505,0.2525,0.9629864999999994,0.0004814932499999997,,,5,,,,,,,,,,paired,,,,,,,,-27,,seed_cell,,,61820006,,,0.59,2000,,OFFICIAL_CODE_PLUS_SOURCE_TRANSCRIBED_COMPARATOR
154880,491,0.2455,0.8853281999999997,0.0004426640999999998,,,159072,501,0.2505,0.9053750000000002,0.0004526875000000001,,,5,,,,,,,,,,paired,,,,,,,,10,,seed_cell,,,61820007,,,0.59,2000,,OFFICIAL_CODE_PLUS_SOURCE_TRANSCRIBED_COMPARATOR
153664,505,0.2525,1.0613291000000002,0.0005306645500000001,,,160800,483,0.2415,0.7515499000000005,0.00037577495000000027,,,5,,,,,,,,,,paired,,,,,,,,-22,,seed_cell,,,61820008,,,0.59,2000,,OFFICIAL_CODE_PLUS_SOURCE_TRANSCRIBED_COMPARATOR
153056,491,0.2455,1.0243528999999985,0.0005121764499999992,,,158128,467,0.2335,0.7733314000000004,0.0003866657000000002,,,5,,,,,,,,,,paired,,,,,,,,-24,,seed_cell,,,61820009,,,0.59,2000,,OFFICIAL_CODE_PLUS_SOURCE_TRANSCRIBED_COMPARATOR
154880,489,0.2445,0.9926118999999995,0.0004963059499999997,,,159072,489,0.2445,0.7743779000000006,0.00038718895000000033,,,5,,,,,,,,,,paired,,,,,,,,0,,seed_cell,,,61820010,,,0.59,2000,,OFFICIAL_CODE_PLUS_SOURCE_TRANSCRIBED_COMPARATOR
152448,472,0.236,0.9329339999999983,0.0004664669999999991,,,158176,444,0.222,0.8508527000000009,0.00042542635000000046,,,5,,,,,,,,,,paired,,,,,,,,-28,,seed_cell,,,61820011,,,0.59,2000,,OFFICIAL_CODE_PLUS_SOURCE_TRANSCRIBED_COMPARATOR
154272,510,0.255,0.9451579999999998,0.00047257899999999994,,,159664,495,0.2475,0.8619538999999988,0.0004309769499999994,,,5,,,,,,,,,,paired,,,,,,,,-15,,seed_cell,,,61820012,,,0.59,2000,,OFFICIAL_CODE_PLUS_SOURCE_TRANSCRIBED_COMPARATOR
150624,508,0.254,0.8071365999999991,0.00040356829999999954,,,156144,482,0.241,0.952623599999998,0.000476311799999999,,,5,,,,,,,,,,paired,,,,,,,,-26,,seed_cell,,,61820013,,,0.59,2000,,OFFICIAL_CODE_PLUS_SOURCE_TRANSCRIBED_COMPARATOR
156096,542,0.271,1.0051301000000006,0.0005025650500000003,,,161696,501,0.2505,0.8406940999999997,0.00042034704999999986,,,5,,,,,,,,,,paired,,,,,,,,-41,,seed_cell,,,61820014,,,0.59,2000,,OFFICIAL_CODE_PLUS_SOURCE_TRANSCRIBED_COMPARATOR
153056,499,0.2495,0.8565221999999991,0.0004282610999999996,,,158128,464,0.232,0.8937077999999999,0.00044685389999999997,,,5,,,,,,,,,,paired,,,,,,,,-35,,seed_cell,,,61820015,,,0.59,2000,,OFFICIAL_CODE_PLUS_SOURCE_TRANSCRIBED_COMPARATOR
154272,494,0.247,0.8755865999999995,0.0004377932999999998,,,160752,474,0.237,0.8936105000000014,0.0004468052500000007,,,5,,,,,,,,,,paired,,,,,,,,-20,,seed_cell,,,61820016,,,0.59,2000,,OFFICIAL_CODE_PLUS_SOURCE_TRANSCRIBED_COMPARATOR
153056,519,0.2595,0.9048967999999987,0.00045244839999999937,,,158672,508,0.254,0.8155477999999989,0.0004077738999999995,,,5,,,,,,,,,,paired,,,,,,,,-11,,seed_cell,,,61820017,,,0.59,2000,,OFFICIAL_CODE_PLUS_SOURCE_TRANSCRIBED_COMPARATOR
152448,529,0.2645,0.9117827999999992,0.00045589139999999964,,,157088,520,0.26,0.9297403999999988,0.0004648701999999994,,,5,,,,,,,,,,paired,,,,,,,,-9,,seed_cell,,,61820018,,,0.59,2000,,OFFICIAL_CODE_PLUS_SOURCE_TRANSCRIBED_COMPARATOR
154880,497,0.2485,0.8720085999999987,0.0004360042999999993,,,159536,499,0.2495,0.9883411000000007,0.0004941705500000003,,,5,,,,,,,,,,paired,,,,,,,,2,,seed_cell,,,61820019,,,0.59,2000,,OFFICIAL_CODE_PLUS_SOURCE_TRANSCRIBED_COMPARATOR
153664,512,0.256,0.8577092999999996,0.0004288546499999998,,,159728,492,0.246,0.9609359999999993,0.0004804679999999997,,,5,,,,,,,,,,paired,,,,,,,,-20,,seed_cell,,,61820020,,,0.59,2000,,OFFICIAL_CODE_PLUS_SOURCE_TRANSCRIBED_COMPARATOR
151840,536,0.268,0.9202767000000017,0.00046013835000000084,,,158224,487,0.2435,1.0706169,0.00053530845,,,5,,,,,,,,,,paired,,,,,,,,-49,,seed_cell,,,61820021,,,0.59,2000,,OFFICIAL_CODE_PLUS_SOURCE_TRANSCRIBED_COMPARATOR
154272,527,0.2635,0.8540091999999986,0.0004270045999999993,,,159664,525,0.2625,0.7488800999999993,0.0003744400499999996,,,5,,,,,,,,,,paired,,,,,,,,-2,,seed_cell,,,61820022,,,0.59,2000,,OFFICIAL_CODE_PLUS_SOURCE_TRANSCRIBED_COMPARATOR
155488,491,0.2455,0.910171900000001,0.0004550859500000005,,,161744,452,0.226,0.9538925999999994,0.00047694629999999973,,,5,,,,,,,,,,paired,,,,,,,,-39,,seed_cell,,,61820023,,,0.59,2000,,OFFICIAL_CODE_PLUS_SOURCE_TRANSCRIBED_COMPARATOR
154272,472,0.236,0.8963661999999973,0.0004481830999999987,,,159120,466,0.233,0.8555944999999999,0.00042779725,,,5,,,,,,,,,,paired,,,,,,,,-6,,seed_cell,,,61820024,,,0.59,2000,,OFFICIAL_CODE_PLUS_SOURCE_TRANSCRIBED_COMPARATOR
153056,481,0.2405,0.8172253999999975,0.00040861269999999876,,,158672,467,0.2335,0.9203831999999996,0.0004601915999999998,,,5,,,,,,,,,,paired,,,,,,,,-14,,seed_cell,,,61820025,,,0.59,2000,,OFFICIAL_CODE_PLUS_SOURCE_TRANSCRIBED_COMPARATOR
154272,519,0.2595,0.6869631000000015,0.00034348155000000076,,,160704,498,0.249,0.871145999999999,0.0004355729999999995,,,5,,,,,,,,,,paired,,,,,,,,-21,,seed_cell,,,61820026,,,0.59,2000,,OFFICIAL_CODE_PLUS_SOURCE_TRANSCRIBED_COMPARATOR
153056,536,0.268,0.8876344999999993,0.00044381724999999965,,,158128,492,0.246,0.9153188000000004,0.0004576594000000002,,,5,,,,,,,,,,paired,,,,,,,,-44,,seed_cell,,,61820027,,,0.59,2000,,OFFICIAL_CODE_PLUS_SOURCE_TRANSCRIBED_COMPARATOR
154880,487,0.2435,0.9371607000000011,0.0004685803500000005,,,159616,489,0.2445,0.8551067000000008,0.0004275533500000004,,,5,,,,,,,,,,paired,,,,,,,,2,,seed_cell,,,61820028,,,0.59,2000,,OFFICIAL_CODE_PLUS_SOURCE_TRANSCRIBED_COMPARATOR
154272,511,0.2555,0.8241260000000009,0.00041206300000000044,,,159136,472,0.236,1.125945399999998,0.000562972699999999,,,5,,,,,,,,,,paired,,,,,,,,-39,,seed_cell,,,61820029,,,0.59,2000,,OFFICIAL_CODE_PLUS_SOURCE_TRANSCRIBED_COMPARATOR
154272,537,0.2685,1.0283445999999996,0.0005141722999999998,,,160768,510,0.255,0.7378969999999998,0.0003689484999999999,,,5,,,,,,,,,,paired,,,,,,,,-27,,seed_cell,,,61820030,,,0.59,2000,,OFFICIAL_CODE_PLUS_SOURCE_TRANSCRIBED_COMPARATOR
153664,509,0.2545,0.9003288999999997,0.00045016444999999985,,,160208,504,0.252,0.8557463999999996,0.0004278731999999998,,,5,,,,,,,,,,paired,,,,,,,,-5,,seed_cell,,,61820031,,,0.59,2000,,OFFICIAL_CODE_PLUS_SOURCE_TRANSCRIBED_COMPARATOR
152448,519,0.2595,1.1124691999999996,0.0005562345999999998,,,157632,497,0.2485,0.7408040999999986,0.0003704020499999993,,,5,,,,,,,,,,paired,,,,,,,,-22,,seed_cell,,,61820032,,,0.59,2000,,OFFICIAL_CODE_PLUS_SOURCE_TRANSCRIBED_COMPARATOR
154880,542,0.271,0.8856537,0.00044282684999999997,,,162192,521,0.2605,0.9747793000000015,0.00048738965000000073,,,5,,,,,,,,,,paired,,,,,,,,-21,,seed_cell,,,61820001,,,0.6,2000,,OFFICIAL_CODE_PLUS_SOURCE_TRANSCRIBED_COMPARATOR
153056,570,0.285,0.9329075999999984,0.0004664537999999992,,,157040,525,0.2625,0.9093650000000009,0.0004546825000000004,,,5,,,,,,,,,,paired,,,,,,,,-45,,seed_cell,,,61820002,,,0.6,2000,,OFFICIAL_CODE_PLUS_SOURCE_TRANSCRIBED_COMPARATOR
151840,596,0.298,1.0286240000000002,0.0005143120000000001,,,158768,573,0.2865,0.8421755000000001,0.00042108775000000004,,,5,,,,,,,,,,paired,,,,,,,,-23,,seed_cell,,,61820003,,,0.6,2000,,OFFICIAL_CODE_PLUS_SOURCE_TRANSCRIBED_COMPARATOR
152448,546,0.273,0.8026067999999994,0.0004013033999999997,,,158176,514,0.257,0.9705120000000007,0.00048525600000000037,,,5,,,,,,,,,,paired,,,,,,,,-32,,seed_cell,,,61820004,,,0.6,2000,,OFFICIAL_CODE_PLUS_SOURCE_TRANSCRIBED_COMPARATOR
156096,562,0.281,0.8638333999999999,0.00043191669999999993,,,160064,544,0.272,0.9982642999999995,0.0004991321499999997,,,5,,,,,,,,,,paired,,,,,,,,-18,,seed_cell,,,61820005,,,0.6,2000,,OFFICIAL_CODE_PLUS_SOURCE_TRANSCRIBED_COMPARATOR
152448,553,0.2765,0.867754299999999,0.0004338771499999995,,,157632,517,0.2585,0.8754483000000003,0.00043772415000000017,,,5,,,,,,,,,,paired,,,,,,,,-36,,seed_cell,,,61820006,,,0.6,2000,,OFFICIAL_CODE_PLUS_SOURCE_TRANSCRIBED_COMPARATOR
151840,577,0.2885,0.9122971999999984,0.0004561485999999992,,,157680,562,0.281,0.9265019999999992,0.0004632509999999996,,,5,,,,,,,,,,paired,,,,,,,,-15,,seed_cell,,,61820007,,,0.6,2000,,OFFICIAL_CODE_PLUS_SOURCE_TRANSCRIBED_COMPARATOR
154880,579,0.2895,0.8296477999999999,0.00041482389999999996,,,161744,593,0.2965,0.9860568999999998,0.0004930284499999999,,,5,,,,,,,,,,paired,,,,,,,,14,,seed_cell,,,61820008,,,0.6,2000,,OFFICIAL_CODE_PLUS_SOURCE_TRANSCRIBED_COMPARATOR
153664,591,0.2955,0.8425189999999997,0.00042125949999999985,,,160256,554,0.277,1.013366599999999,0.0005066832999999995,,,5,,,,,,,,,,paired,,,,,,,,-37,,seed_cell,,,61820009,,,0.6,2000,,OFFICIAL_CODE_PLUS_SOURCE_TRANSCRIBED_COMPARATOR
154272,592,0.296,0.8277550999999993,0.00041387754999999964,,,161200,553,0.2765,0.9461443000000004,0.0004730721500000002,,,5,,,,,,,,,,paired,,,,,,,,-39,,seed_cell,,,61820010,,,0.6,2000,,OFFICIAL_CODE_PLUS_SOURCE_TRANSCRIBED_COMPARATOR
154880,614,0.307,0.9791674999999994,0.0004895837499999997,,,160704,577,0.2885,0.8835899000000005,0.00044179495000000023,,,5,,,,,,,,,,paired,,,,,,,,-37,,seed_cell,,,61820011,,,0.6,2000,,OFFICIAL_CODE_PLUS_SOURCE_TRANSCRIBED_COMPARATOR
154880,577,0.2885,0.9250932999999996,0.0004625466499999998,,,159616,549,0.2745,0.9983486000000001,0.0004991743000000001,,,5,,,,,,,,,,paired,,,,,,,,-28,,seed_cell,,,61820012,,,0.6,2000,,OFFICIAL_CODE_PLUS_SOURCE_TRANSCRIBED_COMPARATOR
154880,573,0.2865,0.9125072999999991,0.00045625364999999957,,,161248,550,0.275,0.9909344999999998,0.00049546725,,,5,,,,,,,,,,paired,,,,,,,,-23,,seed_cell,,,61820013,,,0.6,2000,,OFFICIAL_CODE_PLUS_SOURCE_TRANSCRIBED_COMPARATOR
154272,568,0.284,0.9797604999999968,0.0004898802499999984,,,159664,555,0.2775,0.9291982999999997,0.00046459914999999984,,,5,,,,,,,,,,paired,,,,,,,,-13,,seed_cell,,,61820014,,,0.6,2000,,OFFICIAL_CODE_PLUS_SOURCE_TRANSCRIBED_COMPARATOR
154272,561,0.2805,0.8782456000000006,0.0004391228000000003,,,159664,537,0.2685,0.984762500000001,0.0004923812500000005,,,5,,,,,,,,,,paired,,,,,,,,-24,,seed_cell,,,61820015,,,0.6,2000,,OFFICIAL_CODE_PLUS_SOURCE_TRANSCRIBED_COMPARATOR
153056,551,0.2755,0.8855269000000003,0.00044276345000000014,,,160800,536,0.268,0.9535168999999997,0.00047675844999999986,,,5,,,,,,,,,,paired,,,,,,,,-15,,seed_cell,,,61820016,,,0.6,2000,,OFFICIAL_CODE_PLUS_SOURCE_TRANSCRIBED_COMPARATOR
154880,517,0.2585,0.9485924000000009,0.0004742962000000004,,,160160,514,0.257,0.8725800000000012,0.00043629000000000064,,,5,,,,,,,,,,paired,,,,,,,,-3,,seed_cell,,,61820017,,,0.6,2000,,OFFICIAL_CODE_PLUS_SOURCE_TRANSCRIBED_COMPARATOR
154880,592,0.296,0.8080432999999998,0.0004040216499999999,,,159616,580,0.29,0.9230119000000003,0.0004615059500000002,,,5,,,,,,,,,,paired,,,,,,,,-12,,seed_cell,,,61820018,,,0.6,2000,,OFFICIAL_CODE_PLUS_SOURCE_TRANSCRIBED_COMPARATOR
156096,581,0.2905,0.8563351000000003,0.00042816755000000016,,,161696,544,0.272,0.8108163999999985,0.00040540819999999926,,,5,,,,,,,,,,paired,,,,,,,,-37,,seed_cell,,,61820019,,,0.6,2000,,OFFICIAL_CODE_PLUS_SOURCE_TRANSCRIBED_COMPARATOR
153664,550,0.275,0.9074938999999997,0.0004537469499999999,,,159168,529,0.2645,0.8436496000000003,0.00042182480000000017,,,5,,,,,,,,,,paired,,,,,,,,-21,,seed_cell,,,61820020,,,0.6,2000,,OFFICIAL_CODE_PLUS_SOURCE_TRANSCRIBED_COMPARATOR
154272,567,0.2835,0.8244351999999988,0.00041221759999999943,,,159664,547,0.2735,1.0036232999999999,0.0005018116499999999,,,5,,,,,,,,,,paired,,,,,,,,-20,,seed_cell,,,61820021,,,0.6,2000,,OFFICIAL_CODE_PLUS_SOURCE_TRANSCRIBED_COMPARATOR
153056,544,0.272,0.9415652999999997,0.00047078264999999984,,,158672,555,0.2775,0.9478963999999992,0.0004739481999999996,,,5,,,,,,,,,,paired,,,,,,,,11,,seed_cell,,,61820022,,,0.6,2000,,OFFICIAL_CODE_PLUS_SOURCE_TRANSCRIBED_COMPARATOR
153056,571,0.2855,0.8911398999999997,0.0004455699499999998,,,157040,533,0.2665,1.0546333999999988,0.0005273166999999994,,,5,,,,,,,,,,paired,,,,,,,,-38,,seed_cell,,,61820023,,,0.6,2000,,OFFICIAL_CODE_PLUS_SOURCE_TRANSCRIBED_COMPARATOR
154272,565,0.2825,0.9398653000000006,0.0004699326500000003,,,159584,539,0.2695,0.8377714000000009,0.0004188857000000005,,,5,,,,,,,,,,paired,,,,,,,,-26,,seed_cell,,,61820024,,,0.6,2000,,OFFICIAL_CODE_PLUS_SOURCE_TRANSCRIBED_COMPARATOR
154272,573,0.2865,0.9031978999999996,0.0004515989499999998,,,159120,558,0.279,0.9543720000000022,0.00047718600000000113,,,5,,,,,,,,,,paired,,,,,,,,-15,,seed_cell,,,61820025,,,0.6,2000,,OFFICIAL_CODE_PLUS_SOURCE_TRANSCRIBED_COMPARATOR
154272,569,0.2845,1.024335399999999,0.0005121676999999995,,,159072,531,0.2655,0.800130700000002,0.000400065350000001,,,5,,,,,,,,,,paired,,,,,,,,-38,,seed_cell,,,61820026,,,0.6,2000,,OFFICIAL_CODE_PLUS_SOURCE_TRANSCRIBED_COMPARATOR
155488,577,0.2885,1.0872541,0.00054362705,,,161648,546,0.273,0.8349747999999988,0.0004174873999999994,,,5,,,,,,,,,,paired,,,,,,,,-31,,seed_cell,,,61820027,,,0.6,2000,,OFFICIAL_CODE_PLUS_SOURCE_TRANSCRIBED_COMPARATOR
152448,554,0.277,0.881296499999999,0.0004406482499999995,,,157088,542,0.271,0.9533501000000003,0.00047667505000000015,,,5,,,,,,,,,,paired,,,,,,,,-12,,seed_cell,,,61820028,,,0.6,2000,,OFFICIAL_CODE_PLUS_SOURCE_TRANSCRIBED_COMPARATOR
155488,550,0.275,1.0417562999999999,0.00052087815,,,161216,514,0.257,0.8827732000000007,0.00044138660000000036,,,5,,,,,,,,,,paired,,,,,,,,-36,,seed_cell,,,61820029,,,0.6,2000,,OFFICIAL_CODE_PLUS_SOURCE_TRANSCRIBED_COMPARATOR
154880,601,0.3005,0.9581616000000013,0.00047908080000000065,,,159616,575,0.2875,0.8176777999999997,0.00040883889999999984,,,5,,,,,,,,,,paired,,,,,,,,-26,,seed_cell,,,61820030,,,0.6,2000,,OFFICIAL_CODE_PLUS_SOURCE_TRANSCRIBED_COMPARATOR
154272,588,0.294,0.9230566000000014,0.0004615283000000007,,,160752,562,0.281,1.0101652999999995,0.0005050826499999997,,,5,,,,,,,,,,paired,,,,,,,,-26,,seed_cell,,,61820031,,,0.6,2000,,OFFICIAL_CODE_PLUS_SOURCE_TRANSCRIBED_COMPARATOR
151840,551,0.2755,0.922293299999999,0.00046114664999999947,,,157136,544,0.272,0.9273299000000002,0.0004636649500000001,,,5,,,,,,,,,,paired,,,,,,,,-7,,seed_cell,,,61820032,,,0.6,2000,,OFFICIAL_CODE_PLUS_SOURCE_TRANSCRIBED_COMPARATOR
152448,634,0.317,1.0378013000000001,0.0005189006500000001,,,158176,618,0.309,0.812200499999999,0.0004061002499999995,,,5,,,,,,,,,,paired,,,,,,,,-16,,seed_cell,,,61820001,,,0.61,2000,,OFFICIAL_CODE_PLUS_SOURCE_TRANSCRIBED_COMPARATOR
151232,638,0.319,0.8522395000000007,0.00042611975000000034,,,158272,602,0.301,0.9926882999999984,0.0004963441499999992,,,5,,,,,,,,,,paired,,,,,,,,-36,,seed_cell,,,61820002,,,0.61,2000,,OFFICIAL_CODE_PLUS_SOURCE_TRANSCRIBED_COMPARATOR
154272,642,0.321,0.9505528999999997,0.00047527644999999984,,,158576,614,0.307,0.9357218000000014,0.0004678609000000007,,,5,,,,,,,,,,paired,,,,,,,,-28,,seed_cell,,,61820003,,,0.61,2000,,OFFICIAL_CODE_PLUS_SOURCE_TRANSCRIBED_COMPARATOR
153664,645,0.3225,0.8947799000000005,0.00044738995000000024,,,158624,608,0.304,1.0099942999999991,0.0005049971499999996,,,5,,,,,,,,,,paired,,,,,,,,-37,,seed_cell,,,61820004,,,0.61,2000,,OFFICIAL_CODE_PLUS_SOURCE_TRANSCRIBED_COMPARATOR
153664,645,0.3225,0.8579088000000012,0.0004289544000000006,,,158080,620,0.31,0.9738452000000004,0.0004869226000000002,,,5,,,,,,,,,,paired,,,,,,,,-25,,seed_cell,,,61820005,,,0.61,2000,,OFFICIAL_CODE_PLUS_SOURCE_TRANSCRIBED_COMPARATOR
151840,626,0.313,0.9584109000000005,0.0004792054500000003,,,157152,603,0.3015,0.9082366999999991,0.00045411834999999957,,,5,,,,,,,,,,paired,,,,,,,,-23,,seed_cell,,,61820006,,,0.61,2000,,OFFICIAL_CODE_PLUS_SOURCE_TRANSCRIBED_COMPARATOR
156096,643,0.3215,0.8903180000000003,0.00044515900000000015,,,160064,602,0.301,0.9830918999999988,0.0004915459499999994,,,5,,,,,,,,,,paired,,,,,,,,-41,,seed_cell,,,61820007,,,0.61,2000,,OFFICIAL_CODE_PLUS_SOURCE_TRANSCRIBED_COMPARATOR
153056,652,0.326,0.884104399999999,0.0004420521999999995,,,158672,610,0.305,0.9400433000000001,0.00047002165000000005,,,5,,,,,,,,,,paired,,,,,,,,-42,,seed_cell,,,61820008,,,0.61,2000,,OFFICIAL_CODE_PLUS_SOURCE_TRANSCRIBED_COMPARATOR
153664,622,0.311,0.8775253,0.00043876265,,,158096,602,0.301,0.9656808000000016,0.0004828404000000008,,,5,,,,,,,,,,paired,,,,,,,,-20,,seed_cell,,,61820009,,,0.61,2000,,OFFICIAL_CODE_PLUS_SOURCE_TRANSCRIBED_COMPARATOR
151840,603,0.3015,0.8870630000000003,0.0004435315000000001,,,158224,585,0.2925,0.9068590000000005,0.00045342950000000026,,,5,,,,,,,,,,paired,,,,,,,,-18,,seed_cell,,,61820010,,,0.61,2000,,OFFICIAL_CODE_PLUS_SOURCE_TRANSCRIBED_COMPARATOR
156096,646,0.323,0.8841947000000003,0.0004420973500000002,,,160608,606,0.303,0.9689018999999993,0.00048445094999999966,,,5,,,,,,,,,,paired,,,,,,,,-40,,seed_cell,,,61820011,,,0.61,2000,,OFFICIAL_CODE_PLUS_SOURCE_TRANSCRIBED_COMPARATOR
153664,624,0.312,0.8680015000000005,0.0004340007500000003,,,158624,605,0.3025,0.9598277000000001,0.00047991385,,,5,,,,,,,,,,paired,,,,,,,,-19,,seed_cell,,,61820012,,,0.61,2000,,OFFICIAL_CODE_PLUS_SOURCE_TRANSCRIBED_COMPARATOR
154272,628,0.314,0.9154963000000003,0.0004577481500000001,,,161216,588,0.294,0.9876292999999992,0.0004938146499999995,,,5,,,,,,,,,,paired,,,,,,,,-40,,seed_cell,,,61820013,,,0.61,2000,,OFFICIAL_CODE_PLUS_SOURCE_TRANSCRIBED_COMPARATOR
153664,654,0.327,0.9588386000000003,0.0004794193000000002,,,158624,615,0.3075,0.8738539000000002,0.0004369269500000001,,,5,,,,,,,,,,paired,,,,,,,,-39,,seed_cell,,,61820014,,,0.61,2000,,OFFICIAL_CODE_PLUS_SOURCE_TRANSCRIBED_COMPARATOR
153056,638,0.319,0.8959541000000002,0.0004479770500000001,,,159760,611,0.3055,0.9438030999999981,0.00047190154999999904,,,5,,,,,,,,,,paired,,,,,,,,-27,,seed_cell,,,61820015,,,0.61,2000,,OFFICIAL_CODE_PLUS_SOURCE_TRANSCRIBED_COMPARATOR
156096,644,0.322,0.9252381000000005,0.00046261905000000023,,,160608,615,0.3075,1.0116107,0.00050580535,,,5,,,,,,,,,,paired,,,,,,,,-29,,seed_cell,,,61820016,,,0.61,2000,,OFFICIAL_CODE_PLUS_SOURCE_TRANSCRIBED_COMPARATOR
153056,653,0.3265,0.9863154000000002,0.0004931577000000001,,,159760,632,0.316,0.8227353000000016,0.0004113676500000008,,,5,,,,,,,,,,paired,,,,,,,,-21,,seed_cell,,,61820017,,,0.61,2000,,OFFICIAL_CODE_PLUS_SOURCE_TRANSCRIBED_COMPARATOR
153664,625,0.3125,0.8762992999999997,0.0004381496499999998,,,158080,613,0.3065,0.9976346000000007,0.0004988173000000004,,,5,,,,,,,,,,paired,,,,,,,,-12,,seed_cell,,,61820018,,,0.61,2000,,OFFICIAL_CODE_PLUS_SOURCE_TRANSCRIBED_COMPARATOR
153056,636,0.318,0.9535069999999991,0.00047675349999999953,,,158128,615,0.3075,0.8764113000000011,0.00043820565000000054,,,5,,,,,,,,,,paired,,,,,,,,-21,,seed_cell,,,61820019,,,0.61,2000,,OFFICIAL_CODE_PLUS_SOURCE_TRANSCRIBED_COMPARATOR
154880,626,0.313,0.7471578999999997,0.00037357894999999984,,,160704,606,0.303,1.099293199999997,0.0005496465999999986,,,5,,,,,,,,,,paired,,,,,,,,-20,,seed_cell,,,61820020,,,0.61,2000,,OFFICIAL_CODE_PLUS_SOURCE_TRANSCRIBED_COMPARATOR
154880,620,0.31,0.7816973000000006,0.0003908486500000003,,,159616,591,0.2955,1.0677112000000002,0.0005338556000000001,,,5,,,,,,,,,,paired,,,,,,,,-29,,seed_cell,,,61820021,,,0.61,2000,,OFFICIAL_CODE_PLUS_SOURCE_TRANSCRIBED_COMPARATOR
156096,653,0.3265,0.9188500000000001,0.000459425,,,161696,637,0.3185,1.0515954999999997,0.0005257977499999999,,,5,,,,,,,,,,paired,,,,,,,,-16,,seed_cell,,,61820022,,,0.61,2000,,OFFICIAL_CODE_PLUS_SOURCE_TRANSCRIBED_COMPARATOR
152448,636,0.318,0.8927454000000001,0.0004463727000000001,,,158192,631,0.3155,0.9716696999999995,0.0004858348499999998,,,5,,,,,,,,,,paired,,,,,,,,-5,,seed_cell,,,61820023,,,0.61,2000,,OFFICIAL_CODE_PLUS_SOURCE_TRANSCRIBED_COMPARATOR
155488,646,0.323,0.8564773,0.00042823865,,,159568,623,0.3115,0.9832108000000003,0.0004916054000000001,,,5,,,,,,,,,,paired,,,,,,,,-23,,seed_cell,,,61820024,,,0.61,2000,,OFFICIAL_CODE_PLUS_SOURCE_TRANSCRIBED_COMPARATOR
154880,656,0.328,0.9102409999999986,0.0004551204999999993,,,161248,617,0.3085,0.8924154000000016,0.00044620770000000084,,,5,,,,,,,,,,paired,,,,,,,,-39,,seed_cell,,,61820025,,,0.61,2000,,OFFICIAL_CODE_PLUS_SOURCE_TRANSCRIBED_COMPARATOR
153664,615,0.3075,0.9759699999999994,0.0004879849999999997,,,158624,600,0.3,0.8246676999999997,0.0004123338499999998,,,5,,,,,,,,,,paired,,,,,,,,-15,,seed_cell,,,61820026,,,0.61,2000,,OFFICIAL_CODE_PLUS_SOURCE_TRANSCRIBED_COMPARATOR
153664,648,0.324,0.9544577000000009,0.0004772288500000004,,,160800,639,0.3195,0.9489865000000014,0.0004744932500000007,,,5,,,,,,,,,,paired,,,,,,,,-9,,seed_cell,,,61820027,,,0.61,2000,,OFFICIAL_CODE_PLUS_SOURCE_TRANSCRIBED_COMPARATOR
153664,629,0.3145,0.8720141000000007,0.0004360070500000003,,,159072,623,0.3115,0.9464654999999983,0.00047323274999999914,,,5,,,,,,,,,,paired,,,,,,,,-6,,seed_cell,,,61820028,,,0.61,2000,,OFFICIAL_CODE_PLUS_SOURCE_TRANSCRIBED_COMPARATOR
155488,628,0.314,0.9558782000000001,0.00047793910000000007,,,160672,610,0.305,0.9806838999999995,0.0004903419499999997,,,5,,,,,,,,,,paired,,,,,,,,-18,,seed_cell,,,61820029,,,0.61,2000,,OFFICIAL_CODE_PLUS_SOURCE_TRANSCRIBED_COMPARATOR
154272,615,0.3075,0.9161778000000007,0.00045808890000000036,,,160752,590,0.295,0.9500866000000014,0.0004750433000000007,,,5,,,,,,,,,,paired,,,,,,,,-25,,seed_cell,,,61820030,,,0.61,2000,,OFFICIAL_CODE_PLUS_SOURCE_TRANSCRIBED_COMPARATOR
154272,629,0.3145,0.960781099999999,0.0004803905499999995,,,160208,606,0.303,0.8757051000000005,0.0004378525500000002,,,5,,,,,,,,,,paired,,,,,,,,-23,,seed_cell,,,61820031,,,0.61,2000,,OFFICIAL_CODE_PLUS_SOURCE_TRANSCRIBED_COMPARATOR
154880,615,0.3075,0.9293743999999987,0.00046468719999999934,,,161248,589,0.2945,0.8931926000000006,0.00044659630000000027,,,5,,,,,,,,,,paired,,,,,,,,-26,,seed_cell,,,61820032,,,0.61,2000,,OFFICIAL_CODE_PLUS_SOURCE_TRANSCRIBED_COMPARATOR
153056,729,0.3645,0.8838417999999999,0.0004419208999999999,,,158672,697,0.3485,0.9627442000000006,0.0004813721000000003,,,5,,,,,,,,,,paired,,,,,,,,-32,,seed_cell,,,61820001,,,0.62,2000,,OFFICIAL_CODE_PLUS_SOURCE_TRANSCRIBED_COMPARATOR
154272,677,0.3385,0.8923028000000005,0.00044615140000000024,,,159120,664,0.332,0.8973124000000003,0.00044865620000000014,,,5,,,,,,,,,,paired,,,,,,,,-13,,seed_cell,,,61820002,,,0.62,2000,,OFFICIAL_CODE_PLUS_SOURCE_TRANSCRIBED_COMPARATOR
152448,669,0.3345,0.938113700000002,0.000469056850000001,,,158720,645,0.3225,0.9572807999999986,0.0004786403999999993,,,5,,,,,,,,,,paired,,,,,,,,-24,,seed_cell,,,61820003,,,0.62,2000,,OFFICIAL_CODE_PLUS_SOURCE_TRANSCRIBED_COMPARATOR
156096,695,0.3475,0.8953184999999987,0.0004476592499999993,,,160624,649,0.3245,0.9301877999999996,0.0004650938999999998,,,5,,,,,,,,,,paired,,,,,,,,-46,,seed_cell,,,61820004,,,0.62,2000,,OFFICIAL_CODE_PLUS_SOURCE_TRANSCRIBED_COMPARATOR
154880,722,0.361,0.9662382999999997,0.00048311914999999984,,,159632,692,0.346,0.8823900999999998,0.00044119504999999993,,,5,,,,,,,,,,paired,,,,,,,,-30,,seed_cell,,,61820005,,,0.62,2000,,OFFICIAL_CODE_PLUS_SOURCE_TRANSCRIBED_COMPARATOR
154880,674,0.337,0.7770245999999993,0.00038851229999999965,,,161152,631,0.3155,0.8934806000000005,0.00044674030000000026,,,5,,,,,,,,,,paired,,,,,,,,-43,,seed_cell,,,61820006,,,0.62,2000,,OFFICIAL_CODE_PLUS_SOURCE_TRANSCRIBED_COMPARATOR
154272,715,0.3575,0.8457093999999998,0.00042285469999999993,,,159664,676,0.338,0.8189553000000004,0.0004094776500000002,,,5,,,,,,,,,,paired,,,,,,,,-39,,seed_cell,,,61820007,,,0.62,2000,,OFFICIAL_CODE_PLUS_SOURCE_TRANSCRIBED_COMPARATOR
153664,697,0.3485,0.9953388000000002,0.0004976694000000001,,,159168,673,0.3365,1.0430387000000017,0.0005215193500000008,,,5,,,,,,,,,,paired,,,,,,,,-24,,seed_cell,,,61820008,,,0.62,2000,,OFFICIAL_CODE_PLUS_SOURCE_TRANSCRIBED_COMPARATOR
154880,709,0.3545,0.8751352000000003,0.0004375676000000002,,,160160,650,0.325,0.9853407000000003,0.0004926703500000002,,,5,,,,,,,,,,paired,,,,,,,,-59,,seed_cell,,,61820009,,,0.62,2000,,OFFICIAL_CODE_PLUS_SOURCE_TRANSCRIBED_COMPARATOR
154880,653,0.3265,0.8697063,0.00043485315,,,159616,647,0.3235,0.9012868000000009,0.0004506434000000005,,,5,,,,,,,,,,paired,,,,,,,,-6,,seed_cell,,,61820010,,,0.62,2000,,OFFICIAL_CODE_PLUS_SOURCE_TRANSCRIBED_COMPARATOR
155488,697,0.3485,0.9182279000000008,0.00045911395000000036,,,160656,675,0.3375,0.8867733000000001,0.00044338665000000005,,,5,,,,,,,,,,paired,,,,,,,,-22,,seed_cell,,,61820011,,,0.62,2000,,OFFICIAL_CODE_PLUS_SOURCE_TRANSCRIBED_COMPARATOR
153056,678,0.339,0.9270549000000007,0.00046352745000000035,,,157584,671,0.3355,0.8900274000000004,0.0004450137000000002,,,5,,,,,,,,,,paired,,,,,,,,-7,,seed_cell,,,61820012,,,0.62,2000,,OFFICIAL_CODE_PLUS_SOURCE_TRANSCRIBED_COMPARATOR
153664,651,0.3255,0.7932627,0.00039663135,,,159168,618,0.309,1.031251699999999,0.0005156258499999994,,,5,,,,,,,,,,paired,,,,,,,,-33,,seed_cell,,,61820013,,,0.62,2000,,OFFICIAL_CODE_PLUS_SOURCE_TRANSCRIBED_COMPARATOR
153664,675,0.3375,0.9052501999999993,0.00045262509999999967,,,159168,647,0.3235,0.7257558,0.0003628779,,,5,,,,,,,,,,paired,,,,,,,,-28,,seed_cell,,,61820014,,,0.62,2000,,OFFICIAL_CODE_PLUS_SOURCE_TRANSCRIBED_COMPARATOR
156704,681,0.3405,1.1013908999999977,0.0005506954499999989,,,163232,649,0.3245,0.7224392999999998,0.00036121964999999987,,,5,,,,,,,,,,paired,,,,,,,,-32,,seed_cell,,,61820015,,,0.62,2000,,OFFICIAL_CODE_PLUS_SOURCE_TRANSCRIBED_COMPARATOR
155488,690,0.345,0.9277286000000006,0.0004638643000000003,,,161200,664,0.332,0.8903654999999995,0.00044518274999999973,,,5,,,,,,,,,,paired,,,,,,,,-26,,seed_cell,,,61820016,,,0.62,2000,,OFFICIAL_CODE_PLUS_SOURCE_TRANSCRIBED_COMPARATOR
154272,723,0.3615,0.9684057999999997,0.0004842028999999998,,,159120,723,0.3615,0.8528917999999992,0.0004264458999999996,,,5,,,,,,,,,,paired,,,,,,,,0,,seed_cell,,,61820017,,,0.62,2000,,OFFICIAL_CODE_PLUS_SOURCE_TRANSCRIBED_COMPARATOR
153056,664,0.332,0.8814754999999999,0.00044073774999999995,,,159216,655,0.3275,0.9534621999999996,0.0004767310999999998,,,5,,,,,,,,,,paired,,,,,,,,-9,,seed_cell,,,61820018,,,0.62,2000,,OFFICIAL_CODE_PLUS_SOURCE_TRANSCRIBED_COMPARATOR
152448,725,0.3625,0.9532495000000007,0.0004766247500000004,,,159808,675,0.3375,0.985962400000001,0.0004929812000000005,,,5,,,,,,,,,,paired,,,,,,,,-50,,seed_cell,,,61820019,,,0.62,2000,,OFFICIAL_CODE_PLUS_SOURCE_TRANSCRIBED_COMPARATOR
154272,688,0.344,0.9641679000000009,0.00048208395000000044,,,160752,660,0.33,0.8478698000000006,0.0004239349000000003,,,5,,,,,,,,,,paired,,,,,,,,-28,,seed_cell,,,61820020,,,0.62,2000,,OFFICIAL_CODE_PLUS_SOURCE_TRANSCRIBED_COMPARATOR
152448,709,0.3545,0.8963215000000002,0.0004481607500000001,,,158720,669,0.3345,1.049221700000002,0.000524610850000001,,,5,,,,,,,,,,paired,,,,,,,,-40,,seed_cell,,,61820021,,,0.62,2000,,OFFICIAL_CODE_PLUS_SOURCE_TRANSCRIBED_COMPARATOR
156096,668,0.334,0.7884349999999992,0.0003942174999999996,,,162688,631,0.3155,0.9856322999999997,0.0004928161499999998,,,5,,,,,,,,,,paired,,,,,,,,-37,,seed_cell,,,61820022,,,0.62,2000,,OFFICIAL_CODE_PLUS_SOURCE_TRANSCRIBED_COMPARATOR
154272,666,0.333,0.9028443,0.00045142215000000004,,,158032,642,0.321,0.9795936000000018,0.000489796800000001,,,5,,,,,,,,,,paired,,,,,,,,-24,,seed_cell,,,61820023,,,0.62,2000,,OFFICIAL_CODE_PLUS_SOURCE_TRANSCRIBED_COMPARATOR
153664,683,0.3415,0.9790666000000008,0.0004895333000000004,,,158624,655,0.3275,0.8551560000000009,0.00042757800000000045,,,5,,,,,,,,,,paired,,,,,,,,-28,,seed_cell,,,61820024,,,0.62,2000,,OFFICIAL_CODE_PLUS_SOURCE_TRANSCRIBED_COMPARATOR
154880,694,0.347,0.8607889,0.00043039445,,,159072,664,0.332,1.0057697000000012,0.0005028848500000006,,,5,,,,,,,,,,paired,,,,,,,,-30,,seed_cell,,,61820025,,,0.62,2000,,OFFICIAL_CODE_PLUS_SOURCE_TRANSCRIBED_COMPARATOR
153664,709,0.3545,0.8872934000000009,0.00044364670000000047,,,160208,677,0.3385,0.9031453999999988,0.0004515726999999994,,,5,,,,,,,,,,paired,,,,,,,,-32,,seed_cell,,,61820026,,,0.62,2000,,OFFICIAL_CODE_PLUS_SOURCE_TRANSCRIBED_COMPARATOR
154880,694,0.347,0.9184782999999996,0.0004592391499999998,,,161152,646,0.323,0.8961164999999992,0.0004480582499999996,,,5,,,,,,,,,,paired,,,,,,,,-48,,seed_cell,,,61820027,,,0.62,2000,,OFFICIAL_CODE_PLUS_SOURCE_TRANSCRIBED_COMPARATOR
153056,697,0.3485,0.8852998999999991,0.00044264994999999955,,,158080,656,0.328,0.9499595999999987,0.00047497979999999934,,,5,,,,,,,,,,paired,,,,,,,,-41,,seed_cell,,,61820028,,,0.62,2000,,OFFICIAL_CODE_PLUS_SOURCE_TRANSCRIBED_COMPARATOR
153056,679,0.3395,0.873456000000001,0.0004367280000000005,,,158672,657,0.3285,0.8643525000000025,0.00043217625000000127,,,5,,,,,,,,,,paired,,,,,,,,-22,,seed_cell,,,61820029,,,0.62,2000,,OFFICIAL_CODE_PLUS_SOURCE_TRANSCRIBED_COMPARATOR
153056,700,0.35,0.957388899999998,0.000478694449999999,,,158128,653,0.3265,0.9368764999999981,0.00046843824999999906,,,5,,,,,,,,,,paired,,,,,,,,-47,,seed_cell,,,61820030,,,0.62,2000,,OFFICIAL_CODE_PLUS_SOURCE_TRANSCRIBED_COMPARATOR
154880,677,0.3385,0.9707968999999997,0.0004853984499999999,,,160704,658,0.329,0.8132109999999987,0.00040660549999999934,,,5,,,,,,,,,,paired,,,,,,,,-19,,seed_cell,,,61820031,,,0.62,2000,,OFFICIAL_CODE_PLUS_SOURCE_TRANSCRIBED_COMPARATOR
153664,681,0.3405,0.8720316,0.0004360158,,,161264,655,0.3275,0.9323943999999998,0.0004661971999999999,,,5,,,,,,,,,,paired,,,,,,,,-26,,seed_cell,,,61820032,,,0.62,2000,,OFFICIAL_CODE_PLUS_SOURCE_TRANSCRIBED_COMPARATOR
154272,781,0.3905,0.9433159000000013,0.00047165795000000065,,,159664,734,0.367,0.9450813999999996,0.00047254069999999983,,,5,,,,,,,,,,paired,,,,,,,,-47,,seed_cell,,,61820001,,,0.63,2000,,OFFICIAL_CODE_PLUS_SOURCE_TRANSCRIBED_COMPARATOR
154272,757,0.3785,0.8224431999999992,0.0004112215999999996,,,159664,739,0.3695,0.8475096999999988,0.0004237548499999994,,,5,,,,,,,,,,paired,,,,,,,,-18,,seed_cell,,,61820002,,,0.63,2000,,OFFICIAL_CODE_PLUS_SOURCE_TRANSCRIBED_COMPARATOR
156096,772,0.386,0.8709098999999995,0.0004354549499999997,,,160608,725,0.3625,0.7859970999999996,0.0003929985499999998,,,5,,,,,,,,,,paired,,,,,,,,-47,,seed_cell,,,61820003,,,0.63,2000,,OFFICIAL_CODE_PLUS_SOURCE_TRANSCRIBED_COMPARATOR
153664,735,0.3675,0.9651235000000005,0.00048256175000000026,,,161792,731,0.3655,1.0186050999999998,0.0005093025499999999,,,5,,,,,,,,,,paired,,,,,,,,-4,,seed_cell,,,61820004,,,0.63,2000,,OFFICIAL_CODE_PLUS_SOURCE_TRANSCRIBED_COMPARATOR
153664,732,0.366,0.8173742000000007,0.0004086871000000004,,,158080,720,0.36,1.016321799999999,0.0005081608999999995,,,5,,,,,,,,,,paired,,,,,,,,-12,,seed_cell,,,61820005,,,0.63,2000,,OFFICIAL_CODE_PLUS_SOURCE_TRANSCRIBED_COMPARATOR
155488,740,0.37,0.9613564000000021,0.00048067820000000105,,,160128,707,0.3535,0.8855172000000004,0.0004427586000000002,,,5,,,,,,,,,,paired,,,,,,,,-33,,seed_cell,,,61820006,,,0.63,2000,,OFFICIAL_CODE_PLUS_SOURCE_TRANSCRIBED_COMPARATOR
152448,751,0.3755,1.0677017999999971,0.0005338508999999986,,,158720,719,0.3595,0.8052585999999994,0.00040262929999999967,,,5,,,,,,,,,,paired,,,,,,,,-32,,seed_cell,,,61820007,,,0.63,2000,,OFFICIAL_CODE_PLUS_SOURCE_TRANSCRIBED_COMPARATOR
154880,728,0.364,0.9268161000000004,0.0004634080500000002,,,159616,688,0.344,0.9022002000000009,0.00045110010000000043,,,5,,,,,,,,,,paired,,,,,,,,-40,,seed_cell,,,61820008,,,0.63,2000,,OFFICIAL_CODE_PLUS_SOURCE_TRANSCRIBED_COMPARATOR
154880,768,0.384,0.8064153999999993,0.0004032076999999997,,,159072,706,0.353,1.0088882999999988,0.0005044441499999995,,,5,,,,,,,,,,paired,,,,,,,,-62,,seed_cell,,,61820009,,,0.63,2000,,OFFICIAL_CODE_PLUS_SOURCE_TRANSCRIBED_COMPARATOR
155488,735,0.3675,0.9207209000000008,0.0004603604500000004,,,159024,715,0.3575,1.0875949999999985,0.0005437974999999992,,,5,,,,,,,,,,paired,,,,,,,,-20,,seed_cell,,,61820010,,,0.63,2000,,OFFICIAL_CODE_PLUS_SOURCE_TRANSCRIBED_COMPARATOR
153056,760,0.38,0.8766810000000002,0.00043834050000000007,,,159216,730,0.365,0.9762392999999997,0.00048811964999999986,,,5,,,,,,,,,,paired,,,,,,,,-30,,seed_cell,,,61820011,,,0.63,2000,,OFFICIAL_CODE_PLUS_SOURCE_TRANSCRIBED_COMPARATOR
154880,773,0.3865,0.9255763000000012,0.0004627881500000006,,,159616,737,0.3685,0.988257099999999,0.0004941285499999995,,,5,,,,,,,,,,paired,,,,,,,,-36,,seed_cell,,,61820012,,,0.63,2000,,OFFICIAL_CODE_PLUS_SOURCE_TRANSCRIBED_COMPARATOR
153664,723,0.3615,0.9400197999999991,0.0004700098999999995,,,160704,681,0.3405,0.8983485999999994,0.0004491742999999997,,,5,,,,,,,,,,paired,,,,,,,,-42,,seed_cell,,,61820013,,,0.63,2000,,OFFICIAL_CODE_PLUS_SOURCE_TRANSCRIBED_COMPARATOR
156096,750,0.375,1.0161588999999993,0.0005080794499999997,,,161696,744,0.372,0.8832852000000001,0.00044164260000000005,,,5,,,,,,,,,,paired,,,,,,,,-6,,seed_cell,,,61820014,,,0.63,2000,,OFFICIAL_CODE_PLUS_SOURCE_TRANSCRIBED_COMPARATOR
154272,744,0.372,0.9273157000000012,0.0004636578500000006,,,159664,739,0.3695,0.8672764999999999,0.00043363824999999995,,,5,,,,,,,,,,paired,,,,,,,,-5,,seed_cell,,,61820015,,,0.63,2000,,OFFICIAL_CODE_PLUS_SOURCE_TRANSCRIBED_COMPARATOR
153664,771,0.3855,0.8912279999999994,0.00044561399999999967,,,160704,767,0.3835,1.007450700000001,0.0005037253500000006,,,5,,,,,,,,,,paired,,,,,,,,-4,,seed_cell,,,61820016,,,0.63,2000,,OFFICIAL_CODE_PLUS_SOURCE_TRANSCRIBED_COMPARATOR
154880,760,0.38,0.9156518000000008,0.0004578259000000004,,,161264,747,0.3735,0.8737611999999998,0.0004368805999999999,,,5,,,,,,,,,,paired,,,,,,,,-13,,seed_cell,,,61820017,,,0.63,2000,,OFFICIAL_CODE_PLUS_SOURCE_TRANSCRIBED_COMPARATOR
153056,764,0.382,0.8887971999999998,0.0004443985999999999,,,158576,738,0.369,0.956538299999998,0.000478269149999999,,,5,,,,,,,,,,paired,,,,,,,,-26,,seed_cell,,,61820018,,,0.63,2000,,OFFICIAL_CODE_PLUS_SOURCE_TRANSCRIBED_COMPARATOR
152448,744,0.372,0.7874588000000018,0.0003937294000000009,,,157632,732,0.366,1.1184758000000017,0.0005592379000000008,,,5,,,,,,,,,,paired,,,,,,,,-12,,seed_cell,,,61820019,,,0.63,2000,,OFFICIAL_CODE_PLUS_SOURCE_TRANSCRIBED_COMPARATOR
153664,791,0.3955,0.9503003000000009,0.00047515015000000046,,,160256,758,0.379,0.9240269999999993,0.0004620134999999996,,,5,,,,,,,,,,paired,,,,,,,,-33,,seed_cell,,,61820020,,,0.63,2000,,OFFICIAL_CODE_PLUS_SOURCE_TRANSCRIBED_COMPARATOR
156096,731,0.3655,0.9170909000000008,0.0004585454500000004,,,162752,729,0.3645,0.9495970000000005,0.00047479850000000024,,,5,,,,,,,,,,paired,,,,,,,,-2,,seed_cell,,,61820021,,,0.63,2000,,OFFICIAL_CODE_PLUS_SOURCE_TRANSCRIBED_COMPARATOR
156096,768,0.384,0.9519113000000027,0.0004759556500000013,,,161696,762,0.381,0.8977802999999999,0.0004488901499999999,,,5,,,,,,,,,,paired,,,,,,,,-6,,seed_cell,,,61820022,,,0.63,2000,,OFFICIAL_CODE_PLUS_SOURCE_TRANSCRIBED_COMPARATOR
153056,758,0.379,0.9436014000000006,0.00047180070000000027,,,157584,716,0.358,0.9172460999999987,0.0004586230499999994,,,5,,,,,,,,,,paired,,,,,,,,-42,,seed_cell,,,61820023,,,0.63,2000,,OFFICIAL_CODE_PLUS_SOURCE_TRANSCRIBED_COMPARATOR
156096,738,0.369,0.9471242999999981,0.0004735621499999991,,,160608,721,0.3605,0.8743828999999996,0.0004371914499999998,,,5,,,,,,,,,,paired,,,,,,,,-17,,seed_cell,,,61820024,,,0.63,2000,,OFFICIAL_CODE_PLUS_SOURCE_TRANSCRIBED_COMPARATOR
154272,782,0.391,0.8930830999999986,0.00044654154999999927,,,159616,761,0.3805,0.9582158000000015,0.00047910790000000073,,,5,,,,,,,,,,paired,,,,,,,,-21,,seed_cell,,,61820025,,,0.63,2000,,OFFICIAL_CODE_PLUS_SOURCE_TRANSCRIBED_COMPARATOR
153056,763,0.3815,1.0035771,0.00050178855,,,158128,716,0.358,0.9054384999999991,0.00045271924999999957,,,5,,,,,,,,,,paired,,,,,,,,-47,,seed_cell,,,61820026,,,0.63,2000,,OFFICIAL_CODE_PLUS_SOURCE_TRANSCRIBED_COMPARATOR
154272,778,0.389,0.9019391999999994,0.0004509695999999997,,,159616,758,0.379,1.0005968999999983,0.0005002984499999992,,,5,,,,,,,,,,paired,,,,,,,,-20,,seed_cell,,,61820027,,,0.63,2000,,OFFICIAL_CODE_PLUS_SOURCE_TRANSCRIBED_COMPARATOR
154272,751,0.3755,1.0252375999999979,0.0005126187999999989,,,159664,727,0.3635,0.7724437999999981,0.0003862218999999991,,,5,,,,,,,,,,paired,,,,,,,,-24,,seed_cell,,,61820028,,,0.63,2000,,OFFICIAL_CODE_PLUS_SOURCE_TRANSCRIBED_COMPARATOR
155488,737,0.3685,0.7212716999999984,0.0003606358499999992,,,160656,727,0.3635,0.994733900000002,0.0004973669500000009,,,5,,,,,,,,,,paired,,,,,,,,-10,,seed_cell,,,61820029,,,0.63,2000,,OFFICIAL_CODE_PLUS_SOURCE_TRANSCRIBED_COMPARATOR
155488,740,0.37,0.848735399999999,0.0004243676999999995,,,161200,723,0.3615,0.8190317000000009,0.00040951585000000045,,,5,,,,,,,,,,paired,,,,,,,,-17,,seed_cell,,,61820030,,,0.63,2000,,OFFICIAL_CODE_PLUS_SOURCE_TRANSCRIBED_COMPARATOR
154880,715,0.3575,1.101550199999997,0.0005507750999999985,,,159568,707,0.3535,0.7904973000000011,0.00039524865000000055,,,5,,,,,,,,,,paired,,,,,,,,-8,,seed_cell,,,61820031,,,0.63,2000,,OFFICIAL_CODE_PLUS_SOURCE_TRANSCRIBED_COMPARATOR
154272,740,0.37,1.0604896000000006,0.0005302448000000003,,,160752,735,0.3675,1.0542152000000014,0.0005271076000000007,,,5,,,,,,,,,,paired,,,,,,,,-5,,seed_cell,,,61820032,,,0.63,2000,,OFFICIAL_CODE_PLUS_SOURCE_TRANSCRIBED_COMPARATOR
152448,802,0.401,1.0660386999999991,0.0005330193499999996,,,156544,766,0.383,0.7991106000000007,0.0003995553000000003,,,5,,,,,,,,,,paired,,,,,,,,-36,,seed_cell,,,61820001,,,0.64,2000,,OFFICIAL_CODE_PLUS_SOURCE_TRANSCRIBED_COMPARATOR
154272,815,0.4075,0.7616712000000003,0.00038083560000000015,,,159664,776,0.388,1.1081235999999997,0.0005540617999999998,,,5,,,,,,,,,,paired,,,,,,,,-39,,seed_cell,,,61820002,,,0.64,2000,,OFFICIAL_CODE_PLUS_SOURCE_TRANSCRIBED_COMPARATOR
153056,804,0.402,0.8211237000000007,0.00041056185000000033,,,158128,772,0.386,0.9579734999999988,0.0004789867499999994,,,5,,,,,,,,,,paired,,,,,,,,-32,,seed_cell,,,61820003,,,0.64,2000,,OFFICIAL_CODE_PLUS_SOURCE_TRANSCRIBED_COMPARATOR
154880,765,0.3825,0.7617444000000025,0.0003808722000000013,,,161152,739,0.3695,1.0921688999999988,0.0005460844499999994,,,5,,,,,,,,,,paired,,,,,,,,-26,,seed_cell,,,61820004,,,0.64,2000,,OFFICIAL_CODE_PLUS_SOURCE_TRANSCRIBED_COMPARATOR
154272,808,0.404,0.9195107999999993,0.00045975539999999965,,,159120,776,0.388,0.9971205000000019,0.000498560250000001,,,5,,,,,,,,,,paired,,,,,,,,-32,,seed_cell,,,61820005,,,0.64,2000,,OFFICIAL_CODE_PLUS_SOURCE_TRANSCRIBED_COMPARATOR
155488,817,0.4085,0.9229054999999997,0.0004614527499999999,,,160656,799,0.3995,0.9452373999999996,0.00047261869999999976,,,5,,,,,,,,,,paired,,,,,,,,-18,,seed_cell,,,61820006,,,0.64,2000,,OFFICIAL_CODE_PLUS_SOURCE_TRANSCRIBED_COMPARATOR
154272,786,0.393,0.8635931000000016,0.00043179655000000075,,,159120,747,0.3735,0.9539787000000008,0.00047698935000000043,,,5,,,,,,,,,,paired,,,,,,,,-39,,seed_cell,,,61820007,,,0.64,2000,,OFFICIAL_CODE_PLUS_SOURCE_TRANSCRIBED_COMPARATOR
153056,832,0.416,1.0087563000000002,0.00050437815,,,158128,794,0.397,0.8904125000000009,0.0004452062500000005,,,5,,,,,,,,,,paired,,,,,,,,-38,,seed_cell,,,61820008,,,0.64,2000,,OFFICIAL_CODE_PLUS_SOURCE_TRANSCRIBED_COMPARATOR
155488,859,0.4295,0.8713078999999994,0.00043565394999999966,,,160112,809,0.4045,0.9234603000000016,0.0004617301500000008,,,5,,,,,,,,,,paired,,,,,,,,-50,,seed_cell,,,61820009,,,0.64,2000,,OFFICIAL_CODE_PLUS_SOURCE_TRANSCRIBED_COMPARATOR
152448,806,0.403,0.9072843999999994,0.0004536421999999997,,,159808,782,0.391,0.9165792999999994,0.0004582896499999997,,,5,,,,,,,,,,paired,,,,,,,,-24,,seed_cell,,,61820010,,,0.64,2000,,OFFICIAL_CODE_PLUS_SOURCE_TRANSCRIBED_COMPARATOR
154880,837,0.4185,0.9454912999999969,0.0004727456499999985,,,160112,801,0.4005,0.9577029999999999,0.0004788514999999999,,,5,,,,,,,,,,paired,,,,,,,,-36,,seed_cell,,,61820011,,,0.64,2000,,OFFICIAL_CODE_PLUS_SOURCE_TRANSCRIBED_COMPARATOR
154272,799,0.3995,0.9112532000000002,0.0004556266000000001,,,158576,798,0.399,0.9358837999999992,0.0004679418999999996,,,5,,,,,,,,,,paired,,,,,,,,-1,,seed_cell,,,61820012,,,0.64,2000,,OFFICIAL_CODE_PLUS_SOURCE_TRANSCRIBED_COMPARATOR
154272,760,0.38,0.9744796000000012,0.0004872398000000006,,,160208,736,0.368,0.9059548999999993,0.0004529774499999997,,,5,,,,,,,,,,paired,,,,,,,,-24,,seed_cell,,,61820013,,,0.64,2000,,OFFICIAL_CODE_PLUS_SOURCE_TRANSCRIBED_COMPARATOR
154272,814,0.407,0.956852600000001,0.00047842630000000054,,,159120,776,0.388,0.9212602000000003,0.00046063010000000016,,,5,,,,,,,,,,paired,,,,,,,,-38,,seed_cell,,,61820014,,,0.64,2000,,OFFICIAL_CODE_PLUS_SOURCE_TRANSCRIBED_COMPARATOR
154272,830,0.415,0.9484619999999964,0.0004742309999999982,,,158032,766,0.383,1.0054163999999999,0.0005027081999999999,,,5,,,,,,,,,,paired,,,,,,,,-64,,seed_cell,,,61820015,,,0.64,2000,,OFFICIAL_CODE_PLUS_SOURCE_TRANSCRIBED_COMPARATOR
155488,797,0.3985,0.9598494000000012,0.00047992470000000057,,,160608,752,0.376,0.9393187000000015,0.00046965935000000075,,,5,,,,,,,,,,paired,,,,,,,,-45,,seed_cell,,,61820016,,,0.64,2000,,OFFICIAL_CODE_PLUS_SOURCE_TRANSCRIBED_COMPARATOR
154272,780,0.39,1.0218091999999999,0.0005109046,,,159664,780,0.39,0.8747310999999992,0.0004373655499999996,,,5,,,,,,,,,,paired,,,,,,,,0,,seed_cell,,,61820017,,,0.64,2000,,OFFICIAL_CODE_PLUS_SOURCE_TRANSCRIBED_COMPARATOR
153664,814,0.407,0.9382074000000014,0.0004691037000000007,,,159712,791,0.3955,0.8582733999999979,0.00042913669999999893,,,5,,,,,,,,,,paired,,,,,,,,-23,,seed_cell,,,61820018,,,0.64,2000,,OFFICIAL_CODE_PLUS_SOURCE_TRANSCRIBED_COMPARATOR
155488,804,0.402,0.9660628999999987,0.00048303144999999937,,,160656,760,0.38,0.8022370000000003,0.0004011185000000002,,,5,,,,,,,,,,paired,,,,,,,,-44,,seed_cell,,,61820019,,,0.64,2000,,OFFICIAL_CODE_PLUS_SOURCE_TRANSCRIBED_COMPARATOR
153664,861,0.4305,0.8572956000000017,0.00042864780000000086,,,159712,827,0.4135,0.984079099999999,0.0004920395499999995,,,5,,,,,,,,,,paired,,,,,,,,-34,,seed_cell,,,61820020,,,0.64,2000,,OFFICIAL_CODE_PLUS_SOURCE_TRANSCRIBED_COMPARATOR
154272,786,0.393,0.839966700000001,0.00041998335000000047,,,160656,724,0.362,1.0233382000000013,0.0005116691000000007,,,5,,,,,,,,,,paired,,,,,,,,-62,,seed_cell,,,61820021,,,0.64,2000,,OFFICIAL_CODE_PLUS_SOURCE_TRANSCRIBED_COMPARATOR
156096,811,0.4055,1.0536995000000022,0.0005268497500000011,,,162240,784,0.392,0.8765034999999987,0.00043825174999999935,,,5,,,,,,,,,,paired,,,,,,,,-27,,seed_cell,,,61820022,,,0.64,2000,,OFFICIAL_CODE_PLUS_SOURCE_TRANSCRIBED_COMPARATOR
155488,791,0.3955,0.8140773999999998,0.00040703869999999994,,,160112,766,0.383,1.024776499999999,0.0005123882499999996,,,5,,,,,,,,,,paired,,,,,,,,-25,,seed_cell,,,61820023,,,0.64,2000,,OFFICIAL_CODE_PLUS_SOURCE_TRANSCRIBED_COMPARATOR
154880,809,0.4045,1.0137510999999995,0.0005068755499999997,,,160720,788,0.394,0.9552819000000018,0.0004776409500000009,,,5,,,,,,,,,,paired,,,,,,,,-21,,seed_cell,,,61820024,,,0.64,2000,,OFFICIAL_CODE_PLUS_SOURCE_TRANSCRIBED_COMPARATOR
154880,829,0.4145,0.7114072999999991,0.00035570364999999954,,,160704,796,0.398,1.0226379000000014,0.0005113189500000007,,,5,,,,,,,,,,paired,,,,,,,,-33,,seed_cell,,,61820025,,,0.64,2000,,OFFICIAL_CODE_PLUS_SOURCE_TRANSCRIBED_COMPARATOR
155488,815,0.4075,0.8384108000000006,0.00041920540000000027,,,162832,765,0.3825,0.8701356999999994,0.0004350678499999997,,,5,,,,,,,,,,paired,,,,,,,,-50,,seed_cell,,,61820026,,,0.64,2000,,OFFICIAL_CODE_PLUS_SOURCE_TRANSCRIBED_COMPARATOR
152448,818,0.409,0.914277199999999,0.0004571385999999995,,,159264,789,0.3945,0.912156100000001,0.0004560780500000005,,,5,,,,,,,,,,paired,,,,,,,,-29,,seed_cell,,,61820027,,,0.64,2000,,OFFICIAL_CODE_PLUS_SOURCE_TRANSCRIBED_COMPARATOR
153056,839,0.4195,1.0063692999999987,0.0005031846499999993,,,159216,803,0.4015,0.9849164000000017,0.0004924582000000008,,,5,,,,,,,,,,paired,,,,,,,,-36,,seed_cell,,,61820028,,,0.64,2000,,OFFICIAL_CODE_PLUS_SOURCE_TRANSCRIBED_COMPARATOR
155488,821,0.4105,0.8829531000000015,0.00044147655000000073,,,159520,773,0.3865,0.9867053999999995,0.0004933526999999998,,,5,,,,,,,,,,paired,,,,,,,,-48,,seed_cell,,,61820029,,,0.64,2000,,OFFICIAL_CODE_PLUS_SOURCE_TRANSCRIBED_COMPARATOR
153664,778,0.389,0.8970975999999987,0.00044854879999999935,,,158624,754,0.377,0.9560805000000008,0.0004780402500000004,,,5,,,,,,,,,,paired,,,,,,,,-24,,seed_cell,,,61820030,,,0.64,2000,,OFFICIAL_CODE_PLUS_SOURCE_TRANSCRIBED_COMPARATOR
154880,798,0.399,0.8327852000000007,0.00041639260000000033,,,159616,785,0.3925,1.0083623999999998,0.0005041811999999999,,,5,,,,,,,,,,paired,,,,,,,,-13,,seed_cell,,,61820031,,,0.64,2000,,OFFICIAL_CODE_PLUS_SOURCE_TRANSCRIBED_COMPARATOR
154880,809,0.4045,0.7716916000000018,0.0003858458000000009,,,161104,759,0.3795,1.0762952000000003,0.0005381476000000002,,,5,,,,,,,,,,paired,,,,,,,,-50,,seed_cell,,,61820032,,,0.64,2000,,OFFICIAL_CODE_PLUS_SOURCE_TRANSCRIBED_COMPARATOR
323296,293,0.1465,1.7469686000000058,0.0008734843000000029,,,338960,263,0.1315,1.8745360999999994,0.0009372680499999997,,,7,,,,,,,,,,paired,,,,,,,,-30,,seed_cell,,,61820001,,,0.56,2000,,OFFICIAL_CODE_PLUS_SOURCE_TRANSCRIBED_COMPARATOR
324512,286,0.143,1.4436667999999977,0.0007218333999999989,,,341040,286,0.143,2.057707400000004,0.001028853700000002,,,7,,,,,,,,,,paired,,,,,,,,0,,seed_cell,,,61820002,,,0.56,2000,,OFFICIAL_CODE_PLUS_SOURCE_TRANSCRIBED_COMPARATOR
324512,313,0.1565,1.869490499999999,0.0009347452499999995,,,341040,306,0.153,1.9479014000000006,0.0009739507000000002,,,7,,,,,,,,,,paired,,,,,,,,-7,,seed_cell,,,61820003,,,0.56,2000,,OFFICIAL_CODE_PLUS_SOURCE_TRANSCRIBED_COMPARATOR
323904,309,0.1545,2.0043054999999987,0.0010021527499999995,,,340544,288,0.144,1.5227636000000015,0.0007613818000000008,,,7,,,,,,,,,,paired,,,,,,,,-21,,seed_cell,,,61820004,,,0.56,2000,,OFFICIAL_CODE_PLUS_SOURCE_TRANSCRIBED_COMPARATOR
323904,305,0.1525,2.097986499999999,0.0010489932499999995,,,340544,288,0.144,1.5659095999999972,0.0007829547999999986,,,7,,,,,,,,,,paired,,,,,,,,-17,,seed_cell,,,61820005,,,0.56,2000,,OFFICIAL_CODE_PLUS_SOURCE_TRANSCRIBED_COMPARATOR
325120,285,0.1425,1.565789600000002,0.000782894800000001,,,340448,275,0.1375,1.9708733999999999,0.0009854367,,,7,,,,,,,,,,paired,,,,,,,,-10,,seed_cell,,,61820006,,,0.56,2000,,OFFICIAL_CODE_PLUS_SOURCE_TRANSCRIBED_COMPARATOR
325728,306,0.153,1.697275600000002,0.000848637800000001,,,342032,296,0.148,1.857152999999997,0.0009285764999999985,,,7,,,,,,,,,,paired,,,,,,,,-10,,seed_cell,,,61820007,,,0.56,2000,,OFFICIAL_CODE_PLUS_SOURCE_TRANSCRIBED_COMPARATOR
326944,278,0.139,1.7460891999999983,0.0008730445999999991,,,343024,276,0.138,1.8323536000000011,0.0009161768000000006,,,7,,,,,,,,,,paired,,,,,,,,-2,,seed_cell,,,61820008,,,0.56,2000,,OFFICIAL_CODE_PLUS_SOURCE_TRANSCRIBED_COMPARATOR
323904,307,0.1535,1.7853800000000026,0.0008926900000000013,,,341088,297,0.1485,1.7946267999999985,0.0008973133999999992,,,7,,,,,,,,,,paired,,,,,,,,-10,,seed_cell,,,61820009,,,0.56,2000,,OFFICIAL_CODE_PLUS_SOURCE_TRANSCRIBED_COMPARATOR
325728,302,0.151,1.8715905000000004,0.0009357952500000002,,,340400,299,0.1495,1.6447065999999986,0.0008223532999999993,,,7,,,,,,,,,,paired,,,,,,,,-3,,seed_cell,,,61820010,,,0.56,2000,,OFFICIAL_CODE_PLUS_SOURCE_TRANSCRIBED_COMPARATOR
326944,356,0.178,1.7199984000000021,0.0008599992000000011,,,341936,343,0.1715,1.8845646000000005,0.0009422823000000002,,,7,,,,,,,,,,paired,,,,,,,,-13,,seed_cell,,,61820011,,,0.56,2000,,OFFICIAL_CODE_PLUS_SOURCE_TRANSCRIBED_COMPARATOR
327552,288,0.144,1.5890628000000022,0.0007945314000000011,,,343968,273,0.1365,2.0187124,0.0010093562,,,7,,,,,,,,,,paired,,,,,,,,-15,,seed_cell,,,61820012,,,0.56,2000,,OFFICIAL_CODE_PLUS_SOURCE_TRANSCRIBED_COMPARATOR
326336,296,0.148,1.7252698999999991,0.0008626349499999996,,,342528,281,0.1405,1.916131,0.0009580655,,,7,,,,,,,,,,paired,,,,,,,,-15,,seed_cell,,,61820013,,,0.56,2000,,OFFICIAL_CODE_PLUS_SOURCE_TRANSCRIBED_COMPARATOR
323904,275,0.1375,1.740385900000001,0.0008701929500000005,,,338912,274,0.137,1.8126222000000014,0.0009063111000000007,,,7,,,,,,,,,,paired,,,,,,,,-1,,seed_cell,,,61820014,,,0.56,2000,,OFFICIAL_CODE_PLUS_SOURCE_TRANSCRIBED_COMPARATOR
323904,308,0.154,1.7728070000000005,0.0008864035000000002,,,340544,289,0.1445,1.8201743000000037,0.0009100871500000019,,,7,,,,,,,,,,paired,,,,,,,,-19,,seed_cell,,,61820015,,,0.56,2000,,OFFICIAL_CODE_PLUS_SOURCE_TRANSCRIBED_COMPARATOR
324512,301,0.1505,1.9604055999999972,0.0009802027999999987,,,341584,277,0.1385,1.7319444000000024,0.0008659722000000012,,,7,,,,,,,,,,paired,,,,,,,,-24,,seed_cell,,,61820016,,,0.56,2000,,OFFICIAL_CODE_PLUS_SOURCE_TRANSCRIBED_COMPARATOR
325120,288,0.144,1.8967859000000011,0.0009483929500000006,,,342080,272,0.136,2.0734569999999986,0.0010367284999999993,,,7,,,,,,,,,,paired,,,,,,,,-16,,seed_cell,,,61820017,,,0.56,2000,,OFFICIAL_CODE_PLUS_SOURCE_TRANSCRIBED_COMPARATOR
326336,310,0.155,1.7297724999999993,0.0008648862499999996,,,341984,311,0.1555,1.8464417000000006,0.0009232208500000003,,,7,,,,,,,,,,paired,,,,,,,,1,,seed_cell,,,61820018,,,0.56,2000,,OFFICIAL_CODE_PLUS_SOURCE_TRANSCRIBED_COMPARATOR
325120,263,0.1315,1.753662300000003,0.0008768311500000015,,,342528,264,0.132,1.7970431999999983,0.0008985215999999991,,,7,,,,,,,,,,paired,,,,,,,,1,,seed_cell,,,61820019,,,0.56,2000,,OFFICIAL_CODE_PLUS_SOURCE_TRANSCRIBED_COMPARATOR
323296,290,0.145,1.6952475000000007,0.0008476237500000003,,,340000,274,0.137,1.8065030999999951,0.0009032515499999976,,,7,,,,,,,,,,paired,,,,,,,,-16,,seed_cell,,,61820020,,,0.56,2000,,OFFICIAL_CODE_PLUS_SOURCE_TRANSCRIBED_COMPARATOR
325728,289,0.1445,1.7163658000000013,0.0008581829000000006,,,341936,268,0.134,1.8951462,0.0009475731,,,7,,,,,,,,,,paired,,,,,,,,-21,,seed_cell,,,61820021,,,0.56,2000,,OFFICIAL_CODE_PLUS_SOURCE_TRANSCRIBED_COMPARATOR
326336,322,0.161,1.643700900000001,0.0008218504500000004,,,341984,310,0.155,1.6362095000000003,0.0008181047500000002,,,7,,,,,,,,,,paired,,,,,,,,-12,,seed_cell,,,61820022,,,0.56,2000,,OFFICIAL_CODE_PLUS_SOURCE_TRANSCRIBED_COMPARATOR
325120,306,0.153,1.8552257000000023,0.0009276128500000011,,,342080,266,0.133,1.8587252000000014,0.0009293626000000007,,,7,,,,,,,,,,paired,,,,,,,,-40,,seed_cell,,,61820023,,,0.56,2000,,OFFICIAL_CODE_PLUS_SOURCE_TRANSCRIBED_COMPARATOR
326336,294,0.147,1.8688672000000006,0.0009344336000000003,,,341440,290,0.145,1.9702301000000029,0.0009851150500000015,,,7,,,,,,,,,,paired,,,,,,,,-4,,seed_cell,,,61820024,,,0.56,2000,,OFFICIAL_CODE_PLUS_SOURCE_TRANSCRIBED_COMPARATOR
323904,294,0.147,1.7984499000000038,0.000899224950000002,,,340000,270,0.135,1.8355099999999995,0.0009177549999999998,,,7,,,,,,,,,,paired,,,,,,,,-24,,seed_cell,,,61820025,,,0.56,2000,,OFFICIAL_CODE_PLUS_SOURCE_TRANSCRIBED_COMPARATOR
326944,262,0.131,1.8237841999999993,0.0009118920999999997,,,344656,249,0.1245,1.8763142000000028,0.0009381571000000015,,,7,,,,,,,,,,paired,,,,,,,,-13,,seed_cell,,,61820026,,,0.56,2000,,OFFICIAL_CODE_PLUS_SOURCE_TRANSCRIBED_COMPARATOR
326336,292,0.146,1.720198600000004,0.000860099300000002,,,340896,267,0.1335,1.8101837000000016,0.0009050918500000008,,,7,,,,,,,,,,paired,,,,,,,,-25,,seed_cell,,,61820027,,,0.56,2000,,OFFICIAL_CODE_PLUS_SOURCE_TRANSCRIBED_COMPARATOR
326944,290,0.145,1.8438321000000035,0.0009219160500000018,,,343520,274,0.137,1.7828122000000015,0.0008914061000000008,,,7,,,,,,,,,,paired,,,,,,,,-16,,seed_cell,,,61820028,,,0.56,2000,,OFFICIAL_CODE_PLUS_SOURCE_TRANSCRIBED_COMPARATOR
326336,303,0.1515,1.8344891000000039,0.0009172445500000019,,,342528,270,0.135,1.7494617000000017,0.0008747308500000008,,,7,,,,,,,,,,paired,,,,,,,,-33,,seed_cell,,,61820029,,,0.56,2000,,OFFICIAL_CODE_PLUS_SOURCE_TRANSCRIBED_COMPARATOR
326336,298,0.149,1.746004800000002,0.000873002400000001,,,341440,278,0.139,1.820300700000001,0.0009101503500000005,,,7,,,,,,,,,,paired,,,,,,,,-20,,seed_cell,,,61820030,,,0.56,2000,,OFFICIAL_CODE_PLUS_SOURCE_TRANSCRIBED_COMPARATOR
325120,290,0.145,1.7672437000000014,0.0008836218500000007,,,340448,267,0.1335,1.8164226000000019,0.000908211300000001,,,7,,,,,,,,,,paired,,,,,,,,-23,,seed_cell,,,61820031,,,0.56,2000,,OFFICIAL_CODE_PLUS_SOURCE_TRANSCRIBED_COMPARATOR
325120,311,0.1555,1.864926699999996,0.0009324633499999981,,,340992,302,0.151,1.8454445000000026,0.0009227222500000013,,,7,,,,,,,,,,paired,,,,,,,,-9,,seed_cell,,,61820032,,,0.56,2000,,OFFICIAL_CODE_PLUS_SOURCE_TRANSCRIBED_COMPARATOR
323904,338,0.169,1.6908826999999993,0.0008454413499999996,,,342176,327,0.1635,1.8223792999999988,0.0009111896499999994,,,7,,,,,,,,,,paired,,,,,,,,-11,,seed_cell,,,61820001,,,0.57,2000,,OFFICIAL_CODE_PLUS_SOURCE_TRANSCRIBED_COMPARATOR
324512,362,0.181,1.7737307999999985,0.0008868653999999993,,,339952,332,0.166,1.9304118000000028,0.0009652059000000014,,,7,,,,,,,,,,paired,,,,,,,,-30,,seed_cell,,,61820002,,,0.57,2000,,OFFICIAL_CODE_PLUS_SOURCE_TRANSCRIBED_COMPARATOR
326944,351,0.1755,1.8054986999999991,0.0009027493499999996,,,344016,346,0.173,1.8362527999999978,0.0009181263999999988,,,7,,,,,,,,,,paired,,,,,,,,-5,,seed_cell,,,61820003,,,0.57,2000,,OFFICIAL_CODE_PLUS_SOURCE_TRANSCRIBED_COMPARATOR
325728,382,0.191,1.7486393999999985,0.0008743196999999993,,,343120,357,0.1785,1.7105323000000012,0.0008552661500000006,,,7,,,,,,,,,,paired,,,,,,,,-25,,seed_cell,,,61820004,,,0.57,2000,,OFFICIAL_CODE_PLUS_SOURCE_TRANSCRIBED_COMPARATOR
324512,351,0.1755,1.5581094000000002,0.0007790547000000001,,,341040,323,0.1615,1.7941999000000022,0.0008970999500000011,,,7,,,,,,,,,,paired,,,,,,,,-28,,seed_cell,,,61820005,,,0.57,2000,,OFFICIAL_CODE_PLUS_SOURCE_TRANSCRIBED_COMPARATOR
325120,379,0.1895,1.7956479999999992,0.0008978239999999996,,,340896,346,0.173,1.8973222999999984,0.0009486611499999991,,,7,,,,,,,,,,paired,,,,,,,,-33,,seed_cell,,,61820006,,,0.57,2000,,OFFICIAL_CODE_PLUS_SOURCE_TRANSCRIBED_COMPARATOR
327552,377,0.1885,1.755560100000001,0.0008777800500000004,,,342976,365,0.1825,1.7635943000000014,0.0008817971500000007,,,7,,,,,,,,,,paired,,,,,,,,-12,,seed_cell,,,61820007,,,0.57,2000,,OFFICIAL_CODE_PLUS_SOURCE_TRANSCRIBED_COMPARATOR
323904,366,0.183,1.7121518999999998,0.0008560759499999999,,,341632,340,0.17,1.8874954999999998,0.0009437477499999999,,,7,,,,,,,,,,paired,,,,,,,,-26,,seed_cell,,,61820008,,,0.57,2000,,OFFICIAL_CODE_PLUS_SOURCE_TRANSCRIBED_COMPARATOR
326336,422,0.211,1.7530268999999998,0.0008765134499999999,,,341440,385,0.1925,1.882264399999998,0.000941132199999999,,,7,,,,,,,,,,paired,,,,,,,,-37,,seed_cell,,,61820009,,,0.57,2000,,OFFICIAL_CODE_PLUS_SOURCE_TRANSCRIBED_COMPARATOR
327552,352,0.176,1.8253232000000013,0.0009126616000000006,,,342976,334,0.167,1.761271199999996,0.000880635599999998,,,7,,,,,,,,,,paired,,,,,,,,-18,,seed_cell,,,61820010,,,0.57,2000,,OFFICIAL_CODE_PLUS_SOURCE_TRANSCRIBED_COMPARATOR
325728,358,0.179,1.744164299999999,0.0008720821499999994,,,342576,316,0.158,1.8946121000000005,0.0009473060500000002,,,7,,,,,,,,,,paired,,,,,,,,-42,,seed_cell,,,61820011,,,0.57,2000,,OFFICIAL_CODE_PLUS_SOURCE_TRANSCRIBED_COMPARATOR
322080,337,0.1685,1.7247144999999988,0.0008623572499999994,,,336880,316,0.158,1.805763500000003,0.0009028817500000015,,,7,,,,,,,,,,paired,,,,,,,,-21,,seed_cell,,,61820012,,,0.57,2000,,OFFICIAL_CODE_PLUS_SOURCE_TRANSCRIBED_COMPARATOR
325120,365,0.1825,1.8451381999999998,0.0009225691,,,342624,354,0.177,1.788143800000002,0.000894071900000001,,,7,,,,,,,,,,paired,,,,,,,,-11,,seed_cell,,,61820013,,,0.57,2000,,OFFICIAL_CODE_PLUS_SOURCE_TRANSCRIBED_COMPARATOR
325120,358,0.179,1.7788476999999985,0.0008894238499999993,,,341536,328,0.164,1.7607892000000007,0.0008803946000000004,,,7,,,,,,,,,,paired,,,,,,,,-30,,seed_cell,,,61820014,,,0.57,2000,,OFFICIAL_CODE_PLUS_SOURCE_TRANSCRIBED_COMPARATOR
327552,384,0.192,1.6278298,0.0008139149,,,341888,351,0.1755,1.935124199999997,0.0009675620999999986,,,7,,,,,,,,,,paired,,,,,,,,-33,,seed_cell,,,61820015,,,0.57,2000,,OFFICIAL_CODE_PLUS_SOURCE_TRANSCRIBED_COMPARATOR
326336,336,0.168,2.124548199999999,0.0010622740999999996,,,342976,306,0.153,1.4936988999999996,0.0007468494499999998,,,7,,,,,,,,,,paired,,,,,,,,-30,,seed_cell,,,61820016,,,0.57,2000,,OFFICIAL_CODE_PLUS_SOURCE_TRANSCRIBED_COMPARATOR
324512,357,0.1785,1.8567206000000007,0.0009283603000000004,,,340496,338,0.169,1.427164700000001,0.0007135823500000005,,,7,,,,,,,,,,paired,,,,,,,,-19,,seed_cell,,,61820017,,,0.57,2000,,OFFICIAL_CODE_PLUS_SOURCE_TRANSCRIBED_COMPARATOR
325120,367,0.1835,1.8011713000000038,0.0009005856500000019,,,343168,368,0.184,1.8457018000000003,0.0009228509000000001,,,7,,,,,,,,,,paired,,,,,,,,1,,seed_cell,,,61820018,,,0.57,2000,,OFFICIAL_CODE_PLUS_SOURCE_TRANSCRIBED_COMPARATOR
325728,356,0.178,1.5519729000000013,0.0007759864500000007,,,342032,332,0.166,2.2572764999999966,0.0011286382499999983,,,7,,,,,,,,,,paired,,,,,,,,-24,,seed_cell,,,61820019,,,0.57,2000,,OFFICIAL_CODE_PLUS_SOURCE_TRANSCRIBED_COMPARATOR
326944,343,0.1715,1.6890895000000017,0.0008445447500000008,,,343024,308,0.154,1.7487176000000013,0.0008743588000000007,,,7,,,,,,,,,,paired,,,,,,,,-35,,seed_cell,,,61820020,,,0.57,2000,,OFFICIAL_CODE_PLUS_SOURCE_TRANSCRIBED_COMPARATOR
323904,335,0.1675,1.6984468000000044,0.0008492234000000022,,,339456,306,0.153,1.620164900000001,0.0008100824500000004,,,7,,,,,,,,,,paired,,,,,,,,-29,,seed_cell,,,61820021,,,0.57,2000,,OFFICIAL_CODE_PLUS_SOURCE_TRANSCRIBED_COMPARATOR
324512,360,0.18,1.7386695999999984,0.0008693347999999992,,,340496,332,0.166,1.6921885000000003,0.0008460942500000001,,,7,,,,,,,,,,paired,,,,,,,,-28,,seed_cell,,,61820022,,,0.57,2000,,OFFICIAL_CODE_PLUS_SOURCE_TRANSCRIBED_COMPARATOR
326944,359,0.1795,1.8600443000000006,0.0009300221500000003,,,343568,332,0.166,1.695966599999998,0.000847983299999999,,,7,,,,,,,,,,paired,,,,,,,,-27,,seed_cell,,,61820023,,,0.57,2000,,OFFICIAL_CODE_PLUS_SOURCE_TRANSCRIBED_COMPARATOR
325728,342,0.171,1.630303699999998,0.0008151518499999991,,,342032,324,0.162,1.9430059999999958,0.0009715029999999979,,,7,,,,,,,,,,paired,,,,,,,,-18,,seed_cell,,,61820024,,,0.57,2000,,OFFICIAL_CODE_PLUS_SOURCE_TRANSCRIBED_COMPARATOR
323296,359,0.1795,1.6384247000000003,0.0008192123500000002,,,343168,347,0.1735,1.8300687999999994,0.0009150343999999997,,,7,,,,,,,,,,paired,,,,,,,,-12,,seed_cell,,,61820025,,,0.57,2000,,OFFICIAL_CODE_PLUS_SOURCE_TRANSCRIBED_COMPARATOR
324512,344,0.172,1.7136198000000005,0.0008568099000000002,,,340496,328,0.164,1.778201300000001,0.0008891006500000005,,,7,,,,,,,,,,paired,,,,,,,,-16,,seed_cell,,,61820026,,,0.57,2000,,OFFICIAL_CODE_PLUS_SOURCE_TRANSCRIBED_COMPARATOR
328160,339,0.1695,1.7810807000000008,0.0008905403500000004,,,343472,318,0.159,1.8270152999999987,0.0009135076499999994,,,7,,,,,,,,,,paired,,,,,,,,-21,,seed_cell,,,61820027,,,0.57,2000,,OFFICIAL_CODE_PLUS_SOURCE_TRANSCRIBED_COMPARATOR
325728,373,0.1865,1.8097261000000022,0.0009048630500000011,,,340400,358,0.179,1.7710483999999989,0.0008855241999999995,,,7,,,,,,,,,,paired,,,,,,,,-15,,seed_cell,,,61820028,,,0.57,2000,,OFFICIAL_CODE_PLUS_SOURCE_TRANSCRIBED_COMPARATOR
326336,361,0.1805,1.7287472000000004,0.0008643736000000002,,,340352,342,0.171,1.9271751000000008,0.0009635875500000004,,,7,,,,,,,,,,paired,,,,,,,,-19,,seed_cell,,,61820029,,,0.57,2000,,OFFICIAL_CODE_PLUS_SOURCE_TRANSCRIBED_COMPARATOR
322688,378,0.189,1.5998329000000002,0.0007999164500000001,,,337376,348,0.174,1.9198684999999998,0.0009599342499999998,,,7,,,,,,,,,,paired,,,,,,,,-30,,seed_cell,,,61820030,,,0.57,2000,,OFFICIAL_CODE_PLUS_SOURCE_TRANSCRIBED_COMPARATOR
324512,360,0.18,1.788711800000001,0.0008943559000000005,,,343120,344,0.172,1.8012884000000007,0.0009006442000000003,,,7,,,,,,,,,,paired,,,,,,,,-16,,seed_cell,,,61820031,,,0.57,2000,,OFFICIAL_CODE_PLUS_SOURCE_TRANSCRIBED_COMPARATOR
328160,328,0.164,1.8447612000000004,0.0009223806000000002,,,342384,325,0.1625,1.8793570000000015,0.0009396785000000007,,,7,,,,,,,,,,paired,,,,,,,,-3,,seed_cell,,,61820032,,,0.57,2000,,OFFICIAL_CODE_PLUS_SOURCE_TRANSCRIBED_COMPARATOR
328160,409,0.2045,1.8848691999999987,0.0009424345999999994,,,343424,379,0.1895,2.007193,0.0010035965,,,7,,,,,,,,,,paired,,,,,,,,-30,,seed_cell,,,61820001,,,0.58,2000,,OFFICIAL_CODE_PLUS_SOURCE_TRANSCRIBED_COMPARATOR
324512,430,0.215,1.5695988000000007,0.0007847994000000003,,,340496,414,0.207,1.576041499999998,0.000788020749999999,,,7,,,,,,,,,,paired,,,,,,,,-16,,seed_cell,,,61820002,,,0.58,2000,,OFFICIAL_CODE_PLUS_SOURCE_TRANSCRIBED_COMPARATOR
323904,456,0.228,1.7553180999999967,0.0008776590499999983,,,344272,446,0.223,1.7854819000000004,0.0008927409500000002,,,7,,,,,,,,,,paired,,,,,,,,-10,,seed_cell,,,61820003,,,0.58,2000,,OFFICIAL_CODE_PLUS_SOURCE_TRANSCRIBED_COMPARATOR
327552,439,0.2195,1.5993475999999964,0.0007996737999999982,,,345056,423,0.2115,1.9553054000000032,0.0009776527000000016,,,7,,,,,,,,,,paired,,,,,,,,-16,,seed_cell,,,61820004,,,0.58,2000,,OFFICIAL_CODE_PLUS_SOURCE_TRANSCRIBED_COMPARATOR
325728,435,0.2175,1.7925257999999935,0.0008962628999999967,,,343024,389,0.1945,1.663293599999997,0.0008316467999999984,,,7,,,,,,,,,,paired,,,,,,,,-46,,seed_cell,,,61820005,,,0.58,2000,,OFFICIAL_CODE_PLUS_SOURCE_TRANSCRIBED_COMPARATOR
326336,435,0.2175,1.7503643,0.00087518215,,,342976,417,0.2085,1.802684899999998,0.000901342449999999,,,7,,,,,,,,,,paired,,,,,,,,-18,,seed_cell,,,61820006,,,0.58,2000,,OFFICIAL_CODE_PLUS_SOURCE_TRANSCRIBED_COMPARATOR
322080,437,0.2185,1.7163836999999962,0.0008581918499999981,,,339600,412,0.206,1.7800671000000015,0.0008900335500000008,,,7,,,,,,,,,,paired,,,,,,,,-25,,seed_cell,,,61820007,,,0.58,2000,,OFFICIAL_CODE_PLUS_SOURCE_TRANSCRIBED_COMPARATOR
325120,426,0.213,1.6422093999999998,0.0008211046999999999,,,341536,414,0.207,1.855406700000003,0.0009277033500000015,,,7,,,,,,,,,,paired,,,,,,,,-12,,seed_cell,,,61820008,,,0.58,2000,,OFFICIAL_CODE_PLUS_SOURCE_TRANSCRIBED_COMPARATOR
325120,407,0.2035,1.748093500000001,0.0008740467500000005,,,342624,408,0.204,1.6873790999999987,0.0008436895499999993,,,7,,,,,,,,,,paired,,,,,,,,1,,seed_cell,,,61820009,,,0.58,2000,,OFFICIAL_CODE_PLUS_SOURCE_TRANSCRIBED_COMPARATOR
325120,441,0.2205,1.7668181999999983,0.0008834090999999992,,,340992,421,0.2105,1.8923548999999997,0.0009461774499999999,,,7,,,,,,,,,,paired,,,,,,,,-20,,seed_cell,,,61820010,,,0.58,2000,,OFFICIAL_CODE_PLUS_SOURCE_TRANSCRIBED_COMPARATOR
326336,426,0.213,1.7101157000000013,0.0008550578500000007,,,343072,398,0.199,1.7905240000000013,0.0008952620000000006,,,7,,,,,,,,,,paired,,,,,,,,-28,,seed_cell,,,61820011,,,0.58,2000,,OFFICIAL_CODE_PLUS_SOURCE_TRANSCRIBED_COMPARATOR
325120,448,0.224,1.7546393999999992,0.0008773196999999996,,,340992,438,0.219,1.822261100000001,0.0009111305500000005,,,7,,,,,,,,,,paired,,,,,,,,-10,,seed_cell,,,61820012,,,0.58,2000,,OFFICIAL_CODE_PLUS_SOURCE_TRANSCRIBED_COMPARATOR
322080,454,0.227,1.8296973000000003,0.0009148486500000001,,,340144,424,0.212,1.8648087000000015,0.0009324043500000007,,,7,,,,,,,,,,paired,,,,,,,,-30,,seed_cell,,,61820013,,,0.58,2000,,OFFICIAL_CODE_PLUS_SOURCE_TRANSCRIBED_COMPARATOR
325728,431,0.2155,1.7287403000000021,0.0008643701500000011,,,340944,387,0.1935,1.8637787999999995,0.0009318893999999998,,,7,,,,,,,,,,paired,,,,,,,,-44,,seed_cell,,,61820014,,,0.58,2000,,OFFICIAL_CODE_PLUS_SOURCE_TRANSCRIBED_COMPARATOR
326944,441,0.2205,1.8688917999999992,0.0009344458999999997,,,342480,427,0.2135,2.0159378000000023,0.001007968900000001,,,7,,,,,,,,,,paired,,,,,,,,-14,,seed_cell,,,61820015,,,0.58,2000,,OFFICIAL_CODE_PLUS_SOURCE_TRANSCRIBED_COMPARATOR
328768,436,0.218,1.7635658999999988,0.0008817829499999994,,,345008,429,0.2145,1.902187100000002,0.0009510935500000009,,,7,,,,,,,,,,paired,,,,,,,,-7,,seed_cell,,,61820016,,,0.58,2000,,OFFICIAL_CODE_PLUS_SOURCE_TRANSCRIBED_COMPARATOR
326336,428,0.214,1.7260526000000003,0.0008630263000000001,,,341440,416,0.208,1.8456170000000027,0.0009228085000000014,,,7,,,,,,,,,,paired,,,,,,,,-12,,seed_cell,,,61820017,,,0.58,2000,,OFFICIAL_CODE_PLUS_SOURCE_TRANSCRIBED_COMPARATOR
326944,427,0.2135,1.7145663000000004,0.0008572831500000002,,,343024,417,0.2085,1.9282296000000028,0.0009641148000000014,,,7,,,,,,,,,,paired,,,,,,,,-10,,seed_cell,,,61820018,,,0.58,2000,,OFFICIAL_CODE_PLUS_SOURCE_TRANSCRIBED_COMPARATOR
326336,418,0.209,1.8223978999999975,0.0009111989499999987,,,342528,392,0.196,1.7423544000000013,0.0008711772000000006,,,7,,,,,,,,,,paired,,,,,,,,-26,,seed_cell,,,61820019,,,0.58,2000,,OFFICIAL_CODE_PLUS_SOURCE_TRANSCRIBED_COMPARATOR
327552,418,0.209,1.8597351000000024,0.0009298675500000012,,,342976,413,0.2065,1.7376614999999982,0.0008688307499999991,,,7,,,,,,,,,,paired,,,,,,,,-5,,seed_cell,,,61820020,,,0.58,2000,,OFFICIAL_CODE_PLUS_SOURCE_TRANSCRIBED_COMPARATOR
324512,413,0.2065,1.8100298000000026,0.0009050149000000013,,,341040,404,0.202,1.964514600000001,0.0009822573000000006,,,7,,,,,,,,,,paired,,,,,,,,-9,,seed_cell,,,61820021,,,0.58,2000,,OFFICIAL_CODE_PLUS_SOURCE_TRANSCRIBED_COMPARATOR
325120,417,0.2085,1.6131035,0.00080655175,,,339904,379,0.1895,1.9569040000000004,0.0009784520000000003,,,7,,,,,,,,,,paired,,,,,,,,-38,,seed_cell,,,61820022,,,0.58,2000,,OFFICIAL_CODE_PLUS_SOURCE_TRANSCRIBED_COMPARATOR
329984,420,0.21,1.7895074999999951,0.0008947537499999975,,,345504,406,0.203,1.8450003999999978,0.0009225001999999989,,,7,,,,,,,,,,paired,,,,,,,,-14,,seed_cell,,,61820023,,,0.58,2000,,OFFICIAL_CODE_PLUS_SOURCE_TRANSCRIBED_COMPARATOR
325728,437,0.2185,1.8237779999999995,0.0009118889999999997,,,343024,391,0.1955,1.776566499999999,0.0008882832499999996,,,7,,,,,,,,,,paired,,,,,,,,-46,,seed_cell,,,61820024,,,0.58,2000,,OFFICIAL_CODE_PLUS_SOURCE_TRANSCRIBED_COMPARATOR
323904,419,0.2095,1.7202918000000003,0.0008601459000000002,,,340000,389,0.1945,1.6563982000000013,0.0008281991000000006,,,7,,,,,,,,,,paired,,,,,,,,-30,,seed_cell,,,61820025,,,0.58,2000,,OFFICIAL_CODE_PLUS_SOURCE_TRANSCRIBED_COMPARATOR
323904,401,0.2005,1.763180300000001,0.0008815901500000005,,,337280,380,0.19,1.6748227,0.00083741135,,,7,,,,,,,,,,paired,,,,,,,,-21,,seed_cell,,,61820026,,,0.58,2000,,OFFICIAL_CODE_PLUS_SOURCE_TRANSCRIBED_COMPARATOR
325728,417,0.2085,1.823305999999999,0.0009116529999999995,,,343120,387,0.1935,1.751920099999998,0.000875960049999999,,,7,,,,,,,,,,paired,,,,,,,,-30,,seed_cell,,,61820027,,,0.58,2000,,OFFICIAL_CODE_PLUS_SOURCE_TRANSCRIBED_COMPARATOR
320864,436,0.218,2.0049584,0.0010024792,,,337520,418,0.209,1.6376180999999996,0.0008188090499999998,,,7,,,,,,,,,,paired,,,,,,,,-18,,seed_cell,,,61820028,,,0.58,2000,,OFFICIAL_CODE_PLUS_SOURCE_TRANSCRIBED_COMPARATOR
327552,423,0.2115,2.1298312000000004,0.0010649156000000003,,,344608,408,0.204,1.6250876999999997,0.0008125438499999998,,,7,,,,,,,,,,paired,,,,,,,,-15,,seed_cell,,,61820029,,,0.58,2000,,OFFICIAL_CODE_PLUS_SOURCE_TRANSCRIBED_COMPARATOR
328160,445,0.2225,1.9771679000000024,0.0009885839500000013,,,343920,410,0.205,1.567180400000001,0.0007835902000000004,,,7,,,,,,,,,,paired,,,,,,,,-35,,seed_cell,,,61820030,,,0.58,2000,,OFFICIAL_CODE_PLUS_SOURCE_TRANSCRIBED_COMPARATOR
325120,416,0.208,1.6211449000000018,0.0008105724500000009,,,341536,402,0.201,1.7555310000000006,0.0008777655000000004,,,7,,,,,,,,,,paired,,,,,,,,-14,,seed_cell,,,61820031,,,0.58,2000,,OFFICIAL_CODE_PLUS_SOURCE_TRANSCRIBED_COMPARATOR
325728,425,0.2125,1.9984380000000017,0.0009992190000000008,,,342032,407,0.2035,1.6212388000000022,0.0008106194000000011,,,7,,,,,,,,,,paired,,,,,,,,-18,,seed_cell,,,61820032,,,0.58,2000,,OFFICIAL_CODE_PLUS_SOURCE_TRANSCRIBED_COMPARATOR
325120,491,0.2455,1.8481138000000006,0.0009240569000000003,,,340992,468,0.234,1.8516052000000027,0.0009258026000000014,,,7,,,,,,,,,,paired,,,,,,,,-23,,seed_cell,,,61820001,,,0.59,2000,,OFFICIAL_CODE_PLUS_SOURCE_TRANSCRIBED_COMPARATOR
323296,502,0.251,1.9800723000000027,0.0009900361500000013,,,338960,486,0.243,1.5740356000000004,0.0007870178000000003,,,7,,,,,,,,,,paired,,,,,,,,-16,,seed_cell,,,61820002,,,0.59,2000,,OFFICIAL_CODE_PLUS_SOURCE_TRANSCRIBED_COMPARATOR
326944,494,0.247,1.9130478999999967,0.0009565239499999983,,,345264,473,0.2365,1.7351104999999962,0.0008675552499999981,,,7,,,,,,,,,,paired,,,,,,,,-21,,seed_cell,,,61820003,,,0.59,2000,,OFFICIAL_CODE_PLUS_SOURCE_TRANSCRIBED_COMPARATOR
328160,516,0.258,1.8239179000000008,0.0009119589500000004,,,344560,480,0.24,1.8308616000000029,0.0009154308000000014,,,7,,,,,,,,,,paired,,,,,,,,-36,,seed_cell,,,61820004,,,0.59,2000,,OFFICIAL_CODE_PLUS_SOURCE_TRANSCRIBED_COMPARATOR
326944,441,0.2205,1.713971999999999,0.0008569859999999995,,,341936,448,0.224,1.7418997000000007,0.0008709498500000004,,,7,,,,,,,,,,paired,,,,,,,,7,,seed_cell,,,61820005,,,0.59,2000,,OFFICIAL_CODE_PLUS_SOURCE_TRANSCRIBED_COMPARATOR
326336,499,0.2495,1.6471999999999989,0.0008235999999999994,,,340896,473,0.2365,1.8156789000000035,0.0009078394500000018,,,7,,,,,,,,,,paired,,,,,,,,-26,,seed_cell,,,61820006,,,0.59,2000,,OFFICIAL_CODE_PLUS_SOURCE_TRANSCRIBED_COMPARATOR
326336,484,0.242,1.889532499999998,0.000944766249999999,,,343520,469,0.2345,1.6948248999999995,0.0008474124499999998,,,7,,,,,,,,,,paired,,,,,,,,-15,,seed_cell,,,61820007,,,0.59,2000,,OFFICIAL_CODE_PLUS_SOURCE_TRANSCRIBED_COMPARATOR
326336,494,0.247,1.7965772000000013,0.0008982886000000007,,,341984,473,0.2365,1.7556260999999969,0.0008778130499999985,,,7,,,,,,,,,,paired,,,,,,,,-21,,seed_cell,,,61820008,,,0.59,2000,,OFFICIAL_CODE_PLUS_SOURCE_TRANSCRIBED_COMPARATOR
325120,508,0.254,1.6092849999999965,0.0008046424999999983,,,340992,487,0.2435,1.6035858000000027,0.0008017929000000013,,,7,,,,,,,,,,paired,,,,,,,,-21,,seed_cell,,,61820009,,,0.59,2000,,OFFICIAL_CODE_PLUS_SOURCE_TRANSCRIBED_COMPARATOR
324512,488,0.244,1.8046097000000014,0.0009023048500000008,,,342128,462,0.231,1.9787270999999964,0.0009893635499999983,,,7,,,,,,,,,,paired,,,,,,,,-26,,seed_cell,,,61820010,,,0.59,2000,,OFFICIAL_CODE_PLUS_SOURCE_TRANSCRIBED_COMPARATOR
326336,442,0.221,1.8053487000000001,0.00090267435,,,340352,441,0.2205,1.754893299999998,0.000877446649999999,,,7,,,,,,,,,,paired,,,,,,,,-1,,seed_cell,,,61820011,,,0.59,2000,,OFFICIAL_CODE_PLUS_SOURCE_TRANSCRIBED_COMPARATOR
325120,512,0.256,1.701851400000001,0.0008509257000000004,,,340992,482,0.241,1.7598287000000035,0.0008799143500000017,,,7,,,,,,,,,,paired,,,,,,,,-30,,seed_cell,,,61820012,,,0.59,2000,,OFFICIAL_CODE_PLUS_SOURCE_TRANSCRIBED_COMPARATOR
325120,522,0.261,1.737151500000001,0.0008685757500000005,,,339360,471,0.2355,1.8013349999999981,0.000900667499999999,,,7,,,,,,,,,,paired,,,,,,,,-51,,seed_cell,,,61820013,,,0.59,2000,,OFFICIAL_CODE_PLUS_SOURCE_TRANSCRIBED_COMPARATOR
326944,532,0.266,1.8060340999999984,0.0009030170499999992,,,341840,524,0.262,1.6979798000000004,0.0008489899000000002,,,7,,,,,,,,,,paired,,,,,,,,-8,,seed_cell,,,61820014,,,0.59,2000,,OFFICIAL_CODE_PLUS_SOURCE_TRANSCRIBED_COMPARATOR
327552,453,0.2265,1.6749782999999991,0.0008374891499999996,,,341344,465,0.2325,1.901752500000001,0.0009508762500000005,,,7,,,,,,,,,,paired,,,,,,,,12,,seed_cell,,,61820015,,,0.59,2000,,OFFICIAL_CODE_PLUS_SOURCE_TRANSCRIBED_COMPARATOR
326336,531,0.2655,1.7847965999999986,0.0008923982999999993,,,343616,483,0.2415,1.7525330999999995,0.0008762665499999998,,,7,,,,,,,,,,paired,,,,,,,,-48,,seed_cell,,,61820016,,,0.59,2000,,OFFICIAL_CODE_PLUS_SOURCE_TRANSCRIBED_COMPARATOR
326336,520,0.26,1.7012580000000024,0.0008506290000000012,,,341440,497,0.2485,1.8371147999999993,0.0009185573999999997,,,7,,,,,,,,,,paired,,,,,,,,-23,,seed_cell,,,61820017,,,0.59,2000,,OFFICIAL_CODE_PLUS_SOURCE_TRANSCRIBED_COMPARATOR
326944,493,0.2465,1.7660810000000011,0.0008830405000000006,,,341936,452,0.226,1.7535028999999982,0.0008767514499999991,,,7,,,,,,,,,,paired,,,,,,,,-41,,seed_cell,,,61820018,,,0.59,2000,,OFFICIAL_CODE_PLUS_SOURCE_TRANSCRIBED_COMPARATOR
326336,512,0.256,1.7541472000000013,0.0008770736000000007,,,341984,503,0.2515,1.7869609000000002,0.0008934804500000001,,,7,,,,,,,,,,paired,,,,,,,,-9,,seed_cell,,,61820019,,,0.59,2000,,OFFICIAL_CODE_PLUS_SOURCE_TRANSCRIBED_COMPARATOR
323904,467,0.2335,1.8338926999999985,0.0009169463499999992,,,340992,459,0.2295,1.7797398000000015,0.0008898699000000008,,,7,,,,,,,,,,paired,,,,,,,,-8,,seed_cell,,,61820020,,,0.59,2000,,OFFICIAL_CODE_PLUS_SOURCE_TRANSCRIBED_COMPARATOR
323296,508,0.254,1.639587299999996,0.000819793649999998,,,340496,471,0.2355,1.8468399999999998,0.0009234199999999999,,,7,,,,,,,,,,paired,,,,,,,,-37,,seed_cell,,,61820021,,,0.59,2000,,OFFICIAL_CODE_PLUS_SOURCE_TRANSCRIBED_COMPARATOR
325728,473,0.2365,1.6911250000000002,0.0008455625000000001,,,340944,458,0.229,1.7817434999999995,0.0008908717499999997,,,7,,,,,,,,,,paired,,,,,,,,-15,,seed_cell,,,61820022,,,0.59,2000,,OFFICIAL_CODE_PLUS_SOURCE_TRANSCRIBED_COMPARATOR
326336,522,0.261,1.7777499999999997,0.0008888749999999999,,,341984,491,0.2455,1.8636872000000007,0.0009318436000000003,,,7,,,,,,,,,,paired,,,,,,,,-31,,seed_cell,,,61820023,,,0.59,2000,,OFFICIAL_CODE_PLUS_SOURCE_TRANSCRIBED_COMPARATOR
327552,472,0.236,1.9122284000000018,0.0009561142000000009,,,341888,464,0.232,2.0413818999999984,0.0010206909499999991,,,7,,,,,,,,,,paired,,,,,,,,-8,,seed_cell,,,61820024,,,0.59,2000,,OFFICIAL_CODE_PLUS_SOURCE_TRANSCRIBED_COMPARATOR
326336,490,0.245,1.9514022000000002,0.0009757011000000001,,,342528,475,0.2375,1.787570900000003,0.0008937854500000016,,,7,,,,,,,,,,paired,,,,,,,,-15,,seed_cell,,,61820025,,,0.59,2000,,OFFICIAL_CODE_PLUS_SOURCE_TRANSCRIBED_COMPARATOR
324512,509,0.2545,1.7664989999999974,0.0008832494999999987,,,339952,478,0.239,1.7581953999999989,0.0008790976999999994,,,7,,,,,,,,,,paired,,,,,,,,-31,,seed_cell,,,61820026,,,0.59,2000,,OFFICIAL_CODE_PLUS_SOURCE_TRANSCRIBED_COMPARATOR
323904,499,0.2495,1.831743799999996,0.000915871899999998,,,338368,471,0.2355,1.996678800000002,0.000998339400000001,,,7,,,,,,,,,,paired,,,,,,,,-28,,seed_cell,,,61820027,,,0.59,2000,,OFFICIAL_CODE_PLUS_SOURCE_TRANSCRIBED_COMPARATOR
325728,500,0.25,1.6316115999999983,0.0008158057999999991,,,343664,490,0.245,1.8454498999999966,0.0009227249499999984,,,7,,,,,,,,,,paired,,,,,,,,-10,,seed_cell,,,61820028,,,0.59,2000,,OFFICIAL_CODE_PLUS_SOURCE_TRANSCRIBED_COMPARATOR
324512,483,0.2415,1.8538911999999976,0.0009269455999999988,,,342032,460,0.23,1.6970318000000038,0.0008485159000000019,,,7,,,,,,,,,,paired,,,,,,,,-23,,seed_cell,,,61820029,,,0.59,2000,,OFFICIAL_CODE_PLUS_SOURCE_TRANSCRIBED_COMPARATOR
325120,500,0.25,1.8661023000000012,0.0009330511500000007,,,341536,464,0.232,1.9833795000000003,0.00099168975,,,7,,,,,,,,,,paired,,,,,,,,-36,,seed_cell,,,61820030,,,0.59,2000,,OFFICIAL_CODE_PLUS_SOURCE_TRANSCRIBED_COMPARATOR
326944,472,0.236,1.6992131000000006,0.0008496065500000003,,,340304,480,0.24,1.8454656999999994,0.0009227328499999997,,,7,,,,,,,,,,paired,,,,,,,,8,,seed_cell,,,61820031,,,0.59,2000,,OFFICIAL_CODE_PLUS_SOURCE_TRANSCRIBED_COMPARATOR
328160,498,0.249,1.8551275999999994,0.0009275637999999997,,,341840,503,0.2515,1.8230947999999998,0.0009115473999999999,,,7,,,,,,,,,,paired,,,,,,,,5,,seed_cell,,,61820032,,,0.59,2000,,OFFICIAL_CODE_PLUS_SOURCE_TRANSCRIBED_COMPARATOR
326944,624,0.312,1.797125300000001,0.0008985626500000004,,,343568,590,0.295,1.875304699999999,0.0009376523499999994,,,7,,,,,,,,,,paired,,,,,,,,-34,,seed_cell,,,61820001,,,0.6,2000,,OFFICIAL_CODE_PLUS_SOURCE_TRANSCRIBED_COMPARATOR
327552,555,0.2775,1.887144800000001,0.0009435724000000005,,,341888,544,0.272,1.7766398999999968,0.0008883199499999984,,,7,,,,,,,,,,paired,,,,,,,,-11,,seed_cell,,,61820002,,,0.6,2000,,OFFICIAL_CODE_PLUS_SOURCE_TRANSCRIBED_COMPARATOR
325120,575,0.2875,1.7245859000000008,0.0008622929500000004,,,341888,569,0.2845,1.8381206000000003,0.0009190603000000002,,,7,,,,,,,,,,paired,,,,,,,,-6,,seed_cell,,,61820003,,,0.6,2000,,OFFICIAL_CODE_PLUS_SOURCE_TRANSCRIBED_COMPARATOR
325728,575,0.2875,1.7873016999999993,0.0008936508499999997,,,343968,563,0.2815,1.9804652999999992,0.0009902326499999995,,,7,,,,,,,,,,paired,,,,,,,,-12,,seed_cell,,,61820004,,,0.6,2000,,OFFICIAL_CODE_PLUS_SOURCE_TRANSCRIBED_COMPARATOR
325728,557,0.2785,1.6239982000000008,0.0008119991000000005,,,340944,536,0.268,1.9645450999999987,0.0009822725499999993,,,7,,,,,,,,,,paired,,,,,,,,-21,,seed_cell,,,61820005,,,0.6,2000,,OFFICIAL_CODE_PLUS_SOURCE_TRANSCRIBED_COMPARATOR
325120,535,0.2675,1.7446996000000026,0.0008723498000000013,,,340992,512,0.256,1.8480813000000023,0.0009240406500000011,,,7,,,,,,,,,,paired,,,,,,,,-23,,seed_cell,,,61820006,,,0.6,2000,,OFFICIAL_CODE_PLUS_SOURCE_TRANSCRIBED_COMPARATOR
326336,562,0.281,1.8558572000000015,0.0009279286000000008,,,342976,535,0.2675,1.8790743000000003,0.0009395371500000001,,,7,,,,,,,,,,paired,,,,,,,,-27,,seed_cell,,,61820007,,,0.6,2000,,OFFICIAL_CODE_PLUS_SOURCE_TRANSCRIBED_COMPARATOR
325728,561,0.2805,1.6957279000000014,0.0008478639500000007,,,342576,524,0.262,1.890369500000001,0.0009451847500000004,,,7,,,,,,,,,,paired,,,,,,,,-37,,seed_cell,,,61820008,,,0.6,2000,,OFFICIAL_CODE_PLUS_SOURCE_TRANSCRIBED_COMPARATOR
327552,563,0.2815,1.822447099999999,0.0009112235499999995,,,343968,529,0.2645,1.7526104999999987,0.0008763052499999994,,,7,,,,,,,,,,paired,,,,,,,,-34,,seed_cell,,,61820009,,,0.6,2000,,OFFICIAL_CODE_PLUS_SOURCE_TRANSCRIBED_COMPARATOR
326336,535,0.2675,1.7562634,0.0008781317,,,342528,513,0.2565,1.8276581999999977,0.0009138290999999988,,,7,,,,,,,,,,paired,,,,,,,,-22,,seed_cell,,,61820010,,,0.6,2000,,OFFICIAL_CODE_PLUS_SOURCE_TRANSCRIBED_COMPARATOR
329376,567,0.2835,1.7203151999999993,0.0008601575999999996,,,345504,531,0.2655,1.9926063000000025,0.0009963031500000012,,,7,,,,,,,,,,paired,,,,,,,,-36,,seed_cell,,,61820011,,,0.6,2000,,OFFICIAL_CODE_PLUS_SOURCE_TRANSCRIBED_COMPARATOR
322688,564,0.282,2.355944399999999,0.0011779721999999994,,,340096,546,0.273,1.8504226999999978,0.0009252113499999989,,,7,,,,,,,,,,paired,,,,,,,,-18,,seed_cell,,,61820012,,,0.6,2000,,OFFICIAL_CODE_PLUS_SOURCE_TRANSCRIBED_COMPARATOR
328160,588,0.294,1.8650423000000007,0.0009325211500000003,,,342384,589,0.2945,1.399414299999999,0.0006997071499999996,,,7,,,,,,,,,,paired,,,,,,,,1,,seed_cell,,,61820013,,,0.6,2000,,OFFICIAL_CODE_PLUS_SOURCE_TRANSCRIBED_COMPARATOR
326944,569,0.2845,1.7553445000000003,0.0008776722500000001,,,342480,559,0.2795,1.9857997999999992,0.0009928998999999997,,,7,,,,,,,,,,paired,,,,,,,,-10,,seed_cell,,,61820014,,,0.6,2000,,OFFICIAL_CODE_PLUS_SOURCE_TRANSCRIBED_COMPARATOR
326336,550,0.275,1.7180800999999977,0.0008590400499999989,,,341440,535,0.2675,1.7819251000000018,0.0008909625500000009,,,7,,,,,,,,,,paired,,,,,,,,-15,,seed_cell,,,61820015,,,0.6,2000,,OFFICIAL_CODE_PLUS_SOURCE_TRANSCRIBED_COMPARATOR
324512,546,0.273,1.8007211000000012,0.0009003605500000006,,,339952,548,0.274,1.8158789999999996,0.0009079394999999998,,,7,,,,,,,,,,paired,,,,,,,,2,,seed_cell,,,61820016,,,0.6,2000,,OFFICIAL_CODE_PLUS_SOURCE_TRANSCRIBED_COMPARATOR
332384,558,0.279,1.9108327999999992,0.0009554163999999997,,,347248,565,0.2825,1.7781271,0.00088906355,,,7,,,,,,,,,,paired,,,,,,,,7,,seed_cell,,,61820017,,,0.6,2000,,OFFICIAL_CODE_PLUS_SOURCE_TRANSCRIBED_COMPARATOR
325120,615,0.3075,1.722403999999999,0.0008612019999999995,,,341536,579,0.2895,1.7882240000000016,0.0008941120000000008,,,7,,,,,,,,,,paired,,,,,,,,-36,,seed_cell,,,61820018,,,0.6,2000,,OFFICIAL_CODE_PLUS_SOURCE_TRANSCRIBED_COMPARATOR
323904,585,0.2925,1.8163782000000026,0.0009081891000000013,,,339952,566,0.283,1.6927563999999997,0.0008463781999999999,,,7,,,,,,,,,,paired,,,,,,,,-19,,seed_cell,,,61820019,,,0.6,2000,,OFFICIAL_CODE_PLUS_SOURCE_TRANSCRIBED_COMPARATOR
326944,566,0.283,1.830379300000001,0.0009151896500000005,,,342384,553,0.2765,1.6568944000000028,0.0008284472000000014,,,7,,,,,,,,,,paired,,,,,,,,-13,,seed_cell,,,61820020,,,0.6,2000,,OFFICIAL_CODE_PLUS_SOURCE_TRANSCRIBED_COMPARATOR
325728,595,0.2975,1.7752901999999988,0.0008876450999999994,,,340944,568,0.284,1.7106584999999996,0.0008553292499999998,,,7,,,,,,,,,,paired,,,,,,,,-27,,seed_cell,,,61820021,,,0.6,2000,,OFFICIAL_CODE_PLUS_SOURCE_TRANSCRIBED_COMPARATOR
325728,615,0.3075,1.6631099000000014,0.0008315549500000007,,,345104,587,0.2935,1.6245829000000032,0.0008122914500000016,,,7,,,,,,,,,,paired,,,,,,,,-28,,seed_cell,,,61820022,,,0.6,2000,,OFFICIAL_CODE_PLUS_SOURCE_TRANSCRIBED_COMPARATOR
325120,569,0.2845,1.7741276000000015,0.0008870638000000007,,,341984,535,0.2675,1.6986269999999988,0.0008493134999999994,,,7,,,,,,,,,,paired,,,,,,,,-34,,seed_cell,,,61820023,,,0.6,2000,,OFFICIAL_CODE_PLUS_SOURCE_TRANSCRIBED_COMPARATOR
327552,568,0.284,1.7352640999999982,0.0008676320499999991,,,342880,550,0.275,1.8089342000000042,0.000904467100000002,,,7,,,,,,,,,,paired,,,,,,,,-18,,seed_cell,,,61820024,,,0.6,2000,,OFFICIAL_CODE_PLUS_SOURCE_TRANSCRIBED_COMPARATOR
325728,606,0.303,1.8118368999999999,0.00090591845,,,341488,564,0.282,1.7187483000000021,0.000859374150000001,,,7,,,,,,,,,,paired,,,,,,,,-42,,seed_cell,,,61820025,,,0.6,2000,,OFFICIAL_CODE_PLUS_SOURCE_TRANSCRIBED_COMPARATOR
326944,563,0.2815,1.9579259000000016,0.0009789629500000009,,,343568,545,0.2725,1.8593670000000004,0.0009296835000000002,,,7,,,,,,,,,,paired,,,,,,,,-18,,seed_cell,,,61820026,,,0.6,2000,,OFFICIAL_CODE_PLUS_SOURCE_TRANSCRIBED_COMPARATOR
323904,590,0.295,1.636949300000002,0.000818474650000001,,,340544,560,0.28,1.7685634000000017,0.0008842817000000009,,,7,,,,,,,,,,paired,,,,,,,,-30,,seed_cell,,,61820027,,,0.6,2000,,OFFICIAL_CODE_PLUS_SOURCE_TRANSCRIBED_COMPARATOR
326944,580,0.29,1.677739899999999,0.0008388699499999996,,,341936,559,0.2795,1.8459735000000026,0.0009229867500000013,,,7,,,,,,,,,,paired,,,,,,,,-21,,seed_cell,,,61820028,,,0.6,2000,,OFFICIAL_CODE_PLUS_SOURCE_TRANSCRIBED_COMPARATOR
326336,582,0.291,1.7398962000000007,0.0008699481000000003,,,341392,564,0.282,1.7842894000000018,0.0008921447000000009,,,7,,,,,,,,,,paired,,,,,,,,-18,,seed_cell,,,61820029,,,0.6,2000,,OFFICIAL_CODE_PLUS_SOURCE_TRANSCRIBED_COMPARATOR
324512,552,0.276,1.6519086000000007,0.0008259543000000004,,,341040,533,0.2665,1.795770300000001,0.0008978851500000004,,,7,,,,,,,,,,paired,,,,,,,,-19,,seed_cell,,,61820030,,,0.6,2000,,OFFICIAL_CODE_PLUS_SOURCE_TRANSCRIBED_COMPARATOR
326944,595,0.2975,1.8135336999999994,0.0009067668499999997,,,341936,563,0.2815,1.8525072999999999,0.0009262536499999999,,,7,,,,,,,,,,paired,,,,,,,,-32,,seed_cell,,,61820031,,,0.6,2000,,OFFICIAL_CODE_PLUS_SOURCE_TRANSCRIBED_COMPARATOR
324512,555,0.2775,1.7377238000000004,0.0008688619000000002,,,340496,514,0.257,1.8105733000000015,0.0009052866500000007,,,7,,,,,,,,,,paired,,,,,,,,-41,,seed_cell,,,61820032,,,0.6,2000,,OFFICIAL_CODE_PLUS_SOURCE_TRANSCRIBED_COMPARATOR
326944,673,0.3365,1.862889300000001,0.0009314446500000006,,,343376,657,0.3285,1.6678391000000012,0.0008339195500000006,,,7,,,,,,,,,,paired,,,,,,,,-16,,seed_cell,,,61820001,,,0.61,2000,,OFFICIAL_CODE_PLUS_SOURCE_TRANSCRIBED_COMPARATOR
328160,639,0.3195,1.7093324999999993,0.0008546662499999997,,,342384,627,0.3135,1.8404804999999997,0.0009202402499999999,,,7,,,,,,,,,,paired,,,,,,,,-12,,seed_cell,,,61820002,,,0.61,2000,,OFFICIAL_CODE_PLUS_SOURCE_TRANSCRIBED_COMPARATOR
329984,702,0.351,1.7676402000000029,0.0008838201000000014,,,343872,651,0.3255,1.829513200000002,0.000914756600000001,,,7,,,,,,,,,,paired,,,,,,,,-51,,seed_cell,,,61820003,,,0.61,2000,,OFFICIAL_CODE_PLUS_SOURCE_TRANSCRIBED_COMPARATOR
325120,646,0.323,1.735808899999997,0.0008679044499999985,,,341984,617,0.3085,1.8151376999999989,0.0009075688499999994,,,7,,,,,,,,,,paired,,,,,,,,-29,,seed_cell,,,61820004,,,0.61,2000,,OFFICIAL_CODE_PLUS_SOURCE_TRANSCRIBED_COMPARATOR
327552,623,0.3115,1.8403096000000052,0.0009201548000000026,,,343968,598,0.299,1.8798966000000001,0.0009399483000000001,,,7,,,,,,,,,,paired,,,,,,,,-25,,seed_cell,,,61820005,,,0.61,2000,,OFFICIAL_CODE_PLUS_SOURCE_TRANSCRIBED_COMPARATOR
328160,633,0.3165,1.759106700000002,0.000879553350000001,,,343472,614,0.307,1.7965391000000035,0.0008982695500000017,,,7,,,,,,,,,,paired,,,,,,,,-19,,seed_cell,,,61820006,,,0.61,2000,,OFFICIAL_CODE_PLUS_SOURCE_TRANSCRIBED_COMPARATOR
326336,647,0.3235,1.679120800000001,0.0008395604000000005,,,342528,609,0.3045,1.8087245000000014,0.0009043622500000007,,,7,,,,,,,,,,paired,,,,,,,,-38,,seed_cell,,,61820007,,,0.61,2000,,OFFICIAL_CODE_PLUS_SOURCE_TRANSCRIBED_COMPARATOR
324512,654,0.327,1.8194732999999998,0.00090973665,,,340496,646,0.323,1.9547545000000004,0.0009773772500000003,,,7,,,,,,,,,,paired,,,,,,,,-8,,seed_cell,,,61820008,,,0.61,2000,,OFFICIAL_CODE_PLUS_SOURCE_TRANSCRIBED_COMPARATOR
325120,613,0.3065,1.7605859000000015,0.0008802929500000007,,,341536,591,0.2955,1.7319086999999986,0.0008659543499999993,,,7,,,,,,,,,,paired,,,,,,,,-22,,seed_cell,,,61820009,,,0.61,2000,,OFFICIAL_CODE_PLUS_SOURCE_TRANSCRIBED_COMPARATOR
326336,630,0.315,1.7115078000000024,0.0008557539000000012,,,342528,619,0.3095,1.8091020000000022,0.000904551000000001,,,7,,,,,,,,,,paired,,,,,,,,-11,,seed_cell,,,61820010,,,0.61,2000,,OFFICIAL_CODE_PLUS_SOURCE_TRANSCRIBED_COMPARATOR
326944,652,0.326,1.8451207999999977,0.0009225603999999988,,,343472,596,0.298,1.7260810000000029,0.0008630405000000014,,,7,,,,,,,,,,paired,,,,,,,,-56,,seed_cell,,,61820011,,,0.61,2000,,OFFICIAL_CODE_PLUS_SOURCE_TRANSCRIBED_COMPARATOR
324512,638,0.319,1.7193488999999988,0.0008596744499999994,,,338864,625,0.3125,1.9079311999999993,0.0009539655999999996,,,7,,,,,,,,,,paired,,,,,,,,-13,,seed_cell,,,61820012,,,0.61,2000,,OFFICIAL_CODE_PLUS_SOURCE_TRANSCRIBED_COMPARATOR
327552,638,0.319,1.7417327999999996,0.0008708663999999998,,,343520,617,0.3085,1.846837900000001,0.0009234189500000005,,,7,,,,,,,,,,paired,,,,,,,,-21,,seed_cell,,,61820013,,,0.61,2000,,OFFICIAL_CODE_PLUS_SOURCE_TRANSCRIBED_COMPARATOR
326336,670,0.335,1.7245656000000007,0.0008622828000000003,,,341344,632,0.316,1.657014800000002,0.000828507400000001,,,7,,,,,,,,,,paired,,,,,,,,-38,,seed_cell,,,61820014,,,0.61,2000,,OFFICIAL_CODE_PLUS_SOURCE_TRANSCRIBED_COMPARATOR
327552,621,0.3105,1.7386684999999995,0.0008693342499999998,,,342432,600,0.3,1.7758006999999993,0.0008879003499999996,,,7,,,,,,,,,,paired,,,,,,,,-21,,seed_cell,,,61820015,,,0.61,2000,,OFFICIAL_CODE_PLUS_SOURCE_TRANSCRIBED_COMPARATOR
326336,655,0.3275,1.784240800000001,0.0008921204000000005,,,340896,603,0.3015,1.7912991999999999,0.0008956496,,,7,,,,,,,,,,paired,,,,,,,,-52,,seed_cell,,,61820016,,,0.61,2000,,OFFICIAL_CODE_PLUS_SOURCE_TRANSCRIBED_COMPARATOR
326944,649,0.3245,1.798673299999998,0.000899336649999999,,,341936,619,0.3095,1.7801229000000016,0.0008900614500000008,,,7,,,,,,,,,,paired,,,,,,,,-30,,seed_cell,,,61820017,,,0.61,2000,,OFFICIAL_CODE_PLUS_SOURCE_TRANSCRIBED_COMPARATOR
326944,659,0.3295,1.8391681999999998,0.0009195840999999999,,,343024,613,0.3065,1.8387851999999958,0.0009193925999999979,,,7,,,,,,,,,,paired,,,,,,,,-46,,seed_cell,,,61820018,,,0.61,2000,,OFFICIAL_CODE_PLUS_SOURCE_TRANSCRIBED_COMPARATOR
327552,652,0.326,1.7477180000000028,0.0008738590000000014,,,341888,643,0.3215,1.901713500000003,0.0009508567500000015,,,7,,,,,,,,,,paired,,,,,,,,-9,,seed_cell,,,61820019,,,0.61,2000,,OFFICIAL_CODE_PLUS_SOURCE_TRANSCRIBED_COMPARATOR
325728,637,0.3185,1.8482886999999992,0.0009241443499999996,,,342576,605,0.3025,1.8652353999999978,0.0009326176999999989,,,7,,,,,,,,,,paired,,,,,,,,-32,,seed_cell,,,61820020,,,0.61,2000,,OFFICIAL_CODE_PLUS_SOURCE_TRANSCRIBED_COMPARATOR
332992,660,0.33,1.8468299000000021,0.0009234149500000011,,,347200,616,0.308,2.167815799999996,0.001083907899999998,,,7,,,,,,,,,,paired,,,,,,,,-44,,seed_cell,,,61820021,,,0.61,2000,,OFFICIAL_CODE_PLUS_SOURCE_TRANSCRIBED_COMPARATOR
326336,661,0.3305,2.1357624000000013,0.0010678812000000006,,,343520,632,0.316,1.7524539000000028,0.0008762269500000014,,,7,,,,,,,,,,paired,,,,,,,,-29,,seed_cell,,,61820022,,,0.61,2000,,OFFICIAL_CODE_PLUS_SOURCE_TRANSCRIBED_COMPARATOR
325728,665,0.3325,1.9101272000000002,0.0009550636000000001,,,342032,637,0.3185,1.8560664000000007,0.0009280332000000004,,,7,,,,,,,,,,paired,,,,,,,,-28,,seed_cell,,,61820023,,,0.61,2000,,OFFICIAL_CODE_PLUS_SOURCE_TRANSCRIBED_COMPARATOR
324512,641,0.3205,1.900795300000001,0.0009503976500000005,,,341040,610,0.305,1.4354209999999992,0.0007177104999999996,,,7,,,,,,,,,,paired,,,,,,,,-31,,seed_cell,,,61820024,,,0.61,2000,,OFFICIAL_CODE_PLUS_SOURCE_TRANSCRIBED_COMPARATOR
327552,631,0.3155,2.0108741,0.00100543705,,,342880,611,0.3055,1.5050917999999993,0.0007525458999999996,,,7,,,,,,,,,,paired,,,,,,,,-20,,seed_cell,,,61820025,,,0.61,2000,,OFFICIAL_CODE_PLUS_SOURCE_TRANSCRIBED_COMPARATOR
327552,643,0.3215,2.0414281,0.00102071405,,,342432,629,0.3145,1.5499396000000034,0.0007749698000000017,,,7,,,,,,,,,,paired,,,,,,,,-14,,seed_cell,,,61820026,,,0.61,2000,,OFFICIAL_CODE_PLUS_SOURCE_TRANSCRIBED_COMPARATOR
326944,610,0.305,1.6867773,0.0008433886499999999,,,343568,589,0.2945,1.896806299999998,0.000948403149999999,,,7,,,,,,,,,,paired,,,,,,,,-21,,seed_cell,,,61820027,,,0.61,2000,,OFFICIAL_CODE_PLUS_SOURCE_TRANSCRIBED_COMPARATOR
323904,642,0.321,1.7013007000000007,0.0008506503500000003,,,339408,608,0.304,1.6812695000000013,0.0008406347500000006,,,7,,,,,,,,,,paired,,,,,,,,-34,,seed_cell,,,61820028,,,0.61,2000,,OFFICIAL_CODE_PLUS_SOURCE_TRANSCRIBED_COMPARATOR
328768,629,0.3145,1.6299233999999996,0.0008149616999999998,,,344512,614,0.307,1.7406919999999984,0.0008703459999999992,,,7,,,,,,,,,,paired,,,,,,,,-15,,seed_cell,,,61820029,,,0.61,2000,,OFFICIAL_CODE_PLUS_SOURCE_TRANSCRIBED_COMPARATOR
325728,632,0.316,1.6613565999999975,0.0008306782999999988,,,342480,618,0.309,1.9589174,0.0009794587,,,7,,,,,,,,,,paired,,,,,,,,-14,,seed_cell,,,61820030,,,0.61,2000,,OFFICIAL_CODE_PLUS_SOURCE_TRANSCRIBED_COMPARATOR
326944,626,0.313,1.800845900000003,0.0009004229500000015,,,343568,601,0.3005,1.7509314999999983,0.0008754657499999991,,,7,,,,,,,,,,paired,,,,,,,,-25,,seed_cell,,,61820031,,,0.61,2000,,OFFICIAL_CODE_PLUS_SOURCE_TRANSCRIBED_COMPARATOR
326336,626,0.313,1.6629652999999966,0.0008314826499999983,,,341984,606,0.303,1.8233914999999987,0.0009116957499999994,,,7,,,,,,,,,,paired,,,,,,,,-20,,seed_cell,,,61820032,,,0.61,2000,,OFFICIAL_CODE_PLUS_SOURCE_TRANSCRIBED_COMPARATOR
328768,720,0.36,1.7992786999999997,0.0008996393499999998,,,343424,705,0.3525,1.7168877000000031,0.0008584438500000016,,,7,,,,,,,,,,paired,,,,,,,,-15,,seed_cell,,,61820001,,,0.62,2000,,OFFICIAL_CODE_PLUS_SOURCE_TRANSCRIBED_COMPARATOR
329984,748,0.374,1.4983104000000018,0.0007491552000000009,,,344960,725,0.3625,1.7894446999999964,0.0008947223499999982,,,7,,,,,,,,,,paired,,,,,,,,-23,,seed_cell,,,61820002,,,0.62,2000,,OFFICIAL_CODE_PLUS_SOURCE_TRANSCRIBED_COMPARATOR
327552,698,0.349,1.7502859,0.00087514295,,,342432,684,0.342,1.8400514999999986,0.0009200257499999993,,,7,,,,,,,,,,paired,,,,,,,,-14,,seed_cell,,,61820003,,,0.62,2000,,OFFICIAL_CODE_PLUS_SOURCE_TRANSCRIBED_COMPARATOR
325728,711,0.3555,1.8054257000000018,0.0009027128500000009,,,344512,680,0.34,1.755748500000002,0.000877874250000001,,,7,,,,,,,,,,paired,,,,,,,,-31,,seed_cell,,,61820004,,,0.62,2000,,OFFICIAL_CODE_PLUS_SOURCE_TRANSCRIBED_COMPARATOR
328160,693,0.3465,1.7609898999999993,0.0008804949499999997,,,345552,659,0.3295,1.7388807000000008,0.0008694403500000004,,,7,,,,,,,,,,paired,,,,,,,,-34,,seed_cell,,,61820005,,,0.62,2000,,OFFICIAL_CODE_PLUS_SOURCE_TRANSCRIBED_COMPARATOR
325728,675,0.3375,1.7060692999999978,0.0008530346499999989,,,341488,645,0.3225,1.7697291000000035,0.0008848645500000018,,,7,,,,,,,,,,paired,,,,,,,,-30,,seed_cell,,,61820006,,,0.62,2000,,OFFICIAL_CODE_PLUS_SOURCE_TRANSCRIBED_COMPARATOR
326336,733,0.3665,1.7842647000000005,0.0008921323500000002,,,343072,700,0.35,1.7712347000000006,0.0008856173500000003,,,7,,,,,,,,,,paired,,,,,,,,-33,,seed_cell,,,61820007,,,0.62,2000,,OFFICIAL_CODE_PLUS_SOURCE_TRANSCRIBED_COMPARATOR
324512,738,0.369,1.6603892999999976,0.0008301946499999988,,,343120,715,0.3575,1.7289051,0.00086445255,,,7,,,,,,,,,,paired,,,,,,,,-23,,seed_cell,,,61820008,,,0.62,2000,,OFFICIAL_CODE_PLUS_SOURCE_TRANSCRIBED_COMPARATOR
326336,724,0.362,1.7731117000000025,0.0008865558500000013,,,341440,678,0.339,1.7650075000000023,0.0008825037500000011,,,7,,,,,,,,,,paired,,,,,,,,-46,,seed_cell,,,61820009,,,0.62,2000,,OFFICIAL_CODE_PLUS_SOURCE_TRANSCRIBED_COMPARATOR
328160,732,0.366,1.678933500000003,0.0008394667500000015,,,344016,717,0.3585,1.856119899999999,0.0009280599499999995,,,7,,,,,,,,,,paired,,,,,,,,-15,,seed_cell,,,61820010,,,0.62,2000,,OFFICIAL_CODE_PLUS_SOURCE_TRANSCRIBED_COMPARATOR
327552,733,0.3665,1.692492600000001,0.0008462463000000005,,,344560,692,0.346,1.8731749000000015,0.0009365874500000008,,,7,,,,,,,,,,paired,,,,,,,,-41,,seed_cell,,,61820011,,,0.62,2000,,OFFICIAL_CODE_PLUS_SOURCE_TRANSCRIBED_COMPARATOR
327552,734,0.367,1.7251506999999997,0.0008625753499999999,,,345056,723,0.3615,1.7563371000000008,0.0008781685500000004,,,7,,,,,,,,,,paired,,,,,,,,-11,,seed_cell,,,61820012,,,0.62,2000,,OFFICIAL_CODE_PLUS_SOURCE_TRANSCRIBED_COMPARATOR
326944,718,0.359,1.6748204999999974,0.0008374102499999987,,,342384,695,0.3475,1.7174109999999998,0.0008587054999999999,,,7,,,,,,,,,,paired,,,,,,,,-23,,seed_cell,,,61820013,,,0.62,2000,,OFFICIAL_CODE_PLUS_SOURCE_TRANSCRIBED_COMPARATOR
325728,718,0.359,1.6121001000000001,0.0008060500500000001,,,339856,677,0.3385,1.6759390000000003,0.0008379695000000001,,,7,,,,,,,,,,paired,,,,,,,,-41,,seed_cell,,,61820014,,,0.62,2000,,OFFICIAL_CODE_PLUS_SOURCE_TRANSCRIBED_COMPARATOR
326336,738,0.369,1.6877188999999988,0.0008438594499999994,,,345056,697,0.3485,1.7424824000000023,0.0008712412000000012,,,7,,,,,,,,,,paired,,,,,,,,-41,,seed_cell,,,61820015,,,0.62,2000,,OFFICIAL_CODE_PLUS_SOURCE_TRANSCRIBED_COMPARATOR
322688,754,0.377,1.8373593999999986,0.0009186796999999993,,,339008,717,0.3585,1.8139211999999978,0.0009069605999999989,,,7,,,,,,,,,,paired,,,,,,,,-37,,seed_cell,,,61820016,,,0.62,2000,,OFFICIAL_CODE_PLUS_SOURCE_TRANSCRIBED_COMPARATOR
326944,704,0.352,1.7917311999999979,0.0008958655999999989,,,346208,659,0.3295,2.003019799999999,0.0010015098999999995,,,7,,,,,,,,,,paired,,,,,,,,-45,,seed_cell,,,61820017,,,0.62,2000,,OFFICIAL_CODE_PLUS_SOURCE_TRANSCRIBED_COMPARATOR
325120,735,0.3675,1.7444601,0.00087223005,,,342080,697,0.3485,1.8739339000000024,0.0009369669500000012,,,7,,,,,,,,,,paired,,,,,,,,-38,,seed_cell,,,61820018,,,0.62,2000,,OFFICIAL_CODE_PLUS_SOURCE_TRANSCRIBED_COMPARATOR
325728,715,0.3575,1.7627595,0.00088137975,,,340944,682,0.341,1.8150425999999984,0.0009075212999999992,,,7,,,,,,,,,,paired,,,,,,,,-33,,seed_cell,,,61820019,,,0.62,2000,,OFFICIAL_CODE_PLUS_SOURCE_TRANSCRIBED_COMPARATOR
325728,700,0.35,1.7949314999999961,0.000897465749999998,,,341936,684,0.342,1.8012569000000003,0.0009006284500000002,,,7,,,,,,,,,,paired,,,,,,,,-16,,seed_cell,,,61820020,,,0.62,2000,,OFFICIAL_CODE_PLUS_SOURCE_TRANSCRIBED_COMPARATOR
326336,709,0.3545,1.6259422000000034,0.0008129711000000018,,,340352,675,0.3375,1.8620670999999975,0.0009310335499999987,,,7,,,,,,,,,,paired,,,,,,,,-34,,seed_cell,,,61820021,,,0.62,2000,,OFFICIAL_CODE_PLUS_SOURCE_TRANSCRIBED_COMPARATOR
327552,694,0.347,1.7270012999999984,0.0008635006499999993,,,343520,665,0.3325,1.7623720000000007,0.0008811860000000004,,,7,,,,,,,,,,paired,,,,,,,,-29,,seed_cell,,,61820022,,,0.62,2000,,OFFICIAL_CODE_PLUS_SOURCE_TRANSCRIBED_COMPARATOR
325728,728,0.364,1.7382281000000004,0.0008691140500000002,,,341488,689,0.3445,1.7527561999999983,0.0008763780999999992,,,7,,,,,,,,,,paired,,,,,,,,-39,,seed_cell,,,61820023,,,0.62,2000,,OFFICIAL_CODE_PLUS_SOURCE_TRANSCRIBED_COMPARATOR
329376,761,0.3805,1.5986623999999956,0.0007993311999999978,,,349376,701,0.3505,1.6176643000000022,0.0008088321500000011,,,7,,,,,,,,,,paired,,,,,,,,-60,,seed_cell,,,61820024,,,0.62,2000,,OFFICIAL_CODE_PLUS_SOURCE_TRANSCRIBED_COMPARATOR
328768,721,0.3605,1.7471629000000033,0.0008735814500000017,,,343424,682,0.341,1.6866557999999987,0.0008433278999999994,,,7,,,,,,,,,,paired,,,,,,,,-39,,seed_cell,,,61820025,,,0.62,2000,,OFFICIAL_CODE_PLUS_SOURCE_TRANSCRIBED_COMPARATOR
328768,724,0.362,1.6232487999999992,0.0008116243999999995,,,342880,701,0.3505,1.8531153000000016,0.0009265576500000008,,,7,,,,,,,,,,paired,,,,,,,,-23,,seed_cell,,,61820026,,,0.62,2000,,OFFICIAL_CODE_PLUS_SOURCE_TRANSCRIBED_COMPARATOR
325120,708,0.354,1.7534142000000037,0.0008767071000000019,,,340896,665,0.3325,1.7904608000000026,0.0008952304000000013,,,7,,,,,,,,,,paired,,,,,,,,-43,,seed_cell,,,61820027,,,0.62,2000,,OFFICIAL_CODE_PLUS_SOURCE_TRANSCRIBED_COMPARATOR
325728,743,0.3715,1.6931468000000018,0.0008465734000000009,,,341488,706,0.353,1.8456580999999994,0.0009228290499999997,,,7,,,,,,,,,,paired,,,,,,,,-37,,seed_cell,,,61820028,,,0.62,2000,,OFFICIAL_CODE_PLUS_SOURCE_TRANSCRIBED_COMPARATOR
325728,732,0.366,1.8023719999999972,0.0009011859999999986,,,344464,691,0.3455,1.8570778000000019,0.000928538900000001,,,7,,,,,,,,,,paired,,,,,,,,-41,,seed_cell,,,61820029,,,0.62,2000,,OFFICIAL_CODE_PLUS_SOURCE_TRANSCRIBED_COMPARATOR
325728,705,0.3525,1.9016203000000023,0.0009508101500000011,,,340944,690,0.345,1.8291246999999982,0.0009145623499999991,,,7,,,,,,,,,,paired,,,,,,,,-15,,seed_cell,,,61820030,,,0.62,2000,,OFFICIAL_CODE_PLUS_SOURCE_TRANSCRIBED_COMPARATOR
328160,740,0.37,1.914706499999999,0.0009573532499999995,,,342928,702,0.351,1.976595500000001,0.0009882977500000004,,,7,,,,,,,,,,paired,,,,,,,,-38,,seed_cell,,,61820031,,,0.62,2000,,OFFICIAL_CODE_PLUS_SOURCE_TRANSCRIBED_COMPARATOR
325120,689,0.3445,1.7184398999999995,0.0008592199499999997,,,339856,650,0.325,1.5448848000000006,0.0007724424000000003,,,7,,,,,,,,,,paired,,,,,,,,-39,,seed_cell,,,61820032,,,0.62,2000,,OFFICIAL_CODE_PLUS_SOURCE_TRANSCRIBED_COMPARATOR
326944,789,0.3945,1.6847320000000015,0.0008423660000000008,,,343024,758,0.379,1.8293328999999996,0.0009146664499999998,,,7,,,,,,,,,,paired,,,,,,,,-31,,seed_cell,,,61820001,,,0.63,2000,,OFFICIAL_CODE_PLUS_SOURCE_TRANSCRIBED_COMPARATOR
325728,817,0.4085,1.7013154000000017,0.0008506577000000009,,,340400,786,0.393,1.7445467000000028,0.0008722733500000014,,,7,,,,,,,,,,paired,,,,,,,,-31,,seed_cell,,,61820002,,,0.63,2000,,OFFICIAL_CODE_PLUS_SOURCE_TRANSCRIBED_COMPARATOR
326944,838,0.419,1.8295793999999983,0.0009147896999999991,,,342480,795,0.3975,1.7669195000000038,0.0008834597500000018,,,7,,,,,,,,,,paired,,,,,,,,-43,,seed_cell,,,61820003,,,0.63,2000,,OFFICIAL_CODE_PLUS_SOURCE_TRANSCRIBED_COMPARATOR
328160,796,0.398,1.7077087,0.0008538543499999999,,,344560,749,0.3745,1.8956145000000006,0.0009478072500000004,,,7,,,,,,,,,,paired,,,,,,,,-47,,seed_cell,,,61820004,,,0.63,2000,,OFFICIAL_CODE_PLUS_SOURCE_TRANSCRIBED_COMPARATOR
326944,770,0.385,1.804397000000001,0.0009021985000000005,,,341392,741,0.3705,1.854291299999997,0.0009271456499999985,,,7,,,,,,,,,,paired,,,,,,,,-29,,seed_cell,,,61820005,,,0.63,2000,,OFFICIAL_CODE_PLUS_SOURCE_TRANSCRIBED_COMPARATOR
327552,790,0.395,1.557140700000004,0.000778570350000002,,,343872,766,0.383,1.9995151999999983,0.0009997575999999991,,,7,,,,,,,,,,paired,,,,,,,,-24,,seed_cell,,,61820006,,,0.63,2000,,OFFICIAL_CODE_PLUS_SOURCE_TRANSCRIBED_COMPARATOR
325728,735,0.3675,2.054688599999999,0.0010273442999999996,,,342480,730,0.365,1.5815668000000034,0.0007907834000000017,,,7,,,,,,,,,,paired,,,,,,,,-5,,seed_cell,,,61820007,,,0.63,2000,,OFFICIAL_CODE_PLUS_SOURCE_TRANSCRIBED_COMPARATOR
327552,823,0.4115,2.0364509000000024,0.0010182254500000012,,,342384,780,0.39,1.550234099999998,0.000775117049999999,,,7,,,,,,,,,,paired,,,,,,,,-43,,seed_cell,,,61820008,,,0.63,2000,,OFFICIAL_CODE_PLUS_SOURCE_TRANSCRIBED_COMPARATOR
326944,770,0.385,2.1534010000000006,0.0010767005000000003,,,343424,740,0.37,1.6031904999999957,0.0008015952499999979,,,7,,,,,,,,,,paired,,,,,,,,-30,,seed_cell,,,61820009,,,0.63,2000,,OFFICIAL_CODE_PLUS_SOURCE_TRANSCRIBED_COMPARATOR
325120,777,0.3885,1.8890232000000011,0.0009445116000000005,,,343168,736,0.368,1.7648702000000003,0.0008824351000000001,,,7,,,,,,,,,,paired,,,,,,,,-41,,seed_cell,,,61820010,,,0.63,2000,,OFFICIAL_CODE_PLUS_SOURCE_TRANSCRIBED_COMPARATOR
323296,834,0.417,1.7468716999999998,0.00087343585,,,339504,764,0.382,1.9879756000000022,0.0009939878000000011,,,7,,,,,,,,,,paired,,,,,,,,-70,,seed_cell,,,61820011,,,0.63,2000,,OFFICIAL_CODE_PLUS_SOURCE_TRANSCRIBED_COMPARATOR
326336,822,0.411,1.8523557999999998,0.0009261778999999999,,,340896,779,0.3895,1.970523199999999,0.0009852615999999994,,,7,,,,,,,,,,paired,,,,,,,,-43,,seed_cell,,,61820012,,,0.63,2000,,OFFICIAL_CODE_PLUS_SOURCE_TRANSCRIBED_COMPARATOR
325728,791,0.3955,1.7617159000000018,0.0008808579500000008,,,341936,758,0.379,1.7739028999999975,0.0008869514499999987,,,7,,,,,,,,,,paired,,,,,,,,-33,,seed_cell,,,61820013,,,0.63,2000,,OFFICIAL_CODE_PLUS_SOURCE_TRANSCRIBED_COMPARATOR
329984,770,0.385,1.8034073000000015,0.0009017036500000008,,,345456,765,0.3825,1.8499835000000007,0.0009249917500000004,,,7,,,,,,,,,,paired,,,,,,,,-5,,seed_cell,,,61820014,,,0.63,2000,,OFFICIAL_CODE_PLUS_SOURCE_TRANSCRIBED_COMPARATOR
326336,794,0.397,1.829751000000002,0.0009148755000000009,,,344112,771,0.3855,1.8408029999999995,0.0009204014999999998,,,7,,,,,,,,,,paired,,,,,,,,-23,,seed_cell,,,61820015,,,0.63,2000,,OFFICIAL_CODE_PLUS_SOURCE_TRANSCRIBED_COMPARATOR
326944,755,0.3775,1.6917009000000012,0.0008458504500000006,,,341936,706,0.353,1.9581072000000008,0.0009790536000000003,,,7,,,,,,,,,,paired,,,,,,,,-49,,seed_cell,,,61820016,,,0.63,2000,,OFFICIAL_CODE_PLUS_SOURCE_TRANSCRIBED_COMPARATOR
328768,799,0.3995,1.8420830999999989,0.0009210415499999995,,,344512,779,0.3895,1.7218447000000017,0.0008609223500000008,,,7,,,,,,,,,,paired,,,,,,,,-20,,seed_cell,,,61820017,,,0.63,2000,,OFFICIAL_CODE_PLUS_SOURCE_TRANSCRIBED_COMPARATOR
326336,791,0.3955,1.6540082000000038,0.0008270041000000019,,,341440,761,0.3805,1.7117153000000016,0.0008558576500000008,,,7,,,,,,,,,,paired,,,,,,,,-30,,seed_cell,,,61820018,,,0.63,2000,,OFFICIAL_CODE_PLUS_SOURCE_TRANSCRIBED_COMPARATOR
325120,808,0.404,1.8472888000000007,0.0009236444000000004,,,343072,797,0.3985,1.7465245000000011,0.0008732622500000006,,,7,,,,,,,,,,paired,,,,,,,,-11,,seed_cell,,,61820019,,,0.63,2000,,OFFICIAL_CODE_PLUS_SOURCE_TRANSCRIBED_COMPARATOR
325728,835,0.4175,1.6871954000000002,0.0008435977000000001,,,342032,814,0.407,1.864243500000001,0.0009321217500000005,,,7,,,,,,,,,,paired,,,,,,,,-21,,seed_cell,,,61820020,,,0.63,2000,,OFFICIAL_CODE_PLUS_SOURCE_TRANSCRIBED_COMPARATOR
328160,830,0.415,1.7744849000000034,0.0008872424500000017,,,344464,778,0.389,1.7738658000000005,0.0008869329000000002,,,7,,,,,,,,,,paired,,,,,,,,-52,,seed_cell,,,61820021,,,0.63,2000,,OFFICIAL_CODE_PLUS_SOURCE_TRANSCRIBED_COMPARATOR
326336,819,0.4095,1.7206753000000012,0.0008603376500000006,,,341984,802,0.401,1.793582800000001,0.0008967914000000004,,,7,,,,,,,,,,paired,,,,,,,,-17,,seed_cell,,,61820022,,,0.63,2000,,OFFICIAL_CODE_PLUS_SOURCE_TRANSCRIBED_COMPARATOR
326944,832,0.416,1.7418460000000024,0.0008709230000000012,,,343024,785,0.3925,1.7835343999999982,0.0008917671999999991,,,7,,,,,,,,,,paired,,,,,,,,-47,,seed_cell,,,61820023,,,0.63,2000,,OFFICIAL_CODE_PLUS_SOURCE_TRANSCRIBED_COMPARATOR
324512,807,0.4035,1.8663355999999995,0.0009331677999999998,,,341488,779,0.3895,1.7654611000000007,0.0008827305500000004,,,7,,,,,,,,,,paired,,,,,,,,-28,,seed_cell,,,61820024,,,0.63,2000,,OFFICIAL_CODE_PLUS_SOURCE_TRANSCRIBED_COMPARATOR
326336,785,0.3925,1.7601375999999977,0.0008800687999999989,,,343072,765,0.3825,1.9367161000000037,0.0009683580500000019,,,7,,,,,,,,,,paired,,,,,,,,-20,,seed_cell,,,61820025,,,0.63,2000,,OFFICIAL_CODE_PLUS_SOURCE_TRANSCRIBED_COMPARATOR
327552,832,0.416,1.8152658999999995,0.0009076329499999998,,,341888,796,0.398,1.9575207000000014,0.0009787603500000007,,,7,,,,,,,,,,paired,,,,,,,,-36,,seed_cell,,,61820026,,,0.63,2000,,OFFICIAL_CODE_PLUS_SOURCE_TRANSCRIBED_COMPARATOR
326336,762,0.381,1.6944124999999979,0.000847206249999999,,,341440,739,0.3695,1.9173637000000008,0.0009586818500000004,,,7,,,,,,,,,,paired,,,,,,,,-23,,seed_cell,,,61820027,,,0.63,2000,,OFFICIAL_CODE_PLUS_SOURCE_TRANSCRIBED_COMPARATOR
327552,801,0.4005,1.7892201999999995,0.0008946100999999997,,,342976,784,0.392,1.7387481999999992,0.0008693740999999996,,,7,,,,,,,,,,paired,,,,,,,,-17,,seed_cell,,,61820028,,,0.63,2000,,OFFICIAL_CODE_PLUS_SOURCE_TRANSCRIBED_COMPARATOR
325120,777,0.3885,1.6812708000000007,0.0008406354000000004,,,339360,726,0.363,1.8219894000000028,0.0009109947000000014,,,7,,,,,,,,,,paired,,,,,,,,-51,,seed_cell,,,61820029,,,0.63,2000,,OFFICIAL_CODE_PLUS_SOURCE_TRANSCRIBED_COMPARATOR
326944,821,0.4105,1.7219881000000021,0.0008609940500000011,,,341936,777,0.3885,1.7963560000000014,0.0008981780000000007,,,7,,,,,,,,,,paired,,,,,,,,-44,,seed_cell,,,61820030,,,0.63,2000,,OFFICIAL_CODE_PLUS_SOURCE_TRANSCRIBED_COMPARATOR
325728,813,0.4065,1.8094872999999985,0.0009047436499999992,,,341488,762,0.381,1.8082230000000015,0.0009041115000000007,,,7,,,,,,,,,,paired,,,,,,,,-51,,seed_cell,,,61820031,,,0.63,2000,,OFFICIAL_CODE_PLUS_SOURCE_TRANSCRIBED_COMPARATOR
327552,796,0.398,1.941461099999999,0.0009707305499999995,,,342928,755,0.3775,1.831560400000002,0.0009157802000000011,,,7,,,,,,,,,,paired,,,,,,,,-41,,seed_cell,,,61820032,,,0.63,2000,,OFFICIAL_CODE_PLUS_SOURCE_TRANSCRIBED_COMPARATOR
326944,874,0.437,1.6586084000000016,0.0008293042000000008,,,344064,833,0.4165,1.8425666000000007,0.0009212833000000004,,,7,,,,,,,,,,paired,,,,,,,,-41,,seed_cell,,,61820001,,,0.64,2000,,OFFICIAL_CODE_PLUS_SOURCE_TRANSCRIBED_COMPARATOR
328768,875,0.4375,1.7680188999999986,0.0008840094499999993,,,343424,851,0.4255,1.919320400000002,0.0009596602000000009,,,7,,,,,,,,,,paired,,,,,,,,-24,,seed_cell,,,61820002,,,0.64,2000,,OFFICIAL_CODE_PLUS_SOURCE_TRANSCRIBED_COMPARATOR
325120,879,0.4395,1.8129799999999998,0.0009064899999999999,,,341440,876,0.438,1.717333499999997,0.0008586667499999985,,,7,,,,,,,,,,paired,,,,,,,,-3,,seed_cell,,,61820003,,,0.64,2000,,OFFICIAL_CODE_PLUS_SOURCE_TRANSCRIBED_COMPARATOR
322080,856,0.428,1.6445615999999972,0.0008222807999999986,,,339056,837,0.4185,1.8806466999999987,0.0009403233499999993,,,7,,,,,,,,,,paired,,,,,,,,-19,,seed_cell,,,61820004,,,0.64,2000,,OFFICIAL_CODE_PLUS_SOURCE_TRANSCRIBED_COMPARATOR
327552,867,0.4335,1.8380602000000017,0.0009190301000000008,,,343424,824,0.412,1.7381158999999995,0.0008690579499999998,,,7,,,,,,,,,,paired,,,,,,,,-43,,seed_cell,,,61820005,,,0.64,2000,,OFFICIAL_CODE_PLUS_SOURCE_TRANSCRIBED_COMPARATOR
325120,844,0.422,1.6849006999999971,0.0008424503499999986,,,340992,849,0.4245,1.8908873000000008,0.0009454436500000005,,,7,,,,,,,,,,paired,,,,,,,,5,,seed_cell,,,61820006,,,0.64,2000,,OFFICIAL_CODE_PLUS_SOURCE_TRANSCRIBED_COMPARATOR
330592,885,0.4425,1.6150771999999993,0.0008075385999999997,,,345456,841,0.4205,1.911273100000001,0.0009556365500000005,,,7,,,,,,,,,,paired,,,,,,,,-44,,seed_cell,,,61820007,,,0.64,2000,,OFFICIAL_CODE_PLUS_SOURCE_TRANSCRIBED_COMPARATOR
326944,879,0.4395,1.8920927999999986,0.0009460463999999992,,,342928,848,0.424,1.8034177000000022,0.0009017088500000011,,,7,,,,,,,,,,paired,,,,,,,,-31,,seed_cell,,,61820008,,,0.64,2000,,OFFICIAL_CODE_PLUS_SOURCE_TRANSCRIBED_COMPARATOR
327552,857,0.4285,1.8164761000000025,0.0009082380500000012,,,344064,801,0.4005,1.8624402999999952,0.0009312201499999976,,,7,,,,,,,,,,paired,,,,,,,,-56,,seed_cell,,,61820009,,,0.64,2000,,OFFICIAL_CODE_PLUS_SOURCE_TRANSCRIBED_COMPARATOR
327552,842,0.421,1.8724615000000007,0.0009362307500000003,,,342976,853,0.4265,1.7219890000000035,0.0008609945000000018,,,7,,,,,,,,,,paired,,,,,,,,11,,seed_cell,,,61820010,,,0.64,2000,,OFFICIAL_CODE_PLUS_SOURCE_TRANSCRIBED_COMPARATOR
328768,868,0.434,1.6791558999999987,0.0008395779499999993,,,342336,838,0.419,1.800990700000001,0.0009004953500000005,,,7,,,,,,,,,,paired,,,,,,,,-30,,seed_cell,,,61820011,,,0.64,2000,,OFFICIAL_CODE_PLUS_SOURCE_TRANSCRIBED_COMPARATOR
328160,888,0.444,1.7535778000000042,0.0008767889000000021,,,343472,840,0.42,1.7931068999999977,0.0008965534499999989,,,7,,,,,,,,,,paired,,,,,,,,-48,,seed_cell,,,61820012,,,0.64,2000,,OFFICIAL_CODE_PLUS_SOURCE_TRANSCRIBED_COMPARATOR
328768,829,0.4145,2.1196382999999996,0.0010598191499999999,,,344464,812,0.406,2.0676153000000013,0.0010338076500000007,,,7,,,,,,,,,,paired,,,,,,,,-17,,seed_cell,,,61820013,,,0.64,2000,,OFFICIAL_CODE_PLUS_SOURCE_TRANSCRIBED_COMPARATOR
325728,850,0.425,1.7834336999999973,0.0008917168499999986,,,341392,821,0.4105,1.9439859999999987,0.0009719929999999993,,,7,,,,,,,,,,paired,,,,,,,,-29,,seed_cell,,,61820014,,,0.64,2000,,OFFICIAL_CODE_PLUS_SOURCE_TRANSCRIBED_COMPARATOR
328160,897,0.4485,1.767712199999999,0.0008838560999999995,,,342928,855,0.4275,1.8072312999999975,0.0009036156499999988,,,7,,,,,,,,,,paired,,,,,,,,-42,,seed_cell,,,61820015,,,0.64,2000,,OFFICIAL_CODE_PLUS_SOURCE_TRANSCRIBED_COMPARATOR
325120,872,0.436,1.6819237999999987,0.0008409618999999994,,,341936,854,0.427,1.8819262999999993,0.0009409631499999997,,,7,,,,,,,,,,paired,,,,,,,,-18,,seed_cell,,,61820016,,,0.64,2000,,OFFICIAL_CODE_PLUS_SOURCE_TRANSCRIBED_COMPARATOR
327552,868,0.434,1.8767810000000011,0.0009383905000000006,,,343520,838,0.419,1.7043423000000009,0.0008521711500000005,,,7,,,,,,,,,,paired,,,,,,,,-30,,seed_cell,,,61820017,,,0.64,2000,,OFFICIAL_CODE_PLUS_SOURCE_TRANSCRIBED_COMPARATOR
325120,822,0.411,1.3808228000000011,0.0006904114000000006,,,344160,792,0.396,2.0441606000000014,0.0010220803000000006,,,7,,,,,,,,,,paired,,,,,,,,-30,,seed_cell,,,61820018,,,0.64,2000,,OFFICIAL_CODE_PLUS_SOURCE_TRANSCRIBED_COMPARATOR
327552,916,0.458,2.0281413999999987,0.0010140706999999993,,,344512,859,0.4295,1.5599150000000004,0.0007799575000000002,,,7,,,,,,,,,,paired,,,,,,,,-57,,seed_cell,,,61820019,,,0.64,2000,,OFFICIAL_CODE_PLUS_SOURCE_TRANSCRIBED_COMPARATOR
323904,847,0.4235,1.949539000000002,0.0009747695000000009,,,339456,838,0.419,1.6696438000000005,0.0008348219000000002,,,7,,,,,,,,,,paired,,,,,,,,-9,,seed_cell,,,61820020,,,0.64,2000,,OFFICIAL_CODE_PLUS_SOURCE_TRANSCRIBED_COMPARATOR
326944,912,0.456,1.5183185000000021,0.0007591592500000011,,,343472,864,0.432,2.024118900000002,0.001012059450000001,,,7,,,,,,,,,,paired,,,,,,,,-48,,seed_cell,,,61820021,,,0.64,2000,,OFFICIAL_CODE_PLUS_SOURCE_TRANSCRIBED_COMPARATOR
323904,907,0.4535,1.8543382,0.0009271691,,,339456,870,0.435,1.6743374000000002,0.0008371687000000001,,,7,,,,,,,,,,paired,,,,,,,,-37,,seed_cell,,,61820022,,,0.64,2000,,OFFICIAL_CODE_PLUS_SOURCE_TRANSCRIBED_COMPARATOR
328768,860,0.43,1.6125383000000026,0.0008062691500000013,,,343968,827,0.4135,1.5829393999999963,0.0007914696999999981,,,7,,,,,,,,,,paired,,,,,,,,-33,,seed_cell,,,61820023,,,0.64,2000,,OFFICIAL_CODE_PLUS_SOURCE_TRANSCRIBED_COMPARATOR
326336,887,0.4435,1.749966599999998,0.000874983299999999,,,342432,893,0.4465,1.7359828000000004,0.0008679914000000002,,,7,,,,,,,,,,paired,,,,,,,,6,,seed_cell,,,61820024,,,0.64,2000,,OFFICIAL_CODE_PLUS_SOURCE_TRANSCRIBED_COMPARATOR
328160,851,0.4255,1.6246192999999989,0.0008123096499999995,,,344016,869,0.4345,1.9244223999999939,0.000962211199999997,,,7,,,,,,,,,,paired,,,,,,,,18,,seed_cell,,,61820025,,,0.64,2000,,OFFICIAL_CODE_PLUS_SOURCE_TRANSCRIBED_COMPARATOR
328160,867,0.4335,1.7633789999999996,0.0008816894999999998,,,342928,835,0.4175,1.9344866000000025,0.0009672433000000012,,,7,,,,,,,,,,paired,,,,,,,,-32,,seed_cell,,,61820026,,,0.64,2000,,OFFICIAL_CODE_PLUS_SOURCE_TRANSCRIBED_COMPARATOR
324512,846,0.423,1.8379859,0.00091899295,,,340496,827,0.4135,2.0050248000000015,0.0010025124000000007,,,7,,,,,,,,,,paired,,,,,,,,-19,,seed_cell,,,61820027,,,0.64,2000,,OFFICIAL_CODE_PLUS_SOURCE_TRANSCRIBED_COMPARATOR
328768,862,0.431,1.7754209999999988,0.0008877104999999994,,,345504,843,0.4215,1.8749599000000021,0.000937479950000001,,,7,,,,,,,,,,paired,,,,,,,,-19,,seed_cell,,,61820028,,,0.64,2000,,OFFICIAL_CODE_PLUS_SOURCE_TRANSCRIBED_COMPARATOR
326944,884,0.442,1.8944739000000002,0.0009472369500000001,,,342480,848,0.424,1.7819553999999977,0.0008909776999999989,,,7,,,,,,,,,,paired,,,,,,,,-36,,seed_cell,,,61820029,,,0.64,2000,,OFFICIAL_CODE_PLUS_SOURCE_TRANSCRIBED_COMPARATOR
328160,833,0.4165,1.7913668000000034,0.0008956834000000016,,,344016,822,0.411,1.825890199999998,0.0009129450999999989,,,7,,,,,,,,,,paired,,,,,,,,-11,,seed_cell,,,61820030,,,0.64,2000,,OFFICIAL_CODE_PLUS_SOURCE_TRANSCRIBED_COMPARATOR
326336,862,0.431,1.6439835999999994,0.0008219917999999997,,,341984,841,0.4205,1.9443682999999974,0.0009721841499999987,,,7,,,,,,,,,,paired,,,,,,,,-21,,seed_cell,,,61820031,,,0.64,2000,,OFFICIAL_CODE_PLUS_SOURCE_TRANSCRIBED_COMPARATOR
326336,842,0.421,1.6718825000000017,0.0008359412500000008,,,342928,830,0.415,1.8295384999999962,0.0009147692499999981,,,7,,,,,,,,,,paired,,,,,,,,-12,,seed_cell,,,61820032,,,0.64,2000,,OFFICIAL_CODE_PLUS_SOURCE_TRANSCRIBED_COMPARATOR
,,,,,,,,,,,,,,3,,12130,,0.81046875,0.18953125,,,,,cpd,,,,,,,,,,aggregate_curve,,,,32,0.0013488976794393177,0.56,64000,,INDEPENDENT_PREREGISTERED_MONTE_CARLO
,,,,,,,,,,,,,,3,,13161,,0.794359375,0.205640625,,,,,cpd,,,,,,,,,,aggregate_curve,,,,32,0.0017019963336203912,0.57,64000,,INDEPENDENT_PREREGISTERED_MONTE_CARLO
,,,,,,,,,,,,,,3,,14688,,0.7705,0.2295,,,,,cpd,,,,,,,,,,aggregate_curve,,,,32,0.001553319805885072,0.58,64000,,INDEPENDENT_PREREGISTERED_MONTE_CARLO
,,,,,,,,,,,,,,3,,16025,,0.749609375,0.250390625,,,,,cpd,,,,,,,,,,aggregate_curve,,,,32,0.0015636261062998474,0.59,64000,,INDEPENDENT_PREREGISTERED_MONTE_CARLO
,,,,,,,,,,,,,,3,,17560,,0.725625,0.274375,,,,,cpd,,,,,,,,,,aggregate_curve,,,,32,0.0016345871038277507,0.6,64000,,INDEPENDENT_PREREGISTERED_MONTE_CARLO
,,,,,,,,,,,,,,3,,18907,,0.704578125,0.295421875,,,,,cpd,,,,,,,,,,aggregate_curve,,,,32,0.0017413538391275788,0.61,64000,,INDEPENDENT_PREREGISTERED_MONTE_CARLO
,,,,,,,,,,,,,,3,,20334,,0.68228125,0.31771875,,,,,cpd,,,,,,,,,,aggregate_curve,,,,32,0.00160784015051148,0.62,64000,,INDEPENDENT_PREREGISTERED_MONTE_CARLO
,,,,,,,,,,,,,,3,,21526,,0.6636562500000001,0.33634375,,,,,cpd,,,,,,,,,,aggregate_curve,,,,32,0.0018146799321225719,0.63,64000,,INDEPENDENT_PREREGISTERED_MONTE_CARLO
,,,,,,,,,,,,,,3,,22897,,0.642234375,0.357765625,,,,,cpd,,,,,,,,,,aggregate_curve,,,,32,0.0017266565758562347,0.64,64000,,INDEPENDENT_PREREGISTERED_MONTE_CARLO
,,,,,,,,,,,,,,5,,10378,,0.83784375,0.16215625,,,,,cpd,,,,,,,,,,aggregate_curve,,,,32,0.0014635072868383787,0.56,64000,,INDEPENDENT_PREREGISTERED_MONTE_CARLO
,,,,,,,,,,,,,,5,,12118,,0.81065625,0.18934375,,,,,cpd,,,,,,,,,,aggregate_curve,,,,32,0.0015829607919817894,0.57,64000,,INDEPENDENT_PREREGISTERED_MONTE_CARLO
,,,,,,,,,,,,,,5,,13829,,0.783921875,0.216078125,,,,,cpd,,,,,,,,,,aggregate_curve,,,,32,0.0015193823977076052,0.58,64000,,INDEPENDENT_PREREGISTERED_MONTE_CARLO
,,,,,,,,,,,,,,5,,15634,,0.75571875,0.24428125,,,,,cpd,,,,,,,,,,aggregate_curve,,,,32,0.001674183946010905,0.59,64000,,INDEPENDENT_PREREGISTERED_MONTE_CARLO
,,,,,,,,,,,,,,5,,17473,,0.726984375,0.273015625,,,,,cpd,,,,,,,,,,aggregate_curve,,,,32,0.0017941555508441836,0.6,64000,,INDEPENDENT_PREREGISTERED_MONTE_CARLO
,,,,,,,,,,,,,,5,,19526,,0.6949062500000001,0.30509375,,,,,cpd,,,,,,,,,,aggregate_curve,,,,32,0.0012167839808480342,0.61,64000,,INDEPENDENT_PREREGISTERED_MONTE_CARLO
,,,,,,,,,,,,,,5,,21124,,0.6699375000000001,0.3300625,,,,,cpd,,,,,,,,,,aggregate_curve,,,,32,0.0017960179407646199,0.62,64000,,INDEPENDENT_PREREGISTERED_MONTE_CARLO
,,,,,,,,,,,,,,5,,23339,,0.635328125,0.364671875,,,,,cpd,,,,,,,,,,aggregate_curve,,,,32,0.0017766702408317815,0.63,64000,,INDEPENDENT_PREREGISTERED_MONTE_CARLO
,,,,,,,,,,,,,,5,,24833,,0.611984375,0.388015625,,,,,cpd,,,,,,,,,,aggregate_curve,,,,32,0.002013122821753236,0.64,64000,,INDEPENDENT_PREREGISTERED_MONTE_CARLO
,,,,,,,,,,,,,,7,,9043,,0.858703125,0.141296875,,,,,cpd,,,,,,,,,,aggregate_curve,,,,32,0.0016410281762670675,0.56,64000,,INDEPENDENT_PREREGISTERED_MONTE_CARLO
,,,,,,,,,,,,,,7,,10776,,0.8316250000000001,0.168375,,,,,cpd,,,,,,,,,,aggregate_curve,,,,32,0.0016441183047457375,0.57,64000,,INDEPENDENT_PREREGISTERED_MONTE_CARLO
,,,,,,,,,,,,,,7,,13045,,0.796171875,0.203828125,,,,,cpd,,,,,,,,,,aggregate_curve,,,,32,0.001506640103913928,0.58,64000,,INDEPENDENT_PREREGISTERED_MONTE_CARLO
,,,,,,,,,,,,,,7,,15201,,0.762484375,0.237515625,,,,,cpd,,,,,,,,,,aggregate_curve,,,,32,0.0015235854715151677,0.59,64000,,INDEPENDENT_PREREGISTERED_MONTE_CARLO
,,,,,,,,,,,,,,7,,17628,,0.7245625,0.2754375,,,,,cpd,,,,,,,,,,aggregate_curve,,,,32,0.001898475353897129,0.6,64000,,INDEPENDENT_PREREGISTERED_MONTE_CARLO
,,,,,,,,,,,,,,7,,19753,,0.691359375,0.308640625,,,,,cpd,,,,,,,,,,aggregate_curve,,,,32,0.0015035633707894864,0.61,64000,,INDEPENDENT_PREREGISTERED_MONTE_CARLO
,,,,,,,,,,,,,,7,,22048,,0.6555,0.3445,,,,,cpd,,,,,,,,,,aggregate_curve,,,,32,0.001816701193318935,0.62,64000,,INDEPENDENT_PREREGISTERED_MONTE_CARLO
,,,,,,,,,,,,,,7,,24523,,0.6168281250000001,0.383171875,,,,,cpd,,,,,,,,,,aggregate_curve,,,,32,0.0021526438843999162,0.63,64000,,INDEPENDENT_PREREGISTERED_MONTE_CARLO
,,,,,,,,,,,,,,7,,26929,,0.579234375,0.420765625,,,,,cpd,,,,,,,,,,aggregate_curve,,,,32,0.0018596121765240762,0.64,64000,,INDEPENDENT_PREREGISTERED_MONTE_CARLO
,,,,,,,,,,,,,,3,,12634,,0.80259375,0.19740625,,,,,analog_mwpm,,,,,,,,,,aggregate_curve,,,,32,0.0012768166809270418,0.56,64000,,INDEPENDENT_PREREGISTERED_MONTE_CARLO
,,,,,,,,,,,,,,3,,13772,,0.7848125,0.2151875,,,,,analog_mwpm,,,,,,,,,,aggregate_curve,,,,32,0.0019697498101322744,0.57,64000,,INDEPENDENT_PREREGISTERED_MONTE_CARLO
,,,,,,,,,,,,,,3,,15269,,0.761421875,0.238578125,,,,,analog_mwpm,,,,,,,,,,aggregate_curve,,,,32,0.001467921330233344,0.58,64000,,INDEPENDENT_PREREGISTERED_MONTE_CARLO
,,,,,,,,,,,,,,3,,16840,,0.736875,0.263125,,,,,analog_mwpm,,,,,,,,,,aggregate_curve,,,,32,0.0014750956775967169,0.59,64000,,INDEPENDENT_PREREGISTERED_MONTE_CARLO
,,,,,,,,,,,,,,3,,18379,,0.7128281249999999,0.287171875,,,,,analog_mwpm,,,,,,,,,,aggregate_curve,,,,32,0.0017157667474788129,0.6,64000,,INDEPENDENT_PREREGISTERED_MONTE_CARLO
,,,,,,,,,,,,,,3,,19764,,0.6911875000000001,0.3088125,,,,,analog_mwpm,,,,,,,,,,aggregate_curve,,,,32,0.001726330424302072,0.61,64000,,INDEPENDENT_PREREGISTERED_MONTE_CARLO
,,,,,,,,,,,,,,3,,21077,,0.670671875,0.329328125,,,,,analog_mwpm,,,,,,,,,,aggregate_curve,,,,32,0.0016236982029720554,0.62,64000,,INDEPENDENT_PREREGISTERED_MONTE_CARLO
,,,,,,,,,,,,,,3,,22455,,0.649140625,0.350859375,,,,,analog_mwpm,,,,,,,,,,aggregate_curve,,,,32,0.0020631700249653007,0.63,64000,,INDEPENDENT_PREREGISTERED_MONTE_CARLO
,,,,,,,,,,,,,,3,,23910,,0.62640625,0.37359375,,,,,analog_mwpm,,,,,,,,,,aggregate_curve,,,,32,0.0018419722156279032,0.64,64000,,INDEPENDENT_PREREGISTERED_MONTE_CARLO
,,,,,,,,,,,,,,5,,10762,,0.83184375,0.16815625,,,,,analog_mwpm,,,,,,,,,,aggregate_curve,,,,32,0.0016503050640519412,0.56,64000,,INDEPENDENT_PREREGISTERED_MONTE_CARLO
,,,,,,,,,,,,,,5,,12511,,0.8045156250000001,0.195484375,,,,,analog_mwpm,,,,,,,,,,aggregate_curve,,,,32,0.0014302471967638343,0.57,64000,,INDEPENDENT_PREREGISTERED_MONTE_CARLO
,,,,,,,,,,,,,,5,,14435,,0.774453125,0.225546875,,,,,analog_mwpm,,,,,,,,,,aggregate_curve,,,,32,0.001556619478584561,0.58,64000,,INDEPENDENT_PREREGISTERED_MONTE_CARLO
,,,,,,,,,,,,,,5,,16316,,0.7450625,0.2549375,,,,,analog_mwpm,,,,,,,,,,aggregate_curve,,,,32,0.0017235545018849119,0.59,64000,,INDEPENDENT_PREREGISTERED_MONTE_CARLO
,,,,,,,,,,,,,,5,,18202,,0.71559375,0.28440625,,,,,analog_mwpm,,,,,,,,,,aggregate_curve,,,,32,0.0017907746200790725,0.6,64000,,INDEPENDENT_PREREGISTERED_MONTE_CARLO
,,,,,,,,,,,,,,5,,20314,,0.68259375,0.31740625,,,,,analog_mwpm,,,,,,,,,,aggregate_curve,,,,32,0.001202198402088388,0.61,64000,,INDEPENDENT_PREREGISTERED_MONTE_CARLO
,,,,,,,,,,,,,,5,,22069,,0.655171875,0.344828125,,,,,analog_mwpm,,,,,,,,,,aggregate_curve,,,,32,0.0018261940105071222,0.62,64000,,INDEPENDENT_PREREGISTERED_MONTE_CARLO
,,,,,,,,,,,,,,5,,24080,,0.62375,0.37625,,,,,analog_mwpm,,,,,,,,,,aggregate_curve,,,,32,0.0016867904721020325,0.63,64000,,INDEPENDENT_PREREGISTERED_MONTE_CARLO
,,,,,,,,,,,,,,5,,25894,,0.59540625,0.40459375,,,,,analog_mwpm,,,,,,,,,,aggregate_curve,,,,32,0.002049468545883178,0.64,64000,,INDEPENDENT_PREREGISTERED_MONTE_CARLO
,,,,,,,,,,,,,,7,,9510,,0.85140625,0.14859375,,,,,analog_mwpm,,,,,,,,,,aggregate_curve,,,,32,0.0015324838675938753,0.56,64000,,INDEPENDENT_PREREGISTERED_MONTE_CARLO
,,,,,,,,,,,,,,7,,11479,,0.820640625,0.179359375,,,,,analog_mwpm,,,,,,,,,,aggregate_curve,,,,32,0.0016588038549915042,0.57,64000,,INDEPENDENT_PREREGISTERED_MONTE_CARLO
,,,,,,,,,,,,,,7,,13711,,0.785765625,0.214234375,,,,,analog_mwpm,,,,,,,,,,aggregate_curve,,,,32,0.0011807393236029791,0.58,64000,,INDEPENDENT_PREREGISTERED_MONTE_CARLO
,,,,,,,,,,,,,,7,,15827,,0.752703125,0.247296875,,,,,analog_mwpm,,,,,,,,,,aggregate_curve,,,,32,0.00204607454799369,0.59,64000,,INDEPENDENT_PREREGISTERED_MONTE_CARLO
,,,,,,,,,,,,,,7,,18320,,0.71375,0.28625,,,,,analog_mwpm,,,,,,,,,,aggregate_curve,,,,32,0.001968629988661673,0.6,64000,,INDEPENDENT_PREREGISTERED_MONTE_CARLO
,,,,,,,,,,,,,,7,,20597,,0.678171875,0.321828125,,,,,analog_mwpm,,,,,,,,,,aggregate_curve,,,,32,0.0016819441658138725,0.61,64000,,INDEPENDENT_PREREGISTERED_MONTE_CARLO
,,,,,,,,,,,,,,7,,23075,,0.639453125,0.360546875,,,,,analog_mwpm,,,,,,,,,,aggregate_curve,,,,32,0.0017705247102189708,0.62,64000,,INDEPENDENT_PREREGISTERED_MONTE_CARLO
,,,,,,,,,,,,,,7,,25579,,0.600328125,0.399671875,,,,,analog_mwpm,,,,,,,,,,aggregate_curve,,,,32,0.002315534122765092,0.63,64000,,INDEPENDENT_PREREGISTERED_MONTE_CARLO
,,,,,,,,,,,,,,7,,27728,,0.56675,0.43325,,,,,analog_mwpm,,,,,,,,,,aggregate_curve,,,,32,0.0020643625509913443,0.64,64000,,INDEPENDENT_PREREGISTERED_MONTE_CARLO
,,,,,,,,,,,,0.6012322946175637,,,,,,,,,,,,cpd,,,,,,,d3_d5,,,independent_crossing,,,,,,,,,INDEPENDENT_PREREGISTERED_MONTE_CARLO
,,,,,,,,,,,,0.5973639455782312,,,,,,,,,,,,cpd,,,,,,,d5_d7,,,independent_crossing,,,,,,,,,INDEPENDENT_PREREGISTERED_MONTE_CARLO
,,,,,,,,,,,,0.5992981200978975,,,,,,,,,,,,cpd,,,,,,,mean_adjacent_crossing,,,independent_crossing,,,,,,,,,INDEPENDENT_PREREGISTERED_MONTE_CARLO
,,,,,,,,,,,,0.6024346629986245,,,,,,,,,,,,analog_mwpm,,,,,,,d3_d5,,,independent_crossing,,,,,,,,,INDEPENDENT_PREREGISTERED_MONTE_CARLO
,,,,,,,,,,,,0.5980560131795717,,,,,,,,,,,,analog_mwpm,,,,,,,d5_d7,,,independent_crossing,,,,,,,,,INDEPENDENT_PREREGISTERED_MONTE_CARLO
,,,,,,,,,,,,0.6002453380890981,,,,,,,,,,,,analog_mwpm,,,,,,,mean_adjacent_crossing,,,independent_crossing,,,,,,,,,INDEPENDENT_PREREGISTERED_MONTE_CARLO
,,,,,,,,,,,,,,3,,,,,,,,57936.0,0.0001946837749999998,cpd,,,,,,0.00023743857999999977,,,,runtime,,288,,,,,,,INDEPENDENT_MEASURED_HOST_RUNTIME
,,,,,,,,,,,,,,5,,,,,,,,159616.0,0.0004652292749999996,cpd,,,,,,0.0005272435149999998,,,,runtime,,288,,,,,,,INDEPENDENT_MEASURED_HOST_RUNTIME
,,,,,,,,,,,,,,7,,,,,,,,342032.0,0.0009045090500000015,cpd,,,,,,0.000997626712500001,,,,runtime,,288,,,,,,,INDEPENDENT_MEASURED_HOST_RUNTIME
,,,,,,,,,,,,,,3,,,,,,,,56288.0,0.00018417155000000036,analog_mwpm,,,,,,0.00022852335250000017,,,,runtime,,288,,,,,,,INDEPENDENT_MEASURED_HOST_RUNTIME
,,,,,,,,,,,,,,5,,,,,,,,154272.0,0.00045163062499999974,analog_mwpm,,,,,,0.000512463977499999,,,,runtime,,288,,,,,,,INDEPENDENT_MEASURED_HOST_RUNTIME
,,,,,,,,,,,,,,7,,,,,,,,326336.0,0.0008814849500000002,analog_mwpm,,,,,,0.0009960050025000008,,,,runtime,,288,,,,,,,INDEPENDENT_MEASURED_HOST_RUNTIME
,,,,,,,,,,,,,,,,,LITERATURE_ONLY_FIG5D,,,,False,,,cpd,,,,,,,,,power-law exponent in code distance,literature_runtime,,,,,,,,3.02,LITERATURE_ONLY
