seed,state_id,initial_state,pauli_axis,expected_eigenvalue,batch_index,half_cycle,full_cycle,signed_pauli,measurement_probability,reward,rho_trace_real,rho_trace_imag
68401,plus_z,zero logical,Z,1.0,0,1,0.5,0.3903922438621521,0.7482649087905884,0.5202900171279907,1.0000000316649675,-4.718447854656915e-16
68401,plus_z,zero logical,Z,1.0,1,1,0.5,0.3903922438621521,0.7482649087905884,0.5202900171279907,1.0000000316649675,-4.718447854656915e-16
68401,plus_z,zero logical,Z,1.0,0,2,1.0,0.6000292301177979,0.4544662833213806,0.5203518867492676,0.999999986961484,-3.941291737419306e-15
68401,plus_z,zero logical,Z,1.0,1,2,1.0,0.6000292301177979,0.5455337166786194,0.5203518867492676,0.9999999962747097,5.551115123125783e-16
68401,plus_z,zero logical,Z,1.0,0,3,1.5,0.34998413920402527,0.5480186939239502,0.26482200622558594,0.9999999701976776,2.6645352591003757e-15
68401,plus_z,zero logical,Z,1.0,1,3,1.5,0.441832959651947,0.4623202085494995,0.26482200622558594,1.0,-4.3298697960381105e-15
68401,plus_z,zero logical,Z,1.0,0,4,2.0,0.35080385208129883,0.5722110867500305,0.2721492648124695,1.0000000894069672,-2.220446049250313e-15
68401,plus_z,zero logical,Z,1.0,1,4,2.0,0.2512330412864685,0.5031964778900146,0.2721492648124695,0.9999999525025487,2.6645352591003757e-15
68401,plus_z,zero logical,Z,1.0,0,5,2.5,0.5816045999526978,0.5132306218147278,0.5251705646514893,1.0000000479631126,-4.440892098500626e-16
68401,plus_z,zero logical,Z,1.0,1,5,2.5,0.5207500457763672,0.38991695642471313,0.5251705646514893,0.9999999385327101,-4.440892098500626e-15
68401,plus_z,zero logical,Z,1.0,0,6,3.0,0.05305749177932739,0.4783821702003479,0.25453630089759827,0.9999999683350325,-3.9968028886505635e-15
68401,plus_z,zero logical,Z,1.0,1,6,3.0,0.3880586624145508,0.3772408366203308,0.25453630089759827,1.0000000149011612,1.4654943925052066e-14
68401,plus_z,zero logical,Z,1.0,0,7,3.5,0.3409094214439392,0.5102390050888062,0.2429458498954773,0.999999969266355,-4.385380947269368e-15
68401,plus_z,zero logical,Z,1.0,1,7,3.5,0.34299135208129883,0.5954875946044922,0.2429458498954773,0.9999999664723873,1.5182299861749016e-14
68401,plus_z,zero logical,Z,1.0,0,8,4.0,0.4210253953933716,0.5658248662948608,0.4701553285121918,0.9999999720603228,-4.440892098500626e-16
68401,plus_z,zero logical,Z,1.0,1,8,4.0,0.12689194083213806,0.2949495315551758,0.4701553285121918,0.9999999888241291,1.2434497875801753e-14
68401,plus_z,zero logical,Z,1.0,0,9,4.5,0.07960177212953568,0.5303637385368347,0.22995275259017944,0.9999999906867743,-5.329070518200751e-15
68401,plus_z,zero logical,Z,1.0,1,9,4.5,0.30226144194602966,0.5009490847587585,0.22995275259017944,1.0000000018626451,3.552713678800501e-15
68401,plus_z,zero logical,Z,1.0,0,10,5.0,0.39945054054260254,0.497424840927124,0.40970873832702637,1.000000037252903,-8.881784197001252e-16
68401,plus_z,zero logical,Z,1.0,1,10,5.0,0.4800475537776947,0.5370621681213379,0.40970873832702637,1.000000037252903,-8.881784197001252e-16
68401,plus_z,zero logical,Z,1.0,0,11,5.5,0.09458233416080475,0.675573468208313,0.3636658191680908,1.0000000204890966,1.021405182655144e-14
68401,plus_z,zero logical,Z,1.0,1,11,5.5,0.035061538219451904,0.5220383405685425,0.3636658191680908,0.9999999813735485,-1.2878587085651816e-14
68401,plus_z,zero logical,Z,1.0,0,12,6.0,0.3255792260169983,0.5418601036071777,0.4383922517299652,1.0000000167638063,1.3322676295501878e-15
68401,plus_z,zero logical,Z,1.0,1,12,6.0,0.3656037747859955,0.6580133438110352,0.4383922517299652,1.0000000447034836,-2.7755575615628914e-15
68401,plus_z,zero logical,Z,1.0,0,13,6.5,-0.05215713381767273,0.447847843170166,0.32057565450668335,1.0000000931322575,-4.884981308350689e-15
68401,plus_z,zero logical,Z,1.0,1,13,6.5,-0.17535915970802307,0.3561980724334717,0.32057565450668335,0.9999999441206455,-6.716849298982197e-15
68401,plus_z,zero logical,Z,1.0,0,14,7.0,0.2424604892730713,0.5665610432624817,0.07190821319818497,1.0000000298023224,1.7763568394002505e-15
68401,plus_z,zero logical,Z,1.0,1,14,7.0,0.28497615456581116,0.4762006998062134,0.07190821319818497,0.9999999161809683,1.3322676295501878e-15
68401,plus_z,zero logical,Z,1.0,0,15,7.5,0.18594902753829956,0.31706833839416504,0.21728065609931946,1.0000000540167093,-1.7763568394002505e-15
68401,plus_z,zero logical,Z,1.0,1,15,7.5,-0.023134976625442505,0.5410915613174438,0.21728065609931946,1.000000024214387,-5.773159728050814e-15
68401,plus_z,zero logical,Z,1.0,0,16,8.0,-0.004360824823379517,0.4970606565475464,0.3719526529312134,1.0000000279396772,-2.6645352591003757e-15
68401,plus_z,zero logical,Z,1.0,1,16,8.0,0.5547652244567871,0.5459030866622925,0.3719526529312134,1.0000000298023224,-6.439293542825908e-15
68401,plus_z,zero logical,Z,1.0,0,17,8.5,0.0938398689031601,0.6371437311172485,0.2221270054578781,1.0000000558793545,-1.1657341758564144e-14
68401,plus_z,zero logical,Z,1.0,1,17,8.5,-0.005030646920204163,0.4420740604400635,0.2221270054578781,0.999999962747097,-4.440892098500626e-15
68401,plus_z,zero logical,Z,1.0,0,18,9.0,-0.5057743787765503,0.38217735290527344,0.0812356173992157,1.0000000298023224,3.552713678800501e-15
68401,plus_z,zero logical,Z,1.0,1,18,9.0,0.3436974585056305,0.5429856777191162,0.0812356173992157,0.999999912455678,5.773159728050814e-15
68401,plus_z,zero logical,Z,1.0,0,19,9.5,0.2544187903404236,0.46006596088409424,0.23442956805229187,1.0000000596046448,1.4960255256823984e-14
68401,plus_z,zero logical,Z,1.0,1,19,9.5,0.05067066848278046,0.5881919264793396,0.23442956805229187,1.0000000074505806,-3.552713678800501e-15
68401,plus_z,zero logical,Z,1.0,0,20,10.0,-0.28624311089515686,0.5546302795410156,0.3934333920478821,1.0000000782310963,-4.440892098500626e-16
68401,plus_z,zero logical,Z,1.0,1,20,10.0,0.6053915023803711,0.5721731781959534,0.3934333920478821,0.9999999962747097,-2.6645352591003757e-15
68401,plus_z,zero logical,Z,1.0,0,21,10.5,0.09527638554573059,0.3604511618614197,0.2067456841468811,1.0000000521540642,6.217248937900877e-15
68401,plus_z,zero logical,Z,1.0,1,21,10.5,0.005406998097896576,0.45579659938812256,0.2067456841468811,1.0000000521540642,1.4988010832439613e-15
68401,minus_z,one logical,Z,-1.0,0,1,0.5,0.05057681351900101,0.6229467391967773,0.7399351596832275,1.000000026077032,-1.3322676295501878e-15
68401,minus_z,one logical,Z,-1.0,1,1,0.5,0.47344332933425903,0.37705326080322266,0.7399351596832275,0.9999999839346856,-1.8318679906315083e-15
68401,minus_z,one logical,Z,-1.0,0,2,1.0,-0.5866207480430603,0.4691063165664673,0.04748077690601349,1.0000000186264515,1.8318679906315083e-15
68401,minus_z,one logical,Z,-1.0,1,2,1.0,-0.2888103127479553,0.25020116567611694,0.04748077690601349,0.9999999655410647,-8.43769498715119e-15
68401,minus_z,one logical,Z,-1.0,0,3,1.5,-0.19180312752723694,0.6992311477661133,0.0521605908870697,1.0000000521540642,-3.774758283725532e-15
68401,minus_z,one logical,Z,-1.0,1,3,1.5,-0.14613741636276245,0.5462936758995056,0.0521605908870697,0.9999999888241291,-5.773159728050814e-15
68401,minus_z,one logical,Z,-1.0,0,4,2.0,-0.3540772795677185,0.5616059899330139,0.06311237812042236,1.000000087544322,-6.661338147750939e-16
68401,minus_z,one logical,Z,-1.0,1,4,2.0,-0.4106897711753845,0.6259388327598572,0.06311237812042236,0.9999999329447746,2.6645352591003757e-15
68401,minus_z,one logical,Z,-1.0,0,5,2.5,-0.3547942340373993,0.38281571865081787,0.09582695364952087,1.0000000763684511,1.509903313490213e-14
68401,minus_z,one logical,Z,-1.0,1,5,2.5,-0.18571384251117706,0.32756221294403076,0.09582695364952087,1.0000000419095159,-7.105427357601002e-15
68401,minus_z,one logical,Z,-1.0,0,6,3.0,-0.14310111105442047,0.5868570804595947,0.20231451094150543,0.9999999906867743,-3.552713678800501e-15
68401,minus_z,one logical,Z,-1.0,1,6,3.0,-0.2962239682674408,0.5021965503692627,0.20231451094150543,0.9999999422580004,1.7763568394002505e-14
68401,minus_z,one logical,Z,-1.0,0,7,3.5,-0.5260419249534607,0.5811500549316406,0.059389907866716385,1.0000000223517418,3.774758283725532e-15
68401,minus_z,one logical,Z,-1.0,1,7,3.5,-0.5519541501998901,0.5822230577468872,0.059389907866716385,0.9999999450519681,-8.881784197001252e-16
68401,minus_z,one logical,Z,-1.0,0,8,4.0,0.0743599385023117,0.5528430342674255,0.08627136796712875,1.0000000167638063,-1.7763568394002505e-15
68401,minus_z,one logical,Z,-1.0,1,8,4.0,-0.14914368093013763,0.5067676901817322,0.08627136796712875,0.9999999720603228,8.881784197001252e-16
68401,minus_z,one logical,Z,-1.0,0,9,4.5,-0.009621597826480865,0.7368422746658325,0.1366107016801834,1.0000000596046448,7.105427357601002e-15
68401,minus_z,one logical,Z,-1.0,1,9,4.5,-0.2941897511482239,0.44805851578712463,0.1366107016801834,0.9999999813735485,-3.9968028886505635e-15
68401,minus_z,one logical,Z,-1.0,0,10,5.0,0.0476103276014328,0.6594477295875549,0.13937541842460632,0.9999999962747097,5.329070518200751e-15
68401,minus_z,one logical,Z,-1.0,1,10,5.0,-0.45362138748168945,0.44597336649894714,0.13937541842460632,0.9999999888241291,2.220446049250313e-15
68401,minus_z,one logical,Z,-1.0,0,11,5.5,0.13913890719413757,0.6220582723617554,0.07288354635238647,1.0000000456348062,9.992007221626409e-16
68401,minus_z,one logical,Z,-1.0,1,11,5.5,-0.29115206003189087,0.5043262243270874,0.07288354635238647,0.999999962747097,8.881784197001252e-16
68401,minus_z,one logical,Z,-1.0,0,12,6.0,-0.02136169746518135,0.26824235916137695,0.026620250195264816,1.0,4.9960036108132044e-15
68401,minus_z,one logical,Z,-1.0,1,12,6.0,-0.3810301423072815,0.4144369959831238,0.026620250195264816,1.000000011175871,-1.7763568394002505e-15
68401,minus_z,one logical,Z,-1.0,0,13,6.5,0.014427687972784042,0.541989803314209,0.09286943078041077,1.0000000074505806,6.217248937900877e-15
68401,minus_z,one logical,Z,-1.0,1,13,6.5,-0.19100049138069153,0.4792015552520752,0.09286943078041077,0.9999999776482582,8.43769498715119e-15
68401,minus_z,one logical,Z,-1.0,0,14,7.0,0.11913368105888367,0.42654430866241455,0.2379349172115326,1.000000011175871,-8.881784197001252e-16
68401,minus_z,one logical,Z,-1.0,1,14,7.0,-0.38451147079467773,0.6063833832740784,0.2379349172115326,0.999999986961484,-6.661338147750939e-15
68401,minus_z,one logical,Z,-1.0,0,15,7.5,0.04922015964984894,0.3495067358016968,0.20143988728523254,1.0000000186264515,-6.661338147750939e-15
68401,minus_z,one logical,Z,-1.0,1,15,7.5,-0.13943415880203247,0.4164625406265259,0.20143988728523254,0.9999999888241291,1.7763568394002505e-15
68401,minus_z,one logical,Z,-1.0,0,16,8.0,-0.19556033611297607,0.49374985694885254,0.10722479224205017,0.9999999785795808,1.582067810090848e-14
68401,minus_z,one logical,Z,-1.0,1,16,8.0,-0.38206514716148376,0.5265781283378601,0.10722479224205017,1.0000000074505806,-3.552713678800501e-15
68401,minus_z,one logical,Z,-1.0,0,17,8.5,-0.24882973730564117,0.3607081174850464,0.19678857922554016,1.0000000447034836,5.329070518200751e-15
68401,minus_z,one logical,Z,-1.0,1,17,8.5,-0.2732076346874237,0.4634758234024048,0.19678857922554016,1.0000000447034836,2.858824288409778e-15
68401,minus_z,one logical,Z,-1.0,0,18,9.0,-0.38982975482940674,0.5640590786933899,0.07809670269489288,1.0000000298023224,-2.6922908347160046e-14
68401,minus_z,one logical,Z,-1.0,1,18,9.0,-0.275759220123291,0.547050952911377,0.07809670269489288,1.0000000223517418,-5.329070518200751e-15
68401,minus_z,one logical,Z,-1.0,0,19,9.5,-0.06770147383213043,0.6236743330955505,0.1516161561012268,1.0000000149011612,-2.220446049250313e-15
68401,minus_z,one logical,Z,-1.0,1,19,9.5,-0.18691885471343994,0.4982297420501709,0.1516161561012268,0.9999999925494194,1.0658141036401503e-14
68401,minus_z,one logical,Z,-1.0,0,20,10.0,-0.3238317370414734,0.4444403648376465,0.13078837096691132,0.9999999981373549,2.2620794126737565e-15
68401,minus_z,one logical,Z,-1.0,1,20,10.0,-0.1723191738128662,0.717479944229126,0.13078837096691132,1.0000000167638063,1.7763568394002505e-15
68401,minus_z,one logical,Z,-1.0,0,21,10.5,-0.30831700563430786,0.517277717590332,0.12087750434875488,0.9999999944120646,3.9968028886505635e-15
68401,minus_z,one logical,Z,-1.0,1,21,10.5,-0.2774238586425781,0.5186320543289185,0.12087750434875488,1.0,-2.0539125955565396e-15
68401,plus_x,x logical,X,1.0,0,1,0.5,0.7408186793327332,0.7701550722122192,0.6682148575782776,1.0000000373984221,2.4424906541753444e-15
68401,plus_x,x logical,X,1.0,1,1,0.5,0.36282843351364136,0.22984492778778076,0.6682148575782776,1.000000031432137,4.440892098500626e-16
68401,plus_x,x logical,X,1.0,0,2,1.0,0.19628596305847168,0.4755507707595825,0.2800002992153168,1.0000000037252903,1.7763568394002505e-15
68401,plus_x,x logical,X,1.0,1,2,1.0,-0.058157362043857574,0.6811684370040894,0.2800002992153168,1.0000000521540642,-2.4702462297909733e-15
68401,plus_x,x logical,X,1.0,0,3,1.5,0.49427977204322815,0.6335146427154541,0.12715256214141846,1.0000000577419996,3.3306690738754696e-16
68401,plus_x,x logical,X,1.0,1,3,1.5,0.2675933241844177,0.5092494487762451,0.12715256214141846,0.9999999776482582,-1.9984014443252818e-15
68401,plus_x,x logical,X,1.0,0,4,2.0,0.412156879901886,0.5117863416671753,0.19721220433712006,1.0000000223517418,3.552713678800501e-15
68401,plus_x,x logical,X,1.0,1,4,2.0,-0.17056013643741608,0.5278891921043396,0.19721220433712006,0.9999999981373549,0.0
68401,plus_x,x logical,X,1.0,0,5,2.5,0.12890829145908356,0.4336913824081421,0.2700296640396118,1.0000000596046448,6.189493362285248e-15
68401,plus_x,x logical,X,1.0,1,5,2.5,0.3498441278934479,0.31910592317581177,0.2700296640396118,0.9999999590218067,-1.1879386363489175e-14
68401,plus_x,x logical,X,1.0,0,6,3.0,0.23145148158073425,0.4461069107055664,0.17046958208084106,1.0000000521540642,-6.8833827526759706e-15
68401,plus_x,x logical,X,1.0,1,6,3.0,-0.15228915214538574,0.6081850528717041,0.17046958208084106,0.9999999813735485,-4.218847493575595e-15
68401,plus_x,x logical,X,1.0,0,7,3.5,0.23522701859474182,0.510769784450531,0.15089282393455505,0.9999999273568392,9.547918011776346e-15
68401,plus_x,x logical,X,1.0,1,7,3.5,-0.02031388133764267,0.5835422277450562,0.15089282393455505,1.0000000037252903,5.329070518200751e-15
68401,plus_x,x logical,X,1.0,0,8,4.0,0.4560946524143219,0.5707802176475525,0.15539199113845825,1.0000000279396772,0.0
68401,plus_x,x logical,X,1.0,1,8,4.0,-0.32121187448501587,0.569238543510437,0.15539199113845825,0.9999998994171619,-1.2878587085651816e-14
68401,plus_x,x logical,X,1.0,0,9,4.5,0.18170475959777832,0.4515584707260132,0.24034087359905243,1.0000000204890966,-6.217248937900877e-15
68401,plus_x,x logical,X,1.0,1,9,4.5,-0.27149730920791626,0.5773278474807739,0.24034087359905243,1.0000000894069672,3.552713678800501e-15
68401,plus_x,x logical,X,1.0,0,10,5.0,0.48643237352371216,0.47108691930770874,0.19473887979984283,1.0000000335276127,-1.9984014443252818e-15
68401,plus_x,x logical,X,1.0,1,10,5.0,-0.2759929299354553,0.6638405919075012,0.19473887979984283,1.0000000093132257,-7.105427357601002e-15
68401,plus_x,x logical,X,1.0,0,11,5.5,0.3437422811985016,0.540386974811554,0.14465372264385223,1.0000000968575478,9.992007221626409e-16
68401,plus_x,x logical,X,1.0,1,11,5.5,-0.301383912563324,0.60755854845047,0.14465372264385223,0.999999986961484,2.7200464103316335e-15
68401,plus_x,x logical,X,1.0,0,12,6.0,0.1438402533531189,0.4282388389110565,0.2191779911518097,1.0000000223517418,1.8318679906315083e-15
68401,plus_x,x logical,X,1.0,1,12,6.0,-0.24521178007125854,0.6437063217163086,0.2191779911518097,0.9999999441206455,2.220446049250313e-16
68401,plus_x,x logical,X,1.0,0,13,6.5,0.29325512051582336,0.560796856880188,0.11642898619174957,0.9999999888241291,7.105427357601002e-15
68401,plus_x,x logical,X,1.0,1,13,6.5,-0.38814806938171387,0.40574100613594055,0.11642898619174957,0.9999999888241291,4.440892098500626e-15
68401,plus_x,x logical,X,1.0,0,14,7.0,0.18866904079914093,0.38240349292755127,0.18791480362415314,1.0000000298023224,-7.105427357601002e-15
68401,plus_x,x logical,X,1.0,1,14,7.0,-0.20119503140449524,0.6818692684173584,0.18791480362415314,0.9999999683350325,-4.440892098500626e-16
68401,plus_x,x logical,X,1.0,0,15,7.5,0.19243471324443817,0.5584318041801453,0.05507304146885872,0.9999999962747097,1.9984014443252818e-15
68401,plus_x,x logical,X,1.0,1,15,7.5,-0.4987720549106598,0.7483311891555786,0.05507304146885872,0.999999949708581,-3.1086244689504383e-15
68401,plus_x,x logical,X,1.0,0,16,8.0,0.4665857255458832,0.6021190285682678,0.1594117432832718,1.0000000316649675,2.0872192862952943e-14
68401,plus_x,x logical,X,1.0,1,16,8.0,-0.3505324721336365,0.2838744521141052,0.1594117432832718,0.9999999701976776,-1.1379786002407855e-14
68401,plus_x,x logical,X,1.0,0,17,8.5,0.13592451810836792,0.44124871492385864,0.2475837916135788,1.000000026077032,-1.865174681370263e-14
68401,plus_x,x logical,X,1.0,1,17,8.5,-0.4231741428375244,0.6049638986587524,0.2475837916135788,1.0000000316649675,-3.3306690738754696e-15
68401,plus_x,x logical,X,1.0,0,18,9.0,0.3900983929634094,0.5670156478881836,0.15425419807434082,1.0000000689178705,5.329070518200751e-15
68401,plus_x,x logical,X,1.0,1,18,9.0,-0.17055654525756836,0.6651603579521179,0.15425419807434082,0.9999999590218067,4.6629367034256575e-15
68401,plus_x,x logical,X,1.0,0,19,9.5,0.3804716169834137,0.56247478723526,0.13744187355041504,1.0000000474974513,-5.329070518200751e-15
68401,plus_x,x logical,X,1.0,1,19,9.5,-0.3860141932964325,0.3458847999572754,0.13744187355041504,0.9999999422580004,1.865174681370263e-14
68401,plus_x,x logical,X,1.0,0,20,10.0,0.19787201285362244,0.5432580709457397,0.22067497670650482,0.9999999906867743,-3.774758283725532e-15
68401,plus_x,x logical,X,1.0,1,20,10.0,0.11288629472255707,0.36939123272895813,0.22067497670650482,0.9999999813735485,6.217248937900877e-15
68401,plus_x,x logical,X,1.0,0,21,10.5,0.5070673227310181,0.4379327893257141,0.22811198234558105,1.0000000074505806,5.662137425588298e-15
68401,plus_x,x logical,X,1.0,1,21,10.5,-0.07189641892910004,0.5429350137710571,0.22811198234558105,1.0000000298023224,8.881784197001252e-16
68401,minus_x,-x logical,X,-1.0,0,1,0.5,0.003087744116783142,0.5944246053695679,0.6169562935829163,0.9999999636784196,-8.881784197001252e-16
68401,minus_x,-x logical,X,-1.0,1,1,0.5,0.003087744116783142,0.5944246053695679,0.6169562935829163,0.9999999636784196,-8.881784197001252e-16
68401,minus_x,-x logical,X,-1.0,0,2,1.0,0.1280043125152588,0.6291696429252625,0.05981837213039398,1.0000000484287739,1.3322676295501878e-15
68401,minus_x,-x logical,X,-1.0,1,2,1.0,0.1280043125152588,0.6291696429252625,0.05981837213039398,1.0000000484287739,1.3322676295501878e-15
68401,minus_x,-x logical,X,-1.0,0,3,1.5,0.2569056451320648,0.49912941455841064,0.026565521955490112,1.000000011175871,1.5543122344752192e-15
68401,minus_x,-x logical,X,-1.0,1,3,1.5,0.2569056451320648,0.49912941455841064,0.026565521955490112,1.000000011175871,1.5543122344752192e-15
68401,minus_x,-x logical,X,-1.0,0,4,2.0,0.17881622910499573,0.5858397483825684,0.1748839169740677,0.9999999757856131,8.881784197001252e-16
68401,minus_x,-x logical,X,-1.0,1,4,2.0,0.17881622910499573,0.5858397483825684,0.1748839169740677,0.9999999757856131,8.881784197001252e-16
68401,minus_x,-x logical,X,-1.0,0,5,2.5,0.18354181945323944,0.32555103302001953,0.383561909198761,1.000000013038516,-4.440892098500626e-16
68401,minus_x,-x logical,X,-1.0,1,5,2.5,0.18354181945323944,0.6744489669799805,0.383561909198761,1.0000000447034836,-2.6645352591003757e-15
68401,minus_x,-x logical,X,-1.0,0,6,3.0,-0.09951324015855789,0.5226713418960571,0.11655943095684052,0.999999888241291,-2.6645352591003757e-15
68401,minus_x,-x logical,X,-1.0,1,6,3.0,0.18297363817691803,0.5562628507614136,0.11655943095684052,1.0000000447034836,-1.3322676295501878e-15
68401,minus_x,-x logical,X,-1.0,0,7,3.5,0.0422615110874176,0.5622234344482422,0.047543399035930634,1.0000000391155481,2.220446049250313e-16
68401,minus_x,-x logical,X,-1.0,1,7,3.5,0.4424056112766266,0.5119389891624451,0.047543399035930634,1.0000000018626451,-8.881784197001252e-16
68401,minus_x,-x logical,X,-1.0,0,8,4.0,-0.159311443567276,0.38307470083236694,0.17212414741516113,1.0000000838190317,1.0658141036401503e-14
68401,minus_x,-x logical,X,-1.0,1,8,4.0,0.3472440540790558,0.25088340044021606,0.17212414741516113,0.9999999534338713,-1.687538997430238e-14
68401,minus_x,-x logical,X,-1.0,0,9,4.5,-0.08024650812149048,0.48109346628189087,0.13163235783576965,1.0000000055879354,-1.7763568394002505e-15
68401,minus_x,-x logical,X,-1.0,1,9,4.5,0.35510292649269104,0.5735218524932861,0.13163235783576965,0.9999999664723873,-4.440892098500626e-15
68401,minus_x,-x logical,X,-1.0,0,10,5.0,-0.29444605112075806,0.4250999093055725,0.11106979101896286,1.0000000558793545,2.6645352591003757e-15
68401,minus_x,-x logical,X,-1.0,1,10,5.0,0.08644473552703857,0.6559581756591797,0.11106979101896286,0.9999999292194843,2.8199664825478976e-14
68401,minus_x,-x logical,X,-1.0,0,11,5.5,-0.26771003007888794,0.5069040656089783,0.10422058403491974,1.0000000484287739,-1.3322676295501878e-15
68401,minus_x,-x logical,X,-1.0,1,11,5.5,0.47117966413497925,0.6298528909683228,0.10422058403491974,0.9999999664723873,7.105427357601002e-15
68401,minus_x,-x logical,X,-1.0,0,12,6.0,-0.27431851625442505,0.3355652689933777,0.1251256763935089,1.0000000186264515,-6.106226635438361e-16
68401,minus_x,-x logical,X,-1.0,1,12,6.0,0.35861384868621826,0.5234737396240234,0.1251256763935089,1.0000000335276127,-1.509903313490213e-14
68401,minus_x,-x logical,X,-1.0,0,13,6.5,-0.020237084478139877,0.5291059613227844,0.18049804866313934,0.9999999534338713,-1.021405182655144e-14
68401,minus_x,-x logical,X,-1.0,1,13,6.5,0.4110349714756012,0.2949357032775879,0.18049804866313934,0.999999925494194,8.881784197001252e-15
68401,minus_x,-x logical,X,-1.0,0,14,7.0,-0.3504387438297272,0.5100354552268982,0.09692233800888062,0.9999999701976776,-7.105427357601002e-15
68401,minus_x,-x logical,X,-1.0,1,14,7.0,-0.10299435257911682,0.5214024186134338,0.09692233800888062,1.0000000139698386,-4.440892098500626e-15
68401,minus_x,-x logical,X,-1.0,0,15,7.5,-0.2545625567436218,0.6485480666160583,0.2097717821598053,0.9999999031424522,-1.3766765505351941e-14
68401,minus_x,-x logical,X,-1.0,1,15,7.5,0.045674026012420654,0.44888031482696533,0.2097717821598053,1.0000000167638063,2.6645352591003757e-15
68401,minus_x,-x logical,X,-1.0,0,16,8.0,-0.30197688937187195,0.5569137334823608,0.23585844039916992,0.9999999552965164,-2.4980018054066022e-15
68401,minus_x,-x logical,X,-1.0,1,16,8.0,-0.047286830842494965,0.443469762802124,0.23585844039916992,1.000000026077032,4.440892098500626e-15
68401,minus_x,-x logical,X,-1.0,0,17,8.5,-0.19100534915924072,0.6347206830978394,0.09593997895717621,0.9999999590218067,4.440892098500626e-16
68401,minus_x,-x logical,X,-1.0,1,17,8.5,-0.008202556520700455,0.5800765156745911,0.09593997895717621,1.0000000074505806,3.9968028886505635e-15
68401,minus_x,-x logical,X,-1.0,0,18,9.0,-0.2355319708585739,0.4123530387878418,0.06549033522605896,1.0000000931322575,-2.220446049250313e-14
68401,minus_x,-x logical,X,-1.0,1,18,9.0,-0.4067530035972595,0.5747458338737488,0.06549033522605896,1.000000013038516,-2.6645352591003757e-15
68401,minus_x,-x logical,X,-1.0,0,19,9.5,-0.061418697237968445,0.5012356042861938,0.23688526451587677,1.0000000428408384,-1.4210854715202004e-14
68401,minus_x,-x logical,X,-1.0,1,19,9.5,-0.049141570925712585,0.5328906178474426,0.23688526451587677,1.000000013038516,-6.217248937900877e-15
68401,minus_x,-x logical,X,-1.0,0,20,10.0,-0.12428604811429977,0.585516095161438,0.14785981178283691,1.00000006146729,3.774758283725532e-15
68401,minus_x,-x logical,X,-1.0,1,20,10.0,-0.24497710168361664,0.4444495439529419,0.14785981178283691,1.0000000484287739,-2.9976021664879227e-15
68401,minus_x,-x logical,X,-1.0,0,21,10.5,-0.02672833949327469,0.6211570501327515,0.09601743519306183,1.000000037252903,-2.220446049250313e-15
68401,minus_x,-x logical,X,-1.0,1,21,10.5,-0.09707848727703094,0.4906505346298218,0.09601743519306183,0.9999999478459358,-9.992007221626409e-16
68401,plus_y,y logical,Y,1.0,0,1,0.5,0.08080784976482391,0.31454992294311523,0.6805534958839417,1.0000001229345798,-7.549516567451064e-15
68401,plus_y,y logical,Y,1.0,1,1,0.5,0.08080784976482391,0.31454992294311523,0.6805534958839417,1.0000001229345798,-7.549516567451064e-15
68401,plus_y,y logical,Y,1.0,0,2,1.0,-0.0051461756229400635,0.34164315462112427,0.1486729085445404,0.9999999888241291,0.0
68401,plus_y,y logical,Y,1.0,1,2,1.0,-0.0051461756229400635,0.6583568453788757,0.1486729085445404,0.9999999813735485,2.220446049250313e-15
68401,plus_y,y logical,Y,1.0,0,3,1.5,0.11372670531272888,0.5037334561347961,0.11566190421581268,1.0,-5.329070518200751e-15
68401,plus_y,y logical,Y,1.0,1,3,1.5,0.3336518406867981,0.47673773765563965,0.11566190421581268,0.9999999552965164,0.0
68401,plus_y,y logical,Y,1.0,0,4,2.0,0.22187067568302155,0.6151418685913086,0.27115723490715027,0.9999999264255166,7.993605777301127e-15
68401,plus_y,y logical,Y,1.0,1,4,2.0,0.22685879468917847,0.7691425085067749,0.27115723490715027,1.0000000707805157,5.828670879282072e-15
68401,plus_y,y logical,Y,1.0,0,5,2.5,0.2422066032886505,0.626192569732666,0.35006919503211975,0.999999993480742,-8.881784197001252e-16
68401,plus_y,y logical,Y,1.0,1,5,2.5,-0.049035944044589996,0.4896911382675171,0.35006919503211975,1.0000001154839993,1.4988010832439613e-15
68401,plus_y,y logical,Y,1.0,0,6,3.0,0.1666187345981598,0.5276305675506592,0.3501893877983093,0.999999986961484,1.1102230246251565e-15
68401,plus_y,y logical,Y,1.0,1,6,3.0,0.11325620859861374,0.43405818939208984,0.3501893877983093,1.0000000707805157,-1.7763568394002505e-15
68401,plus_y,y logical,Y,1.0,0,7,3.5,0.06412612646818161,0.48095715045928955,0.15137243270874023,0.9999999031424522,-1.3600232051658168e-14
68401,plus_y,y logical,Y,1.0,1,7,3.5,0.24693842232227325,0.44231200218200684,0.15137243270874023,0.9999999785795808,-1.887379141862766e-15
68401,plus_y,y logical,Y,1.0,0,8,4.0,0.2507151663303375,0.35084331035614014,0.20162099599838257,1.0000000102445483,6.217248937900877e-15
68401,plus_y,y logical,Y,1.0,1,8,4.0,0.21121174097061157,0.5083186626434326,0.20162099599838257,0.9999999813735485,8.881784197001252e-16
68401,plus_y,y logical,Y,1.0,0,9,4.5,0.21449126303195953,0.4730794429779053,0.3423665165901184,1.0000000447034836,7.105427357601002e-15
68401,plus_y,y logical,Y,1.0,1,9,4.5,0.14740216732025146,0.39792829751968384,0.3423665165901184,0.9999999813735485,0.0
68401,plus_y,y logical,Y,1.0,0,10,5.0,0.12771305441856384,0.6910067796707153,0.20590049028396606,1.0000000037252903,-8.881784197001252e-15
68401,plus_y,y logical,Y,1.0,1,10,5.0,0.08307980000972748,0.5926534533500671,0.20590049028396606,0.9999999888241291,1.4654943925052066e-14
68401,plus_y,y logical,Y,1.0,0,11,5.5,0.09221304953098297,0.37316152453422546,0.11556728184223175,1.0000000149011612,-6.661338147750939e-16
68401,plus_y,y logical,Y,1.0,1,11,5.5,0.2765411138534546,0.5091913342475891,0.11556728184223175,0.9999999664723873,-7.993605777301127e-15
68401,plus_y,y logical,Y,1.0,0,12,6.0,0.02796134352684021,0.5201938152313232,0.3329199552536011,0.9999999962747097,7.993605777301127e-15
68401,plus_y,y logical,Y,1.0,1,12,6.0,0.10196271538734436,0.5566688776016235,0.3329199552536011,0.9999999888241291,-5.551115123125783e-15
68401,plus_y,y logical,Y,1.0,0,13,6.5,0.2292616367340088,0.662354588508606,0.36582493782043457,1.000000074505806,-1.8096635301390052e-14
68401,plus_y,y logical,Y,1.0,1,13,6.5,0.25168949365615845,0.5430640578269958,0.36582493782043457,1.0000000055879354,1.887379141862766e-15
68401,plus_y,y logical,Y,1.0,0,14,7.0,0.09361208230257034,0.5782403349876404,0.3179043233394623,1.0000000912696123,1.1102230246251565e-15
68401,plus_y,y logical,Y,1.0,1,14,7.0,0.004548057913780212,0.5331692099571228,0.3179043233394623,1.0000000428408384,-5.329070518200751e-15
68401,plus_y,y logical,Y,1.0,0,15,7.5,-0.2382502257823944,0.5734081864356995,0.2901809811592102,1.0000001192092896,-6.661338147750939e-16
68401,plus_y,y logical,Y,1.0,1,15,7.5,0.25532758235931396,0.5321667194366455,0.2901809811592102,1.0000000353902578,1.7763568394002505e-15
68401,plus_y,y logical,Y,1.0,0,16,8.0,0.15071287751197815,0.3241415023803711,0.22896748781204224,0.9999999441206455,-4.440892098500626e-16
68401,plus_y,y logical,Y,1.0,1,16,8.0,0.29271528124809265,0.6454939842224121,0.22896748781204224,1.0000000968575478,-1.3322676295501878e-15
68401,plus_y,y logical,Y,1.0,0,17,8.5,0.2552804946899414,0.436661958694458,0.26157477498054504,0.9999999739229679,-3.9968028886505635e-15
68401,plus_y,y logical,Y,1.0,1,17,8.5,0.07610277831554413,0.5443207025527954,0.26157477498054504,1.0000000577419996,6.661338147750939e-16
68401,plus_y,y logical,Y,1.0,0,18,9.0,0.07483939826488495,0.514942467212677,0.19982320070266724,0.9999999850988388,0.0
68401,plus_y,y logical,Y,1.0,1,18,9.0,-0.022285692393779755,0.46566832065582275,0.19982320070266724,0.9999999105930328,1.887379141862766e-15
68401,plus_y,y logical,Y,1.0,0,19,9.5,-0.08098086714744568,0.4398059844970703,0.20781680941581726,0.9999998733401299,6.217248937900877e-15
68401,plus_y,y logical,Y,1.0,1,19,9.5,0.18932530283927917,0.5647083520889282,0.20781680941581726,0.9999999646097422,-9.325873406851315e-15
68401,plus_y,y logical,Y,1.0,0,20,10.0,0.08836525678634644,0.47567999362945557,0.36430805921554565,1.0000000074505806,4.385380947269368e-15
68401,plus_y,y logical,Y,1.0,1,20,10.0,0.021619796752929688,0.49082112312316895,0.36430805921554565,1.0000000298023224,2.4424906541753444e-15
68401,plus_y,y logical,Y,1.0,0,21,10.5,0.1718544065952301,0.5568114519119263,0.3654298186302185,0.9999999962747097,-1.0658141036401503e-14
68401,plus_y,y logical,Y,1.0,1,21,10.5,0.04895636439323425,0.5214111804962158,0.3654298186302185,1.0000000298023224,6.328271240363392e-15
68401,minus_y,-y logical,Y,-1.0,0,1,0.5,0.30936211347579956,0.6857613921165466,0.5948164463043213,1.000000037252903,-1.1102230246251565e-15
68401,minus_y,-y logical,Y,-1.0,1,1,0.5,0.30936211347579956,0.6857613921165466,0.5948164463043213,1.000000037252903,-1.1102230246251565e-15
68401,minus_y,-y logical,Y,-1.0,0,2,1.0,-0.19027039408683777,0.5388637781143188,0.16978229582309723,1.0000000447034836,-8.881784197001252e-16
68401,minus_y,-y logical,Y,-1.0,1,2,1.0,-0.19027039408683777,0.5388637781143188,0.16978229582309723,1.0000000447034836,-8.881784197001252e-16
68401,minus_y,-y logical,Y,-1.0,0,3,1.5,0.31090930104255676,0.49676787853240967,0.06723503768444061,0.9999999552965164,-2.6645352591003757e-15
68401,minus_y,-y logical,Y,-1.0,1,3,1.5,0.31090930104255676,0.5032321214675903,0.06723503768444061,1.0000000009313226,-2.220446049250313e-16
68401,minus_y,-y logical,Y,-1.0,0,4,2.0,-0.2551034092903137,0.41739702224731445,0.14239317178726196,1.0000000079162419,-4.440892098500626e-15
68401,minus_y,-y logical,Y,-1.0,1,4,2.0,-0.17659787833690643,0.4089958667755127,0.14239317178726196,1.0,8.881784197001252e-16
68401,minus_y,-y logical,Y,-1.0,0,5,2.5,-0.19024720788002014,0.5001410245895386,0.12671352922916412,1.0000000335276127,-1.5126788710517758e-15
68401,minus_y,-y logical,Y,-1.0,1,5,2.5,-0.3072613775730133,0.36442482471466064,0.12671352922916412,1.0000000447034836,6.217248937900877e-15
68401,minus_y,-y logical,Y,-1.0,0,6,3.0,-0.17040309309959412,0.600388765335083,0.04026993364095688,0.9999999776482582,-1.1102230246251565e-16
68401,minus_y,-y logical,Y,-1.0,1,6,3.0,-0.27112939953804016,0.5051909685134888,0.04026993364095688,1.0000000279396772,1.099120794378905e-14
68401,minus_y,-y logical,Y,-1.0,0,7,3.5,0.10718365013599396,0.4522549510002136,0.1450241208076477,0.9999999720603228,3.552713678800501e-15
68401,minus_y,-y logical,Y,-1.0,1,7,3.5,0.2900466024875641,0.5812957882881165,0.1450241208076477,1.0000000558793545,-8.881784197001252e-16
68401,minus_y,-y logical,Y,-1.0,0,8,4.0,0.1329203099012375,0.3969004154205322,0.1798902451992035,0.9999999776482582,8.43769498715119e-15
68401,minus_y,-y logical,Y,-1.0,1,8,4.0,-0.22418250143527985,0.47887665033340454,0.1798902451992035,1.0000000167638063,5.218048215738236e-15
68401,minus_y,-y logical,Y,-1.0,0,9,4.5,-0.22705507278442383,0.44962620735168457,0.10206175595521927,0.9999999329447746,1.1546319456101628e-14
68401,minus_y,-y logical,Y,-1.0,1,9,4.5,-0.10779213905334473,0.5119753479957581,0.10206175595521927,1.0000000484287739,1.2351231148954867e-15
68401,minus_y,-y logical,Y,-1.0,0,10,5.0,0.03929436206817627,0.46006515622138977,0.14134086668491364,1.0000000298023224,-2.886579864025407e-15
68401,minus_y,-y logical,Y,-1.0,1,10,5.0,-0.20766697824001312,0.4569166302680969,0.14134086668491364,1.0000000074505806,1.7763568394002505e-15
68401,minus_y,-y logical,Y,-1.0,0,11,5.5,0.06214924156665802,0.49171578884124756,0.1760503649711609,1.0000000149011612,7.549516567451064e-15
68401,minus_y,-y logical,Y,-1.0,1,11,5.5,-0.011862620711326599,0.6431089639663696,0.1760503649711609,1.0000000409781933,7.882583474838611e-15
68401,minus_y,-y logical,Y,-1.0,0,12,6.0,0.06121344864368439,0.5600425004959106,0.11130949854850769,1.0000000149011612,-5.329070518200751e-15
68401,minus_y,-y logical,Y,-1.0,1,12,6.0,-0.0994265079498291,0.44039657711982727,0.11130949854850769,0.9999999767169356,-1.021405182655144e-14
68401,minus_y,-y logical,Y,-1.0,0,13,6.5,0.12095531821250916,0.3588661551475525,0.10771509259939194,0.9999999850988388,2.0872192862952943e-14
68401,minus_y,-y logical,Y,-1.0,1,13,6.5,0.06713485717773438,0.7137634754180908,0.10771509259939194,1.0000000204890966,-6.661338147750939e-16
68401,minus_y,-y logical,Y,-1.0,0,14,7.0,-0.15775816142559052,0.38457465171813965,0.0894676148891449,1.0000000074505806,-1.2434497875801753e-14
68401,minus_y,-y logical,Y,-1.0,1,14,7.0,-0.049412816762924194,0.7774392366409302,0.0894676148891449,0.9999999408610165,-4.440892098500626e-16
68401,minus_y,-y logical,Y,-1.0,0,15,7.5,-0.07040631771087646,0.5257211327552795,0.11150765419006348,1.0000000353902578,7.993605777301127e-15
68401,minus_y,-y logical,Y,-1.0,1,15,7.5,0.11278492212295532,0.7424600124359131,0.11150765419006348,0.9999999832361937,1.5543122344752192e-15
68401,minus_y,-y logical,Y,-1.0,0,16,8.0,-0.09023652970790863,0.508368968963623,0.09857277572154999,1.0000000707805157,-4.440892098500626e-16
68401,minus_y,-y logical,Y,-1.0,1,16,8.0,-0.0830351710319519,0.6790316104888916,0.09857277572154999,1.0000000018626451,1.1934897514720433e-15
68401,minus_y,-y logical,Y,-1.0,0,17,8.5,0.31947770714759827,0.4592397212982178,0.10642701387405396,0.9999999590218067,2.220446049250313e-16
68401,minus_y,-y logical,Y,-1.0,1,17,8.5,0.09401337802410126,0.7498435974121094,0.10642701387405396,1.0000000223517418,-3.3306690738754696e-16
68401,minus_y,-y logical,Y,-1.0,0,18,9.0,-0.1912410855293274,0.45629972219467163,0.07855016738176346,1.000000037252903,-7.105427357601002e-15
68401,minus_y,-y logical,Y,-1.0,1,18,9.0,-0.025357309728860855,0.7819584012031555,0.07855016738176346,1.0000000270083547,1.1102230246251565e-15
68401,minus_y,-y logical,Y,-1.0,0,19,9.5,0.18078452348709106,0.4855332374572754,0.09409284591674805,1.0000001043081284,-2.4868995751603507e-14
68401,minus_y,-y logical,Y,-1.0,1,19,9.5,0.04213868826627731,0.7451322674751282,0.09409284591674805,0.999999986961484,-1.3322676295501878e-15
68401,minus_y,-y logical,Y,-1.0,0,20,10.0,-0.1328069120645523,0.497292697429657,0.035723134875297546,0.9999999813735485,-8.881784197001252e-15
68401,minus_y,-y logical,Y,-1.0,1,20,10.0,-0.003278259187936783,0.7342080473899841,0.035723134875297546,1.000000006519258,3.3861802251067274e-15
68401,minus_y,-y logical,Y,-1.0,0,21,10.5,0.14503008127212524,0.5955169796943665,0.057669274508953094,1.0000000149011612,-9.769962616701378e-15
68401,minus_y,-y logical,Y,-1.0,1,21,10.5,0.04970626160502434,0.7665263414382935,0.057669274508953094,1.0000000186264515,-1.4432899320127035e-15
68407,plus_z,zero logical,Z,1.0,0,1,0.5,0.3903922438621521,0.7482649087905884,0.5202900171279907,1.0000000316649675,-4.718447854656915e-16
68407,plus_z,zero logical,Z,1.0,1,1,0.5,0.3903922438621521,0.7482649087905884,0.5202900171279907,1.0000000316649675,-4.718447854656915e-16
68407,plus_z,zero logical,Z,1.0,0,2,1.0,0.6000292301177979,0.5455337166786194,0.5203518867492676,0.9999999962747097,5.551115123125783e-16
68407,plus_z,zero logical,Z,1.0,1,2,1.0,0.6000292301177979,0.5455337166786194,0.5203518867492676,0.9999999962747097,5.551115123125783e-16
68407,plus_z,zero logical,Z,1.0,0,3,1.5,0.441832959651947,0.5376797914505005,0.3777405023574829,0.9999999348074198,-5.551115123125783e-17
68407,plus_z,zero logical,Z,1.0,1,3,1.5,0.441832959651947,0.4623202085494995,0.3777405023574829,1.0,-4.3298697960381105e-15
68407,plus_z,zero logical,Z,1.0,0,4,2.0,0.4553806185722351,0.3649101257324219,0.3480494022369385,1.0000000093132257,-1.0658141036401503e-14
68407,plus_z,zero logical,Z,1.0,1,4,2.0,0.2512330412864685,0.49680352210998535,0.3480494022369385,1.0000000018626451,-4.884981308350689e-15
68407,plus_z,zero logical,Z,1.0,0,5,2.5,0.23697257041931152,0.5766535997390747,0.18080316483974457,0.9999999850988388,-9.325873406851315e-15
68407,plus_z,zero logical,Z,1.0,1,5,2.5,0.15563416481018066,0.6035909056663513,0.18080316483974457,0.9999999925494194,-1.7763568394002505e-15
68407,plus_z,zero logical,Z,1.0,0,6,3.0,0.2382473349571228,0.547935962677002,0.3768904209136963,1.0000000055879354,2.6645352591003757e-15
68407,plus_z,zero logical,Z,1.0,1,6,3.0,0.6272894144058228,0.4886918067932129,0.3768904209136963,1.0000000083819032,-8.881784197001252e-15
68407,plus_z,zero logical,Z,1.0,0,7,3.5,0.6479882001876831,0.5665745735168457,0.3862048387527466,0.9999999403953552,-2.220446049250313e-15
68407,plus_z,zero logical,Z,1.0,1,7,3.5,0.11806070804595947,0.43748965859413147,0.3862048387527466,1.000000105239451,7.521760991835436e-15
68407,plus_z,zero logical,Z,1.0,0,8,4.0,0.1376558244228363,0.45964759588241577,0.42010360956192017,0.999999962747097,-7.771561172376096e-16
68407,plus_z,zero logical,Z,1.0,1,8,4.0,0.45495814085006714,0.5173983573913574,0.42010360956192017,1.0000000596046448,-6.217248937900877e-15
68407,plus_z,zero logical,Z,1.0,0,9,4.5,0.29377317428588867,0.5308388471603394,0.3115096390247345,0.9999999273568392,-9.769962616701378e-15
68407,plus_z,zero logical,Z,1.0,1,9,4.5,0.03423959016799927,0.6844674944877625,0.3115096390247345,1.000000024214387,5.329070518200751e-15
68407,plus_z,zero logical,Z,1.0,0,10,5.0,0.18601223826408386,0.5842111110687256,0.45288944244384766,1.000000013038516,-9.325873406851315e-15
68407,plus_z,zero logical,Z,1.0,1,10,5.0,0.5017729997634888,0.4974093735218048,0.45288944244384766,0.9999999739229679,5.551115123125783e-16
68407,plus_z,zero logical,Z,1.0,0,11,5.5,0.6409473419189453,0.44554972648620605,0.38722866773605347,1.0000000074505806,2.525757381022231e-15
68407,plus_z,zero logical,Z,1.0,1,11,5.5,-0.02995121479034424,0.47184062004089355,0.38722866773605347,1.0,2.5413698923060224e-15
68407,plus_z,zero logical,Z,1.0,0,12,6.0,0.09490877389907837,0.5211677551269531,0.2275320142507553,1.0000000428408384,-3.9968028886505635e-15
68407,plus_z,zero logical,Z,1.0,1,12,6.0,0.35139602422714233,0.5815956592559814,0.2275320142507553,1.000000024214387,3.3306690738754696e-15
68407,plus_z,zero logical,Z,1.0,0,13,6.5,0.552707850933075,0.5069824457168579,0.524339497089386,0.9999999739229679,5.551115123125783e-17
68407,plus_z,zero logical,Z,1.0,1,13,6.5,0.25558745861053467,0.5377576351165771,0.524339497089386,1.0000000391155481,7.771561172376096e-16
68407,plus_z,zero logical,Z,1.0,0,14,7.0,0.1355152130126953,0.5471973419189453,0.3383219242095947,0.9999999701976776,-7.494005416219807e-16
68407,plus_z,zero logical,Z,1.0,1,14,7.0,0.39879119396209717,0.45826172828674316,0.3383219242095947,0.9999999590218067,5.10702591327572e-15
68407,plus_z,zero logical,Z,1.0,0,15,7.5,0.39649006724357605,0.4678857922554016,0.11729741841554642,1.0000000828877091,7.105427357601002e-15
68407,plus_z,zero logical,Z,1.0,1,15,7.5,0.36727556586265564,0.45452994108200073,0.11729741841554642,0.9999999795109034,1.7763568394002505e-15
68407,plus_z,zero logical,Z,1.0,0,16,8.0,0.04904840886592865,0.5693330764770508,0.4298040270805359,0.9999999944120646,-8.43769498715119e-15
68407,plus_z,zero logical,Z,1.0,1,16,8.0,0.3009900450706482,0.48326218128204346,0.4298040270805359,0.9999999515712261,-3.552713678800501e-15
68407,plus_z,zero logical,Z,1.0,0,17,8.5,0.62702476978302,0.49682551622390747,0.405811071395874,1.0000000335276127,5.329070518200751e-15
68407,plus_z,zero logical,Z,1.0,1,17,8.5,0.3512229025363922,0.5063258409500122,0.405811071395874,0.9999999217689037,-2.7755575615628914e-15
68407,plus_z,zero logical,Z,1.0,0,18,9.0,0.029582787305116653,0.5120675563812256,0.3783877491950989,1.0000000186264515,1.0658141036401503e-14
68407,plus_z,zero logical,Z,1.0,1,18,9.0,0.3422546684741974,0.561317503452301,0.3783877491950989,0.9999999646097422,6.38378239159465e-15
68407,plus_z,zero logical,Z,1.0,0,19,9.5,0.5007556676864624,0.6400548219680786,0.45608657598495483,0.9999999888241291,-3.9968028886505635e-15
68407,plus_z,zero logical,Z,1.0,1,19,9.5,0.45375674962997437,0.4471548795700073,0.45608657598495483,1.0000000279396772,-4.440892098500626e-15
68407,plus_z,zero logical,Z,1.0,0,20,10.0,-0.06261280924081802,0.3363420367240906,0.3911049962043762,0.9999998919665813,8.215650382226158e-15
68407,plus_z,zero logical,Z,1.0,1,20,10.0,0.3035869896411896,0.4188796281814575,0.3911049962043762,1.000000026077032,-2.7755575615628914e-15
68407,plus_z,zero logical,Z,1.0,0,21,10.5,0.21399147808551788,0.47397148609161377,0.09454917162656784,1.000000050291419,5.773159728050814e-15
68407,plus_z,zero logical,Z,1.0,1,21,10.5,0.294341504573822,0.4973376989364624,0.09454917162656784,1.0000000763684511,-6.661338147750939e-15
68407,minus_z,one logical,Z,-1.0,0,1,0.5,0.47344332933425903,0.37705326080322266,0.7399351596832275,0.9999999839346856,-1.8318679906315083e-15
68407,minus_z,one logical,Z,-1.0,1,1,0.5,0.05057681351900101,0.6229467391967773,0.7399351596832275,1.000000026077032,-1.3322676295501878e-15
68407,minus_z,one logical,Z,-1.0,0,2,1.0,-0.2888103127479553,0.7497988343238831,0.04748077690601349,1.0000000193249434,3.9968028886505635e-15
68407,minus_z,one logical,Z,-1.0,1,2,1.0,-0.5866207480430603,0.5308936834335327,0.04748077690601349,0.9999999795109034,1.3322676295501878e-15
68407,minus_z,one logical,Z,-1.0,0,3,1.5,0.679425835609436,0.5120806694030762,0.029681390151381493,1.0000000605359674,-1.5543122344752192e-15
68407,minus_z,one logical,Z,-1.0,1,3,1.5,0.39060893654823303,0.5927764177322388,0.029681390151381493,0.9999999324791133,-3.9968028886505635e-15
68407,minus_z,one logical,Z,-1.0,0,4,2.0,-0.11202685534954071,0.7029755115509033,0.13976745307445526,0.9999999925494194,-9.992007221626409e-16
68407,minus_z,one logical,Z,-1.0,1,4,2.0,-0.17999523878097534,0.6346418857574463,0.13976745307445526,1.0000000204890966,-2.220446049250313e-16
68407,minus_z,one logical,Z,-1.0,0,5,2.5,0.7387419939041138,0.726795494556427,0.11819146573543549,0.9999999981373549,-6.661338147750939e-16
68407,minus_z,one logical,Z,-1.0,1,5,2.5,0.19640259444713593,0.6015859842300415,0.11819146573543549,1.0000000149011612,-7.993605777301127e-15
68407,minus_z,one logical,Z,-1.0,0,6,3.0,0.05036918818950653,0.7546406984329224,0.08484112471342087,0.9999999972060323,-4.551914400963142e-15
68407,minus_z,one logical,Z,-1.0,1,6,3.0,-0.03222857415676117,0.5087215900421143,0.08484112471342087,0.9999999720603228,4.440892098500626e-16
68407,minus_z,one logical,Z,-1.0,0,7,3.5,0.7227439284324646,0.3013342022895813,0.06823945045471191,1.0000000186264515,-3.885780586188048e-16
68407,minus_z,one logical,Z,-1.0,1,7,3.5,0.455118328332901,0.629016637802124,0.06823945045471191,1.000000063329935,9.43689570931383e-16
68407,minus_z,one logical,Z,-1.0,0,8,4.0,-0.014921240508556366,0.6476524472236633,0.23460954427719116,1.0000000577419996,7.771561172376096e-16
68407,minus_z,one logical,Z,-1.0,1,8,4.0,0.2218078374862671,0.22398275136947632,0.23460954427719116,1.0000000670552254,2.4868995751603507e-14
68407,minus_z,one logical,Z,-1.0,0,9,4.5,0.40546536445617676,0.6507065296173096,0.22351163625717163,1.0000000316649675,1.2212453270876722e-15
68407,minus_z,one logical,Z,-1.0,1,9,4.5,0.014837205410003662,0.6173672676086426,0.22351163625717163,1.0000000409781933,-3.552713678800501e-15
68407,minus_z,one logical,Z,-1.0,0,10,5.0,0.1419551968574524,0.3227474093437195,0.0702696368098259,1.0000001061707735,7.313594174718219e-15
68407,minus_z,one logical,Z,-1.0,1,10,5.0,-0.23899425566196442,0.3904581665992737,0.0702696368098259,1.0000000186264515,2.55351295663786e-15
68407,minus_z,one logical,Z,-1.0,0,11,5.5,-0.1103600561618805,0.39650964736938477,0.11818459630012512,0.9999999925494194,-6.217248937900877e-15
68407,minus_z,one logical,Z,-1.0,1,11,5.5,-0.08038150519132614,0.49876725673675537,0.11818459630012512,1.0000000167638063,4.440892098500626e-16
68407,minus_z,one logical,Z,-1.0,0,12,6.0,-0.09194266051054001,0.5599712133407593,0.13396157324314117,0.9999999273568392,-1.687538997430238e-14
68407,minus_z,one logical,Z,-1.0,1,12,6.0,-0.37987926602363586,0.5748133659362793,0.13396157324314117,1.000000074505806,0.0
68407,minus_z,one logical,Z,-1.0,0,13,6.5,0.1900281310081482,0.7382215857505798,0.11501816660165787,1.0000000484287739,3.9968028886505635e-15
68407,minus_z,one logical,Z,-1.0,1,13,6.5,0.055137068033218384,0.47805505990982056,0.11501816660165787,1.000000098720193,-7.549516567451064e-15
68407,minus_z,one logical,Z,-1.0,0,14,7.0,-0.21313677728176117,0.5720176696777344,0.12148088216781616,1.0000000447034836,3.164135620181696e-15
68407,minus_z,one logical,Z,-1.0,1,14,7.0,-0.2896537184715271,0.4515230059623718,0.12148088216781616,1.000000100582838,-1.0658141036401503e-14
68407,minus_z,one logical,Z,-1.0,0,15,7.5,0.30067580938339233,0.6133506298065186,0.17790314555168152,1.000000011175871,3.3306690738754696e-16
68407,minus_z,one logical,Z,-1.0,1,15,7.5,0.047128841280937195,0.416370153427124,0.17790314555168152,0.9999999888241291,3.552713678800501e-15
68407,minus_z,one logical,Z,-1.0,0,16,8.0,-0.20127300918102264,0.6966185569763184,0.10829922556877136,1.0000000167638063,6.661338147750939e-16
68407,minus_z,one logical,Z,-1.0,1,16,8.0,-0.18039120733737946,0.6204731464385986,0.10829922556877136,0.999999962747097,0.0
68407,minus_z,one logical,Z,-1.0,0,17,8.5,0.5026189088821411,0.3230963945388794,0.05744723975658417,1.0000000018626451,4.3298697960381105e-15
68407,minus_z,one logical,Z,-1.0,1,17,8.5,-0.016933664679527283,0.35670918226242065,0.05744723975658417,0.9999999403953552,-1.9984014443252818e-15
68407,minus_z,one logical,Z,-1.0,0,18,9.0,0.020583022385835648,0.3754982352256775,0.1657271385192871,0.9999999795109034,8.881784197001252e-16
68407,minus_z,one logical,Z,-1.0,1,18,9.0,-0.22679948806762695,0.5660468339920044,0.1657271385192871,1.000000026077032,-2.886579864025407e-15
68407,minus_z,one logical,Z,-1.0,0,19,9.5,0.17989318072795868,0.4897512197494507,0.19919058680534363,1.0000000689178705,-3.552713678800501e-15
68407,minus_z,one logical,Z,-1.0,1,19,9.5,0.03915770351886749,0.3768807649612427,0.19919058680534363,0.9999999776482582,-8.326672684688674e-16
68407,minus_z,one logical,Z,-1.0,0,20,10.0,-0.20033001899719238,0.6242715120315552,0.07075756788253784,1.0000000298023224,3.552713678800501e-15
68407,minus_z,one logical,Z,-1.0,1,20,10.0,-0.284517765045166,0.5246433019638062,0.07075756788253784,1.0000000037252903,8.881784197001252e-16
68407,minus_z,one logical,Z,-1.0,0,21,10.5,0.12169325351715088,0.5860122442245483,0.15731924772262573,0.999999925494194,-8.881784197001252e-16
68407,minus_z,one logical,Z,-1.0,1,21,10.5,-0.24511295557022095,0.3719565272331238,0.15731924772262573,1.0000000074505806,-6.38378239159465e-15
68407,plus_x,x logical,X,1.0,0,1,0.5,0.7408186793327332,0.7701550722122192,0.6278870701789856,1.0000000373984221,2.4424906541753444e-15
68407,plus_x,x logical,X,1.0,1,1,0.5,0.7408186793327332,0.7701550722122192,0.6278870701789856,1.0000000373984221,2.4424906541753444e-15
68407,plus_x,x logical,X,1.0,0,2,1.0,0.19628596305847168,0.5244492292404175,0.24276621639728546,1.0000000428408384,2.275957200481571e-15
68407,plus_x,x logical,X,1.0,1,2,1.0,0.19628596305847168,0.4755507707595825,0.24276621639728546,1.0000000037252903,1.7763568394002505e-15
68407,plus_x,x logical,X,1.0,0,3,1.5,0.30422481894493103,0.5202088952064514,0.0890333354473114,1.0000000037252903,-3.3584246494910985e-15
68407,plus_x,x logical,X,1.0,1,3,1.5,0.49427977204322815,0.3664853870868683,0.0890333354473114,1.0000000018626451,-1.1102230246251565e-15
68407,plus_x,x logical,X,1.0,0,4,2.0,0.1586519181728363,0.4321255087852478,0.3888028562068939,0.9999999590218067,2.4424906541753444e-15
68407,plus_x,x logical,X,1.0,1,4,2.0,0.2528652548789978,0.364604115486145,0.3888028562068939,0.9999999608844519,8.881784197001252e-16
68407,plus_x,x logical,X,1.0,0,5,2.5,0.4528399407863617,0.4461284875869751,0.3651553690433502,1.000000063329935,8.881784197001252e-16
68407,plus_x,x logical,X,1.0,1,5,2.5,0.3225574493408203,0.4617340564727783,0.3651553690433502,0.9999999944120646,4.6629367034256575e-15
68407,plus_x,x logical,X,1.0,0,6,3.0,0.39219701290130615,0.5594429969787598,0.32225272059440613,1.0000000335276127,-3.9968028886505635e-15
68407,plus_x,x logical,X,1.0,1,6,3.0,0.3847786486148834,0.39519691467285156,0.32225272059440613,1.0000000298023224,-1.2878587085651816e-14
68407,plus_x,x logical,X,1.0,0,7,3.5,0.40663817524909973,0.6354012489318848,0.12190192937850952,1.0000000447034836,7.16093850883226e-15
68407,plus_x,x logical,X,1.0,1,7,3.5,0.13505113124847412,0.6102465391159058,0.12190192937850952,0.9999999031424522,-1.509903313490213e-14
68407,plus_x,x logical,X,1.0,0,8,4.0,0.1206369400024414,0.679146409034729,0.09665673226118088,1.0000000800937414,-3.552713678800501e-15
68407,plus_x,x logical,X,1.0,1,8,4.0,0.1376415193080902,0.3308010697364807,0.09665673226118088,0.9999999590218067,-3.1086244689504383e-15
68407,plus_x,x logical,X,1.0,0,9,4.5,0.512537956237793,0.5657835602760315,0.3055785298347473,1.0000000270083547,-3.0531133177191805e-15
68407,plus_x,x logical,X,1.0,1,9,4.5,0.02728860080242157,0.46489888429641724,0.3055785298347473,1.0000000335276127,-9.783840404509192e-16
68407,plus_x,x logical,X,1.0,0,10,5.0,0.16783004999160767,0.4726681709289551,0.30786508321762085,1.000000013038516,2.886579864025407e-15
68407,plus_x,x logical,X,1.0,1,10,5.0,-0.044388651847839355,0.7120751142501831,0.30786508321762085,1.0000000447034836,3.9968028886505635e-15
68407,plus_x,x logical,X,1.0,0,11,5.5,0.4352262020111084,0.5057156085968018,0.1826651245355606,1.0000000968575478,1.9984014443252818e-15
68407,plus_x,x logical,X,1.0,1,11,5.5,0.059117089956998825,0.5789663195610046,0.1826651245355606,0.9999999776482582,-3.774758283725532e-15
68407,plus_x,x logical,X,1.0,0,12,6.0,0.12626972794532776,0.44725579023361206,0.20451919734477997,1.0000000726431608,1.6653345369377348e-15
68407,plus_x,x logical,X,1.0,1,12,6.0,-0.12240969389677048,0.5428655743598938,0.20451919734477997,0.9999999776482582,3.9968028886505635e-15
68407,plus_x,x logical,X,1.0,0,13,6.5,0.36309006810188293,0.4592159390449524,0.2274549901485443,0.9999999888241291,1.9984014443252818e-15
68407,plus_x,x logical,X,1.0,1,13,6.5,-0.17057231068611145,0.5363731384277344,0.2274549901485443,0.9999999441206455,7.105427357601002e-15
68407,plus_x,x logical,X,1.0,0,14,7.0,0.04218612611293793,0.41282427310943604,0.1564258188009262,0.9999999161809683,1.9442780718748054e-14
68407,plus_x,x logical,X,1.0,1,14,7.0,-0.3833391070365906,0.7458925247192383,0.1564258188009262,1.0000000670552254,-2.886579864025407e-15
68407,plus_x,x logical,X,1.0,0,15,7.5,0.29990673065185547,0.49121350049972534,0.11036771535873413,1.0000000763684511,-5.384581669432009e-15
68407,plus_x,x logical,X,1.0,1,15,7.5,-0.16720841825008392,0.42262744903564453,0.11036771535873413,1.0000000298023224,8.215650382226158e-15
68407,plus_x,x logical,X,1.0,0,16,8.0,-0.06166248023509979,0.6014183163642883,0.13054384291172028,0.9999999888241291,2.220446049250313e-16
68407,plus_x,x logical,X,1.0,1,16,8.0,-0.3646353483200073,0.6846078634262085,0.13054384291172028,1.0000000428408384,-4.6629367034256575e-15
68407,plus_x,x logical,X,1.0,0,17,8.5,0.4214029014110565,0.6095278263092041,0.24303904175758362,1.000000037252903,-5.329070518200751e-15
68407,plus_x,x logical,X,1.0,1,17,8.5,-0.2505982518196106,0.7615171670913696,0.24303904175758362,0.9999999906867743,-2.6645352591003757e-15
68407,plus_x,x logical,X,1.0,0,18,9.0,-0.22299566864967346,0.5891401767730713,0.12524010241031647,1.0000000037252903,-3.552713678800501e-15
68407,plus_x,x logical,X,1.0,1,18,9.0,-0.4838451147079468,0.2511053681373596,0.12524010241031647,1.0000000931322575,-8.881784197001252e-16
68407,plus_x,x logical,X,1.0,0,19,9.5,0.2521917223930359,0.6019507646560669,0.1169244572520256,0.9999999944120646,-1.3322676295501878e-15
68407,plus_x,x logical,X,1.0,1,19,9.5,-0.3233630955219269,0.5738980770111084,0.1169244572520256,1.000000011175871,-8.104628079763643e-15
68407,plus_x,x logical,X,1.0,0,20,10.0,-0.27860644459724426,0.7176318168640137,0.1473219096660614,0.9999999944120646,1.4432899320127035e-15
68407,plus_x,x logical,X,1.0,1,20,10.0,-0.257813036441803,0.30986565351486206,0.1473219096660614,0.9999999664723873,1.687538997430238e-14
68407,plus_x,x logical,X,1.0,0,21,10.5,0.14926938712596893,0.3115917444229126,0.16307677328586578,1.0000000298023224,1.4654943925052066e-14
68407,plus_x,x logical,X,1.0,1,21,10.5,-0.14322832226753235,0.579625129699707,0.16307677328586578,0.999999962747097,2.6645352591003757e-15
68407,minus_x,-x logical,X,-1.0,0,1,0.5,0.26162102818489075,0.40557539463043213,0.3970959782600403,1.0000000573927537,2.609024107869118e-15
68407,minus_x,-x logical,X,-1.0,1,1,0.5,0.26162102818489075,0.40557539463043213,0.3970959782600403,1.0000000573927537,2.609024107869118e-15
68407,minus_x,-x logical,X,-1.0,0,2,1.0,-0.14610126614570618,0.6296592950820923,0.06618773192167282,0.9999999613501132,-3.3306690738754696e-16
68407,minus_x,-x logical,X,-1.0,1,2,1.0,-0.14610126614570618,0.6296592950820923,0.06618773192167282,0.9999999613501132,-3.3306690738754696e-16
68407,minus_x,-x logical,X,-1.0,0,3,1.5,0.15701788663864136,0.5233237147331238,0.005770276300609112,1.0000000707805157,5.773159728050814e-15
68407,minus_x,-x logical,X,-1.0,1,3,1.5,0.15701788663864136,0.4766762852668762,0.005770276300609112,1.000000063329935,4.440892098500626e-15
68407,minus_x,-x logical,X,-1.0,0,4,2.0,0.2602844536304474,0.5821211338043213,0.12838958203792572,1.0000000055879354,1.2212453270876722e-15
68407,minus_x,-x logical,X,-1.0,1,4,2.0,-0.2967635691165924,0.37274760007858276,0.12838958203792572,0.9999999515712261,1.2434497875801753e-14
68407,minus_x,-x logical,X,-1.0,0,5,2.5,0.07072731852531433,0.5550552606582642,0.08213511109352112,1.0000000204890966,-1.1102230246251565e-15
68407,minus_x,-x logical,X,-1.0,1,5,2.5,0.19442127645015717,0.6085307598114014,0.08213511109352112,1.0000000223517418,2.6645352591003757e-15
68407,minus_x,-x logical,X,-1.0,0,6,3.0,0.38893190026283264,0.3487473130226135,0.13196900486946106,1.0000000800937414,3.552713678800501e-15
68407,minus_x,-x logical,X,-1.0,1,6,3.0,0.008769072592258453,0.6373433470726013,0.13196900486946106,0.9999999236315489,-6.8833827526759706e-15
68407,minus_x,-x logical,X,-1.0,0,7,3.5,0.08632026612758636,0.6039181351661682,0.20969805121421814,0.9999999850988388,2.220446049250313e-15
68407,minus_x,-x logical,X,-1.0,1,7,3.5,0.3914961814880371,0.41023147106170654,0.20969805121421814,0.999999962747097,4.884981308350689e-15
68407,minus_x,-x logical,X,-1.0,0,8,4.0,-0.08002297580242157,0.4658659100532532,0.08058688044548035,1.000000006519258,-5.329070518200751e-15
68407,minus_x,-x logical,X,-1.0,1,8,4.0,-0.22265350818634033,0.5576755404472351,0.08058688044548035,1.0000000465661287,2.220446049250313e-16
68407,minus_x,-x logical,X,-1.0,0,9,4.5,0.014943219721317291,0.411861777305603,0.049729011952877045,0.9999999813735485,2.7755575615628914e-15
68407,minus_x,-x logical,X,-1.0,1,9,4.5,0.18204663693904877,0.6924648880958557,0.049729011952877045,0.9999999813735485,1.1379786002407855e-15
68407,minus_x,-x logical,X,-1.0,0,10,5.0,-0.26129376888275146,0.38921427726745605,0.16541606187820435,0.9999999441206455,-1.7763568394002505e-15
68407,minus_x,-x logical,X,-1.0,1,10,5.0,-0.15413621068000793,0.4527013599872589,0.16541606187820435,1.000000011175871,8.881784197001252e-16
68407,minus_x,-x logical,X,-1.0,0,11,5.5,-0.42377230525016785,0.5616350173950195,0.1664523482322693,1.000000037252903,3.552713678800501e-15
68407,minus_x,-x logical,X,-1.0,1,11,5.5,0.06199079751968384,0.5416281819343567,0.1664523482322693,1.0000000530853868,1.7763568394002505e-15
68407,minus_x,-x logical,X,-1.0,0,12,6.0,-0.1404150128364563,0.5930362939834595,0.1767580211162567,1.0000000037252903,-2.220446049250313e-15
68407,minus_x,-x logical,X,-1.0,1,12,6.0,-0.16569112241268158,0.6050841808319092,0.1767580211162567,1.0000000121071935,5.329070518200751e-15
68407,minus_x,-x logical,X,-1.0,0,13,6.5,-0.4084208607673645,0.5625216960906982,0.20379650592803955,1.0000000353902578,1.942890293094024e-15
68407,minus_x,-x logical,X,-1.0,1,13,6.5,0.18820872902870178,0.6969813108444214,0.20379650592803955,0.9999999664723873,-2.6645352591003757e-15
68407,minus_x,-x logical,X,-1.0,0,14,7.0,-0.17182204127311707,0.39414292573928833,0.13455303013324738,0.9999999888241291,3.552713678800501e-15
68407,minus_x,-x logical,X,-1.0,1,14,7.0,0.01504126563668251,0.6642734408378601,0.13455303013324738,0.9999999888241291,3.552713678800501e-15
68407,minus_x,-x logical,X,-1.0,0,15,7.5,-0.2980918288230896,0.4828636050224304,0.06569543480873108,1.000000100582838,1.0658141036401503e-14
68407,minus_x,-x logical,X,-1.0,1,15,7.5,0.06546325236558914,0.6303032636642456,0.06569543480873108,1.0000000279396772,-7.105427357601002e-15
68407,minus_x,-x logical,X,-1.0,0,16,8.0,-0.18923714756965637,0.6007137298583984,0.16743135452270508,1.0000000335276127,1.5543122344752192e-15
68407,minus_x,-x logical,X,-1.0,1,16,8.0,0.21343350410461426,0.7049709558486938,0.16743135452270508,1.0000000093132257,3.552713678800501e-15
68407,minus_x,-x logical,X,-1.0,0,17,8.5,-0.2880687415599823,0.45730161666870117,0.1049446314573288,0.9999999832361937,7.716050021144838e-15
68407,minus_x,-x logical,X,-1.0,1,17,8.5,0.09845539182424545,0.7440794706344604,0.1049446314573288,1.0000000409781933,-3.552713678800501e-15
68407,minus_x,-x logical,X,-1.0,0,18,9.0,-0.15089818835258484,0.5407014489173889,0.07931997627019882,0.9999999757856131,0.0
68407,minus_x,-x logical,X,-1.0,1,18,9.0,0.4266464412212372,0.2836505174636841,0.07931997627019882,1.0000000707805157,1.0658141036401503e-14
68407,minus_x,-x logical,X,-1.0,0,19,9.5,-0.40702664852142334,0.43662595748901367,0.10904945433139801,1.0000000558793545,-4.440892098500626e-15
68407,minus_x,-x logical,X,-1.0,1,19,9.5,0.2543013095855713,0.5686965584754944,0.10904945433139801,0.999999962747097,-2.4424906541753444e-15
68407,minus_x,-x logical,X,-1.0,0,20,10.0,-0.3189149498939514,0.4619433879852295,0.11211089044809341,1.0000000447034836,1.176836406102666e-14
68407,minus_x,-x logical,X,-1.0,1,20,10.0,0.17527034878730774,0.37144580483436584,0.11211089044809341,1.000000037252903,1.3322676295501878e-15
68407,minus_x,-x logical,X,-1.0,0,21,10.5,-0.43810924887657166,0.5606815814971924,0.1154661774635315,0.9999999683350325,-8.881784197001252e-16
68407,minus_x,-x logical,X,-1.0,1,21,10.5,-0.026008956134319305,0.6752802133560181,0.1154661774635315,0.9999999422580004,8.881784197001252e-15
68407,plus_y,y logical,Y,1.0,0,1,0.5,0.1911139339208603,0.6854500770568848,0.5944607257843018,1.0000000298023224,4.9404924595819466e-15
68407,plus_y,y logical,Y,1.0,1,1,0.5,0.1911139339208603,0.6854500770568848,0.5944607257843018,1.0000000298023224,4.9404924595819466e-15
68407,plus_y,y logical,Y,1.0,0,2,1.0,-0.3039325773715973,0.538901686668396,0.18958623707294464,0.9999999590218067,-2.55351295663786e-15
68407,plus_y,y logical,Y,1.0,1,2,1.0,-0.3039325773715973,0.461098313331604,0.18958623707294464,1.0,-1.7763568394002505e-15
68407,plus_y,y logical,Y,1.0,0,3,1.5,-0.012826532125473022,0.5446580052375793,0.057995159178972244,0.9999999664723873,-7.771561172376096e-16
68407,plus_y,y logical,Y,1.0,1,3,1.5,0.18821826577186584,0.38177788257598877,0.057995159178972244,1.0000000894069672,5.329070518200751e-15
68407,plus_y,y logical,Y,1.0,0,4,2.0,0.1621749997138977,0.4411747455596924,0.32407718896865845,0.9999999832361937,-2.220446049250313e-15
68407,plus_y,y logical,Y,1.0,1,4,2.0,-0.2333192527294159,0.5202605128288269,0.32407718896865845,0.9999999729916453,1.9984014443252818e-15
68407,plus_y,y logical,Y,1.0,0,5,2.5,0.2198164016008377,0.44171953201293945,0.2948944568634033,0.9999999813735485,-8.881784197001252e-16
68407,plus_y,y logical,Y,1.0,1,5,2.5,0.08206084370613098,0.4247555136680603,0.2948944568634033,1.0000000409781933,-5.773159728050814e-15
68407,plus_y,y logical,Y,1.0,0,6,3.0,0.1525459587574005,0.5384595990180969,0.19785413146018982,1.0000000204890966,-3.3306690738754696e-15
68407,plus_y,y logical,Y,1.0,1,6,3.0,0.11495145410299301,0.549213171005249,0.19785413146018982,0.9999999278225005,8.881784197001252e-16
68407,plus_y,y logical,Y,1.0,0,7,3.5,0.16963061690330505,0.647403359413147,0.17222179472446442,0.9999999068677425,1.3766765505351941e-14
68407,plus_y,y logical,Y,1.0,1,7,3.5,0.05551477521657944,0.4464128613471985,0.17222179472446442,1.0000000037252903,4.440892098500626e-16
68407,plus_y,y logical,Y,1.0,0,8,4.0,0.26858586072921753,0.7010823488235474,0.20443542301654816,0.9999999292194843,8.43769498715119e-15
68407,plus_y,y logical,Y,1.0,1,8,4.0,0.168187215924263,0.4972240924835205,0.20443542301654816,0.9999999739229679,0.0
68407,plus_y,y logical,Y,1.0,0,9,4.5,0.1699698567390442,0.5363911390304565,0.2745041251182556,0.9999999664723873,1.3322676295501878e-15
68407,plus_y,y logical,Y,1.0,1,9,4.5,-0.3948790431022644,0.5316346883773804,0.2745041251182556,1.0000000558793545,4.218847493575595e-15
68407,plus_y,y logical,Y,1.0,0,10,5.0,0.10262176394462585,0.5626075863838196,0.4235042929649353,1.000000013038516,7.771561172376096e-16
68407,plus_y,y logical,Y,1.0,1,10,5.0,0.1533806473016739,0.677504301071167,0.4235042929649353,1.0000000055879354,1.1102230246251565e-16
68407,plus_y,y logical,Y,1.0,0,11,5.5,-0.1363620162010193,0.45142221450805664,0.2871280908584595,1.0000000707805157,-8.881784197001252e-15
68407,plus_y,y logical,Y,1.0,1,11,5.5,-0.4295228123664856,0.6240261793136597,0.2871280908584595,1.0000000335276127,-4.884981308350689e-15
68407,plus_y,y logical,Y,1.0,0,12,6.0,0.16642510890960693,0.5597177743911743,0.2533106207847595,1.0000000149011612,8.881784197001252e-16
68407,plus_y,y logical,Y,1.0,1,12,6.0,0.16059510409832,0.366851270198822,0.2533106207847595,1.0000000223517418,-7.105427357601002e-15
68407,plus_y,y logical,Y,1.0,0,13,6.5,-0.001759074628353119,0.6099472641944885,0.3942417502403259,0.9999999962747097,4.440892098500626e-16
68407,plus_y,y logical,Y,1.0,1,13,6.5,0.251567006111145,0.5014936923980713,0.3942417502403259,1.0000000558793545,-1.3322676295501878e-14
68407,plus_y,y logical,Y,1.0,0,14,7.0,-0.23017306625843048,0.42775535583496094,0.3962729573249817,1.0000000186264515,-7.771561172376096e-16
68407,plus_y,y logical,Y,1.0,1,14,7.0,0.030002251267433167,0.4636296033859253,0.3962729573249817,1.0000000186264515,0.0
68407,plus_y,y logical,Y,1.0,0,15,7.5,0.17921686172485352,0.4904373586177826,0.1567036658525467,0.9999999664723873,3.552713678800501e-15
68407,plus_y,y logical,Y,1.0,1,15,7.5,0.03952022269368172,0.5050378441810608,0.1567036658525467,1.0000000484287739,7.993605777301127e-15
68407,plus_y,y logical,Y,1.0,0,16,8.0,0.013507865369319916,0.5329359769821167,0.35107311606407166,0.9999999664723873,-1.7763568394002505e-15
68407,plus_y,y logical,Y,1.0,1,16,8.0,0.14167019724845886,0.559062123298645,0.35107311606407166,1.000000011175871,-4.3298697960381105e-15
68407,plus_y,y logical,Y,1.0,0,17,8.5,-0.2588483393192291,0.5727416276931763,0.27909111976623535,1.0000000223517418,2.4424906541753444e-15
68407,plus_y,y logical,Y,1.0,1,17,8.5,0.2503376603126526,0.7486386895179749,0.27909111976623535,0.9999999571591616,-4.440892098500626e-15
68407,plus_y,y logical,Y,1.0,0,18,9.0,-0.10832776129245758,0.4902549982070923,0.27246853709220886,0.9999999515712261,8.881784197001252e-16
68407,plus_y,y logical,Y,1.0,1,18,9.0,-0.1705162227153778,0.5719766020774841,0.27246853709220886,1.0000000037252903,-2.6645352591003757e-15
68407,plus_y,y logical,Y,1.0,0,19,9.5,-0.10705992579460144,0.30999642610549927,0.25630655884742737,0.9999999217689037,-1.0658141036401503e-14
68407,plus_y,y logical,Y,1.0,1,19,9.5,0.08488944917917252,0.4724586606025696,0.25630655884742737,1.0,2.6645352591003757e-15
68407,plus_y,y logical,Y,1.0,0,20,10.0,0.30144351720809937,0.5118963122367859,0.1246524304151535,1.000000011175871,-5.662137425588298e-15
68407,plus_y,y logical,Y,1.0,1,20,10.0,0.05238234996795654,0.45362091064453125,0.1246524304151535,1.0000000335276127,-8.881784197001252e-15
68407,plus_y,y logical,Y,1.0,0,21,10.5,-0.046664994210004807,0.46376922726631165,0.20894688367843628,0.9999999646097422,8.881784197001252e-15
68407,plus_y,y logical,Y,1.0,1,21,10.5,0.2750236988067627,0.40898993611335754,0.20894688367843628,1.0000000223517418,4.6629367034256575e-15
68407,minus_y,-y logical,Y,-1.0,0,1,0.5,0.30936211347579956,0.6857613921165466,0.5948164463043213,1.000000037252903,-1.1102230246251565e-15
68407,minus_y,-y logical,Y,-1.0,1,1,0.5,0.30936211347579956,0.6857613921165466,0.5948164463043213,1.000000037252903,-1.1102230246251565e-15
68407,minus_y,-y logical,Y,-1.0,0,2,1.0,-0.19027039408683777,0.46113622188568115,0.16978229582309723,1.0000000521540642,6.661338147750939e-16
68407,minus_y,-y logical,Y,-1.0,1,2,1.0,-0.19027039408683777,0.46113622188568115,0.16978229582309723,1.0000000521540642,6.661338147750939e-16
68407,minus_y,-y logical,Y,-1.0,0,3,1.5,-0.08493520319461823,0.382411390542984,0.05660860240459442,1.0000000093132257,-8.881784197001252e-15
68407,minus_y,-y logical,Y,-1.0,1,3,1.5,-0.08493520319461823,0.382411390542984,0.05660860240459442,1.0000000093132257,-8.881784197001252e-15
68407,minus_y,-y logical,Y,-1.0,0,4,2.0,-0.21645203232765198,0.28236889839172363,0.39627036452293396,1.0000000093132257,2.7533531010703882e-14
68407,minus_y,-y logical,Y,-1.0,1,4,2.0,-0.21645203232765198,0.7176311016082764,0.39627036452293396,0.9999999674037099,7.993605777301127e-15
68407,minus_y,-y logical,Y,-1.0,0,5,2.5,-0.20483487844467163,0.6148103475570679,0.36035582423210144,0.9999999366700649,1.5543122344752192e-15
68407,minus_y,-y logical,Y,-1.0,1,5,2.5,0.07677683234214783,0.4736696779727936,0.36035582423210144,1.0000000428408384,-5.773159728050814e-15
68407,minus_y,-y logical,Y,-1.0,0,6,3.0,-0.2272154986858368,0.5334750413894653,0.1619812250137329,0.9999999739229679,5.10702591327572e-15
68407,minus_y,-y logical,Y,-1.0,1,6,3.0,-0.019574187695980072,0.49683284759521484,0.1619812250137329,1.0000000707805157,-1.3877787807814457e-14
68407,minus_y,-y logical,Y,-1.0,0,7,3.5,-0.19816294312477112,0.5185274481773376,0.11777350306510925,1.0000000279396772,-4.440892098500626e-15
68407,minus_y,-y logical,Y,-1.0,1,7,3.5,-0.19504967331886292,0.5380191206932068,0.11777350306510925,0.9999999459832907,7.993605777301127e-15
68407,minus_y,-y logical,Y,-1.0,0,8,4.0,-0.020258121192455292,0.575360894203186,0.26403889060020447,1.0000000186264515,-5.10702591327572e-15
68407,minus_y,-y logical,Y,-1.0,1,8,4.0,-0.0999494194984436,0.6232262849807739,0.26403889060020447,1.0000000298023224,-3.913536161803677e-15
68407,minus_y,-y logical,Y,-1.0,0,9,4.5,-0.09553077071905136,0.49793779850006104,0.2770386040210724,0.9999999422580004,-1.7763568394002505e-15
68407,minus_y,-y logical,Y,-1.0,1,9,4.5,0.3135501742362976,0.5535470247268677,0.2770386040210724,1.000000050291419,-3.552713678800501e-15
68407,minus_y,-y logical,Y,-1.0,0,10,5.0,-0.11391323804855347,0.5248569250106812,0.14268401265144348,1.0000001033768058,3.552713678800501e-15
68407,minus_y,-y logical,Y,-1.0,1,10,5.0,-0.09727579355239868,0.4586835503578186,0.14268401265144348,1.0000000298023224,4.773959005888173e-15
68407,minus_y,-y logical,Y,-1.0,0,11,5.5,-0.10854100435972214,0.37487077713012695,0.1950308233499527,1.0000000558793545,1.9984014443252818e-15
68407,minus_y,-y logical,Y,-1.0,1,11,5.5,-0.22072042524814606,0.4910648465156555,0.1950308233499527,0.9999999701976776,-5.329070518200751e-15
68407,minus_y,-y logical,Y,-1.0,0,12,6.0,-0.15834902226924896,0.5317285656929016,0.17651453614234924,1.0000000149011612,4.440892098500626e-15
68407,minus_y,-y logical,Y,-1.0,1,12,6.0,-0.15981537103652954,0.34010183811187744,0.17651453614234924,0.9999999888241291,7.993605777301127e-15
68407,minus_y,-y logical,Y,-1.0,0,13,6.5,-0.2373189777135849,0.5500969886779785,0.2303663045167923,1.0000000149011612,-4.440892098500626e-15
68407,minus_y,-y logical,Y,-1.0,1,13,6.5,-0.17588338255882263,0.4426777958869934,0.2303663045167923,1.000000037252903,7.993605777301127e-15
68407,minus_y,-y logical,Y,-1.0,0,14,7.0,-0.21004414558410645,0.7170543670654297,0.18114995956420898,0.9999999832361937,1.7763568394002505e-15
68407,minus_y,-y logical,Y,-1.0,1,14,7.0,-0.22146452963352203,0.4146950840950012,0.18114995956420898,1.0,-5.329070518200751e-15
68407,minus_y,-y logical,Y,-1.0,0,15,7.5,0.03713744133710861,0.49853086471557617,0.16956418752670288,0.9999999916180968,4.440892098500626e-15
68407,minus_y,-y logical,Y,-1.0,1,15,7.5,0.16814827919006348,0.45136672258377075,0.16956418752670288,0.9999999403953552,-1.4155343563970746e-14
68407,minus_y,-y logical,Y,-1.0,0,16,8.0,-0.02121095359325409,0.5421816110610962,0.17340528964996338,1.0000000186264515,-4.773959005888173e-15
68407,minus_y,-y logical,Y,-1.0,1,16,8.0,-0.16026324033737183,0.6031957864761353,0.17340528964996338,1.0000000223517418,0.0
68407,minus_y,-y logical,Y,-1.0,0,17,8.5,0.33862602710723877,0.6090959906578064,0.21051177382469177,0.9999999701976776,1.7763568394002505e-15
68407,minus_y,-y logical,Y,-1.0,1,17,8.5,0.1371467411518097,0.5465630292892456,0.21051177382469177,0.9999999925494194,-1.3322676295501878e-15
68407,minus_y,-y logical,Y,-1.0,0,18,9.0,-0.1334172785282135,0.7270665168762207,0.18836957216262817,1.0000000298023224,-1.7763568394002505e-15
68407,minus_y,-y logical,Y,-1.0,1,18,9.0,-0.008348751813173294,0.5801844000816345,0.18836957216262817,0.9999999813735485,-6.217248937900877e-15
68407,minus_y,-y logical,Y,-1.0,0,19,9.5,0.3591489791870117,0.375244140625,0.24213460087776184,1.000000074505806,5.329070518200751e-15
68407,minus_y,-y logical,Y,-1.0,1,19,9.5,0.2674470543861389,0.5631055235862732,0.24213460087776184,1.0000000298023224,3.1086244689504383e-15
68407,minus_y,-y logical,Y,-1.0,0,20,10.0,-0.1770159751176834,0.5069021582603455,0.14402207732200623,0.9999999888241291,-2.6645352591003757e-15
68407,minus_y,-y logical,Y,-1.0,1,20,10.0,-0.019168797880411148,0.6482136249542236,0.14402207732200623,0.9999999850988388,8.881784197001252e-16
68407,minus_y,-y logical,Y,-1.0,0,21,10.5,-0.03990332782268524,0.5057146549224854,0.22592252492904663,0.9999999776482582,1.0658141036401503e-14
68407,minus_y,-y logical,Y,-1.0,1,21,10.5,0.18944090604782104,0.3611416220664978,0.22592252492904663,0.9999998994171619,-3.552713678800501e-15
68419,plus_z,zero logical,Z,1.0,0,1,0.5,0.3903922438621521,0.7482649087905884,0.5202900171279907,1.0000000316649675,-4.718447854656915e-16
68419,plus_z,zero logical,Z,1.0,1,1,0.5,0.3903922438621521,0.7482649087905884,0.5202900171279907,1.0000000316649675,-4.718447854656915e-16
68419,plus_z,zero logical,Z,1.0,0,2,1.0,0.6000292301177979,0.5455337166786194,0.5203518867492676,0.9999999962747097,5.551115123125783e-16
68419,plus_z,zero logical,Z,1.0,1,2,1.0,0.6000292301177979,0.5455337166786194,0.5203518867492676,0.9999999962747097,5.551115123125783e-16
68419,plus_z,zero logical,Z,1.0,0,3,1.5,0.441832959651947,0.4623202085494995,0.3777405023574829,1.0,-4.3298697960381105e-15
68419,plus_z,zero logical,Z,1.0,1,3,1.5,0.441832959651947,0.5376797914505005,0.3777405023574829,0.9999999348074198,-5.551115123125783e-17
68419,plus_z,zero logical,Z,1.0,0,4,2.0,0.2512330412864685,0.5031964778900146,0.3480494022369385,0.9999999525025487,2.6645352591003757e-15
68419,plus_z,zero logical,Z,1.0,1,4,2.0,0.4553806185722351,0.6350898742675781,0.3480494022369385,0.9999999755527824,0.0
68419,plus_z,zero logical,Z,1.0,0,5,2.5,0.5207500457763672,0.6100830435752869,0.5800298452377319,1.0000000726431608,1.6653345369377348e-15
68419,plus_z,zero logical,Z,1.0,1,5,2.5,0.4460981786251068,0.6389338970184326,0.5800298452377319,0.9999999841675162,-1.3322676295501878e-15
68419,plus_z,zero logical,Z,1.0,0,6,3.0,0.2467363476753235,0.544238269329071,0.46074748039245605,1.0000000186264515,1.3322676295501878e-15
68419,plus_z,zero logical,Z,1.0,1,6,3.0,0.5119285583496094,0.5856382846832275,0.46074748039245605,1.0000000456348062,2.9976021664879227e-15
68419,plus_z,zero logical,Z,1.0,0,7,3.5,0.5739612579345703,0.5170677304267883,0.44616228342056274,0.9999999925494194,7.105427357601002e-15
68419,plus_z,zero logical,Z,1.0,1,7,3.5,0.46631789207458496,0.6251689791679382,0.44616228342056274,1.000000024214387,6.661338147750939e-16
68419,plus_z,zero logical,Z,1.0,0,8,4.0,0.06963246315717697,0.3726823925971985,0.5087355375289917,0.9999999403953552,-7.549516567451064e-15
68419,plus_z,zero logical,Z,1.0,1,8,4.0,0.40010565519332886,0.36471956968307495,0.5087355375289917,1.0000000670552254,3.1086244689504383e-15
68419,plus_z,zero logical,Z,1.0,0,9,4.5,0.16917119920253754,0.6082793474197388,0.07452084124088287,1.0000000428408384,-4.440892098500626e-16
68419,plus_z,zero logical,Z,1.0,1,9,4.5,0.2774125337600708,0.5288276672363281,0.07452084124088287,0.9999999701976776,6.217248937900877e-15
68419,plus_z,zero logical,Z,1.0,0,10,5.0,-0.11229503154754639,0.5160079002380371,0.2580459713935852,0.9999999478459358,4.440892098500626e-15
68419,plus_z,zero logical,Z,1.0,1,10,5.0,0.21166300773620605,0.5883289575576782,0.2580459713935852,1.0000000335276127,4.218847493575595e-15
68419,plus_z,zero logical,Z,1.0,0,11,5.5,0.02823483943939209,0.5826603770256042,0.3388785123825073,1.0000000186264515,3.774758283725532e-15
68419,plus_z,zero logical,Z,1.0,1,11,5.5,0.6696058511734009,0.4489598274230957,0.3388785123825073,1.0000000428408384,7.105427357601002e-15
68419,plus_z,zero logical,Z,1.0,0,12,6.0,-0.3369081914424896,0.392432302236557,0.1536579132080078,0.9999999962747097,-3.552713678800501e-15
68419,plus_z,zero logical,Z,1.0,1,12,6.0,0.14120075106620789,0.5213494300842285,0.1536579132080078,1.0000000046566129,-9.769962616701378e-15
68419,plus_z,zero logical,Z,1.0,0,13,6.5,-0.22948911786079407,0.35803818702697754,0.16824276745319366,0.9999999515712261,-9.325873406851315e-15
68419,plus_z,zero logical,Z,1.0,1,13,6.5,0.3302139639854431,0.4315486550331116,0.16824276745319366,0.9999999515712261,-6.467049118441537e-15
68419,plus_z,zero logical,Z,1.0,0,14,7.0,-0.11256514489650726,0.4094119071960449,0.16702720522880554,1.000000011175871,4.440892098500626e-15
68419,plus_z,zero logical,Z,1.0,1,14,7.0,0.21271827816963196,0.6022782325744629,0.16702720522880554,1.0000000074505806,7.507883204027621e-15
68419,plus_z,zero logical,Z,1.0,0,15,7.5,0.25264278054237366,0.5899707078933716,0.22029003500938416,1.0000000651925802,3.552713678800501e-15
68419,plus_z,zero logical,Z,1.0,1,15,7.5,0.43412208557128906,0.6846598982810974,0.22029003500938416,0.9999999180436134,-2.4424906541753444e-15
68419,plus_z,zero logical,Z,1.0,0,16,8.0,-0.028586041182279587,0.42780959606170654,0.20263835787773132,1.0000000335276127,1.1546319456101628e-14
68419,plus_z,zero logical,Z,1.0,1,16,8.0,0.14357826113700867,0.6261583566665649,0.20263835787773132,0.9999999981373549,1.7763568394002505e-15
68419,plus_z,zero logical,Z,1.0,0,17,8.5,0.13965581357479095,0.5997241735458374,0.15333957970142365,1.000000063329935,-8.881784197001252e-16
68419,plus_z,zero logical,Z,1.0,1,17,8.5,0.35689330101013184,0.5252329111099243,0.15333957970142365,1.000000024214387,5.10702591327572e-15
68419,plus_z,zero logical,Z,1.0,0,18,9.0,0.026737123727798462,0.6500015258789062,0.24436257779598236,1.0000000409781933,6.217248937900877e-15
68419,plus_z,zero logical,Z,1.0,1,18,9.0,0.23395222425460815,0.5856191515922546,0.24436257779598236,1.0000000149011612,3.552713678800501e-15
68419,plus_z,zero logical,Z,1.0,0,19,9.5,0.11537156999111176,0.585058331489563,0.2151937633752823,1.0000000949949026,-4.385380947269368e-15
68419,plus_z,zero logical,Z,1.0,1,19,9.5,0.27372124791145325,0.6545168161392212,0.2151937633752823,1.000000074505806,1.9984014443252818e-15
68419,plus_z,zero logical,Z,1.0,0,20,10.0,0.0566844642162323,0.5385345816612244,0.21303175389766693,1.0000000596046448,-1.1102230246251565e-15
68419,plus_z,zero logical,Z,1.0,1,20,10.0,0.17811647057533264,0.38197359442710876,0.21303175389766693,1.0000000149011612,-7.993605777301127e-15
68419,plus_z,zero logical,Z,1.0,0,21,10.5,0.022373922169208527,0.3981778025627136,0.25001204013824463,1.0,2.220446049250313e-15
68419,plus_z,zero logical,Z,1.0,1,21,10.5,0.15994441509246826,0.376509428024292,0.25001204013824463,1.000000026077032,8.881784197001252e-16
68419,minus_z,one logical,Z,-1.0,0,1,0.5,0.05057681351900101,0.6229467391967773,0.7399351596832275,1.000000026077032,-1.3322676295501878e-15
68419,minus_z,one logical,Z,-1.0,1,1,0.5,0.47344332933425903,0.37705326080322266,0.7399351596832275,0.9999999839346856,-1.8318679906315083e-15
68419,minus_z,one logical,Z,-1.0,0,2,1.0,-0.5866207480430603,0.4691063165664673,0.04748077690601349,1.0000000186264515,1.8318679906315083e-15
68419,minus_z,one logical,Z,-1.0,1,2,1.0,-0.2888103127479553,0.7497988343238831,0.04748077690601349,1.0000000193249434,3.9968028886505635e-15
68419,minus_z,one logical,Z,-1.0,0,3,1.5,-0.19180312752723694,0.6992311477661133,0.040482521057128906,1.0000000521540642,-3.774758283725532e-15
68419,minus_z,one logical,Z,-1.0,1,3,1.5,0.679425835609436,0.5120806694030762,0.040482521057128906,1.0000000605359674,-1.5543122344752192e-15
68419,minus_z,one logical,Z,-1.0,0,4,2.0,-0.3540772795677185,0.4383940100669861,0.05837302282452583,1.000000063329935,-1.9845236565174673e-15
68419,minus_z,one logical,Z,-1.0,1,4,2.0,-0.11202685534954071,0.2970244884490967,0.05837302282452583,1.0000000316649675,2.220446049250313e-15
68419,minus_z,one logical,Z,-1.0,0,5,2.5,-0.23910078406333923,0.39607423543930054,0.0633530393242836,1.000000024214387,-7.549516567451064e-15
68419,minus_z,one logical,Z,-1.0,1,5,2.5,0.3412667512893677,0.5604345798492432,0.0633530393242836,1.000000037252903,-9.103828801926284e-15
68419,minus_z,one logical,Z,-1.0,0,6,3.0,-0.20606881380081177,0.4161321520805359,0.12907014787197113,1.0000000074505806,6.994405055138486e-15
68419,minus_z,one logical,Z,-1.0,1,6,3.0,0.12391352653503418,0.5655996799468994,0.12907014787197113,0.999999962747097,6.217248937900877e-15
68419,minus_z,one logical,Z,-1.0,0,7,3.5,-0.2638387084007263,0.45183467864990234,0.1283676028251648,1.0000000055879354,1.0658141036401503e-14
68419,minus_z,one logical,Z,-1.0,1,7,3.5,0.2566777169704437,0.3537229299545288,0.1283676028251648,0.9999999813735485,6.661338147750939e-15
68419,minus_z,one logical,Z,-1.0,0,8,4.0,-0.23772281408309937,0.5425308346748352,0.08797205239534378,1.0000000149011612,8.881784197001252e-16
68419,minus_z,one logical,Z,-1.0,1,8,4.0,0.14958307147026062,0.41981005668640137,0.08797205239534378,1.0000000428408384,-1.9095836023552692e-14
68419,minus_z,one logical,Z,-1.0,0,9,4.5,-0.5137438178062439,0.46266722679138184,0.21540722250938416,0.9999999664723873,-1.0283440765590512e-14
68419,minus_z,one logical,Z,-1.0,1,9,4.5,0.020631909370422363,0.46870821714401245,0.21540722250938416,1.000000037252903,1.865174681370263e-14
68419,minus_z,one logical,Z,-1.0,0,10,5.0,-0.1818830668926239,0.5350716710090637,0.21817880868911743,0.9999999701976776,2.6645352591003757e-15
68419,minus_z,one logical,Z,-1.0,1,10,5.0,0.11274400353431702,0.3009100556373596,0.21817880868911743,0.9999999292194843,-1.9539925233402755e-14
68419,minus_z,one logical,Z,-1.0,0,11,5.5,-0.4723353385925293,0.5406185388565063,0.11867240071296692,1.0000000428408384,3.6637359812630166e-15
68419,minus_z,one logical,Z,-1.0,1,11,5.5,-0.3087415397167206,0.5090401768684387,0.11867240071296692,1.0000000856816769,8.659739592076221e-15
68419,minus_z,one logical,Z,-1.0,0,12,6.0,-0.16743096709251404,0.45465660095214844,0.09107115119695663,0.9999999683350325,-2.220446049250313e-16
68419,minus_z,one logical,Z,-1.0,1,12,6.0,-0.2858157753944397,0.4406166672706604,0.09107115119695663,1.000000050291419,2.375877272697835e-14
68419,minus_z,one logical,Z,-1.0,0,13,6.5,-0.38593804836273193,0.5960943102836609,0.09385056048631668,1.0000000149011612,1.7763568394002505e-15
68419,minus_z,one logical,Z,-1.0,1,13,6.5,-0.4117863178253174,0.48193812370300293,0.09385056048631668,1.000000074505806,1.7763568394002505e-15
68419,minus_z,one logical,Z,-1.0,0,14,7.0,0.1234171986579895,0.3368333578109741,0.1471538245677948,0.9999999888241291,-7.105427357601002e-15
68419,minus_z,one logical,Z,-1.0,1,14,7.0,-0.10790053009986877,0.5610294342041016,0.1471538245677948,0.9999999925494194,1.199040866595169e-14
68419,minus_z,one logical,Z,-1.0,0,15,7.5,-0.01386268064379692,0.6254804134368896,0.1076510027050972,0.999999962747097,-3.552713678800501e-15
68419,minus_z,one logical,Z,-1.0,1,15,7.5,-0.431043803691864,0.33016353845596313,0.1076510027050972,1.000000026077032,2.6645352591003757e-15
68419,minus_z,one logical,Z,-1.0,0,16,8.0,0.4303011894226074,0.555219292640686,0.12098344415426254,0.999999925494194,-3.552713678800501e-15
68419,minus_z,one logical,Z,-1.0,1,16,8.0,-0.09233291447162628,0.5493762493133545,0.12098344415426254,1.0000000577419996,6.661338147750939e-16
68419,minus_z,one logical,Z,-1.0,0,17,8.5,0.02385970950126648,0.6824448704719543,0.15386971831321716,0.9999999981373549,-3.552713678800501e-15
68419,minus_z,one logical,Z,-1.0,1,17,8.5,-0.20094972848892212,0.519601047039032,0.15386971831321716,1.0000000409781933,4.440892098500626e-15
68419,minus_z,one logical,Z,-1.0,0,18,9.0,0.28439176082611084,0.4152988791465759,0.1760549545288086,0.9999999366700649,3.9968028886505635e-15
68419,minus_z,one logical,Z,-1.0,1,18,9.0,-0.07488292455673218,0.5430260300636292,0.1760549545288086,0.9999999515712261,-9.769962616701378e-15
68419,minus_z,one logical,Z,-1.0,0,19,9.5,0.19600149989128113,0.35846054553985596,0.05877073109149933,1.000000026077032,-3.9968028886505635e-15
68419,minus_z,one logical,Z,-1.0,1,19,9.5,-0.25205257534980774,0.39788874983787537,0.05877073109149933,1.0000000074505806,0.0
68419,minus_z,one logical,Z,-1.0,0,20,10.0,0.033269986510276794,0.6389147043228149,0.11634127795696259,0.9999999925494194,-2.6645352591003757e-15
68419,minus_z,one logical,Z,-1.0,1,20,10.0,-0.10740680247545242,0.5748871564865112,0.11634127795696259,0.9999999888241291,-1.7763568394002505e-15
68419,minus_z,one logical,Z,-1.0,0,21,10.5,0.1339738667011261,0.6350563168525696,0.09907875955104828,0.9999999962747097,3.885780586188048e-16
68419,minus_z,one logical,Z,-1.0,1,21,10.5,-0.3005690574645996,0.36653590202331543,0.09907875955104828,1.0000000149011612,1.9761969838327786e-14
68419,plus_x,x logical,X,1.0,0,1,0.5,0.7408186793327332,0.7701550722122192,0.6278870701789856,1.0000000373984221,2.4424906541753444e-15
68419,plus_x,x logical,X,1.0,1,1,0.5,0.7408186793327332,0.7701550722122192,0.6278870701789856,1.0000000373984221,2.4424906541753444e-15
68419,plus_x,x logical,X,1.0,0,2,1.0,0.19628596305847168,0.5244492292404175,0.24276621639728546,1.0000000428408384,2.275957200481571e-15
68419,plus_x,x logical,X,1.0,1,2,1.0,0.19628596305847168,0.4755507707595825,0.24276621639728546,1.0000000037252903,1.7763568394002505e-15
68419,plus_x,x logical,X,1.0,0,3,1.5,0.30422481894493103,0.5202088952064514,0.0890333354473114,1.0000000037252903,-3.3584246494910985e-15
68419,plus_x,x logical,X,1.0,1,3,1.5,0.49427977204322815,0.6335146427154541,0.0890333354473114,1.0000000577419996,3.3306690738754696e-16
68419,plus_x,x logical,X,1.0,0,4,2.0,0.1586519181728363,0.5678744912147522,0.24245484173297882,1.000000011175871,-5.329070518200751e-15
68419,plus_x,x logical,X,1.0,1,4,2.0,0.412156879901886,0.5117863416671753,0.24245484173297882,1.0000000223517418,3.552713678800501e-15
68419,plus_x,x logical,X,1.0,0,5,2.5,0.12159699201583862,0.5227590799331665,0.2883850932121277,1.0000000447034836,-5.773159728050814e-15
68419,plus_x,x logical,X,1.0,1,5,2.5,0.12890829145908356,0.4336913824081421,0.2883850932121277,1.0000000596046448,6.189493362285248e-15
68419,plus_x,x logical,X,1.0,0,6,3.0,0.028339041396975517,0.5805224776268005,0.1323603093624115,0.9999999096617103,2.220446049250313e-15
68419,plus_x,x logical,X,1.0,1,6,3.0,0.23145148158073425,0.5538930892944336,0.1323603093624115,1.0000000186264515,7.993605777301127e-15
68419,plus_x,x logical,X,1.0,0,7,3.5,0.3876391351222992,0.49498075246810913,0.29231202602386475,1.0000000167638063,-1.1102230246251565e-14
68419,plus_x,x logical,X,1.0,1,7,3.5,0.3906536400318146,0.6487751007080078,0.29231202602386475,1.0000000391155481,8.881784197001252e-16
68419,plus_x,x logical,X,1.0,0,8,4.0,0.041274294257164,0.5664566159248352,0.33418482542037964,0.9999999888241291,5.773159728050814e-15
68419,plus_x,x logical,X,1.0,1,8,4.0,0.29974308609962463,0.6174064874649048,0.33418482542037964,1.0000000447034836,4.440892098500626e-15
68419,plus_x,x logical,X,1.0,0,9,4.5,0.5276432633399963,0.2991306781768799,0.3596530556678772,0.9999999143183231,2.5757174171303632e-14
68419,plus_x,x logical,X,1.0,1,9,4.5,0.3333944082260132,0.6147110462188721,0.3596530556678772,1.0000000447034836,7.105427357601002e-15
68419,plus_x,x logical,X,1.0,0,10,5.0,0.15158328413963318,0.5530137419700623,0.20559896528720856,1.000000063329935,-6.217248937900877e-15
68419,plus_x,x logical,X,1.0,1,10,5.0,0.22572195529937744,0.6484665274620056,0.20559896528720856,0.9999999906867743,-3.552713678800501e-15
68419,plus_x,x logical,X,1.0,0,11,5.5,0.3347139060497284,0.352799654006958,0.2483426034450531,1.0,2.6645352591003757e-15
68419,plus_x,x logical,X,1.0,1,11,5.5,0.2103041708469391,0.6378922462463379,0.2483426034450531,0.9999999646097422,-1.4654943925052066e-14
68419,plus_x,x logical,X,1.0,0,12,6.0,0.12450811266899109,0.443523645401001,0.24871733784675598,1.0000000223517418,-1.7763568394002505e-15
68419,plus_x,x logical,X,1.0,1,12,6.0,0.2977025806903839,0.6367828845977783,0.24871733784675598,0.9999999850988388,1.021405182655144e-14
68419,plus_x,x logical,X,1.0,0,13,6.5,-0.2270383983850479,0.38163989782333374,0.1875760704278946,1.000000100582838,-8.881784197001252e-15
68419,plus_x,x logical,X,1.0,1,13,6.5,0.12273915112018585,0.6563982963562012,0.1875760704278946,1.000000024214387,6.217248937900877e-15
68419,plus_x,x logical,X,1.0,0,14,7.0,0.2880770266056061,0.49402332305908203,0.2501320242881775,0.9999999552965164,-3.1086244689504383e-15
68419,plus_x,x logical,X,1.0,1,14,7.0,0.2609136700630188,0.6533442139625549,0.2501320242881775,1.0000000447034836,8.881784197001252e-15
68419,plus_x,x logical,X,1.0,0,15,7.5,0.18398351967334747,0.5053718090057373,0.19359952211380005,1.0000000484287739,1.0547118733938987e-14
68419,plus_x,x logical,X,1.0,1,15,7.5,-0.04825282469391823,0.6644222736358643,0.19359952211380005,0.9999999701976776,-7.105427357601002e-15
68419,plus_x,x logical,X,1.0,0,16,8.0,0.14753428101539612,0.46632832288742065,0.22134874761104584,1.0000000298023224,-6.661338147750939e-16
68419,plus_x,x logical,X,1.0,1,16,8.0,0.28870445489883423,0.6531047224998474,0.22134874761104584,1.0000000223517418,1.021405182655144e-14
68419,plus_x,x logical,X,1.0,0,17,8.5,0.3049389719963074,0.49604570865631104,0.2703108787536621,1.0000000558793545,-7.549516567451064e-15
68419,plus_x,x logical,X,1.0,1,17,8.5,-0.16485092043876648,0.6968892216682434,0.2703108787536621,0.9999999590218067,-6.217248937900877e-15
68419,plus_x,x logical,X,1.0,0,18,9.0,0.06216812878847122,0.39801228046417236,0.21513822674751282,1.000000100582838,1.3766765505351941e-14
68419,plus_x,x logical,X,1.0,1,18,9.0,0.20399564504623413,0.6640623211860657,0.21513822674751282,1.0000000074505806,1.7763568394002505e-14
68419,plus_x,x logical,X,1.0,0,19,9.5,0.3047126531600952,0.49326425790786743,0.19406387209892273,0.9999999571591616,1.9984014443252818e-15
68419,plus_x,x logical,X,1.0,1,19,9.5,-0.28265833854675293,0.7027988433837891,0.19406387209892273,1.0000000223517418,1.5987211554602254e-14
68419,plus_x,x logical,X,1.0,0,20,10.0,0.38529258966445923,0.5210542678833008,0.23691454529762268,1.0000000074505806,2.6645352591003757e-15
68419,plus_x,x logical,X,1.0,1,20,10.0,0.13229018449783325,0.3246651887893677,0.23691454529762268,0.9999999217689037,-5.218048215738236e-15
68419,plus_x,x logical,X,1.0,0,21,10.5,0.08155591785907745,0.505669116973877,0.20460110902786255,1.000000011175871,-4.884981308350689e-15
68419,plus_x,x logical,X,1.0,1,21,10.5,-0.15717455744743347,0.5795494914054871,0.20460110902786255,0.9999999813735485,-2.6645352591003757e-15
68419,minus_x,-x logical,X,-1.0,0,1,0.5,0.26162102818489075,0.40557539463043213,0.5070261359214783,1.0000000573927537,2.609024107869118e-15
68419,minus_x,-x logical,X,-1.0,1,1,0.5,0.003087744116783142,0.5944246053695679,0.5070261359214783,0.9999999636784196,-8.881784197001252e-16
68419,minus_x,-x logical,X,-1.0,0,2,1.0,-0.14610126614570618,0.6296592950820923,0.0630030483007431,0.9999999613501132,-3.3306690738754696e-16
68419,minus_x,-x logical,X,-1.0,1,2,1.0,0.1280043125152588,0.6291696429252625,0.0630030483007431,1.0000000484287739,1.3322676295501878e-15
68419,minus_x,-x logical,X,-1.0,0,3,1.5,0.15701788663864136,0.4766762852668762,0.0161678995937109,1.000000063329935,4.440892098500626e-15
68419,minus_x,-x logical,X,-1.0,1,3,1.5,0.2569056451320648,0.5008705854415894,0.0161678995937109,1.0000000139698386,-2.220446049250313e-16
68419,minus_x,-x logical,X,-1.0,0,4,2.0,-0.2967635691165924,0.6272523999214172,0.07665251940488815,1.0000000093132257,-4.440892098500626e-16
68419,minus_x,-x logical,X,-1.0,1,4,2.0,0.4952971935272217,0.2518126964569092,0.07665251940488815,1.0000000540167093,4.718447854656915e-15
68419,minus_x,-x logical,X,-1.0,0,5,2.5,0.27417394518852234,0.7037515640258789,0.24671721458435059,1.0000000335276127,-2.220446049250313e-16
68419,minus_x,-x logical,X,-1.0,1,5,2.5,0.34378787875175476,0.6334441900253296,0.24671721458435059,0.9999999739229679,2.220446049250313e-16
68419,minus_x,-x logical,X,-1.0,0,6,3.0,-0.058696746826171875,0.6290476322174072,0.15537932515144348,0.9999999366700649,-6.7584826624056404e-15
68419,minus_x,-x logical,X,-1.0,1,6,3.0,0.32700327038764954,0.7084689140319824,0.15537932515144348,0.9999999823048711,1.1102230246251565e-15
68419,minus_x,-x logical,X,-1.0,0,7,3.5,0.2474880963563919,0.6698843836784363,0.15850293636322021,0.999999956227839,-8.659739592076221e-15
68419,minus_x,-x logical,X,-1.0,1,7,3.5,0.2454519122838974,0.6695204973220825,0.15850293636322021,1.0,-1.7763568394002505e-15
68419,minus_x,-x logical,X,-1.0,0,8,4.0,0.045434094965457916,0.6861453056335449,0.07891368120908737,1.0,-5.329070518200751e-15
68419,minus_x,-x logical,X,-1.0,1,8,4.0,0.37613630294799805,0.4689784646034241,0.07891368120908737,1.0000000149011612,-3.3306690738754696e-15
68419,minus_x,-x logical,X,-1.0,0,9,4.5,0.2204822301864624,0.7383644580841064,0.13586586713790894,1.000000009778887,2.7755575615628914e-16
68419,minus_x,-x logical,X,-1.0,1,9,4.5,0.39203619956970215,0.24277740716934204,0.13586586713790894,1.0000000074505806,2.220446049250313e-15
68419,minus_x,-x logical,X,-1.0,0,10,5.0,0.3261982500553131,0.7012190222740173,0.06512714177370071,0.9999999282881618,-3.9968028886505635e-15
68419,minus_x,-x logical,X,-1.0,1,10,5.0,0.022620858624577522,0.4024161100387573,0.06512714177370071,1.0000000465661287,6.661338147750939e-15
68419,minus_x,-x logical,X,-1.0,0,11,5.5,0.13960234820842743,0.7082617282867432,0.11533348262310028,1.0000000144355,-8.881784197001252e-16
68419,minus_x,-x logical,X,-1.0,1,11,5.5,0.1686418205499649,0.42432376742362976,0.11533348262310028,1.0,-1.3322676295501878e-14
68419,minus_x,-x logical,X,-1.0,0,12,6.0,0.4653298258781433,0.740695595741272,0.21337264776229858,1.0000000596046448,-7.549516567451064e-15
68419,minus_x,-x logical,X,-1.0,1,12,6.0,0.07168875634670258,0.3457454442977905,0.21337264776229858,0.9999999403953552,-1.0658141036401503e-14
68419,minus_x,-x logical,X,-1.0,0,13,6.5,0.1392834633588791,0.725416898727417,0.09706543385982513,0.9999999711290002,8.604228440844963e-16
68419,minus_x,-x logical,X,-1.0,1,13,6.5,0.08184545487165451,0.38864871859550476,0.09706543385982513,1.0000000335276127,1.0658141036401503e-14
68419,minus_x,-x logical,X,-1.0,0,14,7.0,0.6000156998634338,0.7435606122016907,0.11207157373428345,1.0000000707805157,2.220446049250313e-15
68419,minus_x,-x logical,X,-1.0,1,14,7.0,-0.03394371643662453,0.474794864654541,0.11207157373428345,1.000000037252903,8.881784197001252e-15
68419,minus_x,-x logical,X,-1.0,0,15,7.5,0.14151455461978912,0.717839777469635,0.10588248819112778,0.9999999664723873,-1.3600232051658168e-15
68419,minus_x,-x logical,X,-1.0,1,15,7.5,0.04772716760635376,0.37704867124557495,0.10588248819112778,1.000000100582838,-2.6645352591003757e-15
68419,minus_x,-x logical,X,-1.0,0,16,8.0,0.6447649598121643,0.7667039036750793,0.10735113173723221,0.9999999664723873,1.2212453270876722e-15
68419,minus_x,-x logical,X,-1.0,1,16,8.0,-0.03200441226363182,0.5087534189224243,0.10735113173723221,1.0000000074505806,-4.440892098500626e-16
68419,minus_x,-x logical,X,-1.0,0,17,8.5,0.20446254312992096,0.7275965213775635,0.07870038598775864,0.9999999636784196,-4.440892098500626e-16
68419,minus_x,-x logical,X,-1.0,1,17,8.5,-0.1294020116329193,0.51119464635849,0.07870038598775864,0.9999999366700649,2.3092638912203256e-14
68419,minus_x,-x logical,X,-1.0,0,18,9.0,0.645811915397644,0.7622328400611877,0.14975452423095703,1.0000000046566129,-8.881784197001252e-16
68419,minus_x,-x logical,X,-1.0,1,18,9.0,0.047345876693725586,0.5067500472068787,0.14975452423095703,0.9999999850988388,5.773159728050814e-15
68419,minus_x,-x logical,X,-1.0,0,19,9.5,0.26854604482650757,0.7309459447860718,0.0679413378238678,1.0000000093132257,-2.220446049250313e-16
68419,minus_x,-x logical,X,-1.0,1,19,9.5,0.0363132506608963,0.5497293472290039,0.0679413378238678,0.9999999552965164,3.597122599785507e-14
68419,minus_x,-x logical,X,-1.0,0,20,10.0,0.6124904155731201,0.7683306932449341,0.10616277158260345,1.0000000512227416,2.886579864025407e-15
68419,minus_x,-x logical,X,-1.0,1,20,10.0,0.10583644360303879,0.6746819615364075,0.10616277158260345,1.0000000074505806,-5.329070518200751e-15
68419,minus_x,-x logical,X,-1.0,0,21,10.5,0.3513830602169037,0.7386879324913025,0.0786675363779068,1.0000000055879354,5.10702591327572e-15
68419,minus_x,-x logical,X,-1.0,1,21,10.5,0.06736641377210617,0.44385451078414917,0.0786675363779068,1.0000001154839993,2.1316282072803006e-14
68419,plus_y,y logical,Y,1.0,0,1,0.5,0.1911139339208603,0.6854500770568848,0.5944607257843018,1.0000000298023224,4.9404924595819466e-15
68419,plus_y,y logical,Y,1.0,1,1,0.5,0.1911139339208603,0.6854500770568848,0.5944607257843018,1.0000000298023224,4.9404924595819466e-15
68419,plus_y,y logical,Y,1.0,0,2,1.0,-0.3039325773715973,0.538901686668396,0.18958623707294464,0.9999999590218067,-2.55351295663786e-15
68419,plus_y,y logical,Y,1.0,1,2,1.0,-0.3039325773715973,0.461098313331604,0.18958623707294464,1.0,-1.7763568394002505e-15
68419,plus_y,y logical,Y,1.0,0,3,1.5,-0.012826532125473022,0.45534199476242065,0.057995159178972244,1.0000000186264515,-1.9984014443252818e-15
68419,plus_y,y logical,Y,1.0,1,3,1.5,0.18821826577186584,0.38177788257598877,0.057995159178972244,1.0000000894069672,5.329070518200751e-15
68419,plus_y,y logical,Y,1.0,0,4,2.0,-0.09542146325111389,0.3594731092453003,0.4058358073234558,0.9999999888241291,-4.440892098500626e-16
68419,plus_y,y logical,Y,1.0,1,4,2.0,-0.2333192527294159,0.5202605128288269,0.4058358073234558,0.9999999729916453,1.9984014443252818e-15
68419,plus_y,y logical,Y,1.0,0,5,2.5,0.35732370615005493,0.4810062646865845,0.23282861709594727,0.9999999776482582,2.220446049250313e-16
68419,plus_y,y logical,Y,1.0,1,5,2.5,0.08206084370613098,0.5752444863319397,0.23282861709594727,1.0000000409781933,4.440892098500626e-15
68419,plus_y,y logical,Y,1.0,0,6,3.0,-0.1503707319498062,0.48395395278930664,0.17152634263038635,1.000000026077032,7.105427357601002e-15
68419,plus_y,y logical,Y,1.0,1,6,3.0,-0.2086305022239685,0.5472220778465271,0.17152634263038635,1.000000087544322,-1.9984014443252818e-15
68419,plus_y,y logical,Y,1.0,0,7,3.5,-0.07329095900058746,0.3382030129432678,0.34937721490859985,0.9999999646097422,5.551115123125783e-15
68419,plus_y,y logical,Y,1.0,1,7,3.5,0.2906070947647095,0.4793521761894226,0.34937721490859985,1.0000000093132257,0.0
68419,plus_y,y logical,Y,1.0,0,8,4.0,0.17682164907455444,0.47406822443008423,0.18442997336387634,0.9999999888241291,-8.770761894538737e-15
68419,plus_y,y logical,Y,1.0,1,8,4.0,0.10972248017787933,0.5890541076660156,0.18442997336387634,1.0000000530853868,0.0
68419,plus_y,y logical,Y,1.0,0,9,4.5,0.021884679794311523,0.6384465098381042,0.40116286277770996,1.0000000316649675,8.881784197001252e-16
68419,plus_y,y logical,Y,1.0,1,9,4.5,-0.08178731799125671,0.5222882032394409,0.40116286277770996,0.9999999990686774,2.491062911502695e-15
68419,plus_y,y logical,Y,1.0,0,10,5.0,-0.04470200836658478,0.46954286098480225,0.24936144053936005,1.0000000204890966,-8.881784197001252e-15
68419,plus_y,y logical,Y,1.0,1,10,5.0,0.2432040274143219,0.4873847961425781,0.24936144053936005,1.000000013038516,-1.7763568394002505e-15
68419,plus_y,y logical,Y,1.0,0,11,5.5,-0.22919496893882751,0.5716847777366638,0.313053697347641,0.999999925494194,4.440892098500626e-15
68419,plus_y,y logical,Y,1.0,1,11,5.5,0.2857174277305603,0.513418972492218,0.313053697347641,0.9999999916180968,-1.3461454173580023e-15
68419,plus_y,y logical,Y,1.0,0,12,6.0,-0.11470437049865723,0.5860142111778259,0.2908279001712799,1.0000000167638063,0.0
68419,plus_y,y logical,Y,1.0,1,12,6.0,-0.25060367584228516,0.48819059133529663,0.2908279001712799,1.0000001080334187,-4.440892098500626e-16
68419,plus_y,y logical,Y,1.0,0,13,6.5,-0.18770712614059448,0.666968047618866,0.2975947856903076,1.0000000968575478,5.995204332975845e-15
68419,plus_y,y logical,Y,1.0,1,13,6.5,0.14576959609985352,0.5753167867660522,0.2975947856903076,1.0000000037252903,1.7763568394002505e-15
68419,plus_y,y logical,Y,1.0,0,14,7.0,-0.13802123069763184,0.6179448962211609,0.5201670527458191,0.9999999664723873,7.438494264988549e-15
68419,plus_y,y logical,Y,1.0,1,14,7.0,-0.13157007098197937,0.440738320350647,0.5201670527458191,0.9999999031424522,-7.549516567451064e-15
68419,plus_y,y logical,Y,1.0,0,15,7.5,-0.2459115833044052,0.6133056879043579,0.2613445222377777,1.0000000447034836,-2.6645352591003757e-15
68419,plus_y,y logical,Y,1.0,1,15,7.5,0.16812312602996826,0.4647059142589569,0.2613445222377777,0.9999999590218067,5.995204332975845e-15
68419,plus_y,y logical,Y,1.0,0,16,8.0,-0.08175976574420929,0.6376956701278687,0.3262646794319153,1.000000026077032,-6.217248937900877e-15
68419,plus_y,y logical,Y,1.0,1,16,8.0,0.19357730448246002,0.49479055404663086,0.3262646794319153,0.9999999813735485,-6.661338147750939e-16
68419,plus_y,y logical,Y,1.0,0,17,8.5,-0.2577470541000366,0.36301225423812866,0.22135309875011444,1.0000000037252903,3.4416913763379853e-15
68419,plus_y,y logical,Y,1.0,1,17,8.5,-0.13923974335193634,0.46588170528411865,0.22135309875011444,1.0000000279396772,5.329070518200751e-15
68419,plus_y,y logical,Y,1.0,0,18,9.0,0.21245311200618744,0.5242998600006104,0.09699732065200806,0.9999999776482582,-1.3322676295501878e-15
68419,plus_y,y logical,Y,1.0,1,18,9.0,-0.06990142911672592,0.5854519009590149,0.09699732065200806,1.0000000707805157,7.66053886991358e-15
68419,plus_y,y logical,Y,1.0,0,19,9.5,-0.003138858824968338,0.4162851572036743,0.328671932220459,0.9999999422580004,2.220446049250313e-15
68419,plus_y,y logical,Y,1.0,1,19,9.5,-0.08493485301733017,0.37523549795150757,0.328671932220459,1.0,1.5543122344752192e-15
68419,plus_y,y logical,Y,1.0,0,20,10.0,0.22552946209907532,0.6021329164505005,0.21206754446029663,1.0000000409781933,-7.105427357601002e-15
68419,plus_y,y logical,Y,1.0,1,20,10.0,0.2357376217842102,0.5079751014709473,0.21206754446029663,1.0000000409781933,1.1095291352347658e-14
68419,plus_y,y logical,Y,1.0,0,21,10.5,-0.11680549383163452,0.5886983275413513,0.2272568941116333,1.0000000707805157,1.1102230246251565e-14
68419,plus_y,y logical,Y,1.0,1,21,10.5,0.1627863347530365,0.5420847535133362,0.2272568941116333,1.0000000037252903,-3.552713678800501e-15
68419,minus_y,-y logical,Y,-1.0,0,1,0.5,0.30936211347579956,0.6857613921165466,0.5948164463043213,1.000000037252903,-1.1102230246251565e-15
68419,minus_y,-y logical,Y,-1.0,1,1,0.5,0.30936211347579956,0.6857613921165466,0.5948164463043213,1.000000037252903,-1.1102230246251565e-15
68419,minus_y,-y logical,Y,-1.0,0,2,1.0,-0.19027039408683777,0.5388637781143188,0.16978229582309723,1.0000000447034836,-8.881784197001252e-16
68419,minus_y,-y logical,Y,-1.0,1,2,1.0,-0.19027039408683777,0.5388637781143188,0.16978229582309723,1.0000000447034836,-8.881784197001252e-16
68419,minus_y,-y logical,Y,-1.0,0,3,1.5,0.31090930104255676,0.5032321214675903,0.06723503768444061,1.0000000009313226,-2.220446049250313e-16
68419,minus_y,-y logical,Y,-1.0,1,3,1.5,0.31090930104255676,0.5032321214675903,0.06723503768444061,1.0000000009313226,-2.220446049250313e-16
68419,minus_y,-y logical,Y,-1.0,0,4,2.0,-0.17659787833690643,0.4089958667755127,0.10092992335557938,1.0,8.881784197001252e-16
68419,minus_y,-y logical,Y,-1.0,1,4,2.0,-0.17659787833690643,0.5910041332244873,0.10092992335557938,1.000000026077032,5.773159728050814e-15
68419,minus_y,-y logical,Y,-1.0,0,5,2.5,-0.3072613775730133,0.6355751752853394,0.19126714766025543,1.000000063329935,1.3322676295501878e-14
68419,minus_y,-y logical,Y,-1.0,1,5,2.5,0.5663096904754639,0.6926047801971436,0.19126714766025543,0.9999999878928065,-2.220446049250313e-16
68419,minus_y,-y logical,Y,-1.0,0,6,3.0,-0.08614219725131989,0.49130916595458984,0.16935938596725464,0.9999999739229679,1.9984014443252818e-15
68419,minus_y,-y logical,Y,-1.0,1,6,3.0,-0.2617274522781372,0.618943452835083,0.16935938596725464,1.0000000791624188,-5.551115123125783e-16
68419,minus_y,-y logical,Y,-1.0,0,7,3.5,-0.12526357173919678,0.5414941906929016,0.13980433344841003,0.9999999403953552,-2.220446049250313e-16
68419,minus_y,-y logical,Y,-1.0,1,7,3.5,0.49215516448020935,0.34188365936279297,0.13980433344841003,1.000000011175871,1.3322676295501878e-15
68419,minus_y,-y logical,Y,-1.0,0,8,4.0,-0.009289402514696121,0.6229318976402283,0.10248856246471405,1.0000000670552254,8.326672684688674e-16
68419,minus_y,-y logical,Y,-1.0,1,8,4.0,-0.2718791663646698,0.4560197591781616,0.10248856246471405,1.0,-8.881784197001252e-16
68419,minus_y,-y logical,Y,-1.0,0,9,4.5,-0.37824273109436035,0.7265958786010742,0.12009171396493912,0.9999999403953552,-8.493206138382448e-15
68419,minus_y,-y logical,Y,-1.0,1,9,4.5,0.07974939048290253,0.4338752031326294,0.12009171396493912,0.9999999608844519,-1.2434497875801753e-14
68419,minus_y,-y logical,Y,-1.0,0,10,5.0,-0.17001773416996002,0.5557177066802979,0.13372904062271118,0.9999999748542905,-2.220446049250313e-15
68419,minus_y,-y logical,Y,-1.0,1,10,5.0,-0.3087673783302307,0.37192532420158386,0.13372904062271118,0.9999999888241291,-6.217248937900877e-15
68419,minus_y,-y logical,Y,-1.0,0,11,5.5,-0.08965674787759781,0.48019373416900635,0.09513582289218903,0.9999999906867743,5.551115123125783e-16
68419,minus_y,-y logical,Y,-1.0,1,11,5.5,-0.01667270064353943,0.4107646942138672,0.09513582289218903,0.9999999962747097,9.769962616701378e-15
68419,minus_y,-y logical,Y,-1.0,0,12,6.0,-0.15661397576332092,0.5937628746032715,0.12348154932260513,1.0000001154839993,5.773159728050814e-15
68419,minus_y,-y logical,Y,-1.0,1,12,6.0,0.160031259059906,0.5777286887168884,0.12348154932260513,0.9999999478459358,2.6645352591003757e-15
68419,minus_y,-y logical,Y,-1.0,0,13,6.5,-0.33597731590270996,0.36904311180114746,0.13257645070552826,0.9999999981373549,3.9968028886505635e-15
68419,minus_y,-y logical,Y,-1.0,1,13,6.5,-0.23513853549957275,0.5597292184829712,0.13257645070552826,1.0000000186264515,5.329070518200751e-15
68419,minus_y,-y logical,Y,-1.0,0,14,7.0,-0.2505797743797302,0.5704482197761536,0.12815015017986298,1.0000000335276127,1.1102230246251565e-15
68419,minus_y,-y logical,Y,-1.0,1,14,7.0,0.16063639521598816,0.6875685453414917,0.12815015017986298,1.0000000838190317,1.915134717478395e-14
68419,minus_y,-y logical,Y,-1.0,0,15,7.5,-0.21113625168800354,0.5537464618682861,0.07509179413318634,1.0000000819563866,-8.215650382226158e-15
68419,minus_y,-y logical,Y,-1.0,1,15,7.5,-0.1328052133321762,0.7071059942245483,0.07509179413318634,0.9999999944120646,-5.329070518200751e-15
68419,minus_y,-y logical,Y,-1.0,0,16,8.0,-0.060530468821525574,0.6606550216674805,0.10167142748832703,1.0,3.9968028886505635e-15
68419,minus_y,-y logical,Y,-1.0,1,16,8.0,0.13839685916900635,0.6794770956039429,0.10167142748832703,1.0000000018626451,3.1086244689504383e-15
68419,minus_y,-y logical,Y,-1.0,0,17,8.5,-0.33329567313194275,0.38281312584877014,0.06200123578310013,1.000000013038516,1.9984014443252818e-15
68419,minus_y,-y logical,Y,-1.0,1,17,8.5,-0.08125055581331253,0.7177135944366455,0.06200123578310013,1.0000000949949026,0.0
68419,minus_y,-y logical,Y,-1.0,0,18,9.0,-0.31164446473121643,0.5537424087524414,0.14073708653450012,1.0000000093132257,2.886579864025407e-15
68419,minus_y,-y logical,Y,-1.0,1,18,9.0,0.17140305042266846,0.22929620742797852,0.14073708653450012,0.9999999813735485,-5.329070518200751e-15
68419,minus_y,-y logical,Y,-1.0,0,19,9.5,-0.2909225523471832,0.6427507400512695,0.16545437276363373,1.0000000074505806,-3.1086244689504383e-15
68419,minus_y,-y logical,Y,-1.0,1,19,9.5,-0.1077890694141388,0.5726458430290222,0.16545437276363373,1.0,-1.1546319456101628e-14
68419,minus_y,-y logical,Y,-1.0,0,20,10.0,-0.16798903048038483,0.5211011171340942,0.18175017833709717,1.0000000223517418,4.884981308350689e-15
68419,minus_y,-y logical,Y,-1.0,1,20,10.0,0.0008115172386169434,0.34824180603027344,0.18175017833709717,0.9999999925494194,3.1086244689504383e-15
68419,minus_y,-y logical,Y,-1.0,0,21,10.5,-0.28692302107810974,0.5264253616333008,0.11312253773212433,0.9999999329447746,4.440892098500626e-16
68419,minus_y,-y logical,Y,-1.0,1,21,10.5,-0.03064986690878868,0.3444257974624634,0.11312253773212433,0.9999999590218067,-2.4868995751603507e-14
