row_type,key,family,seed,value,detail
method,ewma_adaptive_map,aggregate,,0.011972523698903094,"{""p95_window_ler"": 0.10546875, ""p_L"": 0.012541271391369048, ""p_X"": 0.004952365128451554, ""p_Y"": 0.0031104920402405755, ""p_Z"": 0.004478414222676918, ""worst_window_ler"": 0.3515625}"
family,ewma_adaptive_map,burst_outlier,,0.05614810519748264,
family,ewma_adaptive_map,compound_ood,,0.052484724256727434,
family,ewma_adaptive_map,correlation_drift,,1.6954210069444442e-05,
family,ewma_adaptive_map,leakage_persistence,,1.949734157986111e-05,
family,ewma_adaptive_map,mean_drift,,0.0002924601236979167,
family,ewma_adaptive_map,nominal_static,,2.882215711805555e-05,
family,ewma_adaptive_map,periodic_drift,,0.0022650824652777775,
family,ewma_adaptive_map,readout_reset_fault,,1.9921196831597223e-05,
family,ewma_adaptive_map,step_calibration_shift,,0.01288053724500868,
family,ewma_adaptive_map,telegraph_drift,,0.006950802273220486,
family,ewma_adaptive_map,variance_drift,,0.0005908542209201389,
method,external_bocd_window_ewma_router,aggregate,,0.011969094324593593,"{""p95_window_ler"": 0.10546875, ""p_L"": 0.012537678713521, ""p_X"": 0.004949579793940145, ""p_Y"": 0.0031106131417410715, ""p_Z"": 0.004477485777839782, ""worst_window_ler"": 0.3515625}"
family,external_bocd_window_ewma_router,burst_outlier,,0.05615107218424479,
family,external_bocd_window_ewma_router,compound_ood,,0.05248090955946181,
family,external_bocd_window_ewma_router,correlation_drift,,1.6954210069444442e-05,
family,external_bocd_window_ewma_router,leakage_persistence,,1.949734157986111e-05,
family,external_bocd_window_ewma_router,mean_drift,,0.00029203626844618056,
family,external_bocd_window_ewma_router,nominal_static,,2.882215711805555e-05,
family,external_bocd_window_ewma_router,periodic_drift,,0.0022252400716145835,
family,external_bocd_window_ewma_router,readout_reset_fault,,1.9921196831597223e-05,
family,external_bocd_window_ewma_router,step_calibration_shift,,0.012881384955512151,
family,external_bocd_window_ewma_router,telegraph_drift,,0.006951226128472223,
family,external_bocd_window_ewma_router,variance_drift,,0.0005929734971788194,
method,kalman_adaptive_map,aggregate,,0.012673272026909724,"{""p95_window_ler"": 0.10546875, ""p_L"": 0.013275429054542823, ""p_X"": 0.00528777591765873, ""p_Y"": 0.003433954148065476, ""p_Z"": 0.004553698988818617, ""worst_window_ler"": 0.455078125}"
family,kalman_adaptive_map,burst_outlier,,0.056131998697916664,
family,kalman_adaptive_map,compound_ood,,0.05268987019856771,
family,kalman_adaptive_map,correlation_drift,,1.737806532118055e-05,
family,kalman_adaptive_map,leakage_persistence,,1.9073486328125e-05,
family,kalman_adaptive_map,mean_drift,,0.00025219387478298607,
family,kalman_adaptive_map,nominal_static,,2.7974446614583332e-05,
family,kalman_adaptive_map,periodic_drift,,0.005806393093532987,
family,kalman_adaptive_map,readout_reset_fault,,1.9073486328125e-05,
family,kalman_adaptive_map,step_calibration_shift,,0.015409681532118054,
family,kalman_adaptive_map,telegraph_drift,,0.008438534206814235,
family,kalman_adaptive_map,variance_drift,,0.0005938212076822916,
method,proposed_route_a,aggregate,,0.011959075927734375,"{""p95_window_ler"": 0.10546875, ""p_L"": 0.012527183250144677, ""p_X"": 0.004943888023416832, ""p_Y"": 0.0031104113059069113, ""p_Z"": 0.004472883920820933, ""worst_window_ler"": 0.3515625}"
family,proposed_route_a,burst_outlier,,0.05614810519748264,
family,proposed_route_a,compound_ood,,0.052484724256727434,
family,proposed_route_a,correlation_drift,,1.6954210069444442e-05,
family,proposed_route_a,leakage_persistence,,1.949734157986111e-05,
family,proposed_route_a,mean_drift,,0.00029203626844618056,
family,proposed_route_a,nominal_static,,2.882215711805555e-05,
family,proposed_route_a,periodic_drift,,0.002117580837673611,
family,proposed_route_a,readout_reset_fault,,1.9921196831597223e-05,
family,proposed_route_a,step_calibration_shift,,0.01288053724500868,
family,proposed_route_a,telegraph_drift,,0.006950802273220486,
family,proposed_route_a,variance_drift,,0.0005908542209201389,
method,static_joint_map,aggregate,,0.014608749235519256,"{""p95_window_ler"": 0.125, ""p_L"": 0.015302345235511739, ""p_X"": 0.007894929754670965, ""p_Y"": 0.002066516371631118, ""p_Z"": 0.005340899109209656, ""worst_window_ler"": 0.21484375}"
family,static_joint_map,burst_outlier,,0.05632188585069445,
family,static_joint_map,compound_ood,,0.07973056369357638,
family,static_joint_map,correlation_drift,,3.6027696397569445e-05,
family,static_joint_map,leakage_persistence,,2.5855170355902777e-05,
family,static_joint_map,mean_drift,,0.000919765896267361,
family,static_joint_map,nominal_static,,4.3233235677083336e-05,
family,static_joint_map,periodic_drift,,0.0027253892686631945,
family,static_joint_map,readout_reset_fault,,2.6702880859375e-05,
family,static_joint_map,step_calibration_shift,,0.013032277425130209,
family,static_joint_map,telegraph_drift,,0.007140689425998263,
family,static_joint_map,variance_drift,,0.000693851047092014,
method,window_map,aggregate,,0.011992791686395202,"{""p95_window_ler"": 0.10546875, ""p_L"": 0.012562464153955854, ""p_X"": 0.004955877071965939, ""p_Y"": 0.0031315233341600527, ""p_Z"": 0.004475063747829861, ""worst_window_ler"": 0.35546875}"
family,window_map,burst_outlier,,0.056141323513454855,
family,window_map,compound_ood,,0.052783542209201395,
family,window_map,correlation_drift,,1.610649956597222e-05,
family,window_map,leakage_persistence,,2.0345052083333332e-05,
family,window_map,mean_drift,,0.00028822157118055556,
family,window_map,nominal_static,,2.9669867621527777e-05,
family,window_map,periodic_drift,,0.00186920166015625,
family,window_map,readout_reset_fault,,1.9921196831597223e-05,
family,window_map,step_calibration_shift,,0.012917836507161459,
family,window_map,telegraph_drift,,0.007241566975911458,
family,window_map,variance_drift,,0.0005929734971788194,
external_trajectory,formal_evaluation:burst_outlier:00,burst_outlier,202607176201,0.008829752604166666,"{""adaptation_lag_decisions"": 1344, ""detection_count"": 23, ""false_detection_count"": 13, ""input_sha256"": ""5dc17f93bedd88e993701bd60de156bfb462a4b73f4453f91a6923710aa3be10"", ""truth_sha256"": ""38f12a43b03eb1b3b506be3a181c49332162e02ea212681f236b8536a10265e5"", ""window_bank_rate"": 0.9205729166666666}"
external_trajectory,formal_evaluation:burst_outlier:00,burst_outlier,202607176202,0.009318033854166666,"{""adaptation_lag_decisions"": 1856, ""detection_count"": 23, ""false_detection_count"": 13, ""input_sha256"": ""b2e66a8ea0088c3faf8216e1463b3c5c111078c6f15d2059c0737d73edca532b"", ""truth_sha256"": ""e295092b40a7c854b456de4231c329bf56fd245eb5f2c8ad9a52051838da58dc"", ""window_bank_rate"": 0.9205729166666666}"
external_trajectory,formal_evaluation:burst_outlier:00,burst_outlier,202607176203,0.008463541666666666,"{""adaptation_lag_decisions"": 832, ""detection_count"": 23, ""false_detection_count"": 12, ""input_sha256"": ""cb7b10b6b52e7af81dba6452111a9193e56b566014570088312f161d7eb2a065"", ""truth_sha256"": ""7b29cee1a10363335d56a1d2cde20a6f803a3fea42c973f5b6c5947c887e8a59"", ""window_bank_rate"": 0.9205729166666666}"
external_trajectory,formal_evaluation:burst_outlier:00,burst_outlier,202607176204,0.0093994140625,"{""adaptation_lag_decisions"": 2368, ""detection_count"": 23, ""false_detection_count"": 14, ""input_sha256"": ""cbf881859e4ed7883d1803a7b0e462cbd4bdbd0c3bd5696516ca66f042a27db1"", ""truth_sha256"": ""9517bfe351fe2596b73bfbd0e65c0d6f32071689797480a8bfbc0baefcd3e447"", ""window_bank_rate"": 0.9205729166666666}"
external_trajectory,formal_evaluation:burst_outlier:00,burst_outlier,202607176205,0.008524576822916666,"{""adaptation_lag_decisions"": 1856, ""detection_count"": 23, ""false_detection_count"": 13, ""input_sha256"": ""1100e0087671e7744928d1d6c36178c6d17ed82fa5272374df27a907da5533af"", ""truth_sha256"": ""03c3ef2a1950bcef0f41ed507a260a5643c6aefdfe5885c7521c2f8f5e1af4ba"", ""window_bank_rate"": 0.9205729166666666}"
external_trajectory,formal_evaluation:burst_outlier:00,burst_outlier,202607176206,0.008707682291666666,"{""adaptation_lag_decisions"": 2368, ""detection_count"": 23, ""false_detection_count"": 14, ""input_sha256"": ""08ffc8e125b2a6f4f1a9fda50dbcff45c2bb3a7eeea3f4dac474e6387e402c18"", ""truth_sha256"": ""048b82ba47c49a8f948da9c36bba85e0a87809bba13817daab061035cb78d118"", ""window_bank_rate"": 0.9205729166666666}"
external_trajectory,formal_evaluation:burst_outlier:00,burst_outlier,202607176207,0.00921630859375,"{""adaptation_lag_decisions"": 880, ""detection_count"": 24, ""false_detection_count"": 13, ""input_sha256"": ""802fae55c5a666975e0158775128ebc07635f7d9afc7fdb4806c2a006ec7d468"", ""truth_sha256"": ""06c16cc5266075671c486978be898e1554ab51e7701f334a0e4a1856feae6897"", ""window_bank_rate"": 0.9612630208333334}"
external_trajectory,formal_evaluation:burst_outlier:00,burst_outlier,202607176208,0.008707682291666666,"{""adaptation_lag_decisions"": 880, ""detection_count"": 24, ""false_detection_count"": 13, ""input_sha256"": ""5637196c5aca3bd2a23bfd4c134d03501d451d593b5648c6c8ba50055c84702e"", ""truth_sha256"": ""3bc41c2b98765ed51e1071a97a32cf47910292850bfb81be19aa1f228bb4450a"", ""window_bank_rate"": 0.9612630208333334}"
external_trajectory,formal_evaluation:burst_outlier:00,burst_outlier,202607176209,0.008748372395833334,"{""adaptation_lag_decisions"": 832, ""detection_count"": 23, ""false_detection_count"": 12, ""input_sha256"": ""6948d6fa9cb61ddf6ceb9b9da252ed4fc6e067c953598b93a646f54e2f9b8e4f"", ""truth_sha256"": ""1e97f3ddfc504b245f257ea2cf5d4e91394b01cf0bbdc4eef8d8be9d0c27f13d"", ""window_bank_rate"": 0.9205729166666666}"
external_trajectory,formal_evaluation:burst_outlier:00,burst_outlier,202607176210,0.009318033854166666,"{""adaptation_lag_decisions"": 880, ""detection_count"": 24, ""false_detection_count"": 13, ""input_sha256"": ""55defba05dfc7d2f41adeb22c757e19089a41959e2dd9d76554553f41dc5f0cf"", ""truth_sha256"": ""be4c6347df1c5f939ede6c0daa64a9dda1b86a075c4abe55091a091f3d3ae919"", ""window_bank_rate"": 0.9612630208333334}"
external_trajectory,formal_evaluation:burst_outlier:00,burst_outlier,202607176211,0.009012858072916666,"{""adaptation_lag_decisions"": 2368, ""detection_count"": 23, ""false_detection_count"": 14, ""input_sha256"": ""b4bccc7267110f5cb0c518896645d4aaa6b135aea13522df0c70b400685f8f10"", ""truth_sha256"": ""3ee95083923d5fa1efb0c1f6038c523b07c150a507b678aaa67ee9beb6ecdbc3"", ""window_bank_rate"": 0.9205729166666666}"
external_trajectory,formal_evaluation:burst_outlier:00,burst_outlier,202607176212,0.008443196614583334,"{""adaptation_lag_decisions"": 2320, ""detection_count"": 22, ""false_detection_count"": 13, ""input_sha256"": ""df17538b243afdd7a96ca6240faa21cfc2970352789eeaa7bb1c53e6867c3141"", ""truth_sha256"": ""c80c1f0fd68d59bdd018ccad5e1ff9ef0649576e7cfe71f4c08f559686978032"", ""window_bank_rate"": 0.8798828125}"
external_trajectory,formal_evaluation:burst_outlier:00,burst_outlier,202607176213,0.008219401041666666,"{""adaptation_lag_decisions"": 832, ""detection_count"": 23, ""false_detection_count"": 12, ""input_sha256"": ""b3225ce24fbc97ee7872bf153162664fe291d66d0abe4befe8b489b3070d28f1"", ""truth_sha256"": ""9819b95e1b7a5c07c1d9483cb1e1e863b8b91e9be6ef85d9521bdf9b99de6e44"", ""window_bank_rate"": 0.9205729166666666}"
external_trajectory,formal_evaluation:burst_outlier:00,burst_outlier,202607176214,0.0086669921875,"{""adaptation_lag_decisions"": 2832, ""detection_count"": 22, ""false_detection_count"": 12, ""input_sha256"": ""3de8f92446c0151aa239d7ddeb9a743a62369e08f1f1fd2b36d8a9a98c3d313c"", ""truth_sha256"": ""e1a655e21b264aae9ba87fd2277b72834280f99a12b28da5cbdb8caa802157ef"", ""window_bank_rate"": 0.8798828125}"
external_trajectory,formal_evaluation:burst_outlier:00,burst_outlier,202607176215,0.0087890625,"{""adaptation_lag_decisions"": 2368, ""detection_count"": 23, ""false_detection_count"": 14, ""input_sha256"": ""bc62a8131303c23d37eaae62784d440c50e4db00975666881cb69d2ec174ac49"", ""truth_sha256"": ""3ba6da64f316dde0800c939582ee841e0f9ae0ba8ae010a8b571934a35a363b5"", ""window_bank_rate"": 0.9205729166666666}"
external_trajectory,formal_evaluation:burst_outlier:00,burst_outlier,202607176216,0.00860595703125,"{""adaptation_lag_decisions"": 1856, ""detection_count"": 23, ""false_detection_count"": 13, ""input_sha256"": ""902ea5e34f5b38cd7759d6737ddfc9ad5ca85dabf1038d11a9a90daf166ff228"", ""truth_sha256"": ""ef9aad14fbe5f7195052d64bdc71c6d8577323e05f504b5f1ddaca97178a5f20"", ""window_bank_rate"": 0.9205729166666666}"
external_trajectory,formal_evaluation:burst_outlier:00,burst_outlier,202607176217,0.008829752604166666,"{""adaptation_lag_decisions"": 880, ""detection_count"": 24, ""false_detection_count"": 13, ""input_sha256"": ""0f96c4235ae2c5a930d9d6999e02074904f0d42b4611914cdf83dc3222956bed"", ""truth_sha256"": ""90861316f84f48322cfc9b2e05c66a70dd4e832c3c2d37b4a8ae4535d2ab9afe"", ""window_bank_rate"": 0.9612630208333334}"
external_trajectory,formal_evaluation:burst_outlier:00,burst_outlier,202607176218,0.008626302083333334,"{""adaptation_lag_decisions"": 880, ""detection_count"": 24, ""false_detection_count"": 13, ""input_sha256"": ""0798b6f184ee8cffe6a99df9750215de2fdc7161168060f085355416c8c00ef7"", ""truth_sha256"": ""0e60aea1997346a9d1378834e889669284416c2d16d1aed0fb24342906f77433"", ""window_bank_rate"": 0.9612630208333334}"
external_trajectory,formal_evaluation:burst_outlier:00,burst_outlier,202607176219,0.008687337239583334,"{""adaptation_lag_decisions"": 1856, ""detection_count"": 23, ""false_detection_count"": 13, ""input_sha256"": ""25cd27ea538e99f125e416e646ec8966f93269c39419632925070c8b990435f3"", ""truth_sha256"": ""cb3e39a44a8cda341ac53c79db9f4a83ddfc841387ecab89facb4f636f9ec5f6"", ""window_bank_rate"": 0.9205729166666666}"
external_trajectory,formal_evaluation:burst_outlier:00,burst_outlier,202607176220,0.008585611979166666,"{""adaptation_lag_decisions"": 2368, ""detection_count"": 23, ""false_detection_count"": 14, ""input_sha256"": ""d5de7324868c61c874b2708da56e61e1ab71ca749f39c0de47b24bed1a7420c2"", ""truth_sha256"": ""1bd7b5caf1b1c373860e08fc18a98f538d1f8dd4c5eda86a6dfeae8196d54219"", ""window_bank_rate"": 0.9205729166666666}"
external_trajectory,formal_evaluation:burst_outlier:00,burst_outlier,202607176221,0.0084228515625,"{""adaptation_lag_decisions"": 1904, ""detection_count"": 24, ""false_detection_count"": 14, ""input_sha256"": ""7c3de6528cf60b8ee560e5de01a2319538709fe1f6b2f600c1e18711fcb0ca35"", ""truth_sha256"": ""882c2b24d9eaacce00d61c4fc130ddbc809cb1df0bc93293f5ed816c3a47c076"", ""window_bank_rate"": 0.9612630208333334}"
external_trajectory,formal_evaluation:burst_outlier:00,burst_outlier,202607176222,0.008951822916666666,"{""adaptation_lag_decisions"": 2320, ""detection_count"": 22, ""false_detection_count"": 13, ""input_sha256"": ""a03826787def48ff8e36e00cbd44202daafee18ed6f480070471f9bb2021fde3"", ""truth_sha256"": ""5c3e7129bfa01c86b67a01935a84528a93fd735e51c24e5b68642271cf16b577"", ""window_bank_rate"": 0.8798828125}"
external_trajectory,formal_evaluation:burst_outlier:00,burst_outlier,202607176223,0.008565266927083334,"{""adaptation_lag_decisions"": 1344, ""detection_count"": 23, ""false_detection_count"": 13, ""input_sha256"": ""9188c84d0f3c6854084765eb3d34e50999ded06cb1111448d120b564f7a1e7f7"", ""truth_sha256"": ""467e42b59d7b7a4b79735b9d3ea189756c6238e361713a253b104f8180fb67b9"", ""window_bank_rate"": 0.9205729166666666}"
external_trajectory,formal_evaluation:burst_outlier:00,burst_outlier,202607176224,0.008158365885416666,"{""adaptation_lag_decisions"": 1344, ""detection_count"": 23, ""false_detection_count"": 13, ""input_sha256"": ""e0f2b495b0a0e63206dacb6ac199e241510220f11010bfd25deedde0d3408baa"", ""truth_sha256"": ""fcee22ddbfcb09fa24cf2c11405541b606e9b7cff205a7c9608d7545168c8ffa"", ""window_bank_rate"": 0.9205729166666666}"
external_trajectory,formal_evaluation:burst_outlier:05,burst_outlier,202607176201,0.10628255208333333,"{""adaptation_lag_decisions"": null, ""detection_count"": 0, ""false_detection_count"": 0, ""input_sha256"": ""94deb1625235b3751fe53a08712e168657cbb1ab595befc80505d8b5ac2db798"", ""truth_sha256"": ""42a9622171f6e2c591457d2a843048bf358d3f3e7386619121b04be0be9e449e"", ""window_bank_rate"": 0.0}"
external_trajectory,formal_evaluation:burst_outlier:05,burst_outlier,202607176202,0.10121663411458333,"{""adaptation_lag_decisions"": 14832, ""detection_count"": 16, ""false_detection_count"": 1, ""input_sha256"": ""93791039d6f70001ffca641010f5d4e01395c1743aac37e4d8b91daa01ac571f"", ""truth_sha256"": ""c68b4119774a4d8809df4e3fb761dc50a54139e2b95c999cf5fe3601bfeef91b"", ""window_bank_rate"": 0.6357421875}"
external_trajectory,formal_evaluation:burst_outlier:05,burst_outlier,202607176203,0.10249837239583333,"{""adaptation_lag_decisions"": 368, ""detection_count"": 24, ""false_detection_count"": 2, ""input_sha256"": ""5f2070a1ad9f46ca0bc55fc23b65342395726cf01e62c98f8e95eb5f8cb8cd67"", ""truth_sha256"": ""c94264cf2377ee250fc1b7240db2b177c687e521326de5082d9901629ee6f5c5"", ""window_bank_rate"": 0.9612630208333334}"
external_trajectory,formal_evaluation:burst_outlier:05,burst_outlier,202607176204,0.10624186197916667,"{""adaptation_lag_decisions"": null, ""detection_count"": 0, ""false_detection_count"": 0, ""input_sha256"": ""614cad8aefdddba5fd9a6c632749d50f1505dd2420cf23fc84a4f241bc994933"", ""truth_sha256"": ""173b0daa26d1aaa007bbd521cc7372118f496c6b60b10eba62a89dac6a5ef94e"", ""window_bank_rate"": 0.0}"
external_trajectory,formal_evaluation:burst_outlier:05,burst_outlier,202607176205,0.10701497395833333,"{""adaptation_lag_decisions"": null, ""detection_count"": 0, ""false_detection_count"": 0, ""input_sha256"": ""5bb8f5803543ca229cf5a795bc2db0b3ecec95e33d614c4b59054ac292a635dd"", ""truth_sha256"": ""c6ddcdac75428afc242d247b46b85665acdf81a5d31755f92ea2bfc583124da3"", ""window_bank_rate"": 0.0}"
external_trajectory,formal_evaluation:burst_outlier:05,burst_outlier,202607176206,0.10097249348958333,"{""adaptation_lag_decisions"": null, ""detection_count"": 0, ""false_detection_count"": 0, ""input_sha256"": ""679d77ff24c9692f97935a63444adb9a0784c317193944184a01ebb5ccd64ca2"", ""truth_sha256"": ""a1444aa38bdfb667099699b87b71b7f93dd11f19193f2ab07e5b529dfe154828"", ""window_bank_rate"": 0.0}"
external_trajectory,formal_evaluation:burst_outlier:05,burst_outlier,202607176207,0.10528564453125,"{""adaptation_lag_decisions"": null, ""detection_count"": 0, ""false_detection_count"": 0, ""input_sha256"": ""46612c57e8dbdc1e2c97acb60581e64d6f1e153fd76d3b944453214cb2b2b62e"", ""truth_sha256"": ""32ed8c7c9316778c0fe7efe24bdd4966cfcd90911c887a9d61667acc42509b3b"", ""window_bank_rate"": 0.0}"
external_trajectory,formal_evaluation:burst_outlier:05,burst_outlier,202607176208,0.10563151041666667,"{""adaptation_lag_decisions"": 29904, ""detection_count"": 10, ""false_detection_count"": 0, ""input_sha256"": ""e77311fac5093b68b419c4adfe55975b696ddc73c2a341ee5ca1a13afb015bd0"", ""truth_sha256"": ""4137ef56e779215bd6dd7b754bb06f6ea08fcbe13a27e5ba5731decc3b0f78d0"", ""window_bank_rate"": 0.3916015625}"
external_trajectory,formal_evaluation:burst_outlier:05,burst_outlier,202607176209,0.10111490885416667,"{""adaptation_lag_decisions"": 15344, ""detection_count"": 16, ""false_detection_count"": 1, ""input_sha256"": ""422870ba7351c796f2c227d25898104300098dd8e1aceb0df1d6adb62a7a2164"", ""truth_sha256"": ""7dcf9a31ee5f6de82d45631f9ad26d35f8c00bec8fd2751a96f94a189daaad7a"", ""window_bank_rate"": 0.6357421875}"
external_trajectory,formal_evaluation:burst_outlier:05,burst_outlier,202607176210,0.10357666015625,"{""adaptation_lag_decisions"": null, ""detection_count"": 0, ""false_detection_count"": 0, ""input_sha256"": ""226b990d66fc36363886c745584ac779b800b0039e53335c6f04e5c491dff684"", ""truth_sha256"": ""6bb573f0052e249e11a5d29c941a39fa951178d403e69a2c2d491069b2225e94"", ""window_bank_rate"": 0.0}"
external_trajectory,formal_evaluation:burst_outlier:05,burst_outlier,202607176211,0.10483805338541667,"{""adaptation_lag_decisions"": null, ""detection_count"": 0, ""false_detection_count"": 0, ""input_sha256"": ""af38e81275760bd29f30ddf93c48ddd393ffff83e60a7bc5b476edb56570c15c"", ""truth_sha256"": ""2da874e229ea347d8322e52ec92a1ecc591c629628b3c207a0a5a313f3473c51"", ""window_bank_rate"": 0.0}"
external_trajectory,formal_evaluation:burst_outlier:05,burst_outlier,202607176212,0.10520426432291667,"{""adaptation_lag_decisions"": null, ""detection_count"": 0, ""false_detection_count"": 0, ""input_sha256"": ""9aaac83aba9579a0f93d2fcf84b7d5f236e3a558f1b4722369653278be25b3ca"", ""truth_sha256"": ""e96504b50a0935f3a69671b3b8568a5674e8765b18374a95383fdd0bc6ea6187"", ""window_bank_rate"": 0.0}"
external_trajectory,formal_evaluation:burst_outlier:05,burst_outlier,202607176213,0.10146077473958333,"{""adaptation_lag_decisions"": null, ""detection_count"": 0, ""false_detection_count"": 0, ""input_sha256"": ""7d17c440293c7c686fc17127b75e97160a1facc4cf57c6fe102f53f78ac6e44a"", ""truth_sha256"": ""b27d176b7c6ea6f7cef10afbfa4399fca3b821ac1ca41e3a23939e02360f246e"", ""window_bank_rate"": 0.0}"
external_trajectory,formal_evaluation:burst_outlier:05,burst_outlier,202607176214,0.1025390625,"{""adaptation_lag_decisions"": 368, ""detection_count"": 24, ""false_detection_count"": 2, ""input_sha256"": ""f88468efc1581c3f41341f387c56613eef1352b79ccf63982884390e837a2a61"", ""truth_sha256"": ""1238a427cdc8fd4851f156e5d35d6ec2eb07ec223b39253d859ef4f0fccea125"", ""window_bank_rate"": 0.9612630208333334}"
external_trajectory,formal_evaluation:burst_outlier:05,burst_outlier,202607176215,0.10103352864583333,"{""adaptation_lag_decisions"": null, ""detection_count"": 0, ""false_detection_count"": 0, ""input_sha256"": ""3263c5fda3053a0c4ff2805e2287dd9c9bd27204d574719fad93e3e0df646c4d"", ""truth_sha256"": ""9cf7147823ba73ce9918b0701be3328dae8f826494209c78cccfc4e71f20bcee"", ""window_bank_rate"": 0.0}"
external_trajectory,formal_evaluation:burst_outlier:05,burst_outlier,202607176216,0.10398356119791667,"{""adaptation_lag_decisions"": null, ""detection_count"": 0, ""false_detection_count"": 0, ""input_sha256"": ""1e009b3c52ac18ec6f8dc8526aea80456915516658b7035d8397814bace554c6"", ""truth_sha256"": ""e4958d474ed5f5ba90a8efcf168d34148e41324a13413b86e666d1e1f519bdb3"", ""window_bank_rate"": 0.0}"
external_trajectory,formal_evaluation:burst_outlier:05,burst_outlier,202607176217,0.10123697916666667,"{""adaptation_lag_decisions"": null, ""detection_count"": 0, ""false_detection_count"": 0, ""input_sha256"": ""b70223de300cb7827c2fc6d20fe204701594959b80814b3aa1173429bdefc75e"", ""truth_sha256"": ""e6b5908e6b58621e46e85131c46fd8db2e6f7dea42cb2d2f7521cd7eac00eefc"", ""window_bank_rate"": 0.0}"
external_trajectory,formal_evaluation:burst_outlier:05,burst_outlier,202607176218,0.09993489583333333,"{""adaptation_lag_decisions"": 320, ""detection_count"": 23, ""false_detection_count"": 1, ""input_sha256"": ""e63ee8126f5325a74adbd82ebb9099099cddcb4102fdb4c7de65108b7f0359e4"", ""truth_sha256"": ""23e362c27c01d66c1a97e796e3b1d0d181c0ff4289fdc1272e0f9c8ad8e9ea8b"", ""window_bank_rate"": 0.9205729166666666}"
external_trajectory,formal_evaluation:burst_outlier:05,burst_outlier,202607176219,0.10638427734375,"{""adaptation_lag_decisions"": 29904, ""detection_count"": 10, ""false_detection_count"": 0, ""input_sha256"": ""d2b11c72bdea97bfd8188a02b70f68188fc28fff0fa3eae30b9bda9aa73bcf53"", ""truth_sha256"": ""1ea1ac3092c4b9ff2211a5d45b8de702356a5cb2c28aac45926ca58d57c19dc9"", ""window_bank_rate"": 0.3916015625}"
external_trajectory,formal_evaluation:burst_outlier:05,burst_outlier,202607176220,0.10428873697916667,"{""adaptation_lag_decisions"": 368, ""detection_count"": 24, ""false_detection_count"": 2, ""input_sha256"": ""db49a3cf0af8e886b3fb27c4aa1b83cde6fc73b96bbed320772e8a3776992d44"", ""truth_sha256"": ""fec26b4237debc6574fea9033db097a306025be11d6bef0a04f1207d48829f3d"", ""window_bank_rate"": 0.9612630208333334}"
external_trajectory,formal_evaluation:burst_outlier:05,burst_outlier,202607176221,0.10286458333333333,"{""adaptation_lag_decisions"": null, ""detection_count"": 0, ""false_detection_count"": 0, ""input_sha256"": ""efd530bd045dbff80ad464613a61afa5ed7b8b57b25932167366f9f6d1eb0a92"", ""truth_sha256"": ""dfde8596b4dc4379d6419618dbf3edbabee1eeb61d1caed0931a426072bf59b3"", ""window_bank_rate"": 0.0}"
external_trajectory,formal_evaluation:burst_outlier:05,burst_outlier,202607176222,0.09944661458333333,"{""adaptation_lag_decisions"": null, ""detection_count"": 0, ""false_detection_count"": 0, ""input_sha256"": ""dff7a05ea7e181652508a8615c0e84202741fd7a2d5075f933b274a349eec06c"", ""truth_sha256"": ""66659fcc3b5fbe03ad27d980f340e10b41fff0e04f22052fa0ee0949eb28b93a"", ""window_bank_rate"": 0.0}"
external_trajectory,formal_evaluation:burst_outlier:05,burst_outlier,202607176223,0.106689453125,"{""adaptation_lag_decisions"": null, ""detection_count"": 0, ""false_detection_count"": 0, ""input_sha256"": ""6acd3ec907941c4df38d3ce92fdbcbf8d01bf76b69f031dc6c0b19724518bba7"", ""truth_sha256"": ""bdbf5f7e7659f942ff1ffaef2816cb533bcef95c6e64e8a7b02ad65b64e8e90f"", ""window_bank_rate"": 0.0}"
external_trajectory,formal_evaluation:burst_outlier:05,burst_outlier,202607176224,0.105712890625,"{""adaptation_lag_decisions"": null, ""detection_count"": 0, ""false_detection_count"": 0, ""input_sha256"": ""b54f55b368e174490f2a624d7c165d2f5774a0ec7735107f3a7ec5523d2bb421"", ""truth_sha256"": ""dcb8457bc7fc34210c593b87f2489b05ba057129538b78acc2c4b34c8aeff40e"", ""window_bank_rate"": 0.0}"
external_trajectory,formal_evaluation:compound_ood:00,compound_ood,202607176201,0.008565266927083334,"{""adaptation_lag_decisions"": null, ""detection_count"": 0, ""false_detection_count"": 0, ""input_sha256"": ""1f1126aba7c50c637c70eefb6bfd797a4891da0e1877966a9ad3be6d479a71a5"", ""truth_sha256"": ""407143f66e1fa6d1fa736b9f355b46548638327c2f8929828225f455997b0f1c"", ""window_bank_rate"": 0.0}"
external_trajectory,formal_evaluation:compound_ood:00,compound_ood,202607176202,0.00823974609375,"{""adaptation_lag_decisions"": null, ""detection_count"": 0, ""false_detection_count"": 0, ""input_sha256"": ""01a3e8c59d7358082e74494494d4f994b0064452f87136eff38127a72b287919"", ""truth_sha256"": ""564f19d2fa6536c80b8a2827bc02853dcd9582a3eca8220cb6a128aee65b07ff"", ""window_bank_rate"": 0.0}"
external_trajectory,formal_evaluation:compound_ood:00,compound_ood,202607176203,0.007649739583333333,"{""adaptation_lag_decisions"": 320, ""detection_count"": 23, ""false_detection_count"": 13, ""input_sha256"": ""c3b6416a96ef9d409efe8cc2fb34f07ae88c8c8c00e4eaf9bd2ff76b28bd22f1"", ""truth_sha256"": ""a3cbb86ee021d342e595e3f788c07172c409ba5623f576797662146ae0bbe25e"", ""window_bank_rate"": 0.9205729166666666}"
external_trajectory,formal_evaluation:compound_ood:00,compound_ood,202607176204,0.007242838541666667,"{""adaptation_lag_decisions"": null, ""detection_count"": 0, ""false_detection_count"": 0, ""input_sha256"": ""bbc4a613751a5a3d7d87e6aa8e0b04bef86cff9bddbe64e3cbf0e6f513ee4951"", ""truth_sha256"": ""8b23dce05e01277b53fc5496376e75a565cac25d32932d1f56405e3e26e6b777"", ""window_bank_rate"": 0.0}"
external_trajectory,formal_evaluation:compound_ood:00,compound_ood,202607176205,0.007059733072916667,"{""adaptation_lag_decisions"": 368, ""detection_count"": 24, ""false_detection_count"": 14, ""input_sha256"": ""4822b54e4e7d990db8f57371b55b7edb27c60c6afc5a36196ebd82421762d0b6"", ""truth_sha256"": ""c50f06d9155ef738b37ff2077d698b15f285d35a6e02501433a3e044cba4340a"", ""window_bank_rate"": 0.9612630208333334}"
external_trajectory,formal_evaluation:compound_ood:00,compound_ood,202607176206,0.008219401041666666,"{""adaptation_lag_decisions"": 10880, ""detection_count"": 19, ""false_detection_count"": 13, ""input_sha256"": ""abba49d2fb7ec82ab75f313c5923cef19858f6d9f5fc1019178181927b08cbc6"", ""truth_sha256"": ""9d6d02e00510f9ce20ee7c148d39026de54908ac0d7fc11531333d8b9bf6a125"", ""window_bank_rate"": 0.7578125}"
external_trajectory,formal_evaluation:compound_ood:00,compound_ood,202607176207,0.008097330729166666,"{""adaptation_lag_decisions"": null, ""detection_count"": 0, ""false_detection_count"": 0, ""input_sha256"": ""faa09408a1c0f29e24a49f19594dda785d2159728f3a2a7d23bae0f6fca777a9"", ""truth_sha256"": ""2cebc9f8418816263a9975aa0e32faabb1b611eed7b22bf415458d95e8e130e5"", ""window_bank_rate"": 0.0}"
external_trajectory,formal_evaluation:compound_ood:00,compound_ood,202607176208,0.008402506510416666,"{""adaptation_lag_decisions"": 10880, ""detection_count"": 19, ""false_detection_count"": 13, ""input_sha256"": ""a56315be998acaf4147dd6ee68c06a908b648cfae9e686f5831e3d0c0bc8a9ed"", ""truth_sha256"": ""63c05cf8b3710ea93a832093e3bcf2ab4753d64abb724f8a52557036e61098f0"", ""window_bank_rate"": 0.7578125}"
external_trajectory,formal_evaluation:compound_ood:00,compound_ood,202607176209,0.00738525390625,"{""adaptation_lag_decisions"": 320, ""detection_count"": 23, ""false_detection_count"": 13, ""input_sha256"": ""79188d1b23cce041a8ce8279b9c51512cedcd3367352334551eb8a9f2539b8b6"", ""truth_sha256"": ""e21495e783d011e3ec41e61f28057bc89d1149839ab49fa82ad9b1f081e1c710"", ""window_bank_rate"": 0.9205729166666666}"
external_trajectory,formal_evaluation:compound_ood:00,compound_ood,202607176210,0.008199055989583334,"{""adaptation_lag_decisions"": null, ""detection_count"": 0, ""false_detection_count"": 0, ""input_sha256"": ""b51b5333238ca68f075d6b206f7401bb65b2008439960ac389de273ac636d6ef"", ""truth_sha256"": ""21e10952d32933faa4e0aeaaef18efdec8f9e09d292858ce7fc4e569f93fdf49"", ""window_bank_rate"": 0.0}"
external_trajectory,formal_evaluation:compound_ood:00,compound_ood,202607176211,0.008056640625,"{""adaptation_lag_decisions"": null, ""detection_count"": 0, ""false_detection_count"": 0, ""input_sha256"": ""8c2d3e8ccdd158c8434bc1f92a160794004b0d04db7f5cf904eb2bdbb2f3116b"", ""truth_sha256"": ""ffaf5802cc4ce98925f974cdc94107b5550c7beffec73321e8c1a13d7df8e4c7"", ""window_bank_rate"": 0.0}"
external_trajectory,formal_evaluation:compound_ood:00,compound_ood,202607176212,0.008260091145833334,"{""adaptation_lag_decisions"": null, ""detection_count"": 0, ""false_detection_count"": 0, ""input_sha256"": ""f72f3d552b86384db22605457308d3a181d0f8a10d2a20267c66040e404b38b7"", ""truth_sha256"": ""247f9f28a9f9d53f56fbbb2d9ee8cc7cd44cf835e6bc3811d9af69d785bef571"", ""window_bank_rate"": 0.0}"
external_trajectory,formal_evaluation:compound_ood:00,compound_ood,202607176213,0.008504231770833334,"{""adaptation_lag_decisions"": null, ""detection_count"": 0, ""false_detection_count"": 0, ""input_sha256"": ""c2863445daea629206a3257541bf72f720b5b14509509a0235091fe514589379"", ""truth_sha256"": ""d53fd3a386f1bf018ed2a996552e5ed9249b6477256ee34c5b8b46f27a38afc4"", ""window_bank_rate"": 0.0}"
external_trajectory,formal_evaluation:compound_ood:00,compound_ood,202607176214,0.00830078125,"{""adaptation_lag_decisions"": 368, ""detection_count"": 24, ""false_detection_count"": 14, ""input_sha256"": ""be3085dfd64133435f0c93ba599eca039dee1bc234e4cbc9ffd3816f63478bd1"", ""truth_sha256"": ""052fd486fdaec6f6d9fab82916df927a55156e46734b36f319b84a1c8bf89535"", ""window_bank_rate"": 0.9612630208333334}"
external_trajectory,formal_evaluation:compound_ood:00,compound_ood,202607176215,0.008056640625,"{""adaptation_lag_decisions"": null, ""detection_count"": 0, ""false_detection_count"": 0, ""input_sha256"": ""da6d42865404888a73cd7b9e70b08b34708af7d9b43abf89da305fe868d695d7"", ""truth_sha256"": ""f5461c3502d564d33977ef9deb5fa7a603d93ea8e19bb85f81c2c59929be9893"", ""window_bank_rate"": 0.0}"
external_trajectory,formal_evaluation:compound_ood:00,compound_ood,202607176216,0.007792154947916667,"{""adaptation_lag_decisions"": 10880, ""detection_count"": 19, ""false_detection_count"": 13, ""input_sha256"": ""54292e7dc9170af400cfbc4dbd40e3c3ba7cba4058ec7442837180a53b9c1687"", ""truth_sha256"": ""6976861d1bd7417e4a506c2482bc954ef289ea07a1cb50e765b429e45fd98489"", ""window_bank_rate"": 0.7578125}"
external_trajectory,formal_evaluation:compound_ood:00,compound_ood,202607176217,0.008158365885416666,"{""adaptation_lag_decisions"": null, ""detection_count"": 0, ""false_detection_count"": 0, ""input_sha256"": ""e956b085243331ec01b1cf8a6ba91f557311ade412f02e7bd79834926cd5efd3"", ""truth_sha256"": ""20f10ee51dfc4ff820a3d4be7b60499ad4a37ccf19f8c78eec5fa4b8eb553a2f"", ""window_bank_rate"": 0.0}"
external_trajectory,formal_evaluation:compound_ood:00,compound_ood,202607176218,0.008544921875,"{""adaptation_lag_decisions"": 368, ""detection_count"": 24, ""false_detection_count"": 14, ""input_sha256"": ""ede92167587d773c7a04c6d967f3482505f733585d37114c4acade6c7c927a6b"", ""truth_sha256"": ""0965cbb9817bb064119624047510837fe535ae6648ce57f94ffe4f24ee1f8c2d"", ""window_bank_rate"": 0.9612630208333334}"
external_trajectory,formal_evaluation:compound_ood:00,compound_ood,202607176219,0.00732421875,"{""adaptation_lag_decisions"": null, ""detection_count"": 0, ""false_detection_count"": 0, ""input_sha256"": ""5dbc120084460b091056760c5af368cdf461b6d6876e5d273513d5f1aa9444eb"", ""truth_sha256"": ""205fb8d5759c066be23fef2adf2e6eee67157b781d523cf1f9032a8e103917f0"", ""window_bank_rate"": 0.0}"
external_trajectory,formal_evaluation:compound_ood:00,compound_ood,202607176220,0.008463541666666666,"{""adaptation_lag_decisions"": null, ""detection_count"": 0, ""false_detection_count"": 0, ""input_sha256"": ""aa8b03af77efde79c96bebea05f6b586f8eee4d6e3b062bda5a7fa0eaf464922"", ""truth_sha256"": ""35fdb6cd3682f947ebeff4aedb76060e67b5a236a3c13d0c5ed796a74aeaf2ab"", ""window_bank_rate"": 0.0}"
external_trajectory,formal_evaluation:compound_ood:00,compound_ood,202607176221,0.00787353515625,"{""adaptation_lag_decisions"": 10832, ""detection_count"": 18, ""false_detection_count"": 12, ""input_sha256"": ""74e6194d4dff4dc3b9a241f9a78a96218f4a7a1db3a11bfe79cc8b57f91b03eb"", ""truth_sha256"": ""08a0663341a8da8c903a24b5544d83c15ce62c9dbe5d2e2374576db7264b4e6e"", ""window_bank_rate"": 0.7171223958333334}"
external_trajectory,formal_evaluation:compound_ood:00,compound_ood,202607176222,0.00836181640625,"{""adaptation_lag_decisions"": 320, ""detection_count"": 23, ""false_detection_count"": 13, ""input_sha256"": ""5e5c74610f5104733bc4d24f273aad1beb22c6b2192a9e7a1d22122a4eccb1a1"", ""truth_sha256"": ""26d77e7383585b86ce3c0c4c2c66d209b8dd7eecd3f80a440c6064de2a1fffa6"", ""window_bank_rate"": 0.9205729166666666}"
external_trajectory,formal_evaluation:compound_ood:00,compound_ood,202607176223,0.008056640625,"{""adaptation_lag_decisions"": 43856, ""detection_count"": 2, ""false_detection_count"": 2, ""input_sha256"": ""3f3be20ff8ca3950440d19f4d22dfe78cce5b434aa73900cbed8ba9dfbfec46c"", ""truth_sha256"": ""13f310af33bdbd5984546ded82514f44bd22044ca6f6ae6c743ace9ddf03658a"", ""window_bank_rate"": 0.06608072916666667}"
external_trajectory,formal_evaluation:compound_ood:00,compound_ood,202607176224,0.008280436197916666,"{""adaptation_lag_decisions"": 320, ""detection_count"": 23, ""false_detection_count"": 13, ""input_sha256"": ""39d969bcdab62fef9bcf2143112046a9a2f910d2835492d958f5742fcb8248f0"", ""truth_sha256"": ""4511679bd3da988b51711af449427267de5a4f2d640d8048807bea5ca6479154"", ""window_bank_rate"": 0.9205729166666666}"
external_trajectory,formal_evaluation:compound_ood:05,compound_ood,202607176201,0.09604899088541667,"{""adaptation_lag_decisions"": null, ""detection_count"": 0, ""false_detection_count"": 0, ""input_sha256"": ""5af63274ef7efbd086c858b0e902171b8694c62e21f97f83a443b85e5b215a9f"", ""truth_sha256"": ""d978f03e50d4ca59fc95c2c0832f3afe798ef5c88a8db280d5eef75621a16435"", ""window_bank_rate"": 0.0}"
external_trajectory,formal_evaluation:compound_ood:05,compound_ood,202607176202,0.09613037109375,"{""adaptation_lag_decisions"": null, ""detection_count"": 0, ""false_detection_count"": 0, ""input_sha256"": ""33a87fb76f1aab37465cf7dace1ce57e077fbb5bf24b8686cec83b497f5fc1a4"", ""truth_sha256"": ""0766f670c7544d13ab50ed48ab3394e3878f881464bd8dbd03cacb51ff2a7158"", ""window_bank_rate"": 0.0}"
external_trajectory,formal_evaluation:compound_ood:05,compound_ood,202607176203,0.098388671875,"{""adaptation_lag_decisions"": null, ""detection_count"": 0, ""false_detection_count"": 0, ""input_sha256"": ""ccb945119743e0b7f1b831b96c2f073c934e7b3359a0277867eb9d5647fc6fe7"", ""truth_sha256"": ""46a1b20a93723f8bec7658788d36b35ff2efa4135d0ad9c4ebb6bd83c524ac50"", ""window_bank_rate"": 0.0}"
external_trajectory,formal_evaluation:compound_ood:05,compound_ood,202607176204,0.09499104817708333,"{""adaptation_lag_decisions"": null, ""detection_count"": 0, ""false_detection_count"": 0, ""input_sha256"": ""a040f4a1d25a25f29d5a5f3d1b455728463e92d538c214d4d6b1674e4948bc39"", ""truth_sha256"": ""040581501c2db37ad17e602ebe4ccff2944d29804176a41abcd3ca7cf71e0beb"", ""window_bank_rate"": 0.0}"
external_trajectory,formal_evaluation:compound_ood:05,compound_ood,202607176205,0.10001627604166667,"{""adaptation_lag_decisions"": null, ""detection_count"": 0, ""false_detection_count"": 0, ""input_sha256"": ""ea0c2ee52dce3233981ea09d22449ec6ae1cbe109d7fa50cde180816775de3d7"", ""truth_sha256"": ""56d5c68b1603e6fbd20493b33f909c4e3d94bd3e351549e26934b45a9502dc25"", ""window_bank_rate"": 0.0}"
external_trajectory,formal_evaluation:compound_ood:05,compound_ood,202607176206,0.103515625,"{""adaptation_lag_decisions"": null, ""detection_count"": 0, ""false_detection_count"": 0, ""input_sha256"": ""8eec38af3fdb1cb903ed5f55f438c48e98b0b981fe5919cd4e13076f054f2683"", ""truth_sha256"": ""15a079bfb37a1687b9fcc18470c26ca4d2df34da13f8c83230c52f620189cf92"", ""window_bank_rate"": 0.0}"
external_trajectory,formal_evaluation:compound_ood:05,compound_ood,202607176207,0.10428873697916667,"{""adaptation_lag_decisions"": null, ""detection_count"": 0, ""false_detection_count"": 0, ""input_sha256"": ""32e3b944a034d7bd8a705c3208df7b4d2a24845dcf2678c7a2eca2be20d264f7"", ""truth_sha256"": ""089aab2ebccd133c424b382a812c268d23c9a79b5a87fb104809fe91fd9b593b"", ""window_bank_rate"": 0.0}"
external_trajectory,formal_evaluation:compound_ood:05,compound_ood,202607176208,0.095703125,"{""adaptation_lag_decisions"": null, ""detection_count"": 0, ""false_detection_count"": 0, ""input_sha256"": ""fd9d5d74e7876f52a43f3cd5db17a59f00a4728be575cc7ed2a0e270743058af"", ""truth_sha256"": ""3513a539a5c21201c1852673e2bb2b0367a358eaf012d7ee8ae32d81d50eb396"", ""window_bank_rate"": 0.0}"
external_trajectory,formal_evaluation:compound_ood:05,compound_ood,202607176209,0.09908040364583333,"{""adaptation_lag_decisions"": null, ""detection_count"": 0, ""false_detection_count"": 0, ""input_sha256"": ""4ed94ae647d27ed4396ef609259475599521c1d8d872fcff801149c653ddf798"", ""truth_sha256"": ""20cfa916e59195d37ab050cdc994255f16c697b025401f947e15cf4e622745ea"", ""window_bank_rate"": 0.0}"
external_trajectory,formal_evaluation:compound_ood:05,compound_ood,202607176210,0.10028076171875,"{""adaptation_lag_decisions"": null, ""detection_count"": 0, ""false_detection_count"": 0, ""input_sha256"": ""204e1e71e89858bcbbc36e4a94608f5c377bb90e49534db6056918512e8664c3"", ""truth_sha256"": ""9a8ac83d4f0e630992df675725c63dfb91788320b1478a05214432b148a0fed0"", ""window_bank_rate"": 0.0}"
external_trajectory,formal_evaluation:compound_ood:05,compound_ood,202607176211,0.09519449869791667,"{""adaptation_lag_decisions"": null, ""detection_count"": 0, ""false_detection_count"": 0, ""input_sha256"": ""26925f1a1f2126ff9e504427d402bdbf5f322fe9fc1ec2b27d0c4b011c4146c3"", ""truth_sha256"": ""a88f800b7a62227dd3319fdd71cc65a0db8abebf72479aee89a71b688bef7478"", ""window_bank_rate"": 0.0}"
external_trajectory,formal_evaluation:compound_ood:05,compound_ood,202607176212,0.09552001953125,"{""adaptation_lag_decisions"": null, ""detection_count"": 0, ""false_detection_count"": 0, ""input_sha256"": ""54b4d52d8e31ed4f76e32c0a61c31e0feaa8290657f1d1ee483f065712e509e9"", ""truth_sha256"": ""f2b62a6ef89b0599ad5a01bdc0f5c8e625cba2c605c98d5b40519e9ccaeebbb2"", ""window_bank_rate"": 0.0}"
external_trajectory,formal_evaluation:compound_ood:05,compound_ood,202607176213,0.09452311197916667,"{""adaptation_lag_decisions"": null, ""detection_count"": 0, ""false_detection_count"": 0, ""input_sha256"": ""91aed2987f7a6971ac9ca7ca21ad1ca8957140f69817b91782eca675fca80af4"", ""truth_sha256"": ""d8d0ef4464ba9d4fa2eda144c5e28407a71cd483deeb0e7b93dfc64b15498533"", ""window_bank_rate"": 0.0}"
external_trajectory,formal_evaluation:compound_ood:05,compound_ood,202607176214,0.10105387369791667,"{""adaptation_lag_decisions"": null, ""detection_count"": 0, ""false_detection_count"": 0, ""input_sha256"": ""b999e86984653ea3e30949d46a28b37f801a0aef171a785bd17aef3318da3f4f"", ""truth_sha256"": ""9176ea305764a7edd47ea2ac08ea41eba2bd1f480808138c60726e50afcd1021"", ""window_bank_rate"": 0.0}"
external_trajectory,formal_evaluation:compound_ood:05,compound_ood,202607176215,0.0994873046875,"{""adaptation_lag_decisions"": null, ""detection_count"": 0, ""false_detection_count"": 0, ""input_sha256"": ""136736c7c7a5772489a97710929a0f656912040df27fef845c5ae743e4f2511a"", ""truth_sha256"": ""c0571fa435ee361073d1b2d4c6004a617c806eeda713226aba40c140e241a5c3"", ""window_bank_rate"": 0.0}"
external_trajectory,formal_evaluation:compound_ood:05,compound_ood,202607176216,0.09214274088541667,"{""adaptation_lag_decisions"": null, ""detection_count"": 0, ""false_detection_count"": 0, ""input_sha256"": ""833ce629d57dde3e56569989a7673a2322b36d19a327edf92ac19bcf856a41b1"", ""truth_sha256"": ""6098e8d0d3d0981321c1f2bbb90b665bc36f5b5f4e69cfcc8647a4e548a10def"", ""window_bank_rate"": 0.0}"
external_trajectory,formal_evaluation:compound_ood:05,compound_ood,202607176217,0.10174560546875,"{""adaptation_lag_decisions"": null, ""detection_count"": 0, ""false_detection_count"": 0, ""input_sha256"": ""7c820c361750421b226627241218eb2593b003a11f43c796700fb3c791a77ade"", ""truth_sha256"": ""85ef5ef99bf681ab35571585f2e65bf35e51cc729350bd746dfc45ff968679fc"", ""window_bank_rate"": 0.0}"
external_trajectory,formal_evaluation:compound_ood:05,compound_ood,202607176218,0.09035237630208333,"{""adaptation_lag_decisions"": null, ""detection_count"": 0, ""false_detection_count"": 0, ""input_sha256"": ""fa8a75907d77255ebe6683f67b3ff6ea788c682274ce63398e09e2dfaa1b1131"", ""truth_sha256"": ""002406326a9db24319e8f4b80d784c34ef76f6b87662d048b8fba822b473c537"", ""window_bank_rate"": 0.0}"
external_trajectory,formal_evaluation:compound_ood:05,compound_ood,202607176219,0.09185791015625,"{""adaptation_lag_decisions"": null, ""detection_count"": 0, ""false_detection_count"": 0, ""input_sha256"": ""d1306b0b4eafb2562566929597cf5b642d007bc0007ba519adf56936449b18c9"", ""truth_sha256"": ""e94a9e0c4c88ab1333903888c96f9693e84e9402dd249bd0c53dde03aa11a78a"", ""window_bank_rate"": 0.0}"
external_trajectory,formal_evaluation:compound_ood:05,compound_ood,202607176220,0.09328206380208333,"{""adaptation_lag_decisions"": null, ""detection_count"": 0, ""false_detection_count"": 0, ""input_sha256"": ""287ca117473e830ab7ba54f39e9c83b0d865754fa5489f33eb30833f4da58a8f"", ""truth_sha256"": ""ba2a135d8c654190d23c10ab028588c220fcd3e7afecbd8f73318b6ba0f3aba8"", ""window_bank_rate"": 0.0}"
external_trajectory,formal_evaluation:compound_ood:05,compound_ood,202607176221,0.0927734375,"{""adaptation_lag_decisions"": null, ""detection_count"": 0, ""false_detection_count"": 0, ""input_sha256"": ""cfc41ee9a5449f68d766fd565c82d71c852f16fa18e82516a610fef3443710da"", ""truth_sha256"": ""4a794d939dc708f437aeb6cc2c2ba688c9864a4f46cbfbfac8914025a606a401"", ""window_bank_rate"": 0.0}"
external_trajectory,formal_evaluation:compound_ood:05,compound_ood,202607176222,0.09440104166666667,"{""adaptation_lag_decisions"": null, ""detection_count"": 0, ""false_detection_count"": 0, ""input_sha256"": ""254aa4ee1b8128c2eb479712d7458e3c6f5e5c0df9f2e91f3cb31b9cb344b7c6"", ""truth_sha256"": ""d3ac28c7e551a467d42c1110cb8e5dbc01f7ca456f2f5741cd920e6f23a0758a"", ""window_bank_rate"": 0.0}"
external_trajectory,formal_evaluation:compound_ood:05,compound_ood,202607176223,0.09521484375,"{""adaptation_lag_decisions"": null, ""detection_count"": 0, ""false_detection_count"": 0, ""input_sha256"": ""b1b14ea1c87a70976f22c1de2abd90ba539ce3374b23e1e1bab61bd6d4af8cc9"", ""truth_sha256"": ""7cfdaf64bb0e81be51d2b426bda3968c8d9cceeee960cedb94cd2031b4043f99"", ""window_bank_rate"": 0.0}"
external_trajectory,formal_evaluation:compound_ood:05,compound_ood,202607176224,0.09999593098958333,"{""adaptation_lag_decisions"": null, ""detection_count"": 0, ""false_detection_count"": 0, ""input_sha256"": ""3fa64b7d1bcf196d46783000c978b36b67665f5c76334e01e16dd96a9c8a92d5"", ""truth_sha256"": ""475cbf5690bcb0b984e648d532bade9a9843567f25056488a255e7a1b16e3044"", ""window_bank_rate"": 0.0}"
external_trajectory,formal_evaluation:correlation_drift:00,correlation_drift,202607176201,2.0345052083333332e-05,"{""adaptation_lag_decisions"": null, ""detection_count"": 0, ""false_detection_count"": 0, ""input_sha256"": ""f65ba6690e4d0c3d1b00b0c2a153dcc803b9a85966ee54a9f29c58fa1b984eef"", ""truth_sha256"": ""ce74e3f72d1a037b501f7933ef265c050d1e880d9923f3b711a9833bbf94e6d5"", ""window_bank_rate"": 0.0}"
external_trajectory,formal_evaluation:correlation_drift:00,correlation_drift,202607176202,2.0345052083333332e-05,"{""adaptation_lag_decisions"": null, ""detection_count"": 0, ""false_detection_count"": 0, ""input_sha256"": ""f534dae2f2f8c400511182da789630eb7efab595a7a63af98b21a3a079f93065"", ""truth_sha256"": ""b0a6ae63e71a23fe6db677b445f37101cc9b1d11b4a7066e8954c08130af63d2"", ""window_bank_rate"": 0.0}"
external_trajectory,formal_evaluation:correlation_drift:00,correlation_drift,202607176203,2.0345052083333332e-05,"{""adaptation_lag_decisions"": null, ""detection_count"": 0, ""false_detection_count"": 0, ""input_sha256"": ""65ecb0d1c7712398aca32fe4d6f5e890c86e6735749c790bad50306cd506e1f6"", ""truth_sha256"": ""5453ec88c940387693542687960ce26c64b06a45bb7c4172ef4982997bc622d8"", ""window_bank_rate"": 0.0}"
external_trajectory,formal_evaluation:correlation_drift:00,correlation_drift,202607176204,4.0690104166666664e-05,"{""adaptation_lag_decisions"": null, ""detection_count"": 0, ""false_detection_count"": 0, ""input_sha256"": ""4405eee0d002e34e3c738fae9109533baca7282eecf1942ea038f7a98e7ddeb9"", ""truth_sha256"": ""52f0d166d32c15bbe35ad21c2b2ef8a72afe792a555d49033d7407360af95cf1"", ""window_bank_rate"": 0.0}"
external_trajectory,formal_evaluation:correlation_drift:00,correlation_drift,202607176205,2.0345052083333332e-05,"{""adaptation_lag_decisions"": null, ""detection_count"": 0, ""false_detection_count"": 0, ""input_sha256"": ""0e7e87b491aab736183468001d97b2cc008e3c7be0ae386cace883c2f7012237"", ""truth_sha256"": ""010add7dbfd6d7f60acb684418de45e278869d1a5439a3c44bdcb3771b4a019e"", ""window_bank_rate"": 0.0}"
external_trajectory,formal_evaluation:correlation_drift:00,correlation_drift,202607176206,0.0,"{""adaptation_lag_decisions"": null, ""detection_count"": 0, ""false_detection_count"": 0, ""input_sha256"": ""781a32f83c7914261ff88d6431e020655e1fedf282065f8178e295edf2c9e190"", ""truth_sha256"": ""0ff9e8e1ee656f025ead1c6d58e62bd5d71e6dd6ecae359e44b0fb02b36394d8"", ""window_bank_rate"": 0.0}"
external_trajectory,formal_evaluation:correlation_drift:00,correlation_drift,202607176207,2.0345052083333332e-05,"{""adaptation_lag_decisions"": null, ""detection_count"": 0, ""false_detection_count"": 0, ""input_sha256"": ""dee1255870e4243d2c429bac6ffed130022ecf95f4304cf90ab95257dcf65df5"", ""truth_sha256"": ""9ba5805f8b6b84ab39789ca8fe4987280aa4546358817973eb523c7b4c59a440"", ""window_bank_rate"": 0.0}"
external_trajectory,formal_evaluation:correlation_drift:00,correlation_drift,202607176208,6.103515625e-05,"{""adaptation_lag_decisions"": null, ""detection_count"": 0, ""false_detection_count"": 0, ""input_sha256"": ""8240161f1c0e68591301096505398edbe9a1be81b171795a96e25306b4a4965f"", ""truth_sha256"": ""0736a49e72b94c342a3dc75c9877d7583d2b4c4eaeb1c231962f8533e8fdedae"", ""window_bank_rate"": 0.0}"
external_trajectory,formal_evaluation:correlation_drift:00,correlation_drift,202607176209,4.0690104166666664e-05,"{""adaptation_lag_decisions"": null, ""detection_count"": 0, ""false_detection_count"": 0, ""input_sha256"": ""b7c6cd9e8adb4fc29c4dfd2fb8f071bb4b0042fb112e31ab95e8ed4d3afc2cf6"", ""truth_sha256"": ""38bf914b7fd7f0e7cd23555d30669faf786edde3ba94361d4d9ddc616be24bc3"", ""window_bank_rate"": 0.0}"
external_trajectory,formal_evaluation:correlation_drift:00,correlation_drift,202607176210,2.0345052083333332e-05,"{""adaptation_lag_decisions"": null, ""detection_count"": 0, ""false_detection_count"": 0, ""input_sha256"": ""10c4ff546eb4f69025b9893d3e1e08048b53c6642db73235ba90f4e2bb22356c"", ""truth_sha256"": ""dbfcec0412187667d414fc526f196c450328b847351745eab79e2f5d92dd8a3f"", ""window_bank_rate"": 0.0}"
external_trajectory,formal_evaluation:correlation_drift:00,correlation_drift,202607176211,2.0345052083333332e-05,"{""adaptation_lag_decisions"": null, ""detection_count"": 0, ""false_detection_count"": 0, ""input_sha256"": ""235e9a5fd35a8b01baf1edef7139e9da9323c778950c229ef78a760a85e10a37"", ""truth_sha256"": ""f948e25366fe6286db2e66ad2f86ba6ee831011882cc770348272b7bf00617ce"", ""window_bank_rate"": 0.0}"
external_trajectory,formal_evaluation:correlation_drift:00,correlation_drift,202607176212,0.0,"{""adaptation_lag_decisions"": null, ""detection_count"": 0, ""false_detection_count"": 0, ""input_sha256"": ""795693c4c9970927b50a2be7e9da21c14cd31f0103d5577f5aea16b71cdbfb06"", ""truth_sha256"": ""72ce2cf86cf62e60d510dbe2befe8de1dcd747c2315f13c46f5ffb2aa02237da"", ""window_bank_rate"": 0.0}"
external_trajectory,formal_evaluation:correlation_drift:00,correlation_drift,202607176213,0.0,"{""adaptation_lag_decisions"": null, ""detection_count"": 0, ""false_detection_count"": 0, ""input_sha256"": ""62821b19251896201921784aa7d3fe047bbb5430844bcfcee8759eae6d2b26f4"", ""truth_sha256"": ""b0a6ae63e71a23fe6db677b445f37101cc9b1d11b4a7066e8954c08130af63d2"", ""window_bank_rate"": 0.0}"
external_trajectory,formal_evaluation:correlation_drift:00,correlation_drift,202607176214,4.0690104166666664e-05,"{""adaptation_lag_decisions"": null, ""detection_count"": 0, ""false_detection_count"": 0, ""input_sha256"": ""fcf7d4cc6ea16533229a1b6e6a9848a5a8a8509fefc953ef5e646d3825155a88"", ""truth_sha256"": ""3b762bc96a951c73880ea2895a4a66e55b9a9bcca14e0e51ecbdd8b56f518839"", ""window_bank_rate"": 0.0}"
external_trajectory,formal_evaluation:correlation_drift:00,correlation_drift,202607176215,0.0,"{""adaptation_lag_decisions"": null, ""detection_count"": 0, ""false_detection_count"": 0, ""input_sha256"": ""16bef62c3e78de9b42fe7b06015cf2b72edd9b36f8ffac6446052eb59c3d5f9f"", ""truth_sha256"": ""b0a6ae63e71a23fe6db677b445f37101cc9b1d11b4a7066e8954c08130af63d2"", ""window_bank_rate"": 0.0}"
external_trajectory,formal_evaluation:correlation_drift:00,correlation_drift,202607176216,0.0,"{""adaptation_lag_decisions"": null, ""detection_count"": 0, ""false_detection_count"": 0, ""input_sha256"": ""7dd6bfb97903698c9558b8121af361dab569fc700321cb93bec9fb76b9011169"", ""truth_sha256"": ""045d08941ab8d1be14bf7bb6db23d042ce66d16c832ca3827eccac1ff0ccf7b2"", ""window_bank_rate"": 0.0}"
external_trajectory,formal_evaluation:correlation_drift:00,correlation_drift,202607176217,2.0345052083333332e-05,"{""adaptation_lag_decisions"": null, ""detection_count"": 0, ""false_detection_count"": 0, ""input_sha256"": ""cb96efb90913382f62b237032361dd65492ee9d5d2673213d8279ea061ca6f16"", ""truth_sha256"": ""13b3bf111de742a0f07bcb3c08bd55db98df029965be45b278e97423f2d0d252"", ""window_bank_rate"": 0.0}"
external_trajectory,formal_evaluation:correlation_drift:00,correlation_drift,202607176218,0.0,"{""adaptation_lag_decisions"": null, ""detection_count"": 0, ""false_detection_count"": 0, ""input_sha256"": ""6d26ea41cbdc56bfaad4e06d306fc281992da2a5213de9e89998b0584fa4d229"", ""truth_sha256"": ""0a51cb79c18c2a1f293b3a7044d6ae2d9d71da147bdf5a390bffda6d6df6a5de"", ""window_bank_rate"": 0.0}"
external_trajectory,formal_evaluation:correlation_drift:00,correlation_drift,202607176219,0.0,"{""adaptation_lag_decisions"": null, ""detection_count"": 0, ""false_detection_count"": 0, ""input_sha256"": ""ba9afdd2e67d6852123cd5336540ffbd1b89075bf9067f4b0dc850b4ca9505c2"", ""truth_sha256"": ""b0a6ae63e71a23fe6db677b445f37101cc9b1d11b4a7066e8954c08130af63d2"", ""window_bank_rate"": 0.0}"
external_trajectory,formal_evaluation:correlation_drift:00,correlation_drift,202607176220,0.0001220703125,"{""adaptation_lag_decisions"": null, ""detection_count"": 0, ""false_detection_count"": 0, ""input_sha256"": ""fde67adfcaa08157dd93c78871b8f8adb35c51bb983969a546e69a3b9025c4a8"", ""truth_sha256"": ""5b7d1015b6808123e9ff05ff0ab53e1d00eb53cd63420f88959c5f8c58545c06"", ""window_bank_rate"": 0.0}"
external_trajectory,formal_evaluation:correlation_drift:00,correlation_drift,202607176221,0.0,"{""adaptation_lag_decisions"": null, ""detection_count"": 0, ""false_detection_count"": 0, ""input_sha256"": ""0cb806738eb1c5d95d8147498a61c73597b0dab608c7af0a3c57d307f5733a2b"", ""truth_sha256"": ""5ba4313ffdf72b22a9881f2b72d0804f905abda19597abb269c6efb72feaa95b"", ""window_bank_rate"": 0.0}"
external_trajectory,formal_evaluation:correlation_drift:00,correlation_drift,202607176222,0.0,"{""adaptation_lag_decisions"": null, ""detection_count"": 0, ""false_detection_count"": 0, ""input_sha256"": ""68e42358a6023caaa7626b2042f854a0f5501325333ad05ddb7150af5c6c1ef9"", ""truth_sha256"": ""b0a6ae63e71a23fe6db677b445f37101cc9b1d11b4a7066e8954c08130af63d2"", ""window_bank_rate"": 0.0}"
external_trajectory,formal_evaluation:correlation_drift:00,correlation_drift,202607176223,0.0,"{""adaptation_lag_decisions"": null, ""detection_count"": 0, ""false_detection_count"": 0, ""input_sha256"": ""25d98667fca2388e56ebfa5766da73884ae6a8a79920ef71b38a6fe56e66aeaa"", ""truth_sha256"": ""b0a6ae63e71a23fe6db677b445f37101cc9b1d11b4a7066e8954c08130af63d2"", ""window_bank_rate"": 0.0}"
external_trajectory,formal_evaluation:correlation_drift:00,correlation_drift,202607176224,2.0345052083333332e-05,"{""adaptation_lag_decisions"": null, ""detection_count"": 0, ""false_detection_count"": 0, ""input_sha256"": ""7541427ba73c57d35ea38199ebdf14ac586957411420846bb746783eb375c8e9"", ""truth_sha256"": ""49710975a2a3aeae3df1f347c232e6db1be5cc155e9727a96f2b75791d9b98f6"", ""window_bank_rate"": 0.0}"
external_trajectory,formal_evaluation:correlation_drift:05,correlation_drift,202607176201,2.0345052083333332e-05,"{""adaptation_lag_decisions"": null, ""detection_count"": 0, ""false_detection_count"": 0, ""input_sha256"": ""ec0df924525a499374fc46f2a0865a39cf02a782be1c9ad9fc7a266d17320a84"", ""truth_sha256"": ""efae3b9d76637daf926759a0559e6476fa0b5b81b9e0793464e682b7b1379508"", ""window_bank_rate"": 0.0}"
external_trajectory,formal_evaluation:correlation_drift:05,correlation_drift,202607176202,0.0,"{""adaptation_lag_decisions"": null, ""detection_count"": 0, ""false_detection_count"": 0, ""input_sha256"": ""dd5dc30fae3dbdc98b3fc9ceb2c3b18da4d55b77be6c41277ce053d70a22a37d"", ""truth_sha256"": ""a11f1b1dcc05aa6dff00ca879f64f0575d6e13c7a5d03e46f6732f279587d94d"", ""window_bank_rate"": 0.0}"
external_trajectory,formal_evaluation:correlation_drift:05,correlation_drift,202607176203,2.0345052083333332e-05,"{""adaptation_lag_decisions"": null, ""detection_count"": 0, ""false_detection_count"": 0, ""input_sha256"": ""aa7c4887676d846649f01fba548092bf4bd0ac0a0f536156b008179f08b4ab61"", ""truth_sha256"": ""4caeb6a098c5d4d802e39a5fcdae3326cf1d13c38ee65f25b422339dede57561"", ""window_bank_rate"": 0.0}"
external_trajectory,formal_evaluation:correlation_drift:05,correlation_drift,202607176204,2.0345052083333332e-05,"{""adaptation_lag_decisions"": null, ""detection_count"": 0, ""false_detection_count"": 0, ""input_sha256"": ""c0f97323c5adda81c83a0376223de345c063fc262f5f853cb50e1cac403e3ec3"", ""truth_sha256"": ""3a57dcc5b7cbb5b97333d96388e388ee834054b82be12edf05bd230534eaec3c"", ""window_bank_rate"": 0.0}"
external_trajectory,formal_evaluation:correlation_drift:05,correlation_drift,202607176205,0.0,"{""adaptation_lag_decisions"": null, ""detection_count"": 0, ""false_detection_count"": 0, ""input_sha256"": ""42a7e946d395be26e90b30674fe9b4d2221c580845a4cbf25f8f45a30265d37e"", ""truth_sha256"": ""b0a6ae63e71a23fe6db677b445f37101cc9b1d11b4a7066e8954c08130af63d2"", ""window_bank_rate"": 0.0}"
external_trajectory,formal_evaluation:correlation_drift:05,correlation_drift,202607176206,4.0690104166666664e-05,"{""adaptation_lag_decisions"": null, ""detection_count"": 0, ""false_detection_count"": 0, ""input_sha256"": ""a5dbc13c859914573c7f3c70324fda02bdb461aa4a2b8db36b99517d21fa1a99"", ""truth_sha256"": ""8b9cb299cdc3375ae645621ce3b8f170f51c053910c8f5991aadffc80441b92d"", ""window_bank_rate"": 0.0}"
external_trajectory,formal_evaluation:correlation_drift:05,correlation_drift,202607176207,0.0,"{""adaptation_lag_decisions"": null, ""detection_count"": 0, ""false_detection_count"": 0, ""input_sha256"": ""5641a16c1f13aa931fbd22a6d99dddd9b79ce0efbbae2ea2bf9abedf5162a60b"", ""truth_sha256"": ""b0a6ae63e71a23fe6db677b445f37101cc9b1d11b4a7066e8954c08130af63d2"", ""window_bank_rate"": 0.0}"
external_trajectory,formal_evaluation:correlation_drift:05,correlation_drift,202607176208,4.0690104166666664e-05,"{""adaptation_lag_decisions"": null, ""detection_count"": 0, ""false_detection_count"": 0, ""input_sha256"": ""359b6f0317727a87351d9bc955aec911042225a01c5b7c1726075c1de6648d84"", ""truth_sha256"": ""8283ea34b77a17a0e567f6a660158eceec03c6fc368afff17e95c289fb91c4d6"", ""window_bank_rate"": 0.0}"
external_trajectory,formal_evaluation:correlation_drift:05,correlation_drift,202607176209,2.0345052083333332e-05,"{""adaptation_lag_decisions"": null, ""detection_count"": 0, ""false_detection_count"": 0, ""input_sha256"": ""55772946ce3f95414a85d809869912a24324a6edde27c209536fc11be5640a45"", ""truth_sha256"": ""693c32dddca03002f3eb594c6059005fabb5c7fd8697315d2f349324b150411c"", ""window_bank_rate"": 0.0}"
external_trajectory,formal_evaluation:correlation_drift:05,correlation_drift,202607176210,0.0,"{""adaptation_lag_decisions"": null, ""detection_count"": 0, ""false_detection_count"": 0, ""input_sha256"": ""9144c9e93fc59f350aaac6f85ff7fb2cb8c9ee60d28947ec24e6c7a12e4f64a8"", ""truth_sha256"": ""3931d0bd376f56870f289c17a52cf9ce31f75eec8843f4715252bf016d13d414"", ""window_bank_rate"": 0.0}"
external_trajectory,formal_evaluation:correlation_drift:05,correlation_drift,202607176211,0.0,"{""adaptation_lag_decisions"": null, ""detection_count"": 0, ""false_detection_count"": 0, ""input_sha256"": ""7eec3b7f56d0f57168349955349ae1328e921c8ff16ca9a3ad14d2e045a98c1c"", ""truth_sha256"": ""385e35a9cde9739c9e71c84f20f3e80c8e345ca30faecb734df22306d15c14ae"", ""window_bank_rate"": 0.0}"
external_trajectory,formal_evaluation:correlation_drift:05,correlation_drift,202607176212,0.0,"{""adaptation_lag_decisions"": null, ""detection_count"": 0, ""false_detection_count"": 0, ""input_sha256"": ""6ba533ccc9a7e3c35100d61c1809eef760edd33a1bb57955884a661f8535fce3"", ""truth_sha256"": ""656695efd4ca63160896487c75e651357f3877cd4c9dd4fa98232d7cbf664f3e"", ""window_bank_rate"": 0.0}"
external_trajectory,formal_evaluation:correlation_drift:05,correlation_drift,202607176213,0.0,"{""adaptation_lag_decisions"": null, ""detection_count"": 0, ""false_detection_count"": 0, ""input_sha256"": ""d41554b069a376db3d77a42e214461ac5640518ece381c3e934c298a02413b0b"", ""truth_sha256"": ""64bf27cb2fe3c5ecbf0f61b86ac68fcac51917ea502868f08e11229425d98add"", ""window_bank_rate"": 0.0}"
external_trajectory,formal_evaluation:correlation_drift:05,correlation_drift,202607176214,2.0345052083333332e-05,"{""adaptation_lag_decisions"": null, ""detection_count"": 0, ""false_detection_count"": 0, ""input_sha256"": ""d86f4da649443015a04265e06491fa0adbc41729a94686428d07d382013b3b08"", ""truth_sha256"": ""ae1a240a88dfebfd8eab53ffd0924d54d81e5f5c1da4f6ea8e1d6bfd999cc103"", ""window_bank_rate"": 0.0}"
external_trajectory,formal_evaluation:correlation_drift:05,correlation_drift,202607176215,2.0345052083333332e-05,"{""adaptation_lag_decisions"": null, ""detection_count"": 0, ""false_detection_count"": 0, ""input_sha256"": ""1bbc2e4c0b5f83db9426ae69cdbe600f1f43097dcec619366ec430b8eb5d98e4"", ""truth_sha256"": ""a51af0839e133efe2a6557c27be1f255dc0dcdff3d10277be0eae6f3874cf114"", ""window_bank_rate"": 0.0}"
external_trajectory,formal_evaluation:correlation_drift:05,correlation_drift,202607176216,2.0345052083333332e-05,"{""adaptation_lag_decisions"": null, ""detection_count"": 0, ""false_detection_count"": 0, ""input_sha256"": ""c426fe9306e9721ce5f0707c64b522339f73a43d559aa362b8d5d8a4771d5b80"", ""truth_sha256"": ""513fa75a7c5ce699833bd4ce6a58914358f988158821b81be2137aa1de86914d"", ""window_bank_rate"": 0.0}"
external_trajectory,formal_evaluation:correlation_drift:05,correlation_drift,202607176217,0.0,"{""adaptation_lag_decisions"": null, ""detection_count"": 0, ""false_detection_count"": 0, ""input_sha256"": ""7fdaa4bcb1e7411599bb7ad7209731bb9bfc9b20320b35f9bf14af13e21a4667"", ""truth_sha256"": ""62aef970d6e14db396ee24367d0195fabc9e0bf6330ffd827898371a2da60009"", ""window_bank_rate"": 0.0}"
external_trajectory,formal_evaluation:correlation_drift:05,correlation_drift,202607176218,2.0345052083333332e-05,"{""adaptation_lag_decisions"": null, ""detection_count"": 0, ""false_detection_count"": 0, ""input_sha256"": ""f262f8365d7d88c9d3e58630fef5c0f08bb44a36cc71f3094b26535513187cca"", ""truth_sha256"": ""e77ca4623bb7a6f43ffe21bbd511ee77b2cbfd86f6afda04f7eb7f037b447290"", ""window_bank_rate"": 0.0}"
external_trajectory,formal_evaluation:correlation_drift:05,correlation_drift,202607176219,2.0345052083333332e-05,"{""adaptation_lag_decisions"": null, ""detection_count"": 0, ""false_detection_count"": 0, ""input_sha256"": ""f5b7b6a62aa988f6013a73e7aaa277130dffa867fbed5077ec73b9de524a9879"", ""truth_sha256"": ""4c520807542b18ec55652d1580f7bd15104b048115a2695def8265cbffa866cf"", ""window_bank_rate"": 0.0}"
external_trajectory,formal_evaluation:correlation_drift:05,correlation_drift,202607176220,0.0,"{""adaptation_lag_decisions"": null, ""detection_count"": 0, ""false_detection_count"": 0, ""input_sha256"": ""ce9517d9996f39c85a33f910f71d1b7e7cff329ce8f45134a28073454d653e6b"", ""truth_sha256"": ""03494137c7d8f4fa6b35a0351275c5a906361be84745030e053429d7f6316e29"", ""window_bank_rate"": 0.0}"
external_trajectory,formal_evaluation:correlation_drift:05,correlation_drift,202607176221,2.0345052083333332e-05,"{""adaptation_lag_decisions"": null, ""detection_count"": 0, ""false_detection_count"": 0, ""input_sha256"": ""1c9e97f30bca7c4f7f1183ca8c39f23225346b0530265274be75a64bba6e63f2"", ""truth_sha256"": ""b0a6ae63e71a23fe6db677b445f37101cc9b1d11b4a7066e8954c08130af63d2"", ""window_bank_rate"": 0.0}"
external_trajectory,formal_evaluation:correlation_drift:05,correlation_drift,202607176222,4.0690104166666664e-05,"{""adaptation_lag_decisions"": null, ""detection_count"": 0, ""false_detection_count"": 0, ""input_sha256"": ""b0610f400432f0c654debae222ecddbf3b2a1abb5698d7934ab166eb54d1b7d6"", ""truth_sha256"": ""47526b28a1902814df30eecefa4f0a71a86b1eb5104bf2462e87ec2acef403a1"", ""window_bank_rate"": 0.0}"
external_trajectory,formal_evaluation:correlation_drift:05,correlation_drift,202607176223,0.0,"{""adaptation_lag_decisions"": null, ""detection_count"": 0, ""false_detection_count"": 0, ""input_sha256"": ""96530993ce4c570835476c4cffd534952a549da0024a1b647bf849236ef2a2ad"", ""truth_sha256"": ""560ff1c43c690fd45beabb7de896def726bd710a369b710fb8cdd54932d2c74a"", ""window_bank_rate"": 0.0}"
external_trajectory,formal_evaluation:correlation_drift:05,correlation_drift,202607176224,0.0,"{""adaptation_lag_decisions"": null, ""detection_count"": 0, ""false_detection_count"": 0, ""input_sha256"": ""0e79545d11c0c7a82c6a6846aa55ac22b0f5afe521c88f8f7cf81f35ade7a0e6"", ""truth_sha256"": ""91c95fc243c45e8039da1bca95e2f3cd178153ea660cf2be985d14e5462a43c8"", ""window_bank_rate"": 0.0}"
external_trajectory,formal_evaluation:leakage_persistence:00,leakage_persistence,202607176201,2.0345052083333332e-05,"{""adaptation_lag_decisions"": null, ""detection_count"": 0, ""false_detection_count"": 0, ""input_sha256"": ""625054acefccde9d07558cd79b2c05df4c755c9b50dd9ae95cc58fe3226a765a"", ""truth_sha256"": ""5cbaebebfa8013eea8e4d980a9ef280e029f66e6f4786f286419616f45a93d59"", ""window_bank_rate"": 0.0}"
external_trajectory,formal_evaluation:leakage_persistence:00,leakage_persistence,202607176202,0.0,"{""adaptation_lag_decisions"": null, ""detection_count"": 0, ""false_detection_count"": 0, ""input_sha256"": ""6a0a246c02141b5da469f09da8a35b19ef44be589d72ea577bf8c17df4167738"", ""truth_sha256"": ""67ac0e5c02dcf4023413009fe01c7711ce04e1633d4473caa395aa75f9945c92"", ""window_bank_rate"": 0.0}"
external_trajectory,formal_evaluation:leakage_persistence:00,leakage_persistence,202607176203,6.103515625e-05,"{""adaptation_lag_decisions"": null, ""detection_count"": 0, ""false_detection_count"": 0, ""input_sha256"": ""8935d358f6bf87806af3731e1d371649582a566c13fd06d96c8490b82c283540"", ""truth_sha256"": ""a1bec4b64a7900f178438d1f2d876d42ae03b321bf0ae617a3a0140061e84c7f"", ""window_bank_rate"": 0.0}"
external_trajectory,formal_evaluation:leakage_persistence:00,leakage_persistence,202607176204,0.0,"{""adaptation_lag_decisions"": null, ""detection_count"": 0, ""false_detection_count"": 0, ""input_sha256"": ""7170a7e2b9f81786f68b3d921d2cd309fc4490eb600df83e5e2a37b3dc72818f"", ""truth_sha256"": ""18081841025fb3cf37b9bcd6b80dfa17fe6fd3942090ced990fa17fc50665d6a"", ""window_bank_rate"": 0.0}"
external_trajectory,formal_evaluation:leakage_persistence:00,leakage_persistence,202607176205,4.0690104166666664e-05,"{""adaptation_lag_decisions"": null, ""detection_count"": 0, ""false_detection_count"": 0, ""input_sha256"": ""88bea2f7a029a5e7c167b8d15599d173de0f7687ffae84357e251e8739cbeb33"", ""truth_sha256"": ""6f8e3c121b2d139be9a2544216b415a670a0aa8f8ba84ddcb91438caa447a44a"", ""window_bank_rate"": 0.0}"
external_trajectory,formal_evaluation:leakage_persistence:00,leakage_persistence,202607176206,2.0345052083333332e-05,"{""adaptation_lag_decisions"": null, ""detection_count"": 0, ""false_detection_count"": 0, ""input_sha256"": ""392b701eef854e8bc863f5f905fbe0d4ad93bb054b714c2752963977395e788e"", ""truth_sha256"": ""3060392e323b6d63531bf2d02aa629d86c7ef73030601bb09ecb527374b3ddf6"", ""window_bank_rate"": 0.0}"
external_trajectory,formal_evaluation:leakage_persistence:00,leakage_persistence,202607176207,2.0345052083333332e-05,"{""adaptation_lag_decisions"": null, ""detection_count"": 0, ""false_detection_count"": 0, ""input_sha256"": ""b79bb48708a26c34c5d7198242e22662a5cee88690a8edfbd39978ea2693dfe1"", ""truth_sha256"": ""c8ad264e8f3d30079baa0af9d0258d597ed2cf5a8f7daebd34f74ea53a70e13d"", ""window_bank_rate"": 0.0}"
external_trajectory,formal_evaluation:leakage_persistence:00,leakage_persistence,202607176208,2.0345052083333332e-05,"{""adaptation_lag_decisions"": null, ""detection_count"": 0, ""false_detection_count"": 0, ""input_sha256"": ""9f4148b3f4d10577fa1c17b8c5a6d3a6ee503726bf3a3ce257ce6ef8da0f671a"", ""truth_sha256"": ""f699e6ab5a74d1a32800a0748aeb74e36ece972f804e1e324beae18d627e88a6"", ""window_bank_rate"": 0.0}"
external_trajectory,formal_evaluation:leakage_persistence:00,leakage_persistence,202607176209,0.0,"{""adaptation_lag_decisions"": null, ""detection_count"": 0, ""false_detection_count"": 0, ""input_sha256"": ""6b9e440dfabff97d8372328da864aac1dcfd00e7dafe465eaf98994eaeba491e"", ""truth_sha256"": ""13541b8356fc14fe7735be025b781e133f0ecb55f5bbd776f947a56b8ca6f99e"", ""window_bank_rate"": 0.0}"
external_trajectory,formal_evaluation:leakage_persistence:00,leakage_persistence,202607176210,0.0,"{""adaptation_lag_decisions"": null, ""detection_count"": 0, ""false_detection_count"": 0, ""input_sha256"": ""04c9f32d1c697d494238761507f1b289002ddb82ae07e06a4afff5bc71b7aae2"", ""truth_sha256"": ""d4c88c35e53e1a2672aa77f76aab76f112b39b98c0ea74e3a45c918864098135"", ""window_bank_rate"": 0.0}"
external_trajectory,formal_evaluation:leakage_persistence:00,leakage_persistence,202607176211,2.0345052083333332e-05,"{""adaptation_lag_decisions"": null, ""detection_count"": 0, ""false_detection_count"": 0, ""input_sha256"": ""e4b3befb7c99f0a39ce9a41d8545a97dd7a2db343e50c5195eccf99658aa0a5e"", ""truth_sha256"": ""1d16e1d12ff2cd3031c1d0648c3b99a67113aad4810b0f37ec867286e670b693"", ""window_bank_rate"": 0.0}"
external_trajectory,formal_evaluation:leakage_persistence:00,leakage_persistence,202607176212,2.0345052083333332e-05,"{""adaptation_lag_decisions"": null, ""detection_count"": 0, ""false_detection_count"": 0, ""input_sha256"": ""dcc727f38073eb60d35e87463fdbdb0a51aaf4410661b41db909f297cc577e32"", ""truth_sha256"": ""6173a3d8a09782069e35de741e83cb3e9ae8823e10032105ee5f7b278885ecd9"", ""window_bank_rate"": 0.0}"
external_trajectory,formal_evaluation:leakage_persistence:00,leakage_persistence,202607176213,2.0345052083333332e-05,"{""adaptation_lag_decisions"": null, ""detection_count"": 0, ""false_detection_count"": 0, ""input_sha256"": ""3d2837b3c507b009c8ae49d1d41d356bc346b90a8c980a98f029ec5e603d36ba"", ""truth_sha256"": ""37cf139583d62dcc39594325152ad9c718857aaaeafda4b9381ca0346ad73b79"", ""window_bank_rate"": 0.0}"
external_trajectory,formal_evaluation:leakage_persistence:00,leakage_persistence,202607176214,2.0345052083333332e-05,"{""adaptation_lag_decisions"": null, ""detection_count"": 0, ""false_detection_count"": 0, ""input_sha256"": ""6faa57a4c2a36e607c4638726a5092f0679d29dc9bdc68a8806d79b15f2ef518"", ""truth_sha256"": ""9823c8b8205cc89a1d0465b2fb6b4a6310c58e095bbb403b81185344646a057c"", ""window_bank_rate"": 0.0}"
external_trajectory,formal_evaluation:leakage_persistence:00,leakage_persistence,202607176215,2.0345052083333332e-05,"{""adaptation_lag_decisions"": null, ""detection_count"": 0, ""false_detection_count"": 0, ""input_sha256"": ""bc88455f1ad641ca5608c2f6f2452a781da9b2cf4f7b772e398aab3214264400"", ""truth_sha256"": ""1383ae1ea7aa83c9e0801985bf12f1969994d8bed6e98ba1a713c33a45a6086d"", ""window_bank_rate"": 0.0}"
external_trajectory,formal_evaluation:leakage_persistence:00,leakage_persistence,202607176216,0.0,"{""adaptation_lag_decisions"": null, ""detection_count"": 0, ""false_detection_count"": 0, ""input_sha256"": ""38ad1546db438b0701b540ec59027278bb643836755365a83945c0f7b82d9155"", ""truth_sha256"": ""52e4e1d685f17c8ce7fcdcbe6b229411a6a7b7afeb18175151da7df55cefa5d6"", ""window_bank_rate"": 0.0}"
external_trajectory,formal_evaluation:leakage_persistence:00,leakage_persistence,202607176217,6.103515625e-05,"{""adaptation_lag_decisions"": null, ""detection_count"": 0, ""false_detection_count"": 0, ""input_sha256"": ""3c45e75cfe126cc06a016c1c619d7abbf1d585e44f6ce37298d707c5fd8422ea"", ""truth_sha256"": ""c890e6859b9c72d7910adc5454afdfe2c91489ef4f73614b653c944d6ff9bbaf"", ""window_bank_rate"": 0.0}"
external_trajectory,formal_evaluation:leakage_persistence:00,leakage_persistence,202607176218,0.0,"{""adaptation_lag_decisions"": null, ""detection_count"": 0, ""false_detection_count"": 0, ""input_sha256"": ""5fbfe2381b9f96314f1a71bfa9b87bdafe180391ed77bebbaebcbcb348a7413e"", ""truth_sha256"": ""9d0e5e23ae322c07e58c9318badd39017ff191c6d561e3a99c7133367e7f4e0a"", ""window_bank_rate"": 0.0}"
external_trajectory,formal_evaluation:leakage_persistence:00,leakage_persistence,202607176219,4.0690104166666664e-05,"{""adaptation_lag_decisions"": null, ""detection_count"": 0, ""false_detection_count"": 0, ""input_sha256"": ""5f8d7218063d7848819cfe6c1f1c6efdcdf97189541ec4e80ca082d33eb8e921"", ""truth_sha256"": ""14e9abe57747711724e2c1b05bcb3d42daf4f1e054e7af6a7294a950b9f3d76a"", ""window_bank_rate"": 0.0}"
external_trajectory,formal_evaluation:leakage_persistence:00,leakage_persistence,202607176220,6.103515625e-05,"{""adaptation_lag_decisions"": null, ""detection_count"": 0, ""false_detection_count"": 0, ""input_sha256"": ""8fb7f761f3327fd4b29b6a0f5416912149b32ecb2d2f39f6d2f1d6530014d4d9"", ""truth_sha256"": ""7acc9d9b50fc18a25f5db81e174933cc7a645346f4948ea48c5ea1f6138c385c"", ""window_bank_rate"": 0.0}"
external_trajectory,formal_evaluation:leakage_persistence:00,leakage_persistence,202607176221,2.0345052083333332e-05,"{""adaptation_lag_decisions"": null, ""detection_count"": 0, ""false_detection_count"": 0, ""input_sha256"": ""f18ef880d8ca6e61e446d6554f0d7628eac8f29347a3070eb57da0d3516dbbec"", ""truth_sha256"": ""88089520fe6f9cb4c192c73996315d46445cc7839f6bdc77ebf68b74f12690d5"", ""window_bank_rate"": 0.0}"
external_trajectory,formal_evaluation:leakage_persistence:00,leakage_persistence,202607176222,4.0690104166666664e-05,"{""adaptation_lag_decisions"": null, ""detection_count"": 0, ""false_detection_count"": 0, ""input_sha256"": ""a239064e3ac488855beb181673476cbd3f8fa0c44eeecfe18c677b5897f0cde6"", ""truth_sha256"": ""3b751d1a5ac8a7d06b020159d02fb38d2d71f8c92fb8562770234dd830b686f6"", ""window_bank_rate"": 0.0}"
external_trajectory,formal_evaluation:leakage_persistence:00,leakage_persistence,202607176223,2.0345052083333332e-05,"{""adaptation_lag_decisions"": null, ""detection_count"": 0, ""false_detection_count"": 0, ""input_sha256"": ""3fe4219b574a825d4eaf9e0fb81a088ac233325283f3703d630e7c607ed4eb0c"", ""truth_sha256"": ""f73cc58598016fe9c7bdfbc859cfd75391f844aeb3b9879c77d44cdfcf7e6157"", ""window_bank_rate"": 0.0}"
external_trajectory,formal_evaluation:leakage_persistence:00,leakage_persistence,202607176224,0.0,"{""adaptation_lag_decisions"": null, ""detection_count"": 0, ""false_detection_count"": 0, ""input_sha256"": ""c78d8f61cf9dc621d0f894613e1889fd539cc54b754258cb45e1a0ab7155d8c0"", ""truth_sha256"": ""ea8c17815ced87853058083609174e33f5fdfae22e43f62d37d002b65f40945b"", ""window_bank_rate"": 0.0}"
external_trajectory,formal_evaluation:leakage_persistence:05,leakage_persistence,202607176201,0.0,"{""adaptation_lag_decisions"": null, ""detection_count"": 0, ""false_detection_count"": 0, ""input_sha256"": ""36080954a5ea102cc841812f7bd18c001d84760193b14c31e287b3e3ea40fa5f"", ""truth_sha256"": ""2028a8ce917e64c06a90a6ce4dcd2ff478986ee256302b001c54fe61d1fbcebe"", ""window_bank_rate"": 0.0}"
external_trajectory,formal_evaluation:leakage_persistence:05,leakage_persistence,202607176202,2.0345052083333332e-05,"{""adaptation_lag_decisions"": null, ""detection_count"": 0, ""false_detection_count"": 0, ""input_sha256"": ""f653fd4d9ed40dff6eb893d98a5b0487a17ff5784cbdf428be869c9bb0506e73"", ""truth_sha256"": ""c9a813cab6026bdbfaa18d055b06d4e82ededc7d48a8345a39e305d5eae6ccd0"", ""window_bank_rate"": 0.0}"
external_trajectory,formal_evaluation:leakage_persistence:05,leakage_persistence,202607176203,0.0,"{""adaptation_lag_decisions"": null, ""detection_count"": 0, ""false_detection_count"": 0, ""input_sha256"": ""fc76eef3bd9240325055ec1ec587a0dceace61048bc895e06e321ca91abd6fd7"", ""truth_sha256"": ""3f5e859da76b9b11e512c6309268b460f54470661234330e25c5090f400f5799"", ""window_bank_rate"": 0.0}"
external_trajectory,formal_evaluation:leakage_persistence:05,leakage_persistence,202607176204,0.0,"{""adaptation_lag_decisions"": null, ""detection_count"": 0, ""false_detection_count"": 0, ""input_sha256"": ""dd58295df818caa9fa47201d66a1ff81fdccd6f4011c1319885f4d5bdaf6fef7"", ""truth_sha256"": ""d38bb83b9c72ddbe9d932fdcf90fad6b804eb2cb2549c2a0358bb84ad5a48060"", ""window_bank_rate"": 0.0}"
external_trajectory,formal_evaluation:leakage_persistence:05,leakage_persistence,202607176205,2.0345052083333332e-05,"{""adaptation_lag_decisions"": null, ""detection_count"": 0, ""false_detection_count"": 0, ""input_sha256"": ""ea9b7bf69e79fb8a38241f84cbf0f09994db0c18cfd4eed2d87b6950decf8fc2"", ""truth_sha256"": ""84ccec9d4379add0402fc6d1a1048edfbac3512b9ffb8ba1d18e6c92813da474"", ""window_bank_rate"": 0.0}"
external_trajectory,formal_evaluation:leakage_persistence:05,leakage_persistence,202607176206,4.0690104166666664e-05,"{""adaptation_lag_decisions"": null, ""detection_count"": 0, ""false_detection_count"": 0, ""input_sha256"": ""79935a52d4957d47bcef72288da12da3f02f8ed0c5b1713b789d56efa0691e3e"", ""truth_sha256"": ""7d46737d15c8e46f68727bf843cc27f40b10ffc8cdcbebde6c622cc3239bf83c"", ""window_bank_rate"": 0.0}"
external_trajectory,formal_evaluation:leakage_persistence:05,leakage_persistence,202607176207,4.0690104166666664e-05,"{""adaptation_lag_decisions"": null, ""detection_count"": 0, ""false_detection_count"": 0, ""input_sha256"": ""9554234e4ee96987f0ea375a8161d6d627a2b25e8624fcf67b89c6755f205439"", ""truth_sha256"": ""3319d5c25ebb077a7c9fd150b3f9012bf9a8319fd1913e0abccdda499f6ecb12"", ""window_bank_rate"": 0.0}"
external_trajectory,formal_evaluation:leakage_persistence:05,leakage_persistence,202607176208,0.0,"{""adaptation_lag_decisions"": null, ""detection_count"": 0, ""false_detection_count"": 0, ""input_sha256"": ""00fc4b9e005b251a83f80a1eef43ca839442faf7f3bbf7aafd4ebc63b4634a42"", ""truth_sha256"": ""d38bb83b9c72ddbe9d932fdcf90fad6b804eb2cb2549c2a0358bb84ad5a48060"", ""window_bank_rate"": 0.0}"
external_trajectory,formal_evaluation:leakage_persistence:05,leakage_persistence,202607176209,2.0345052083333332e-05,"{""adaptation_lag_decisions"": null, ""detection_count"": 0, ""false_detection_count"": 0, ""input_sha256"": ""c1faa77f829e7a4c0cddf8bfe84145bcb0c8469a2ff137ccf65cdfdbdb1f0b34"", ""truth_sha256"": ""6e098e601dd3ac1bf28c39070e03cfa5e06549728b02a2d046ba469899c4b6c3"", ""window_bank_rate"": 0.0}"
external_trajectory,formal_evaluation:leakage_persistence:05,leakage_persistence,202607176210,2.0345052083333332e-05,"{""adaptation_lag_decisions"": null, ""detection_count"": 0, ""false_detection_count"": 0, ""input_sha256"": ""daf6aac7638fe86f9551a7204a5d80c328ab08bff3428fcb26a1f6e375abe5f0"", ""truth_sha256"": ""31d0c6fe2991e6d5f62500952cfe803a83981df7b8fcbfe83b5e58003a04dd08"", ""window_bank_rate"": 0.0}"
external_trajectory,formal_evaluation:leakage_persistence:05,leakage_persistence,202607176211,0.0,"{""adaptation_lag_decisions"": null, ""detection_count"": 0, ""false_detection_count"": 0, ""input_sha256"": ""f228814b6341edcebc97b01db061a49c9693fa9eae02c6687e7acaf920b7a0d4"", ""truth_sha256"": ""5e4ac4386a2a4a6672b71f898e692c7fff9fac9c68640124cc1f54cd7819982a"", ""window_bank_rate"": 0.0}"
external_trajectory,formal_evaluation:leakage_persistence:05,leakage_persistence,202607176212,4.0690104166666664e-05,"{""adaptation_lag_decisions"": null, ""detection_count"": 0, ""false_detection_count"": 0, ""input_sha256"": ""645c96b6119acba849e4a0d4cb64152eb7b3b39208d74f2b1b7d62e3eee35f06"", ""truth_sha256"": ""6d92ec24e1c124783d1850f83e9e52abb1835175934d05c5996fb81b6c06835d"", ""window_bank_rate"": 0.0}"
external_trajectory,formal_evaluation:leakage_persistence:05,leakage_persistence,202607176213,0.0,"{""adaptation_lag_decisions"": null, ""detection_count"": 0, ""false_detection_count"": 0, ""input_sha256"": ""9e758106af2fd25928e4070a33cd2e0e860041b3f222514eb975a358c96e8fca"", ""truth_sha256"": ""5e4ac4386a2a4a6672b71f898e692c7fff9fac9c68640124cc1f54cd7819982a"", ""window_bank_rate"": 0.0}"
external_trajectory,formal_evaluation:leakage_persistence:05,leakage_persistence,202607176214,4.0690104166666664e-05,"{""adaptation_lag_decisions"": null, ""detection_count"": 0, ""false_detection_count"": 0, ""input_sha256"": ""32a111d73c1848bbabb30883f3021e86f8d2a750f46df769b6b2d41e7c5b1c2f"", ""truth_sha256"": ""7c023f7f5b4b711cb24f620b6dc56b6292bae8708d7075a07510a198997a8eea"", ""window_bank_rate"": 0.0}"
external_trajectory,formal_evaluation:leakage_persistence:05,leakage_persistence,202607176215,4.0690104166666664e-05,"{""adaptation_lag_decisions"": null, ""detection_count"": 0, ""false_detection_count"": 0, ""input_sha256"": ""f1305e185506ae339b791d649d004d35976d46d720b129ac4faf364f77b55fd2"", ""truth_sha256"": ""7302256fe48239051644e4d902c20fdaf81b25cbeda74e9975036a94d59975b1"", ""window_bank_rate"": 0.0}"
external_trajectory,formal_evaluation:leakage_persistence:05,leakage_persistence,202607176216,0.0,"{""adaptation_lag_decisions"": null, ""detection_count"": 0, ""false_detection_count"": 0, ""input_sha256"": ""1f2ed47fa7fcc0201defe19e9c60eb1d666a854bd641d818bd2b9bd3fb101290"", ""truth_sha256"": ""fff8a80fdaa6b0f07e1568e3335ddd162dd5bac1620d0861c55771a6247c9efa"", ""window_bank_rate"": 0.0}"
external_trajectory,formal_evaluation:leakage_persistence:05,leakage_persistence,202607176217,2.0345052083333332e-05,"{""adaptation_lag_decisions"": null, ""detection_count"": 0, ""false_detection_count"": 0, ""input_sha256"": ""2a68778bcd05aa47ad4b094832f744d98af7889d9fec0f4721bd7f8013c22d80"", ""truth_sha256"": ""e9421927383bba2b620a3e4fb0e7980f2e506973e64aa324de1c91a13e2c46e9"", ""window_bank_rate"": 0.0}"
external_trajectory,formal_evaluation:leakage_persistence:05,leakage_persistence,202607176218,2.0345052083333332e-05,"{""adaptation_lag_decisions"": null, ""detection_count"": 0, ""false_detection_count"": 0, ""input_sha256"": ""27389e1ee3aa47a9970328443dbb923dca81c05aac74eccda19670189a637006"", ""truth_sha256"": ""550c34ff514c6a2f169c7b9cc4796265b7f5c69ace01666df9ebbdf7c80bbd22"", ""window_bank_rate"": 0.0}"
external_trajectory,formal_evaluation:leakage_persistence:05,leakage_persistence,202607176219,2.0345052083333332e-05,"{""adaptation_lag_decisions"": null, ""detection_count"": 0, ""false_detection_count"": 0, ""input_sha256"": ""c1e6b9c0d44dde8a9e37e1354d47f4d91e58629c6c97144c90f1e66a2e156a5d"", ""truth_sha256"": ""e1048c9781dfb8f788e7c38b962d282fff9d8096bb681256fcb1bb2900f285ed"", ""window_bank_rate"": 0.0}"
external_trajectory,formal_evaluation:leakage_persistence:05,leakage_persistence,202607176220,2.0345052083333332e-05,"{""adaptation_lag_decisions"": null, ""detection_count"": 0, ""false_detection_count"": 0, ""input_sha256"": ""c8d53eb0445386042c78c9eebcb0ac53404fc924a377c1ffec3b067dbc16d155"", ""truth_sha256"": ""d397b2e737c8c7443b1869f2ba185aea74109dbbe924163f541646e6dd7bc612"", ""window_bank_rate"": 0.0}"
external_trajectory,formal_evaluation:leakage_persistence:05,leakage_persistence,202607176221,0.0,"{""adaptation_lag_decisions"": null, ""detection_count"": 0, ""false_detection_count"": 0, ""input_sha256"": ""584e2349b0033f8ca8d09678e8a0954f8433fdffae8484f2561be6c7623b155d"", ""truth_sha256"": ""7dea12819d7b1ab3926f03d3ceccc31c1b3c1e4d8800e1e76dde9851a8d487c7"", ""window_bank_rate"": 0.0}"
external_trajectory,formal_evaluation:leakage_persistence:05,leakage_persistence,202607176222,2.0345052083333332e-05,"{""adaptation_lag_decisions"": null, ""detection_count"": 0, ""false_detection_count"": 0, ""input_sha256"": ""ae9540b5a25b55968dd0f8e0376d1a4ff2d83156265c2328532558e0b6452c8e"", ""truth_sha256"": ""ac58fd9b594e3f4c775348ce77c4e106d454a789721f022b1d8bc4954126c77c"", ""window_bank_rate"": 0.0}"
external_trajectory,formal_evaluation:leakage_persistence:05,leakage_persistence,202607176223,0.0,"{""adaptation_lag_decisions"": null, ""detection_count"": 0, ""false_detection_count"": 0, ""input_sha256"": ""04515a5dc9dd4ab7066584cbe82fe4459ddc8ac905856df6577a1d6b8e44bb61"", ""truth_sha256"": ""adf1a9460de79e13f7a9099f6b22836c644338cf7b54080a25b4f0531215372c"", ""window_bank_rate"": 0.0}"
external_trajectory,formal_evaluation:leakage_persistence:05,leakage_persistence,202607176224,2.0345052083333332e-05,"{""adaptation_lag_decisions"": null, ""detection_count"": 0, ""false_detection_count"": 0, ""input_sha256"": ""e7c30e6ba55b13a1beda294d2cbe585ac9ed7f691d9b8da0c48dc2aaf82b6236"", ""truth_sha256"": ""7f0f748072879e3bf068e15c2c6b63ddbcc1f43e49d577fd54d11ea0351917d2"", ""window_bank_rate"": 0.0}"
external_trajectory,formal_evaluation:mean_drift:00,mean_drift,202607176201,2.0345052083333332e-05,"{""adaptation_lag_decisions"": 5904, ""detection_count"": 22, ""false_detection_count"": 0, ""input_sha256"": ""8359502d5cf13125407c20c1c31037d6eab0280b805ab5090fbeba0ac523dc26"", ""truth_sha256"": ""c2eaf86b71241bd93e379b839b9ef1d2cdd03a518ab6dc1a472d4262ff64f299"", ""window_bank_rate"": 0.8798828125}"
external_trajectory,formal_evaluation:mean_drift:00,mean_drift,202607176202,2.0345052083333332e-05,"{""adaptation_lag_decisions"": 7904, ""detection_count"": 21, ""false_detection_count"": 0, ""input_sha256"": ""0300d7669644b79eb0beace6a0795afa4fa1cfb71f18231f433b731e0d54cdc8"", ""truth_sha256"": ""7d42ac1830ee3f3a08dcb4d7f165ace47c522f9ded521a4539224d2922f94dd4"", ""window_bank_rate"": 0.8391927083333334}"
external_trajectory,formal_evaluation:mean_drift:00,mean_drift,202607176203,0.00014241536458333334,"{""adaptation_lag_decisions"": 7904, ""detection_count"": 21, ""false_detection_count"": 0, ""input_sha256"": ""442f2229edd45bf48e83907258eef44fd8bd39492807f6f7db3864276bf25228"", ""truth_sha256"": ""cc2b2f220b2d3900f350fdfa6bad15f1effc7a372b44150c6e7a60a9a04fe7f8"", ""window_bank_rate"": 0.8391927083333334}"
external_trajectory,formal_evaluation:mean_drift:00,mean_drift,202607176204,0.0001220703125,"{""adaptation_lag_decisions"": 5904, ""detection_count"": 22, ""false_detection_count"": 0, ""input_sha256"": ""6293d3ec70fe4fade811bb7cf598578557cdf8aff68c5b5f8c12d3751de77b45"", ""truth_sha256"": ""87f65f2a8d837df2cf9d5da7c63699609bdbd8db96510dc82cbe0092f30a5f9d"", ""window_bank_rate"": 0.8798828125}"
external_trajectory,formal_evaluation:mean_drift:00,mean_drift,202607176205,2.0345052083333332e-05,"{""adaptation_lag_decisions"": 7904, ""detection_count"": 21, ""false_detection_count"": 0, ""input_sha256"": ""32f1168d3613e03b300a388d4c5633918f5f4212d86ca4f699b2352757730bf1"", ""truth_sha256"": ""7ca333216bacdf785b9e0cc988df658c39e17bbdb9dd37ed9f27b4d91f0ca968"", ""window_bank_rate"": 0.8391927083333334}"
external_trajectory,formal_evaluation:mean_drift:00,mean_drift,202607176206,0.0,"{""adaptation_lag_decisions"": 5904, ""detection_count"": 22, ""false_detection_count"": 0, ""input_sha256"": ""af705d86aa10478e8eec01d2316a4251921a17c4ee8f6fb83f37f4fe71903530"", ""truth_sha256"": ""70ff70334c7981fecfb33e33acf03bbde77563dc11a03d55b1de176f33bcafe7"", ""window_bank_rate"": 0.8798828125}"
external_trajectory,formal_evaluation:mean_drift:00,mean_drift,202607176207,2.0345052083333332e-05,"{""adaptation_lag_decisions"": 5904, ""detection_count"": 22, ""false_detection_count"": 0, ""input_sha256"": ""fa4ecca614f6823c0a6809c8ebb18177b82757081ff49eb1f9741966fb15e121"", ""truth_sha256"": ""cd055aa51f97bdae23d9e3cee717242fb94f46660a2179fedd7236356dbe6c5c"", ""window_bank_rate"": 0.8798828125}"
external_trajectory,formal_evaluation:mean_drift:00,mean_drift,202607176208,6.103515625e-05,"{""adaptation_lag_decisions"": 7904, ""detection_count"": 21, ""false_detection_count"": 0, ""input_sha256"": ""b12792597398bf244c62969f848c8e9f1c7ae07cfb07a7cb78803068e580b95c"", ""truth_sha256"": ""cb6c1effa9f1d721246683b5fde489622de874d68316cd69c85229d1c8fea953"", ""window_bank_rate"": 0.8391927083333334}"
external_trajectory,formal_evaluation:mean_drift:00,mean_drift,202607176209,0.0,"{""adaptation_lag_decisions"": 7904, ""detection_count"": 21, ""false_detection_count"": 0, ""input_sha256"": ""70c544a8ad23d6a9fd59d8f79a321244ab22f1d6c17590441073ada2c8b4f2ec"", ""truth_sha256"": ""271e69532c669eec693a5266fd65924b4eb0f8fd984894dc024bf014696f94c5"", ""window_bank_rate"": 0.8391927083333334}"
external_trajectory,formal_evaluation:mean_drift:00,mean_drift,202607176210,0.00010172526041666667,"{""adaptation_lag_decisions"": 7904, ""detection_count"": 21, ""false_detection_count"": 0, ""input_sha256"": ""649071433c894e28256c46bbb589c404b2ef2827196a1f74dd7c64e57a05fb8a"", ""truth_sha256"": ""a537f9d1125f4c0e500ee8bf91cd1762633bd20bab8d9e8625c5a0627105fadd"", ""window_bank_rate"": 0.8391927083333334}"
external_trajectory,formal_evaluation:mean_drift:00,mean_drift,202607176211,4.0690104166666664e-05,"{""adaptation_lag_decisions"": 5904, ""detection_count"": 22, ""false_detection_count"": 0, ""input_sha256"": ""f382960d7e55af50947da6a964cfa411a19d7ebbd44976bd2c7af0be87855e7b"", ""truth_sha256"": ""1eb5c4f1f4ed5a8183b20faf71361bae14b60a12b32adbfe1ec56855e441dcf9"", ""window_bank_rate"": 0.8798828125}"
external_trajectory,formal_evaluation:mean_drift:00,mean_drift,202607176212,0.00010172526041666667,"{""adaptation_lag_decisions"": 7904, ""detection_count"": 21, ""false_detection_count"": 0, ""input_sha256"": ""fe900921ad387f4c3ac5e88fe0103fd8381a1eaf3137bdd0f5c30ec62c1d3d70"", ""truth_sha256"": ""31a559d6133777c18eadf82971980af01815e810f7a18637929264e1fa256aeb"", ""window_bank_rate"": 0.8391927083333334}"
external_trajectory,formal_evaluation:mean_drift:00,mean_drift,202607176213,6.103515625e-05,"{""adaptation_lag_decisions"": 3904, ""detection_count"": 23, ""false_detection_count"": 0, ""input_sha256"": ""a7d32c1cbc8b491e4cc7749f4f26f8705bfd54ba1d0b4fda7eb0b274bedb73bd"", ""truth_sha256"": ""a69b88b6a100afa79a434e88ddbc5828558891691ad05ce8f164919e229f4bc8"", ""window_bank_rate"": 0.9205729166666666}"
external_trajectory,formal_evaluation:mean_drift:00,mean_drift,202607176214,2.0345052083333332e-05,"{""adaptation_lag_decisions"": 7904, ""detection_count"": 21, ""false_detection_count"": 0, ""input_sha256"": ""b217bb75ef2d9d04b92c68bc3b76655ce760d5e5ae6cad6aedc5c6516aeb763d"", ""truth_sha256"": ""d469448251d5688dc0eaf6af5b58ba7a7b4ffdc348f84a0766a337440a0b2688"", ""window_bank_rate"": 0.8391927083333334}"
external_trajectory,formal_evaluation:mean_drift:00,mean_drift,202607176215,8.138020833333333e-05,"{""adaptation_lag_decisions"": 5904, ""detection_count"": 22, ""false_detection_count"": 0, ""input_sha256"": ""6d6a47408ece451214dcb09939fd0cca6529b63dc0855bdb19aacd72e9b9d0db"", ""truth_sha256"": ""b290a8208e23ff3cd96f225b49c9610784d3c53438d7826db4fd1024e0e95ca9"", ""window_bank_rate"": 0.8798828125}"
external_trajectory,formal_evaluation:mean_drift:00,mean_drift,202607176216,6.103515625e-05,"{""adaptation_lag_decisions"": 7904, ""detection_count"": 21, ""false_detection_count"": 0, ""input_sha256"": ""411ea1dd08f9eb7408bfa8ec613a0017effd23ebfbc6ea8dfadba30026e39c5e"", ""truth_sha256"": ""b130c67c4c71b8c0e751ac302839b600210cf6ee4c127b4592cff058d041c4ba"", ""window_bank_rate"": 0.8391927083333334}"
external_trajectory,formal_evaluation:mean_drift:00,mean_drift,202607176217,2.0345052083333332e-05,"{""adaptation_lag_decisions"": 9904, ""detection_count"": 20, ""false_detection_count"": 0, ""input_sha256"": ""7979f2dc037614deea366efd0e64df711d75305f5cd95cb33074be8efd7a35b9"", ""truth_sha256"": ""2b60d3f6cbcfa1921db6310fd6d058ddd6dcb52f695f2d6b408d1eb803d5e097"", ""window_bank_rate"": 0.7985026041666666}"
external_trajectory,formal_evaluation:mean_drift:00,mean_drift,202607176218,6.103515625e-05,"{""adaptation_lag_decisions"": 5904, ""detection_count"": 22, ""false_detection_count"": 0, ""input_sha256"": ""a77b19fa5b01e26811922ea733fd7e5c63943217572cde4cf3d4e4cbbb313f26"", ""truth_sha256"": ""2b0be85ea28f7edd2a85c9e09a8f6aed858b9acbe222c6b57ff55a4fc581a17c"", ""window_bank_rate"": 0.8798828125}"
external_trajectory,formal_evaluation:mean_drift:00,mean_drift,202607176219,2.0345052083333332e-05,"{""adaptation_lag_decisions"": 7904, ""detection_count"": 21, ""false_detection_count"": 0, ""input_sha256"": ""c1bff30f749102082a33e2148c56ded3006886ccc20f7fa9bd68201e7419cead"", ""truth_sha256"": ""c94a497077dcf73d8ae8245de15528d29645b9f9500e915d7646af38e58f324b"", ""window_bank_rate"": 0.8391927083333334}"
external_trajectory,formal_evaluation:mean_drift:00,mean_drift,202607176220,6.103515625e-05,"{""adaptation_lag_decisions"": 7904, ""detection_count"": 21, ""false_detection_count"": 0, ""input_sha256"": ""f2cda55caeec8b3179d56e6db4655a2bf47e43f099f267d42a105d81b5e8d790"", ""truth_sha256"": ""e1140dd36c9c0e5f0116454d7d8310a2882b461e60d04e3cd237a4e3660eb646"", ""window_bank_rate"": 0.8391927083333334}"
external_trajectory,formal_evaluation:mean_drift:00,mean_drift,202607176221,4.0690104166666664e-05,"{""adaptation_lag_decisions"": 7904, ""detection_count"": 21, ""false_detection_count"": 0, ""input_sha256"": ""be4edd3c31ac23f4afb126aa7f7b5c3cf99d64f170cf7de8ebe82ed6d5006dca"", ""truth_sha256"": ""1bd053b227ce85ac722cbefbf3e48ae767879e5823bfdf355dac93ffdfbf8bad"", ""window_bank_rate"": 0.8391927083333334}"
external_trajectory,formal_evaluation:mean_drift:00,mean_drift,202607176222,6.103515625e-05,"{""adaptation_lag_decisions"": 7904, ""detection_count"": 21, ""false_detection_count"": 0, ""input_sha256"": ""e5a2c8bf562191b05700446151730520d986ed27a8b53561a6a05ec8fdcb016a"", ""truth_sha256"": ""f83848d85c70f61924d6bc55486e12ae3b9d547df1e63b8acb8e3d437a0c90a7"", ""window_bank_rate"": 0.8391927083333334}"
external_trajectory,formal_evaluation:mean_drift:00,mean_drift,202607176223,0.0,"{""adaptation_lag_decisions"": 5904, ""detection_count"": 22, ""false_detection_count"": 0, ""input_sha256"": ""b5ba13ee763861dc90ac1ee2bb0fc8b862faf3a62905c41ae9d51cace592733a"", ""truth_sha256"": ""3436312a1570082801286d693ebe0360036f91462784c204ea4064fbc60cd09f"", ""window_bank_rate"": 0.8798828125}"
external_trajectory,formal_evaluation:mean_drift:00,mean_drift,202607176224,8.138020833333333e-05,"{""adaptation_lag_decisions"": 7904, ""detection_count"": 21, ""false_detection_count"": 0, ""input_sha256"": ""b1f7a511bdb03c5de8e9e1c03b409e272836a5f77a0f9b8edaf78ce160768b59"", ""truth_sha256"": ""df2b913c7d6949c9a3fdb8ca48ff2280109cceeae32a3152f032e163a860fe5c"", ""window_bank_rate"": 0.8391927083333334}"
external_trajectory,formal_evaluation:mean_drift:05,mean_drift,202607176201,0.00048828125,"{""adaptation_lag_decisions"": 15904, ""detection_count"": 17, ""false_detection_count"": 0, ""input_sha256"": ""f706f20270d53b0e94f783b5bb53934eb25be666b2deef5878a603c7b1349f69"", ""truth_sha256"": ""c2afe7dce762eb72a768fb3d49fd4ac5eceda44d99b67a273b549afe198c2e79"", ""window_bank_rate"": 0.6764322916666666}"
external_trajectory,formal_evaluation:mean_drift:05,mean_drift,202607176202,0.0006103515625,"{""adaptation_lag_decisions"": 15904, ""detection_count"": 17, ""false_detection_count"": 0, ""input_sha256"": ""548427c0a74ab08f50952694842126ea0a1a83b157cef29326b88c181682d28c"", ""truth_sha256"": ""dca15a45f50c00f0c7cb3df100be4d4d3f02485c293123e9c22b4e7945e40418"", ""window_bank_rate"": 0.6764322916666666}"
external_trajectory,formal_evaluation:mean_drift:05,mean_drift,202607176203,0.0005086263020833334,"{""adaptation_lag_decisions"": 15904, ""detection_count"": 17, ""false_detection_count"": 0, ""input_sha256"": ""82e64f060405c22869e8d4e0b9cfe1e9127104aa05c79dc0d0035f54e7187ce1"", ""truth_sha256"": ""b7d98b2bbba88489e25181abba62b40e2d0891ec03b4417b3bd76daa5394b19b"", ""window_bank_rate"": 0.6764322916666666}"
external_trajectory,formal_evaluation:mean_drift:05,mean_drift,202607176204,0.0006306966145833334,"{""adaptation_lag_decisions"": 15904, ""detection_count"": 17, ""false_detection_count"": 0, ""input_sha256"": ""71182c21eb17830d0167ea998421f1ce3d24f2007e7254ffd32d559f8f7f4293"", ""truth_sha256"": ""39748754b53243c6702913139473c4c3fca3d0f3fd9da274d92190b4aac39239"", ""window_bank_rate"": 0.6764322916666666}"
external_trajectory,formal_evaluation:mean_drift:05,mean_drift,202607176205,0.0006306966145833334,"{""adaptation_lag_decisions"": 15904, ""detection_count"": 17, ""false_detection_count"": 0, ""input_sha256"": ""282933a5615bb059f42be7a1d084b611b582150549089c219d704737df82cdb6"", ""truth_sha256"": ""ef09eab0ad959d618e9ac10571228b912f6945b14ff3c3feb090865efe887c50"", ""window_bank_rate"": 0.6764322916666666}"
external_trajectory,formal_evaluation:mean_drift:05,mean_drift,202607176206,0.00042724609375,"{""adaptation_lag_decisions"": 15904, ""detection_count"": 17, ""false_detection_count"": 0, ""input_sha256"": ""ef63e8a671bb3be757b8b5aede5141f3281f4bad1d18403d4693f9147f49da25"", ""truth_sha256"": ""b5c5ddb5d6f9c5af148ee87fc1ed200e471466c9423851af3dc673e658473098"", ""window_bank_rate"": 0.6764322916666666}"
external_trajectory,formal_evaluation:mean_drift:05,mean_drift,202607176207,0.00048828125,"{""adaptation_lag_decisions"": 17904, ""detection_count"": 16, ""false_detection_count"": 0, ""input_sha256"": ""85c8162b04cb6eb6e394da40d19a66cd539a9df6a5b391b037487b115863b7c7"", ""truth_sha256"": ""bccc9e8bd968103da22efa377e25b738931ede521fb23e6797794d44f73d923e"", ""window_bank_rate"": 0.6357421875}"
external_trajectory,formal_evaluation:mean_drift:05,mean_drift,202607176208,0.00030517578125,"{""adaptation_lag_decisions"": 15904, ""detection_count"": 17, ""false_detection_count"": 0, ""input_sha256"": ""7a6efa0d7015147d11a7a9ce9d65296fc19cf7fcaeabbb239a7bce4c33b39fda"", ""truth_sha256"": ""87cbfe7de726173d146d8864b1fe2acacd0f50ca1a3c44d57e1ac17257fe87cf"", ""window_bank_rate"": 0.6764322916666666}"
external_trajectory,formal_evaluation:mean_drift:05,mean_drift,202607176209,0.0008544921875,"{""adaptation_lag_decisions"": 15904, ""detection_count"": 17, ""false_detection_count"": 0, ""input_sha256"": ""6d04a2fa7360ceae22d946265adcbb707724bc3bb2a1fbf87005adafbf6b580e"", ""truth_sha256"": ""baca115e584e4c2f70caee9fe5435adaef35c60141ee8a236f17da45533ec0a8"", ""window_bank_rate"": 0.6764322916666666}"
external_trajectory,formal_evaluation:mean_drift:05,mean_drift,202607176210,0.0005086263020833334,"{""adaptation_lag_decisions"": 15904, ""detection_count"": 17, ""false_detection_count"": 0, ""input_sha256"": ""187bf85f49493e3d8db69834ef7b7299631e8add5ac009fd644a39241c6ed380"", ""truth_sha256"": ""deddb7e6675468fc0c89aced5fb247ba387d85f78c75b2f165ce7e4babe40196"", ""window_bank_rate"": 0.6764322916666666}"
external_trajectory,formal_evaluation:mean_drift:05,mean_drift,202607176211,0.00042724609375,"{""adaptation_lag_decisions"": 15904, ""detection_count"": 17, ""false_detection_count"": 0, ""input_sha256"": ""fde24fd64da2a73fefeb0270b32f1f5c2d8f1dbafbed2f27be50fe270f1d9bb8"", ""truth_sha256"": ""6dfd7d75f03ab01898cbf483faf1640dbf1b9f62667421d0056adb8a22af5048"", ""window_bank_rate"": 0.6764322916666666}"
external_trajectory,formal_evaluation:mean_drift:05,mean_drift,202607176212,0.00054931640625,"{""adaptation_lag_decisions"": 15904, ""detection_count"": 17, ""false_detection_count"": 0, ""input_sha256"": ""edf42ff2ec55dbd83d285c888f258aceb502a642b02c71d59b86b4bee249fb98"", ""truth_sha256"": ""96fe05abaa71c622339783786e73329bcf8be658ec0ada07eaf9e18f54dec337"", ""window_bank_rate"": 0.6764322916666666}"
external_trajectory,formal_evaluation:mean_drift:05,mean_drift,202607176213,0.0004069010416666667,"{""adaptation_lag_decisions"": 15904, ""detection_count"": 17, ""false_detection_count"": 0, ""input_sha256"": ""2cc7598619e5cedcd3474e743ab51f320119718f15eb67e907e0fb3de2107555"", ""truth_sha256"": ""ca0bdf4d95d50a315184bb0e549070cbf1e0b39550a963474a3e2f0604100e9b"", ""window_bank_rate"": 0.6764322916666666}"
external_trajectory,formal_evaluation:mean_drift:05,mean_drift,202607176214,0.00054931640625,"{""adaptation_lag_decisions"": 15904, ""detection_count"": 17, ""false_detection_count"": 0, ""input_sha256"": ""0cfdd9955600e04c256fac13bbef0add7ec91080ca2ef97aa837882627d18035"", ""truth_sha256"": ""d4937d657519dd57ed0053db7e4953599127c15c09b77137f9e3be289a36b24b"", ""window_bank_rate"": 0.6764322916666666}"
external_trajectory,formal_evaluation:mean_drift:05,mean_drift,202607176215,0.0006306966145833334,"{""adaptation_lag_decisions"": 15904, ""detection_count"": 17, ""false_detection_count"": 0, ""input_sha256"": ""9ccafbc9c7cc07e97a8214ab08a170cdc385923a7fa530cdf1f957031a875ef6"", ""truth_sha256"": ""373b26ce1bac6fbca6c6733e9b6e3a43c1dfa6de3b2d90e9aba86e8ba50e075a"", ""window_bank_rate"": 0.6764322916666666}"
external_trajectory,formal_evaluation:mean_drift:05,mean_drift,202607176216,0.0003662109375,"{""adaptation_lag_decisions"": 15904, ""detection_count"": 17, ""false_detection_count"": 0, ""input_sha256"": ""3ddfc1894a99e45303f9713cb6b232681cd5c8e9ff5810aed787efe411f925e2"", ""truth_sha256"": ""fe80420e1401ddfebb81b2c027136785128cde7a2efc42a03b1a6b866853d2b9"", ""window_bank_rate"": 0.6764322916666666}"
external_trajectory,formal_evaluation:mean_drift:05,mean_drift,202607176217,0.0006510416666666666,"{""adaptation_lag_decisions"": 15904, ""detection_count"": 17, ""false_detection_count"": 0, ""input_sha256"": ""826ab1a83645c6d9b29e743abe3829f378a3038dffce1bc3b15328d29d71a699"", ""truth_sha256"": ""a26521ac1ffe2a6fe86d4b6ce9e2a3357390bec8f9942aef33d53a17fc63c8b6"", ""window_bank_rate"": 0.6764322916666666}"
external_trajectory,formal_evaluation:mean_drift:05,mean_drift,202607176218,0.00067138671875,"{""adaptation_lag_decisions"": 15904, ""detection_count"": 17, ""false_detection_count"": 0, ""input_sha256"": ""27e4004d16aee7de30c3f9723ac1535e556eff04f94d2dc338abd9defb466b9b"", ""truth_sha256"": ""ce8bc66c754b13e8eea7724e8e33f50c596d3566c21fa482009f866b6e2b6700"", ""window_bank_rate"": 0.6764322916666666}"
external_trajectory,formal_evaluation:mean_drift:05,mean_drift,202607176219,0.0004679361979166667,"{""adaptation_lag_decisions"": 15904, ""detection_count"": 17, ""false_detection_count"": 0, ""input_sha256"": ""1279ce6d27bb136e0aaf0751860e50196369df6b22ecfc3cfc800c43851cc995"", ""truth_sha256"": ""6d462d2be7aa43436c9b3ff5a3437998de18c1af723be072b38497627b2beca5"", ""window_bank_rate"": 0.6764322916666666}"
external_trajectory,formal_evaluation:mean_drift:05,mean_drift,202607176220,0.0008341471354166666,"{""adaptation_lag_decisions"": 15904, ""detection_count"": 17, ""false_detection_count"": 0, ""input_sha256"": ""4c8967620c678eb7e77de38c397e941312cdecbbcc2e14d0f2f3c95fc7ba5868"", ""truth_sha256"": ""a90ca9d7587044a53583c4b70b0521d748735cf21361df5cdade8afa88bf1269"", ""window_bank_rate"": 0.6764322916666666}"
external_trajectory,formal_evaluation:mean_drift:05,mean_drift,202607176221,0.0004069010416666667,"{""adaptation_lag_decisions"": 15904, ""detection_count"": 17, ""false_detection_count"": 0, ""input_sha256"": ""020edf3bcd5c863981c256955e7dd47699a7c8c98ed9e5210848cb6a452b0d95"", ""truth_sha256"": ""527344efa7e09e8753a9c982bfbd1bc3d20630066e3d6249b5a3a6f3d1867017"", ""window_bank_rate"": 0.6764322916666666}"
external_trajectory,formal_evaluation:mean_drift:05,mean_drift,202607176222,0.0006510416666666666,"{""adaptation_lag_decisions"": 15904, ""detection_count"": 17, ""false_detection_count"": 0, ""input_sha256"": ""69ee3e8a5ecfd10d2ae8863f3c650bd1677f618309e07fa7b06341936ff20e88"", ""truth_sha256"": ""f885b02643772e4d56b2760b0cee3f8e7c37aef3d70c63a16a7b6edcccb7e9a3"", ""window_bank_rate"": 0.6764322916666666}"
external_trajectory,formal_evaluation:mean_drift:05,mean_drift,202607176223,0.0004475911458333333,"{""adaptation_lag_decisions"": 15904, ""detection_count"": 17, ""false_detection_count"": 0, ""input_sha256"": ""4a2516f45c67b1207f7b5745706dd7526b3966afaa65f686c07c9fbe07d757dd"", ""truth_sha256"": ""48bf0f3626a3bdcb2d33ca8e86c8f277675aab3f5c93d6482aac7e9a380495f3"", ""window_bank_rate"": 0.6764322916666666}"
external_trajectory,formal_evaluation:mean_drift:05,mean_drift,202607176224,0.0002848307291666667,"{""adaptation_lag_decisions"": 15904, ""detection_count"": 17, ""false_detection_count"": 0, ""input_sha256"": ""a467989e8c72da2ae5ace8074f4086839116688d4d5e0940147db038fca5b394"", ""truth_sha256"": ""a23fa0c9d836d6dace6ea5a13b2392d578d4bf830d2fa0ca3fbe5900316f4854"", ""window_bank_rate"": 0.6764322916666666}"
external_trajectory,formal_evaluation:nominal_static:00,nominal_static,202607176201,2.0345052083333332e-05,"{""adaptation_lag_decisions"": null, ""detection_count"": 0, ""false_detection_count"": 0, ""input_sha256"": ""bb50cd216969c1af931b40b1b232bdafe9f2beec4b7f8d64217b29b5bb1848b2"", ""truth_sha256"": ""df396ffa5b5cb38a7d080f23eea78c7eb4179fe79a3892b124a5b8cddabf3e84"", ""window_bank_rate"": 0.0}"
external_trajectory,formal_evaluation:nominal_static:00,nominal_static,202607176202,6.103515625e-05,"{""adaptation_lag_decisions"": null, ""detection_count"": 0, ""false_detection_count"": 0, ""input_sha256"": ""a6f5cc0c188146fccbebc5478338f6cf377c5ee3e0b6bba4e4a8aab4014ea0b0"", ""truth_sha256"": ""d93ac64af2974750871b47996bfa12347f14da091ee593fd9221a141c77654b3"", ""window_bank_rate"": 0.0}"
external_trajectory,formal_evaluation:nominal_static:00,nominal_static,202607176203,4.0690104166666664e-05,"{""adaptation_lag_decisions"": null, ""detection_count"": 0, ""false_detection_count"": 0, ""input_sha256"": ""e3559cd0f6f3f58450fcb3b2c1dba21641446248613d3ece332be1d7b1700363"", ""truth_sha256"": ""7e5c6598eee6858988ece46c0db90e6b2f9f35bdddfafe8a02a162c2fe694452"", ""window_bank_rate"": 0.0}"
external_trajectory,formal_evaluation:nominal_static:00,nominal_static,202607176204,4.0690104166666664e-05,"{""adaptation_lag_decisions"": null, ""detection_count"": 0, ""false_detection_count"": 0, ""input_sha256"": ""b3451f08a6e63950fadaebca8a2601a356e6783dbe7eecee471f71daaa9b6319"", ""truth_sha256"": ""5bcd0c14a9f66e330f468737349fe2bf2d3e565d5b30a75866139849f364b009"", ""window_bank_rate"": 0.0}"
external_trajectory,formal_evaluation:nominal_static:00,nominal_static,202607176205,0.0,"{""adaptation_lag_decisions"": null, ""detection_count"": 0, ""false_detection_count"": 0, ""input_sha256"": ""eae5880852dfc4bfdbf3d793ebd4e2e35f4ca78aa2ed3fb8e1683bce66aeeea6"", ""truth_sha256"": ""3cba9c495ce71a2006442b1d99c30eb45b036c0b3247273380ebb11f98bc79ec"", ""window_bank_rate"": 0.0}"
external_trajectory,formal_evaluation:nominal_static:00,nominal_static,202607176206,2.0345052083333332e-05,"{""adaptation_lag_decisions"": null, ""detection_count"": 0, ""false_detection_count"": 0, ""input_sha256"": ""21116947e095d7d6ec2b6c316a4ae2cbf819b3c7b1784d91d641fa9209597781"", ""truth_sha256"": ""f91c27b82ed7b9e7334f48d734f5a96fe3cb96b9381b89953655bed228cdd4a0"", ""window_bank_rate"": 0.0}"
external_trajectory,formal_evaluation:nominal_static:00,nominal_static,202607176207,2.0345052083333332e-05,"{""adaptation_lag_decisions"": null, ""detection_count"": 0, ""false_detection_count"": 0, ""input_sha256"": ""049c3b1a6597fd7ca86c593ed8c8cd1cf8a90e1d3559c986f77c9239412e7029"", ""truth_sha256"": ""960f15a328e23f45f67ab0d67e11bc1428c57ee1f35bbb99e86bc3ab50c6f83b"", ""window_bank_rate"": 0.0}"
external_trajectory,formal_evaluation:nominal_static:00,nominal_static,202607176208,6.103515625e-05,"{""adaptation_lag_decisions"": null, ""detection_count"": 0, ""false_detection_count"": 0, ""input_sha256"": ""25f686312da697f22d6fbb9a006fe54747557b072abb3dc665f208eaecc64b26"", ""truth_sha256"": ""e23a6957fa6d51c13bbeb1c59496488510b1078ffd2965d94ead72b22dbf996d"", ""window_bank_rate"": 0.0}"
external_trajectory,formal_evaluation:nominal_static:00,nominal_static,202607176209,2.0345052083333332e-05,"{""adaptation_lag_decisions"": null, ""detection_count"": 0, ""false_detection_count"": 0, ""input_sha256"": ""87fb3e6afd1f65501d320c63b6f0b9636bd75ba67dde5643d68b14d085658dc3"", ""truth_sha256"": ""cd266ba7a5c78d885c69f071ca04447def47f9129391988af994bcaed4f25fb8"", ""window_bank_rate"": 0.0}"
external_trajectory,formal_evaluation:nominal_static:00,nominal_static,202607176210,0.0,"{""adaptation_lag_decisions"": null, ""detection_count"": 0, ""false_detection_count"": 0, ""input_sha256"": ""503af8ae0024fbbc17276dad764de445b85d90d896e4515342901487078b0bbf"", ""truth_sha256"": ""3efb12543ed3e701de2dc51109e6f02d67943de1efc712fb840e8adb088f4021"", ""window_bank_rate"": 0.0}"
external_trajectory,formal_evaluation:nominal_static:00,nominal_static,202607176211,0.0,"{""adaptation_lag_decisions"": null, ""detection_count"": 0, ""false_detection_count"": 0, ""input_sha256"": ""19713f0d8745d9131065d7085d60b505d968d697672604d0d6bf1a3eae3b9288"", ""truth_sha256"": ""3d6163a2dc8c004d99f2a843a1d01c36c9da6da433214f311d27ff931d3b4ffc"", ""window_bank_rate"": 0.0}"
external_trajectory,formal_evaluation:nominal_static:00,nominal_static,202607176212,4.0690104166666664e-05,"{""adaptation_lag_decisions"": null, ""detection_count"": 0, ""false_detection_count"": 0, ""input_sha256"": ""37da884c8b64a7caad02c27be36d0d749a6060e69ace02251b4b6ab8467eaaba"", ""truth_sha256"": ""5680e7ce92e1e07118d0c84982d97882b248e17c8f1ba860b0db5d46dade2596"", ""window_bank_rate"": 0.0}"
external_trajectory,formal_evaluation:nominal_static:00,nominal_static,202607176213,2.0345052083333332e-05,"{""adaptation_lag_decisions"": null, ""detection_count"": 0, ""false_detection_count"": 0, ""input_sha256"": ""7b0c168087cfa1bd94dc6ea244f0c097eec9df7b905c6572adec1c784907ec01"", ""truth_sha256"": ""3efb12543ed3e701de2dc51109e6f02d67943de1efc712fb840e8adb088f4021"", ""window_bank_rate"": 0.0}"
external_trajectory,formal_evaluation:nominal_static:00,nominal_static,202607176214,0.0,"{""adaptation_lag_decisions"": null, ""detection_count"": 0, ""false_detection_count"": 0, ""input_sha256"": ""375f3c807328ab02a585ebe379c3a54d06fb84c6ad9722d44eeb98fa516127cb"", ""truth_sha256"": ""3efb12543ed3e701de2dc51109e6f02d67943de1efc712fb840e8adb088f4021"", ""window_bank_rate"": 0.0}"
external_trajectory,formal_evaluation:nominal_static:00,nominal_static,202607176215,0.0,"{""adaptation_lag_decisions"": null, ""detection_count"": 0, ""false_detection_count"": 0, ""input_sha256"": ""2d7f402f30ce16bf8ee95a730b976e53ac36481bc72985fab8f4d9e971c25c96"", ""truth_sha256"": ""3efb12543ed3e701de2dc51109e6f02d67943de1efc712fb840e8adb088f4021"", ""window_bank_rate"": 0.0}"
external_trajectory,formal_evaluation:nominal_static:00,nominal_static,202607176216,8.138020833333333e-05,"{""adaptation_lag_decisions"": null, ""detection_count"": 0, ""false_detection_count"": 0, ""input_sha256"": ""0b41c1411a719993ad049d8d4266e9f44c8d955bbb21fe925b28a39362bcb8cb"", ""truth_sha256"": ""fed0f5ba8be74b7cae28f67b991dea77898622e3d211c0d6348a30fd730b6878"", ""window_bank_rate"": 0.0}"
external_trajectory,formal_evaluation:nominal_static:00,nominal_static,202607176217,4.0690104166666664e-05,"{""adaptation_lag_decisions"": null, ""detection_count"": 0, ""false_detection_count"": 0, ""input_sha256"": ""26c561cc74ddda95bf38e2a13218f035c7a840ef1996ddfd1679be10bf943fcb"", ""truth_sha256"": ""c785c5c5959e3af858fb5092b39a006c16e0914a17cc2af069847c492a7921a5"", ""window_bank_rate"": 0.0}"
external_trajectory,formal_evaluation:nominal_static:00,nominal_static,202607176218,2.0345052083333332e-05,"{""adaptation_lag_decisions"": null, ""detection_count"": 0, ""false_detection_count"": 0, ""input_sha256"": ""9b08aea921186a79cd542536b8509390ffcb57fe02e77a88d0c5f66b64ee56a0"", ""truth_sha256"": ""5e54e7c12c0e05ce88f6117873df37c5d8a4836ff5366466b78ba8119660afc0"", ""window_bank_rate"": 0.0}"
external_trajectory,formal_evaluation:nominal_static:00,nominal_static,202607176219,0.0,"{""adaptation_lag_decisions"": null, ""detection_count"": 0, ""false_detection_count"": 0, ""input_sha256"": ""0e7829afe27553a6084c3683893c43462e43756277aa5f6ee90e93bca1b416ce"", ""truth_sha256"": ""6f7419e30d1f31b6c633c81af03ea2f45528641609bf852d2de08ea5b1758a3d"", ""window_bank_rate"": 0.0}"
external_trajectory,formal_evaluation:nominal_static:00,nominal_static,202607176220,2.0345052083333332e-05,"{""adaptation_lag_decisions"": null, ""detection_count"": 0, ""false_detection_count"": 0, ""input_sha256"": ""b1832f2f044d3b15b750fdf246609d717957d735ef98ae52b44b408cb17644d4"", ""truth_sha256"": ""e2eed18c4801867e5abc26aa2835f417f496ebc78722503331e0b72c2e8d438e"", ""window_bank_rate"": 0.0}"
external_trajectory,formal_evaluation:nominal_static:00,nominal_static,202607176221,2.0345052083333332e-05,"{""adaptation_lag_decisions"": null, ""detection_count"": 0, ""false_detection_count"": 0, ""input_sha256"": ""e74d174cfa9aa6e3425d4cb50f6197825b3cd294898c1ff355d5f893002d129b"", ""truth_sha256"": ""b3b94f6363a75977460a217bede2621a0cb0af8179b18ecc401b9fa8a5d7f5ce"", ""window_bank_rate"": 0.0}"
external_trajectory,formal_evaluation:nominal_static:00,nominal_static,202607176222,0.0,"{""adaptation_lag_decisions"": null, ""detection_count"": 0, ""false_detection_count"": 0, ""input_sha256"": ""87b538da4c0c1b5e946ef1563d4b68348a7969cfb46901cd4fb87e4955da4f3e"", ""truth_sha256"": ""3efb12543ed3e701de2dc51109e6f02d67943de1efc712fb840e8adb088f4021"", ""window_bank_rate"": 0.0}"
external_trajectory,formal_evaluation:nominal_static:00,nominal_static,202607176223,8.138020833333333e-05,"{""adaptation_lag_decisions"": null, ""detection_count"": 0, ""false_detection_count"": 0, ""input_sha256"": ""0a8dc57e1eb56f8024ca7c5f0808aecb0e96a0bb50d171ddcdee4213973ce0ee"", ""truth_sha256"": ""f5d2dfc02e2d44b7031843954e9d626d6dc29ef62ac404d17812e2080e6efe88"", ""window_bank_rate"": 0.0}"
external_trajectory,formal_evaluation:nominal_static:00,nominal_static,202607176224,8.138020833333333e-05,"{""adaptation_lag_decisions"": null, ""detection_count"": 0, ""false_detection_count"": 0, ""input_sha256"": ""47ed84b1d8fe6d545918ae06b233e881c690de7c807eadc3bcc8f5b4569ffb8a"", ""truth_sha256"": ""174677955fce2b0e79243361544d00922507c3c36c3928e1c09f9a5b258f6124"", ""window_bank_rate"": 0.0}"
external_trajectory,formal_evaluation:periodic_drift:00,periodic_drift,202607176201,0.0005900065104166666,"{""adaptation_lag_decisions"": 3904, ""detection_count"": 23, ""false_detection_count"": 0, ""input_sha256"": ""8808527db1067bdaaa90a611ee54848c6a91be9de9b7403ca0a1c124543ed6f0"", ""truth_sha256"": ""c32eae8d97808bf6c7fe118ac74c1d65cc1f71bbd08ce3f0587b6eaf303f5cbd"", ""window_bank_rate"": 0.9205729166666666}"
external_trajectory,formal_evaluation:periodic_drift:00,periodic_drift,202607176202,0.0004679361979166667,"{""adaptation_lag_decisions"": 3904, ""detection_count"": 23, ""false_detection_count"": 0, ""input_sha256"": ""8c24a23879162eace4e9fca25c9521f4ee4d5d7244064928021e56f837688f82"", ""truth_sha256"": ""83befab448df8416035b5d35050c63bc32f81b64ea0e23426b9f0820e764e4c3"", ""window_bank_rate"": 0.9205729166666666}"
external_trajectory,formal_evaluation:periodic_drift:00,periodic_drift,202607176203,0.0003255208333333333,"{""adaptation_lag_decisions"": 3904, ""detection_count"": 23, ""false_detection_count"": 0, ""input_sha256"": ""b88b36877e909edbd9f20f8e51ddb354c2caad85457b743d9d2495b794995ae1"", ""truth_sha256"": ""2cdd0361989cd3836a33cc3a43e950d164b8a448dd214dcb00111cc5aedd96e3"", ""window_bank_rate"": 0.9205729166666666}"
external_trajectory,formal_evaluation:periodic_drift:00,periodic_drift,202607176204,0.0006917317708333334,"{""adaptation_lag_decisions"": 3904, ""detection_count"": 23, ""false_detection_count"": 0, ""input_sha256"": ""db5fcdb1bfd6320615bfbbbf522d5024481381033de01bc02f89d69f7a16d906"", ""truth_sha256"": ""6ff5c5d34a4d76e0d986f756032272a97e98703cab7c300096810c82775360ef"", ""window_bank_rate"": 0.9205729166666666}"
external_trajectory,formal_evaluation:periodic_drift:00,periodic_drift,202607176205,0.00048828125,"{""adaptation_lag_decisions"": 3904, ""detection_count"": 23, ""false_detection_count"": 0, ""input_sha256"": ""04a7d8e3df6675231b02a7bcef41db1992d904ec23552c6f9db30a7b59f90f57"", ""truth_sha256"": ""f91ce912f5b8070289ea9cc076ed75baedcba2f131fa62887a8b1b5bf3b6d3c0"", ""window_bank_rate"": 0.9205729166666666}"
external_trajectory,formal_evaluation:periodic_drift:00,periodic_drift,202607176206,0.0003865559895833333,"{""adaptation_lag_decisions"": 3904, ""detection_count"": 23, ""false_detection_count"": 0, ""input_sha256"": ""41c3bb5d344adaa1a55b66f7aa29b741626f489de284fdce8bd1dc3fa497312e"", ""truth_sha256"": ""85cde85f3f9b3edc1c6b84c997754d51f5aa029bb9e464380d59aac42788ae41"", ""window_bank_rate"": 0.9205729166666666}"
external_trajectory,formal_evaluation:periodic_drift:00,periodic_drift,202607176207,0.0005086263020833334,"{""adaptation_lag_decisions"": 3904, ""detection_count"": 23, ""false_detection_count"": 0, ""input_sha256"": ""249c0d50df912c8d0f10ae4ae73fc4c9f2a1ba3e409f514635a48bd3e1237c01"", ""truth_sha256"": ""58f02d68de7027fcbef9bb888326eee2e6a96c239aa44cabe0deb1b7592bae84"", ""window_bank_rate"": 0.9205729166666666}"
external_trajectory,formal_evaluation:periodic_drift:00,periodic_drift,202607176208,0.00048828125,"{""adaptation_lag_decisions"": 3904, ""detection_count"": 23, ""false_detection_count"": 0, ""input_sha256"": ""d6f467a2d8d9a8c2013cfa05150c95358a3ffa64dbc55c45caaedf01843e261c"", ""truth_sha256"": ""595deb302d9e1f6d2b31e89c22dd06743012e1cd442dc076bbd7e22459d93ad5"", ""window_bank_rate"": 0.9205729166666666}"
external_trajectory,formal_evaluation:periodic_drift:00,periodic_drift,202607176209,0.0005289713541666666,"{""adaptation_lag_decisions"": 3904, ""detection_count"": 23, ""false_detection_count"": 0, ""input_sha256"": ""cde9bf47c910f3f3042f8c2a29e6a1b6d74d1262d9496b3a2d0f040da5b39556"", ""truth_sha256"": ""26dba5647bac4791dac5f8e6b3ebf30c587ee5fedacaf9add3808ca8a7746f25"", ""window_bank_rate"": 0.9205729166666666}"
external_trajectory,formal_evaluation:periodic_drift:00,periodic_drift,202607176210,0.0003662109375,"{""adaptation_lag_decisions"": 3904, ""detection_count"": 23, ""false_detection_count"": 0, ""input_sha256"": ""60875de91acdacac319052a85a7d91699365211134e97fc8f2e820227df6816f"", ""truth_sha256"": ""0b11d7c206b98332aa4748fd8fd7563b1eb1a74459acb68272854fd9f836b2ab"", ""window_bank_rate"": 0.9205729166666666}"
external_trajectory,formal_evaluation:periodic_drift:00,periodic_drift,202607176211,0.0005289713541666666,"{""adaptation_lag_decisions"": 3904, ""detection_count"": 23, ""false_detection_count"": 0, ""input_sha256"": ""3f1000edbecbcf9362e1a1756fb523feb4e63a20b3eb4ba031a02e1156f78b04"", ""truth_sha256"": ""2c450466c0b162945b33a0cbfd9f00437ceb0e23aa1ebde7315d3f2222a1efb9"", ""window_bank_rate"": 0.9205729166666666}"
external_trajectory,formal_evaluation:periodic_drift:00,periodic_drift,202607176212,0.0005086263020833334,"{""adaptation_lag_decisions"": 3904, ""detection_count"": 23, ""false_detection_count"": 0, ""input_sha256"": ""bf4ab3c03b057db43b8d5624fda18d85a67850f8f12e107a3049712e4fda8357"", ""truth_sha256"": ""7844ed776075d23b4e0ebc7b293279c46bc448af470479a23c7130c0e7ec0da9"", ""window_bank_rate"": 0.9205729166666666}"
external_trajectory,formal_evaluation:periodic_drift:00,periodic_drift,202607176213,0.0004475911458333333,"{""adaptation_lag_decisions"": 3904, ""detection_count"": 23, ""false_detection_count"": 0, ""input_sha256"": ""4fb141d73536199e876f339bd1de662cf4e2473225e8a8446ea97c5dc7ebfdde"", ""truth_sha256"": ""41070291c7f1cd6826b48fead77395f389b7cb2c83cb047abcf205e49a3a946c"", ""window_bank_rate"": 0.9205729166666666}"
external_trajectory,formal_evaluation:periodic_drift:00,periodic_drift,202607176214,0.0004679361979166667,"{""adaptation_lag_decisions"": 3904, ""detection_count"": 23, ""false_detection_count"": 0, ""input_sha256"": ""b83f4c463b0d56521dd9f1443ca2ac88855be09d05f02ccd7c9c034e5b4937b6"", ""truth_sha256"": ""c18774116db16584dfdd8f405a2e46521dbb738ffa2daefac0793b3a179ccade"", ""window_bank_rate"": 0.9205729166666666}"
external_trajectory,formal_evaluation:periodic_drift:00,periodic_drift,202607176215,0.0005696614583333334,"{""adaptation_lag_decisions"": 3904, ""detection_count"": 23, ""false_detection_count"": 0, ""input_sha256"": ""7af1649c5900e1caf8c972081b62d7cc9d200975cb67aad45c63b10d888dc98d"", ""truth_sha256"": ""2ccd847ba8255124bf77f91e6cfde2a40d27094dff69fa71dff6e66ba1e10e76"", ""window_bank_rate"": 0.9205729166666666}"
external_trajectory,formal_evaluation:periodic_drift:00,periodic_drift,202607176216,0.0003865559895833333,"{""adaptation_lag_decisions"": 3904, ""detection_count"": 23, ""false_detection_count"": 0, ""input_sha256"": ""abfd5ca3299e83dd55e00329e3cfad4e8f5d6aaca522877bc1224301b261d77b"", ""truth_sha256"": ""c35ca3f6f9002a62cf96112e288785f19e3c6d1b47665566fb1c52a852f5f3fa"", ""window_bank_rate"": 0.9205729166666666}"
external_trajectory,formal_evaluation:periodic_drift:00,periodic_drift,202607176217,0.000732421875,"{""adaptation_lag_decisions"": 3904, ""detection_count"": 23, ""false_detection_count"": 0, ""input_sha256"": ""f80b78922654fde98b30da2474ece3684402a19eead079bb3359cac0e8fcef3c"", ""truth_sha256"": ""67b6f547099ed81cc7718940847470db7b1e533ae39e7593935e0fd378cff4dd"", ""window_bank_rate"": 0.9205729166666666}"
external_trajectory,formal_evaluation:periodic_drift:00,periodic_drift,202607176218,0.0004475911458333333,"{""adaptation_lag_decisions"": 3904, ""detection_count"": 23, ""false_detection_count"": 0, ""input_sha256"": ""cf296a22b48d0d3c5d22565384d836fe2014f0ccc8c1f53bf3baa5c1ac80934b"", ""truth_sha256"": ""2677c4ee1b60345b90548338cb813f31ba50c79e1da14380ebef973ac43fab4b"", ""window_bank_rate"": 0.9205729166666666}"
external_trajectory,formal_evaluation:periodic_drift:00,periodic_drift,202607176219,0.0003458658854166667,"{""adaptation_lag_decisions"": 3904, ""detection_count"": 23, ""false_detection_count"": 0, ""input_sha256"": ""269b2b8790a8ac4b3f43933832757e659f5c771af061959db3c54cfdb431bc18"", ""truth_sha256"": ""c1eebeb3a9a56d4af21b16833e43d6c782808a010fd03feee00101e370d20921"", ""window_bank_rate"": 0.9205729166666666}"
external_trajectory,formal_evaluation:periodic_drift:00,periodic_drift,202607176220,0.0004475911458333333,"{""adaptation_lag_decisions"": 3904, ""detection_count"": 23, ""false_detection_count"": 0, ""input_sha256"": ""17e1494432cb26aea4760012b9c47c8e75a17c31d5dff752b93e96636ef666ab"", ""truth_sha256"": ""6f94e8db15d99441b4628c603d320e3a11959f5aa7ec3e0e08f752c3b6113ed7"", ""window_bank_rate"": 0.9205729166666666}"
external_trajectory,formal_evaluation:periodic_drift:00,periodic_drift,202607176221,0.00048828125,"{""adaptation_lag_decisions"": 3904, ""detection_count"": 23, ""false_detection_count"": 0, ""input_sha256"": ""a4460bed1a4ded8928c042d7ab3f21c68a9348082a74f3ca4ffd7a52c9b63495"", ""truth_sha256"": ""b70c7aa895d1ebab15b2f274c89ad95bf5f18d6ce75c862efce21e071a7fa6c4"", ""window_bank_rate"": 0.9205729166666666}"
external_trajectory,formal_evaluation:periodic_drift:00,periodic_drift,202607176222,0.0005900065104166666,"{""adaptation_lag_decisions"": 3904, ""detection_count"": 23, ""false_detection_count"": 0, ""input_sha256"": ""1fa8f489b44b32a28d2327e22c08d353866585855fd848c744da203388bae7a1"", ""truth_sha256"": ""7d41bff5be8018c7e3082a23ce127a8f53c00f6340f269e2f78c0f50629941f8"", ""window_bank_rate"": 0.9205729166666666}"
external_trajectory,formal_evaluation:periodic_drift:00,periodic_drift,202607176223,0.0005086263020833334,"{""adaptation_lag_decisions"": 3904, ""detection_count"": 23, ""false_detection_count"": 0, ""input_sha256"": ""d81f7369361903d32a13904d1a9440042a61f5cdd83ee9917372e1f5be86f4f0"", ""truth_sha256"": ""404d6816f756d800c44d9d97b1cb82abf2e87d4343c6ad6d31ae7fed7feb496e"", ""window_bank_rate"": 0.9205729166666666}"
external_trajectory,formal_evaluation:periodic_drift:00,periodic_drift,202607176224,0.0003865559895833333,"{""adaptation_lag_decisions"": 3904, ""detection_count"": 23, ""false_detection_count"": 0, ""input_sha256"": ""309dd240793528d5c325e725fb88634b34db503ccc7193c48ff0ff83ce3383e6"", ""truth_sha256"": ""85a86153861bed4f6f6a8ea3a6a9f1316810b3aa7bfcbef9e47d479177bc1cfd"", ""window_bank_rate"": 0.9205729166666666}"
external_trajectory,formal_evaluation:periodic_drift:05,periodic_drift,202607176201,0.0038859049479166665,"{""adaptation_lag_decisions"": null, ""detection_count"": 0, ""false_detection_count"": 0, ""input_sha256"": ""8d23bfbb3050bf673fac784d89634af32f1cf6b7aeb88df45d85030f96dde833"", ""truth_sha256"": ""1f8f3dcfb249333841dadab5f1f49685417c8223fffc232397e992a6a274811e"", ""window_bank_rate"": 0.0}"
external_trajectory,formal_evaluation:periodic_drift:05,periodic_drift,202607176202,0.00421142578125,"{""adaptation_lag_decisions"": null, ""detection_count"": 0, ""false_detection_count"": 0, ""input_sha256"": ""7ba1226c8ffe40305f8e7d9fab22f23f3c2ce8f45a65986d44d9c096746b7bb6"", ""truth_sha256"": ""b6d49fa668f7756172645f11ee437591117d0f132e112909ad464a9f2ff41f01"", ""window_bank_rate"": 0.0}"
external_trajectory,formal_evaluation:periodic_drift:05,periodic_drift,202607176203,0.004252115885416667,"{""adaptation_lag_decisions"": null, ""detection_count"": 0, ""false_detection_count"": 0, ""input_sha256"": ""c5fc3f125a695f7290b2ae4d091508f88da67fe9efd2582ef6d029dbcee81e7b"", ""truth_sha256"": ""72df216a5047f230719ae2bf59c10bd7ef2617ab39375c73b0fe6ebe5ab036ed"", ""window_bank_rate"": 0.0}"
external_trajectory,formal_evaluation:periodic_drift:05,periodic_drift,202607176204,0.004130045572916667,"{""adaptation_lag_decisions"": null, ""detection_count"": 0, ""false_detection_count"": 0, ""input_sha256"": ""cc92bfd8076da6271d9aabe40a1773f7c2983d666e87be081ae9170e7e5d4f3b"", ""truth_sha256"": ""6ac46d4ea70a1dcd1bd9c8e4245567644eb923e567562890f95d541f2629c955"", ""window_bank_rate"": 0.0}"
external_trajectory,formal_evaluation:periodic_drift:05,periodic_drift,202607176205,0.003926595052083333,"{""adaptation_lag_decisions"": null, ""detection_count"": 0, ""false_detection_count"": 0, ""input_sha256"": ""04733e3747238e9f6ecaed76b5b1d4e131ccdddc7d3f8883c10c3190c687045e"", ""truth_sha256"": ""70dcc996396bc63a8b68e1b2c5d6e562e8fcd957933e16e9c9a105eb13839ee8"", ""window_bank_rate"": 0.0}"
external_trajectory,formal_evaluation:periodic_drift:05,periodic_drift,202607176206,0.0035196940104166665,"{""adaptation_lag_decisions"": null, ""detection_count"": 0, ""false_detection_count"": 0, ""input_sha256"": ""46a1b2b61896ec12d4d8b663a82a64180d15e0c3ab7b8d14cfefb558550fff98"", ""truth_sha256"": ""2c5ed770ba7993329ee14435c660fae396fd1ec67810d83204d515f6860d8c8a"", ""window_bank_rate"": 0.0}"
external_trajectory,formal_evaluation:periodic_drift:05,periodic_drift,202607176207,0.0042724609375,"{""adaptation_lag_decisions"": null, ""detection_count"": 0, ""false_detection_count"": 0, ""input_sha256"": ""dbe8ea9f703587231ac9e5d608e932dedf6272c45a515586d559f9f34a605804"", ""truth_sha256"": ""19cd770ef3bb2bd7a16aee4e6e00e3151969c642ce4f218724143d9a728f3586"", ""window_bank_rate"": 0.0}"
external_trajectory,formal_evaluation:periodic_drift:05,periodic_drift,202607176208,0.0037434895833333335,"{""adaptation_lag_decisions"": null, ""detection_count"": 0, ""false_detection_count"": 0, ""input_sha256"": ""559cfd73d749eb04e19b1f9edf01fedaa0b6eea5dbeb6e67e8606e108fa10fec"", ""truth_sha256"": ""23a17397a012162a0d9a55cd13c64a169a2e59fcc4659f21f94af82a66ca1143"", ""window_bank_rate"": 0.0}"
external_trajectory,formal_evaluation:periodic_drift:05,periodic_drift,202607176209,0.0035400390625,"{""adaptation_lag_decisions"": null, ""detection_count"": 0, ""false_detection_count"": 0, ""input_sha256"": ""28074484ed33212fe14c7f24cdeec5e155aa4e5c655e07406944da382df7b95f"", ""truth_sha256"": ""3caa40dd455603b7047b31f73abb441df3c3b7506febc068067f14a14b4a2729"", ""window_bank_rate"": 0.0}"
external_trajectory,formal_evaluation:periodic_drift:05,periodic_drift,202607176210,0.004069010416666667,"{""adaptation_lag_decisions"": null, ""detection_count"": 0, ""false_detection_count"": 0, ""input_sha256"": ""4684bee7d53b5caf95306576348e675d8194cf511a4bef5ab5daee9a21c4435f"", ""truth_sha256"": ""e04751c6ddca4b27d16f92dd65f7ca5aff8d3cc5f048d5e68b5baa1924b1628e"", ""window_bank_rate"": 0.0}"
external_trajectory,formal_evaluation:periodic_drift:05,periodic_drift,202607176211,0.0038655598958333335,"{""adaptation_lag_decisions"": null, ""detection_count"": 0, ""false_detection_count"": 0, ""input_sha256"": ""cd0109b9058c1f4aa7501f3b942f2c91111a11aa10286231f72fc136af33a8f4"", ""truth_sha256"": ""6776c5a99024df111b17c12c123fdfa0129af7640e5dca3ab3b06fb892a834b1"", ""window_bank_rate"": 0.0}"
external_trajectory,formal_evaluation:periodic_drift:05,periodic_drift,202607176212,0.004048665364583333,"{""adaptation_lag_decisions"": null, ""detection_count"": 0, ""false_detection_count"": 0, ""input_sha256"": ""5b0450797845eedcbc96a788acec65972360423a0f59c654f11f46258dfa1419"", ""truth_sha256"": ""fe0863f0a2fededaa592afabd6a1339bb3972d326495009c8fd5a037ad2a3029"", ""window_bank_rate"": 0.0}"
external_trajectory,formal_evaluation:periodic_drift:05,periodic_drift,202607176213,0.0040283203125,"{""adaptation_lag_decisions"": null, ""detection_count"": 0, ""false_detection_count"": 0, ""input_sha256"": ""e89b11795009f8eb4c9f8b4e9eef6321e7cc36c0db13d217a41624a022e4993f"", ""truth_sha256"": ""243161d2ed7d24f8d16f1ec9e737e4ab008c0b0efbaa17c503a0645eaea5a10c"", ""window_bank_rate"": 0.0}"
external_trajectory,formal_evaluation:periodic_drift:05,periodic_drift,202607176214,0.004475911458333333,"{""adaptation_lag_decisions"": null, ""detection_count"": 0, ""false_detection_count"": 0, ""input_sha256"": ""1635501b3a0a1ae183e1be29d5745382994a17ced66985176ef7874e8e0cee00"", ""truth_sha256"": ""99e8292b40ea14a085e1e84701be7eb1b1ac8af76849d3976c9918306a440428"", ""window_bank_rate"": 0.0}"
external_trajectory,formal_evaluation:periodic_drift:05,periodic_drift,202607176215,0.00372314453125,"{""adaptation_lag_decisions"": null, ""detection_count"": 0, ""false_detection_count"": 0, ""input_sha256"": ""145499556fd03f22b1f2fd1b5cd119dc028a148de1860021464f55394463107d"", ""truth_sha256"": ""0d0f3febc0cb30ce9a2f04aab67dca8521d79a541b4f5110fbbc1a590f886651"", ""window_bank_rate"": 0.0}"
external_trajectory,formal_evaluation:periodic_drift:05,periodic_drift,202607176216,0.00396728515625,"{""adaptation_lag_decisions"": null, ""detection_count"": 0, ""false_detection_count"": 0, ""input_sha256"": ""b8c8df8f3468de0c6b7a1df0df17211db467c3c2d547e44e647e349cee03cb0a"", ""truth_sha256"": ""41137d36ac3aa569218887a35f13e17e9755cf982b75fe31bd91bcc03fb36584"", ""window_bank_rate"": 0.0}"
external_trajectory,formal_evaluation:periodic_drift:05,periodic_drift,202607176217,0.003987630208333333,"{""adaptation_lag_decisions"": null, ""detection_count"": 0, ""false_detection_count"": 0, ""input_sha256"": ""c71a8a035072288ad2d82153949ba768d168c03eec57aa5577f44d772db2bad4"", ""truth_sha256"": ""3b14e8b4418e6e01197f2fca3bcdf042306ee90b19e082ea81ca526849d0f43d"", ""window_bank_rate"": 0.0}"
external_trajectory,formal_evaluation:periodic_drift:05,periodic_drift,202607176218,0.004292805989583333,"{""adaptation_lag_decisions"": null, ""detection_count"": 0, ""false_detection_count"": 0, ""input_sha256"": ""3161afc450938a75a476d7873a3955fd3a2c3e229ed00529031bc7b58ad5f07b"", ""truth_sha256"": ""2fa42eed34b47ae3c7cdbf67b6328bdc2ebcaecd5b94c63651eff920e1f49fca"", ""window_bank_rate"": 0.0}"
external_trajectory,formal_evaluation:periodic_drift:05,periodic_drift,202607176219,0.004007975260416667,"{""adaptation_lag_decisions"": null, ""detection_count"": 0, ""false_detection_count"": 0, ""input_sha256"": ""897583632fee3484b0b9458b505dd75997fd693b3756fea949e496f7ae1cbea6"", ""truth_sha256"": ""2b94f9d418490f79e571793657fbe8eec815691873470d072f62e33a4fc61e36"", ""window_bank_rate"": 0.0}"
external_trajectory,formal_evaluation:periodic_drift:05,periodic_drift,202607176220,0.0037638346354166665,"{""adaptation_lag_decisions"": null, ""detection_count"": 0, ""false_detection_count"": 0, ""input_sha256"": ""dd1388769a759a47ff7d4ea95a87a2e9ed813980ad744934aca1a5704eff9ff6"", ""truth_sha256"": ""3d110e0d18c24ce1bba07e8e5d896979d0c9e95dd38ec9bde171ef72c2123dc3"", ""window_bank_rate"": 0.0}"
external_trajectory,formal_evaluation:periodic_drift:05,periodic_drift,202607176221,0.003987630208333333,"{""adaptation_lag_decisions"": null, ""detection_count"": 0, ""false_detection_count"": 0, ""input_sha256"": ""7e6fe7ac524b9717e5faffac8d02caa802b1e5509a64840c81433415307f9096"", ""truth_sha256"": ""f8c5e6a4f832a30bdbe0eaa425ed864d32f83f33a21ba99abec630c1af5699ea"", ""window_bank_rate"": 0.0}"
external_trajectory,formal_evaluation:periodic_drift:05,periodic_drift,202607176222,0.004109700520833333,"{""adaptation_lag_decisions"": null, ""detection_count"": 0, ""false_detection_count"": 0, ""input_sha256"": ""16048d6470b3c9064b354e7af035707bc3f372d4ff399f0de83beded2c3fcbfc"", ""truth_sha256"": ""0bb4d90df0167792ecb8a6c3929def824fba000eb6fa378355e9f7ae9ff269cc"", ""window_bank_rate"": 0.0}"
external_trajectory,formal_evaluation:periodic_drift:05,periodic_drift,202607176223,0.0037638346354166665,"{""adaptation_lag_decisions"": null, ""detection_count"": 0, ""false_detection_count"": 0, ""input_sha256"": ""835413f4471703d5a939623b2deebf87863f75d7d7ee01a1838edadf04143756"", ""truth_sha256"": ""b49dfa91155fc86122e43c498d058769a387e3aafb33c76870ac55431e56369c"", ""window_bank_rate"": 0.0}"
external_trajectory,formal_evaluation:periodic_drift:05,periodic_drift,202607176224,0.0035400390625,"{""adaptation_lag_decisions"": null, ""detection_count"": 0, ""false_detection_count"": 0, ""input_sha256"": ""c5308023ab8a8b24f84f3d6ff2e9ed44b3d2fcc0f23f0452695a08b7b3a300a9"", ""truth_sha256"": ""2875764213c5ecb4393a6242e9ea65f7596a964146de465698a11be2d7499fe6"", ""window_bank_rate"": 0.0}"
external_trajectory,formal_evaluation:readout_reset_fault:00,readout_reset_fault,202607176201,0.0,"{""adaptation_lag_decisions"": null, ""detection_count"": 0, ""false_detection_count"": 0, ""input_sha256"": ""ea8b37f00fa176c7b8ac36f416ab91685e5e0a6600d6ac1b1d736291d57b91be"", ""truth_sha256"": ""9d0e5e23ae322c07e58c9318badd39017ff191c6d561e3a99c7133367e7f4e0a"", ""window_bank_rate"": 0.0}"
external_trajectory,formal_evaluation:readout_reset_fault:00,readout_reset_fault,202607176202,2.0345052083333332e-05,"{""adaptation_lag_decisions"": null, ""detection_count"": 0, ""false_detection_count"": 0, ""input_sha256"": ""903a54f315575e8ffdb623026109f8e8a4fad214063cbe318d7b4c9a79f84311"", ""truth_sha256"": ""9d0e5e23ae322c07e58c9318badd39017ff191c6d561e3a99c7133367e7f4e0a"", ""window_bank_rate"": 0.0}"
external_trajectory,formal_evaluation:readout_reset_fault:00,readout_reset_fault,202607176203,2.0345052083333332e-05,"{""adaptation_lag_decisions"": null, ""detection_count"": 0, ""false_detection_count"": 0, ""input_sha256"": ""670837f0bf2a14d63c2f6e88dbc93a5c5e875d2d0f90d33a57e63cf96fd2e05e"", ""truth_sha256"": ""b1df56322b04fc43cccd3f57d634a62f84ac092a5ff8761a66472d06b9870f87"", ""window_bank_rate"": 0.0}"
external_trajectory,formal_evaluation:readout_reset_fault:00,readout_reset_fault,202607176204,4.0690104166666664e-05,"{""adaptation_lag_decisions"": null, ""detection_count"": 0, ""false_detection_count"": 0, ""input_sha256"": ""1aad3a493369c2635b695e9fd2b4403d8c63e01474f01000bdd3c4012363655d"", ""truth_sha256"": ""6b131ac14426b074ffef2647ab974c5a35c9a0dc528e2e038166d9ed0a90a950"", ""window_bank_rate"": 0.0}"
external_trajectory,formal_evaluation:readout_reset_fault:00,readout_reset_fault,202607176205,0.0,"{""adaptation_lag_decisions"": null, ""detection_count"": 0, ""false_detection_count"": 0, ""input_sha256"": ""b686bfd95ac63b6f8ca0ae2d4f7ed871fb636268ed5965b9212b00a1cd409516"", ""truth_sha256"": ""9d0e5e23ae322c07e58c9318badd39017ff191c6d561e3a99c7133367e7f4e0a"", ""window_bank_rate"": 0.0}"
external_trajectory,formal_evaluation:readout_reset_fault:00,readout_reset_fault,202607176206,2.0345052083333332e-05,"{""adaptation_lag_decisions"": null, ""detection_count"": 0, ""false_detection_count"": 0, ""input_sha256"": ""a53f0d9542ee7d8a75a85104993e0ad93efc2da7f56d9c173e0a9fa79241f6da"", ""truth_sha256"": ""7bfde7abb485dc2a1f99ad3111a7314b5d35ed40fd442f6de470705d4cb74ce6"", ""window_bank_rate"": 0.0}"
external_trajectory,formal_evaluation:readout_reset_fault:00,readout_reset_fault,202607176207,2.0345052083333332e-05,"{""adaptation_lag_decisions"": null, ""detection_count"": 0, ""false_detection_count"": 0, ""input_sha256"": ""a340aaaa177b3d7ba79c0541aa223d79eb3d6b9264753900ed6cdb6c4e722a08"", ""truth_sha256"": ""bf9f5ed4bba92676213fa9e1c0c3950a20aa8c727146b870fcec611dc2b7280f"", ""window_bank_rate"": 0.0}"
external_trajectory,formal_evaluation:readout_reset_fault:00,readout_reset_fault,202607176208,4.0690104166666664e-05,"{""adaptation_lag_decisions"": null, ""detection_count"": 0, ""false_detection_count"": 0, ""input_sha256"": ""d3515912350640ec3c6b1f7c6dbec1df64a7d4f7ecdcb11f32e70e874c1f6caf"", ""truth_sha256"": ""f476c1ca405d135de276ec9199206d6c22909eb35045b44dafcfca38905fd4df"", ""window_bank_rate"": 0.0}"
external_trajectory,formal_evaluation:readout_reset_fault:00,readout_reset_fault,202607176209,2.0345052083333332e-05,"{""adaptation_lag_decisions"": null, ""detection_count"": 0, ""false_detection_count"": 0, ""input_sha256"": ""6babcb0703ecdef448a15ff26da8d14ee016f22cbd603fd395af59c3bc3d14c9"", ""truth_sha256"": ""55ab54aaf14a5d618bcf8bd3bf3f70a6317db31113ea78113a914d0594d75b18"", ""window_bank_rate"": 0.0}"
external_trajectory,formal_evaluation:readout_reset_fault:00,readout_reset_fault,202607176210,8.138020833333333e-05,"{""adaptation_lag_decisions"": null, ""detection_count"": 0, ""false_detection_count"": 0, ""input_sha256"": ""5f2413a7ef398943108400eb4ad3aac9774a4e6cb27b5b6cfd3ae4d549dd9cbb"", ""truth_sha256"": ""af5df2087e8833950ac2778c0ab5938a5c4675e5ca3a3b1c012a258b4e6ebcc2"", ""window_bank_rate"": 0.0}"
external_trajectory,formal_evaluation:readout_reset_fault:00,readout_reset_fault,202607176211,2.0345052083333332e-05,"{""adaptation_lag_decisions"": null, ""detection_count"": 0, ""false_detection_count"": 0, ""input_sha256"": ""c404c808661033577552c0f474da9d9065e960aae5b8f116925f88886f26c7dd"", ""truth_sha256"": ""9d0e5e23ae322c07e58c9318badd39017ff191c6d561e3a99c7133367e7f4e0a"", ""window_bank_rate"": 0.0}"
external_trajectory,formal_evaluation:readout_reset_fault:00,readout_reset_fault,202607176212,2.0345052083333332e-05,"{""adaptation_lag_decisions"": null, ""detection_count"": 0, ""false_detection_count"": 0, ""input_sha256"": ""2d6f50987de45639d1f40cce8bb166058a4963bf472a79526a342234b51450b9"", ""truth_sha256"": ""d2bf803765481ca254170db1f515d60073577b701ee09b505cfd3c329977350f"", ""window_bank_rate"": 0.0}"
external_trajectory,formal_evaluation:readout_reset_fault:00,readout_reset_fault,202607176213,0.0,"{""adaptation_lag_decisions"": null, ""detection_count"": 0, ""false_detection_count"": 0, ""input_sha256"": ""c2d38a80f0ce808377914bb4fcaf54d3345a96695f210c87dff2cb17d26dc1e5"", ""truth_sha256"": ""487520812394f4e4f946a01c64ebdb5c191e8702852e15e7e1d3a039bf4b046a"", ""window_bank_rate"": 0.0}"
external_trajectory,formal_evaluation:readout_reset_fault:00,readout_reset_fault,202607176214,0.0,"{""adaptation_lag_decisions"": null, ""detection_count"": 0, ""false_detection_count"": 0, ""input_sha256"": ""cd8b7f36fe6822d222c875fd60d64d5d677feb0c6df369051a0a107851b983be"", ""truth_sha256"": ""ea8c17815ced87853058083609174e33f5fdfae22e43f62d37d002b65f40945b"", ""window_bank_rate"": 0.0}"
external_trajectory,formal_evaluation:readout_reset_fault:00,readout_reset_fault,202607176215,0.0,"{""adaptation_lag_decisions"": null, ""detection_count"": 0, ""false_detection_count"": 0, ""input_sha256"": ""6413feccab7bffa3e6f86bf9546c28b51ac938aba4309a2f360db5ad2b591d7e"", ""truth_sha256"": ""52e4e1d685f17c8ce7fcdcbe6b229411a6a7b7afeb18175151da7df55cefa5d6"", ""window_bank_rate"": 0.0}"
external_trajectory,formal_evaluation:readout_reset_fault:00,readout_reset_fault,202607176216,4.0690104166666664e-05,"{""adaptation_lag_decisions"": null, ""detection_count"": 0, ""false_detection_count"": 0, ""input_sha256"": ""06d4729d779a4d2a10e24ee3b40166ebad13d837e1af7de8a3a08b85b1d8802e"", ""truth_sha256"": ""42ada87553c708a011bb7b7e13e926de0fba229c357e86eba83f787b65aac948"", ""window_bank_rate"": 0.0}"
external_trajectory,formal_evaluation:readout_reset_fault:00,readout_reset_fault,202607176217,0.0,"{""adaptation_lag_decisions"": null, ""detection_count"": 0, ""false_detection_count"": 0, ""input_sha256"": ""0f19a9a21dd362613a4aff41347a35c796a9c3e67690ad46475352125e396955"", ""truth_sha256"": ""25a703e08deea6e0dcc852d1a1a37831ee33058445851d3a508ae3cee458dac2"", ""window_bank_rate"": 0.0}"
external_trajectory,formal_evaluation:readout_reset_fault:00,readout_reset_fault,202607176218,2.0345052083333332e-05,"{""adaptation_lag_decisions"": null, ""detection_count"": 0, ""false_detection_count"": 0, ""input_sha256"": ""296394b02b4b660ad8e9998cd6ab599e947bc3fb8984de8099deb91cb22346f3"", ""truth_sha256"": ""6a7a793140c1974d7668ab82584c78aebd2083077dbca4b91a751b532c3a65a8"", ""window_bank_rate"": 0.0}"
external_trajectory,formal_evaluation:readout_reset_fault:00,readout_reset_fault,202607176219,2.0345052083333332e-05,"{""adaptation_lag_decisions"": null, ""detection_count"": 0, ""false_detection_count"": 0, ""input_sha256"": ""e9f8e8a778080f5451ca4524290bf1e756f1cc036a0750db92a95de5533b380b"", ""truth_sha256"": ""efd0aad64ee161421ca6ba06d7a2ed17fb04f5d403b1738e7642c16512c89333"", ""window_bank_rate"": 0.0}"
external_trajectory,formal_evaluation:readout_reset_fault:00,readout_reset_fault,202607176220,0.0,"{""adaptation_lag_decisions"": null, ""detection_count"": 0, ""false_detection_count"": 0, ""input_sha256"": ""3e9a1deb5a216f5d9053b44a1ee83bb014d0ac4c4ca8c1b220b639c545ff6f71"", ""truth_sha256"": ""d739bf227418baf83baefc878f572d2e4261727ba3cab46cd3fee1da1ac64095"", ""window_bank_rate"": 0.0}"
external_trajectory,formal_evaluation:readout_reset_fault:00,readout_reset_fault,202607176221,4.0690104166666664e-05,"{""adaptation_lag_decisions"": null, ""detection_count"": 0, ""false_detection_count"": 0, ""input_sha256"": ""67f173384020c23ef5cabf02a7beb1020140669dfd2f50f8d42ae6f9215db851"", ""truth_sha256"": ""83b652f609a0808e55023fc066b123a4c7a35e7733c0b5fa632fc414edbe5504"", ""window_bank_rate"": 0.0}"
external_trajectory,formal_evaluation:readout_reset_fault:00,readout_reset_fault,202607176222,2.0345052083333332e-05,"{""adaptation_lag_decisions"": null, ""detection_count"": 0, ""false_detection_count"": 0, ""input_sha256"": ""ebcb85a7e1c8ca6e72331e8c3816804e50c1a9118b13709e92da91930e2502cb"", ""truth_sha256"": ""2af66aee931e71e4b2ee89a044176d3e346bd0ef426451b9f252dcfd02630a17"", ""window_bank_rate"": 0.0}"
external_trajectory,formal_evaluation:readout_reset_fault:00,readout_reset_fault,202607176223,0.0,"{""adaptation_lag_decisions"": null, ""detection_count"": 0, ""false_detection_count"": 0, ""input_sha256"": ""7191718b94c82f7558d5d549bd3a7eaeeb771f76c5753b2078f8eea2b41a3b4d"", ""truth_sha256"": ""9d0e5e23ae322c07e58c9318badd39017ff191c6d561e3a99c7133367e7f4e0a"", ""window_bank_rate"": 0.0}"
external_trajectory,formal_evaluation:readout_reset_fault:00,readout_reset_fault,202607176224,2.0345052083333332e-05,"{""adaptation_lag_decisions"": null, ""detection_count"": 0, ""false_detection_count"": 0, ""input_sha256"": ""13f6a115e3edd0486d93e84278a05907fa0a0eb8dbbfd1fea4fb9177a70c2686"", ""truth_sha256"": ""d33187ff857e823fc3b134f8fcda36fef855aa582cc39c075e19d24e93d14b6c"", ""window_bank_rate"": 0.0}"
external_trajectory,formal_evaluation:readout_reset_fault:05,readout_reset_fault,202607176201,4.0690104166666664e-05,"{""adaptation_lag_decisions"": null, ""detection_count"": 0, ""false_detection_count"": 0, ""input_sha256"": ""6e508b1c918b3d3d82a83672f18461e868cb5b9975058c4892e07f8e0762b74f"", ""truth_sha256"": ""7156ed9c77ea78c75823e6a5be021fef89481a5afce8494bec55fc2b1ef86267"", ""window_bank_rate"": 0.0}"
external_trajectory,formal_evaluation:readout_reset_fault:05,readout_reset_fault,202607176202,2.0345052083333332e-05,"{""adaptation_lag_decisions"": null, ""detection_count"": 0, ""false_detection_count"": 0, ""input_sha256"": ""d1588136323a09a489e39b9ea616dd4cc5964978a734bd6116f91778d0724e8d"", ""truth_sha256"": ""b6dff6c2597dc93e5a4530d3931a1469b5095a89906a0c7a35acc88fc92aec7a"", ""window_bank_rate"": 0.0}"
external_trajectory,formal_evaluation:readout_reset_fault:05,readout_reset_fault,202607176203,4.0690104166666664e-05,"{""adaptation_lag_decisions"": null, ""detection_count"": 0, ""false_detection_count"": 0, ""input_sha256"": ""7a058e1ba0d945cc746338379fa16c4213a3f513ad6535f243fc13e165e339dc"", ""truth_sha256"": ""12c9705bc4fe6a52ffffcb9ddde7dfaffdad88e85537163a2956ee7b317fc5d8"", ""window_bank_rate"": 0.0}"
external_trajectory,formal_evaluation:readout_reset_fault:05,readout_reset_fault,202607176204,4.0690104166666664e-05,"{""adaptation_lag_decisions"": null, ""detection_count"": 0, ""false_detection_count"": 0, ""input_sha256"": ""b6618de19a409d16bf70c022ed00ff3a811a0827a62bcf7cad5f6e252db49762"", ""truth_sha256"": ""2a24ac3a8ad2003c722ef35514b666276876a81bae51e39a2833efe4f538ae10"", ""window_bank_rate"": 0.0}"
external_trajectory,formal_evaluation:readout_reset_fault:05,readout_reset_fault,202607176205,4.0690104166666664e-05,"{""adaptation_lag_decisions"": null, ""detection_count"": 0, ""false_detection_count"": 0, ""input_sha256"": ""560d5eedc9497757d449dfef2eb815eae1d812f1b1c44185342c31f7a85ea6fb"", ""truth_sha256"": ""07ec470a557b41d47a9826d99db2e383f409218f4773a36e5497bbc2c8053e89"", ""window_bank_rate"": 0.0}"
external_trajectory,formal_evaluation:readout_reset_fault:05,readout_reset_fault,202607176206,0.0,"{""adaptation_lag_decisions"": null, ""detection_count"": 0, ""false_detection_count"": 0, ""input_sha256"": ""fc33b6db53d24f4fd8d53f1cedf894992e96ca46f5168bf300e55f84400bd0bc"", ""truth_sha256"": ""261f3920d7a483f5ad1210eceefe5d109e805d8304bffabc0e7da965cc055618"", ""window_bank_rate"": 0.0}"
external_trajectory,formal_evaluation:readout_reset_fault:05,readout_reset_fault,202607176207,6.103515625e-05,"{""adaptation_lag_decisions"": null, ""detection_count"": 0, ""false_detection_count"": 0, ""input_sha256"": ""a4afad085141383d40fb6497374fb75878cbeb17937bdb7ebd10238fb6b77aab"", ""truth_sha256"": ""9db18c53d3b6f0c11a7c393e76d7568d930732f2689a1934c4fcfa426382e585"", ""window_bank_rate"": 0.0}"
external_trajectory,formal_evaluation:readout_reset_fault:05,readout_reset_fault,202607176208,0.0,"{""adaptation_lag_decisions"": null, ""detection_count"": 0, ""false_detection_count"": 0, ""input_sha256"": ""912d38ca6683a6934ad8334a5b9efc4fb698f2aed6661982a8ba60cd2eae875e"", ""truth_sha256"": ""5e4ac4386a2a4a6672b71f898e692c7fff9fac9c68640124cc1f54cd7819982a"", ""window_bank_rate"": 0.0}"
external_trajectory,formal_evaluation:readout_reset_fault:05,readout_reset_fault,202607176209,0.0,"{""adaptation_lag_decisions"": null, ""detection_count"": 0, ""false_detection_count"": 0, ""input_sha256"": ""0167d6cc00c2c9f11bc80102d0a8fa46a30d2c5528c28cc740fcb7d2eb082400"", ""truth_sha256"": ""939962f0ccbb0497d4bb1a5c1b08a339acb97cc8c1ff5f7f0929a6cb1187085d"", ""window_bank_rate"": 0.0}"
external_trajectory,formal_evaluation:readout_reset_fault:05,readout_reset_fault,202607176210,0.0,"{""adaptation_lag_decisions"": null, ""detection_count"": 0, ""false_detection_count"": 0, ""input_sha256"": ""4d3a3d16fdfede10876b37a4d2f11be1bfa71b80300c1e1615d22e2ac4191cd2"", ""truth_sha256"": ""c257288732a20ae4a66b8d2d101a9bf3470e896e3795813426b75164e55879a4"", ""window_bank_rate"": 0.0}"
external_trajectory,formal_evaluation:readout_reset_fault:05,readout_reset_fault,202607176211,2.0345052083333332e-05,"{""adaptation_lag_decisions"": null, ""detection_count"": 0, ""false_detection_count"": 0, ""input_sha256"": ""4a5ae8a69e5d62a2b04fae4564ccbf71889f7e5c0f9de9f147ebf2b2b3f11c3d"", ""truth_sha256"": ""5a038d19843ee5e76f2dc6292b35a5c82636bda9d4feff34c74cd4486dcad983"", ""window_bank_rate"": 0.0}"
external_trajectory,formal_evaluation:readout_reset_fault:05,readout_reset_fault,202607176212,0.0,"{""adaptation_lag_decisions"": null, ""detection_count"": 0, ""false_detection_count"": 0, ""input_sha256"": ""cf1b5fa7c6912e572bad9730d58889be440caf894ba308726bb0abbcc34a8544"", ""truth_sha256"": ""fff8a80fdaa6b0f07e1568e3335ddd162dd5bac1620d0861c55771a6247c9efa"", ""window_bank_rate"": 0.0}"
external_trajectory,formal_evaluation:readout_reset_fault:05,readout_reset_fault,202607176213,0.0,"{""adaptation_lag_decisions"": null, ""detection_count"": 0, ""false_detection_count"": 0, ""input_sha256"": ""b71ca35069304dbc1964209de43dfae48f2124d301c630585730eeabb59c7ebb"", ""truth_sha256"": ""261f3920d7a483f5ad1210eceefe5d109e805d8304bffabc0e7da965cc055618"", ""window_bank_rate"": 0.0}"
external_trajectory,formal_evaluation:readout_reset_fault:05,readout_reset_fault,202607176214,4.0690104166666664e-05,"{""adaptation_lag_decisions"": null, ""detection_count"": 0, ""false_detection_count"": 0, ""input_sha256"": ""694e94eb6b64a80015ed6f49dace9b02e16f16a2cb00c3c6e40298ee91a44e2c"", ""truth_sha256"": ""63b1bca1cc382320912d38a34c354679a8c5c6b46ba8dd3e7c44030bd935b2b3"", ""window_bank_rate"": 0.0}"
external_trajectory,formal_evaluation:readout_reset_fault:05,readout_reset_fault,202607176215,4.0690104166666664e-05,"{""adaptation_lag_decisions"": null, ""detection_count"": 0, ""false_detection_count"": 0, ""input_sha256"": ""489fa4a8b04829f4787c67e662e95d424af4982021eb9d28bd9f8d0f92489e7e"", ""truth_sha256"": ""8156ebf7448ef46169de7d3c0307983000041fbec8eefda80ecfaf8e31abecb0"", ""window_bank_rate"": 0.0}"
external_trajectory,formal_evaluation:readout_reset_fault:05,readout_reset_fault,202607176216,2.0345052083333332e-05,"{""adaptation_lag_decisions"": null, ""detection_count"": 0, ""false_detection_count"": 0, ""input_sha256"": ""8cfd4e78354e2e3e2703ac0d46f981f15ede83b0bb25ad3426ff3b8e71cc61ee"", ""truth_sha256"": ""6e4707ff73e7199af42b2e8bc26be56d942c045e37768b1a708d319d9e664193"", ""window_bank_rate"": 0.0}"
external_trajectory,formal_evaluation:readout_reset_fault:05,readout_reset_fault,202607176217,0.0,"{""adaptation_lag_decisions"": null, ""detection_count"": 0, ""false_detection_count"": 0, ""input_sha256"": ""38f2a9db9309c71bea9779007fa93a3669f6f5bf187f426ae70fba59a4e690af"", ""truth_sha256"": ""d38bb83b9c72ddbe9d932fdcf90fad6b804eb2cb2549c2a0358bb84ad5a48060"", ""window_bank_rate"": 0.0}"
external_trajectory,formal_evaluation:readout_reset_fault:05,readout_reset_fault,202607176218,4.0690104166666664e-05,"{""adaptation_lag_decisions"": null, ""detection_count"": 0, ""false_detection_count"": 0, ""input_sha256"": ""44c90aa911104561f683a84784771032c0938ea98576953a87a4880e1ca00176"", ""truth_sha256"": ""3a2c14f0b8ef73c05844dc22e9c3ef244027bbb5f966292c8fba0cbdfe201885"", ""window_bank_rate"": 0.0}"
external_trajectory,formal_evaluation:readout_reset_fault:05,readout_reset_fault,202607176219,2.0345052083333332e-05,"{""adaptation_lag_decisions"": null, ""detection_count"": 0, ""false_detection_count"": 0, ""input_sha256"": ""03d70c5a71a1eb613fd5ce4bd5225c76c1b8dc0ee759b0917daba379e85ed5b8"", ""truth_sha256"": ""c86b096b644f9056bd8736f139f246af73cb5b97c96d755ca0725287befe306a"", ""window_bank_rate"": 0.0}"
external_trajectory,formal_evaluation:readout_reset_fault:05,readout_reset_fault,202607176220,0.0,"{""adaptation_lag_decisions"": null, ""detection_count"": 0, ""false_detection_count"": 0, ""input_sha256"": ""dff3fec7a9bc75e7532acf58b0f156bd81db92462d0f9d83eb4e8f2f41334244"", ""truth_sha256"": ""939962f0ccbb0497d4bb1a5c1b08a339acb97cc8c1ff5f7f0929a6cb1187085d"", ""window_bank_rate"": 0.0}"
external_trajectory,formal_evaluation:readout_reset_fault:05,readout_reset_fault,202607176221,4.0690104166666664e-05,"{""adaptation_lag_decisions"": null, ""detection_count"": 0, ""false_detection_count"": 0, ""input_sha256"": ""1828d0286326c62cb151e9acfc89571014770d39aaa3a834e1c5701c6eef3c29"", ""truth_sha256"": ""ef6741e6b9a750595a5d3358f189b739560d1e150e32d6659322b0e89fbdc8a6"", ""window_bank_rate"": 0.0}"
external_trajectory,formal_evaluation:readout_reset_fault:05,readout_reset_fault,202607176222,0.0,"{""adaptation_lag_decisions"": null, ""detection_count"": 0, ""false_detection_count"": 0, ""input_sha256"": ""d95a1c4fe8b21a1d9c2c8159ab38493fc4aa632e32839c3a22e1309e0ac0473c"", ""truth_sha256"": ""e1048c9781dfb8f788e7c38b962d282fff9d8096bb681256fcb1bb2900f285ed"", ""window_bank_rate"": 0.0}"
external_trajectory,formal_evaluation:readout_reset_fault:05,readout_reset_fault,202607176223,2.0345052083333332e-05,"{""adaptation_lag_decisions"": null, ""detection_count"": 0, ""false_detection_count"": 0, ""input_sha256"": ""5c093d7fd1d0995783c8b5fcc31d785fcda1ed19f14c5992fa4db04d21d6ed4c"", ""truth_sha256"": ""b14581516781697083bf15241383eb01440819eb798755dc81aa77683514a307"", ""window_bank_rate"": 0.0}"
external_trajectory,formal_evaluation:readout_reset_fault:05,readout_reset_fault,202607176224,0.0,"{""adaptation_lag_decisions"": null, ""detection_count"": 0, ""false_detection_count"": 0, ""input_sha256"": ""dc57de62778da9c460fc8251240a35ab3745b44bd3e7b12a35e91571b0a2780b"", ""truth_sha256"": ""79047c418e79cdcb5a7aac841b4560f09bb33fcc6234e552bf2363250b531929"", ""window_bank_rate"": 0.0}"
external_trajectory,formal_evaluation:step_calibration_shift:00,step_calibration_shift,202607176201,0.0010782877604166667,"{""adaptation_lag_decisions"": null, ""detection_count"": 0, ""false_detection_count"": 0, ""input_sha256"": ""b137e40e2a72e3b397435e3b55d9d74221fdbcb51bd466d33a9174283bb52e6d"", ""truth_sha256"": ""d5b39dad610b35d9987cb3c2c3b2a8899c024a2669c205d0fd173efe978b1698"", ""window_bank_rate"": 0.0}"
external_trajectory,formal_evaluation:step_calibration_shift:00,step_calibration_shift,202607176202,0.001220703125,"{""adaptation_lag_decisions"": null, ""detection_count"": 0, ""false_detection_count"": 0, ""input_sha256"": ""472c5772dc2b18e4bb9c6c39532959bdd24ee466332966f49c74211a94cc6a6f"", ""truth_sha256"": ""47860e17af6a0f1b8bb494f56b8fc34361e89978ef72272438a1e1132b6926dc"", ""window_bank_rate"": 0.0}"
external_trajectory,formal_evaluation:step_calibration_shift:00,step_calibration_shift,202607176203,0.0008951822916666666,"{""adaptation_lag_decisions"": null, ""detection_count"": 0, ""false_detection_count"": 0, ""input_sha256"": ""4b10e82bc66cbc98f40a3af52e7b0a4ae1c1e01ae66c1d4cf65e1c9e67c1fce0"", ""truth_sha256"": ""d543d7a5d4a616781b0a35f118c80d71abc64ca92cfba11b04428fb643f8b9c2"", ""window_bank_rate"": 0.0}"
external_trajectory,formal_evaluation:step_calibration_shift:00,step_calibration_shift,202607176204,0.0009969075520833333,"{""adaptation_lag_decisions"": null, ""detection_count"": 0, ""false_detection_count"": 0, ""input_sha256"": ""8c9491b20ef06150e31b3406cf3cf0329dd687e2c176e4f0820e6eedf7218a89"", ""truth_sha256"": ""e61a0ed246a57ba715c443482e93a4a2a8582422480ed0bb8777a62853674c76"", ""window_bank_rate"": 0.0}"
external_trajectory,formal_evaluation:step_calibration_shift:00,step_calibration_shift,202607176205,0.00091552734375,"{""adaptation_lag_decisions"": 368, ""detection_count"": 24, ""false_detection_count"": 0, ""input_sha256"": ""68b327339afba4a831d3c83f9e54b7c2e32f3b6d9c2c22f4d65c212e6553f84e"", ""truth_sha256"": ""f2909a21aa7e095bebeaa623716fba168a0b1f49c4b3ca5ef92af6ad66daa78b"", ""window_bank_rate"": 0.9612630208333334}"
external_trajectory,formal_evaluation:step_calibration_shift:00,step_calibration_shift,202607176206,0.00079345703125,"{""adaptation_lag_decisions"": null, ""detection_count"": 0, ""false_detection_count"": 0, ""input_sha256"": ""b5bd933330b60a31c7ce5d5bc8431db47be8cf768aeadf84e3dd51dde7fe166a"", ""truth_sha256"": ""b8e51b2a7b7456b37e7df5b4335782c1c256d55903325bb56733de9adbaf51c0"", ""window_bank_rate"": 0.0}"
external_trajectory,formal_evaluation:step_calibration_shift:00,step_calibration_shift,202607176207,0.00091552734375,"{""adaptation_lag_decisions"": null, ""detection_count"": 0, ""false_detection_count"": 0, ""input_sha256"": ""a36bc5e52c3bf4c424e2d326bb42e3924a29ecac9d26279e9e1c4c94b2af9d69"", ""truth_sha256"": ""236d0b6dc45324307fd5c391a8bbce40bd1b9e69b85e1ce69c6257a8bab9405c"", ""window_bank_rate"": 0.0}"
external_trajectory,formal_evaluation:step_calibration_shift:00,step_calibration_shift,202607176208,0.0011393229166666667,"{""adaptation_lag_decisions"": 832, ""detection_count"": 23, ""false_detection_count"": 0, ""input_sha256"": ""6ba3a90f0cdea3d1ad359c8613da4f18307ba7746dfc16a4f62b82b0e1ddb572"", ""truth_sha256"": ""24edf376d9f9214593d4a25f3541f849e683d1d97c42e11d9094bb84c5125f2d"", ""window_bank_rate"": 0.9205729166666666}"
external_trajectory,formal_evaluation:step_calibration_shift:00,step_calibration_shift,202607176209,0.0011189778645833333,"{""adaptation_lag_decisions"": 368, ""detection_count"": 24, ""false_detection_count"": 0, ""input_sha256"": ""c9f6f8b5329365c576d6ed7bf21cd528dd01a617b08c58c69ce9375ba460e9f0"", ""truth_sha256"": ""f64bb4ad9ed07ff85d736686b43f34f9495250ff77a099cacc4a33bf0e5de29f"", ""window_bank_rate"": 0.9612630208333334}"
external_trajectory,formal_evaluation:step_calibration_shift:00,step_calibration_shift,202607176210,0.0009765625,"{""adaptation_lag_decisions"": 368, ""detection_count"": 24, ""false_detection_count"": 0, ""input_sha256"": ""a05533903e05102ff30d231db99555d64d8dbf9f2600176d587f9623ea532817"", ""truth_sha256"": ""493ef63eb2fd0d8eb9f3a6c16599bdc606b5624dda6479c48838a910536548ef"", ""window_bank_rate"": 0.9612630208333334}"
external_trajectory,formal_evaluation:step_calibration_shift:00,step_calibration_shift,202607176211,0.0008138020833333334,"{""adaptation_lag_decisions"": null, ""detection_count"": 0, ""false_detection_count"": 0, ""input_sha256"": ""c111617c8eb6938118f98cee578129bd6b663fa773e0ef49ab7b9ccd69751c43"", ""truth_sha256"": ""b3d94b877b223552e9960faeb84fb8bda5d31e9a55f1476b60a58bdc61718d31"", ""window_bank_rate"": 0.0}"
external_trajectory,formal_evaluation:step_calibration_shift:00,step_calibration_shift,202607176212,0.0009765625,"{""adaptation_lag_decisions"": null, ""detection_count"": 0, ""false_detection_count"": 0, ""input_sha256"": ""19683bc44ea8d3762fe563927a37a24a275c4a4bf2192a231b10377104c039a5"", ""truth_sha256"": ""75d1b0491c9e37ba69003729865234e91583bb4b1f3510c0815764f9a9095455"", ""window_bank_rate"": 0.0}"
external_trajectory,formal_evaluation:step_calibration_shift:00,step_calibration_shift,202607176213,0.0011393229166666667,"{""adaptation_lag_decisions"": null, ""detection_count"": 0, ""false_detection_count"": 0, ""input_sha256"": ""d7830443d8c8dda417c5121380d21d729f52b72111e93c81aae6937794bd6a77"", ""truth_sha256"": ""c672faab48acaaf23f1a4cfe879fa4151100cf56de5b30eb842a30f2a338a56e"", ""window_bank_rate"": 0.0}"
external_trajectory,formal_evaluation:step_calibration_shift:00,step_calibration_shift,202607176214,0.0011189778645833333,"{""adaptation_lag_decisions"": null, ""detection_count"": 0, ""false_detection_count"": 0, ""input_sha256"": ""f5cb9ee3519f87ebf05186f52c9ad7d0e262cbfcfe3dd85ea0a13281317babee"", ""truth_sha256"": ""81864fb7f1486da202ef994d22a0659736bcaa2828a5295fbb45f61d51b6b004"", ""window_bank_rate"": 0.0}"
external_trajectory,formal_evaluation:step_calibration_shift:00,step_calibration_shift,202607176215,0.0009562174479166666,"{""adaptation_lag_decisions"": null, ""detection_count"": 0, ""false_detection_count"": 0, ""input_sha256"": ""a190a3dfeb39da1af3ef4d9d4e5cf9d2d861090a3e11829688e3084b8a8cd6f1"", ""truth_sha256"": ""0804cd520b3d9eb1b03d7a35f86173ae2d24e5e68fde968cac0d581eb9e6b885"", ""window_bank_rate"": 0.0}"
external_trajectory,formal_evaluation:step_calibration_shift:00,step_calibration_shift,202607176216,0.00115966796875,"{""adaptation_lag_decisions"": null, ""detection_count"": 0, ""false_detection_count"": 0, ""input_sha256"": ""51c95c7c328dc1dbd6f448151d224f3a7ca0746e415c643c88a79ceae259d874"", ""truth_sha256"": ""1f373def0e2156db3684bd826bae4c5b67bc933d6f94c2ebb7a43ad26515c526"", ""window_bank_rate"": 0.0}"
external_trajectory,formal_evaluation:step_calibration_shift:00,step_calibration_shift,202607176217,0.0009969075520833333,"{""adaptation_lag_decisions"": null, ""detection_count"": 0, ""false_detection_count"": 0, ""input_sha256"": ""5c42dc08f7f93d24f9aeb8b96cb01836e19c56b2778436f7281ec57a0ac49894"", ""truth_sha256"": ""f0924ecba87803c94752c46634c5900df70c807bb0389a37b551cc77433f480f"", ""window_bank_rate"": 0.0}"
external_trajectory,formal_evaluation:step_calibration_shift:00,step_calibration_shift,202607176218,0.0009765625,"{""adaptation_lag_decisions"": null, ""detection_count"": 0, ""false_detection_count"": 0, ""input_sha256"": ""9a0fa2e2f4773e2f6c0b68c1e3acc3f84b20907c3e26d324b0807c94181b36bb"", ""truth_sha256"": ""ddf41dd8f891640f3c8fdd36c751f9d40e5aff545ef2a436310c6effbc24187a"", ""window_bank_rate"": 0.0}"
external_trajectory,formal_evaluation:step_calibration_shift:00,step_calibration_shift,202607176219,0.0011393229166666667,"{""adaptation_lag_decisions"": null, ""detection_count"": 0, ""false_detection_count"": 0, ""input_sha256"": ""0438312c5e09d5082d4202c34157afc400f58dd200ebe2b2d1b264dd9ffc40c8"", ""truth_sha256"": ""7504318582b775c14b1c20817016264c36a44757f4d87e4d79b5101a2ecb7b90"", ""window_bank_rate"": 0.0}"
external_trajectory,formal_evaluation:step_calibration_shift:00,step_calibration_shift,202607176220,0.00115966796875,"{""adaptation_lag_decisions"": null, ""detection_count"": 0, ""false_detection_count"": 0, ""input_sha256"": ""e868898e64d8cf6b19d60e77c7f57a58f63de85e4dd77205bd7709d515a22a03"", ""truth_sha256"": ""267e80b944ecefcbf2c5af652eccaded9181256bdf970f44c8c50eeb749d385f"", ""window_bank_rate"": 0.0}"
external_trajectory,formal_evaluation:step_calibration_shift:00,step_calibration_shift,202607176221,0.0008341471354166666,"{""adaptation_lag_decisions"": null, ""detection_count"": 0, ""false_detection_count"": 0, ""input_sha256"": ""e1bd1309bbbb07e1c2ffa5c1dbab8bda9bc9e1b9a013c16a599980588440b1bb"", ""truth_sha256"": ""150e64439124037747ac128465e3f18e5c85e90868d12c6b7594fc8ccecc2fc0"", ""window_bank_rate"": 0.0}"
external_trajectory,formal_evaluation:step_calibration_shift:00,step_calibration_shift,202607176222,0.0009562174479166666,"{""adaptation_lag_decisions"": null, ""detection_count"": 0, ""false_detection_count"": 0, ""input_sha256"": ""10d0ffce2a6d9b624614b36c3ab319afcc0e2f034908c08205913dcc19a47a1f"", ""truth_sha256"": ""7534236b184c06d008235d37b0a97d49faf50b100d731f5d61eba78bbba78d8d"", ""window_bank_rate"": 0.0}"
external_trajectory,formal_evaluation:step_calibration_shift:00,step_calibration_shift,202607176223,0.0008748372395833334,"{""adaptation_lag_decisions"": null, ""detection_count"": 0, ""false_detection_count"": 0, ""input_sha256"": ""9c72bfdd7ca42a47c4c098cd7d4ce9e60f6bd1b2c8955a789865b2c193ccea30"", ""truth_sha256"": ""df111fa4aff690eb61aec23ebfe195691da46a160ac08559267e03dd5867e9d7"", ""window_bank_rate"": 0.0}"
external_trajectory,formal_evaluation:step_calibration_shift:00,step_calibration_shift,202607176224,0.0008544921875,"{""adaptation_lag_decisions"": null, ""detection_count"": 0, ""false_detection_count"": 0, ""input_sha256"": ""f30fbbfaca388da13df1f869bc14ea31497e2bdee45ae205ab6b891dbcd54c9d"", ""truth_sha256"": ""0c97c6afe6f2fbc3e02ba97ba2bae8d660136dc3b5148c271f4b186b0e57a9fb"", ""window_bank_rate"": 0.0}"
external_trajectory,formal_evaluation:step_calibration_shift:05,step_calibration_shift,202607176201,0.023946126302083332,"{""adaptation_lag_decisions"": null, ""detection_count"": 0, ""false_detection_count"": 0, ""input_sha256"": ""a99a1ac98a4d1bd21a2400e7623e07b63f25cc8a420f70dc4b68300893d18ae7"", ""truth_sha256"": ""f03c4b850ecdd6f36ec74c662985ef18ab631dbce6c7ff73967620bc1b47cda8"", ""window_bank_rate"": 0.0}"
external_trajectory,formal_evaluation:step_calibration_shift:05,step_calibration_shift,202607176202,0.024698893229166668,"{""adaptation_lag_decisions"": null, ""detection_count"": 0, ""false_detection_count"": 0, ""input_sha256"": ""b1d1d8dc3f94d674614448c19d9fbf830eb20eb042159d33c00e473ef0f80b68"", ""truth_sha256"": ""42aab1b88ef6dcf000550ee1e179187cc7b04db29e224b8ce9ff02ec62ca8586"", ""window_bank_rate"": 0.0}"
external_trajectory,formal_evaluation:step_calibration_shift:05,step_calibration_shift,202607176203,0.025980631510416668,"{""adaptation_lag_decisions"": null, ""detection_count"": 0, ""false_detection_count"": 0, ""input_sha256"": ""479253d431636aa7e473ddf50c04705ef819cfe7e1dfee4204fbbce598cd59f3"", ""truth_sha256"": ""41bf193384cf33a5ea3f9d2536f8099d24bcb608de00cdbb8c2b4ff9f972d125"", ""window_bank_rate"": 0.0}"
external_trajectory,formal_evaluation:step_calibration_shift:05,step_calibration_shift,202607176204,0.02532958984375,"{""adaptation_lag_decisions"": null, ""detection_count"": 0, ""false_detection_count"": 0, ""input_sha256"": ""937111af82f55c589e6a731be5e9b5b5279c2e317d1492baf0b6fe222fe58d49"", ""truth_sha256"": ""f2da6faf46fcfa46d8c487ecd298d1770c9b8c968a38c0215bed2b8f8d5c1881"", ""window_bank_rate"": 0.0}"
external_trajectory,formal_evaluation:step_calibration_shift:05,step_calibration_shift,202607176205,0.025390625,"{""adaptation_lag_decisions"": null, ""detection_count"": 0, ""false_detection_count"": 0, ""input_sha256"": ""67c6754dec48a6ac066ace2151f12f0ecdd06f2774c6cace9c2b3176746f25ce"", ""truth_sha256"": ""ed655dd637d42efa516b11510e3d8e1a6c1c02bb8e0f260143409187ed63e5a8"", ""window_bank_rate"": 0.0}"
external_trajectory,formal_evaluation:step_calibration_shift:05,step_calibration_shift,202607176206,0.02374267578125,"{""adaptation_lag_decisions"": null, ""detection_count"": 0, ""false_detection_count"": 0, ""input_sha256"": ""fefe78861ec6db75355e7bccac5c460f040386e7cd182ab3587f33ea3af10181"", ""truth_sha256"": ""5d64925c70601aa9f4ff449e089355cda5d903916977ce0c0e876ba9d13c17b3"", ""window_bank_rate"": 0.0}"
external_trajectory,formal_evaluation:step_calibration_shift:05,step_calibration_shift,202607176207,0.025248209635416668,"{""adaptation_lag_decisions"": null, ""detection_count"": 0, ""false_detection_count"": 0, ""input_sha256"": ""86edd1466762fa22e98eedc62324c385ca2804a3dbfae1810f35cc642dbe91c2"", ""truth_sha256"": ""18182de4f5b998d9a7db0a3a711a13fcf5bd7147785437e7d8b16cc34c50b721"", ""window_bank_rate"": 0.0}"
external_trajectory,formal_evaluation:step_calibration_shift:05,step_calibration_shift,202607176208,0.023274739583333332,"{""adaptation_lag_decisions"": null, ""detection_count"": 0, ""false_detection_count"": 0, ""input_sha256"": ""405b3ac99727727801b5b706833f018535eea285d69f20237d6cee7593c0c436"", ""truth_sha256"": ""cbed54db0b47a16a559bb9b9fff9a51e9ddbcfa7367eccbebf153f727607c940"", ""window_bank_rate"": 0.0}"
external_trajectory,formal_evaluation:step_calibration_shift:05,step_calibration_shift,202607176209,0.0245361328125,"{""adaptation_lag_decisions"": null, ""detection_count"": 0, ""false_detection_count"": 0, ""input_sha256"": ""306478400d1bcc53d0f0dc7ee38421bd44de0d1fd8fa938aac04c9aac22627a3"", ""truth_sha256"": ""e1741917f6b00a12dbd343cd71c5dfc1c8edb482eae6b02d09aaa648e83cf99a"", ""window_bank_rate"": 0.0}"
external_trajectory,formal_evaluation:step_calibration_shift:05,step_calibration_shift,202607176210,0.024759928385416668,"{""adaptation_lag_decisions"": null, ""detection_count"": 0, ""false_detection_count"": 0, ""input_sha256"": ""f8b6ae3b00d08d31017b15be970f431be6b42b5c8e93e8383c994d94df4dfed7"", ""truth_sha256"": ""c3e04daea9158e2238263b4bb582a6343ea891d8de85b3e3f2075a23cc7a88d3"", ""window_bank_rate"": 0.0}"
external_trajectory,formal_evaluation:step_calibration_shift:05,step_calibration_shift,202607176211,0.02532958984375,"{""adaptation_lag_decisions"": null, ""detection_count"": 0, ""false_detection_count"": 0, ""input_sha256"": ""7af3512585f5e889ae997d3e7a66da88aa9917881a237a3e6fc510763ac70994"", ""truth_sha256"": ""0a0bafb14ec6324a53a198d51df2581faba741e99bb1453cdea305f640715748"", ""window_bank_rate"": 0.0}"
external_trajectory,formal_evaluation:step_calibration_shift:05,step_calibration_shift,202607176212,0.022908528645833332,"{""adaptation_lag_decisions"": null, ""detection_count"": 0, ""false_detection_count"": 0, ""input_sha256"": ""1f953327afba8ce09e6f967937a56116f9518dc49a74d38df350e5f849e0a818"", ""truth_sha256"": ""a61ed860834df9b40592d944e08fdba4b3a9172312f8664b4b5b9338e517a64e"", ""window_bank_rate"": 0.0}"
external_trajectory,formal_evaluation:step_calibration_shift:05,step_calibration_shift,202607176213,0.025105794270833332,"{""adaptation_lag_decisions"": null, ""detection_count"": 0, ""false_detection_count"": 0, ""input_sha256"": ""149ae6a1d2a3c8dac05d514811d950be09693f1b58a588d331a273046fcbddcb"", ""truth_sha256"": ""61a33556f50697bab9302c46f39c03161cbee73bbe05c711e413dd0f85250bab"", ""window_bank_rate"": 0.0}"
external_trajectory,formal_evaluation:step_calibration_shift:05,step_calibration_shift,202607176214,0.024556477864583332,"{""adaptation_lag_decisions"": null, ""detection_count"": 0, ""false_detection_count"": 0, ""input_sha256"": ""b7205bf8624beeffd3ca0275f579af982a4cd076c84821c80daf2d629ece49d4"", ""truth_sha256"": ""09bea3a917996c64f4880143f5dcbd5c7d2e3c9d877ab013042c4e7521ee9013"", ""window_bank_rate"": 0.0}"
external_trajectory,formal_evaluation:step_calibration_shift:05,step_calibration_shift,202607176215,0.023946126302083332,"{""adaptation_lag_decisions"": null, ""detection_count"": 0, ""false_detection_count"": 0, ""input_sha256"": ""c8cf221cd619da41bbe71b700888f40293a1a838ca632c1b3248f5fa5552f607"", ""truth_sha256"": ""63f0c7e5613bfbfda021187529f0d197b53fd9807ba6c78ad6036bf8854c2a86"", ""window_bank_rate"": 0.0}"
external_trajectory,formal_evaluation:step_calibration_shift:05,step_calibration_shift,202607176216,0.02496337890625,"{""adaptation_lag_decisions"": null, ""detection_count"": 0, ""false_detection_count"": 0, ""input_sha256"": ""33b72d52705253110c7440d163a2475d0e068129f03dcba910c1ec48783c6eaf"", ""truth_sha256"": ""3c6a1884910d1bd21176790e1a5c23fc812b395bc78ed4893b3ce78edd017deb"", ""window_bank_rate"": 0.0}"
external_trajectory,formal_evaluation:step_calibration_shift:05,step_calibration_shift,202607176217,0.025146484375,"{""adaptation_lag_decisions"": null, ""detection_count"": 0, ""false_detection_count"": 0, ""input_sha256"": ""91447a4d23e9b67d599b178cbf0961df8bb74ac2ca716dfc537bef937cc5f2a2"", ""truth_sha256"": ""5af1ce683d8baecf698e06c1bda583515c8e9a533dc3fa8fba22d492be4e1b5e"", ""window_bank_rate"": 0.0}"
external_trajectory,formal_evaluation:step_calibration_shift:05,step_calibration_shift,202607176218,0.025838216145833332,"{""adaptation_lag_decisions"": null, ""detection_count"": 0, ""false_detection_count"": 0, ""input_sha256"": ""5ca0be55f915591c6a22bf729e7b2ae6b922744009e49fa2b68d123e89259cab"", ""truth_sha256"": ""99344c13477b1ff83d5ac2e849f8ec963dcb1a890bfc00c5fc89a46c13c8e4f0"", ""window_bank_rate"": 0.0}"
external_trajectory,formal_evaluation:step_calibration_shift:05,step_calibration_shift,202607176219,0.024576822916666668,"{""adaptation_lag_decisions"": null, ""detection_count"": 0, ""false_detection_count"": 0, ""input_sha256"": ""ad4c29279a1caa25867ae3e553f806d9b6dc144f03928d6fcf4e38ca2db589a9"", ""truth_sha256"": ""0aed62a7dc405754e173e39e8236d5136b68d100a881c1c54e100948739bd974"", ""window_bank_rate"": 0.0}"
external_trajectory,formal_evaluation:step_calibration_shift:05,step_calibration_shift,202607176220,0.024637858072916668,"{""adaptation_lag_decisions"": null, ""detection_count"": 0, ""false_detection_count"": 0, ""input_sha256"": ""c5346a6981c8d8e78ad50ea7d0442be59810fbe7453e4fe8a8207526660588d0"", ""truth_sha256"": ""8a63ae86c39f04139e01bc8588c9f704cbea6735d93f101f1747ef00e0063310"", ""window_bank_rate"": 0.0}"
external_trajectory,formal_evaluation:step_calibration_shift:05,step_calibration_shift,202607176221,0.024210611979166668,"{""adaptation_lag_decisions"": null, ""detection_count"": 0, ""false_detection_count"": 0, ""input_sha256"": ""cc5f0770129a913da98ed2d839f9a3139cd84922a254df11ba6e77a6250d51c0"", ""truth_sha256"": ""0dd4fe7ce72440379252961e631cb65038f8d54cbfec4707197c8a59e300b89e"", ""window_bank_rate"": 0.0}"
external_trajectory,formal_evaluation:step_calibration_shift:05,step_calibration_shift,202607176222,0.025146484375,"{""adaptation_lag_decisions"": null, ""detection_count"": 0, ""false_detection_count"": 0, ""input_sha256"": ""4c360d1cec8e5aee387c17e1df7040b829f0bf522b72c42a5253b2222df03e9e"", ""truth_sha256"": ""e725c694cd3ecbcdb1a68a1232806d113a72bbc0975ebb35c54feb220a24cd21"", ""window_bank_rate"": 0.0}"
external_trajectory,formal_evaluation:step_calibration_shift:05,step_calibration_shift,202607176223,0.025309244791666668,"{""adaptation_lag_decisions"": null, ""detection_count"": 0, ""false_detection_count"": 0, ""input_sha256"": ""c48be5cdde5362cdcbc224c470d9334e30306f59e55562f067e543a2c1f6be13"", ""truth_sha256"": ""b9f93180588dfbbbd486eab0139afb4019602edfdb6379351ca4ff119b5bb5ed"", ""window_bank_rate"": 0.0}"
external_trajectory,formal_evaluation:step_calibration_shift:05,step_calibration_shift,202607176224,0.025716145833333332,"{""adaptation_lag_decisions"": null, ""detection_count"": 0, ""false_detection_count"": 0, ""input_sha256"": ""0088d797116f60490268c56b94a03a3fdc7c28a8214fa0fa1ac47514cddb10ee"", ""truth_sha256"": ""521c96148ba8398dba616666060afaf50257514ce2f755926158cc03eb93f33c"", ""window_bank_rate"": 0.0}"
external_trajectory,formal_evaluation:telegraph_drift:00,telegraph_drift,202607176201,0.0006510416666666666,"{""adaptation_lag_decisions"": null, ""detection_count"": 0, ""false_detection_count"": 0, ""input_sha256"": ""c7a062c41099ca9db2b805cdc80ed2b6acabca5c4bf7ce3910634ba9b4e848b0"", ""truth_sha256"": ""abb0b7a7253944cda44150c70e0655df7c1769b65c24c806b35bb8272ca05e38"", ""window_bank_rate"": 0.0}"
external_trajectory,formal_evaluation:telegraph_drift:00,telegraph_drift,202607176202,0.00048828125,"{""adaptation_lag_decisions"": null, ""detection_count"": 0, ""false_detection_count"": 0, ""input_sha256"": ""40b3fe41c71bb868d95d014548d5b503b22ea167527278a6ddea7ccad281b4e5"", ""truth_sha256"": ""7c4b3c775b21cb34d4a4d1c897fd3275ce9c57fdc86efed1d214990a1285c48e"", ""window_bank_rate"": 0.0}"
external_trajectory,formal_evaluation:telegraph_drift:00,telegraph_drift,202607176203,0.0009969075520833333,"{""adaptation_lag_decisions"": null, ""detection_count"": 0, ""false_detection_count"": 0, ""input_sha256"": ""f4d0fd0541ccb8d8d84e18ac0142f5befaa62f718b0b236c69494b923fda81b9"", ""truth_sha256"": ""0ce998930cc7f334f041d06d51fa5b20e82d44cb6b13cfaca2428abaf984d169"", ""window_bank_rate"": 0.0}"
external_trajectory,formal_evaluation:telegraph_drift:00,telegraph_drift,202607176204,0.0006510416666666666,"{""adaptation_lag_decisions"": 320, ""detection_count"": 23, ""false_detection_count"": 4, ""input_sha256"": ""1d3093e2c2708a7e434b809fd24d9370875b5ee0308f88f9772d5683ac511ad1"", ""truth_sha256"": ""e30ab5a57d7303fcf93b75422baa148af7a4e1d7eda0e877783fbd4b06454a99"", ""window_bank_rate"": 0.9205729166666666}"
external_trajectory,formal_evaluation:telegraph_drift:00,telegraph_drift,202607176205,0.0006306966145833334,"{""adaptation_lag_decisions"": null, ""detection_count"": 0, ""false_detection_count"": 0, ""input_sha256"": ""b8e42f6c7a8ba5571c7b2806c82ee911295809507bc70d483949b259dd94e164"", ""truth_sha256"": ""b0343fd1f525a491d953724212f5cacaf51a377243935838536fdccd5ce8c198"", ""window_bank_rate"": 0.0}"
external_trajectory,formal_evaluation:telegraph_drift:00,telegraph_drift,202607176206,0.0009765625,"{""adaptation_lag_decisions"": null, ""detection_count"": 0, ""false_detection_count"": 0, ""input_sha256"": ""14b562e0001ac5dcdc9aa0ed8967085d4b6544d4548512d138817d9ded26a154"", ""truth_sha256"": ""c4187bc8bd5cddc627f7bc94b87f229a140cfbbf0613c87908de2e55f24d4075"", ""window_bank_rate"": 0.0}"
external_trajectory,formal_evaluation:telegraph_drift:00,telegraph_drift,202607176207,0.0004475911458333333,"{""adaptation_lag_decisions"": null, ""detection_count"": 0, ""false_detection_count"": 0, ""input_sha256"": ""0a79a638d3426488a983f8c01443910a7d5260ddd975b02df3b4c0fc08f761b5"", ""truth_sha256"": ""fdb1516dabba2a14820afbe077b6d59d365a70ac37787b4205a4d97df6d51f89"", ""window_bank_rate"": 0.0}"
external_trajectory,formal_evaluation:telegraph_drift:00,telegraph_drift,202607176208,0.0003865559895833333,"{""adaptation_lag_decisions"": null, ""detection_count"": 0, ""false_detection_count"": 0, ""input_sha256"": ""8df90853a0f433a337156c25117f96e4880248864fc2443a6b4fcc9e42cea378"", ""truth_sha256"": ""8d7ef85e81a0e347b0c5c9f3175ca9e82613b04fec5e652bc4af8926ea471395"", ""window_bank_rate"": 0.0}"
external_trajectory,formal_evaluation:telegraph_drift:00,telegraph_drift,202607176209,0.0011393229166666667,"{""adaptation_lag_decisions"": null, ""detection_count"": 0, ""false_detection_count"": 0, ""input_sha256"": ""d70744e7abc83fa198245e74a319fdbc8a0aece551879d4332133273ce90af0b"", ""truth_sha256"": ""25592f47b444d5456deccf00ecd385ce41ca28483a5916fcf15693299046617d"", ""window_bank_rate"": 0.0}"
external_trajectory,formal_evaluation:telegraph_drift:00,telegraph_drift,202607176210,0.0007120768229166666,"{""adaptation_lag_decisions"": null, ""detection_count"": 0, ""false_detection_count"": 0, ""input_sha256"": ""42248ab98c4dc2a2c7da6d69582a3c0add891876bced7d0c5793e1ce855d8f14"", ""truth_sha256"": ""d6650510edd2d23d10d9f7850a4db98fed4c48475d25c2109c97bc3216054eac"", ""window_bank_rate"": 0.0}"
external_trajectory,formal_evaluation:telegraph_drift:00,telegraph_drift,202607176211,0.0009358723958333334,"{""adaptation_lag_decisions"": 832, ""detection_count"": 23, ""false_detection_count"": 0, ""input_sha256"": ""de060b8daf3763e79439e60f79818b79d14c448b11a0cd84b0b2f0f77d344f37"", ""truth_sha256"": ""c99790c5ea9dd12cf1b1ad101b2613c22f041b6f94a58670c8a7fe4572f5a669"", ""window_bank_rate"": 0.9205729166666666}"
external_trajectory,formal_evaluation:telegraph_drift:00,telegraph_drift,202607176212,0.0008341471354166666,"{""adaptation_lag_decisions"": null, ""detection_count"": 0, ""false_detection_count"": 0, ""input_sha256"": ""4b7c9a1be7ea23d6970b1e58bc836572a955614719c2da79aaf0436dad021437"", ""truth_sha256"": ""b4445c8e3a9ddf8a10ebb667cbb618a3dbef982522f43c48356babe14097017e"", ""window_bank_rate"": 0.0}"
external_trajectory,formal_evaluation:telegraph_drift:00,telegraph_drift,202607176213,0.00103759765625,"{""adaptation_lag_decisions"": null, ""detection_count"": 0, ""false_detection_count"": 0, ""input_sha256"": ""db20912d8bf6e690bdb8823c5791007e342473fa3049514c1c132f92398fc669"", ""truth_sha256"": ""ad29c1d76644a76473dc093d6ccda43e5dd9a4c8c752e5d9332f306d27bcbba8"", ""window_bank_rate"": 0.0}"
external_trajectory,formal_evaluation:telegraph_drift:00,telegraph_drift,202607176214,0.0010172526041666667,"{""adaptation_lag_decisions"": 368, ""detection_count"": 24, ""false_detection_count"": 0, ""input_sha256"": ""0687ae360be2cf89eadb575c267db1b7f49de36a7aee9cf7ff2264863df8a4c9"", ""truth_sha256"": ""28a1fe652a4d8f07e93219c93e90d0f97bfb2eff822e9021b0eefc72d546171a"", ""window_bank_rate"": 0.9612630208333334}"
external_trajectory,formal_evaluation:telegraph_drift:00,telegraph_drift,202607176215,0.0007731119791666666,"{""adaptation_lag_decisions"": null, ""detection_count"": 0, ""false_detection_count"": 0, ""input_sha256"": ""d17261c42783208d41a13a48aa757f1f9b2b6378ef0a9284c9d29f6dd53bc204"", ""truth_sha256"": ""63b53868191f249d0ffec8416a46b1e84746a39802447a2a68444211fd79ea71"", ""window_bank_rate"": 0.0}"
external_trajectory,formal_evaluation:telegraph_drift:00,telegraph_drift,202607176216,0.00091552734375,"{""adaptation_lag_decisions"": null, ""detection_count"": 0, ""false_detection_count"": 0, ""input_sha256"": ""94299f9aa93ae780e5273865d9eb5542b86312d3f77d17dae030226d6582fac7"", ""truth_sha256"": ""c9357c3ec46ee3f10979d072ecf620590689fa6fd1e852c844ae2cdd543cf1d4"", ""window_bank_rate"": 0.0}"
external_trajectory,formal_evaluation:telegraph_drift:00,telegraph_drift,202607176217,0.0009562174479166666,"{""adaptation_lag_decisions"": 368, ""detection_count"": 24, ""false_detection_count"": 5, ""input_sha256"": ""12b855a2bd9b02962d2b5d970055b7a66db3fbbd3b99608fe86ac985928e5a7f"", ""truth_sha256"": ""8f71b2e2d147a6042c1fef227bcf01a5d8faf8a2c605e6b7d224a66db1f16b01"", ""window_bank_rate"": 0.9612630208333334}"
external_trajectory,formal_evaluation:telegraph_drift:00,telegraph_drift,202607176218,0.0008748372395833334,"{""adaptation_lag_decisions"": null, ""detection_count"": 0, ""false_detection_count"": 0, ""input_sha256"": ""5171c2ab38088ae7eeee28cc6bb14ac24b3a625a182dba474015e4b6a9d06e6a"", ""truth_sha256"": ""e6b8e69603033fc6dcf367c5e7ed50884be4fdb72f847d2e91e11cf9e7f2dba4"", ""window_bank_rate"": 0.0}"
external_trajectory,formal_evaluation:telegraph_drift:00,telegraph_drift,202607176219,0.0006103515625,"{""adaptation_lag_decisions"": null, ""detection_count"": 0, ""false_detection_count"": 0, ""input_sha256"": ""cc16ee21f116ea66b0a66028169b6b15a8b5a25e89a205b51b948bc0c6f367e6"", ""truth_sha256"": ""7f2f96db88c79e0deefed6fa28250a03e1d8e75a9c3df8fef96bb40702a08c1c"", ""window_bank_rate"": 0.0}"
external_trajectory,formal_evaluation:telegraph_drift:00,telegraph_drift,202607176220,0.0001220703125,"{""adaptation_lag_decisions"": null, ""detection_count"": 0, ""false_detection_count"": 0, ""input_sha256"": ""0b0c9941a0d7c8294f9a1e16f121bea5fa0036abb0dd5f7da5950422625a60cb"", ""truth_sha256"": ""267afa95a1981433093e79858cc5187ad11e19cc54788b8e50d63f7c0fc2a6e1"", ""window_bank_rate"": 0.0}"
external_trajectory,formal_evaluation:telegraph_drift:00,telegraph_drift,202607176221,0.0013020833333333333,"{""adaptation_lag_decisions"": null, ""detection_count"": 0, ""false_detection_count"": 0, ""input_sha256"": ""e452ea686b9e6dd9d3a995969269aff93405cb34ea643def04f0e4ebee16956a"", ""truth_sha256"": ""365d5eda11a5e0c2f158bb9aa6e81100b10bf8b43ae1a50e28226d5f87890afc"", ""window_bank_rate"": 0.0}"
external_trajectory,formal_evaluation:telegraph_drift:00,telegraph_drift,202607176222,0.00067138671875,"{""adaptation_lag_decisions"": null, ""detection_count"": 0, ""false_detection_count"": 0, ""input_sha256"": ""48225eaf2db3bf79f0119863901d918eb1304303d23643a66e61e5462478c754"", ""truth_sha256"": ""7fbd67740a991c70b4c15ad635741ab0f4e68975993703fa955a6b9d2b2119cb"", ""window_bank_rate"": 0.0}"
external_trajectory,formal_evaluation:telegraph_drift:00,telegraph_drift,202607176223,0.0009562174479166666,"{""adaptation_lag_decisions"": null, ""detection_count"": 0, ""false_detection_count"": 0, ""input_sha256"": ""5cb82512403e09767240f8b51aed7e9c495e654cc053dd675953820164713467"", ""truth_sha256"": ""eca6cba6d83556ca9d5880d15bd3194044d2860fbe53ae2318b64bb7dbf537ad"", ""window_bank_rate"": 0.0}"
external_trajectory,formal_evaluation:telegraph_drift:00,telegraph_drift,202607176224,0.00010172526041666667,"{""adaptation_lag_decisions"": 5904, ""detection_count"": 22, ""false_detection_count"": 22, ""input_sha256"": ""56171ddc942b98f21c2b4594bea9c6c46383b36789b274b71fcccfc46923c675"", ""truth_sha256"": ""1af0942efdff28332df87e42d8c8ddf53da8b2ee59df882c8cae9a3fccfadfad"", ""window_bank_rate"": 0.8798828125}"
external_trajectory,formal_evaluation:telegraph_drift:05,telegraph_drift,202607176201,0.0101318359375,"{""adaptation_lag_decisions"": null, ""detection_count"": 0, ""false_detection_count"": 0, ""input_sha256"": ""d92bbc385a977e66d582fd953f121d7700698cf1cce99272223d050319db56e6"", ""truth_sha256"": ""c0d2ec90b3628fe6e01e4dc06d6b941f1ed59293d76e4ba54ef2e68e9cc39fc4"", ""window_bank_rate"": 0.0}"
external_trajectory,formal_evaluation:telegraph_drift:05,telegraph_drift,202607176202,0.023030598958333332,"{""adaptation_lag_decisions"": null, ""detection_count"": 0, ""false_detection_count"": 0, ""input_sha256"": ""0bd9cead22cb2cafe4dd1ffaef1128e291feb19cfd55c0b48ffbdc0265bbdda7"", ""truth_sha256"": ""719b850a697c1457469331cdce6dba1fc15c5cc7f9a5ae1ac5598281a2c829d6"", ""window_bank_rate"": 0.0}"
external_trajectory,formal_evaluation:telegraph_drift:05,telegraph_drift,202607176203,0.0035807291666666665,"{""adaptation_lag_decisions"": null, ""detection_count"": 0, ""false_detection_count"": 0, ""input_sha256"": ""0d07d280c55178fc79721b82e9cd5c2d37dd70d0edd0b52471218f89d7e0f54c"", ""truth_sha256"": ""1a8b829ec012ca0666278d72cb2a744983081e8f67610384e6d6a245ea995de2"", ""window_bank_rate"": 0.0}"
external_trajectory,formal_evaluation:telegraph_drift:05,telegraph_drift,202607176204,0.0181884765625,"{""adaptation_lag_decisions"": null, ""detection_count"": 0, ""false_detection_count"": 0, ""input_sha256"": ""e8b1d8611e24aaf5ff570157f63627ebc758ab7d84b0af4dd25e2cb5433c8e0f"", ""truth_sha256"": ""efde9ba7b995945e00fd55b2db3acfac97486c1a3fd5dbfc68db034d5491959f"", ""window_bank_rate"": 0.0}"
external_trajectory,formal_evaluation:telegraph_drift:05,telegraph_drift,202607176205,0.019775390625,"{""adaptation_lag_decisions"": null, ""detection_count"": 0, ""false_detection_count"": 0, ""input_sha256"": ""2624940b1effd7f67e02be2b66f9fcd828b0d569017505422fc9f593ad063c58"", ""truth_sha256"": ""9e11b3e48cf5d98d7d9ee211db4b852a025615ffa706a15abba354b43fd01d22"", ""window_bank_rate"": 0.0}"
external_trajectory,formal_evaluation:telegraph_drift:05,telegraph_drift,202607176206,0.0179443359375,"{""adaptation_lag_decisions"": null, ""detection_count"": 0, ""false_detection_count"": 0, ""input_sha256"": ""047646855affc6e9bf01fdb4ab2a6b952aa8887188f8aff23a35f51ef99935c4"", ""truth_sha256"": ""efa5fc63a54bc5c851bbc7b5aa36ce8f1aa352d5409ca78fd251186f65d52c03"", ""window_bank_rate"": 0.0}"
external_trajectory,formal_evaluation:telegraph_drift:05,telegraph_drift,202607176207,0.0111083984375,"{""adaptation_lag_decisions"": null, ""detection_count"": 0, ""false_detection_count"": 0, ""input_sha256"": ""a826ca0aad837e18b28720366f533ba38e2c1764e1e0ad6a12c8df20da12ebef"", ""truth_sha256"": ""f0093adc23913c959e536cd16c56699d1c763a3648abe6045b84f6ca0c4b7143"", ""window_bank_rate"": 0.0}"
external_trajectory,formal_evaluation:telegraph_drift:05,telegraph_drift,202607176208,0.0016886393229166667,"{""adaptation_lag_decisions"": null, ""detection_count"": 0, ""false_detection_count"": 0, ""input_sha256"": ""0057b309acf5e90d4d5efac185da02ec8450e764b2bfee35c128dd27cc662bc9"", ""truth_sha256"": ""6200333fe7b6f0c7bdea2e46d4ae66f6ee87cccec48f3b1cb8cda1eb29a85472"", ""window_bank_rate"": 0.0}"
external_trajectory,formal_evaluation:telegraph_drift:05,telegraph_drift,202607176209,0.012552897135416666,"{""adaptation_lag_decisions"": null, ""detection_count"": 0, ""false_detection_count"": 0, ""input_sha256"": ""6543ed22ff74beeef81ce725cf6f16b746e4c676efd7db51d2d00d4a1cd628ad"", ""truth_sha256"": ""f4c0c64ea481566e164cbf119423055d9823f73a259ba75503e0d9441cbe3f81"", ""window_bank_rate"": 0.0}"
external_trajectory,formal_evaluation:telegraph_drift:05,telegraph_drift,202607176210,0.025126139322916668,"{""adaptation_lag_decisions"": null, ""detection_count"": 0, ""false_detection_count"": 0, ""input_sha256"": ""07b15bce1101f246d16b5eb807507c4885db2c96c70d516f03c032100d18999f"", ""truth_sha256"": ""9849ab3cfdf873423284f9857340448efe44ead966c5c1924bf5da3ae3df0000"", ""window_bank_rate"": 0.0}"
external_trajectory,formal_evaluation:telegraph_drift:05,telegraph_drift,202607176211,0.0023600260416666665,"{""adaptation_lag_decisions"": null, ""detection_count"": 0, ""false_detection_count"": 0, ""input_sha256"": ""f175d1296529587f7c53557ba88c6d57db03ff0063d8f5b0a0fb2d918d425837"", ""truth_sha256"": ""f758f8fa7ccc7f1ff07b53622dc087fdb4c9e273ba958a23863161de8b1979c2"", ""window_bank_rate"": 0.0}"
external_trajectory,formal_evaluation:telegraph_drift:05,telegraph_drift,202607176212,0.00836181640625,"{""adaptation_lag_decisions"": null, ""detection_count"": 0, ""false_detection_count"": 0, ""input_sha256"": ""31e09d33ca21874b0a7fe94536df2ed7af153ae5c5593f7ceef75e5511099a4c"", ""truth_sha256"": ""69b2ebd82253723216606e66e4177a98e293bb55b743752129b9ef975ead554d"", ""window_bank_rate"": 0.0}"
external_trajectory,formal_evaluation:telegraph_drift:05,telegraph_drift,202607176213,0.022054036458333332,"{""adaptation_lag_decisions"": null, ""detection_count"": 0, ""false_detection_count"": 0, ""input_sha256"": ""e591754398eb0d8bf2c29044b9851b067e2b481d28ffe10cb06a1753b6d9a96f"", ""truth_sha256"": ""d88c1536c40169b7a3b3e485ed402fca3a1aac30747a799e22b5bfd933f45097"", ""window_bank_rate"": 0.0}"
external_trajectory,formal_evaluation:telegraph_drift:05,telegraph_drift,202607176214,0.0186767578125,"{""adaptation_lag_decisions"": null, ""detection_count"": 0, ""false_detection_count"": 0, ""input_sha256"": ""91866ec18870ac99cc954e87af2e3f206f37b5a1b6b86c6e7f5dbfb48513673a"", ""truth_sha256"": ""2c23137ce9ae560602197b0df1a1d39c16eeb8cc0c34d31de99c958663f2c17a"", ""window_bank_rate"": 0.0}"
external_trajectory,formal_evaluation:telegraph_drift:05,telegraph_drift,202607176215,0.009908040364583334,"{""adaptation_lag_decisions"": 8832, ""detection_count"": 19, ""false_detection_count"": 9, ""input_sha256"": ""8f5760b06a008364c579ab67bb5863bd76391362bb2a4755689a858740e77dbc"", ""truth_sha256"": ""dc338c158b7089690788b086dc074f319c8212962e411e84ca27d7299b0b82b7"", ""window_bank_rate"": 0.7578125}"
external_trajectory,formal_evaluation:telegraph_drift:05,telegraph_drift,202607176216,0.020833333333333332,"{""adaptation_lag_decisions"": null, ""detection_count"": 0, ""false_detection_count"": 0, ""input_sha256"": ""8695a8242740592e26a526d89e1afe1806db859ac7f8299d47e5f341beee138d"", ""truth_sha256"": ""d7b4b2484ed95d9c453a94bc65458866204e244a724dbcb3ec5685333d63bda5"", ""window_bank_rate"": 0.0}"
external_trajectory,formal_evaluation:telegraph_drift:05,telegraph_drift,202607176217,0.009806315104166666,"{""adaptation_lag_decisions"": null, ""detection_count"": 0, ""false_detection_count"": 0, ""input_sha256"": ""c8d2d4d56960fb627a3d00f17f8ddd88d1f9324751dbf500e565178986e813e8"", ""truth_sha256"": ""e3bc62aec02ebe171c500ca08853bf3e22d5a391aaefd9682f44eae826d1b519"", ""window_bank_rate"": 0.0}"
external_trajectory,formal_evaluation:telegraph_drift:05,telegraph_drift,202607176218,0.008321126302083334,"{""adaptation_lag_decisions"": 33904, ""detection_count"": 8, ""false_detection_count"": 3, ""input_sha256"": ""30155809c9db01d067834219f4a2c85d324c474539d55ace7a7962be3eb9d6fc"", ""truth_sha256"": ""e99d0a3a297a7191938c18303f84ac0ed3e738e3a7f2ffb5c4f1e937ba95e025"", ""window_bank_rate"": 0.3102213541666667}"
external_trajectory,formal_evaluation:telegraph_drift:05,telegraph_drift,202607176219,0.0022989908854166665,"{""adaptation_lag_decisions"": null, ""detection_count"": 0, ""false_detection_count"": 0, ""input_sha256"": ""0e7e7faa2a99d3d702996bd87f2f893e577c8cdee4f25ad2d9f6a7627aecd3d1"", ""truth_sha256"": ""6c4389756abe0aed09d476fbbb181b8fc2addcfb12fc5f3fd020c30961820216"", ""window_bank_rate"": 0.0}"
external_trajectory,formal_evaluation:telegraph_drift:05,telegraph_drift,202607176220,0.008951822916666666,"{""adaptation_lag_decisions"": null, ""detection_count"": 0, ""false_detection_count"": 0, ""input_sha256"": ""df6113bfdaf64e07c97781fe8b97d2658c6563b653686bce507e001f525b9c24"", ""truth_sha256"": ""ede817fcaae32d0e0849e19ebb2236f8b754dbf8682e068afd487dc0f2873114"", ""window_bank_rate"": 0.0}"
external_trajectory,formal_evaluation:telegraph_drift:05,telegraph_drift,202607176221,0.011372884114583334,"{""adaptation_lag_decisions"": null, ""detection_count"": 0, ""false_detection_count"": 0, ""input_sha256"": ""db6d8f5a1bdf33f3ccb15aa730fd0fcb3be8d035ad0b8075275f323b54941c5d"", ""truth_sha256"": ""5e9035f559f2e235a108decc8a4c6b64bc1a7fba0eaf5161729530938ffd3a6a"", ""window_bank_rate"": 0.0}"
external_trajectory,formal_evaluation:telegraph_drift:05,telegraph_drift,202607176222,0.020243326822916668,"{""adaptation_lag_decisions"": 29392, ""detection_count"": 10, ""false_detection_count"": 0, ""input_sha256"": ""606c3d0b08b94ac5b9b4eb39509eb1f3f8a539d2dcb429f8bc64836b9d52afbd"", ""truth_sha256"": ""8475c51ff2e9150676c840580c3844a56c14f85907ad560e0aacd5e6d66495c4"", ""window_bank_rate"": 0.3916015625}"
external_trajectory,formal_evaluation:telegraph_drift:05,telegraph_drift,202607176223,0.025044759114583332,"{""adaptation_lag_decisions"": null, ""detection_count"": 0, ""false_detection_count"": 0, ""input_sha256"": ""e4dc5af0706befb68e4d2a794bfc8b00a4128c7c64083ed0cf19f54a1d019a2e"", ""truth_sha256"": ""3de8bed3f8b8fe5160196dc8d11b02dd4c2ffc13233d686219086694c0a164cc"", ""window_bank_rate"": 0.0}"
external_trajectory,formal_evaluation:telegraph_drift:05,telegraph_drift,202607176224,0.004109700520833333,"{""adaptation_lag_decisions"": 2368, ""detection_count"": 23, ""false_detection_count"": 17, ""input_sha256"": ""6c437d681eedb6ed64aebd11a1842c3874cbd9a60ceab2b943b7bd53146489d0"", ""truth_sha256"": ""137288921675373f848ff3100a16a6faa5a6088d10773a4f0904ba681ac864fe"", ""window_bank_rate"": 0.9205729166666666}"
external_trajectory,formal_evaluation:variance_drift:00,variance_drift,202607176201,0.00020345052083333334,"{""adaptation_lag_decisions"": 33904, ""detection_count"": 8, ""false_detection_count"": 0, ""input_sha256"": ""758beaf5f3c4d21f936c92f841752eb1f00eac78281d672d97ed25de3e222136"", ""truth_sha256"": ""4406b32da6a9479bb25f0f8aced04cb996992061679b4173f91823497485548a"", ""window_bank_rate"": 0.3102213541666667}"
external_trajectory,formal_evaluation:variance_drift:00,variance_drift,202607176202,0.00018310546875,"{""adaptation_lag_decisions"": 27904, ""detection_count"": 11, ""false_detection_count"": 0, ""input_sha256"": ""582015ef5d9b09004f303f120815c1c3eb6daba259a23fde07b297a42aa89e56"", ""truth_sha256"": ""61289064e8ffe7ae2976a2d6985bb38a51746c47de475a8d1d89a907d5def2e3"", ""window_bank_rate"": 0.4322916666666667}"
external_trajectory,formal_evaluation:variance_drift:00,variance_drift,202607176203,0.00014241536458333334,"{""adaptation_lag_decisions"": 27904, ""detection_count"": 11, ""false_detection_count"": 0, ""input_sha256"": ""5d6cbf360948edea6cfd5b28c12ce9b7a61ee3f34bad135b534bd174effdddc0"", ""truth_sha256"": ""3f2898fbbbd5e3a1f01161173be5b82976c9b50e971782ca19ace0514b186788"", ""window_bank_rate"": 0.4322916666666667}"
external_trajectory,formal_evaluation:variance_drift:00,variance_drift,202607176204,0.00014241536458333334,"{""adaptation_lag_decisions"": 29904, ""detection_count"": 10, ""false_detection_count"": 0, ""input_sha256"": ""820e26059d15dd28c21e49289d309b79398e9ba29cae21721d609d8125d02ce0"", ""truth_sha256"": ""2cb2120d491b78d89e7550699c835c497c2c442d38c84dbc9e6605f68464fe18"", ""window_bank_rate"": 0.3916015625}"
external_trajectory,formal_evaluation:variance_drift:00,variance_drift,202607176205,0.00014241536458333334,"{""adaptation_lag_decisions"": 35904, ""detection_count"": 7, ""false_detection_count"": 0, ""input_sha256"": ""549258e3f782278b375820136d1acd84b42b171ce3102d39b7ddc2b56fa78cc7"", ""truth_sha256"": ""1865e0ba9ab6ea97652eef0ddfd84bca09b97032b718da8f0582c3ae9307807a"", ""window_bank_rate"": 0.26953125}"
external_trajectory,formal_evaluation:variance_drift:00,variance_drift,202607176206,6.103515625e-05,"{""adaptation_lag_decisions"": 27904, ""detection_count"": 11, ""false_detection_count"": 0, ""input_sha256"": ""b8b4224382bcac9cccc60ac6bb8beac6537bbf61b9688fe62fcbf150745f5004"", ""truth_sha256"": ""ce92195737e78f736918a061d5d6a09e0a377f31cb3566fb254dd7d1a556702f"", ""window_bank_rate"": 0.4322916666666667}"
external_trajectory,formal_evaluation:variance_drift:00,variance_drift,202607176207,0.0002848307291666667,"{""adaptation_lag_decisions"": 29904, ""detection_count"": 10, ""false_detection_count"": 0, ""input_sha256"": ""0dd19d09dc1246aa9b9cc57faddfa6738ef066789b35260f9d202d1baf24b485"", ""truth_sha256"": ""2e0c1f25c5e4d8d6f658baf4018eb8afd09b1d91fe48e2f68acbbbc5a7f62c32"", ""window_bank_rate"": 0.3916015625}"
external_trajectory,formal_evaluation:variance_drift:00,variance_drift,202607176208,0.00020345052083333334,"{""adaptation_lag_decisions"": 29904, ""detection_count"": 10, ""false_detection_count"": 0, ""input_sha256"": ""b4f221f31aff7d9cc9e76eef662b00882d295cccf3bc2eabb4d3d51a5c170ec4"", ""truth_sha256"": ""66a70249cc6651fa53d2320ff6f41400e6b5824f514f298d19ef2da72e1ad942"", ""window_bank_rate"": 0.3916015625}"
external_trajectory,formal_evaluation:variance_drift:00,variance_drift,202607176209,0.00016276041666666666,"{""adaptation_lag_decisions"": 27904, ""detection_count"": 11, ""false_detection_count"": 0, ""input_sha256"": ""3f69a7a16cf8315bc09aa485074a9b079ffb13c3aab6a60e2f2efce7584205fc"", ""truth_sha256"": ""4b79a1c4ed0dabbf8b96577d5431193caafe4061b7859da4e695eae173522402"", ""window_bank_rate"": 0.4322916666666667}"
external_trajectory,formal_evaluation:variance_drift:00,variance_drift,202607176210,0.00014241536458333334,"{""adaptation_lag_decisions"": 27904, ""detection_count"": 11, ""false_detection_count"": 0, ""input_sha256"": ""259755ef40cc5f1c31ce939f53fece4f50791fbf571d073e966114f53395c7aa"", ""truth_sha256"": ""71595f70c94bbc815689840ebe4c1285026f28ccdc8f266b95ce2ff47bf384f5"", ""window_bank_rate"": 0.4322916666666667}"
external_trajectory,formal_evaluation:variance_drift:00,variance_drift,202607176211,0.00010172526041666667,"{""adaptation_lag_decisions"": 31904, ""detection_count"": 9, ""false_detection_count"": 0, ""input_sha256"": ""347648df18652ee6c5c9eaca26ff8ca531e4f71b5bae62890e9995a6477a9787"", ""truth_sha256"": ""3c1d3f3c7ac262a236f883e160073fe61e843c2780aef7c3637c34ce39610e44"", ""window_bank_rate"": 0.3509114583333333}"
external_trajectory,formal_evaluation:variance_drift:00,variance_drift,202607176212,0.000244140625,"{""adaptation_lag_decisions"": 25904, ""detection_count"": 12, ""false_detection_count"": 0, ""input_sha256"": ""52e1d98fda1f20e124fa2b7ee8f962551d4a5442fb6b2479717e3bf964ebc67c"", ""truth_sha256"": ""991bc395712d29838d09450e2f9dfd306b14ab9bf40765f6ac0efb11e6699807"", ""window_bank_rate"": 0.4729817708333333}"
external_trajectory,formal_evaluation:variance_drift:00,variance_drift,202607176213,0.00020345052083333334,"{""adaptation_lag_decisions"": 29904, ""detection_count"": 10, ""false_detection_count"": 0, ""input_sha256"": ""3fcdb545ee18069b2ea354c5d2dcaa395189b47849ee2aedd56af6653c272db2"", ""truth_sha256"": ""95ffaa5bcd94273b4fceba8624886fdb482e26f38de60a3f690cb7b73b8ec2aa"", ""window_bank_rate"": 0.3916015625}"
external_trajectory,formal_evaluation:variance_drift:00,variance_drift,202607176214,0.00016276041666666666,"{""adaptation_lag_decisions"": 29904, ""detection_count"": 10, ""false_detection_count"": 0, ""input_sha256"": ""ffc7dfa14bad3ea3019a114bb222bd4d45cff5ab6ec3a4fc5aca79caeab78a0b"", ""truth_sha256"": ""9ff6faa5c3487b2f0b110d153db505e363f2e60058d417ad55265b8432371ac6"", ""window_bank_rate"": 0.3916015625}"
external_trajectory,formal_evaluation:variance_drift:00,variance_drift,202607176215,0.00020345052083333334,"{""adaptation_lag_decisions"": 29904, ""detection_count"": 10, ""false_detection_count"": 0, ""input_sha256"": ""e26641d27510ec5c21802af16899c804dda32588cc40abf9c89575b4a0981c08"", ""truth_sha256"": ""83a5869149fc924aba08c73d8aeb97cff949efc2bbb7cac14ce208fb09d93bde"", ""window_bank_rate"": 0.3916015625}"
external_trajectory,formal_evaluation:variance_drift:00,variance_drift,202607176216,8.138020833333333e-05,"{""adaptation_lag_decisions"": 31904, ""detection_count"": 9, ""false_detection_count"": 0, ""input_sha256"": ""7b306569033791045bf7637233007a82795dcd576ae40d20a1ec455c380b9fd9"", ""truth_sha256"": ""381a36c7e7ee61491c44c9d39bce98e3ec3e7c282170d37c4b86234b2d5915b3"", ""window_bank_rate"": 0.3509114583333333}"
external_trajectory,formal_evaluation:variance_drift:00,variance_drift,202607176217,0.00018310546875,"{""adaptation_lag_decisions"": 27904, ""detection_count"": 11, ""false_detection_count"": 0, ""input_sha256"": ""cf19fec6b09bcb1fd7a731b2a05e610976bd6ac0b3ab83481b6cb5d2035ce11d"", ""truth_sha256"": ""8286af08ad5d0258bcb211b83f770f1689bc333f83da425900efed48b8a41687"", ""window_bank_rate"": 0.4322916666666667}"
external_trajectory,formal_evaluation:variance_drift:00,variance_drift,202607176218,0.00016276041666666666,"{""adaptation_lag_decisions"": 27904, ""detection_count"": 11, ""false_detection_count"": 0, ""input_sha256"": ""b27897154529231ff9ac15d193eaf8f9089a4ac8983d227487affa6368ce4491"", ""truth_sha256"": ""2b47ab59b54b9fbc2929b52e0ec99c7b87ed609514a4290815a02cfa0bfac4ec"", ""window_bank_rate"": 0.4322916666666667}"
external_trajectory,formal_evaluation:variance_drift:00,variance_drift,202607176219,0.00018310546875,"{""adaptation_lag_decisions"": 27904, ""detection_count"": 11, ""false_detection_count"": 0, ""input_sha256"": ""d9cc598f599c7d8ceea67feca328fc30535aad379defccecf1722f0d5449f9df"", ""truth_sha256"": ""fd5daa6f6c73d90d65beefe20697ea89a73a33a0aa57436f377f676c0448a5cf"", ""window_bank_rate"": 0.4322916666666667}"
external_trajectory,formal_evaluation:variance_drift:00,variance_drift,202607176220,0.00022379557291666666,"{""adaptation_lag_decisions"": 31904, ""detection_count"": 9, ""false_detection_count"": 0, ""input_sha256"": ""776ad2be66138a4785889ec39ab0b0a313a9d9f7c7793b317b17b1d153312de5"", ""truth_sha256"": ""1d3b0ff760a65430f83c2967d1edc212d7c4a350f07e7819ff87d9767b197e38"", ""window_bank_rate"": 0.3509114583333333}"
external_trajectory,formal_evaluation:variance_drift:00,variance_drift,202607176221,0.0002644856770833333,"{""adaptation_lag_decisions"": 25904, ""detection_count"": 12, ""false_detection_count"": 0, ""input_sha256"": ""1c44995efc0e4b32d625d7db11da332c55100a8c282fe51477f7fad62b72bf58"", ""truth_sha256"": ""557a4d902a6084a6d278ed25c07b16e4641f6f18050823d1278ebffe8d0bb477"", ""window_bank_rate"": 0.4729817708333333}"
external_trajectory,formal_evaluation:variance_drift:00,variance_drift,202607176222,8.138020833333333e-05,"{""adaptation_lag_decisions"": 35904, ""detection_count"": 7, ""false_detection_count"": 0, ""input_sha256"": ""b315c033e0bd6cbec50717db230d9a06dc6ec6525f18a119589deb70f2164cad"", ""truth_sha256"": ""2d36b451a08845c34ad937f7926da7aa0c655d429087e8f6c2a008ebb7e96092"", ""window_bank_rate"": 0.26953125}"
external_trajectory,formal_evaluation:variance_drift:00,variance_drift,202607176223,0.00020345052083333334,"{""adaptation_lag_decisions"": 25904, ""detection_count"": 12, ""false_detection_count"": 0, ""input_sha256"": ""05ae77da92f12117d3636fbf88a681810a63ad9a64a126ef86e8024c30823bbf"", ""truth_sha256"": ""d68978cdd57e6d6d641f7cb842a18569008d4e362dd9d92a89b807668e0382b8"", ""window_bank_rate"": 0.4729817708333333}"
external_trajectory,formal_evaluation:variance_drift:00,variance_drift,202607176224,0.00020345052083333334,"{""adaptation_lag_decisions"": 33904, ""detection_count"": 8, ""false_detection_count"": 0, ""input_sha256"": ""d362c41dd4a23ee30c951d1680cccc09313c8cbe42873011b918cb1e581f6962"", ""truth_sha256"": ""c8d9376da3aab438bac699dc10942e2c7a1ec9c119d6e66c0910cc03cf7ce930"", ""window_bank_rate"": 0.3102213541666667}"
external_trajectory,formal_evaluation:variance_drift:05,variance_drift,202607176201,0.00103759765625,"{""adaptation_lag_decisions"": 17904, ""detection_count"": 16, ""false_detection_count"": 0, ""input_sha256"": ""13cf9e1952000ec8f6813d2a0b24710138bc3c3f4b17bda5ac2d9fdeb363d2c5"", ""truth_sha256"": ""0f5added0d0eb5ba4ac6af38e169c6fb1f5a1122b868183772660e7daa9aa095"", ""window_bank_rate"": 0.6357421875}"
external_trajectory,formal_evaluation:variance_drift:05,variance_drift,202607176202,0.0009562174479166666,"{""adaptation_lag_decisions"": 17904, ""detection_count"": 16, ""false_detection_count"": 0, ""input_sha256"": ""3a04e036072d4fdc998c0e73d4e28adc46578f984adcedb164933e4e4c453441"", ""truth_sha256"": ""56f45d856b59c37b94f1dfff542a8b2b09aa83019d2811cab11081d6363b0fd9"", ""window_bank_rate"": 0.6357421875}"
external_trajectory,formal_evaluation:variance_drift:05,variance_drift,202607176203,0.0013834635416666667,"{""adaptation_lag_decisions"": 17904, ""detection_count"": 16, ""false_detection_count"": 0, ""input_sha256"": ""47621043a4673cacbe5bb58919f0c47739a2502e6b514f63818bd76e36627ee3"", ""truth_sha256"": ""17cd0ca7014c6a5cd365c4e41e12b3f48e6fb1d14b96e92b153a8965a879c238"", ""window_bank_rate"": 0.6357421875}"
external_trajectory,formal_evaluation:variance_drift:05,variance_drift,202607176204,0.0008951822916666666,"{""adaptation_lag_decisions"": 17904, ""detection_count"": 16, ""false_detection_count"": 0, ""input_sha256"": ""dddde7acde59d417a9156014ef4556ca7ad94b655bd8d0c29b7137703da6ac59"", ""truth_sha256"": ""7d3314e9fbb27c469e83dc5e98ec1b075b178a15ae4c4866a9ba9c93c65220ed"", ""window_bank_rate"": 0.6357421875}"
external_trajectory,formal_evaluation:variance_drift:05,variance_drift,202607176205,0.00091552734375,"{""adaptation_lag_decisions"": 17904, ""detection_count"": 16, ""false_detection_count"": 0, ""input_sha256"": ""169268dffaaeaa4868dfecd1d45bc624f027b9181ff1353f15278f07e37af9a7"", ""truth_sha256"": ""22474c204b67eb02e2a8bbd9766d129787a40c411980930c27c624c01ba78864"", ""window_bank_rate"": 0.6357421875}"
external_trajectory,formal_evaluation:variance_drift:05,variance_drift,202607176206,0.0012003580729166667,"{""adaptation_lag_decisions"": 15904, ""detection_count"": 17, ""false_detection_count"": 0, ""input_sha256"": ""4583c680274dcac6aa2d116edaaf21a6e937a7f9b363077ec673e46a6ee004e1"", ""truth_sha256"": ""1482b22671fc6a9205a64c7674f365b5c0ebfe5f664b7a6b479b7ae574b7de8e"", ""window_bank_rate"": 0.6764322916666666}"
external_trajectory,formal_evaluation:variance_drift:05,variance_drift,202607176207,0.00091552734375,"{""adaptation_lag_decisions"": 17904, ""detection_count"": 16, ""false_detection_count"": 0, ""input_sha256"": ""928682933a3b4688a664738905716d062dca7f810f4870f8791250f7ba000094"", ""truth_sha256"": ""af903b6a271df64e48a216dcaaa05dd5d56754d36672bca6d9efe6d569330588"", ""window_bank_rate"": 0.6357421875}"
external_trajectory,formal_evaluation:variance_drift:05,variance_drift,202607176208,0.0008951822916666666,"{""adaptation_lag_decisions"": 15904, ""detection_count"": 17, ""false_detection_count"": 0, ""input_sha256"": ""91d9208d791d683ad4e94cb8f1d12b88078c03c0ecec3a4866344ab9f1d68c8d"", ""truth_sha256"": ""881834596ac168cc64bc8f35711abd8a4c9246185038c912c19c26de857bfbb9"", ""window_bank_rate"": 0.6764322916666666}"
external_trajectory,formal_evaluation:variance_drift:05,variance_drift,202607176209,0.0009969075520833333,"{""adaptation_lag_decisions"": 15904, ""detection_count"": 17, ""false_detection_count"": 0, ""input_sha256"": ""6b1edd92d8ddb8827274b1ca1094e3fae53c299b7a853ba9033b37588ad71c78"", ""truth_sha256"": ""9ba133dd67a2e6d00593a5266b9c48fbe04ccafc84162bc3ce8fbbd0854b3f4f"", ""window_bank_rate"": 0.6764322916666666}"
external_trajectory,formal_evaluation:variance_drift:05,variance_drift,202607176210,0.0009562174479166666,"{""adaptation_lag_decisions"": 11904, ""detection_count"": 19, ""false_detection_count"": 0, ""input_sha256"": ""c745541293b725771fc267b80e6cc0377ce6d7c169b07532cc3245d4dc13dacf"", ""truth_sha256"": ""2a9201615241e88e98b44afb1f9773fb596b7e2b64f2b547eb62499b2d4baf6d"", ""window_bank_rate"": 0.7578125}"
external_trajectory,formal_evaluation:variance_drift:05,variance_drift,202607176211,0.0008544921875,"{""adaptation_lag_decisions"": 17904, ""detection_count"": 16, ""false_detection_count"": 0, ""input_sha256"": ""629ceeb9842f61414c97b5f87d285a1219934654706abe234300bce536cab792"", ""truth_sha256"": ""14d736e4b69c79ce41779242f903d181cb621f452083b35d2056785a5f0ad928"", ""window_bank_rate"": 0.6357421875}"
external_trajectory,formal_evaluation:variance_drift:05,variance_drift,202607176212,0.0010782877604166667,"{""adaptation_lag_decisions"": 15904, ""detection_count"": 17, ""false_detection_count"": 0, ""input_sha256"": ""163d1924751bc0cd708e0c5fa603ff2ea4a84f1dff1d922a58e3d6cb582de697"", ""truth_sha256"": ""f8fc7bd9e3291fecdc37ca609c6053d029840bc90073b7256cc8ea141874d123"", ""window_bank_rate"": 0.6764322916666666}"
external_trajectory,formal_evaluation:variance_drift:05,variance_drift,202607176213,0.0008138020833333334,"{""adaptation_lag_decisions"": 17904, ""detection_count"": 16, ""false_detection_count"": 0, ""input_sha256"": ""4dc08a320d089ec72ece1df060fb8cf694b3c2dd725b9ee9d14e8331051ec592"", ""truth_sha256"": ""8a991ce061eaf8b904d162e44c9ef1e6fa134de76f4290fa95903734c27290d7"", ""window_bank_rate"": 0.6357421875}"
external_trajectory,formal_evaluation:variance_drift:05,variance_drift,202607176214,0.0013020833333333333,"{""adaptation_lag_decisions"": 17904, ""detection_count"": 16, ""false_detection_count"": 0, ""input_sha256"": ""d44516bd2bf813015d25d89045f91d4327fe70fbd9b7da6a9bb0b253bfbf6b1f"", ""truth_sha256"": ""33aab37749e3119f43ef48ade29e027daf6ed1909ee2d36470d41e60412ad658"", ""window_bank_rate"": 0.6357421875}"
external_trajectory,formal_evaluation:variance_drift:05,variance_drift,202607176215,0.0008341471354166666,"{""adaptation_lag_decisions"": 17904, ""detection_count"": 16, ""false_detection_count"": 0, ""input_sha256"": ""9046434086ab9e9babff5b5a141cfd8b9657614c2638cffbbc54d940fa6bf7ac"", ""truth_sha256"": ""6ec48ad2b29e340420facc7845a7f119bc00bfc342f1e0a3d51bd986198e3aef"", ""window_bank_rate"": 0.6357421875}"
external_trajectory,formal_evaluation:variance_drift:05,variance_drift,202607176216,0.0009765625,"{""adaptation_lag_decisions"": 17904, ""detection_count"": 16, ""false_detection_count"": 0, ""input_sha256"": ""cc82f816fa4657734c472cc78374358534a57a454fb734630201a67c31983061"", ""truth_sha256"": ""6dce4c9f0291dd272d7ef5f680aa6630a55501eaecb379ec75a52f6622192f9c"", ""window_bank_rate"": 0.6357421875}"
external_trajectory,formal_evaluation:variance_drift:05,variance_drift,202607176217,0.0009765625,"{""adaptation_lag_decisions"": 13904, ""detection_count"": 18, ""false_detection_count"": 0, ""input_sha256"": ""b3ec5ccbff6699cd200fe5748205cd5d5fe7daa2ce001f9d4eec6ea625589400"", ""truth_sha256"": ""54fff14b2bf531fddb92573463589ca9222920f07c599ea657a9953c7bcb1875"", ""window_bank_rate"": 0.7171223958333334}"
external_trajectory,formal_evaluation:variance_drift:05,variance_drift,202607176218,0.0009358723958333334,"{""adaptation_lag_decisions"": 17904, ""detection_count"": 16, ""false_detection_count"": 0, ""input_sha256"": ""96f3975e39828fdf861c22835f847649e597952ef9ab735711a433195e9d4aff"", ""truth_sha256"": ""f5c008f92e3c544ecd97434727452d0316b858d9899932ecc45e2d635c311790"", ""window_bank_rate"": 0.6357421875}"
external_trajectory,formal_evaluation:variance_drift:05,variance_drift,202607176219,0.0011800130208333333,"{""adaptation_lag_decisions"": 17904, ""detection_count"": 16, ""false_detection_count"": 0, ""input_sha256"": ""c41801871f633e5e2d8e18ec06b3b5e6371c0c27c2c6309584ebf06cb076b5f6"", ""truth_sha256"": ""a30733d272abfee4922433eaa0f98c7395973bed9e3adef0711a6b4e2eff5c1a"", ""window_bank_rate"": 0.6357421875}"
external_trajectory,formal_evaluation:variance_drift:05,variance_drift,202607176220,0.0010782877604166667,"{""adaptation_lag_decisions"": 17904, ""detection_count"": 16, ""false_detection_count"": 0, ""input_sha256"": ""b00fbb80f15a8528daec71f9f31d385fdfe395b79ea88d82b013ff9702925cd7"", ""truth_sha256"": ""9a2a80a644fd557843389ebf51d164d0b730a8f816f559a040ca9e83bb02baa2"", ""window_bank_rate"": 0.6357421875}"
external_trajectory,formal_evaluation:variance_drift:05,variance_drift,202607176221,0.0008951822916666666,"{""adaptation_lag_decisions"": 17904, ""detection_count"": 16, ""false_detection_count"": 0, ""input_sha256"": ""ccc9c6c68a95cfc655b0273994d0dffcfaa2e25a490b491ee1f947d0e75f513b"", ""truth_sha256"": ""debdb6a4e00e0afb9edd810a031b3265d20a81dfbc815549d322865779519f7f"", ""window_bank_rate"": 0.6357421875}"
external_trajectory,formal_evaluation:variance_drift:05,variance_drift,202607176222,0.0009562174479166666,"{""adaptation_lag_decisions"": 17904, ""detection_count"": 16, ""false_detection_count"": 0, ""input_sha256"": ""3be4ce0728bafcbf642341e2bab4a9ac15b8e39f301e6b6c4c91823851c6fc5d"", ""truth_sha256"": ""947e3e7bbe1a53a381c5a43e3e69202749c951d358bd0bda7d274c021ed03be4"", ""window_bank_rate"": 0.6357421875}"
external_trajectory,formal_evaluation:variance_drift:05,variance_drift,202607176223,0.0009969075520833333,"{""adaptation_lag_decisions"": 17904, ""detection_count"": 16, ""false_detection_count"": 0, ""input_sha256"": ""08714753d896291b93258fc06f6088a588a4b18d5b0455d1b761e47c155ab12f"", ""truth_sha256"": ""588e5e606dc451eea633153f9b7ce3e92d406c105404574967d7ba67cb2362a7"", ""window_bank_rate"": 0.6357421875}"
external_trajectory,formal_evaluation:variance_drift:05,variance_drift,202607176224,0.0012613932291666667,"{""adaptation_lag_decisions"": 17904, ""detection_count"": 16, ""false_detection_count"": 0, ""input_sha256"": ""c80c459ce938f46efece8b69cc0a528b954a88fe2589e28d5f3460311e64905c"", ""truth_sha256"": ""84fc4dfd65a7ca6b21d5f1286df228d7df56f2fd8260883f843b1177f662a5ee"", ""window_bank_rate"": 0.6357421875}"
gate,G01_external_upstream_commit_source_license_tests_and_cache_semantics_are_bound,,,true,
gate,G02_pilot_and_formal_transition_levels_are_disjoint,,,true,
gate,G03_one_non_degenerate_global_candidate_is_pilot_selected_before_formal,,,true,
gate,G04_at_least_two_general_adaptive_comparators_include_effective_external_code,,,true,
gate,G05_all_methods_share_exact_endpoint_formal_trace_set,,,true,
gate,G06_metrics_include_pauli_average_tail_gap_lag_false_update_and_fallback,,,true,
gate,G07_same_history_update_cadence_and_observed_only_contract,,,true,
gate,G08_external_budget_meets_common_caps,,,false,
gate,G09_external_and_route_contrasts_are_paired_seed_clusters,,,true,
gate,G10_nonexact_external_paper_mapping_is_not_called_reproduction,,,true,
gate,G11_claim_scope_matches_results_without_general_sota,,,true,
gate,G12_semantic_mutations_fail_closed,,,true,
