record_type,record_id,canonical_json,canonical_sha256
analysis_field,task_id,"""T9.1.5""",7a771924e4a564f4db9cf53b960af5c64bb933af4c7643a4fb3da748eda68600
analysis_field,schema_version,"""t9.1.5-scoped-claim-amendment-report-v1""",d90fc51e6be9d36e72a66285ae9a572847a8b8dbc2a0e852d62caca8aea4b412
analysis_field,config_schema_version,"""t9.1.5-scoped-claim-amendment-config-v1""",c77497ddc1719891d1a2dfecb59c63addcecbcb3748677584521abfbb5a986dc
analysis_field,protocol_id,"""PHASE9-SCOPED-CLAIM-AMENDMENT-V2""",186d51d1d6f12deeac2d030f6522062d5489364e94f0158249ba8dd1e6c07b8f
analysis_field,amendment_status,"""SEALED_PARENT_BOUND_PRE_OUTCOME_V2""",90145049e4fa51f33215696f185b852fa841274608781d0b8e86e3d69a801fc6
analysis_field,frozen_at,"""2026-07-25T03:42:21+08:00""",cb893a4f88cc9eb057f67b6fc20a350f43759ccc1690191fd8cc161d79c7e4f0
analysis_field,parent_contract,"{""immutability_rule"":""T9.1.1 v1 report/config/implementation and its analysis_sha256 remain byte-for-byte immutable; this child may only narrow or split downstream wording"",""parent_analysis_sha256"":""c88110375c358794339e72d672e4624871425fe480e5da091ddd1d6595255e18"",""parent_config"":{""bytes"":24172,""path"":""configs/phase9/t9_1_1_three_lane_protocol.json"",""sha256"":""abcc1fbf94cb933b816c1d0c3076c3de6b313514aa9ed6975679a6f22b29ac09""},""parent_human_markdown"":{""bytes"":21207,""path"":""docs/phase9_three_lane_protocol.md"",""sha256"":""8a4f23e867dc97ebffbe2b532697f837bf360c975fe1a61fe5de22f998fddc77""},""parent_implementation"":{""bytes"":51962,""path"":""cnn_fpga/benchmark/phase9_three_lane_protocol.py"",""sha256"":""3ebc7957065587337aeb347b807b9f8fa54a1051bf644a8b1113711e6b12d5e9""},""parent_precedence"":""v1 task signatures, denominators, thresholds and evidence grades remain authoritative; v2 cannot weaken them"",""parent_protocol_id"":""PHASE9-THREE-INDEPENDENT-TASK-SIGNATURES-V1"",""parent_report"":{""bytes"":74510,""path"":""docs/t9_1_1_three_lane_protocol.json"",""sha256"":""255c50ce677a1cae5475c2294177ceaab551bcbb5078ee2d49b358600a58f7a5""},""parent_source_data"":{""bytes"":66455,""path"":""docs/t9_1_1_three_lane_protocol_source_data.csv"",""sha256"":""9148034791002183f94795e2f66bc8971668ddf76664da86abb71cf950820970""},""parent_task_id"":""T9.1.1""}",3a1a4faac362860c216723bbf1374997ad8c089c90a22ffb2f12f53b7ab646f2
analysis_field,registry_parent_contract,"{""implementation"":{""bytes"":102321,""path"":""cnn_fpga/benchmark/phase9_baseline_search_power_registry.py"",""sha256"":""70b2b2c9eedb2a873ebf5075764cf5a45dce029922158ca9646bacae54e0b000""},""input_contract"":{""bytes"":8444,""path"":""configs/phase9/t9_1_4_input_contract.json"",""sha256"":""508372f69fc2e53d53e32bd7e2232f0e375a3aee3454d678318b569edf4bd496""},""literature_cutoff_inclusive"":""2026-07-25T01:37:24+08:00"",""literature_ledger"":{""bytes"":9083,""canonical_work_count"":12,""external_same_task_eligible_count"":0,""path"":""docs/t9_1_4_literature_search_ledger.csv"",""sha256"":""316442b5382b18ce26f53e8ded795184db2b0af78202a68090bb5ab25dfb25ac""},""parent_analysis_sha256"":""d6c5ac4fd9587854cd6fec7d390c1fd2ddd5300bbe069ff2db1e16950aa21b7d"",""parent_config"":{""bytes"":51712,""path"":""configs/phase9/t9_1_4_baseline_registry.json"",""sha256"":""f2a9f914eaaae9bd6891f7c47e76da224d75f5ed78c2390a637b71a6e2483759""},""parent_human_markdown"":{""bytes"":18034,""path"":""docs/phase9_baseline_search_power_registry.md"",""sha256"":""7bc66d55c08a8b913dc82325faf50ad8102b01967ed6f00f8cefe72798e6dd3b""},""parent_protocol_id"":""PHASE9-COMMON-HARNESS-BASELINE-REGISTRY-V1"",""parent_report"":{""bytes"":160112,""path"":""docs/t9_1_4_baseline_search_power_registry.json"",""sha256"":""887c628febc4d533cbc8bc8875cde3b4a633a1c70b407723ce744e8cadf6a911""},""parent_source_data"":{""bytes"":116752,""path"":""docs/t9_1_4_baseline_search_power_registry_source_data.csv"",""sha256"":""0d851fcac0df2d88c2c554ee901f914dbe2f1c2c3a2869766782ae6f2995ca75""},""parent_task_id"":""T9.1.4"",""parent_verdict"":""PASS_T9_1_4_BASELINE_SEARCH_POWER_REGISTRY_FROZEN""}",f07e46cabf1e8375a3c4bf4ccd9cce24db0b74d16ea712fecf19e3d0c5ca4167
analysis_field,parent_summary,"{""ordered_consumer_checks"":{""compare_parent_contracts"":true,""reconstruct_parent_analysis_hashes"":true,""validate_t9_1_1_live"":true,""validate_t9_1_4_live"":true},""registry"":{""analysis_sha256"":""d6c5ac4fd9587854cd6fec7d390c1fd2ddd5300bbe069ff2db1e16950aa21b7d"",""canonical_work_count"":12,""external_claim_contract"":{""current_external_same_task_eligible_count"":0,""external_point_only_result"":""CONTEXT_ONLY_NOT_PROMOTION_ELIGIBLE"",""external_sota"":null,""forbidden_current_wording"":[""state of the art"",""surpasses Puviani NMF"",""physical break-even"",""best real-time GKP controller""],""official_puviani_exact"":null,""physical_lifetime"":null,""puviani_surpass"":null,""registered_best"":null,""registry_best_auto_promotes_external_sota"":false,""safe_future_wording"":""best among preregistered matched-deployable baselines under the frozen T9 task signature"",""unresolved_eligible_stronger_comparator"":""EXTERNAL_SOTA_NULL""},""external_same_task_eligible_count"":0,""literature_cutoff_inclusive"":""2026-07-25T01:37:24+08:00"",""performance_state"":{""external_sota"":null,""protocol_only"":true,""registered_best"":null,""round_ler"":null,""six_state_lifetime"":null},""protocol_id"":""PHASE9-COMMON-HARNESS-BASELINE-REGISTRY-V1"",""raw_report"":{""bytes"":160112,""path"":""docs/t9_1_4_baseline_search_power_registry.json"",""sha256"":""887c628febc4d533cbc8bc8875cde3b4a633a1c70b407723ce744e8cadf6a911""},""schema_version"":""t9.1.4-baseline-search-power-report-v1"",""task_id"":""T9.1.4"",""verdict"":""PASS_T9_1_4_BASELINE_SEARCH_POWER_REGISTRY_FROZEN""},""v1"":{""analysis_sha256"":""c88110375c358794339e72d672e4624871425fe480e5da091ddd1d6595255e18"",""current_result_verdicts"":{""RAW_IQ_DIGITAL_HIL"":null,""ROUND_LER_SINGLE_MODE"":null,""SIX_STATE_LOGICAL_LIFETIME"":null},""legacy_lane_outputs"":[{""lane"":""ROUND_LER_SINGLE_MODE"",""output"":""GO_LER_SOTA""},{""lane"":""ROUND_LER_SINGLE_MODE"",""output"":""NO_GO_LER_SOTA""},{""lane"":""ROUND_LER_SINGLE_MODE"",""output"":""NOT_EVALUATED_NULL""},{""lane"":""ROUND_LER_SINGLE_MODE"",""output"":""INCOMPLETE_LER_INTEGRITY""},{""lane"":""ROUND_LER_SINGLE_MODE"",""output"":""INCOMPLETE_LER_BASELINE""},{""lane"":""ROUND_LER_SINGLE_MODE"",""output"":""INCOMPLETE_LER_EVIDENCE""},{""lane"":""ROUND_LER_SINGLE_MODE"",""output"":""NO_GO_LER_SOTA_TAIL_ONLY""},{""lane"":""ROUND_LER_SINGLE_MODE"",""output"":""NO_GO_LER_SOTA_ROBUSTNESS_ONLY""},{""lane"":""ROUND_LER_SINGLE_MODE"",""output"":""NO_GO_LER_SOTA_NONINFERIOR""},{""lane"":""ROUND_LER_SINGLE_MODE"",""output"":""NO_GO_LER_SOTA_NEGATIVE""},{""lane"":""SIX_STATE_LOGICAL_LIFETIME"",""output"":""GO_LIFETIME""},{""lane"":""SIX_STATE_LOGICAL_LIFETIME"",""output"":""NO_GO_LIFETIME""},{""lane"":""SIX_STATE_LOGICAL_LIFETIME"",""output"":""NOT_EVALUATED_NULL""},{""lane"":""SIX_STATE_LOGICAL_LIFETIME"",""output"":""INCOMPLETE_LIFETIME_INTEGRITY""},{""lane"":""SIX_STATE_LOGICAL_LIFETIME"",""output"":""INCOMPLETE_LIFETIME_BASELINE""},{""lane"":""SIX_STATE_LOGICAL_LIFETIME"",""output"":""INCOMPLETE_LIFETIME_EVIDENCE""},{""lane"":""SIX_STATE_LOGICAL_LIFETIME"",""output"":""NO_GO_LIFETIME_FIT""},{""lane"":""SIX_STATE_LOGICAL_LIFETIME"",""output"":""NO_GO_LIFETIME_COST""},{""lane"":""SIX_STATE_LOGICAL_LIFETIME"",""output"":""NO_GO_LIFETIME_NONINFERIOR""},{""lane"":""SIX_STATE_LOGICAL_LIFETIME"",""output"":""NO_GO_LIFETIME_NEGATIVE""},{""lane"":""RAW_IQ_DIGITAL_HIL"",""output"":""GO_HIL_SPEED""},{""lane"":""RAW_IQ_DIGITAL_HIL"",""output"":""NO_GO_HIL_SPEED""},{""lane"":""RAW_IQ_DIGITAL_HIL"",""output"":""MISSING_BOARD_NULL""},{""lane"":""RAW_IQ_DIGITAL_HIL"",""output"":""INCOMPLETE_HIL_SPEED_INTEGRITY""},{""lane"":""RAW_IQ_DIGITAL_HIL"",""output"":""INCOMPLETE_HIL_SPEED_EVIDENCE""},{""lane"":""RAW_IQ_DIGITAL_HIL"",""output"":""INCOMPLETE_HIL_SPEED_NO_COMPARATOR""},{""lane"":""RAW_IQ_DIGITAL_HIL"",""output"":""NO_GO_HIL_SPEED_DEADLINE""},{""lane"":""RAW_IQ_DIGITAL_HIL"",""output"":""NO_GO_HIL_SPEED_NEGATIVE""},{""lane"":""RAW_IQ_DIGITAL_HIL"",""output"":""GO_HIL_ENGINEERING_NONRANKING""}],""protocol_id"":""PHASE9-THREE-INDEPENDENT-TASK-SIGNATURES-V1"",""raw_report"":{""bytes"":74510,""path"":""docs/t9_1_1_three_lane_protocol.json"",""sha256"":""255c50ce677a1cae5475c2294177ceaab551bcbb5078ee2d49b358600a58f7a5""},""schema_version"":""t9.1.1-phase9-three-lane-protocol-report-v1"",""task_id"":""T9.1.1"",""verdict"":""PASS_PHASE9_THREE_INDEPENDENT_LANE_PROTOCOL_FROZEN""}}",0bd718297be92baf8ef308d9f3bc034710409b9ef44b3a994cb998fdafa1d210
analysis_field,legacy_migration_table,"[{""action"":""SPLIT_REQUIRES_FRESH_REEVALUATION"",""automatic_mapping"":false,""candidate_destinations"":[""GO_LER_REGISTERED_BEST""],""current_mapped_value"":null,""legacy_label"":""GO_LER_SOTA"",""legacy_lane"":""ROUND_LER_SINGLE_MODE"",""migration_id"":""MIG-LER-GO-SPLIT"",""prohibited_destinations"":[""GO_LER_EXTERNAL_SOTA""],""reason"":""v1 label did not distinguish a frozen project registry from independently audited external same-task SOTA""},{""action"":""PRESERVE_TASK_LOCAL_NEGATIVE_ONLY"",""automatic_mapping"":false,""candidate_destinations"":[],""current_mapped_value"":null,""legacy_label"":""NO_GO_LER_SOTA"",""legacy_lane"":""ROUND_LER_SINGLE_MODE"",""migration_id"":""MIG-LER-NOGO-LOCAL"",""reason"":""a v1 negative cannot establish any positive or global external ordering""},{""action"":""SPLIT_REQUIRES_FRESH_REEVALUATION"",""automatic_mapping"":false,""candidate_destinations"":[""GO_LIFETIME_PROJECT_NATIVE""],""current_mapped_value"":null,""legacy_label"":""GO_LIFETIME"",""legacy_lane"":""SIX_STATE_LOGICAL_LIFETIME"",""migration_id"":""MIG-LIFETIME-GO-SPLIT"",""prohibited_destinations"":[""GO_LIFETIME_EXTERNAL_SOTA"",""GO_PHYSICAL_LIFETIME"",""OFFICIAL_PUVIANI_EXACT"",""GO_PUVIANI_NMF_SURPASS""],""reason"":""simulation-native, external same-task and QPU-measured lifetime are different estimands and evidence grades""},{""action"":""PRESERVE_TASK_LOCAL_NEGATIVE_ONLY"",""automatic_mapping"":false,""candidate_destinations"":[],""current_mapped_value"":null,""legacy_label"":""NO_GO_LIFETIME"",""legacy_lane"":""SIX_STATE_LOGICAL_LIFETIME"",""migration_id"":""MIG-LIFETIME-NOGO-LOCAL"",""reason"":""a project-native negative does not evaluate an external or physical task""},{""action"":""SPLIT_REQUIRES_FRESH_REEVALUATION"",""automatic_mapping"":false,""candidate_destinations"":[""GO_HIL_INTEGRATED""],""current_mapped_value"":null,""legacy_label"":""GO_HIL_SPEED"",""legacy_lane"":""RAW_IQ_DIGITAL_HIL"",""migration_id"":""MIG-HIL-GO-SPLIT"",""prohibited_destinations"":[""GO_HIL_EXTERNAL_SPEED""],""reason"":""an integrated measured chain and an external same-boundary speed comparison are separate claims""},{""action"":""PRESERVE_TASK_LOCAL_NEGATIVE_ONLY"",""automatic_mapping"":false,""candidate_destinations"":[],""current_mapped_value"":null,""legacy_label"":""NO_GO_HIL_SPEED"",""legacy_lane"":""RAW_IQ_DIGITAL_HIL"",""migration_id"":""MIG-HIL-NOGO-LOCAL"",""reason"":""a missing or failed board result cannot be transferred into an algorithm result""},{""action"":""PRESERVE_TYPED_NULL"",""automatic_mapping"":false,""candidate_destinations"":[],""current_mapped_value"":null,""legacy_label"":""NOT_EVALUATED_NULL"",""legacy_lane"":""ROUND_LER_SINGLE_MODE"",""migration_id"":""MIG-LER-NULL"",""reason"":""not evaluated remains null in both scoped LER states""},{""action"":""PRESERVE_TASK_LOCAL_INCOMPLETE"",""automatic_mapping"":false,""candidate_destinations"":[],""current_mapped_value"":null,""legacy_label"":""INCOMPLETE_LER_INTEGRITY"",""legacy_lane"":""ROUND_LER_SINGLE_MODE"",""migration_id"":""MIG-LER-INCOMPLETE-INTEGRITY"",""reason"":""integrity failure opens no v2 GO state""},{""action"":""PRESERVE_TASK_LOCAL_INCOMPLETE"",""automatic_mapping"":false,""candidate_destinations"":[],""current_mapped_value"":null,""legacy_label"":""INCOMPLETE_LER_BASELINE"",""legacy_lane"":""ROUND_LER_SINGLE_MODE"",""migration_id"":""MIG-LER-INCOMPLETE-BASELINE"",""reason"":""baseline failure opens no v2 GO state""},{""action"":""PRESERVE_TASK_LOCAL_INCOMPLETE"",""automatic_mapping"":false,""candidate_destinations"":[],""current_mapped_value"":null,""legacy_label"":""INCOMPLETE_LER_EVIDENCE"",""legacy_lane"":""ROUND_LER_SINGLE_MODE"",""migration_id"":""MIG-LER-INCOMPLETE-EVIDENCE"",""reason"":""evidence failure opens no v2 GO state""},{""action"":""PRESERVE_TASK_LOCAL_NEGATIVE_ONLY"",""automatic_mapping"":false,""candidate_destinations"":[],""current_mapped_value"":null,""legacy_label"":""NO_GO_LER_SOTA_TAIL_ONLY"",""legacy_lane"":""ROUND_LER_SINGLE_MODE"",""migration_id"":""MIG-LER-NOGO-TAIL"",""reason"":""tail-only wording is not any v2 GO state""},{""action"":""PRESERVE_TASK_LOCAL_NEGATIVE_ONLY"",""automatic_mapping"":false,""candidate_destinations"":[],""current_mapped_value"":null,""legacy_label"":""NO_GO_LER_SOTA_ROBUSTNESS_ONLY"",""legacy_lane"":""ROUND_LER_SINGLE_MODE"",""migration_id"":""MIG-LER-NOGO-ROBUSTNESS"",""reason"":""robustness-only wording is not any v2 GO state""},{""action"":""PRESERVE_TASK_LOCAL_NEGATIVE_ONLY"",""automatic_mapping"":false,""candidate_destinations"":[],""current_mapped_value"":null,""legacy_label"":""NO_GO_LER_SOTA_NONINFERIOR"",""legacy_lane"":""ROUND_LER_SINGLE_MODE"",""migration_id"":""MIG-LER-NOGO-NONINFERIOR"",""reason"":""non-inferiority is not superiority""},{""action"":""PRESERVE_TASK_LOCAL_NEGATIVE_ONLY"",""automatic_mapping"":false,""candidate_destinations"":[],""current_mapped_value"":null,""legacy_label"":""NO_GO_LER_SOTA_NEGATIVE"",""legacy_lane"":""ROUND_LER_SINGLE_MODE"",""migration_id"":""MIG-LER-NOGO-NEGATIVE"",""reason"":""negative outcome opens no v2 GO state""},{""action"":""PRESERVE_TYPED_NULL"",""automatic_mapping"":false,""candidate_destinations"":[],""current_mapped_value"":null,""legacy_label"":""NOT_EVALUATED_NULL"",""legacy_lane"":""SIX_STATE_LOGICAL_LIFETIME"",""migration_id"":""MIG-LIFETIME-NULL"",""reason"":""not evaluated remains null in all scoped lifetime states""},{""action"":""PRESERVE_TASK_LOCAL_INCOMPLETE"",""automatic_mapping"":false,""candidate_destinations"":[],""current_mapped_value"":null,""legacy_label"":""INCOMPLETE_LIFETIME_INTEGRITY"",""legacy_lane"":""SIX_STATE_LOGICAL_LIFETIME"",""migration_id"":""MIG-LIFETIME-INCOMPLETE-INTEGRITY"",""reason"":""integrity failure opens no v2 GO state""},{""action"":""PRESERVE_TASK_LOCAL_INCOMPLETE"",""automatic_mapping"":false,""candidate_destinations"":[],""current_mapped_value"":null,""legacy_label"":""INCOMPLETE_LIFETIME_BASELINE"",""legacy_lane"":""SIX_STATE_LOGICAL_LIFETIME"",""migration_id"":""MIG-LIFETIME-INCOMPLETE-BASELINE"",""reason"":""baseline failure opens no v2 GO state""},{""action"":""PRESERVE_TASK_LOCAL_INCOMPLETE"",""automatic_mapping"":false,""candidate_destinations"":[],""current_mapped_value"":null,""legacy_label"":""INCOMPLETE_LIFETIME_EVIDENCE"",""legacy_lane"":""SIX_STATE_LOGICAL_LIFETIME"",""migration_id"":""MIG-LIFETIME-INCOMPLETE-EVIDENCE"",""reason"":""evidence failure opens no v2 GO state""},{""action"":""PRESERVE_TASK_LOCAL_NEGATIVE_ONLY"",""automatic_mapping"":false,""candidate_destinations"":[],""current_mapped_value"":null,""legacy_label"":""NO_GO_LIFETIME_FIT"",""legacy_lane"":""SIX_STATE_LOGICAL_LIFETIME"",""migration_id"":""MIG-LIFETIME-NOGO-FIT"",""reason"":""failed lifetime fit opens no v2 GO state""},{""action"":""PRESERVE_TASK_LOCAL_NEGATIVE_ONLY"",""automatic_mapping"":false,""candidate_destinations"":[],""current_mapped_value"":null,""legacy_label"":""NO_GO_LIFETIME_COST"",""legacy_lane"":""SIX_STATE_LOGICAL_LIFETIME"",""migration_id"":""MIG-LIFETIME-NOGO-COST"",""reason"":""cost failure opens no v2 GO state""},{""action"":""PRESERVE_TASK_LOCAL_NEGATIVE_ONLY"",""automatic_mapping"":false,""candidate_destinations"":[],""current_mapped_value"":null,""legacy_label"":""NO_GO_LIFETIME_NONINFERIOR"",""legacy_lane"":""SIX_STATE_LOGICAL_LIFETIME"",""migration_id"":""MIG-LIFETIME-NOGO-NONINFERIOR"",""reason"":""non-inferiority is not lifetime superiority""},{""action"":""PRESERVE_TASK_LOCAL_NEGATIVE_ONLY"",""automatic_mapping"":false,""candidate_destinations"":[],""current_mapped_value"":null,""legacy_label"":""NO_GO_LIFETIME_NEGATIVE"",""legacy_lane"":""SIX_STATE_LOGICAL_LIFETIME"",""migration_id"":""MIG-LIFETIME-NOGO-NEGATIVE"",""reason"":""negative outcome opens no v2 GO state""},{""action"":""PRESERVE_TYPED_NULL"",""automatic_mapping"":false,""candidate_destinations"":[],""current_mapped_value"":null,""legacy_label"":""MISSING_BOARD_NULL"",""legacy_lane"":""RAW_IQ_DIGITAL_HIL"",""migration_id"":""MIG-HIL-MISSING-BOARD"",""reason"":""missing board leaves both measured HIL states null""},{""action"":""PRESERVE_TASK_LOCAL_INCOMPLETE"",""automatic_mapping"":false,""candidate_destinations"":[],""current_mapped_value"":null,""legacy_label"":""INCOMPLETE_HIL_SPEED_INTEGRITY"",""legacy_lane"":""RAW_IQ_DIGITAL_HIL"",""migration_id"":""MIG-HIL-INCOMPLETE-INTEGRITY"",""reason"":""integrity failure opens no v2 GO state""},{""action"":""PRESERVE_TASK_LOCAL_INCOMPLETE"",""automatic_mapping"":false,""candidate_destinations"":[],""current_mapped_value"":null,""legacy_label"":""INCOMPLETE_HIL_SPEED_EVIDENCE"",""legacy_lane"":""RAW_IQ_DIGITAL_HIL"",""migration_id"":""MIG-HIL-INCOMPLETE-EVIDENCE"",""reason"":""HIL evidence failure opens no v2 GO state""},{""action"":""PRESERVE_TASK_LOCAL_INCOMPLETE"",""automatic_mapping"":false,""candidate_destinations"":[],""current_mapped_value"":null,""legacy_label"":""INCOMPLETE_HIL_SPEED_NO_COMPARATOR"",""legacy_lane"":""RAW_IQ_DIGITAL_HIL"",""migration_id"":""MIG-HIL-INCOMPLETE-COMPARATOR"",""reason"":""missing comparator specifically closes external speed""},{""action"":""PRESERVE_TASK_LOCAL_NEGATIVE_ONLY"",""automatic_mapping"":false,""candidate_destinations"":[],""current_mapped_value"":null,""legacy_label"":""NO_GO_HIL_SPEED_DEADLINE"",""legacy_lane"":""RAW_IQ_DIGITAL_HIL"",""migration_id"":""MIG-HIL-NOGO-DEADLINE"",""reason"":""deadline failure opens no v2 GO state""},{""action"":""PRESERVE_TASK_LOCAL_NEGATIVE_ONLY"",""automatic_mapping"":false,""candidate_destinations"":[],""current_mapped_value"":null,""legacy_label"":""NO_GO_HIL_SPEED_NEGATIVE"",""legacy_lane"":""RAW_IQ_DIGITAL_HIL"",""migration_id"":""MIG-HIL-NOGO-NEGATIVE"",""reason"":""negative outcome opens no v2 GO state""},{""action"":""PRESERVE_SUPPORTING_ONLY"",""automatic_mapping"":false,""candidate_destinations"":[],""current_mapped_value"":null,""legacy_label"":""GO_HIL_ENGINEERING_NONRANKING"",""legacy_lane"":""RAW_IQ_DIGITAL_HIL"",""migration_id"":""MIG-HIL-ENGINEERING-NONRANKING"",""reason"":""preboard engineering evidence is neither integrated HIL nor external speed""}]",44ed1d5448ec8fa838fe2c34d6386c3a8ad22d49e21b98a3ea482f2ad9a5705b
analysis_field,external_same_task_contract,"{""canonical_work_count"":12,""comparator_ledger_source"":""docs/t9_1_4_literature_search_ledger.csv"",""cross_task_normalisation"":""PROHIBITED"",""current_external_claim_value"":null,""current_external_same_task_eligible_count"":0,""cutoff_inclusive"":""2026-07-25T01:37:24+08:00"",""cutoff_source"":""T9.1.4 literature_cutoff_inclusive"",""point_estimate_only"":""CONTEXT_ONLY_NOT_PROMOTION_ELIGIBLE"",""promotion_requirements"":[""cutoff_is_non_null_and_preoutcome"",""complete_deduplicated_comparator_ledger"",""all_credible_in_window_records_screened"",""at_least_one_external_same_task_eligible_comparator"",""zero_unresolved_eligible_stronger_comparators"",""same_task_result_for_every_eligible_comparator"",""independent_source_and_evaluation_audit"",""source_config_data_and_result_hashes""],""registry_best_auto_promotes_external_sota"":false,""required_signature_fields"":[""input"",""history"",""action"",""physics"",""online_timing"",""postselection"",""denominator"",""metric"",""compute""]}",691e604fd681727aaf7c02a5bdd0cf9f9acf8e9a78ecf3c1fee7d254baa0a827
analysis_field,predicate_type_contract,"{""fixture_result"":""FIXTURE_ONLY_NULL"",""generic_mapping_evaluator_may_open_claim"":false,""minimum"":""finite non-boolean integer greater than or equal to the frozen threshold"",""non_null"":""64-character lowercase hexadecimal SHA-256 string"",""positive"":""finite non-boolean positive integer count"",""promotion_authority"":""only a downstream task-specific verifier that live-binds source/config/data/result hashes and the T9.1.5 release pin may write a GO state"",""schema_complete_result"":""SCHEMA_COMPLETE_NONPROMOTIONAL_NULL"",""true"":""exact JSON boolean true"",""zero"":""finite non-boolean integer exactly zero""}",7de6b5875be0cedc360eecc90ef706036377d416f13e8079221ee925dffdac37
analysis_field,state_definitions,"[{""allowed_wording"":""best result among all fully qualified methods in the frozen Phase-9 matched deployable registry"",""current_reason"":""NO_PHASE9_FORMAL_OUTCOME"",""current_value"":null,""evidence_scope"":""PROJECT_NATIVE_REGISTERED_MATCHED_DEPLOYABLE"",""forbidden_wording"":[""external SOTA"",""world best"",""Puviani surpass"",""physical break-even""],""lane"":""ROUND_LER_SINGLE_MODE"",""predicate"":{""non_null"":[""formal_manifest_sha256"",""source_data_sha256"",""analysis_sha256""],""true"":[""formal_phase9_complete"",""parent_v1_live_verified"",""t9_1_4_registry_live_verified"",""all_mandatory_baselines_complete"",""every_eligible_matched_baseline_beaten_with_registered_thresholds"",""same_task_signature"",""simultaneous_ci_gate_passed"",""both_independent_backends_passed"",""zero_postselection"",""complete_missingness_ledger"",""independent_recompute_passed""]},""revocation_triggers"":[""parent or registry binding mismatch"",""mandatory baseline removed or ineligible after promotion"",""denominator/task signature/observation/action/compute contract changed"",""simultaneous CI or independent backend/recompute gate fails"",""missingness, timeout, control cost or postselection omitted""],""state_id"":""GO_LER_REGISTERED_BEST""},{""allowed_wording"":""external same-task LER SOTA as of the bound literature cutoff"",""current_reason"":""ZERO_EXTERNAL_SAME_TASK_ELIGIBLE_AND_NO_FORMAL_OUTCOME"",""current_value"":null,""evidence_scope"":""EXTERNAL_SAME_TASK_LITERATURE_CUTOFF_BOUND"",""forbidden_wording"":[""unqualified global SOTA"",""cross-code SOTA"",""physical break-even"",""registered-best-only evidence""],""lane"":""ROUND_LER_SINGLE_MODE"",""predicate"":{""non_null"":[""comparator_ledger_sha256"",""external_evaluation_manifest_sha256"",""independent_audit_sha256""],""positive"":[""external_same_task_eligible_count""],""true"":[""go_ler_registered_best"",""literature_cutoff_bound"",""complete_deduplicated_comparator_ledger"",""all_credible_in_window_records_screened"",""all_external_same_task_results_complete"",""every_external_same_task_comparator_beaten_with_simultaneous_ci"",""independent_external_audit_passed""],""zero"":[""unresolved_eligible_stronger_comparator_count""]},""revocation_triggers"":[""cutoff or query/ledger provenance is lost"",""eligible in-window comparator is added or becomes unresolved"",""same-task signature or external evaluator mismatch"",""registered-best prerequisite is revoked"",""independent audit or evidence hash fails""],""state_id"":""GO_LER_EXTERNAL_SOTA""},{""allowed_wording"":""project-native six-state simulated logical-lifetime advantage under the frozen task"",""current_reason"":""LIFETIME_POWER_AND_FORMAL_OUTCOME_NOT_YET_FROZEN"",""current_value"":null,""evidence_scope"":""PROJECT_NATIVE_SIX_STATE_SIMULATION"",""forbidden_wording"":[""physical lifetime"",""experimental break-even"",""external SOTA"",""Puviani surpass""],""lane"":""SIX_STATE_LOGICAL_LIFETIME"",""predicate"":{""non_null"":[""lifetime_manifest_sha256"",""source_data_sha256"",""analysis_sha256""],""true"":[""lifetime_power_and_estimand_frozen_preoutcome"",""formal_phase9_complete"",""six_state_full_denominator"",""no_postselection"",""control_reset_fallback_cost_included"",""survival_and_logical_channel_fit_qualified"",""minimum_over_six_states_gain_gate_passed"",""simultaneous_ci_gate_passed"",""both_independent_backends_passed"",""independent_recompute_passed""]},""revocation_triggers"":[""lifetime estimand or power frozen after outcome access"",""six-state denominator, censoring, reset/control cost or failure rows omitted"",""fit/convergence/simultaneous CI/backend/recompute gate fails"",""postselection or simulation-to-QPU wording transfer occurs""],""state_id"":""GO_LIFETIME_PROJECT_NATIVE""},{""allowed_wording"":""external same-task six-state logical-lifetime SOTA as of the bound literature cutoff"",""current_reason"":""ZERO_EXTERNAL_SAME_TASK_ELIGIBLE_AND_NO_PROJECT_NATIVE_LIFETIME"",""current_value"":null,""evidence_scope"":""EXTERNAL_SAME_TASK_LIFETIME_CUTOFF_BOUND"",""forbidden_wording"":[""physical lifetime"",""experimental break-even"",""cross-protocol SOTA"",""project-native-only evidence""],""lane"":""SIX_STATE_LOGICAL_LIFETIME"",""predicate"":{""non_null"":[""comparator_ledger_sha256"",""external_lifetime_manifest_sha256"",""independent_audit_sha256""],""positive"":[""external_same_task_eligible_count""],""true"":[""go_lifetime_project_native"",""literature_cutoff_bound"",""complete_deduplicated_comparator_ledger"",""all_credible_in_window_records_screened"",""all_external_same_task_results_complete"",""every_external_same_task_comparator_beaten_with_simultaneous_ci"",""independent_external_audit_passed""],""zero"":[""unresolved_eligible_stronger_comparator_count""]},""revocation_triggers"":[""project-native prerequisite is revoked"",""cutoff, ledger, same-task or independent-audit evidence is incomplete"",""eligible stronger comparator is unresolved"",""external denominator/cost/metric differs from the frozen task""],""state_id"":""GO_LIFETIME_EXTERNAL_SOTA""},{""allowed_wording"":""official-source exact Puviani NMF reproduction under the separately frozen evaluator"",""current_reason"":""OFFICIAL_CHECKPOINT_SEEDS_SELECTION_LEDGER_AND_SIX_STATE_EVALUATOR_MISSING"",""current_value"":null,""evidence_scope"":""OFFICIAL_SOURCE_EXACT_REPRODUCTION"",""forbidden_wording"":[""Puviani surpass"",""paper-constrained reimplementation equals official"",""external SOTA"",""physical lifetime""],""lane"":""SIX_STATE_LOGICAL_LIFETIME"",""predicate"":{""non_null"":[""official_asset_manifest_sha256"",""official_evaluation_source_data_sha256"",""independent_audit_sha256""],""true"":[""official_repository_provenance_verified"",""official_checkpoint_available"",""official_twenty_agent_seed_set_available"",""official_selection_ledger_available"",""official_six_state_evaluator_available"",""exact_environment_and_preprocessing_reproduced"",""independent_reproduction_audit_passed""]},""revocation_triggers"":[""official checkpoint/seeds/selection/evaluator provenance is incomplete"",""paper-constrained or inferred assets substitute for official assets"",""environment, preprocessing or evaluator mismatch is found"",""independent reproduction audit fails""],""state_id"":""OFFICIAL_PUVIANI_EXACT""},{""allowed_wording"":""surpasses the independently reproduced official Puviani NMF on the same frozen six-state task"",""current_reason"":""OFFICIAL_PUVIANI_EXACT_IS_NULL"",""current_value"":null,""evidence_scope"":""OFFICIAL_EXACT_SAME_TASK_SURPASS"",""forbidden_wording"":[""surpass from paper-constrained proxy"",""surpass from short horizon"",""physical lifetime"",""global external SOTA""],""lane"":""SIX_STATE_LOGICAL_LIFETIME"",""predicate"":{""non_null"":[""paired_comparison_manifest_sha256"",""source_data_sha256"",""analysis_sha256""],""true"":[""official_puviani_exact"",""go_lifetime_project_native"",""same_task_signature"",""same_six_state_denominator_and_horizon"",""same_control_reset_postselection_accounting"",""simultaneous_ci_gate_passed"",""independent_recompute_passed""]},""revocation_triggers"":[""official exact or project-native prerequisite is revoked"",""task/denominator/horizon/control accounting mismatch"",""paired simultaneous CI or independent recompute fails"",""paper-constrained evidence is relabelled official""],""state_id"":""GO_PUVIANI_NMF_SURPASS""},{""allowed_wording"":""measured physical logical-lifetime advantage on a real-GKP QPU under the stated physical break-even definition"",""current_reason"":""NO_QPU_OR_REAL_GKP_MEASUREMENT"",""current_value"":null,""evidence_scope"":""QPU_REAL_GKP_MEASURED"",""forbidden_wording"":[""physical claim from simulation"",""hardware-aware estimate"",""synthesis result"",""paper-constrained lifetime""],""lane"":""SIX_STATE_LOGICAL_LIFETIME"",""predicate"":{""non_null"":[""qpu_run_manifest_sha256"",""raw_measurement_data_sha256"",""analysis_sha256""],""positive"":[""independent_qpu_run_count"",""measured_physical_event_count""],""true"":[""qpu_measured"",""real_gkp_state"",""physical_break_even_definition_frozen"",""physical_time_axis_measured"",""matched_idle_memory_baseline_measured"",""physical_break_even_gate_passed"",""six_state_full_denominator"",""no_postselection"",""control_reset_fallback_cost_included"",""measurement_calibration_and_uncertainty_complete"",""independent_physical_audit_passed""]},""revocation_triggers"":[""QPU/real-GKP provenance or raw measurement data is unavailable"",""postselection, denominator, calibration or control cost is omitted"",""break-even definition changes after outcome access"",""simulation or estimate substitutes for QPU measurement"",""independent physical audit fails""],""state_id"":""GO_PHYSICAL_LIFETIME""},{""allowed_wording"":""integrated measured raw/recorded-IQ to trigger HIL operation on the identified board and bitstream"",""current_reason"":""HIGH_SPEED_BOARD_NOT_AVAILABLE"",""current_value"":null,""evidence_scope"":""REAL_BOARD_END_TO_END_INTEGRATION"",""forbidden_wording"":[""external speed SOTA"",""six-cycle end-to-end"",""CXXRTL as measured board"",""synthesis estimate as HIL""],""lane"":""RAW_IQ_DIGITAL_HIL"",""predicate"":{""minimum"":{""independent_build_seed_count"":3,""measured_transaction_count"":1000000},""non_null"":[""board_manifest_sha256"",""bitstream_sha256"",""raw_trace_sha256"",""latency_source_data_sha256""],""positive"":[""measured_event_count""],""true"":[""real_board_present"",""board_recorded_iq_replay_qualified"",""board_live_raw_iq_hil_qualified"",""recorded_replay_to_discriminator_measured"",""live_adc_to_discriminator_measured"",""discriminator_to_action_measured"",""action_to_trigger_measured"",""transport_and_backpressure_measured"",""bitstream_platform_clock_provenance_complete"",""deadline_missingness_failure_ledger_complete"",""independent_hil_audit_passed""],""zero"":[""bit_mismatch_count"",""undefined_action_count"",""silent_overflow_count"",""deadline_miss_count""]},""revocation_triggers"":[""board/bitstream/clock/raw trace provenance is incomplete"",""any latency boundary or deadline/failure row is omitted"",""CXXRTL, P-and-R or host timing substitutes for board measurement"",""six-cycle fast-path boundary is relabelled end-to-end"",""independent HIL audit fails""],""state_id"":""GO_HIL_INTEGRATED""},{""allowed_wording"":""faster measured HIL latency than every eligible external decoder on the same frozen boundary/task/platform contract"",""current_reason"":""HIL_INTEGRATED_AND_EXTERNAL_SAME_BOUNDARY_COMPARATOR_ARE_NULL"",""current_value"":null,""evidence_scope"":""EXTERNAL_SAME_BOUNDARY_MEASURED_SPEED"",""forbidden_wording"":[""global FPGA decoder SOTA"",""cross-code latency comparison"",""clock-cycle-only comparison"",""integrated-only evidence""],""lane"":""RAW_IQ_DIGITAL_HIL"",""predicate"":{""non_null"":[""hardware_comparator_ledger_sha256"",""external_speed_manifest_sha256"",""independent_audit_sha256""],""positive"":[""external_same_boundary_eligible_count""],""true"":[""go_hil_integrated"",""literature_cutoff_bound"",""complete_external_hardware_comparator_ledger"",""same_code_problem_input_precision_and_latency_boundary"",""all_external_same_task_results_complete"",""resource_power_deadline_context_complete"",""paired_speed_superiority_simultaneous_ci_passed"",""independent_external_audit_passed""],""zero"":[""unresolved_eligible_stronger_comparator_count""]},""revocation_triggers"":[""integrated HIL prerequisite is revoked"",""latency boundary, code/problem, input, precision, clock or platform contract differs"",""resource/power/deadline context or eligible comparator is missing"",""cycle count or synthesis estimate substitutes for measured latency"",""independent external audit fails""],""state_id"":""GO_HIL_EXTERNAL_SPEED""}]",73e8b4c0d17df8052abc2205c855126bed7e0d9986fd9d7b68e6ea112551e457
analysis_field,current_states,"[{""evidence_grade"":null,""evidence_refs"":[],""evidence_scope"":""PROJECT_NATIVE_REGISTERED_MATCHED_DEPLOYABLE"",""lane"":""ROUND_LER_SINGLE_MODE"",""null_reason"":""NO_PHASE9_FORMAL_OUTCOME"",""numeric_metrics"":null,""opened"":false,""rank"":null,""revocation"":{""evidence_hashes"":[],""reason"":null,""status"":""NOT_REVOKED""},""state_id"":""GO_LER_REGISTERED_BEST"",""status"":""NOT_EVALUATED_NULL"",""value"":null,""verdict"":null,""vote"":null},{""evidence_grade"":null,""evidence_refs"":[],""evidence_scope"":""EXTERNAL_SAME_TASK_LITERATURE_CUTOFF_BOUND"",""lane"":""ROUND_LER_SINGLE_MODE"",""null_reason"":""ZERO_EXTERNAL_SAME_TASK_ELIGIBLE_AND_NO_FORMAL_OUTCOME"",""numeric_metrics"":null,""opened"":false,""rank"":null,""revocation"":{""evidence_hashes"":[],""reason"":null,""status"":""NOT_REVOKED""},""state_id"":""GO_LER_EXTERNAL_SOTA"",""status"":""MISSING_EXTERNAL_COMPARATOR_NULL"",""value"":null,""verdict"":null,""vote"":null},{""evidence_grade"":null,""evidence_refs"":[],""evidence_scope"":""PROJECT_NATIVE_SIX_STATE_SIMULATION"",""lane"":""SIX_STATE_LOGICAL_LIFETIME"",""null_reason"":""LIFETIME_POWER_AND_FORMAL_OUTCOME_NOT_YET_FROZEN"",""numeric_metrics"":null,""opened"":false,""rank"":null,""revocation"":{""evidence_hashes"":[],""reason"":null,""status"":""NOT_REVOKED""},""state_id"":""GO_LIFETIME_PROJECT_NATIVE"",""status"":""NOT_EVALUATED_NULL"",""value"":null,""verdict"":null,""vote"":null},{""evidence_grade"":null,""evidence_refs"":[],""evidence_scope"":""EXTERNAL_SAME_TASK_LIFETIME_CUTOFF_BOUND"",""lane"":""SIX_STATE_LOGICAL_LIFETIME"",""null_reason"":""ZERO_EXTERNAL_SAME_TASK_ELIGIBLE_AND_NO_PROJECT_NATIVE_LIFETIME"",""numeric_metrics"":null,""opened"":false,""rank"":null,""revocation"":{""evidence_hashes"":[],""reason"":null,""status"":""NOT_REVOKED""},""state_id"":""GO_LIFETIME_EXTERNAL_SOTA"",""status"":""MISSING_EXTERNAL_COMPARATOR_NULL"",""value"":null,""verdict"":null,""vote"":null},{""evidence_grade"":null,""evidence_refs"":[],""evidence_scope"":""OFFICIAL_SOURCE_EXACT_REPRODUCTION"",""lane"":""SIX_STATE_LOGICAL_LIFETIME"",""null_reason"":""OFFICIAL_CHECKPOINT_SEEDS_SELECTION_LEDGER_AND_SIX_STATE_EVALUATOR_MISSING"",""numeric_metrics"":null,""opened"":false,""rank"":null,""revocation"":{""evidence_hashes"":[],""reason"":null,""status"":""NOT_REVOKED""},""state_id"":""OFFICIAL_PUVIANI_EXACT"",""status"":""MISSING_EXTERNAL_ASSET_NULL"",""value"":null,""verdict"":null,""vote"":null},{""evidence_grade"":null,""evidence_refs"":[],""evidence_scope"":""OFFICIAL_EXACT_SAME_TASK_SURPASS"",""lane"":""SIX_STATE_LOGICAL_LIFETIME"",""null_reason"":""OFFICIAL_PUVIANI_EXACT_IS_NULL"",""numeric_metrics"":null,""opened"":false,""rank"":null,""revocation"":{""evidence_hashes"":[],""reason"":null,""status"":""NOT_REVOKED""},""state_id"":""GO_PUVIANI_NMF_SURPASS"",""status"":""MISSING_EXTERNAL_ASSET_NULL"",""value"":null,""verdict"":null,""vote"":null},{""evidence_grade"":null,""evidence_refs"":[],""evidence_scope"":""QPU_REAL_GKP_MEASURED"",""lane"":""SIX_STATE_LOGICAL_LIFETIME"",""null_reason"":""NO_QPU_OR_REAL_GKP_MEASUREMENT"",""numeric_metrics"":null,""opened"":false,""rank"":null,""revocation"":{""evidence_hashes"":[],""reason"":null,""status"":""NOT_REVOKED""},""state_id"":""GO_PHYSICAL_LIFETIME"",""status"":""MISSING_QPU_NULL"",""value"":null,""verdict"":null,""vote"":null},{""evidence_grade"":null,""evidence_refs"":[],""evidence_scope"":""REAL_BOARD_END_TO_END_INTEGRATION"",""lane"":""RAW_IQ_DIGITAL_HIL"",""null_reason"":""HIGH_SPEED_BOARD_NOT_AVAILABLE"",""numeric_metrics"":null,""opened"":false,""rank"":null,""revocation"":{""evidence_hashes"":[],""reason"":null,""status"":""NOT_REVOKED""},""state_id"":""GO_HIL_INTEGRATED"",""status"":""MISSING_BOARD_NULL"",""value"":null,""verdict"":null,""vote"":null},{""evidence_grade"":null,""evidence_refs"":[],""evidence_scope"":""EXTERNAL_SAME_BOUNDARY_MEASURED_SPEED"",""lane"":""RAW_IQ_DIGITAL_HIL"",""null_reason"":""HIL_INTEGRATED_AND_EXTERNAL_SAME_BOUNDARY_COMPARATOR_ARE_NULL"",""numeric_metrics"":null,""opened"":false,""rank"":null,""revocation"":{""evidence_hashes"":[],""reason"":null,""status"":""NOT_REVOKED""},""state_id"":""GO_HIL_EXTERNAL_SPEED"",""status"":""MISSING_BOARD_NULL"",""value"":null,""verdict"":null,""vote"":null}]",02b4475b43a6baca0ce1df4eb634c4cd7840481403b8685bc5433a98a9db10a7
analysis_field,current_asset_inventory,"{""board_live_raw_iq_hil"":{""evidence_grade"":null,""evidence_refs"":[],""status"":""MISSING_BOARD"",""value"":null,""verdict"":null},""board_recorded_replay"":{""evidence_grade"":null,""evidence_refs"":[],""status"":""MISSING_BOARD"",""value"":null,""verdict"":null},""external_measured_speed"":{""evidence_grade"":null,""evidence_refs"":[],""status"":""MISSING_BOARD_AND_COMPARATOR"",""value"":null,""verdict"":null},""official_puviani_exact"":{""evidence_grade"":null,""evidence_refs"":[],""status"":""MISSING_EXTERNAL_ASSET"",""value"":null,""verdict"":null},""puviani_nmf_surpass"":{""evidence_grade"":null,""evidence_refs"":[],""status"":""OFFICIAL_EXACT_PREREQUISITE_NULL"",""value"":null,""verdict"":null},""qpu_physical_lifetime"":{""evidence_grade"":null,""evidence_refs"":[],""status"":""MISSING_QPU_REAL_GKP"",""value"":null,""verdict"":null}}",c3063a75a4a044df4ee1204faf845cccd150b3b0b3c9f135d4ef3a865e2d5810
analysis_field,current_claim_state,"{""GO_HIL_EXTERNAL_SPEED"":null,""GO_HIL_INTEGRATED"":null,""GO_LER_EXTERNAL_SOTA"":null,""GO_LER_REGISTERED_BEST"":null,""GO_LIFETIME_EXTERNAL_SOTA"":null,""GO_LIFETIME_PROJECT_NATIVE"":null,""GO_PHYSICAL_LIFETIME"":null,""GO_PUVIANI_NMF_SURPASS"":null,""OFFICIAL_PUVIANI_EXACT"":null}",02ae27ba5967adb712786b6cf84057584066580616df674fbb6c977b6abcf9d8
analysis_field,performance_state,"{""external_rank"":null,""measured_hil_latency"":null,""physical_lifetime"":null,""protocol_only"":true,""round_ler"":null,""six_state_lifetime"":null}",5f6bb4f57c42b390960af92381c1611b30f975f3dbce568bc2805e90079513cb
analysis_field,forbidden_transfers,"[{""from"":""GO_LER_REGISTERED_BEST"",""rejection"":""MISSING_EXTERNAL_SAME_TASK_LEDGER_AND_AUDIT"",""to"":""GO_LER_EXTERNAL_SOTA"",""transfer_id"":""FT-V2-REGISTERED-TO-EXTERNAL-LER""},{""from"":""GO_LIFETIME_PROJECT_NATIVE"",""rejection"":""MISSING_EXTERNAL_SAME_TASK_LEDGER_AND_AUDIT"",""to"":""GO_LIFETIME_EXTERNAL_SOTA"",""transfer_id"":""FT-V2-PROJECT-TO-EXTERNAL-LIFETIME""},{""from"":""GO_LIFETIME_PROJECT_NATIVE"",""rejection"":""SIMULATION_IS_NOT_QPU_MEASUREMENT"",""to"":""GO_PHYSICAL_LIFETIME"",""transfer_id"":""FT-V2-PROJECT-TO-PHYSICAL""},{""from"":""GO_HIL_INTEGRATED"",""rejection"":""MISSING_EXTERNAL_SAME_BOUNDARY_COMPARATOR"",""to"":""GO_HIL_EXTERNAL_SPEED"",""transfer_id"":""FT-V2-INTEGRATED-TO-EXTERNAL-SPEED""},{""from"":""BOARD_RECORDED_IQ_REPLAY"",""rejection"":""RECORDED_REPLAY_IS_NOT_LIVE_ADC_RAW_IQ"",""to"":""BOARD_LIVE_RAW_IQ_HIL"",""transfer_id"":""FT-V2-RECORDED-TO-LIVE-HIL""},{""from"":""CXXRTL_OR_SYNTHESIS"",""rejection"":""ESTIMATE_IS_NOT_REAL_BOARD_HIL"",""to"":""GO_HIL_INTEGRATED"",""transfer_id"":""FT-V2-PREBOARD-TO-INTEGRATED""},{""from"":""DISCRIMINATOR_OUT_TO_ACTION_6_CYCLES"",""rejection"":""LATENCY_BOUNDARY_MISMATCH"",""to"":""ADC_OR_REPLAY_TO_TRIGGER_LATENCY"",""transfer_id"":""FT-V2-SIX-CYCLE-TO-END-TO-END""},{""from"":""PAPER_CONSTRAINED_REIMPLEMENTATION"",""rejection"":""MISSING_OFFICIAL_ASSETS"",""to"":""OFFICIAL_PUVIANI_EXACT"",""transfer_id"":""FT-V2-PAPER-CONSTRAINED-TO-OFFICIAL""},{""from"":""T9.1.3_SHORT_HORIZON_RESULT"",""rejection"":""OFFICIAL_EXACT_AND_SAME_TASK_REQUIRED"",""to"":""GO_PUVIANI_NMF_SURPASS"",""transfer_id"":""FT-V2-PAPER-CONSTRAINED-TO-SURPASS""},{""from"":""SIX_STATE_LOGICAL_LIFETIME"",""rejection"":""CROSS_LANE_SUBSTITUTION"",""to"":""GO_LER_REGISTERED_BEST"",""transfer_id"":""FT-V2-LIFETIME-TO-LER""},{""from"":""ROUND_LER_SINGLE_MODE"",""rejection"":""CROSS_LANE_SUBSTITUTION"",""to"":""GO_LIFETIME_PROJECT_NATIVE"",""transfer_id"":""FT-V2-LER-TO-LIFETIME""},{""from"":""RAW_IQ_DIGITAL_HIL"",""rejection"":""HARDWARE_SAFETY_OR_SPEED_IS_NOT_LER"",""to"":""GO_LER_REGISTERED_BEST"",""transfer_id"":""FT-V2-HIL-TO-ALGORITHM""},{""from"":""CROSS_CODE_OR_CROSS_BOUNDARY_RESULT"",""rejection"":""SAME_TASK_ELIGIBILITY_REQUIRED"",""to"":""ANY_EXTERNAL_SOTA"",""transfer_id"":""FT-V2-CROSS-TASK-EXTERNAL""},{""from"":""MISSING_OR_UNAVAILABLE_EVIDENCE"",""rejection"":""TYPED_NULL_REQUIRED"",""to"":""ZERO_OR_PASS"",""transfer_id"":""FT-V2-MISSING-TO-ZERO""},{""from"":""GO_LER_SOTA_OR_GO_LIFETIME_OR_GO_HIL_SPEED"",""rejection"":""FRESH_SCOPED_REEVALUATION_REQUIRED"",""to"":""ANY_V2_GO_STATE"",""transfer_id"":""FT-V2-LEGACY-AUTO-MAP""},{""from"":""POINT_ESTIMATE_ONLY"",""rejection"":""SIMULTANEOUS_CI_AND_INDEPENDENT_AUDIT_REQUIRED"",""to"":""ANY_V2_GO_STATE"",""transfer_id"":""FT-V2-POINT-TO-PROMOTION""},{""from"":""T9.7.4_TERMINAL_BLOCKED_NULL"",""rejection"":""NULLABLE_HIL_DEPENDENCY_MUST_NOT_BLOCK_SOFTWARE_VERDICTS"",""to"":""BLOCK_ALGORITHM_ONLY_OR_SPLIT_DECISION"",""transfer_id"":""FT-V2-NULLABLE-HIL-BLOCKS-ALGORITHM""}]",547944dc1e6a9c44bb37e3684d80340aa1b075030f9e9a8bb65925c4d2e96227
analysis_field,revocation_contract,"{""amendment_on_external_cutoff_or_ledger_change"":""NEW_VERSION_AND_REAUDIT_REQUIRED"",""current_ledger"":[],""current_ledger_anchor"":{""entry_count"":0,""head_sha256"":""07e2376a605be9f54923ce3918952db6d8e8da119e151dffd372cbbc1bd49ab9"",""ledger_sha256"":""4f53cda18c2baa0c0354bb5f9a3ecbe5ed12ab4d8e11ba873c2f11161202b945"",""schema_version"":""phase9-scoped-claim-revocation-ledger-v2""},""executor"":""apply_revocations"",""genesis_sha256"":""07e2376a605be9f54923ce3918952db6d8e8da119e151dffd372cbbc1bd49ab9"",""global_triggers"":[""parent report/config/implementation/analysis binding drift"",""task signature, denominator, observation, action, frontend, precision, compute or missingness contract drift"",""formal reselection, hidden best-of-N, omitted timeout/failure/control cost or postselection"",""external cutoff/query/dedup/ledger/eligibility or credible comparator change"",""board, bitstream, source, clock or latency-boundary change"",""QPU, real-GKP, physical baseline or raw-measurement provenance change"",""cross-lane, estimate-as-measured, project-native-as-official or null-as-zero transfer""],""ledger_schema_version"":""phase9-scoped-claim-revocation-ledger-v2"",""ledger_verifier"":""verify_revocation_ledger"",""mode"":""FAIL_CLOSED_APPEND_ONLY"",""on_revocation"":{""prior_evidence"":""RETAIN_BY_HASH_IN_APPEND_ONLY_LEDGER"",""status"":""REVOKED_NULL"",""value"":null,""verdict"":null},""prerequisite_edges"":[{""broader"":""GO_LER_EXTERNAL_SOTA"",""narrower"":""GO_LER_REGISTERED_BEST""},{""broader"":""GO_LIFETIME_EXTERNAL_SOTA"",""narrower"":""GO_LIFETIME_PROJECT_NATIVE""},{""broader"":""GO_PUVIANI_NMF_SURPASS"",""narrower"":""GO_LIFETIME_PROJECT_NATIVE""},{""broader"":""GO_PUVIANI_NMF_SURPASS"",""narrower"":""OFFICIAL_PUVIANI_EXACT""},{""broader"":""GO_HIL_EXTERNAL_SPEED"",""narrower"":""GO_HIL_INTEGRATED""}],""propagation"":""REVOKING_A_NARROWER_PREREQUISITE_REVOKES_THE_BROADER_STATE_TO_NULL_NOT_NO_GO"",""trusted_anchor_rule"":""EVERY_STORED_LEDGER_OR_APPEND_MUST_BE_VERIFIED_AGAINST_AN_EXTERNALLY_PINNED_PRIOR_SNAPSHOT_ANCHOR""}",3309a0af6726dd6deb3e68f38b3a6de8b24658448098016ece65c0cd08a5895a
analysis_field,hierarchy_contract,"{""automatic_transfer"":false,""broader_requires_fresh_evidence"":true,""edges"":[{""broader"":""GO_LER_EXTERNAL_SOTA"",""narrower"":""GO_LER_REGISTERED_BEST""},{""broader"":""GO_LIFETIME_EXTERNAL_SOTA"",""narrower"":""GO_LIFETIME_PROJECT_NATIVE""},{""broader"":""GO_PUVIANI_NMF_SURPASS"",""narrower"":""GO_LIFETIME_PROJECT_NATIVE""},{""broader"":""GO_PUVIANI_NMF_SURPASS"",""narrower"":""OFFICIAL_PUVIANI_EXACT""},{""broader"":""GO_HIL_EXTERNAL_SPEED"",""narrower"":""GO_HIL_INTEGRATED""}]}",12b72b4cf15f768fe9c86bf79d65f5d98c3dc0abf493eeefa78f80f61b0acf18
analysis_field,aggregation_contract,"{""go_single_paper_implies_three_sota"":false,""lane_verdicts_independent"":true,""null_lane_rescue"":""PROHIBITED"",""paper_scope_implies_sota"":false,""weighted_global_score"":""PROHIBITED"",""winner_count"":""PROHIBITED""}",216ef6885e4aa9d4390308c406c9163cf9b603aab6db7e46d79d6dc94f58e16e
analysis_field,downstream_consumption_contract,"{""direct_consumers"":[""T9.4.5"",""T9.6.1"",""T9.6.5"",""T9.8.1""],""generic_mapping_evaluator_rule"":""evaluate_claim_candidate is nonpromotional and never emits a non-null value or verdict"",""qpu_local_block_rule"":""missing Phase-8 QPU/real-GKP evidence blocks only GO_PHYSICAL_LIFETIME"",""release_pin_path"":""configs/phase9/t9_1_5_release_pin.json"",""release_pin_rule"":""consumer must receive the expected child analysis SHA from the canonical release pin; report-selected config/output paths and seal-only acceptance are prohibited"",""required_checks"":[""verify child report live"",""reconstruct child analysis_sha256"",""match immutable T9.1.1 parent analysis_sha256"",""match T9.1.4 registry analysis_sha256 and literature cutoff"",""match canonical T9.1.5 release-pin analysis/config/implementation hashes"",""select exactly one scoped state and satisfy every predicate"",""re-run revocation and forbidden-transfer checks""],""source_column_rule"":""do not modify T9.1.1-semantic-bound task/source cells; child dependency remains in downstream output contract text"",""t9_1_2_local_block_rule"":""missing official assets blocks only OFFICIAL_PUVIANI_EXACT and GO_PUVIANI_NMF_SURPASS"",""t9_7_4_nullable_terminal_rule"":""Done or terminal Blocked/null ledger satisfies dependency resolution; only HIL states remain null""}",74dafdf18613f6ebc7c0ada4f5d7ba1e5250a90dd61807cbe8f1ae2da7a4d2a4
analysis_field,predicate_fixtures,"[{""evidence"":{""_fixture_only"":true,""all_mandatory_baselines_complete"":true,""analysis_sha256"":""9b6bb7d63d37c36087b5cc3f0143ccb9358e7b83906ca9b659c24421ebb1ab94"",""both_independent_backends_passed"":true,""complete_missingness_ledger"":true,""every_eligible_matched_baseline_beaten_with_registered_thresholds"":true,""formal_manifest_sha256"":""e0b6ecd7650684d7a930e906560ecc6b4c1207e1ee3138f2b660a0481c076d22"",""formal_phase9_complete"":true,""independent_recompute_passed"":true,""parent_v1_live_verified"":true,""same_task_signature"":true,""simultaneous_ci_gate_passed"":true,""source_data_sha256"":""8bfdf42bc547aead4b610f7a40072132e5e0faa36ad8ce5978c1d394293f2511"",""t9_1_4_registry_live_verified"":true,""zero_postselection"":true},""fixture_id"":""FIX-GO_LER_REGISTERED_BEST-PASS"",""kind"":""SYNTHETIC_SCHEMA_PASS_NOT_SCIENTIFIC_RESULT"",""outcome"":{""fixture_only"":true,""missing_conditions"":[],""state_id"":""GO_LER_REGISTERED_BEST"",""status"":""SYNTHETIC_SCHEMA_COMPLETE_NULL"",""value"":null,""verdict"":null},""state_id"":""GO_LER_REGISTERED_BEST""},{""evidence"":{""_fixture_only"":true,""all_mandatory_baselines_complete"":true,""analysis_sha256"":""9b6bb7d63d37c36087b5cc3f0143ccb9358e7b83906ca9b659c24421ebb1ab94"",""both_independent_backends_passed"":true,""complete_missingness_ledger"":true,""every_eligible_matched_baseline_beaten_with_registered_thresholds"":true,""formal_manifest_sha256"":""e0b6ecd7650684d7a930e906560ecc6b4c1207e1ee3138f2b660a0481c076d22"",""formal_phase9_complete"":false,""independent_recompute_passed"":true,""parent_v1_live_verified"":true,""same_task_signature"":true,""simultaneous_ci_gate_passed"":true,""source_data_sha256"":""8bfdf42bc547aead4b610f7a40072132e5e0faa36ad8ce5978c1d394293f2511"",""t9_1_4_registry_live_verified"":true,""zero_postselection"":true},""fixture_id"":""FIX-GO_LER_REGISTERED_BEST-INCOMPLETE"",""kind"":""SYNTHETIC_SINGLE_PREDICATE_FAILURE"",""outcome"":{""fixture_only"":true,""missing_conditions"":[""formal_phase9_complete""],""state_id"":""GO_LER_REGISTERED_BEST"",""status"":""SYNTHETIC_INCOMPLETE_NULL"",""value"":null,""verdict"":null},""state_id"":""GO_LER_REGISTERED_BEST""},{""evidence"":{""_fixture_only"":true,""all_mandatory_baselines_complete"":true,""analysis_sha256"":""9b6bb7d63d37c36087b5cc3f0143ccb9358e7b83906ca9b659c24421ebb1ab94"",""both_independent_backends_passed"":true,""complete_missingness_ledger"":true,""every_eligible_matched_baseline_beaten_with_registered_thresholds"":true,""formal_manifest_sha256"":""e0b6ecd7650684d7a930e906560ecc6b4c1207e1ee3138f2b660a0481c076d22"",""formal_phase9_complete"":true,""independent_recompute_passed"":true,""parent_v1_live_verified"":true,""same_task_signature"":true,""simultaneous_ci_gate_passed"":true,""source_data_sha256"":""8bfdf42bc547aead4b610f7a40072132e5e0faa36ad8ce5978c1d394293f2511"",""t9_1_4_registry_live_verified"":true,""zero_postselection"":true},""fixture_id"":""FIX-GO_LER_REGISTERED_BEST-REVOKED"",""kind"":""SYNTHETIC_REVOCATION_PROPAGATION"",""outcome"":{""fixture_only"":true,""missing_conditions"":[],""state_id"":""GO_LER_REGISTERED_BEST"",""status"":""SYNTHETIC_REVOKED_NULL"",""value"":null,""verdict"":null},""state_id"":""GO_LER_REGISTERED_BEST""},{""evidence"":{""_fixture_only"":true,""all_credible_in_window_records_screened"":true,""all_external_same_task_results_complete"":true,""comparator_ledger_sha256"":""7ad5b2600c00ee549886d61dd63ae4a61d0b8cdc48487a31b7d2cae2030d57c3"",""complete_deduplicated_comparator_ledger"":true,""every_external_same_task_comparator_beaten_with_simultaneous_ci"":true,""external_evaluation_manifest_sha256"":""3bdf02f0238f2f901c49ddc0401a8d01e1f3ed3d0dc8d7e836e387664bfc1ef7"",""external_same_task_eligible_count"":1,""go_ler_registered_best"":true,""independent_audit_sha256"":""74ac41e21eb82c6e92b25df4219f32103b7b4a563ef0cd30125d8f8144f45e16"",""independent_external_audit_passed"":true,""literature_cutoff_bound"":true,""unresolved_eligible_stronger_comparator_count"":0},""fixture_id"":""FIX-GO_LER_EXTERNAL_SOTA-PASS"",""kind"":""SYNTHETIC_SCHEMA_PASS_NOT_SCIENTIFIC_RESULT"",""outcome"":{""fixture_only"":true,""missing_conditions"":[],""state_id"":""GO_LER_EXTERNAL_SOTA"",""status"":""SYNTHETIC_SCHEMA_COMPLETE_NULL"",""value"":null,""verdict"":null},""state_id"":""GO_LER_EXTERNAL_SOTA""},{""evidence"":{""_fixture_only"":true,""all_credible_in_window_records_screened"":true,""all_external_same_task_results_complete"":true,""comparator_ledger_sha256"":""7ad5b2600c00ee549886d61dd63ae4a61d0b8cdc48487a31b7d2cae2030d57c3"",""complete_deduplicated_comparator_ledger"":true,""every_external_same_task_comparator_beaten_with_simultaneous_ci"":true,""external_evaluation_manifest_sha256"":""3bdf02f0238f2f901c49ddc0401a8d01e1f3ed3d0dc8d7e836e387664bfc1ef7"",""external_same_task_eligible_count"":1,""go_ler_registered_best"":false,""independent_audit_sha256"":""74ac41e21eb82c6e92b25df4219f32103b7b4a563ef0cd30125d8f8144f45e16"",""independent_external_audit_passed"":true,""literature_cutoff_bound"":true,""unresolved_eligible_stronger_comparator_count"":0},""fixture_id"":""FIX-GO_LER_EXTERNAL_SOTA-INCOMPLETE"",""kind"":""SYNTHETIC_SINGLE_PREDICATE_FAILURE"",""outcome"":{""fixture_only"":true,""missing_conditions"":[""go_ler_registered_best""],""state_id"":""GO_LER_EXTERNAL_SOTA"",""status"":""SYNTHETIC_INCOMPLETE_NULL"",""value"":null,""verdict"":null},""state_id"":""GO_LER_EXTERNAL_SOTA""},{""evidence"":{""_fixture_only"":true,""all_credible_in_window_records_screened"":true,""all_external_same_task_results_complete"":true,""comparator_ledger_sha256"":""7ad5b2600c00ee549886d61dd63ae4a61d0b8cdc48487a31b7d2cae2030d57c3"",""complete_deduplicated_comparator_ledger"":true,""every_external_same_task_comparator_beaten_with_simultaneous_ci"":true,""external_evaluation_manifest_sha256"":""3bdf02f0238f2f901c49ddc0401a8d01e1f3ed3d0dc8d7e836e387664bfc1ef7"",""external_same_task_eligible_count"":1,""go_ler_registered_best"":true,""independent_audit_sha256"":""74ac41e21eb82c6e92b25df4219f32103b7b4a563ef0cd30125d8f8144f45e16"",""independent_external_audit_passed"":true,""literature_cutoff_bound"":true,""unresolved_eligible_stronger_comparator_count"":0},""fixture_id"":""FIX-GO_LER_EXTERNAL_SOTA-REVOKED"",""kind"":""SYNTHETIC_REVOCATION_PROPAGATION"",""outcome"":{""fixture_only"":true,""missing_conditions"":[],""state_id"":""GO_LER_EXTERNAL_SOTA"",""status"":""SYNTHETIC_REVOKED_NULL"",""value"":null,""verdict"":null},""state_id"":""GO_LER_EXTERNAL_SOTA""},{""evidence"":{""_fixture_only"":true,""analysis_sha256"":""62a83359ba0adc1a5c2760f5094ca42a604d4041188bedabc0b1ee35b8284910"",""both_independent_backends_passed"":true,""control_reset_fallback_cost_included"":true,""formal_phase9_complete"":true,""independent_recompute_passed"":true,""lifetime_manifest_sha256"":""5d4fc9ff0279f86e11f99eea464f30fae4371a8d5458462dee66bc285ea667df"",""lifetime_power_and_estimand_frozen_preoutcome"":true,""minimum_over_six_states_gain_gate_passed"":true,""no_postselection"":true,""simultaneous_ci_gate_passed"":true,""six_state_full_denominator"":true,""source_data_sha256"":""3c90a963f94cb007c063d480b6f57ff7dc8261b9cfbc1b7458795d1fd9b15045"",""survival_and_logical_channel_fit_qualified"":true},""fixture_id"":""FIX-GO_LIFETIME_PROJECT_NATIVE-PASS"",""kind"":""SYNTHETIC_SCHEMA_PASS_NOT_SCIENTIFIC_RESULT"",""outcome"":{""fixture_only"":true,""missing_conditions"":[],""state_id"":""GO_LIFETIME_PROJECT_NATIVE"",""status"":""SYNTHETIC_SCHEMA_COMPLETE_NULL"",""value"":null,""verdict"":null},""state_id"":""GO_LIFETIME_PROJECT_NATIVE""},{""evidence"":{""_fixture_only"":true,""analysis_sha256"":""62a83359ba0adc1a5c2760f5094ca42a604d4041188bedabc0b1ee35b8284910"",""both_independent_backends_passed"":true,""control_reset_fallback_cost_included"":true,""formal_phase9_complete"":true,""independent_recompute_passed"":true,""lifetime_manifest_sha256"":""5d4fc9ff0279f86e11f99eea464f30fae4371a8d5458462dee66bc285ea667df"",""lifetime_power_and_estimand_frozen_preoutcome"":false,""minimum_over_six_states_gain_gate_passed"":true,""no_postselection"":true,""simultaneous_ci_gate_passed"":true,""six_state_full_denominator"":true,""source_data_sha256"":""3c90a963f94cb007c063d480b6f57ff7dc8261b9cfbc1b7458795d1fd9b15045"",""survival_and_logical_channel_fit_qualified"":true},""fixture_id"":""FIX-GO_LIFETIME_PROJECT_NATIVE-INCOMPLETE"",""kind"":""SYNTHETIC_SINGLE_PREDICATE_FAILURE"",""outcome"":{""fixture_only"":true,""missing_conditions"":[""lifetime_power_and_estimand_frozen_preoutcome""],""state_id"":""GO_LIFETIME_PROJECT_NATIVE"",""status"":""SYNTHETIC_INCOMPLETE_NULL"",""value"":null,""verdict"":null},""state_id"":""GO_LIFETIME_PROJECT_NATIVE""},{""evidence"":{""_fixture_only"":true,""analysis_sha256"":""62a83359ba0adc1a5c2760f5094ca42a604d4041188bedabc0b1ee35b8284910"",""both_independent_backends_passed"":true,""control_reset_fallback_cost_included"":true,""formal_phase9_complete"":true,""independent_recompute_passed"":true,""lifetime_manifest_sha256"":""5d4fc9ff0279f86e11f99eea464f30fae4371a8d5458462dee66bc285ea667df"",""lifetime_power_and_estimand_frozen_preoutcome"":true,""minimum_over_six_states_gain_gate_passed"":true,""no_postselection"":true,""simultaneous_ci_gate_passed"":true,""six_state_full_denominator"":true,""source_data_sha256"":""3c90a963f94cb007c063d480b6f57ff7dc8261b9cfbc1b7458795d1fd9b15045"",""survival_and_logical_channel_fit_qualified"":true},""fixture_id"":""FIX-GO_LIFETIME_PROJECT_NATIVE-REVOKED"",""kind"":""SYNTHETIC_REVOCATION_PROPAGATION"",""outcome"":{""fixture_only"":true,""missing_conditions"":[],""state_id"":""GO_LIFETIME_PROJECT_NATIVE"",""status"":""SYNTHETIC_REVOKED_NULL"",""value"":null,""verdict"":null},""state_id"":""GO_LIFETIME_PROJECT_NATIVE""},{""evidence"":{""_fixture_only"":true,""all_credible_in_window_records_screened"":true,""all_external_same_task_results_complete"":true,""comparator_ledger_sha256"":""971bcbf406582fd735bd92934f2cecdd206a2fad222deb2fc5f15a7465aca410"",""complete_deduplicated_comparator_ledger"":true,""every_external_same_task_comparator_beaten_with_simultaneous_ci"":true,""external_lifetime_manifest_sha256"":""eb85923eb351113a3dfd9b4cd1f81703453185b7003f9ec2088f0e4bc7623c34"",""external_same_task_eligible_count"":1,""go_lifetime_project_native"":true,""independent_audit_sha256"":""1f2a3258012eb64fc7e1c7508bc0fed0982652767bbed36c55f61866d8ec9395"",""independent_external_audit_passed"":true,""literature_cutoff_bound"":true,""unresolved_eligible_stronger_comparator_count"":0},""fixture_id"":""FIX-GO_LIFETIME_EXTERNAL_SOTA-PASS"",""kind"":""SYNTHETIC_SCHEMA_PASS_NOT_SCIENTIFIC_RESULT"",""outcome"":{""fixture_only"":true,""missing_conditions"":[],""state_id"":""GO_LIFETIME_EXTERNAL_SOTA"",""status"":""SYNTHETIC_SCHEMA_COMPLETE_NULL"",""value"":null,""verdict"":null},""state_id"":""GO_LIFETIME_EXTERNAL_SOTA""},{""evidence"":{""_fixture_only"":true,""all_credible_in_window_records_screened"":true,""all_external_same_task_results_complete"":true,""comparator_ledger_sha256"":""971bcbf406582fd735bd92934f2cecdd206a2fad222deb2fc5f15a7465aca410"",""complete_deduplicated_comparator_ledger"":true,""every_external_same_task_comparator_beaten_with_simultaneous_ci"":true,""external_lifetime_manifest_sha256"":""eb85923eb351113a3dfd9b4cd1f81703453185b7003f9ec2088f0e4bc7623c34"",""external_same_task_eligible_count"":1,""go_lifetime_project_native"":false,""independent_audit_sha256"":""1f2a3258012eb64fc7e1c7508bc0fed0982652767bbed36c55f61866d8ec9395"",""independent_external_audit_passed"":true,""literature_cutoff_bound"":true,""unresolved_eligible_stronger_comparator_count"":0},""fixture_id"":""FIX-GO_LIFETIME_EXTERNAL_SOTA-INCOMPLETE"",""kind"":""SYNTHETIC_SINGLE_PREDICATE_FAILURE"",""outcome"":{""fixture_only"":true,""missing_conditions"":[""go_lifetime_project_native""],""state_id"":""GO_LIFETIME_EXTERNAL_SOTA"",""status"":""SYNTHETIC_INCOMPLETE_NULL"",""value"":null,""verdict"":null},""state_id"":""GO_LIFETIME_EXTERNAL_SOTA""},{""evidence"":{""_fixture_only"":true,""all_credible_in_window_records_screened"":true,""all_external_same_task_results_complete"":true,""comparator_ledger_sha256"":""971bcbf406582fd735bd92934f2cecdd206a2fad222deb2fc5f15a7465aca410"",""complete_deduplicated_comparator_ledger"":true,""every_external_same_task_comparator_beaten_with_simultaneous_ci"":true,""external_lifetime_manifest_sha256"":""eb85923eb351113a3dfd9b4cd1f81703453185b7003f9ec2088f0e4bc7623c34"",""external_same_task_eligible_count"":1,""go_lifetime_project_native"":true,""independent_audit_sha256"":""1f2a3258012eb64fc7e1c7508bc0fed0982652767bbed36c55f61866d8ec9395"",""independent_external_audit_passed"":true,""literature_cutoff_bound"":true,""unresolved_eligible_stronger_comparator_count"":0},""fixture_id"":""FIX-GO_LIFETIME_EXTERNAL_SOTA-REVOKED"",""kind"":""SYNTHETIC_REVOCATION_PROPAGATION"",""outcome"":{""fixture_only"":true,""missing_conditions"":[],""state_id"":""GO_LIFETIME_EXTERNAL_SOTA"",""status"":""SYNTHETIC_REVOKED_NULL"",""value"":null,""verdict"":null},""state_id"":""GO_LIFETIME_EXTERNAL_SOTA""},{""evidence"":{""_fixture_only"":true,""exact_environment_and_preprocessing_reproduced"":true,""independent_audit_sha256"":""82b20c67f3f8e26b84a37878036badce60a0cf792faf249ebb432543f20022ee"",""independent_reproduction_audit_passed"":true,""official_asset_manifest_sha256"":""22151638746bb4108108daf12648b2b552d51a74dfd6f1ef6772debe7021e70f"",""official_checkpoint_available"":true,""official_evaluation_source_data_sha256"":""bfbb4cbc23733f41d60cb1933105675b4a9f9b4185a040842f29160d86b09a2e"",""official_repository_provenance_verified"":true,""official_selection_ledger_available"":true,""official_six_state_evaluator_available"":true,""official_twenty_agent_seed_set_available"":true},""fixture_id"":""FIX-OFFICIAL_PUVIANI_EXACT-PASS"",""kind"":""SYNTHETIC_SCHEMA_PASS_NOT_SCIENTIFIC_RESULT"",""outcome"":{""fixture_only"":true,""missing_conditions"":[],""state_id"":""OFFICIAL_PUVIANI_EXACT"",""status"":""SYNTHETIC_SCHEMA_COMPLETE_NULL"",""value"":null,""verdict"":null},""state_id"":""OFFICIAL_PUVIANI_EXACT""},{""evidence"":{""_fixture_only"":true,""exact_environment_and_preprocessing_reproduced"":true,""independent_audit_sha256"":""82b20c67f3f8e26b84a37878036badce60a0cf792faf249ebb432543f20022ee"",""independent_reproduction_audit_passed"":true,""official_asset_manifest_sha256"":""22151638746bb4108108daf12648b2b552d51a74dfd6f1ef6772debe7021e70f"",""official_checkpoint_available"":true,""official_evaluation_source_data_sha256"":""bfbb4cbc23733f41d60cb1933105675b4a9f9b4185a040842f29160d86b09a2e"",""official_repository_provenance_verified"":false,""official_selection_ledger_available"":true,""official_six_state_evaluator_available"":true,""official_twenty_agent_seed_set_available"":true},""fixture_id"":""FIX-OFFICIAL_PUVIANI_EXACT-INCOMPLETE"",""kind"":""SYNTHETIC_SINGLE_PREDICATE_FAILURE"",""outcome"":{""fixture_only"":true,""missing_conditions"":[""official_repository_provenance_verified""],""state_id"":""OFFICIAL_PUVIANI_EXACT"",""status"":""SYNTHETIC_INCOMPLETE_NULL"",""value"":null,""verdict"":null},""state_id"":""OFFICIAL_PUVIANI_EXACT""},{""evidence"":{""_fixture_only"":true,""exact_environment_and_preprocessing_reproduced"":true,""independent_audit_sha256"":""82b20c67f3f8e26b84a37878036badce60a0cf792faf249ebb432543f20022ee"",""independent_reproduction_audit_passed"":true,""official_asset_manifest_sha256"":""22151638746bb4108108daf12648b2b552d51a74dfd6f1ef6772debe7021e70f"",""official_checkpoint_available"":true,""official_evaluation_source_data_sha256"":""bfbb4cbc23733f41d60cb1933105675b4a9f9b4185a040842f29160d86b09a2e"",""official_repository_provenance_verified"":true,""official_selection_ledger_available"":true,""official_six_state_evaluator_available"":true,""official_twenty_agent_seed_set_available"":true},""fixture_id"":""FIX-OFFICIAL_PUVIANI_EXACT-REVOKED"",""kind"":""SYNTHETIC_REVOCATION_PROPAGATION"",""outcome"":{""fixture_only"":true,""missing_conditions"":[],""state_id"":""OFFICIAL_PUVIANI_EXACT"",""status"":""SYNTHETIC_REVOKED_NULL"",""value"":null,""verdict"":null},""state_id"":""OFFICIAL_PUVIANI_EXACT""},{""evidence"":{""_fixture_only"":true,""analysis_sha256"":""fc237013199024e34241296fd7e6373b6d17ed4b38a27b57f66a7da06ba47382"",""go_lifetime_project_native"":true,""independent_recompute_passed"":true,""official_puviani_exact"":true,""paired_comparison_manifest_sha256"":""ede92816bcb7fd6914ff58b53caa26bdbaa4c1ee20a96f770ef41cd67c1c5362"",""same_control_reset_postselection_accounting"":true,""same_six_state_denominator_and_horizon"":true,""same_task_signature"":true,""simultaneous_ci_gate_passed"":true,""source_data_sha256"":""c40a7dabebb789a3c8abe2f49182a977fa2338ceec57f6ff05f6ef24a271e68d""},""fixture_id"":""FIX-GO_PUVIANI_NMF_SURPASS-PASS"",""kind"":""SYNTHETIC_SCHEMA_PASS_NOT_SCIENTIFIC_RESULT"",""outcome"":{""fixture_only"":true,""missing_conditions"":[],""state_id"":""GO_PUVIANI_NMF_SURPASS"",""status"":""SYNTHETIC_SCHEMA_COMPLETE_NULL"",""value"":null,""verdict"":null},""state_id"":""GO_PUVIANI_NMF_SURPASS""},{""evidence"":{""_fixture_only"":true,""analysis_sha256"":""fc237013199024e34241296fd7e6373b6d17ed4b38a27b57f66a7da06ba47382"",""go_lifetime_project_native"":true,""independent_recompute_passed"":true,""official_puviani_exact"":false,""paired_comparison_manifest_sha256"":""ede92816bcb7fd6914ff58b53caa26bdbaa4c1ee20a96f770ef41cd67c1c5362"",""same_control_reset_postselection_accounting"":true,""same_six_state_denominator_and_horizon"":true,""same_task_signature"":true,""simultaneous_ci_gate_passed"":true,""source_data_sha256"":""c40a7dabebb789a3c8abe2f49182a977fa2338ceec57f6ff05f6ef24a271e68d""},""fixture_id"":""FIX-GO_PUVIANI_NMF_SURPASS-INCOMPLETE"",""kind"":""SYNTHETIC_SINGLE_PREDICATE_FAILURE"",""outcome"":{""fixture_only"":true,""missing_conditions"":[""official_puviani_exact""],""state_id"":""GO_PUVIANI_NMF_SURPASS"",""status"":""SYNTHETIC_INCOMPLETE_NULL"",""value"":null,""verdict"":null},""state_id"":""GO_PUVIANI_NMF_SURPASS""},{""evidence"":{""_fixture_only"":true,""analysis_sha256"":""fc237013199024e34241296fd7e6373b6d17ed4b38a27b57f66a7da06ba47382"",""go_lifetime_project_native"":true,""independent_recompute_passed"":true,""official_puviani_exact"":true,""paired_comparison_manifest_sha256"":""ede92816bcb7fd6914ff58b53caa26bdbaa4c1ee20a96f770ef41cd67c1c5362"",""same_control_reset_postselection_accounting"":true,""same_six_state_denominator_and_horizon"":true,""same_task_signature"":true,""simultaneous_ci_gate_passed"":true,""source_data_sha256"":""c40a7dabebb789a3c8abe2f49182a977fa2338ceec57f6ff05f6ef24a271e68d""},""fixture_id"":""FIX-GO_PUVIANI_NMF_SURPASS-REVOKED"",""kind"":""SYNTHETIC_REVOCATION_PROPAGATION"",""outcome"":{""fixture_only"":true,""missing_conditions"":[],""state_id"":""GO_PUVIANI_NMF_SURPASS"",""status"":""SYNTHETIC_REVOKED_NULL"",""value"":null,""verdict"":null},""state_id"":""GO_PUVIANI_NMF_SURPASS""},{""evidence"":{""_fixture_only"":true,""analysis_sha256"":""8dfd0fd78bf3062431ecdc2c9a5175c3ade91b6be8e02eccf1446ecbc701f89f"",""control_reset_fallback_cost_included"":true,""independent_physical_audit_passed"":true,""independent_qpu_run_count"":1,""matched_idle_memory_baseline_measured"":true,""measured_physical_event_count"":1,""measurement_calibration_and_uncertainty_complete"":true,""no_postselection"":true,""physical_break_even_definition_frozen"":true,""physical_break_even_gate_passed"":true,""physical_time_axis_measured"":true,""qpu_measured"":true,""qpu_run_manifest_sha256"":""c803e601faf9484b6d6ce76aca15ad0d3c7526179595c0994c8ab1057e0ac725"",""raw_measurement_data_sha256"":""350b7c93871679d88eaef256d5b02a291271737eba577c8dec2adb2e8ad2e038"",""real_gkp_state"":true,""six_state_full_denominator"":true},""fixture_id"":""FIX-GO_PHYSICAL_LIFETIME-PASS"",""kind"":""SYNTHETIC_SCHEMA_PASS_NOT_SCIENTIFIC_RESULT"",""outcome"":{""fixture_only"":true,""missing_conditions"":[],""state_id"":""GO_PHYSICAL_LIFETIME"",""status"":""SYNTHETIC_SCHEMA_COMPLETE_NULL"",""value"":null,""verdict"":null},""state_id"":""GO_PHYSICAL_LIFETIME""},{""evidence"":{""_fixture_only"":true,""analysis_sha256"":""8dfd0fd78bf3062431ecdc2c9a5175c3ade91b6be8e02eccf1446ecbc701f89f"",""control_reset_fallback_cost_included"":true,""independent_physical_audit_passed"":true,""independent_qpu_run_count"":1,""matched_idle_memory_baseline_measured"":true,""measured_physical_event_count"":1,""measurement_calibration_and_uncertainty_complete"":true,""no_postselection"":true,""physical_break_even_definition_frozen"":true,""physical_break_even_gate_passed"":true,""physical_time_axis_measured"":true,""qpu_measured"":false,""qpu_run_manifest_sha256"":""c803e601faf9484b6d6ce76aca15ad0d3c7526179595c0994c8ab1057e0ac725"",""raw_measurement_data_sha256"":""350b7c93871679d88eaef256d5b02a291271737eba577c8dec2adb2e8ad2e038"",""real_gkp_state"":true,""six_state_full_denominator"":true},""fixture_id"":""FIX-GO_PHYSICAL_LIFETIME-INCOMPLETE"",""kind"":""SYNTHETIC_SINGLE_PREDICATE_FAILURE"",""outcome"":{""fixture_only"":true,""missing_conditions"":[""qpu_measured""],""state_id"":""GO_PHYSICAL_LIFETIME"",""status"":""SYNTHETIC_INCOMPLETE_NULL"",""value"":null,""verdict"":null},""state_id"":""GO_PHYSICAL_LIFETIME""},{""evidence"":{""_fixture_only"":true,""analysis_sha256"":""8dfd0fd78bf3062431ecdc2c9a5175c3ade91b6be8e02eccf1446ecbc701f89f"",""control_reset_fallback_cost_included"":true,""independent_physical_audit_passed"":true,""independent_qpu_run_count"":1,""matched_idle_memory_baseline_measured"":true,""measured_physical_event_count"":1,""measurement_calibration_and_uncertainty_complete"":true,""no_postselection"":true,""physical_break_even_definition_frozen"":true,""physical_break_even_gate_passed"":true,""physical_time_axis_measured"":true,""qpu_measured"":true,""qpu_run_manifest_sha256"":""c803e601faf9484b6d6ce76aca15ad0d3c7526179595c0994c8ab1057e0ac725"",""raw_measurement_data_sha256"":""350b7c93871679d88eaef256d5b02a291271737eba577c8dec2adb2e8ad2e038"",""real_gkp_state"":true,""six_state_full_denominator"":true},""fixture_id"":""FIX-GO_PHYSICAL_LIFETIME-REVOKED"",""kind"":""SYNTHETIC_REVOCATION_PROPAGATION"",""outcome"":{""fixture_only"":true,""missing_conditions"":[],""state_id"":""GO_PHYSICAL_LIFETIME"",""status"":""SYNTHETIC_REVOKED_NULL"",""value"":null,""verdict"":null},""state_id"":""GO_PHYSICAL_LIFETIME""},{""evidence"":{""_fixture_only"":true,""action_to_trigger_measured"":true,""bit_mismatch_count"":0,""bitstream_platform_clock_provenance_complete"":true,""bitstream_sha256"":""c4503a8f10447c32e2b8f00da40829d80bc964457f946a9cd69478f4165ad43d"",""board_live_raw_iq_hil_qualified"":true,""board_manifest_sha256"":""4b82c7fa0dab60651e9682d8072b44efb7bf8aa79a81723bedbdc218b4513739"",""board_recorded_iq_replay_qualified"":true,""deadline_miss_count"":0,""deadline_missingness_failure_ledger_complete"":true,""discriminator_to_action_measured"":true,""independent_build_seed_count"":3,""independent_hil_audit_passed"":true,""latency_source_data_sha256"":""a26e7f59108de6508e2a9764ab314989f4fce3c74e655704e6df0510210cd5d9"",""live_adc_to_discriminator_measured"":true,""measured_event_count"":1,""measured_transaction_count"":1000000,""raw_trace_sha256"":""f2d71e973abbf76d6098b2e2dceed2ab5a1eeef123d4b3d6336d20f38c498cfe"",""real_board_present"":true,""recorded_replay_to_discriminator_measured"":true,""silent_overflow_count"":0,""transport_and_backpressure_measured"":true,""undefined_action_count"":0},""fixture_id"":""FIX-GO_HIL_INTEGRATED-PASS"",""kind"":""SYNTHETIC_SCHEMA_PASS_NOT_SCIENTIFIC_RESULT"",""outcome"":{""fixture_only"":true,""missing_conditions"":[],""state_id"":""GO_HIL_INTEGRATED"",""status"":""SYNTHETIC_SCHEMA_COMPLETE_NULL"",""value"":null,""verdict"":null},""state_id"":""GO_HIL_INTEGRATED""},{""evidence"":{""_fixture_only"":true,""action_to_trigger_measured"":true,""bit_mismatch_count"":0,""bitstream_platform_clock_provenance_complete"":true,""bitstream_sha256"":""c4503a8f10447c32e2b8f00da40829d80bc964457f946a9cd69478f4165ad43d"",""board_live_raw_iq_hil_qualified"":true,""board_manifest_sha256"":""4b82c7fa0dab60651e9682d8072b44efb7bf8aa79a81723bedbdc218b4513739"",""board_recorded_iq_replay_qualified"":true,""deadline_miss_count"":0,""deadline_missingness_failure_ledger_complete"":true,""discriminator_to_action_measured"":true,""independent_build_seed_count"":3,""independent_hil_audit_passed"":true,""latency_source_data_sha256"":""a26e7f59108de6508e2a9764ab314989f4fce3c74e655704e6df0510210cd5d9"",""live_adc_to_discriminator_measured"":true,""measured_event_count"":1,""measured_transaction_count"":1000000,""raw_trace_sha256"":""f2d71e973abbf76d6098b2e2dceed2ab5a1eeef123d4b3d6336d20f38c498cfe"",""real_board_present"":false,""recorded_replay_to_discriminator_measured"":true,""silent_overflow_count"":0,""transport_and_backpressure_measured"":true,""undefined_action_count"":0},""fixture_id"":""FIX-GO_HIL_INTEGRATED-INCOMPLETE"",""kind"":""SYNTHETIC_SINGLE_PREDICATE_FAILURE"",""outcome"":{""fixture_only"":true,""missing_conditions"":[""real_board_present""],""state_id"":""GO_HIL_INTEGRATED"",""status"":""SYNTHETIC_INCOMPLETE_NULL"",""value"":null,""verdict"":null},""state_id"":""GO_HIL_INTEGRATED""},{""evidence"":{""_fixture_only"":true,""action_to_trigger_measured"":true,""bit_mismatch_count"":0,""bitstream_platform_clock_provenance_complete"":true,""bitstream_sha256"":""c4503a8f10447c32e2b8f00da40829d80bc964457f946a9cd69478f4165ad43d"",""board_live_raw_iq_hil_qualified"":true,""board_manifest_sha256"":""4b82c7fa0dab60651e9682d8072b44efb7bf8aa79a81723bedbdc218b4513739"",""board_recorded_iq_replay_qualified"":true,""deadline_miss_count"":0,""deadline_missingness_failure_ledger_complete"":true,""discriminator_to_action_measured"":true,""independent_build_seed_count"":3,""independent_hil_audit_passed"":true,""latency_source_data_sha256"":""a26e7f59108de6508e2a9764ab314989f4fce3c74e655704e6df0510210cd5d9"",""live_adc_to_discriminator_measured"":true,""measured_event_count"":1,""measured_transaction_count"":1000000,""raw_trace_sha256"":""f2d71e973abbf76d6098b2e2dceed2ab5a1eeef123d4b3d6336d20f38c498cfe"",""real_board_present"":true,""recorded_replay_to_discriminator_measured"":true,""silent_overflow_count"":0,""transport_and_backpressure_measured"":true,""undefined_action_count"":0},""fixture_id"":""FIX-GO_HIL_INTEGRATED-REVOKED"",""kind"":""SYNTHETIC_REVOCATION_PROPAGATION"",""outcome"":{""fixture_only"":true,""missing_conditions"":[],""state_id"":""GO_HIL_INTEGRATED"",""status"":""SYNTHETIC_REVOKED_NULL"",""value"":null,""verdict"":null},""state_id"":""GO_HIL_INTEGRATED""},{""evidence"":{""_fixture_only"":true,""all_external_same_task_results_complete"":true,""complete_external_hardware_comparator_ledger"":true,""external_same_boundary_eligible_count"":1,""external_speed_manifest_sha256"":""98c4f4a4749ba5df6c9e168ef2157812afea2d47ade97bc272a6610f48bfabe6"",""go_hil_integrated"":true,""hardware_comparator_ledger_sha256"":""a3525949ffb65bd14261b285a6e0fac1c71930df192caf49ce1317c2a5b7ae95"",""independent_audit_sha256"":""674357882e403a6a2c8832dbc0fdaec23b3460f5a3d44f8ff790f3b645e4434f"",""independent_external_audit_passed"":true,""literature_cutoff_bound"":true,""paired_speed_superiority_simultaneous_ci_passed"":true,""resource_power_deadline_context_complete"":true,""same_code_problem_input_precision_and_latency_boundary"":true,""unresolved_eligible_stronger_comparator_count"":0},""fixture_id"":""FIX-GO_HIL_EXTERNAL_SPEED-PASS"",""kind"":""SYNTHETIC_SCHEMA_PASS_NOT_SCIENTIFIC_RESULT"",""outcome"":{""fixture_only"":true,""missing_conditions"":[],""state_id"":""GO_HIL_EXTERNAL_SPEED"",""status"":""SYNTHETIC_SCHEMA_COMPLETE_NULL"",""value"":null,""verdict"":null},""state_id"":""GO_HIL_EXTERNAL_SPEED""},{""evidence"":{""_fixture_only"":true,""all_external_same_task_results_complete"":true,""complete_external_hardware_comparator_ledger"":true,""external_same_boundary_eligible_count"":1,""external_speed_manifest_sha256"":""98c4f4a4749ba5df6c9e168ef2157812afea2d47ade97bc272a6610f48bfabe6"",""go_hil_integrated"":false,""hardware_comparator_ledger_sha256"":""a3525949ffb65bd14261b285a6e0fac1c71930df192caf49ce1317c2a5b7ae95"",""independent_audit_sha256"":""674357882e403a6a2c8832dbc0fdaec23b3460f5a3d44f8ff790f3b645e4434f"",""independent_external_audit_passed"":true,""literature_cutoff_bound"":true,""paired_speed_superiority_simultaneous_ci_passed"":true,""resource_power_deadline_context_complete"":true,""same_code_problem_input_precision_and_latency_boundary"":true,""unresolved_eligible_stronger_comparator_count"":0},""fixture_id"":""FIX-GO_HIL_EXTERNAL_SPEED-INCOMPLETE"",""kind"":""SYNTHETIC_SINGLE_PREDICATE_FAILURE"",""outcome"":{""fixture_only"":true,""missing_conditions"":[""go_hil_integrated""],""state_id"":""GO_HIL_EXTERNAL_SPEED"",""status"":""SYNTHETIC_INCOMPLETE_NULL"",""value"":null,""verdict"":null},""state_id"":""GO_HIL_EXTERNAL_SPEED""},{""evidence"":{""_fixture_only"":true,""all_external_same_task_results_complete"":true,""complete_external_hardware_comparator_ledger"":true,""external_same_boundary_eligible_count"":1,""external_speed_manifest_sha256"":""98c4f4a4749ba5df6c9e168ef2157812afea2d47ade97bc272a6610f48bfabe6"",""go_hil_integrated"":true,""hardware_comparator_ledger_sha256"":""a3525949ffb65bd14261b285a6e0fac1c71930df192caf49ce1317c2a5b7ae95"",""independent_audit_sha256"":""674357882e403a6a2c8832dbc0fdaec23b3460f5a3d44f8ff790f3b645e4434f"",""independent_external_audit_passed"":true,""literature_cutoff_bound"":true,""paired_speed_superiority_simultaneous_ci_passed"":true,""resource_power_deadline_context_complete"":true,""same_code_problem_input_precision_and_latency_boundary"":true,""unresolved_eligible_stronger_comparator_count"":0},""fixture_id"":""FIX-GO_HIL_EXTERNAL_SPEED-REVOKED"",""kind"":""SYNTHETIC_REVOCATION_PROPAGATION"",""outcome"":{""fixture_only"":true,""missing_conditions"":[],""state_id"":""GO_HIL_EXTERNAL_SPEED"",""status"":""SYNTHETIC_REVOKED_NULL"",""value"":null,""verdict"":null},""state_id"":""GO_HIL_EXTERNAL_SPEED""}]",85cc600d15e1afa541bf0c61cb5b1e85962064707a39bd5274d5a42a4609e9a9
analysis_field,revocation_fixtures,"[{""actual_affected_states"":[""GO_LER_EXTERNAL_SOTA"",""GO_LER_REGISTERED_BEST""],""all_affected_null"":true,""expected_affected_states"":[""GO_LER_EXTERNAL_SOTA"",""GO_LER_REGISTERED_BEST""],""fixture_id"":""REV-FIXTURE-GO_LER_REGISTERED_BEST"",""kind"":""SYNTHETIC_REVOCATION_EXECUTION_NOT_SCIENTIFIC_RESULT"",""ledger"":[{""event_id"":""REV-FIX-01"",""ledger_entry_sha256"":""b9d0d38d08f706430a074992490875cedd75dd56bcd131d0581e2174280b23a9"",""observed_at_utc"":""2026-07-25T00:01:00+00:00"",""previous_entry_sha256"":""07e2376a605be9f54923ce3918952db6d8e8da119e151dffd372cbbc1bd49ab9"",""prior_evidence_sha256"":""18e6a6ccfbfa0374af8eaa6b07132fe34887b0938470ac094ce7b7ea34afe0b4"",""prior_state_semantic_sha256"":""788c7611d5a61435277baf95e64cd3771968bac15640ca91c097b321856f9a56"",""propagated_states"":[""GO_LER_EXTERNAL_SOTA"",""GO_LER_REGISTERED_BEST""],""reason_code"":""SYNTHETIC_REVOCATION_FIXTURE_ONLY"",""revoked_state_id"":""GO_LER_REGISTERED_BEST"",""sequence_number"":1}],""ledger_anchor"":{""entry_count"":1,""head_sha256"":""b9d0d38d08f706430a074992490875cedd75dd56bcd131d0581e2174280b23a9"",""ledger_sha256"":""00a323b385ab154c7694fb5e5349e4570f5ab5a37d04c72ea47c07bce2202d24"",""schema_version"":""phase9-scoped-claim-revocation-ledger-v2""},""prior_evidence_retained"":true,""revoked_state_id"":""GO_LER_REGISTERED_BEST"",""trusted_prior_anchor"":{""entry_count"":0,""head_sha256"":""07e2376a605be9f54923ce3918952db6d8e8da119e151dffd372cbbc1bd49ab9"",""ledger_sha256"":""4f53cda18c2baa0c0354bb5f9a3ecbe5ed12ab4d8e11ba873c2f11161202b945"",""schema_version"":""phase9-scoped-claim-revocation-ledger-v2""}},{""actual_affected_states"":[""GO_LIFETIME_EXTERNAL_SOTA"",""GO_LIFETIME_PROJECT_NATIVE"",""GO_PUVIANI_NMF_SURPASS""],""all_affected_null"":true,""expected_affected_states"":[""GO_LIFETIME_EXTERNAL_SOTA"",""GO_LIFETIME_PROJECT_NATIVE"",""GO_PUVIANI_NMF_SURPASS""],""fixture_id"":""REV-FIXTURE-GO_LIFETIME_PROJECT_NATIVE"",""kind"":""SYNTHETIC_REVOCATION_EXECUTION_NOT_SCIENTIFIC_RESULT"",""ledger"":[{""event_id"":""REV-FIX-02"",""ledger_entry_sha256"":""bacf032e96bf3e3d5f3dd34b43f3c34e6f1a8d6c00d7ced1a491a85588e52036"",""observed_at_utc"":""2026-07-25T00:02:00+00:00"",""previous_entry_sha256"":""07e2376a605be9f54923ce3918952db6d8e8da119e151dffd372cbbc1bd49ab9"",""prior_evidence_sha256"":""f41b417ba1750ce57aad91e7749daacfed0e00b571b28b9e5976de50edb366e3"",""prior_state_semantic_sha256"":""c4849199639cd6f74c6f573c8893b1448290ad6b2977f0b03bf78d80973f034a"",""propagated_states"":[""GO_LIFETIME_EXTERNAL_SOTA"",""GO_LIFETIME_PROJECT_NATIVE"",""GO_PUVIANI_NMF_SURPASS""],""reason_code"":""SYNTHETIC_REVOCATION_FIXTURE_ONLY"",""revoked_state_id"":""GO_LIFETIME_PROJECT_NATIVE"",""sequence_number"":1}],""ledger_anchor"":{""entry_count"":1,""head_sha256"":""bacf032e96bf3e3d5f3dd34b43f3c34e6f1a8d6c00d7ced1a491a85588e52036"",""ledger_sha256"":""db7ee16d074f01921d9867da9cc008859bf733e0caffb64364c1bfbcc92432a0"",""schema_version"":""phase9-scoped-claim-revocation-ledger-v2""},""prior_evidence_retained"":true,""revoked_state_id"":""GO_LIFETIME_PROJECT_NATIVE"",""trusted_prior_anchor"":{""entry_count"":0,""head_sha256"":""07e2376a605be9f54923ce3918952db6d8e8da119e151dffd372cbbc1bd49ab9"",""ledger_sha256"":""4f53cda18c2baa0c0354bb5f9a3ecbe5ed12ab4d8e11ba873c2f11161202b945"",""schema_version"":""phase9-scoped-claim-revocation-ledger-v2""}},{""actual_affected_states"":[""GO_PUVIANI_NMF_SURPASS"",""OFFICIAL_PUVIANI_EXACT""],""all_affected_null"":true,""expected_affected_states"":[""GO_PUVIANI_NMF_SURPASS"",""OFFICIAL_PUVIANI_EXACT""],""fixture_id"":""REV-FIXTURE-OFFICIAL_PUVIANI_EXACT"",""kind"":""SYNTHETIC_REVOCATION_EXECUTION_NOT_SCIENTIFIC_RESULT"",""ledger"":[{""event_id"":""REV-FIX-03"",""ledger_entry_sha256"":""902791a7ad0ed657dfcddc1c2ab65c23e050e39ed97516a7eb5e1c8171babc99"",""observed_at_utc"":""2026-07-25T00:03:00+00:00"",""previous_entry_sha256"":""07e2376a605be9f54923ce3918952db6d8e8da119e151dffd372cbbc1bd49ab9"",""prior_evidence_sha256"":""5068a2d878e10c538a223df9e8b6b92f2e90a98bb42b50c88ef99afe212d7fae"",""prior_state_semantic_sha256"":""74fb419945efe7adc9380cb2695ae3be96dcd95fe56e6ad17743bddebbd1bc53"",""propagated_states"":[""GO_PUVIANI_NMF_SURPASS"",""OFFICIAL_PUVIANI_EXACT""],""reason_code"":""SYNTHETIC_REVOCATION_FIXTURE_ONLY"",""revoked_state_id"":""OFFICIAL_PUVIANI_EXACT"",""sequence_number"":1}],""ledger_anchor"":{""entry_count"":1,""head_sha256"":""902791a7ad0ed657dfcddc1c2ab65c23e050e39ed97516a7eb5e1c8171babc99"",""ledger_sha256"":""6fc256656d0a2f9eb86c2979cf53108c8ef22d267ddec74489fc6fd96770cf50"",""schema_version"":""phase9-scoped-claim-revocation-ledger-v2""},""prior_evidence_retained"":true,""revoked_state_id"":""OFFICIAL_PUVIANI_EXACT"",""trusted_prior_anchor"":{""entry_count"":0,""head_sha256"":""07e2376a605be9f54923ce3918952db6d8e8da119e151dffd372cbbc1bd49ab9"",""ledger_sha256"":""4f53cda18c2baa0c0354bb5f9a3ecbe5ed12ab4d8e11ba873c2f11161202b945"",""schema_version"":""phase9-scoped-claim-revocation-ledger-v2""}},{""actual_affected_states"":[""GO_HIL_EXTERNAL_SPEED"",""GO_HIL_INTEGRATED""],""all_affected_null"":true,""expected_affected_states"":[""GO_HIL_EXTERNAL_SPEED"",""GO_HIL_INTEGRATED""],""fixture_id"":""REV-FIXTURE-GO_HIL_INTEGRATED"",""kind"":""SYNTHETIC_REVOCATION_EXECUTION_NOT_SCIENTIFIC_RESULT"",""ledger"":[{""event_id"":""REV-FIX-04"",""ledger_entry_sha256"":""cdd8162e2cb01e95904fab1a19782fdfe54205a2b9ee8ec6f09eb1dd218dc223"",""observed_at_utc"":""2026-07-25T00:04:00+00:00"",""previous_entry_sha256"":""07e2376a605be9f54923ce3918952db6d8e8da119e151dffd372cbbc1bd49ab9"",""prior_evidence_sha256"":""857b55a3cbdc2a6ae227f114f6b457e7354241ef94a366a77ee12d2078dd1233"",""prior_state_semantic_sha256"":""56db08fcdae7d3ce6f9f10e0e3bef0f9e6d7753f16b57fab95dd5db80b9eca34"",""propagated_states"":[""GO_HIL_EXTERNAL_SPEED"",""GO_HIL_INTEGRATED""],""reason_code"":""SYNTHETIC_REVOCATION_FIXTURE_ONLY"",""revoked_state_id"":""GO_HIL_INTEGRATED"",""sequence_number"":1}],""ledger_anchor"":{""entry_count"":1,""head_sha256"":""cdd8162e2cb01e95904fab1a19782fdfe54205a2b9ee8ec6f09eb1dd218dc223"",""ledger_sha256"":""2813fb653404144cc16d4007a9a0fe0cc41d43b05a0375ee7814dc9da379cd35"",""schema_version"":""phase9-scoped-claim-revocation-ledger-v2""},""prior_evidence_retained"":true,""revoked_state_id"":""GO_HIL_INTEGRATED"",""trusted_prior_anchor"":{""entry_count"":0,""head_sha256"":""07e2376a605be9f54923ce3918952db6d8e8da119e151dffd372cbbc1bd49ab9"",""ledger_sha256"":""4f53cda18c2baa0c0354bb5f9a3ecbe5ed12ab4d8e11ba873c2f11161202b945"",""schema_version"":""phase9-scoped-claim-revocation-ledger-v2""}}]",538860a4c77ecedf83bd8ff4297dcc68f996567caa1917f860608164e74a8184
analysis_field,artifact_registry,"{""config"":{""bytes"":37296,""path"":""configs/phase9/t9_1_5_scoped_claim_amendment.json"",""sha256"":""61cf10d77682d0165059576f14545ba591031706df1ed707901ca0beb8b807d6""},""implementation"":{""bytes"":92463,""path"":""cnn_fpga/benchmark/phase9_scoped_claim_amendment.py"",""sha256"":""f8ea11bd28c5ee7e2c77e4e1f95828961422b6b3c34e24a19bfff308cc365c99""}}",6ec718b4a18463dd5b6d9dd60b11907995b384783f30cff5ed29ec0218f9cbc2
analysis_field,semantic_mutation_audit,"{""all_detected"":true,""count"":36,""detected"":36,""one_per_gate"":true,""records"":[{""detected"":true,""failed_gates"":[""G01_identity_and_parent_bound_preoutcome_status""],""mutation_id"":""M01_change_task_id"",""target_gate"":""G01_identity_and_parent_bound_preoutcome_status""},{""detected"":true,""failed_gates"":[""G02_t9_1_1_parent_is_live_verified_and_byte_immutable""],""mutation_id"":""M02_change_parent_analysis"",""target_gate"":""G02_t9_1_1_parent_is_live_verified_and_byte_immutable""},{""detected"":true,""failed_gates"":[""G03_parent_legacy_outputs_are_dynamically_and_completely_covered"",""G13_migration_table_has_exactly_29_lane_qualified_parent_outputs"",""G35_source_data_and_markdown_are_lossless_live_and_complete""],""mutation_id"":""M03_remove_parent_output_migration"",""target_gate"":""G03_parent_legacy_outputs_are_dynamically_and_completely_covered""},{""detected"":true,""failed_gates"":[""G04_t9_1_4_registry_is_live_verified_and_exactly_bound""],""mutation_id"":""M04_change_registry_analysis"",""target_gate"":""G04_t9_1_4_registry_is_live_verified_and_exactly_bound""},{""detected"":true,""failed_gates"":[""G05_literature_cutoff_dedup_ledger_and_current_eligibility_are_bound""],""mutation_id"":""M05_change_literature_cutoff"",""target_gate"":""G05_literature_cutoff_dedup_ledger_and_current_eligibility_are_bound""},{""detected"":true,""failed_gates"":[""G06_config_implementation_and_parent_artifacts_are_live""],""mutation_id"":""M06_change_implementation_hash"",""target_gate"":""G06_config_implementation_and_parent_artifacts_are_live""},{""detected"":true,""failed_gates"":[""G07_downstream_consumers_validate_then_reconstruct_then_compare""],""mutation_id"":""M07_remove_direct_consumer"",""target_gate"":""G07_downstream_consumers_validate_then_reconstruct_then_compare""},{""detected"":true,""failed_gates"":[""G08_scoped_state_ids_are_exact_unique_and_lane_bound"",""G12_protocol_pass_does_not_open_any_performance_claim"",""G25_external_speed_requires_integrated_hil_and_same_boundary_comparators"",""G35_source_data_and_markdown_are_lossless_live_and_complete""],""mutation_id"":""M08_remove_scoped_state"",""target_gate"":""G08_scoped_state_ids_are_exact_unique_and_lane_bound""},{""detected"":true,""failed_gates"":[""G09_current_state_objects_have_a_strict_typed_null_schema"",""G10_all_current_claim_performance_rank_and_vote_values_are_null""],""mutation_id"":""M09_remove_typed_state_field"",""target_gate"":""G09_current_state_objects_have_a_strict_typed_null_schema""},{""detected"":true,""failed_gates"":[""G10_all_current_claim_performance_rank_and_vote_values_are_null"",""G12_protocol_pass_does_not_open_any_performance_claim""],""mutation_id"":""M10_fill_current_claim_value"",""target_gate"":""G10_all_current_claim_performance_rank_and_vote_values_are_null""},{""detected"":true,""failed_gates"":[""G11_official_board_external_speed_and_qpu_inventory_is_typed_null""],""mutation_id"":""M11_fill_missing_official_with_false"",""target_gate"":""G11_official_board_external_speed_and_qpu_inventory_is_typed_null""},{""detected"":true,""failed_gates"":[""G10_all_current_claim_performance_rank_and_vote_values_are_null"",""G12_protocol_pass_does_not_open_any_performance_claim""],""mutation_id"":""M12_make_protocol_pass_a_performance_result"",""target_gate"":""G12_protocol_pass_does_not_open_any_performance_claim""},{""detected"":true,""failed_gates"":[""G03_parent_legacy_outputs_are_dynamically_and_completely_covered"",""G13_migration_table_has_exactly_29_lane_qualified_parent_outputs"",""G35_source_data_and_markdown_are_lossless_live_and_complete""],""mutation_id"":""M13_duplicate_migration"",""target_gate"":""G13_migration_table_has_exactly_29_lane_qualified_parent_outputs""},{""detected"":true,""failed_gates"":[""G13_migration_table_has_exactly_29_lane_qualified_parent_outputs"",""G14_no_legacy_output_automatically_promotes_a_v2_state""],""mutation_id"":""M14_enable_legacy_auto_promotion"",""target_gate"":""G14_no_legacy_output_automatically_promotes_a_v2_state""},{""detected"":true,""failed_gates"":[""G13_migration_table_has_exactly_29_lane_qualified_parent_outputs"",""G15_legacy_ler_go_is_registered_candidate_only""],""mutation_id"":""M15_map_legacy_ler_to_external"",""target_gate"":""G15_legacy_ler_go_is_registered_candidate_only""},{""detected"":true,""failed_gates"":[""G13_migration_table_has_exactly_29_lane_qualified_parent_outputs"",""G16_legacy_lifetime_go_is_project_native_candidate_only""],""mutation_id"":""M16_map_legacy_lifetime_to_physical"",""target_gate"":""G16_legacy_lifetime_go_is_project_native_candidate_only""},{""detected"":true,""failed_gates"":[""G13_migration_table_has_exactly_29_lane_qualified_parent_outputs"",""G17_legacy_hil_go_is_integrated_candidate_only""],""mutation_id"":""M17_map_legacy_hil_to_external_speed"",""target_gate"":""G17_legacy_hil_go_is_integrated_candidate_only""},{""detected"":true,""failed_gates"":[""G13_migration_table_has_exactly_29_lane_qualified_parent_outputs"",""G18_null_incomplete_negative_and_supporting_outputs_open_no_go_state""],""mutation_id"":""M18_map_tail_only_to_go"",""target_gate"":""G18_null_incomplete_negative_and_supporting_outputs_open_no_go_state""},{""detected"":true,""failed_gates"":[""G08_scoped_state_ids_are_exact_unique_and_lane_bound"",""G19_registered_ler_predicate_requires_all_matched_formal_evidence""],""mutation_id"":""M19_remove_all_baselines_requirement"",""target_gate"":""G19_registered_ler_predicate_requires_all_matched_formal_evidence""},{""detected"":true,""failed_gates"":[""G08_scoped_state_ids_are_exact_unique_and_lane_bound"",""G20_external_ler_requires_registered_go_complete_ledger_and_audit""],""mutation_id"":""M20_allow_zero_external_comparators"",""target_gate"":""G20_external_ler_requires_registered_go_complete_ledger_and_audit""},{""detected"":true,""failed_gates"":[""G08_scoped_state_ids_are_exact_unique_and_lane_bound"",""G21_project_native_lifetime_requires_six_state_cost_and_two_backends""],""mutation_id"":""M21_remove_six_state_lifetime_denominator"",""target_gate"":""G21_project_native_lifetime_requires_six_state_cost_and_two_backends""},{""detected"":true,""failed_gates"":[""G08_scoped_state_ids_are_exact_unique_and_lane_bound"",""G22_external_lifetime_requires_project_native_and_external_evidence""],""mutation_id"":""M22_remove_project_native_prerequisite"",""target_gate"":""G22_external_lifetime_requires_project_native_and_external_evidence""},{""detected"":true,""failed_gates"":[""G08_scoped_state_ids_are_exact_unique_and_lane_bound"",""G23_physical_lifetime_requires_qpu_real_gkp_raw_measurements""],""mutation_id"":""M23_remove_qpu_measurement_requirement"",""target_gate"":""G23_physical_lifetime_requires_qpu_real_gkp_raw_measurements""},{""detected"":true,""failed_gates"":[""G08_scoped_state_ids_are_exact_unique_and_lane_bound"",""G24_integrated_hil_requires_real_board_full_chain_measurement""],""mutation_id"":""M24_remove_real_board_requirement"",""target_gate"":""G24_integrated_hil_requires_real_board_full_chain_measurement""},{""detected"":true,""failed_gates"":[""G08_scoped_state_ids_are_exact_unique_and_lane_bound"",""G25_external_speed_requires_integrated_hil_and_same_boundary_comparators""],""mutation_id"":""M25_remove_same_boundary_requirement"",""target_gate"":""G25_external_speed_requires_integrated_hil_and_same_boundary_comparators""},{""detected"":true,""failed_gates"":[""G08_scoped_state_ids_are_exact_unique_and_lane_bound"",""G26_official_puviani_exact_and_surpass_are_separate_and_locally_blocked""],""mutation_id"":""M26_remove_official_exact_prerequisite"",""target_gate"":""G26_official_puviani_exact_and_surpass_are_separate_and_locally_blocked""},{""detected"":true,""failed_gates"":[""G05_literature_cutoff_dedup_ledger_and_current_eligibility_are_bound"",""G27_external_eligibility_inherits_all_nine_t9_1_4_signature_checks""],""mutation_id"":""M27_remove_external_signature_field"",""target_gate"":""G27_external_eligibility_inherits_all_nine_t9_1_4_signature_checks""},{""detected"":true,""failed_gates"":[""G28_cutoff_or_ledger_change_requires_reseal_and_external_revocation"",""G29_every_state_has_fail_closed_append_only_revocation_semantics""],""mutation_id"":""M28_remove_cutoff_revocation"",""target_gate"":""G28_cutoff_or_ledger_change_requires_reseal_and_external_revocation""},{""detected"":true,""failed_gates"":[""G08_scoped_state_ids_are_exact_unique_and_lane_bound"",""G29_every_state_has_fail_closed_append_only_revocation_semantics""],""mutation_id"":""M29_remove_state_revocation_trigger"",""target_gate"":""G29_every_state_has_fail_closed_append_only_revocation_semantics""},{""detected"":true,""failed_gates"":[""G29_every_state_has_fail_closed_append_only_revocation_semantics"",""G30_revocation_propagates_to_broader_states_as_null_not_no_go""],""mutation_id"":""M30_remove_revocation_edge"",""target_gate"":""G30_revocation_propagates_to_broader_states_as_null_not_no_go""},{""detected"":true,""failed_gates"":[""G31_forbidden_transfer_matrix_is_exact_and_complete"",""G35_source_data_and_markdown_are_lossless_live_and_complete""],""mutation_id"":""M31_remove_forbidden_transfer"",""target_gate"":""G31_forbidden_transfer_matrix_is_exact_and_complete""},{""detected"":true,""failed_gates"":[""G31_forbidden_transfer_matrix_is_exact_and_complete"",""G32_preboard_six_cycle_recorded_live_and_external_hil_levels_do_not_mix""],""mutation_id"":""M32_relabel_six_cycle_as_end_to_end"",""target_gate"":""G32_preboard_six_cycle_recorded_live_and_external_hil_levels_do_not_mix""},{""detected"":true,""failed_gates"":[""G33_registered_project_integrated_states_never_auto_promote_broader_states""],""mutation_id"":""M33_enable_hierarchy_auto_transfer"",""target_gate"":""G33_registered_project_integrated_states_never_auto_promote_broader_states""},{""detected"":true,""failed_gates"":[""G34_weighted_score_winner_count_and_paper_scope_cannot_derive_sota""],""mutation_id"":""M34_enable_weighted_global_score"",""target_gate"":""G34_weighted_score_winner_count_and_paper_scope_cannot_derive_sota""},{""detected"":true,""failed_gates"":[""G35_source_data_and_markdown_are_lossless_live_and_complete""],""mutation_id"":""M35_change_source_row_count"",""target_gate"":""G35_source_data_and_markdown_are_lossless_live_and_complete""},{""detected"":true,""failed_gates"":[""G36_one_semantic_mutation_per_gate_is_replayed_and_rejected""],""mutation_id"":""M36_forge_mutation_count"",""target_gate"":""G36_one_semantic_mutation_per_gate_is_replayed_and_rejected""}]}",11cf8a4acd1a7fbd13d1854171f4ca8b2e537f22018367d1664dac9079e7394d
parent_summary,PARENT-SUMMARY,"{""ordered_consumer_checks"":{""compare_parent_contracts"":true,""reconstruct_parent_analysis_hashes"":true,""validate_t9_1_1_live"":true,""validate_t9_1_4_live"":true},""registry"":{""analysis_sha256"":""d6c5ac4fd9587854cd6fec7d390c1fd2ddd5300bbe069ff2db1e16950aa21b7d"",""canonical_work_count"":12,""external_claim_contract"":{""current_external_same_task_eligible_count"":0,""external_point_only_result"":""CONTEXT_ONLY_NOT_PROMOTION_ELIGIBLE"",""external_sota"":null,""forbidden_current_wording"":[""state of the art"",""surpasses Puviani NMF"",""physical break-even"",""best real-time GKP controller""],""official_puviani_exact"":null,""physical_lifetime"":null,""puviani_surpass"":null,""registered_best"":null,""registry_best_auto_promotes_external_sota"":false,""safe_future_wording"":""best among preregistered matched-deployable baselines under the frozen T9 task signature"",""unresolved_eligible_stronger_comparator"":""EXTERNAL_SOTA_NULL""},""external_same_task_eligible_count"":0,""literature_cutoff_inclusive"":""2026-07-25T01:37:24+08:00"",""performance_state"":{""external_sota"":null,""protocol_only"":true,""registered_best"":null,""round_ler"":null,""six_state_lifetime"":null},""protocol_id"":""PHASE9-COMMON-HARNESS-BASELINE-REGISTRY-V1"",""raw_report"":{""bytes"":160112,""path"":""docs/t9_1_4_baseline_search_power_registry.json"",""sha256"":""887c628febc4d533cbc8bc8875cde3b4a633a1c70b407723ce744e8cadf6a911""},""schema_version"":""t9.1.4-baseline-search-power-report-v1"",""task_id"":""T9.1.4"",""verdict"":""PASS_T9_1_4_BASELINE_SEARCH_POWER_REGISTRY_FROZEN""},""v1"":{""analysis_sha256"":""c88110375c358794339e72d672e4624871425fe480e5da091ddd1d6595255e18"",""current_result_verdicts"":{""RAW_IQ_DIGITAL_HIL"":null,""ROUND_LER_SINGLE_MODE"":null,""SIX_STATE_LOGICAL_LIFETIME"":null},""legacy_lane_outputs"":[{""lane"":""ROUND_LER_SINGLE_MODE"",""output"":""GO_LER_SOTA""},{""lane"":""ROUND_LER_SINGLE_MODE"",""output"":""NO_GO_LER_SOTA""},{""lane"":""ROUND_LER_SINGLE_MODE"",""output"":""NOT_EVALUATED_NULL""},{""lane"":""ROUND_LER_SINGLE_MODE"",""output"":""INCOMPLETE_LER_INTEGRITY""},{""lane"":""ROUND_LER_SINGLE_MODE"",""output"":""INCOMPLETE_LER_BASELINE""},{""lane"":""ROUND_LER_SINGLE_MODE"",""output"":""INCOMPLETE_LER_EVIDENCE""},{""lane"":""ROUND_LER_SINGLE_MODE"",""output"":""NO_GO_LER_SOTA_TAIL_ONLY""},{""lane"":""ROUND_LER_SINGLE_MODE"",""output"":""NO_GO_LER_SOTA_ROBUSTNESS_ONLY""},{""lane"":""ROUND_LER_SINGLE_MODE"",""output"":""NO_GO_LER_SOTA_NONINFERIOR""},{""lane"":""ROUND_LER_SINGLE_MODE"",""output"":""NO_GO_LER_SOTA_NEGATIVE""},{""lane"":""SIX_STATE_LOGICAL_LIFETIME"",""output"":""GO_LIFETIME""},{""lane"":""SIX_STATE_LOGICAL_LIFETIME"",""output"":""NO_GO_LIFETIME""},{""lane"":""SIX_STATE_LOGICAL_LIFETIME"",""output"":""NOT_EVALUATED_NULL""},{""lane"":""SIX_STATE_LOGICAL_LIFETIME"",""output"":""INCOMPLETE_LIFETIME_INTEGRITY""},{""lane"":""SIX_STATE_LOGICAL_LIFETIME"",""output"":""INCOMPLETE_LIFETIME_BASELINE""},{""lane"":""SIX_STATE_LOGICAL_LIFETIME"",""output"":""INCOMPLETE_LIFETIME_EVIDENCE""},{""lane"":""SIX_STATE_LOGICAL_LIFETIME"",""output"":""NO_GO_LIFETIME_FIT""},{""lane"":""SIX_STATE_LOGICAL_LIFETIME"",""output"":""NO_GO_LIFETIME_COST""},{""lane"":""SIX_STATE_LOGICAL_LIFETIME"",""output"":""NO_GO_LIFETIME_NONINFERIOR""},{""lane"":""SIX_STATE_LOGICAL_LIFETIME"",""output"":""NO_GO_LIFETIME_NEGATIVE""},{""lane"":""RAW_IQ_DIGITAL_HIL"",""output"":""GO_HIL_SPEED""},{""lane"":""RAW_IQ_DIGITAL_HIL"",""output"":""NO_GO_HIL_SPEED""},{""lane"":""RAW_IQ_DIGITAL_HIL"",""output"":""MISSING_BOARD_NULL""},{""lane"":""RAW_IQ_DIGITAL_HIL"",""output"":""INCOMPLETE_HIL_SPEED_INTEGRITY""},{""lane"":""RAW_IQ_DIGITAL_HIL"",""output"":""INCOMPLETE_HIL_SPEED_EVIDENCE""},{""lane"":""RAW_IQ_DIGITAL_HIL"",""output"":""INCOMPLETE_HIL_SPEED_NO_COMPARATOR""},{""lane"":""RAW_IQ_DIGITAL_HIL"",""output"":""NO_GO_HIL_SPEED_DEADLINE""},{""lane"":""RAW_IQ_DIGITAL_HIL"",""output"":""NO_GO_HIL_SPEED_NEGATIVE""},{""lane"":""RAW_IQ_DIGITAL_HIL"",""output"":""GO_HIL_ENGINEERING_NONRANKING""}],""protocol_id"":""PHASE9-THREE-INDEPENDENT-TASK-SIGNATURES-V1"",""raw_report"":{""bytes"":74510,""path"":""docs/t9_1_1_three_lane_protocol.json"",""sha256"":""255c50ce677a1cae5475c2294177ceaab551bcbb5078ee2d49b358600a58f7a5""},""schema_version"":""t9.1.1-phase9-three-lane-protocol-report-v1"",""task_id"":""T9.1.1"",""verdict"":""PASS_PHASE9_THREE_INDEPENDENT_LANE_PROTOCOL_FROZEN""}}",0bd718297be92baf8ef308d9f3bc034710409b9ef44b3a994cb998fdafa1d210
external_contract,EXTERNAL-SAME-TASK-CONTRACT,"{""canonical_work_count"":12,""comparator_ledger_source"":""docs/t9_1_4_literature_search_ledger.csv"",""cross_task_normalisation"":""PROHIBITED"",""current_external_claim_value"":null,""current_external_same_task_eligible_count"":0,""cutoff_inclusive"":""2026-07-25T01:37:24+08:00"",""cutoff_source"":""T9.1.4 literature_cutoff_inclusive"",""point_estimate_only"":""CONTEXT_ONLY_NOT_PROMOTION_ELIGIBLE"",""promotion_requirements"":[""cutoff_is_non_null_and_preoutcome"",""complete_deduplicated_comparator_ledger"",""all_credible_in_window_records_screened"",""at_least_one_external_same_task_eligible_comparator"",""zero_unresolved_eligible_stronger_comparators"",""same_task_result_for_every_eligible_comparator"",""independent_source_and_evaluation_audit"",""source_config_data_and_result_hashes""],""registry_best_auto_promotes_external_sota"":false,""required_signature_fields"":[""input"",""history"",""action"",""physics"",""online_timing"",""postselection"",""denominator"",""metric"",""compute""]}",691e604fd681727aaf7c02a5bdd0cf9f9acf8e9a78ecf3c1fee7d254baa0a827
revocation_contract,REVOCATION-CONTRACT,"{""amendment_on_external_cutoff_or_ledger_change"":""NEW_VERSION_AND_REAUDIT_REQUIRED"",""current_ledger"":[],""current_ledger_anchor"":{""entry_count"":0,""head_sha256"":""07e2376a605be9f54923ce3918952db6d8e8da119e151dffd372cbbc1bd49ab9"",""ledger_sha256"":""4f53cda18c2baa0c0354bb5f9a3ecbe5ed12ab4d8e11ba873c2f11161202b945"",""schema_version"":""phase9-scoped-claim-revocation-ledger-v2""},""executor"":""apply_revocations"",""genesis_sha256"":""07e2376a605be9f54923ce3918952db6d8e8da119e151dffd372cbbc1bd49ab9"",""global_triggers"":[""parent report/config/implementation/analysis binding drift"",""task signature, denominator, observation, action, frontend, precision, compute or missingness contract drift"",""formal reselection, hidden best-of-N, omitted timeout/failure/control cost or postselection"",""external cutoff/query/dedup/ledger/eligibility or credible comparator change"",""board, bitstream, source, clock or latency-boundary change"",""QPU, real-GKP, physical baseline or raw-measurement provenance change"",""cross-lane, estimate-as-measured, project-native-as-official or null-as-zero transfer""],""ledger_schema_version"":""phase9-scoped-claim-revocation-ledger-v2"",""ledger_verifier"":""verify_revocation_ledger"",""mode"":""FAIL_CLOSED_APPEND_ONLY"",""on_revocation"":{""prior_evidence"":""RETAIN_BY_HASH_IN_APPEND_ONLY_LEDGER"",""status"":""REVOKED_NULL"",""value"":null,""verdict"":null},""prerequisite_edges"":[{""broader"":""GO_LER_EXTERNAL_SOTA"",""narrower"":""GO_LER_REGISTERED_BEST""},{""broader"":""GO_LIFETIME_EXTERNAL_SOTA"",""narrower"":""GO_LIFETIME_PROJECT_NATIVE""},{""broader"":""GO_PUVIANI_NMF_SURPASS"",""narrower"":""GO_LIFETIME_PROJECT_NATIVE""},{""broader"":""GO_PUVIANI_NMF_SURPASS"",""narrower"":""OFFICIAL_PUVIANI_EXACT""},{""broader"":""GO_HIL_EXTERNAL_SPEED"",""narrower"":""GO_HIL_INTEGRATED""}],""propagation"":""REVOKING_A_NARROWER_PREREQUISITE_REVOKES_THE_BROADER_STATE_TO_NULL_NOT_NO_GO"",""trusted_anchor_rule"":""EVERY_STORED_LEDGER_OR_APPEND_MUST_BE_VERIFIED_AGAINST_AN_EXTERNALLY_PINNED_PRIOR_SNAPSHOT_ANCHOR""}",3309a0af6726dd6deb3e68f38b3a6de8b24658448098016ece65c0cd08a5895a
downstream_contract,DOWNSTREAM-CONSUMPTION-CONTRACT,"{""direct_consumers"":[""T9.4.5"",""T9.6.1"",""T9.6.5"",""T9.8.1""],""generic_mapping_evaluator_rule"":""evaluate_claim_candidate is nonpromotional and never emits a non-null value or verdict"",""qpu_local_block_rule"":""missing Phase-8 QPU/real-GKP evidence blocks only GO_PHYSICAL_LIFETIME"",""release_pin_path"":""configs/phase9/t9_1_5_release_pin.json"",""release_pin_rule"":""consumer must receive the expected child analysis SHA from the canonical release pin; report-selected config/output paths and seal-only acceptance are prohibited"",""required_checks"":[""verify child report live"",""reconstruct child analysis_sha256"",""match immutable T9.1.1 parent analysis_sha256"",""match T9.1.4 registry analysis_sha256 and literature cutoff"",""match canonical T9.1.5 release-pin analysis/config/implementation hashes"",""select exactly one scoped state and satisfy every predicate"",""re-run revocation and forbidden-transfer checks""],""source_column_rule"":""do not modify T9.1.1-semantic-bound task/source cells; child dependency remains in downstream output contract text"",""t9_1_2_local_block_rule"":""missing official assets blocks only OFFICIAL_PUVIANI_EXACT and GO_PUVIANI_NMF_SURPASS"",""t9_7_4_nullable_terminal_rule"":""Done or terminal Blocked/null ledger satisfies dependency resolution; only HIL states remain null""}",74dafdf18613f6ebc7c0ada4f5d7ba1e5250a90dd61807cbe8f1ae2da7a4d2a4
aggregation_contract,AGGREGATION-CONTRACT,"{""go_single_paper_implies_three_sota"":false,""lane_verdicts_independent"":true,""null_lane_rescue"":""PROHIBITED"",""paper_scope_implies_sota"":false,""weighted_global_score"":""PROHIBITED"",""winner_count"":""PROHIBITED""}",216ef6885e4aa9d4390308c406c9163cf9b603aab6db7e46d79d6dc94f58e16e
asset_inventory,CURRENT-ASSET-INVENTORY,"{""board_live_raw_iq_hil"":{""evidence_grade"":null,""evidence_refs"":[],""status"":""MISSING_BOARD"",""value"":null,""verdict"":null},""board_recorded_replay"":{""evidence_grade"":null,""evidence_refs"":[],""status"":""MISSING_BOARD"",""value"":null,""verdict"":null},""external_measured_speed"":{""evidence_grade"":null,""evidence_refs"":[],""status"":""MISSING_BOARD_AND_COMPARATOR"",""value"":null,""verdict"":null},""official_puviani_exact"":{""evidence_grade"":null,""evidence_refs"":[],""status"":""MISSING_EXTERNAL_ASSET"",""value"":null,""verdict"":null},""puviani_nmf_surpass"":{""evidence_grade"":null,""evidence_refs"":[],""status"":""OFFICIAL_EXACT_PREREQUISITE_NULL"",""value"":null,""verdict"":null},""qpu_physical_lifetime"":{""evidence_grade"":null,""evidence_refs"":[],""status"":""MISSING_QPU_REAL_GKP"",""value"":null,""verdict"":null}}",c3063a75a4a044df4ee1204faf845cccd150b3b0b3c9f135d4ef3a865e2d5810
state_definition,GO_LER_REGISTERED_BEST,"{""allowed_wording"":""best result among all fully qualified methods in the frozen Phase-9 matched deployable registry"",""current_reason"":""NO_PHASE9_FORMAL_OUTCOME"",""current_value"":null,""evidence_scope"":""PROJECT_NATIVE_REGISTERED_MATCHED_DEPLOYABLE"",""forbidden_wording"":[""external SOTA"",""world best"",""Puviani surpass"",""physical break-even""],""lane"":""ROUND_LER_SINGLE_MODE"",""predicate"":{""non_null"":[""formal_manifest_sha256"",""source_data_sha256"",""analysis_sha256""],""true"":[""formal_phase9_complete"",""parent_v1_live_verified"",""t9_1_4_registry_live_verified"",""all_mandatory_baselines_complete"",""every_eligible_matched_baseline_beaten_with_registered_thresholds"",""same_task_signature"",""simultaneous_ci_gate_passed"",""both_independent_backends_passed"",""zero_postselection"",""complete_missingness_ledger"",""independent_recompute_passed""]},""revocation_triggers"":[""parent or registry binding mismatch"",""mandatory baseline removed or ineligible after promotion"",""denominator/task signature/observation/action/compute contract changed"",""simultaneous CI or independent backend/recompute gate fails"",""missingness, timeout, control cost or postselection omitted""],""state_id"":""GO_LER_REGISTERED_BEST""}",8dd84e16adfcefdad4599825ac2b7c164f32909c760bc0bda17eb255236d98b8
state_definition,GO_LER_EXTERNAL_SOTA,"{""allowed_wording"":""external same-task LER SOTA as of the bound literature cutoff"",""current_reason"":""ZERO_EXTERNAL_SAME_TASK_ELIGIBLE_AND_NO_FORMAL_OUTCOME"",""current_value"":null,""evidence_scope"":""EXTERNAL_SAME_TASK_LITERATURE_CUTOFF_BOUND"",""forbidden_wording"":[""unqualified global SOTA"",""cross-code SOTA"",""physical break-even"",""registered-best-only evidence""],""lane"":""ROUND_LER_SINGLE_MODE"",""predicate"":{""non_null"":[""comparator_ledger_sha256"",""external_evaluation_manifest_sha256"",""independent_audit_sha256""],""positive"":[""external_same_task_eligible_count""],""true"":[""go_ler_registered_best"",""literature_cutoff_bound"",""complete_deduplicated_comparator_ledger"",""all_credible_in_window_records_screened"",""all_external_same_task_results_complete"",""every_external_same_task_comparator_beaten_with_simultaneous_ci"",""independent_external_audit_passed""],""zero"":[""unresolved_eligible_stronger_comparator_count""]},""revocation_triggers"":[""cutoff or query/ledger provenance is lost"",""eligible in-window comparator is added or becomes unresolved"",""same-task signature or external evaluator mismatch"",""registered-best prerequisite is revoked"",""independent audit or evidence hash fails""],""state_id"":""GO_LER_EXTERNAL_SOTA""}",b895eb1060565889c9ee989bb486362e292f369911c96ba3c2392919efe71d5b
state_definition,GO_LIFETIME_PROJECT_NATIVE,"{""allowed_wording"":""project-native six-state simulated logical-lifetime advantage under the frozen task"",""current_reason"":""LIFETIME_POWER_AND_FORMAL_OUTCOME_NOT_YET_FROZEN"",""current_value"":null,""evidence_scope"":""PROJECT_NATIVE_SIX_STATE_SIMULATION"",""forbidden_wording"":[""physical lifetime"",""experimental break-even"",""external SOTA"",""Puviani surpass""],""lane"":""SIX_STATE_LOGICAL_LIFETIME"",""predicate"":{""non_null"":[""lifetime_manifest_sha256"",""source_data_sha256"",""analysis_sha256""],""true"":[""lifetime_power_and_estimand_frozen_preoutcome"",""formal_phase9_complete"",""six_state_full_denominator"",""no_postselection"",""control_reset_fallback_cost_included"",""survival_and_logical_channel_fit_qualified"",""minimum_over_six_states_gain_gate_passed"",""simultaneous_ci_gate_passed"",""both_independent_backends_passed"",""independent_recompute_passed""]},""revocation_triggers"":[""lifetime estimand or power frozen after outcome access"",""six-state denominator, censoring, reset/control cost or failure rows omitted"",""fit/convergence/simultaneous CI/backend/recompute gate fails"",""postselection or simulation-to-QPU wording transfer occurs""],""state_id"":""GO_LIFETIME_PROJECT_NATIVE""}",ce829a3b13488eb46c477a72828743b860f770aecd12c99e1ac17368844230ea
state_definition,GO_LIFETIME_EXTERNAL_SOTA,"{""allowed_wording"":""external same-task six-state logical-lifetime SOTA as of the bound literature cutoff"",""current_reason"":""ZERO_EXTERNAL_SAME_TASK_ELIGIBLE_AND_NO_PROJECT_NATIVE_LIFETIME"",""current_value"":null,""evidence_scope"":""EXTERNAL_SAME_TASK_LIFETIME_CUTOFF_BOUND"",""forbidden_wording"":[""physical lifetime"",""experimental break-even"",""cross-protocol SOTA"",""project-native-only evidence""],""lane"":""SIX_STATE_LOGICAL_LIFETIME"",""predicate"":{""non_null"":[""comparator_ledger_sha256"",""external_lifetime_manifest_sha256"",""independent_audit_sha256""],""positive"":[""external_same_task_eligible_count""],""true"":[""go_lifetime_project_native"",""literature_cutoff_bound"",""complete_deduplicated_comparator_ledger"",""all_credible_in_window_records_screened"",""all_external_same_task_results_complete"",""every_external_same_task_comparator_beaten_with_simultaneous_ci"",""independent_external_audit_passed""],""zero"":[""unresolved_eligible_stronger_comparator_count""]},""revocation_triggers"":[""project-native prerequisite is revoked"",""cutoff, ledger, same-task or independent-audit evidence is incomplete"",""eligible stronger comparator is unresolved"",""external denominator/cost/metric differs from the frozen task""],""state_id"":""GO_LIFETIME_EXTERNAL_SOTA""}",bcfff0231e9e8f0ec8a1b568e24cf4fc04cf83c4115e4eca743ee19350f712b2
state_definition,OFFICIAL_PUVIANI_EXACT,"{""allowed_wording"":""official-source exact Puviani NMF reproduction under the separately frozen evaluator"",""current_reason"":""OFFICIAL_CHECKPOINT_SEEDS_SELECTION_LEDGER_AND_SIX_STATE_EVALUATOR_MISSING"",""current_value"":null,""evidence_scope"":""OFFICIAL_SOURCE_EXACT_REPRODUCTION"",""forbidden_wording"":[""Puviani surpass"",""paper-constrained reimplementation equals official"",""external SOTA"",""physical lifetime""],""lane"":""SIX_STATE_LOGICAL_LIFETIME"",""predicate"":{""non_null"":[""official_asset_manifest_sha256"",""official_evaluation_source_data_sha256"",""independent_audit_sha256""],""true"":[""official_repository_provenance_verified"",""official_checkpoint_available"",""official_twenty_agent_seed_set_available"",""official_selection_ledger_available"",""official_six_state_evaluator_available"",""exact_environment_and_preprocessing_reproduced"",""independent_reproduction_audit_passed""]},""revocation_triggers"":[""official checkpoint/seeds/selection/evaluator provenance is incomplete"",""paper-constrained or inferred assets substitute for official assets"",""environment, preprocessing or evaluator mismatch is found"",""independent reproduction audit fails""],""state_id"":""OFFICIAL_PUVIANI_EXACT""}",566a99458923e11a3f54fa33aa15d1dfcaff74b9046c1cb14df35f57d2808270
state_definition,GO_PUVIANI_NMF_SURPASS,"{""allowed_wording"":""surpasses the independently reproduced official Puviani NMF on the same frozen six-state task"",""current_reason"":""OFFICIAL_PUVIANI_EXACT_IS_NULL"",""current_value"":null,""evidence_scope"":""OFFICIAL_EXACT_SAME_TASK_SURPASS"",""forbidden_wording"":[""surpass from paper-constrained proxy"",""surpass from short horizon"",""physical lifetime"",""global external SOTA""],""lane"":""SIX_STATE_LOGICAL_LIFETIME"",""predicate"":{""non_null"":[""paired_comparison_manifest_sha256"",""source_data_sha256"",""analysis_sha256""],""true"":[""official_puviani_exact"",""go_lifetime_project_native"",""same_task_signature"",""same_six_state_denominator_and_horizon"",""same_control_reset_postselection_accounting"",""simultaneous_ci_gate_passed"",""independent_recompute_passed""]},""revocation_triggers"":[""official exact or project-native prerequisite is revoked"",""task/denominator/horizon/control accounting mismatch"",""paired simultaneous CI or independent recompute fails"",""paper-constrained evidence is relabelled official""],""state_id"":""GO_PUVIANI_NMF_SURPASS""}",b015ab75d1a863c8a7f944f4a91042b85f84487fa8a3ae45143b4940c593aeb1
state_definition,GO_PHYSICAL_LIFETIME,"{""allowed_wording"":""measured physical logical-lifetime advantage on a real-GKP QPU under the stated physical break-even definition"",""current_reason"":""NO_QPU_OR_REAL_GKP_MEASUREMENT"",""current_value"":null,""evidence_scope"":""QPU_REAL_GKP_MEASURED"",""forbidden_wording"":[""physical claim from simulation"",""hardware-aware estimate"",""synthesis result"",""paper-constrained lifetime""],""lane"":""SIX_STATE_LOGICAL_LIFETIME"",""predicate"":{""non_null"":[""qpu_run_manifest_sha256"",""raw_measurement_data_sha256"",""analysis_sha256""],""positive"":[""independent_qpu_run_count"",""measured_physical_event_count""],""true"":[""qpu_measured"",""real_gkp_state"",""physical_break_even_definition_frozen"",""physical_time_axis_measured"",""matched_idle_memory_baseline_measured"",""physical_break_even_gate_passed"",""six_state_full_denominator"",""no_postselection"",""control_reset_fallback_cost_included"",""measurement_calibration_and_uncertainty_complete"",""independent_physical_audit_passed""]},""revocation_triggers"":[""QPU/real-GKP provenance or raw measurement data is unavailable"",""postselection, denominator, calibration or control cost is omitted"",""break-even definition changes after outcome access"",""simulation or estimate substitutes for QPU measurement"",""independent physical audit fails""],""state_id"":""GO_PHYSICAL_LIFETIME""}",ae1912a84cc47029f0ed6555e9fa08c83510d6769c9f6b52af6639a4663bfb4f
state_definition,GO_HIL_INTEGRATED,"{""allowed_wording"":""integrated measured raw/recorded-IQ to trigger HIL operation on the identified board and bitstream"",""current_reason"":""HIGH_SPEED_BOARD_NOT_AVAILABLE"",""current_value"":null,""evidence_scope"":""REAL_BOARD_END_TO_END_INTEGRATION"",""forbidden_wording"":[""external speed SOTA"",""six-cycle end-to-end"",""CXXRTL as measured board"",""synthesis estimate as HIL""],""lane"":""RAW_IQ_DIGITAL_HIL"",""predicate"":{""minimum"":{""independent_build_seed_count"":3,""measured_transaction_count"":1000000},""non_null"":[""board_manifest_sha256"",""bitstream_sha256"",""raw_trace_sha256"",""latency_source_data_sha256""],""positive"":[""measured_event_count""],""true"":[""real_board_present"",""board_recorded_iq_replay_qualified"",""board_live_raw_iq_hil_qualified"",""recorded_replay_to_discriminator_measured"",""live_adc_to_discriminator_measured"",""discriminator_to_action_measured"",""action_to_trigger_measured"",""transport_and_backpressure_measured"",""bitstream_platform_clock_provenance_complete"",""deadline_missingness_failure_ledger_complete"",""independent_hil_audit_passed""],""zero"":[""bit_mismatch_count"",""undefined_action_count"",""silent_overflow_count"",""deadline_miss_count""]},""revocation_triggers"":[""board/bitstream/clock/raw trace provenance is incomplete"",""any latency boundary or deadline/failure row is omitted"",""CXXRTL, P-and-R or host timing substitutes for board measurement"",""six-cycle fast-path boundary is relabelled end-to-end"",""independent HIL audit fails""],""state_id"":""GO_HIL_INTEGRATED""}",d339e4ffb1f1d56e7efa2ebadb78abab77128e13703ceaa35ee8b5286cfd4912
state_definition,GO_HIL_EXTERNAL_SPEED,"{""allowed_wording"":""faster measured HIL latency than every eligible external decoder on the same frozen boundary/task/platform contract"",""current_reason"":""HIL_INTEGRATED_AND_EXTERNAL_SAME_BOUNDARY_COMPARATOR_ARE_NULL"",""current_value"":null,""evidence_scope"":""EXTERNAL_SAME_BOUNDARY_MEASURED_SPEED"",""forbidden_wording"":[""global FPGA decoder SOTA"",""cross-code latency comparison"",""clock-cycle-only comparison"",""integrated-only evidence""],""lane"":""RAW_IQ_DIGITAL_HIL"",""predicate"":{""non_null"":[""hardware_comparator_ledger_sha256"",""external_speed_manifest_sha256"",""independent_audit_sha256""],""positive"":[""external_same_boundary_eligible_count""],""true"":[""go_hil_integrated"",""literature_cutoff_bound"",""complete_external_hardware_comparator_ledger"",""same_code_problem_input_precision_and_latency_boundary"",""all_external_same_task_results_complete"",""resource_power_deadline_context_complete"",""paired_speed_superiority_simultaneous_ci_passed"",""independent_external_audit_passed""],""zero"":[""unresolved_eligible_stronger_comparator_count""]},""revocation_triggers"":[""integrated HIL prerequisite is revoked"",""latency boundary, code/problem, input, precision, clock or platform contract differs"",""resource/power/deadline context or eligible comparator is missing"",""cycle count or synthesis estimate substitutes for measured latency"",""independent external audit fails""],""state_id"":""GO_HIL_EXTERNAL_SPEED""}",6624f0815ae6cd364fe679026541567b8efa65614fd8d9631f52081ffdf5f70c
current_state,GO_LER_REGISTERED_BEST,"{""evidence_grade"":null,""evidence_refs"":[],""evidence_scope"":""PROJECT_NATIVE_REGISTERED_MATCHED_DEPLOYABLE"",""lane"":""ROUND_LER_SINGLE_MODE"",""null_reason"":""NO_PHASE9_FORMAL_OUTCOME"",""numeric_metrics"":null,""opened"":false,""rank"":null,""revocation"":{""evidence_hashes"":[],""reason"":null,""status"":""NOT_REVOKED""},""state_id"":""GO_LER_REGISTERED_BEST"",""status"":""NOT_EVALUATED_NULL"",""value"":null,""verdict"":null,""vote"":null}",1bcbc519c71a41bf8dbb379954ec9317c9e867f2c520952b75aec7e2a63b5533
current_state,GO_LER_EXTERNAL_SOTA,"{""evidence_grade"":null,""evidence_refs"":[],""evidence_scope"":""EXTERNAL_SAME_TASK_LITERATURE_CUTOFF_BOUND"",""lane"":""ROUND_LER_SINGLE_MODE"",""null_reason"":""ZERO_EXTERNAL_SAME_TASK_ELIGIBLE_AND_NO_FORMAL_OUTCOME"",""numeric_metrics"":null,""opened"":false,""rank"":null,""revocation"":{""evidence_hashes"":[],""reason"":null,""status"":""NOT_REVOKED""},""state_id"":""GO_LER_EXTERNAL_SOTA"",""status"":""MISSING_EXTERNAL_COMPARATOR_NULL"",""value"":null,""verdict"":null,""vote"":null}",fb0eaf29ab4ca737528c9da8531f2419b02726051e0fe09f541887e73eaaa157
current_state,GO_LIFETIME_PROJECT_NATIVE,"{""evidence_grade"":null,""evidence_refs"":[],""evidence_scope"":""PROJECT_NATIVE_SIX_STATE_SIMULATION"",""lane"":""SIX_STATE_LOGICAL_LIFETIME"",""null_reason"":""LIFETIME_POWER_AND_FORMAL_OUTCOME_NOT_YET_FROZEN"",""numeric_metrics"":null,""opened"":false,""rank"":null,""revocation"":{""evidence_hashes"":[],""reason"":null,""status"":""NOT_REVOKED""},""state_id"":""GO_LIFETIME_PROJECT_NATIVE"",""status"":""NOT_EVALUATED_NULL"",""value"":null,""verdict"":null,""vote"":null}",7198389418569f793ba560756f43236568b3593851580e41b7b8334bdd6ba8b2
current_state,GO_LIFETIME_EXTERNAL_SOTA,"{""evidence_grade"":null,""evidence_refs"":[],""evidence_scope"":""EXTERNAL_SAME_TASK_LIFETIME_CUTOFF_BOUND"",""lane"":""SIX_STATE_LOGICAL_LIFETIME"",""null_reason"":""ZERO_EXTERNAL_SAME_TASK_ELIGIBLE_AND_NO_PROJECT_NATIVE_LIFETIME"",""numeric_metrics"":null,""opened"":false,""rank"":null,""revocation"":{""evidence_hashes"":[],""reason"":null,""status"":""NOT_REVOKED""},""state_id"":""GO_LIFETIME_EXTERNAL_SOTA"",""status"":""MISSING_EXTERNAL_COMPARATOR_NULL"",""value"":null,""verdict"":null,""vote"":null}",b0f5df7fd37fac499ba5fb6d99781e0cee26c3fc3f289ea8507f5525206c0dd8
current_state,OFFICIAL_PUVIANI_EXACT,"{""evidence_grade"":null,""evidence_refs"":[],""evidence_scope"":""OFFICIAL_SOURCE_EXACT_REPRODUCTION"",""lane"":""SIX_STATE_LOGICAL_LIFETIME"",""null_reason"":""OFFICIAL_CHECKPOINT_SEEDS_SELECTION_LEDGER_AND_SIX_STATE_EVALUATOR_MISSING"",""numeric_metrics"":null,""opened"":false,""rank"":null,""revocation"":{""evidence_hashes"":[],""reason"":null,""status"":""NOT_REVOKED""},""state_id"":""OFFICIAL_PUVIANI_EXACT"",""status"":""MISSING_EXTERNAL_ASSET_NULL"",""value"":null,""verdict"":null,""vote"":null}",b675198838526e36d547bfd5ab174092c41fe55d99b290103dc9bd421c015443
current_state,GO_PUVIANI_NMF_SURPASS,"{""evidence_grade"":null,""evidence_refs"":[],""evidence_scope"":""OFFICIAL_EXACT_SAME_TASK_SURPASS"",""lane"":""SIX_STATE_LOGICAL_LIFETIME"",""null_reason"":""OFFICIAL_PUVIANI_EXACT_IS_NULL"",""numeric_metrics"":null,""opened"":false,""rank"":null,""revocation"":{""evidence_hashes"":[],""reason"":null,""status"":""NOT_REVOKED""},""state_id"":""GO_PUVIANI_NMF_SURPASS"",""status"":""MISSING_EXTERNAL_ASSET_NULL"",""value"":null,""verdict"":null,""vote"":null}",3d949410393c369ce3984aeb81c66dd30576aa23f49e231d63406fb60c2f4741
current_state,GO_PHYSICAL_LIFETIME,"{""evidence_grade"":null,""evidence_refs"":[],""evidence_scope"":""QPU_REAL_GKP_MEASURED"",""lane"":""SIX_STATE_LOGICAL_LIFETIME"",""null_reason"":""NO_QPU_OR_REAL_GKP_MEASUREMENT"",""numeric_metrics"":null,""opened"":false,""rank"":null,""revocation"":{""evidence_hashes"":[],""reason"":null,""status"":""NOT_REVOKED""},""state_id"":""GO_PHYSICAL_LIFETIME"",""status"":""MISSING_QPU_NULL"",""value"":null,""verdict"":null,""vote"":null}",90045ee3efa7710ea1aac217cd9dd56ff9b0d29aea4a3af91d69bfd9e786ce2c
current_state,GO_HIL_INTEGRATED,"{""evidence_grade"":null,""evidence_refs"":[],""evidence_scope"":""REAL_BOARD_END_TO_END_INTEGRATION"",""lane"":""RAW_IQ_DIGITAL_HIL"",""null_reason"":""HIGH_SPEED_BOARD_NOT_AVAILABLE"",""numeric_metrics"":null,""opened"":false,""rank"":null,""revocation"":{""evidence_hashes"":[],""reason"":null,""status"":""NOT_REVOKED""},""state_id"":""GO_HIL_INTEGRATED"",""status"":""MISSING_BOARD_NULL"",""value"":null,""verdict"":null,""vote"":null}",d028a6ea3857bd0d77407feb5ba93b5a0fe0d09114f4fe311185291c90408a3f
current_state,GO_HIL_EXTERNAL_SPEED,"{""evidence_grade"":null,""evidence_refs"":[],""evidence_scope"":""EXTERNAL_SAME_BOUNDARY_MEASURED_SPEED"",""lane"":""RAW_IQ_DIGITAL_HIL"",""null_reason"":""HIL_INTEGRATED_AND_EXTERNAL_SAME_BOUNDARY_COMPARATOR_ARE_NULL"",""numeric_metrics"":null,""opened"":false,""rank"":null,""revocation"":{""evidence_hashes"":[],""reason"":null,""status"":""NOT_REVOKED""},""state_id"":""GO_HIL_EXTERNAL_SPEED"",""status"":""MISSING_BOARD_NULL"",""value"":null,""verdict"":null,""vote"":null}",1afb4b0b1b799a438c170f75275c21f33012b3509393467cad61630c7d88894a
legacy_migration,MIG-LER-GO-SPLIT,"{""action"":""SPLIT_REQUIRES_FRESH_REEVALUATION"",""automatic_mapping"":false,""candidate_destinations"":[""GO_LER_REGISTERED_BEST""],""current_mapped_value"":null,""legacy_label"":""GO_LER_SOTA"",""legacy_lane"":""ROUND_LER_SINGLE_MODE"",""migration_id"":""MIG-LER-GO-SPLIT"",""prohibited_destinations"":[""GO_LER_EXTERNAL_SOTA""],""reason"":""v1 label did not distinguish a frozen project registry from independently audited external same-task SOTA""}",92cd9e5a4da21224169ab931ae3caf15e58d5bb679653629f3994d631cebf67a
legacy_migration,MIG-LER-NOGO-LOCAL,"{""action"":""PRESERVE_TASK_LOCAL_NEGATIVE_ONLY"",""automatic_mapping"":false,""candidate_destinations"":[],""current_mapped_value"":null,""legacy_label"":""NO_GO_LER_SOTA"",""legacy_lane"":""ROUND_LER_SINGLE_MODE"",""migration_id"":""MIG-LER-NOGO-LOCAL"",""reason"":""a v1 negative cannot establish any positive or global external ordering""}",36edd32a4d561aeb5ece06ae890a02983865ab042502ff6ec8ece3a8eef9325d
legacy_migration,MIG-LIFETIME-GO-SPLIT,"{""action"":""SPLIT_REQUIRES_FRESH_REEVALUATION"",""automatic_mapping"":false,""candidate_destinations"":[""GO_LIFETIME_PROJECT_NATIVE""],""current_mapped_value"":null,""legacy_label"":""GO_LIFETIME"",""legacy_lane"":""SIX_STATE_LOGICAL_LIFETIME"",""migration_id"":""MIG-LIFETIME-GO-SPLIT"",""prohibited_destinations"":[""GO_LIFETIME_EXTERNAL_SOTA"",""GO_PHYSICAL_LIFETIME"",""OFFICIAL_PUVIANI_EXACT"",""GO_PUVIANI_NMF_SURPASS""],""reason"":""simulation-native, external same-task and QPU-measured lifetime are different estimands and evidence grades""}",d3c55a9bc89626b115190667ea6bc8a1c08570f28a7dcb50239dee2a0178b2e6
legacy_migration,MIG-LIFETIME-NOGO-LOCAL,"{""action"":""PRESERVE_TASK_LOCAL_NEGATIVE_ONLY"",""automatic_mapping"":false,""candidate_destinations"":[],""current_mapped_value"":null,""legacy_label"":""NO_GO_LIFETIME"",""legacy_lane"":""SIX_STATE_LOGICAL_LIFETIME"",""migration_id"":""MIG-LIFETIME-NOGO-LOCAL"",""reason"":""a project-native negative does not evaluate an external or physical task""}",7596a4db98029d47397096e102653d32fbdf3322f5c08528b77aed0b9290f31f
legacy_migration,MIG-HIL-GO-SPLIT,"{""action"":""SPLIT_REQUIRES_FRESH_REEVALUATION"",""automatic_mapping"":false,""candidate_destinations"":[""GO_HIL_INTEGRATED""],""current_mapped_value"":null,""legacy_label"":""GO_HIL_SPEED"",""legacy_lane"":""RAW_IQ_DIGITAL_HIL"",""migration_id"":""MIG-HIL-GO-SPLIT"",""prohibited_destinations"":[""GO_HIL_EXTERNAL_SPEED""],""reason"":""an integrated measured chain and an external same-boundary speed comparison are separate claims""}",c7b8139ecef9cbc617ba59470df9d7cdc5131a2d9eb4c0a34ad85c3235d07c2a
legacy_migration,MIG-HIL-NOGO-LOCAL,"{""action"":""PRESERVE_TASK_LOCAL_NEGATIVE_ONLY"",""automatic_mapping"":false,""candidate_destinations"":[],""current_mapped_value"":null,""legacy_label"":""NO_GO_HIL_SPEED"",""legacy_lane"":""RAW_IQ_DIGITAL_HIL"",""migration_id"":""MIG-HIL-NOGO-LOCAL"",""reason"":""a missing or failed board result cannot be transferred into an algorithm result""}",5ac6dc7fccbde73e8e5fd55c9c5adaa6b6bcc232c51c30351775cfd2e320375e
legacy_migration,MIG-LER-NULL,"{""action"":""PRESERVE_TYPED_NULL"",""automatic_mapping"":false,""candidate_destinations"":[],""current_mapped_value"":null,""legacy_label"":""NOT_EVALUATED_NULL"",""legacy_lane"":""ROUND_LER_SINGLE_MODE"",""migration_id"":""MIG-LER-NULL"",""reason"":""not evaluated remains null in both scoped LER states""}",010f5407f07c685082bef34f573476aeaad14c524b9421360897b5d3b13e1ceb
legacy_migration,MIG-LER-INCOMPLETE-INTEGRITY,"{""action"":""PRESERVE_TASK_LOCAL_INCOMPLETE"",""automatic_mapping"":false,""candidate_destinations"":[],""current_mapped_value"":null,""legacy_label"":""INCOMPLETE_LER_INTEGRITY"",""legacy_lane"":""ROUND_LER_SINGLE_MODE"",""migration_id"":""MIG-LER-INCOMPLETE-INTEGRITY"",""reason"":""integrity failure opens no v2 GO state""}",2b02989d2b5c8fe8469f6dcde5d573eb236cd25d8c4f558431f4b98d1a7c3a30
legacy_migration,MIG-LER-INCOMPLETE-BASELINE,"{""action"":""PRESERVE_TASK_LOCAL_INCOMPLETE"",""automatic_mapping"":false,""candidate_destinations"":[],""current_mapped_value"":null,""legacy_label"":""INCOMPLETE_LER_BASELINE"",""legacy_lane"":""ROUND_LER_SINGLE_MODE"",""migration_id"":""MIG-LER-INCOMPLETE-BASELINE"",""reason"":""baseline failure opens no v2 GO state""}",dfc9a107370f9355052aa38dbfe65751bfb145ee737acd429ee93f52ca0be54b
legacy_migration,MIG-LER-INCOMPLETE-EVIDENCE,"{""action"":""PRESERVE_TASK_LOCAL_INCOMPLETE"",""automatic_mapping"":false,""candidate_destinations"":[],""current_mapped_value"":null,""legacy_label"":""INCOMPLETE_LER_EVIDENCE"",""legacy_lane"":""ROUND_LER_SINGLE_MODE"",""migration_id"":""MIG-LER-INCOMPLETE-EVIDENCE"",""reason"":""evidence failure opens no v2 GO state""}",fd8075c4e77787c7d0b37d0be56f3718a9a0aa8b95ec95cc45873ab0d98b32bf
legacy_migration,MIG-LER-NOGO-TAIL,"{""action"":""PRESERVE_TASK_LOCAL_NEGATIVE_ONLY"",""automatic_mapping"":false,""candidate_destinations"":[],""current_mapped_value"":null,""legacy_label"":""NO_GO_LER_SOTA_TAIL_ONLY"",""legacy_lane"":""ROUND_LER_SINGLE_MODE"",""migration_id"":""MIG-LER-NOGO-TAIL"",""reason"":""tail-only wording is not any v2 GO state""}",a5649978d0b3d7c36266adbc06bca2107ce0984eae1e0d1570105f6fa2e084c6
legacy_migration,MIG-LER-NOGO-ROBUSTNESS,"{""action"":""PRESERVE_TASK_LOCAL_NEGATIVE_ONLY"",""automatic_mapping"":false,""candidate_destinations"":[],""current_mapped_value"":null,""legacy_label"":""NO_GO_LER_SOTA_ROBUSTNESS_ONLY"",""legacy_lane"":""ROUND_LER_SINGLE_MODE"",""migration_id"":""MIG-LER-NOGO-ROBUSTNESS"",""reason"":""robustness-only wording is not any v2 GO state""}",6b52eb9f0889a8bb30f2db7512e8bb946930cfb680b62da127dd5b528b9b824a
legacy_migration,MIG-LER-NOGO-NONINFERIOR,"{""action"":""PRESERVE_TASK_LOCAL_NEGATIVE_ONLY"",""automatic_mapping"":false,""candidate_destinations"":[],""current_mapped_value"":null,""legacy_label"":""NO_GO_LER_SOTA_NONINFERIOR"",""legacy_lane"":""ROUND_LER_SINGLE_MODE"",""migration_id"":""MIG-LER-NOGO-NONINFERIOR"",""reason"":""non-inferiority is not superiority""}",ff4e1327ed3b0e398e099c555b27ecdccb18865514bf14a683eafbcfcdc16788
legacy_migration,MIG-LER-NOGO-NEGATIVE,"{""action"":""PRESERVE_TASK_LOCAL_NEGATIVE_ONLY"",""automatic_mapping"":false,""candidate_destinations"":[],""current_mapped_value"":null,""legacy_label"":""NO_GO_LER_SOTA_NEGATIVE"",""legacy_lane"":""ROUND_LER_SINGLE_MODE"",""migration_id"":""MIG-LER-NOGO-NEGATIVE"",""reason"":""negative outcome opens no v2 GO state""}",a5b919f2d2081efe52567f2515f91672f9489e6b550047b221de6d7c271da97a
legacy_migration,MIG-LIFETIME-NULL,"{""action"":""PRESERVE_TYPED_NULL"",""automatic_mapping"":false,""candidate_destinations"":[],""current_mapped_value"":null,""legacy_label"":""NOT_EVALUATED_NULL"",""legacy_lane"":""SIX_STATE_LOGICAL_LIFETIME"",""migration_id"":""MIG-LIFETIME-NULL"",""reason"":""not evaluated remains null in all scoped lifetime states""}",831d02f893ac6d7ebbf263aebed800614e0bf120a9355213720decfa1a94b502
legacy_migration,MIG-LIFETIME-INCOMPLETE-INTEGRITY,"{""action"":""PRESERVE_TASK_LOCAL_INCOMPLETE"",""automatic_mapping"":false,""candidate_destinations"":[],""current_mapped_value"":null,""legacy_label"":""INCOMPLETE_LIFETIME_INTEGRITY"",""legacy_lane"":""SIX_STATE_LOGICAL_LIFETIME"",""migration_id"":""MIG-LIFETIME-INCOMPLETE-INTEGRITY"",""reason"":""integrity failure opens no v2 GO state""}",2aa9db229d18643c73ac57c00ed8cddc4c9284681720fd8b3703b0fca3e06cb3
legacy_migration,MIG-LIFETIME-INCOMPLETE-BASELINE,"{""action"":""PRESERVE_TASK_LOCAL_INCOMPLETE"",""automatic_mapping"":false,""candidate_destinations"":[],""current_mapped_value"":null,""legacy_label"":""INCOMPLETE_LIFETIME_BASELINE"",""legacy_lane"":""SIX_STATE_LOGICAL_LIFETIME"",""migration_id"":""MIG-LIFETIME-INCOMPLETE-BASELINE"",""reason"":""baseline failure opens no v2 GO state""}",4d78bff23eb71393ea375fe0f7fb0c4a4a49f0af58755d6cdae76d376c15ce9f
legacy_migration,MIG-LIFETIME-INCOMPLETE-EVIDENCE,"{""action"":""PRESERVE_TASK_LOCAL_INCOMPLETE"",""automatic_mapping"":false,""candidate_destinations"":[],""current_mapped_value"":null,""legacy_label"":""INCOMPLETE_LIFETIME_EVIDENCE"",""legacy_lane"":""SIX_STATE_LOGICAL_LIFETIME"",""migration_id"":""MIG-LIFETIME-INCOMPLETE-EVIDENCE"",""reason"":""evidence failure opens no v2 GO state""}",0c30385622e0a28cfe63a23d439b366d1f9accd03558167265260061ed389f5c
legacy_migration,MIG-LIFETIME-NOGO-FIT,"{""action"":""PRESERVE_TASK_LOCAL_NEGATIVE_ONLY"",""automatic_mapping"":false,""candidate_destinations"":[],""current_mapped_value"":null,""legacy_label"":""NO_GO_LIFETIME_FIT"",""legacy_lane"":""SIX_STATE_LOGICAL_LIFETIME"",""migration_id"":""MIG-LIFETIME-NOGO-FIT"",""reason"":""failed lifetime fit opens no v2 GO state""}",5ef99e7847b2e73592f169e2b4d15a8be513c13a4d05e05ab25a22acb8dda4d1
legacy_migration,MIG-LIFETIME-NOGO-COST,"{""action"":""PRESERVE_TASK_LOCAL_NEGATIVE_ONLY"",""automatic_mapping"":false,""candidate_destinations"":[],""current_mapped_value"":null,""legacy_label"":""NO_GO_LIFETIME_COST"",""legacy_lane"":""SIX_STATE_LOGICAL_LIFETIME"",""migration_id"":""MIG-LIFETIME-NOGO-COST"",""reason"":""cost failure opens no v2 GO state""}",cdc966ba094a482e015ad65475e959692cad0ba5887757f40451bfee5171e9af
legacy_migration,MIG-LIFETIME-NOGO-NONINFERIOR,"{""action"":""PRESERVE_TASK_LOCAL_NEGATIVE_ONLY"",""automatic_mapping"":false,""candidate_destinations"":[],""current_mapped_value"":null,""legacy_label"":""NO_GO_LIFETIME_NONINFERIOR"",""legacy_lane"":""SIX_STATE_LOGICAL_LIFETIME"",""migration_id"":""MIG-LIFETIME-NOGO-NONINFERIOR"",""reason"":""non-inferiority is not lifetime superiority""}",ec4228721b7cd19d5a46a4b70c814e07a1d2025afff6d8d20ce4f0a062cd45c4
legacy_migration,MIG-LIFETIME-NOGO-NEGATIVE,"{""action"":""PRESERVE_TASK_LOCAL_NEGATIVE_ONLY"",""automatic_mapping"":false,""candidate_destinations"":[],""current_mapped_value"":null,""legacy_label"":""NO_GO_LIFETIME_NEGATIVE"",""legacy_lane"":""SIX_STATE_LOGICAL_LIFETIME"",""migration_id"":""MIG-LIFETIME-NOGO-NEGATIVE"",""reason"":""negative outcome opens no v2 GO state""}",7e4d290fd4208ce480f81977a5b644dcd0970eb7c4e0247d0f54469be3a1d916
legacy_migration,MIG-HIL-MISSING-BOARD,"{""action"":""PRESERVE_TYPED_NULL"",""automatic_mapping"":false,""candidate_destinations"":[],""current_mapped_value"":null,""legacy_label"":""MISSING_BOARD_NULL"",""legacy_lane"":""RAW_IQ_DIGITAL_HIL"",""migration_id"":""MIG-HIL-MISSING-BOARD"",""reason"":""missing board leaves both measured HIL states null""}",2469fe52f5b813d54a306dec41426a4f61b3d11db56ccc222c5eea6e66cc0d09
legacy_migration,MIG-HIL-INCOMPLETE-INTEGRITY,"{""action"":""PRESERVE_TASK_LOCAL_INCOMPLETE"",""automatic_mapping"":false,""candidate_destinations"":[],""current_mapped_value"":null,""legacy_label"":""INCOMPLETE_HIL_SPEED_INTEGRITY"",""legacy_lane"":""RAW_IQ_DIGITAL_HIL"",""migration_id"":""MIG-HIL-INCOMPLETE-INTEGRITY"",""reason"":""integrity failure opens no v2 GO state""}",6101ee31b3f5f044e3717da2f197a5533964d68b2a787f00e18d91c496fc86ef
legacy_migration,MIG-HIL-INCOMPLETE-EVIDENCE,"{""action"":""PRESERVE_TASK_LOCAL_INCOMPLETE"",""automatic_mapping"":false,""candidate_destinations"":[],""current_mapped_value"":null,""legacy_label"":""INCOMPLETE_HIL_SPEED_EVIDENCE"",""legacy_lane"":""RAW_IQ_DIGITAL_HIL"",""migration_id"":""MIG-HIL-INCOMPLETE-EVIDENCE"",""reason"":""HIL evidence failure opens no v2 GO state""}",12d0a0ffc24eb8b738d3501fbb6edae1b6f84d5b70c9396bd1ecc505605bd1ed
legacy_migration,MIG-HIL-INCOMPLETE-COMPARATOR,"{""action"":""PRESERVE_TASK_LOCAL_INCOMPLETE"",""automatic_mapping"":false,""candidate_destinations"":[],""current_mapped_value"":null,""legacy_label"":""INCOMPLETE_HIL_SPEED_NO_COMPARATOR"",""legacy_lane"":""RAW_IQ_DIGITAL_HIL"",""migration_id"":""MIG-HIL-INCOMPLETE-COMPARATOR"",""reason"":""missing comparator specifically closes external speed""}",7820fd2c3aca56da7921f54c4b7f3d9aae8e0afd5a5be20453aae7d857434aa3
legacy_migration,MIG-HIL-NOGO-DEADLINE,"{""action"":""PRESERVE_TASK_LOCAL_NEGATIVE_ONLY"",""automatic_mapping"":false,""candidate_destinations"":[],""current_mapped_value"":null,""legacy_label"":""NO_GO_HIL_SPEED_DEADLINE"",""legacy_lane"":""RAW_IQ_DIGITAL_HIL"",""migration_id"":""MIG-HIL-NOGO-DEADLINE"",""reason"":""deadline failure opens no v2 GO state""}",cfb42b04bbedcf745653a6fe6a2643867d6749049d0f9f19f6cd2b0c553f82a7
legacy_migration,MIG-HIL-NOGO-NEGATIVE,"{""action"":""PRESERVE_TASK_LOCAL_NEGATIVE_ONLY"",""automatic_mapping"":false,""candidate_destinations"":[],""current_mapped_value"":null,""legacy_label"":""NO_GO_HIL_SPEED_NEGATIVE"",""legacy_lane"":""RAW_IQ_DIGITAL_HIL"",""migration_id"":""MIG-HIL-NOGO-NEGATIVE"",""reason"":""negative outcome opens no v2 GO state""}",87ea81e959eb2f8809ef2270c2ea043b7c9c7a276aab02c90681d2e50e41a0f4
legacy_migration,MIG-HIL-ENGINEERING-NONRANKING,"{""action"":""PRESERVE_SUPPORTING_ONLY"",""automatic_mapping"":false,""candidate_destinations"":[],""current_mapped_value"":null,""legacy_label"":""GO_HIL_ENGINEERING_NONRANKING"",""legacy_lane"":""RAW_IQ_DIGITAL_HIL"",""migration_id"":""MIG-HIL-ENGINEERING-NONRANKING"",""reason"":""preboard engineering evidence is neither integrated HIL nor external speed""}",a04c0b6e57dd252b1344754e9bbb3c3bcfec2ba63b02d0f3f322fb26838f5aef
forbidden_transfer,FT-V2-REGISTERED-TO-EXTERNAL-LER,"{""from"":""GO_LER_REGISTERED_BEST"",""rejection"":""MISSING_EXTERNAL_SAME_TASK_LEDGER_AND_AUDIT"",""to"":""GO_LER_EXTERNAL_SOTA"",""transfer_id"":""FT-V2-REGISTERED-TO-EXTERNAL-LER""}",fe5d31873411aef53a42faf5424a9851fb7544d376f69f66537f672988551a1b
forbidden_transfer,FT-V2-PROJECT-TO-EXTERNAL-LIFETIME,"{""from"":""GO_LIFETIME_PROJECT_NATIVE"",""rejection"":""MISSING_EXTERNAL_SAME_TASK_LEDGER_AND_AUDIT"",""to"":""GO_LIFETIME_EXTERNAL_SOTA"",""transfer_id"":""FT-V2-PROJECT-TO-EXTERNAL-LIFETIME""}",4ca447b268ef5b7546789f281452ec0b1e12ac905acd37f3343eae1020d7075e
forbidden_transfer,FT-V2-PROJECT-TO-PHYSICAL,"{""from"":""GO_LIFETIME_PROJECT_NATIVE"",""rejection"":""SIMULATION_IS_NOT_QPU_MEASUREMENT"",""to"":""GO_PHYSICAL_LIFETIME"",""transfer_id"":""FT-V2-PROJECT-TO-PHYSICAL""}",da45958fab6ee2510f455ca0fe209ae67b86b3102a9114f80e32ee3710c28523
forbidden_transfer,FT-V2-INTEGRATED-TO-EXTERNAL-SPEED,"{""from"":""GO_HIL_INTEGRATED"",""rejection"":""MISSING_EXTERNAL_SAME_BOUNDARY_COMPARATOR"",""to"":""GO_HIL_EXTERNAL_SPEED"",""transfer_id"":""FT-V2-INTEGRATED-TO-EXTERNAL-SPEED""}",3b766a552518217de4d4ee8445a4a56eb2c220d2da88e199210e60e806c8be23
forbidden_transfer,FT-V2-RECORDED-TO-LIVE-HIL,"{""from"":""BOARD_RECORDED_IQ_REPLAY"",""rejection"":""RECORDED_REPLAY_IS_NOT_LIVE_ADC_RAW_IQ"",""to"":""BOARD_LIVE_RAW_IQ_HIL"",""transfer_id"":""FT-V2-RECORDED-TO-LIVE-HIL""}",ce5dc09c1629146aa6928916e7ed220201782ece29a003a7d38c18a0f3b0ee20
forbidden_transfer,FT-V2-PREBOARD-TO-INTEGRATED,"{""from"":""CXXRTL_OR_SYNTHESIS"",""rejection"":""ESTIMATE_IS_NOT_REAL_BOARD_HIL"",""to"":""GO_HIL_INTEGRATED"",""transfer_id"":""FT-V2-PREBOARD-TO-INTEGRATED""}",f36140d0ae9b57d45769f305072f8432216daaaff6054659ec76a46263349356
forbidden_transfer,FT-V2-SIX-CYCLE-TO-END-TO-END,"{""from"":""DISCRIMINATOR_OUT_TO_ACTION_6_CYCLES"",""rejection"":""LATENCY_BOUNDARY_MISMATCH"",""to"":""ADC_OR_REPLAY_TO_TRIGGER_LATENCY"",""transfer_id"":""FT-V2-SIX-CYCLE-TO-END-TO-END""}",0d5fc693e3d939849baa8687c9ee719eb75369abf7c4743054ad2928a4bfc5b3
forbidden_transfer,FT-V2-PAPER-CONSTRAINED-TO-OFFICIAL,"{""from"":""PAPER_CONSTRAINED_REIMPLEMENTATION"",""rejection"":""MISSING_OFFICIAL_ASSETS"",""to"":""OFFICIAL_PUVIANI_EXACT"",""transfer_id"":""FT-V2-PAPER-CONSTRAINED-TO-OFFICIAL""}",6170a98c3c5a1d73ba11559b986b2595a4cf91a337e3d2fa3fced70b0490c988
forbidden_transfer,FT-V2-PAPER-CONSTRAINED-TO-SURPASS,"{""from"":""T9.1.3_SHORT_HORIZON_RESULT"",""rejection"":""OFFICIAL_EXACT_AND_SAME_TASK_REQUIRED"",""to"":""GO_PUVIANI_NMF_SURPASS"",""transfer_id"":""FT-V2-PAPER-CONSTRAINED-TO-SURPASS""}",b45adc7255c77712254cd91b558b1a3eff659dfca879b8498917ab457294851f
forbidden_transfer,FT-V2-LIFETIME-TO-LER,"{""from"":""SIX_STATE_LOGICAL_LIFETIME"",""rejection"":""CROSS_LANE_SUBSTITUTION"",""to"":""GO_LER_REGISTERED_BEST"",""transfer_id"":""FT-V2-LIFETIME-TO-LER""}",46c0f37fd92dcfc8ee3854f680e5b39168cbb5816f6c87e06b4b6fcb900eff5e
forbidden_transfer,FT-V2-LER-TO-LIFETIME,"{""from"":""ROUND_LER_SINGLE_MODE"",""rejection"":""CROSS_LANE_SUBSTITUTION"",""to"":""GO_LIFETIME_PROJECT_NATIVE"",""transfer_id"":""FT-V2-LER-TO-LIFETIME""}",56ecb8a646f8bf6ee7f300dc6d0374381cec9ded32db7ba57b56ac631c71c3ef
forbidden_transfer,FT-V2-HIL-TO-ALGORITHM,"{""from"":""RAW_IQ_DIGITAL_HIL"",""rejection"":""HARDWARE_SAFETY_OR_SPEED_IS_NOT_LER"",""to"":""GO_LER_REGISTERED_BEST"",""transfer_id"":""FT-V2-HIL-TO-ALGORITHM""}",912befd9df3c5f9c6e3ac3649219b570d9325f062b06fcfdc6969e66267cd8d0
forbidden_transfer,FT-V2-CROSS-TASK-EXTERNAL,"{""from"":""CROSS_CODE_OR_CROSS_BOUNDARY_RESULT"",""rejection"":""SAME_TASK_ELIGIBILITY_REQUIRED"",""to"":""ANY_EXTERNAL_SOTA"",""transfer_id"":""FT-V2-CROSS-TASK-EXTERNAL""}",53bdcf258a37f8a2e0ca77c78c6457f1f5cf0e731be98963c82bd42dee762b8b
forbidden_transfer,FT-V2-MISSING-TO-ZERO,"{""from"":""MISSING_OR_UNAVAILABLE_EVIDENCE"",""rejection"":""TYPED_NULL_REQUIRED"",""to"":""ZERO_OR_PASS"",""transfer_id"":""FT-V2-MISSING-TO-ZERO""}",bc6a35ac5fecfb982b7be3aa86398a13f604d3be4ad1f69fd274031204f73989
forbidden_transfer,FT-V2-LEGACY-AUTO-MAP,"{""from"":""GO_LER_SOTA_OR_GO_LIFETIME_OR_GO_HIL_SPEED"",""rejection"":""FRESH_SCOPED_REEVALUATION_REQUIRED"",""to"":""ANY_V2_GO_STATE"",""transfer_id"":""FT-V2-LEGACY-AUTO-MAP""}",b0e76a3dcd8a8acd43c8c97767ff95b6b139df197d4587c9d39ee60cf37c43a6
forbidden_transfer,FT-V2-POINT-TO-PROMOTION,"{""from"":""POINT_ESTIMATE_ONLY"",""rejection"":""SIMULTANEOUS_CI_AND_INDEPENDENT_AUDIT_REQUIRED"",""to"":""ANY_V2_GO_STATE"",""transfer_id"":""FT-V2-POINT-TO-PROMOTION""}",7c5b575cbdd4247fb2a68007615fb2a5884f3c1129eba0f34fb069c742271a4b
forbidden_transfer,FT-V2-NULLABLE-HIL-BLOCKS-ALGORITHM,"{""from"":""T9.7.4_TERMINAL_BLOCKED_NULL"",""rejection"":""NULLABLE_HIL_DEPENDENCY_MUST_NOT_BLOCK_SOFTWARE_VERDICTS"",""to"":""BLOCK_ALGORITHM_ONLY_OR_SPLIT_DECISION"",""transfer_id"":""FT-V2-NULLABLE-HIL-BLOCKS-ALGORITHM""}",1498c7b5b79576f5e486907151582aa920d889203120a3b3d4d3505c5bdac1e1
predicate_fixture,FIX-GO_LER_REGISTERED_BEST-PASS,"{""evidence"":{""_fixture_only"":true,""all_mandatory_baselines_complete"":true,""analysis_sha256"":""9b6bb7d63d37c36087b5cc3f0143ccb9358e7b83906ca9b659c24421ebb1ab94"",""both_independent_backends_passed"":true,""complete_missingness_ledger"":true,""every_eligible_matched_baseline_beaten_with_registered_thresholds"":true,""formal_manifest_sha256"":""e0b6ecd7650684d7a930e906560ecc6b4c1207e1ee3138f2b660a0481c076d22"",""formal_phase9_complete"":true,""independent_recompute_passed"":true,""parent_v1_live_verified"":true,""same_task_signature"":true,""simultaneous_ci_gate_passed"":true,""source_data_sha256"":""8bfdf42bc547aead4b610f7a40072132e5e0faa36ad8ce5978c1d394293f2511"",""t9_1_4_registry_live_verified"":true,""zero_postselection"":true},""fixture_id"":""FIX-GO_LER_REGISTERED_BEST-PASS"",""kind"":""SYNTHETIC_SCHEMA_PASS_NOT_SCIENTIFIC_RESULT"",""outcome"":{""fixture_only"":true,""missing_conditions"":[],""state_id"":""GO_LER_REGISTERED_BEST"",""status"":""SYNTHETIC_SCHEMA_COMPLETE_NULL"",""value"":null,""verdict"":null},""state_id"":""GO_LER_REGISTERED_BEST""}",e254862261681ff164ada1dd670fe1725bb899197623bff9ddc98b9d37242b0d
predicate_fixture,FIX-GO_LER_REGISTERED_BEST-INCOMPLETE,"{""evidence"":{""_fixture_only"":true,""all_mandatory_baselines_complete"":true,""analysis_sha256"":""9b6bb7d63d37c36087b5cc3f0143ccb9358e7b83906ca9b659c24421ebb1ab94"",""both_independent_backends_passed"":true,""complete_missingness_ledger"":true,""every_eligible_matched_baseline_beaten_with_registered_thresholds"":true,""formal_manifest_sha256"":""e0b6ecd7650684d7a930e906560ecc6b4c1207e1ee3138f2b660a0481c076d22"",""formal_phase9_complete"":false,""independent_recompute_passed"":true,""parent_v1_live_verified"":true,""same_task_signature"":true,""simultaneous_ci_gate_passed"":true,""source_data_sha256"":""8bfdf42bc547aead4b610f7a40072132e5e0faa36ad8ce5978c1d394293f2511"",""t9_1_4_registry_live_verified"":true,""zero_postselection"":true},""fixture_id"":""FIX-GO_LER_REGISTERED_BEST-INCOMPLETE"",""kind"":""SYNTHETIC_SINGLE_PREDICATE_FAILURE"",""outcome"":{""fixture_only"":true,""missing_conditions"":[""formal_phase9_complete""],""state_id"":""GO_LER_REGISTERED_BEST"",""status"":""SYNTHETIC_INCOMPLETE_NULL"",""value"":null,""verdict"":null},""state_id"":""GO_LER_REGISTERED_BEST""}",b48e615e3e3055b7ac124a38759225d404e5d0a1b55c731f8d466cae76790d26
predicate_fixture,FIX-GO_LER_REGISTERED_BEST-REVOKED,"{""evidence"":{""_fixture_only"":true,""all_mandatory_baselines_complete"":true,""analysis_sha256"":""9b6bb7d63d37c36087b5cc3f0143ccb9358e7b83906ca9b659c24421ebb1ab94"",""both_independent_backends_passed"":true,""complete_missingness_ledger"":true,""every_eligible_matched_baseline_beaten_with_registered_thresholds"":true,""formal_manifest_sha256"":""e0b6ecd7650684d7a930e906560ecc6b4c1207e1ee3138f2b660a0481c076d22"",""formal_phase9_complete"":true,""independent_recompute_passed"":true,""parent_v1_live_verified"":true,""same_task_signature"":true,""simultaneous_ci_gate_passed"":true,""source_data_sha256"":""8bfdf42bc547aead4b610f7a40072132e5e0faa36ad8ce5978c1d394293f2511"",""t9_1_4_registry_live_verified"":true,""zero_postselection"":true},""fixture_id"":""FIX-GO_LER_REGISTERED_BEST-REVOKED"",""kind"":""SYNTHETIC_REVOCATION_PROPAGATION"",""outcome"":{""fixture_only"":true,""missing_conditions"":[],""state_id"":""GO_LER_REGISTERED_BEST"",""status"":""SYNTHETIC_REVOKED_NULL"",""value"":null,""verdict"":null},""state_id"":""GO_LER_REGISTERED_BEST""}",ef43697debc52c4d8b7ffb43f350b242d5320dd453263b5443a976e2ed6da563
predicate_fixture,FIX-GO_LER_EXTERNAL_SOTA-PASS,"{""evidence"":{""_fixture_only"":true,""all_credible_in_window_records_screened"":true,""all_external_same_task_results_complete"":true,""comparator_ledger_sha256"":""7ad5b2600c00ee549886d61dd63ae4a61d0b8cdc48487a31b7d2cae2030d57c3"",""complete_deduplicated_comparator_ledger"":true,""every_external_same_task_comparator_beaten_with_simultaneous_ci"":true,""external_evaluation_manifest_sha256"":""3bdf02f0238f2f901c49ddc0401a8d01e1f3ed3d0dc8d7e836e387664bfc1ef7"",""external_same_task_eligible_count"":1,""go_ler_registered_best"":true,""independent_audit_sha256"":""74ac41e21eb82c6e92b25df4219f32103b7b4a563ef0cd30125d8f8144f45e16"",""independent_external_audit_passed"":true,""literature_cutoff_bound"":true,""unresolved_eligible_stronger_comparator_count"":0},""fixture_id"":""FIX-GO_LER_EXTERNAL_SOTA-PASS"",""kind"":""SYNTHETIC_SCHEMA_PASS_NOT_SCIENTIFIC_RESULT"",""outcome"":{""fixture_only"":true,""missing_conditions"":[],""state_id"":""GO_LER_EXTERNAL_SOTA"",""status"":""SYNTHETIC_SCHEMA_COMPLETE_NULL"",""value"":null,""verdict"":null},""state_id"":""GO_LER_EXTERNAL_SOTA""}",3e44f0a7004f60ad5a92fde3903f7a9446b49afcaa7861888ccc0d51b66249b7
predicate_fixture,FIX-GO_LER_EXTERNAL_SOTA-INCOMPLETE,"{""evidence"":{""_fixture_only"":true,""all_credible_in_window_records_screened"":true,""all_external_same_task_results_complete"":true,""comparator_ledger_sha256"":""7ad5b2600c00ee549886d61dd63ae4a61d0b8cdc48487a31b7d2cae2030d57c3"",""complete_deduplicated_comparator_ledger"":true,""every_external_same_task_comparator_beaten_with_simultaneous_ci"":true,""external_evaluation_manifest_sha256"":""3bdf02f0238f2f901c49ddc0401a8d01e1f3ed3d0dc8d7e836e387664bfc1ef7"",""external_same_task_eligible_count"":1,""go_ler_registered_best"":false,""independent_audit_sha256"":""74ac41e21eb82c6e92b25df4219f32103b7b4a563ef0cd30125d8f8144f45e16"",""independent_external_audit_passed"":true,""literature_cutoff_bound"":true,""unresolved_eligible_stronger_comparator_count"":0},""fixture_id"":""FIX-GO_LER_EXTERNAL_SOTA-INCOMPLETE"",""kind"":""SYNTHETIC_SINGLE_PREDICATE_FAILURE"",""outcome"":{""fixture_only"":true,""missing_conditions"":[""go_ler_registered_best""],""state_id"":""GO_LER_EXTERNAL_SOTA"",""status"":""SYNTHETIC_INCOMPLETE_NULL"",""value"":null,""verdict"":null},""state_id"":""GO_LER_EXTERNAL_SOTA""}",7a41856a7b9a9c379952d75819cf01e6f243496822b88d2369438efb8e0397cf
predicate_fixture,FIX-GO_LER_EXTERNAL_SOTA-REVOKED,"{""evidence"":{""_fixture_only"":true,""all_credible_in_window_records_screened"":true,""all_external_same_task_results_complete"":true,""comparator_ledger_sha256"":""7ad5b2600c00ee549886d61dd63ae4a61d0b8cdc48487a31b7d2cae2030d57c3"",""complete_deduplicated_comparator_ledger"":true,""every_external_same_task_comparator_beaten_with_simultaneous_ci"":true,""external_evaluation_manifest_sha256"":""3bdf02f0238f2f901c49ddc0401a8d01e1f3ed3d0dc8d7e836e387664bfc1ef7"",""external_same_task_eligible_count"":1,""go_ler_registered_best"":true,""independent_audit_sha256"":""74ac41e21eb82c6e92b25df4219f32103b7b4a563ef0cd30125d8f8144f45e16"",""independent_external_audit_passed"":true,""literature_cutoff_bound"":true,""unresolved_eligible_stronger_comparator_count"":0},""fixture_id"":""FIX-GO_LER_EXTERNAL_SOTA-REVOKED"",""kind"":""SYNTHETIC_REVOCATION_PROPAGATION"",""outcome"":{""fixture_only"":true,""missing_conditions"":[],""state_id"":""GO_LER_EXTERNAL_SOTA"",""status"":""SYNTHETIC_REVOKED_NULL"",""value"":null,""verdict"":null},""state_id"":""GO_LER_EXTERNAL_SOTA""}",48d5b633aefb09871afca54be1889192751918e7b646c6efc22c2e338ea0a9f2
predicate_fixture,FIX-GO_LIFETIME_PROJECT_NATIVE-PASS,"{""evidence"":{""_fixture_only"":true,""analysis_sha256"":""62a83359ba0adc1a5c2760f5094ca42a604d4041188bedabc0b1ee35b8284910"",""both_independent_backends_passed"":true,""control_reset_fallback_cost_included"":true,""formal_phase9_complete"":true,""independent_recompute_passed"":true,""lifetime_manifest_sha256"":""5d4fc9ff0279f86e11f99eea464f30fae4371a8d5458462dee66bc285ea667df"",""lifetime_power_and_estimand_frozen_preoutcome"":true,""minimum_over_six_states_gain_gate_passed"":true,""no_postselection"":true,""simultaneous_ci_gate_passed"":true,""six_state_full_denominator"":true,""source_data_sha256"":""3c90a963f94cb007c063d480b6f57ff7dc8261b9cfbc1b7458795d1fd9b15045"",""survival_and_logical_channel_fit_qualified"":true},""fixture_id"":""FIX-GO_LIFETIME_PROJECT_NATIVE-PASS"",""kind"":""SYNTHETIC_SCHEMA_PASS_NOT_SCIENTIFIC_RESULT"",""outcome"":{""fixture_only"":true,""missing_conditions"":[],""state_id"":""GO_LIFETIME_PROJECT_NATIVE"",""status"":""SYNTHETIC_SCHEMA_COMPLETE_NULL"",""value"":null,""verdict"":null},""state_id"":""GO_LIFETIME_PROJECT_NATIVE""}",ef3023c0c849c69170c141d40c8b96d6c10b9ab7df4d6697fd15d70cfe125913
predicate_fixture,FIX-GO_LIFETIME_PROJECT_NATIVE-INCOMPLETE,"{""evidence"":{""_fixture_only"":true,""analysis_sha256"":""62a83359ba0adc1a5c2760f5094ca42a604d4041188bedabc0b1ee35b8284910"",""both_independent_backends_passed"":true,""control_reset_fallback_cost_included"":true,""formal_phase9_complete"":true,""independent_recompute_passed"":true,""lifetime_manifest_sha256"":""5d4fc9ff0279f86e11f99eea464f30fae4371a8d5458462dee66bc285ea667df"",""lifetime_power_and_estimand_frozen_preoutcome"":false,""minimum_over_six_states_gain_gate_passed"":true,""no_postselection"":true,""simultaneous_ci_gate_passed"":true,""six_state_full_denominator"":true,""source_data_sha256"":""3c90a963f94cb007c063d480b6f57ff7dc8261b9cfbc1b7458795d1fd9b15045"",""survival_and_logical_channel_fit_qualified"":true},""fixture_id"":""FIX-GO_LIFETIME_PROJECT_NATIVE-INCOMPLETE"",""kind"":""SYNTHETIC_SINGLE_PREDICATE_FAILURE"",""outcome"":{""fixture_only"":true,""missing_conditions"":[""lifetime_power_and_estimand_frozen_preoutcome""],""state_id"":""GO_LIFETIME_PROJECT_NATIVE"",""status"":""SYNTHETIC_INCOMPLETE_NULL"",""value"":null,""verdict"":null},""state_id"":""GO_LIFETIME_PROJECT_NATIVE""}",70917496e231d43708c7e14be6c143b7f25702416cf410cb54476c42d60e7c99
predicate_fixture,FIX-GO_LIFETIME_PROJECT_NATIVE-REVOKED,"{""evidence"":{""_fixture_only"":true,""analysis_sha256"":""62a83359ba0adc1a5c2760f5094ca42a604d4041188bedabc0b1ee35b8284910"",""both_independent_backends_passed"":true,""control_reset_fallback_cost_included"":true,""formal_phase9_complete"":true,""independent_recompute_passed"":true,""lifetime_manifest_sha256"":""5d4fc9ff0279f86e11f99eea464f30fae4371a8d5458462dee66bc285ea667df"",""lifetime_power_and_estimand_frozen_preoutcome"":true,""minimum_over_six_states_gain_gate_passed"":true,""no_postselection"":true,""simultaneous_ci_gate_passed"":true,""six_state_full_denominator"":true,""source_data_sha256"":""3c90a963f94cb007c063d480b6f57ff7dc8261b9cfbc1b7458795d1fd9b15045"",""survival_and_logical_channel_fit_qualified"":true},""fixture_id"":""FIX-GO_LIFETIME_PROJECT_NATIVE-REVOKED"",""kind"":""SYNTHETIC_REVOCATION_PROPAGATION"",""outcome"":{""fixture_only"":true,""missing_conditions"":[],""state_id"":""GO_LIFETIME_PROJECT_NATIVE"",""status"":""SYNTHETIC_REVOKED_NULL"",""value"":null,""verdict"":null},""state_id"":""GO_LIFETIME_PROJECT_NATIVE""}",b9242399fe03e86d42e2df97db969946ed765113af3f08c1a1cde28349f60b32
predicate_fixture,FIX-GO_LIFETIME_EXTERNAL_SOTA-PASS,"{""evidence"":{""_fixture_only"":true,""all_credible_in_window_records_screened"":true,""all_external_same_task_results_complete"":true,""comparator_ledger_sha256"":""971bcbf406582fd735bd92934f2cecdd206a2fad222deb2fc5f15a7465aca410"",""complete_deduplicated_comparator_ledger"":true,""every_external_same_task_comparator_beaten_with_simultaneous_ci"":true,""external_lifetime_manifest_sha256"":""eb85923eb351113a3dfd9b4cd1f81703453185b7003f9ec2088f0e4bc7623c34"",""external_same_task_eligible_count"":1,""go_lifetime_project_native"":true,""independent_audit_sha256"":""1f2a3258012eb64fc7e1c7508bc0fed0982652767bbed36c55f61866d8ec9395"",""independent_external_audit_passed"":true,""literature_cutoff_bound"":true,""unresolved_eligible_stronger_comparator_count"":0},""fixture_id"":""FIX-GO_LIFETIME_EXTERNAL_SOTA-PASS"",""kind"":""SYNTHETIC_SCHEMA_PASS_NOT_SCIENTIFIC_RESULT"",""outcome"":{""fixture_only"":true,""missing_conditions"":[],""state_id"":""GO_LIFETIME_EXTERNAL_SOTA"",""status"":""SYNTHETIC_SCHEMA_COMPLETE_NULL"",""value"":null,""verdict"":null},""state_id"":""GO_LIFETIME_EXTERNAL_SOTA""}",99a1b8f2eaac196b6870eb195bed99ea0854ca326d4dab83ebf7ffb98a729b28
predicate_fixture,FIX-GO_LIFETIME_EXTERNAL_SOTA-INCOMPLETE,"{""evidence"":{""_fixture_only"":true,""all_credible_in_window_records_screened"":true,""all_external_same_task_results_complete"":true,""comparator_ledger_sha256"":""971bcbf406582fd735bd92934f2cecdd206a2fad222deb2fc5f15a7465aca410"",""complete_deduplicated_comparator_ledger"":true,""every_external_same_task_comparator_beaten_with_simultaneous_ci"":true,""external_lifetime_manifest_sha256"":""eb85923eb351113a3dfd9b4cd1f81703453185b7003f9ec2088f0e4bc7623c34"",""external_same_task_eligible_count"":1,""go_lifetime_project_native"":false,""independent_audit_sha256"":""1f2a3258012eb64fc7e1c7508bc0fed0982652767bbed36c55f61866d8ec9395"",""independent_external_audit_passed"":true,""literature_cutoff_bound"":true,""unresolved_eligible_stronger_comparator_count"":0},""fixture_id"":""FIX-GO_LIFETIME_EXTERNAL_SOTA-INCOMPLETE"",""kind"":""SYNTHETIC_SINGLE_PREDICATE_FAILURE"",""outcome"":{""fixture_only"":true,""missing_conditions"":[""go_lifetime_project_native""],""state_id"":""GO_LIFETIME_EXTERNAL_SOTA"",""status"":""SYNTHETIC_INCOMPLETE_NULL"",""value"":null,""verdict"":null},""state_id"":""GO_LIFETIME_EXTERNAL_SOTA""}",d7c8ac20f2ca91934f4887395cd11808a6d07ff58ab640d2a8ae31237d344e86
predicate_fixture,FIX-GO_LIFETIME_EXTERNAL_SOTA-REVOKED,"{""evidence"":{""_fixture_only"":true,""all_credible_in_window_records_screened"":true,""all_external_same_task_results_complete"":true,""comparator_ledger_sha256"":""971bcbf406582fd735bd92934f2cecdd206a2fad222deb2fc5f15a7465aca410"",""complete_deduplicated_comparator_ledger"":true,""every_external_same_task_comparator_beaten_with_simultaneous_ci"":true,""external_lifetime_manifest_sha256"":""eb85923eb351113a3dfd9b4cd1f81703453185b7003f9ec2088f0e4bc7623c34"",""external_same_task_eligible_count"":1,""go_lifetime_project_native"":true,""independent_audit_sha256"":""1f2a3258012eb64fc7e1c7508bc0fed0982652767bbed36c55f61866d8ec9395"",""independent_external_audit_passed"":true,""literature_cutoff_bound"":true,""unresolved_eligible_stronger_comparator_count"":0},""fixture_id"":""FIX-GO_LIFETIME_EXTERNAL_SOTA-REVOKED"",""kind"":""SYNTHETIC_REVOCATION_PROPAGATION"",""outcome"":{""fixture_only"":true,""missing_conditions"":[],""state_id"":""GO_LIFETIME_EXTERNAL_SOTA"",""status"":""SYNTHETIC_REVOKED_NULL"",""value"":null,""verdict"":null},""state_id"":""GO_LIFETIME_EXTERNAL_SOTA""}",cf266bb4174d827d4e37fe70983d37a72ff16abe4385324140350eb251329899
predicate_fixture,FIX-OFFICIAL_PUVIANI_EXACT-PASS,"{""evidence"":{""_fixture_only"":true,""exact_environment_and_preprocessing_reproduced"":true,""independent_audit_sha256"":""82b20c67f3f8e26b84a37878036badce60a0cf792faf249ebb432543f20022ee"",""independent_reproduction_audit_passed"":true,""official_asset_manifest_sha256"":""22151638746bb4108108daf12648b2b552d51a74dfd6f1ef6772debe7021e70f"",""official_checkpoint_available"":true,""official_evaluation_source_data_sha256"":""bfbb4cbc23733f41d60cb1933105675b4a9f9b4185a040842f29160d86b09a2e"",""official_repository_provenance_verified"":true,""official_selection_ledger_available"":true,""official_six_state_evaluator_available"":true,""official_twenty_agent_seed_set_available"":true},""fixture_id"":""FIX-OFFICIAL_PUVIANI_EXACT-PASS"",""kind"":""SYNTHETIC_SCHEMA_PASS_NOT_SCIENTIFIC_RESULT"",""outcome"":{""fixture_only"":true,""missing_conditions"":[],""state_id"":""OFFICIAL_PUVIANI_EXACT"",""status"":""SYNTHETIC_SCHEMA_COMPLETE_NULL"",""value"":null,""verdict"":null},""state_id"":""OFFICIAL_PUVIANI_EXACT""}",34c362767841339329e7f90f3f02057a94d292459c82e8ce547d970f85e1caf8
predicate_fixture,FIX-OFFICIAL_PUVIANI_EXACT-INCOMPLETE,"{""evidence"":{""_fixture_only"":true,""exact_environment_and_preprocessing_reproduced"":true,""independent_audit_sha256"":""82b20c67f3f8e26b84a37878036badce60a0cf792faf249ebb432543f20022ee"",""independent_reproduction_audit_passed"":true,""official_asset_manifest_sha256"":""22151638746bb4108108daf12648b2b552d51a74dfd6f1ef6772debe7021e70f"",""official_checkpoint_available"":true,""official_evaluation_source_data_sha256"":""bfbb4cbc23733f41d60cb1933105675b4a9f9b4185a040842f29160d86b09a2e"",""official_repository_provenance_verified"":false,""official_selection_ledger_available"":true,""official_six_state_evaluator_available"":true,""official_twenty_agent_seed_set_available"":true},""fixture_id"":""FIX-OFFICIAL_PUVIANI_EXACT-INCOMPLETE"",""kind"":""SYNTHETIC_SINGLE_PREDICATE_FAILURE"",""outcome"":{""fixture_only"":true,""missing_conditions"":[""official_repository_provenance_verified""],""state_id"":""OFFICIAL_PUVIANI_EXACT"",""status"":""SYNTHETIC_INCOMPLETE_NULL"",""value"":null,""verdict"":null},""state_id"":""OFFICIAL_PUVIANI_EXACT""}",81bdb34d45d5ac2ade7a2ba89d205d9a064fd9324bcb6385ea9843e166f8c661
predicate_fixture,FIX-OFFICIAL_PUVIANI_EXACT-REVOKED,"{""evidence"":{""_fixture_only"":true,""exact_environment_and_preprocessing_reproduced"":true,""independent_audit_sha256"":""82b20c67f3f8e26b84a37878036badce60a0cf792faf249ebb432543f20022ee"",""independent_reproduction_audit_passed"":true,""official_asset_manifest_sha256"":""22151638746bb4108108daf12648b2b552d51a74dfd6f1ef6772debe7021e70f"",""official_checkpoint_available"":true,""official_evaluation_source_data_sha256"":""bfbb4cbc23733f41d60cb1933105675b4a9f9b4185a040842f29160d86b09a2e"",""official_repository_provenance_verified"":true,""official_selection_ledger_available"":true,""official_six_state_evaluator_available"":true,""official_twenty_agent_seed_set_available"":true},""fixture_id"":""FIX-OFFICIAL_PUVIANI_EXACT-REVOKED"",""kind"":""SYNTHETIC_REVOCATION_PROPAGATION"",""outcome"":{""fixture_only"":true,""missing_conditions"":[],""state_id"":""OFFICIAL_PUVIANI_EXACT"",""status"":""SYNTHETIC_REVOKED_NULL"",""value"":null,""verdict"":null},""state_id"":""OFFICIAL_PUVIANI_EXACT""}",461c6f91e82ef1804f9ed0054f8b013c0e169d19a76161caf71a4b85bcbf33f0
predicate_fixture,FIX-GO_PUVIANI_NMF_SURPASS-PASS,"{""evidence"":{""_fixture_only"":true,""analysis_sha256"":""fc237013199024e34241296fd7e6373b6d17ed4b38a27b57f66a7da06ba47382"",""go_lifetime_project_native"":true,""independent_recompute_passed"":true,""official_puviani_exact"":true,""paired_comparison_manifest_sha256"":""ede92816bcb7fd6914ff58b53caa26bdbaa4c1ee20a96f770ef41cd67c1c5362"",""same_control_reset_postselection_accounting"":true,""same_six_state_denominator_and_horizon"":true,""same_task_signature"":true,""simultaneous_ci_gate_passed"":true,""source_data_sha256"":""c40a7dabebb789a3c8abe2f49182a977fa2338ceec57f6ff05f6ef24a271e68d""},""fixture_id"":""FIX-GO_PUVIANI_NMF_SURPASS-PASS"",""kind"":""SYNTHETIC_SCHEMA_PASS_NOT_SCIENTIFIC_RESULT"",""outcome"":{""fixture_only"":true,""missing_conditions"":[],""state_id"":""GO_PUVIANI_NMF_SURPASS"",""status"":""SYNTHETIC_SCHEMA_COMPLETE_NULL"",""value"":null,""verdict"":null},""state_id"":""GO_PUVIANI_NMF_SURPASS""}",5302677fae4f1394c2d1de5bd7aee06e1cc30236377ae3ea996866572097e473
predicate_fixture,FIX-GO_PUVIANI_NMF_SURPASS-INCOMPLETE,"{""evidence"":{""_fixture_only"":true,""analysis_sha256"":""fc237013199024e34241296fd7e6373b6d17ed4b38a27b57f66a7da06ba47382"",""go_lifetime_project_native"":true,""independent_recompute_passed"":true,""official_puviani_exact"":false,""paired_comparison_manifest_sha256"":""ede92816bcb7fd6914ff58b53caa26bdbaa4c1ee20a96f770ef41cd67c1c5362"",""same_control_reset_postselection_accounting"":true,""same_six_state_denominator_and_horizon"":true,""same_task_signature"":true,""simultaneous_ci_gate_passed"":true,""source_data_sha256"":""c40a7dabebb789a3c8abe2f49182a977fa2338ceec57f6ff05f6ef24a271e68d""},""fixture_id"":""FIX-GO_PUVIANI_NMF_SURPASS-INCOMPLETE"",""kind"":""SYNTHETIC_SINGLE_PREDICATE_FAILURE"",""outcome"":{""fixture_only"":true,""missing_conditions"":[""official_puviani_exact""],""state_id"":""GO_PUVIANI_NMF_SURPASS"",""status"":""SYNTHETIC_INCOMPLETE_NULL"",""value"":null,""verdict"":null},""state_id"":""GO_PUVIANI_NMF_SURPASS""}",69e84048e0a720bca62d0400ebd65d6ceb2fdee3abd531d280fb995455cd8271
predicate_fixture,FIX-GO_PUVIANI_NMF_SURPASS-REVOKED,"{""evidence"":{""_fixture_only"":true,""analysis_sha256"":""fc237013199024e34241296fd7e6373b6d17ed4b38a27b57f66a7da06ba47382"",""go_lifetime_project_native"":true,""independent_recompute_passed"":true,""official_puviani_exact"":true,""paired_comparison_manifest_sha256"":""ede92816bcb7fd6914ff58b53caa26bdbaa4c1ee20a96f770ef41cd67c1c5362"",""same_control_reset_postselection_accounting"":true,""same_six_state_denominator_and_horizon"":true,""same_task_signature"":true,""simultaneous_ci_gate_passed"":true,""source_data_sha256"":""c40a7dabebb789a3c8abe2f49182a977fa2338ceec57f6ff05f6ef24a271e68d""},""fixture_id"":""FIX-GO_PUVIANI_NMF_SURPASS-REVOKED"",""kind"":""SYNTHETIC_REVOCATION_PROPAGATION"",""outcome"":{""fixture_only"":true,""missing_conditions"":[],""state_id"":""GO_PUVIANI_NMF_SURPASS"",""status"":""SYNTHETIC_REVOKED_NULL"",""value"":null,""verdict"":null},""state_id"":""GO_PUVIANI_NMF_SURPASS""}",aae379630c6ce6f0d4ce48b157474a866c4115b3c01075ccbc688f941f975f7f
predicate_fixture,FIX-GO_PHYSICAL_LIFETIME-PASS,"{""evidence"":{""_fixture_only"":true,""analysis_sha256"":""8dfd0fd78bf3062431ecdc2c9a5175c3ade91b6be8e02eccf1446ecbc701f89f"",""control_reset_fallback_cost_included"":true,""independent_physical_audit_passed"":true,""independent_qpu_run_count"":1,""matched_idle_memory_baseline_measured"":true,""measured_physical_event_count"":1,""measurement_calibration_and_uncertainty_complete"":true,""no_postselection"":true,""physical_break_even_definition_frozen"":true,""physical_break_even_gate_passed"":true,""physical_time_axis_measured"":true,""qpu_measured"":true,""qpu_run_manifest_sha256"":""c803e601faf9484b6d6ce76aca15ad0d3c7526179595c0994c8ab1057e0ac725"",""raw_measurement_data_sha256"":""350b7c93871679d88eaef256d5b02a291271737eba577c8dec2adb2e8ad2e038"",""real_gkp_state"":true,""six_state_full_denominator"":true},""fixture_id"":""FIX-GO_PHYSICAL_LIFETIME-PASS"",""kind"":""SYNTHETIC_SCHEMA_PASS_NOT_SCIENTIFIC_RESULT"",""outcome"":{""fixture_only"":true,""missing_conditions"":[],""state_id"":""GO_PHYSICAL_LIFETIME"",""status"":""SYNTHETIC_SCHEMA_COMPLETE_NULL"",""value"":null,""verdict"":null},""state_id"":""GO_PHYSICAL_LIFETIME""}",734ee9bd23599404b8ca9d23f36c6ee9d0beb90ce059b08c8425749ee8bad21a
predicate_fixture,FIX-GO_PHYSICAL_LIFETIME-INCOMPLETE,"{""evidence"":{""_fixture_only"":true,""analysis_sha256"":""8dfd0fd78bf3062431ecdc2c9a5175c3ade91b6be8e02eccf1446ecbc701f89f"",""control_reset_fallback_cost_included"":true,""independent_physical_audit_passed"":true,""independent_qpu_run_count"":1,""matched_idle_memory_baseline_measured"":true,""measured_physical_event_count"":1,""measurement_calibration_and_uncertainty_complete"":true,""no_postselection"":true,""physical_break_even_definition_frozen"":true,""physical_break_even_gate_passed"":true,""physical_time_axis_measured"":true,""qpu_measured"":false,""qpu_run_manifest_sha256"":""c803e601faf9484b6d6ce76aca15ad0d3c7526179595c0994c8ab1057e0ac725"",""raw_measurement_data_sha256"":""350b7c93871679d88eaef256d5b02a291271737eba577c8dec2adb2e8ad2e038"",""real_gkp_state"":true,""six_state_full_denominator"":true},""fixture_id"":""FIX-GO_PHYSICAL_LIFETIME-INCOMPLETE"",""kind"":""SYNTHETIC_SINGLE_PREDICATE_FAILURE"",""outcome"":{""fixture_only"":true,""missing_conditions"":[""qpu_measured""],""state_id"":""GO_PHYSICAL_LIFETIME"",""status"":""SYNTHETIC_INCOMPLETE_NULL"",""value"":null,""verdict"":null},""state_id"":""GO_PHYSICAL_LIFETIME""}",002503921231c1b9357fa50e8f1f30cbbf62829fcf238104bd3604adeb0c343b
predicate_fixture,FIX-GO_PHYSICAL_LIFETIME-REVOKED,"{""evidence"":{""_fixture_only"":true,""analysis_sha256"":""8dfd0fd78bf3062431ecdc2c9a5175c3ade91b6be8e02eccf1446ecbc701f89f"",""control_reset_fallback_cost_included"":true,""independent_physical_audit_passed"":true,""independent_qpu_run_count"":1,""matched_idle_memory_baseline_measured"":true,""measured_physical_event_count"":1,""measurement_calibration_and_uncertainty_complete"":true,""no_postselection"":true,""physical_break_even_definition_frozen"":true,""physical_break_even_gate_passed"":true,""physical_time_axis_measured"":true,""qpu_measured"":true,""qpu_run_manifest_sha256"":""c803e601faf9484b6d6ce76aca15ad0d3c7526179595c0994c8ab1057e0ac725"",""raw_measurement_data_sha256"":""350b7c93871679d88eaef256d5b02a291271737eba577c8dec2adb2e8ad2e038"",""real_gkp_state"":true,""six_state_full_denominator"":true},""fixture_id"":""FIX-GO_PHYSICAL_LIFETIME-REVOKED"",""kind"":""SYNTHETIC_REVOCATION_PROPAGATION"",""outcome"":{""fixture_only"":true,""missing_conditions"":[],""state_id"":""GO_PHYSICAL_LIFETIME"",""status"":""SYNTHETIC_REVOKED_NULL"",""value"":null,""verdict"":null},""state_id"":""GO_PHYSICAL_LIFETIME""}",ddb302fb0f028f19772096db986bd03094336bfc02cb256fa7a0fc5f47ec6de5
predicate_fixture,FIX-GO_HIL_INTEGRATED-PASS,"{""evidence"":{""_fixture_only"":true,""action_to_trigger_measured"":true,""bit_mismatch_count"":0,""bitstream_platform_clock_provenance_complete"":true,""bitstream_sha256"":""c4503a8f10447c32e2b8f00da40829d80bc964457f946a9cd69478f4165ad43d"",""board_live_raw_iq_hil_qualified"":true,""board_manifest_sha256"":""4b82c7fa0dab60651e9682d8072b44efb7bf8aa79a81723bedbdc218b4513739"",""board_recorded_iq_replay_qualified"":true,""deadline_miss_count"":0,""deadline_missingness_failure_ledger_complete"":true,""discriminator_to_action_measured"":true,""independent_build_seed_count"":3,""independent_hil_audit_passed"":true,""latency_source_data_sha256"":""a26e7f59108de6508e2a9764ab314989f4fce3c74e655704e6df0510210cd5d9"",""live_adc_to_discriminator_measured"":true,""measured_event_count"":1,""measured_transaction_count"":1000000,""raw_trace_sha256"":""f2d71e973abbf76d6098b2e2dceed2ab5a1eeef123d4b3d6336d20f38c498cfe"",""real_board_present"":true,""recorded_replay_to_discriminator_measured"":true,""silent_overflow_count"":0,""transport_and_backpressure_measured"":true,""undefined_action_count"":0},""fixture_id"":""FIX-GO_HIL_INTEGRATED-PASS"",""kind"":""SYNTHETIC_SCHEMA_PASS_NOT_SCIENTIFIC_RESULT"",""outcome"":{""fixture_only"":true,""missing_conditions"":[],""state_id"":""GO_HIL_INTEGRATED"",""status"":""SYNTHETIC_SCHEMA_COMPLETE_NULL"",""value"":null,""verdict"":null},""state_id"":""GO_HIL_INTEGRATED""}",531aa72d814ce412c203b5801bb3b59ae09f5725e9c0d190c9da682ac06ca33a
predicate_fixture,FIX-GO_HIL_INTEGRATED-INCOMPLETE,"{""evidence"":{""_fixture_only"":true,""action_to_trigger_measured"":true,""bit_mismatch_count"":0,""bitstream_platform_clock_provenance_complete"":true,""bitstream_sha256"":""c4503a8f10447c32e2b8f00da40829d80bc964457f946a9cd69478f4165ad43d"",""board_live_raw_iq_hil_qualified"":true,""board_manifest_sha256"":""4b82c7fa0dab60651e9682d8072b44efb7bf8aa79a81723bedbdc218b4513739"",""board_recorded_iq_replay_qualified"":true,""deadline_miss_count"":0,""deadline_missingness_failure_ledger_complete"":true,""discriminator_to_action_measured"":true,""independent_build_seed_count"":3,""independent_hil_audit_passed"":true,""latency_source_data_sha256"":""a26e7f59108de6508e2a9764ab314989f4fce3c74e655704e6df0510210cd5d9"",""live_adc_to_discriminator_measured"":true,""measured_event_count"":1,""measured_transaction_count"":1000000,""raw_trace_sha256"":""f2d71e973abbf76d6098b2e2dceed2ab5a1eeef123d4b3d6336d20f38c498cfe"",""real_board_present"":false,""recorded_replay_to_discriminator_measured"":true,""silent_overflow_count"":0,""transport_and_backpressure_measured"":true,""undefined_action_count"":0},""fixture_id"":""FIX-GO_HIL_INTEGRATED-INCOMPLETE"",""kind"":""SYNTHETIC_SINGLE_PREDICATE_FAILURE"",""outcome"":{""fixture_only"":true,""missing_conditions"":[""real_board_present""],""state_id"":""GO_HIL_INTEGRATED"",""status"":""SYNTHETIC_INCOMPLETE_NULL"",""value"":null,""verdict"":null},""state_id"":""GO_HIL_INTEGRATED""}",06def4334a99e01bb7c9d4ceef225d22f7776a61cd9e84d008284f687d9791c7
predicate_fixture,FIX-GO_HIL_INTEGRATED-REVOKED,"{""evidence"":{""_fixture_only"":true,""action_to_trigger_measured"":true,""bit_mismatch_count"":0,""bitstream_platform_clock_provenance_complete"":true,""bitstream_sha256"":""c4503a8f10447c32e2b8f00da40829d80bc964457f946a9cd69478f4165ad43d"",""board_live_raw_iq_hil_qualified"":true,""board_manifest_sha256"":""4b82c7fa0dab60651e9682d8072b44efb7bf8aa79a81723bedbdc218b4513739"",""board_recorded_iq_replay_qualified"":true,""deadline_miss_count"":0,""deadline_missingness_failure_ledger_complete"":true,""discriminator_to_action_measured"":true,""independent_build_seed_count"":3,""independent_hil_audit_passed"":true,""latency_source_data_sha256"":""a26e7f59108de6508e2a9764ab314989f4fce3c74e655704e6df0510210cd5d9"",""live_adc_to_discriminator_measured"":true,""measured_event_count"":1,""measured_transaction_count"":1000000,""raw_trace_sha256"":""f2d71e973abbf76d6098b2e2dceed2ab5a1eeef123d4b3d6336d20f38c498cfe"",""real_board_present"":true,""recorded_replay_to_discriminator_measured"":true,""silent_overflow_count"":0,""transport_and_backpressure_measured"":true,""undefined_action_count"":0},""fixture_id"":""FIX-GO_HIL_INTEGRATED-REVOKED"",""kind"":""SYNTHETIC_REVOCATION_PROPAGATION"",""outcome"":{""fixture_only"":true,""missing_conditions"":[],""state_id"":""GO_HIL_INTEGRATED"",""status"":""SYNTHETIC_REVOKED_NULL"",""value"":null,""verdict"":null},""state_id"":""GO_HIL_INTEGRATED""}",a71ddcc6fbaea513a5b7eda1832ae2ff948d5af827ea188ac4d4cabb8c349b7e
predicate_fixture,FIX-GO_HIL_EXTERNAL_SPEED-PASS,"{""evidence"":{""_fixture_only"":true,""all_external_same_task_results_complete"":true,""complete_external_hardware_comparator_ledger"":true,""external_same_boundary_eligible_count"":1,""external_speed_manifest_sha256"":""98c4f4a4749ba5df6c9e168ef2157812afea2d47ade97bc272a6610f48bfabe6"",""go_hil_integrated"":true,""hardware_comparator_ledger_sha256"":""a3525949ffb65bd14261b285a6e0fac1c71930df192caf49ce1317c2a5b7ae95"",""independent_audit_sha256"":""674357882e403a6a2c8832dbc0fdaec23b3460f5a3d44f8ff790f3b645e4434f"",""independent_external_audit_passed"":true,""literature_cutoff_bound"":true,""paired_speed_superiority_simultaneous_ci_passed"":true,""resource_power_deadline_context_complete"":true,""same_code_problem_input_precision_and_latency_boundary"":true,""unresolved_eligible_stronger_comparator_count"":0},""fixture_id"":""FIX-GO_HIL_EXTERNAL_SPEED-PASS"",""kind"":""SYNTHETIC_SCHEMA_PASS_NOT_SCIENTIFIC_RESULT"",""outcome"":{""fixture_only"":true,""missing_conditions"":[],""state_id"":""GO_HIL_EXTERNAL_SPEED"",""status"":""SYNTHETIC_SCHEMA_COMPLETE_NULL"",""value"":null,""verdict"":null},""state_id"":""GO_HIL_EXTERNAL_SPEED""}",e5ee5789a13995a397dbf96f6e8f185cffe2877b3e9a730e4e96eb33b91ec6d4
predicate_fixture,FIX-GO_HIL_EXTERNAL_SPEED-INCOMPLETE,"{""evidence"":{""_fixture_only"":true,""all_external_same_task_results_complete"":true,""complete_external_hardware_comparator_ledger"":true,""external_same_boundary_eligible_count"":1,""external_speed_manifest_sha256"":""98c4f4a4749ba5df6c9e168ef2157812afea2d47ade97bc272a6610f48bfabe6"",""go_hil_integrated"":false,""hardware_comparator_ledger_sha256"":""a3525949ffb65bd14261b285a6e0fac1c71930df192caf49ce1317c2a5b7ae95"",""independent_audit_sha256"":""674357882e403a6a2c8832dbc0fdaec23b3460f5a3d44f8ff790f3b645e4434f"",""independent_external_audit_passed"":true,""literature_cutoff_bound"":true,""paired_speed_superiority_simultaneous_ci_passed"":true,""resource_power_deadline_context_complete"":true,""same_code_problem_input_precision_and_latency_boundary"":true,""unresolved_eligible_stronger_comparator_count"":0},""fixture_id"":""FIX-GO_HIL_EXTERNAL_SPEED-INCOMPLETE"",""kind"":""SYNTHETIC_SINGLE_PREDICATE_FAILURE"",""outcome"":{""fixture_only"":true,""missing_conditions"":[""go_hil_integrated""],""state_id"":""GO_HIL_EXTERNAL_SPEED"",""status"":""SYNTHETIC_INCOMPLETE_NULL"",""value"":null,""verdict"":null},""state_id"":""GO_HIL_EXTERNAL_SPEED""}",2eda5495a0d8c0173f8de8811640ae4aa6675da3fba49fffbb1635a4f897fa39
predicate_fixture,FIX-GO_HIL_EXTERNAL_SPEED-REVOKED,"{""evidence"":{""_fixture_only"":true,""all_external_same_task_results_complete"":true,""complete_external_hardware_comparator_ledger"":true,""external_same_boundary_eligible_count"":1,""external_speed_manifest_sha256"":""98c4f4a4749ba5df6c9e168ef2157812afea2d47ade97bc272a6610f48bfabe6"",""go_hil_integrated"":true,""hardware_comparator_ledger_sha256"":""a3525949ffb65bd14261b285a6e0fac1c71930df192caf49ce1317c2a5b7ae95"",""independent_audit_sha256"":""674357882e403a6a2c8832dbc0fdaec23b3460f5a3d44f8ff790f3b645e4434f"",""independent_external_audit_passed"":true,""literature_cutoff_bound"":true,""paired_speed_superiority_simultaneous_ci_passed"":true,""resource_power_deadline_context_complete"":true,""same_code_problem_input_precision_and_latency_boundary"":true,""unresolved_eligible_stronger_comparator_count"":0},""fixture_id"":""FIX-GO_HIL_EXTERNAL_SPEED-REVOKED"",""kind"":""SYNTHETIC_REVOCATION_PROPAGATION"",""outcome"":{""fixture_only"":true,""missing_conditions"":[],""state_id"":""GO_HIL_EXTERNAL_SPEED"",""status"":""SYNTHETIC_REVOKED_NULL"",""value"":null,""verdict"":null},""state_id"":""GO_HIL_EXTERNAL_SPEED""}",8a6d4b253dd8da9fdb62817cd7e19a79f7d4b67d01b59333d3b6cb47c7edaec3
revocation_fixture,REV-FIXTURE-GO_LER_REGISTERED_BEST,"{""actual_affected_states"":[""GO_LER_EXTERNAL_SOTA"",""GO_LER_REGISTERED_BEST""],""all_affected_null"":true,""expected_affected_states"":[""GO_LER_EXTERNAL_SOTA"",""GO_LER_REGISTERED_BEST""],""fixture_id"":""REV-FIXTURE-GO_LER_REGISTERED_BEST"",""kind"":""SYNTHETIC_REVOCATION_EXECUTION_NOT_SCIENTIFIC_RESULT"",""ledger"":[{""event_id"":""REV-FIX-01"",""ledger_entry_sha256"":""b9d0d38d08f706430a074992490875cedd75dd56bcd131d0581e2174280b23a9"",""observed_at_utc"":""2026-07-25T00:01:00+00:00"",""previous_entry_sha256"":""07e2376a605be9f54923ce3918952db6d8e8da119e151dffd372cbbc1bd49ab9"",""prior_evidence_sha256"":""18e6a6ccfbfa0374af8eaa6b07132fe34887b0938470ac094ce7b7ea34afe0b4"",""prior_state_semantic_sha256"":""788c7611d5a61435277baf95e64cd3771968bac15640ca91c097b321856f9a56"",""propagated_states"":[""GO_LER_EXTERNAL_SOTA"",""GO_LER_REGISTERED_BEST""],""reason_code"":""SYNTHETIC_REVOCATION_FIXTURE_ONLY"",""revoked_state_id"":""GO_LER_REGISTERED_BEST"",""sequence_number"":1}],""ledger_anchor"":{""entry_count"":1,""head_sha256"":""b9d0d38d08f706430a074992490875cedd75dd56bcd131d0581e2174280b23a9"",""ledger_sha256"":""00a323b385ab154c7694fb5e5349e4570f5ab5a37d04c72ea47c07bce2202d24"",""schema_version"":""phase9-scoped-claim-revocation-ledger-v2""},""prior_evidence_retained"":true,""revoked_state_id"":""GO_LER_REGISTERED_BEST"",""trusted_prior_anchor"":{""entry_count"":0,""head_sha256"":""07e2376a605be9f54923ce3918952db6d8e8da119e151dffd372cbbc1bd49ab9"",""ledger_sha256"":""4f53cda18c2baa0c0354bb5f9a3ecbe5ed12ab4d8e11ba873c2f11161202b945"",""schema_version"":""phase9-scoped-claim-revocation-ledger-v2""}}",b5363eff0c30f3fb4ff895a630e260e1850a772018731d562a195c49bbb66967
revocation_fixture,REV-FIXTURE-GO_LIFETIME_PROJECT_NATIVE,"{""actual_affected_states"":[""GO_LIFETIME_EXTERNAL_SOTA"",""GO_LIFETIME_PROJECT_NATIVE"",""GO_PUVIANI_NMF_SURPASS""],""all_affected_null"":true,""expected_affected_states"":[""GO_LIFETIME_EXTERNAL_SOTA"",""GO_LIFETIME_PROJECT_NATIVE"",""GO_PUVIANI_NMF_SURPASS""],""fixture_id"":""REV-FIXTURE-GO_LIFETIME_PROJECT_NATIVE"",""kind"":""SYNTHETIC_REVOCATION_EXECUTION_NOT_SCIENTIFIC_RESULT"",""ledger"":[{""event_id"":""REV-FIX-02"",""ledger_entry_sha256"":""bacf032e96bf3e3d5f3dd34b43f3c34e6f1a8d6c00d7ced1a491a85588e52036"",""observed_at_utc"":""2026-07-25T00:02:00+00:00"",""previous_entry_sha256"":""07e2376a605be9f54923ce3918952db6d8e8da119e151dffd372cbbc1bd49ab9"",""prior_evidence_sha256"":""f41b417ba1750ce57aad91e7749daacfed0e00b571b28b9e5976de50edb366e3"",""prior_state_semantic_sha256"":""c4849199639cd6f74c6f573c8893b1448290ad6b2977f0b03bf78d80973f034a"",""propagated_states"":[""GO_LIFETIME_EXTERNAL_SOTA"",""GO_LIFETIME_PROJECT_NATIVE"",""GO_PUVIANI_NMF_SURPASS""],""reason_code"":""SYNTHETIC_REVOCATION_FIXTURE_ONLY"",""revoked_state_id"":""GO_LIFETIME_PROJECT_NATIVE"",""sequence_number"":1}],""ledger_anchor"":{""entry_count"":1,""head_sha256"":""bacf032e96bf3e3d5f3dd34b43f3c34e6f1a8d6c00d7ced1a491a85588e52036"",""ledger_sha256"":""db7ee16d074f01921d9867da9cc008859bf733e0caffb64364c1bfbcc92432a0"",""schema_version"":""phase9-scoped-claim-revocation-ledger-v2""},""prior_evidence_retained"":true,""revoked_state_id"":""GO_LIFETIME_PROJECT_NATIVE"",""trusted_prior_anchor"":{""entry_count"":0,""head_sha256"":""07e2376a605be9f54923ce3918952db6d8e8da119e151dffd372cbbc1bd49ab9"",""ledger_sha256"":""4f53cda18c2baa0c0354bb5f9a3ecbe5ed12ab4d8e11ba873c2f11161202b945"",""schema_version"":""phase9-scoped-claim-revocation-ledger-v2""}}",06290a5c78975f8ead6a0f1ef2d8283f3fbcefd3c1bdd0743a430494435dd0fe
revocation_fixture,REV-FIXTURE-OFFICIAL_PUVIANI_EXACT,"{""actual_affected_states"":[""GO_PUVIANI_NMF_SURPASS"",""OFFICIAL_PUVIANI_EXACT""],""all_affected_null"":true,""expected_affected_states"":[""GO_PUVIANI_NMF_SURPASS"",""OFFICIAL_PUVIANI_EXACT""],""fixture_id"":""REV-FIXTURE-OFFICIAL_PUVIANI_EXACT"",""kind"":""SYNTHETIC_REVOCATION_EXECUTION_NOT_SCIENTIFIC_RESULT"",""ledger"":[{""event_id"":""REV-FIX-03"",""ledger_entry_sha256"":""902791a7ad0ed657dfcddc1c2ab65c23e050e39ed97516a7eb5e1c8171babc99"",""observed_at_utc"":""2026-07-25T00:03:00+00:00"",""previous_entry_sha256"":""07e2376a605be9f54923ce3918952db6d8e8da119e151dffd372cbbc1bd49ab9"",""prior_evidence_sha256"":""5068a2d878e10c538a223df9e8b6b92f2e90a98bb42b50c88ef99afe212d7fae"",""prior_state_semantic_sha256"":""74fb419945efe7adc9380cb2695ae3be96dcd95fe56e6ad17743bddebbd1bc53"",""propagated_states"":[""GO_PUVIANI_NMF_SURPASS"",""OFFICIAL_PUVIANI_EXACT""],""reason_code"":""SYNTHETIC_REVOCATION_FIXTURE_ONLY"",""revoked_state_id"":""OFFICIAL_PUVIANI_EXACT"",""sequence_number"":1}],""ledger_anchor"":{""entry_count"":1,""head_sha256"":""902791a7ad0ed657dfcddc1c2ab65c23e050e39ed97516a7eb5e1c8171babc99"",""ledger_sha256"":""6fc256656d0a2f9eb86c2979cf53108c8ef22d267ddec74489fc6fd96770cf50"",""schema_version"":""phase9-scoped-claim-revocation-ledger-v2""},""prior_evidence_retained"":true,""revoked_state_id"":""OFFICIAL_PUVIANI_EXACT"",""trusted_prior_anchor"":{""entry_count"":0,""head_sha256"":""07e2376a605be9f54923ce3918952db6d8e8da119e151dffd372cbbc1bd49ab9"",""ledger_sha256"":""4f53cda18c2baa0c0354bb5f9a3ecbe5ed12ab4d8e11ba873c2f11161202b945"",""schema_version"":""phase9-scoped-claim-revocation-ledger-v2""}}",a183d8c1984adcae1cba10d7928f77a9fca1007fd50dc2af0014f6357b1949d8
revocation_fixture,REV-FIXTURE-GO_HIL_INTEGRATED,"{""actual_affected_states"":[""GO_HIL_EXTERNAL_SPEED"",""GO_HIL_INTEGRATED""],""all_affected_null"":true,""expected_affected_states"":[""GO_HIL_EXTERNAL_SPEED"",""GO_HIL_INTEGRATED""],""fixture_id"":""REV-FIXTURE-GO_HIL_INTEGRATED"",""kind"":""SYNTHETIC_REVOCATION_EXECUTION_NOT_SCIENTIFIC_RESULT"",""ledger"":[{""event_id"":""REV-FIX-04"",""ledger_entry_sha256"":""cdd8162e2cb01e95904fab1a19782fdfe54205a2b9ee8ec6f09eb1dd218dc223"",""observed_at_utc"":""2026-07-25T00:04:00+00:00"",""previous_entry_sha256"":""07e2376a605be9f54923ce3918952db6d8e8da119e151dffd372cbbc1bd49ab9"",""prior_evidence_sha256"":""857b55a3cbdc2a6ae227f114f6b457e7354241ef94a366a77ee12d2078dd1233"",""prior_state_semantic_sha256"":""56db08fcdae7d3ce6f9f10e0e3bef0f9e6d7753f16b57fab95dd5db80b9eca34"",""propagated_states"":[""GO_HIL_EXTERNAL_SPEED"",""GO_HIL_INTEGRATED""],""reason_code"":""SYNTHETIC_REVOCATION_FIXTURE_ONLY"",""revoked_state_id"":""GO_HIL_INTEGRATED"",""sequence_number"":1}],""ledger_anchor"":{""entry_count"":1,""head_sha256"":""cdd8162e2cb01e95904fab1a19782fdfe54205a2b9ee8ec6f09eb1dd218dc223"",""ledger_sha256"":""2813fb653404144cc16d4007a9a0fe0cc41d43b05a0375ee7814dc9da379cd35"",""schema_version"":""phase9-scoped-claim-revocation-ledger-v2""},""prior_evidence_retained"":true,""revoked_state_id"":""GO_HIL_INTEGRATED"",""trusted_prior_anchor"":{""entry_count"":0,""head_sha256"":""07e2376a605be9f54923ce3918952db6d8e8da119e151dffd372cbbc1bd49ab9"",""ledger_sha256"":""4f53cda18c2baa0c0354bb5f9a3ecbe5ed12ab4d8e11ba873c2f11161202b945"",""schema_version"":""phase9-scoped-claim-revocation-ledger-v2""}}",fd55aae3e83183fc254fdd59eb83c36e1be0e78340346ee5cff58a15781094a1
