record_type,gate_id,scope,metric,tolerance_name,direction,estimate,standard_error,simultaneous_bound,tolerance,margin,passed,cutoff,backend,matrix_name,row,column,real,imag,denominator,notes
mapping_matrix_entry,,mapping|cutoff=8,,,,,,,,,,8,A,isometry,0,0,0.7858485165246036,0.0,,
mapping_matrix_entry,,mapping|cutoff=8,,,,,,,,,,8,A,isometry,0,1,0.32799584933166154,0.0,,
mapping_matrix_entry,,mapping|cutoff=8,,,,,,,,,,8,A,isometry,1,0,-1.6605668207174806e-17,0.0,,
mapping_matrix_entry,,mapping|cutoff=8,,,,,,,,,,8,A,isometry,1,1,-8.648604080160691e-19,0.0,,
mapping_matrix_entry,,mapping|cutoff=8,,,,,,,,,,8,A,isometry,2,0,-0.34766403236104837,0.0,,
mapping_matrix_entry,,mapping|cutoff=8,,,,,,,,,,8,A,isometry,2,1,0.8329717117963505,0.0,,
mapping_matrix_entry,,mapping|cutoff=8,,,,,,,,,,8,A,isometry,3,0,0.0,0.0,,
mapping_matrix_entry,,mapping|cutoff=8,,,,,,,,,,8,A,isometry,3,1,0.0,0.0,,
mapping_matrix_entry,,mapping|cutoff=8,,,,,,,,,,8,A,isometry,4,0,0.4838208542926028,0.0,,
mapping_matrix_entry,,mapping|cutoff=8,,,,,,,,,,8,A,isometry,4,1,0.20193616033008518,0.0,,
mapping_matrix_entry,,mapping|cutoff=8,,,,,,,,,,8,A,isometry,5,0,0.0,0.0,,
mapping_matrix_entry,,mapping|cutoff=8,,,,,,,,,,8,A,isometry,5,1,0.0,0.0,,
mapping_matrix_entry,,mapping|cutoff=8,,,,,,,,,,8,A,isometry,6,0,0.16579870515209602,0.0,,
mapping_matrix_entry,,mapping|cutoff=8,,,,,,,,,,8,A,isometry,6,1,-0.39723876613367115,0.0,,
mapping_matrix_entry,,mapping|cutoff=8,,,,,,,,,,8,A,isometry,7,0,7.7797732030498e-19,0.0,,
mapping_matrix_entry,,mapping|cutoff=8,,,,,,,,,,8,A,isometry,7,1,1.493747792586133e-17,0.0,,
mapping_matrix_entry,,mapping|cutoff=8,,,,,,,,,,8,A,projector,0,0,0.7251391681027183,0.0,,
mapping_matrix_entry,,mapping|cutoff=8,,,,,,,,,,8,A,projector,0,1,-1.3333210350588653e-17,0.0,,
mapping_matrix_entry,,mapping|cutoff=8,,,,,,,,,,8,A,projector,0,2,3.3257777950782246e-16,0.0,,
mapping_matrix_entry,,mapping|cutoff=8,,,,,,,,,,8,A,projector,0,3,0.0,0.0,,
mapping_matrix_entry,,mapping|cutoff=8,,,,,,,,,,8,A,projector,0,4,0.44644412302774916,0.0,,
mapping_matrix_entry,,mapping|cutoff=8,,,,,,,,,,8,A,projector,0,5,0.0,0.0,,
mapping_matrix_entry,,mapping|cutoff=8,,,,,,,,,,8,A,projector,0,6,9.19431442962378e-17,0.0,,
mapping_matrix_entry,,mapping|cutoff=8,,,,,,,,,,8,A,projector,0,7,5.510803082217288e-18,0.0,,
mapping_matrix_entry,,mapping|cutoff=8,,,,,,,,,,8,A,projector,1,0,-1.3333210350588653e-17,0.0,,
mapping_matrix_entry,,mapping|cutoff=8,,,,,,,,,,8,A,projector,1,1,2.7649620013212986e-34,0.0,,
mapping_matrix_entry,,mapping|cutoff=8,,,,,,,,,,8,A,projector,1,2,5.052789314426018e-18,0.0,,
mapping_matrix_entry,,mapping|cutoff=8,,,,,,,,,,8,A,projector,1,3,0.0,0.0,,
mapping_matrix_entry,,mapping|cutoff=8,,,,,,,,,,8,A,projector,1,4,-8.208815168111104e-18,0.0,,
mapping_matrix_entry,,mapping|cutoff=8,,,,,,,,,,8,A,projector,1,5,0.0,0.0,,
mapping_matrix_entry,,mapping|cutoff=8,,,,,,,,,,8,A,projector,1,6,-2.409642205576744e-18,0.0,,
mapping_matrix_entry,,mapping|cutoff=8,,,,,,,,,,8,A,projector,1,7,-2.5837666507382914e-35,0.0,,
mapping_matrix_entry,,mapping|cutoff=8,,,,,,,,,,8,A,projector,2,0,3.3257777950782246e-16,0.0,,
mapping_matrix_entry,,mapping|cutoff=8,,,,,,,,,,8,A,projector,2,1,5.052789314426018e-18,0.0,,
mapping_matrix_entry,,mapping|cutoff=8,,,,,,,,,,8,A,projector,2,2,0.8147121520504865,0.0,,
mapping_matrix_entry,,mapping|cutoff=8,,,,,,,,,,8,A,projector,2,3,0.0,0.0,,
mapping_matrix_entry,,mapping|cutoff=8,,,,,,,,,,8,A,projector,2,4,-1.6617959537851483e-16,0.0,,
mapping_matrix_entry,,mapping|cutoff=8,,,,,,,,,,8,A,projector,2,5,0.0,0.0,,
mapping_matrix_entry,,mapping|cutoff=8,,,,,,,,,,8,A,projector,2,6,-0.3885309014116525,0.0,,
mapping_matrix_entry,,mapping|cutoff=8,,,,,,,,,,8,A,projector,2,7,1.217202182556224e-17,0.0,,
mapping_matrix_entry,,mapping|cutoff=8,,,,,,,,,,8,A,projector,3,0,0.0,0.0,,
mapping_matrix_entry,,mapping|cutoff=8,,,,,,,,,,8,A,projector,3,1,0.0,0.0,,
mapping_matrix_entry,,mapping|cutoff=8,,,,,,,,,,8,A,projector,3,2,0.0,0.0,,
mapping_matrix_entry,,mapping|cutoff=8,,,,,,,,,,8,A,projector,3,3,0.0,0.0,,
mapping_matrix_entry,,mapping|cutoff=8,,,,,,,,,,8,A,projector,3,4,0.0,0.0,,
mapping_matrix_entry,,mapping|cutoff=8,,,,,,,,,,8,A,projector,3,5,0.0,0.0,,
mapping_matrix_entry,,mapping|cutoff=8,,,,,,,,,,8,A,projector,3,6,0.0,0.0,,
mapping_matrix_entry,,mapping|cutoff=8,,,,,,,,,,8,A,projector,3,7,0.0,0.0,,
mapping_matrix_entry,,mapping|cutoff=8,,,,,,,,,,8,A,projector,4,0,0.44644412302774916,0.0,,
mapping_matrix_entry,,mapping|cutoff=8,,,,,,,,,,8,A,projector,4,1,-8.208815168111104e-18,0.0,,
mapping_matrix_entry,,mapping|cutoff=8,,,,,,,,,,8,A,projector,4,2,-1.6617959537851483e-16,0.0,,
mapping_matrix_entry,,mapping|cutoff=8,,,,,,,,,,8,A,projector,4,3,0.0,0.0,,
mapping_matrix_entry,,mapping|cutoff=8,,,,,,,,,,8,A,projector,4,4,0.27486083189728183,0.0,,
mapping_matrix_entry,,mapping|cutoff=8,,,,,,,,,,8,A,projector,4,5,0.0,0.0,,
mapping_matrix_entry,,mapping|cutoff=8,,,,,,,,,,8,A,projector,4,6,2.3468796789600896e-16,0.0,,
mapping_matrix_entry,,mapping|cutoff=8,,,,,,,,,,8,A,projector,4,7,3.3928185890940673e-18,0.0,,
mapping_matrix_entry,,mapping|cutoff=8,,,,,,,,,,8,A,projector,5,0,0.0,0.0,,
mapping_matrix_entry,,mapping|cutoff=8,,,,,,,,,,8,A,projector,5,1,0.0,0.0,,
mapping_matrix_entry,,mapping|cutoff=8,,,,,,,,,,8,A,projector,5,2,0.0,0.0,,
mapping_matrix_entry,,mapping|cutoff=8,,,,,,,,,,8,A,projector,5,3,0.0,0.0,,
mapping_matrix_entry,,mapping|cutoff=8,,,,,,,,,,8,A,projector,5,4,0.0,0.0,,
mapping_matrix_entry,,mapping|cutoff=8,,,,,,,,,,8,A,projector,5,5,0.0,0.0,,
mapping_matrix_entry,,mapping|cutoff=8,,,,,,,,,,8,A,projector,5,6,0.0,0.0,,
mapping_matrix_entry,,mapping|cutoff=8,,,,,,,,,,8,A,projector,5,7,0.0,0.0,,
mapping_matrix_entry,,mapping|cutoff=8,,,,,,,,,,8,A,projector,6,0,9.19431442962378e-17,0.0,,
mapping_matrix_entry,,mapping|cutoff=8,,,,,,,,,,8,A,projector,6,1,-2.409642205576744e-18,0.0,,
mapping_matrix_entry,,mapping|cutoff=8,,,,,,,,,,8,A,projector,6,2,-0.3885309014116525,0.0,,
mapping_matrix_entry,,mapping|cutoff=8,,,,,,,,,,8,A,projector,6,3,0.0,0.0,,
mapping_matrix_entry,,mapping|cutoff=8,,,,,,,,,,8,A,projector,6,4,2.3468796789600896e-16,0.0,,
mapping_matrix_entry,,mapping|cutoff=8,,,,,,,,,,8,A,projector,6,5,0.0,0.0,,
mapping_matrix_entry,,mapping|cutoff=8,,,,,,,,,,8,A,projector,6,6,0.18528784794951314,0.0,,
mapping_matrix_entry,,mapping|cutoff=8,,,,,,,,,,8,A,projector,6,7,-5.804757668073841e-18,0.0,,
mapping_matrix_entry,,mapping|cutoff=8,,,,,,,,,,8,A,projector,7,0,5.510803082217288e-18,0.0,,
mapping_matrix_entry,,mapping|cutoff=8,,,,,,,,,,8,A,projector,7,1,-2.5837666507382914e-35,0.0,,
mapping_matrix_entry,,mapping|cutoff=8,,,,,,,,,,8,A,projector,7,2,1.217202182556224e-17,0.0,,
mapping_matrix_entry,,mapping|cutoff=8,,,,,,,,,,8,A,projector,7,3,0.0,0.0,,
mapping_matrix_entry,,mapping|cutoff=8,,,,,,,,,,8,A,projector,7,4,3.3928185890940673e-18,0.0,,
mapping_matrix_entry,,mapping|cutoff=8,,,,,,,,,,8,A,projector,7,5,0.0,0.0,,
mapping_matrix_entry,,mapping|cutoff=8,,,,,,,,,,8,A,projector,7,6,-5.804757668073841e-18,0.0,,
mapping_matrix_entry,,mapping|cutoff=8,,,,,,,,,,8,A,projector,7,7,2.2373349549650346e-34,0.0,,
mapping_matrix_entry,,mapping|cutoff=8,,,,,,,,,,8,B,isometry,0,0,0.7858485165246036,0.0,,
mapping_matrix_entry,,mapping|cutoff=8,,,,,,,,,,8,B,isometry,0,1,0.3279958493316615,0.0,,
mapping_matrix_entry,,mapping|cutoff=8,,,,,,,,,,8,B,isometry,1,0,1.3971590889759887e-18,0.0,,
mapping_matrix_entry,,mapping|cutoff=8,,,,,,,,,,8,B,isometry,1,1,2.8482660213710133e-17,0.0,,
mapping_matrix_entry,,mapping|cutoff=8,,,,,,,,,,8,B,isometry,2,0,-0.34766403236104854,0.0,,
mapping_matrix_entry,,mapping|cutoff=8,,,,,,,,,,8,B,isometry,2,1,0.8329717117963507,0.0,,
mapping_matrix_entry,,mapping|cutoff=8,,,,,,,,,,8,B,isometry,3,0,-2.8981723390253057e-18,0.0,,
mapping_matrix_entry,,mapping|cutoff=8,,,,,,,,,,8,B,isometry,3,1,-1.1292497513357447e-17,0.0,,
mapping_matrix_entry,,mapping|cutoff=8,,,,,,,,,,8,B,isometry,4,0,0.48382085429260263,0.0,,
mapping_matrix_entry,,mapping|cutoff=8,,,,,,,,,,8,B,isometry,4,1,0.20193616033008516,0.0,,
mapping_matrix_entry,,mapping|cutoff=8,,,,,,,,,,8,B,isometry,5,0,-3.2175686787121094e-18,0.0,,
mapping_matrix_entry,,mapping|cutoff=8,,,,,,,,,,8,B,isometry,5,1,4.3295864765451786e-18,0.0,,
mapping_matrix_entry,,mapping|cutoff=8,,,,,,,,,,8,B,isometry,6,0,0.16579870515209572,0.0,,
mapping_matrix_entry,,mapping|cutoff=8,,,,,,,,,,8,B,isometry,6,1,-0.3972387661336711,0.0,,
mapping_matrix_entry,,mapping|cutoff=8,,,,,,,,,,8,B,isometry,7,0,7.468267522854946e-18,0.0,,
mapping_matrix_entry,,mapping|cutoff=8,,,,,,,,,,8,B,isometry,7,1,3.447855990356669e-18,0.0,,
mapping_matrix_entry,,mapping|cutoff=8,,,,,,,,,,8,B,projector,0,0,0.7251391681027182,0.0,,
mapping_matrix_entry,,mapping|cutoff=8,,,,,,,,,,8,B,projector,0,1,1.0440149725441625e-17,0.0,,
mapping_matrix_entry,,mapping|cutoff=8,,,,,,,,,,8,B,projector,0,2,2.1173111277136932e-16,0.0,,
mapping_matrix_entry,,mapping|cutoff=8,,,,,,,,,,8,B,projector,0,3,-5.981416746225028e-18,0.0,,
mapping_matrix_entry,,mapping|cutoff=8,,,,,,,,,,8,B,projector,0,4,0.44644412302774905,0.0,,
mapping_matrix_entry,,mapping|cutoff=8,,,,,,,,,,8,B,projector,0,5,-1.1084351793526288e-18,0.0,,
mapping_matrix_entry,,mapping|cutoff=8,,,,,,,,,,8,B,projector,0,6,-1.1759842782718323e-16,0.0,,
mapping_matrix_entry,,mapping|cutoff=8,,,,,,,,,,8,B,projector,0,7,6.999809407774729e-18,0.0,,
mapping_matrix_entry,,mapping|cutoff=8,,,,,,,,,,8,B,projector,1,0,1.0440149725441625e-17,0.0,,
mapping_matrix_entry,,mapping|cutoff=8,,,,,,,,,,8,B,projector,1,1,8.132139863695744e-34,0.0,,
mapping_matrix_entry,,mapping|cutoff=8,,,,,,,,,,8,B,projector,1,2,2.323950827200466e-17,0.0,,
mapping_matrix_entry,,mapping|cutoff=8,,,,,,,,,,8,B,projector,1,3,-3.2568957746201475e-34,0.0,,
mapping_matrix_entry,,mapping|cutoff=8,,,,,,,,,,8,B,projector,1,4,6.427653743554144e-18,0.0,,
mapping_matrix_entry,,mapping|cutoff=8,,,,,,,,,,8,B,projector,1,5,1.188226851534437e-34,0.0,,
mapping_matrix_entry,,mapping|cutoff=8,,,,,,,,,,8,B,projector,1,6,-1.1082769631655118e-17,0.0,,
mapping_matrix_entry,,mapping|cutoff=8,,,,,,,,,,8,B,projector,1,7,1.0863846848759503e-34,0.0,,
mapping_matrix_entry,,mapping|cutoff=8,,,,,,,,,,8,B,projector,2,0,2.1173111277136932e-16,0.0,,
mapping_matrix_entry,,mapping|cutoff=8,,,,,,,,,,8,B,projector,2,1,2.323950827200466e-17,0.0,,
mapping_matrix_entry,,mapping|cutoff=8,,,,,,,,,,8,B,projector,2,2,0.8147121520504869,0.0,,
mapping_matrix_entry,,mapping|cutoff=8,,,,,,,,,,8,B,projector,2,3,-8.398740702294596e-18,0.0,,
mapping_matrix_entry,,mapping|cutoff=8,,,,,,,,,,8,B,projector,2,4,-1.9463536285630144e-16,0.0,,
mapping_matrix_entry,,mapping|cutoff=8,,,,,,,,,,8,B,projector,2,5,4.725055959977831e-18,0.0,,
mapping_matrix_entry,,mapping|cutoff=8,,,,,,,,,,8,B,projector,2,6,-0.38853090141165236,0.0,,
mapping_matrix_entry,,mapping|cutoff=8,,,,,,,,,,8,B,projector,2,7,2.7551850456788657e-19,0.0,,
mapping_matrix_entry,,mapping|cutoff=8,,,,,,,,,,8,B,projector,3,0,-5.981416746225028e-18,0.0,,
mapping_matrix_entry,,mapping|cutoff=8,,,,,,,,,,8,B,projector,3,1,-3.2568957746201475e-34,0.0,,
mapping_matrix_entry,,mapping|cutoff=8,,,,,,,,,,8,B,projector,3,2,-8.398740702294596e-18,0.0,,
mapping_matrix_entry,,mapping|cutoff=8,,,,,,,,,,8,B,projector,3,3,1.3591990299587554e-34,0.0,,
mapping_matrix_entry,,mapping|cutoff=8,,,,,,,,,,8,B,projector,3,4,-3.682559805338851e-18,0.0,,
mapping_matrix_entry,,mapping|cutoff=8,,,,,,,,,,8,B,projector,3,5,-3.956677597669482e-35,0.0,,
mapping_matrix_entry,,mapping|cutoff=8,,,,,,,,,,8,B,projector,3,6,4.005304557655645e-18,0.0,,
mapping_matrix_entry,,mapping|cutoff=8,,,,,,,,,,8,B,projector,3,7,-6.057923155269651e-35,0.0,,
mapping_matrix_entry,,mapping|cutoff=8,,,,,,,,,,8,B,projector,4,0,0.44644412302774905,0.0,,
mapping_matrix_entry,,mapping|cutoff=8,,,,,,,,,,8,B,projector,4,1,6.427653743554144e-18,0.0,,
mapping_matrix_entry,,mapping|cutoff=8,,,,,,,,,,8,B,projector,4,2,-1.9463536285630144e-16,0.0,,
mapping_matrix_entry,,mapping|cutoff=8,,,,,,,,,,8,B,projector,4,3,-3.682559805338851e-18,0.0,,
mapping_matrix_entry,,mapping|cutoff=8,,,,,,,,,,8,B,projector,4,4,0.27486083189728167,0.0,,
mapping_matrix_entry,,mapping|cutoff=8,,,,,,,,,,8,B,projector,4,5,-6.82426757989018e-19,0.0,,
mapping_matrix_entry,,mapping|cutoff=8,,,,,,,,,,8,B,projector,4,6,7.651202574044615e-17,0.0,,
mapping_matrix_entry,,mapping|cutoff=8,,,,,,,,,,8,B,projector,4,7,4.309550373057088e-18,0.0,,
mapping_matrix_entry,,mapping|cutoff=8,,,,,,,,,,8,B,projector,5,0,-1.1084351793526288e-18,0.0,,
mapping_matrix_entry,,mapping|cutoff=8,,,,,,,,,,8,B,projector,5,1,1.188226851534437e-34,0.0,,
mapping_matrix_entry,,mapping|cutoff=8,,,,,,,,,,8,B,projector,5,2,4.725055959977831e-18,0.0,,
mapping_matrix_entry,,mapping|cutoff=8,,,,,,,,,,8,B,projector,5,3,-3.956677597669482e-35,0.0,,
mapping_matrix_entry,,mapping|cutoff=8,,,,,,,,,,8,B,projector,5,4,-6.82426757989018e-19,0.0,,
mapping_matrix_entry,,mapping|cutoff=8,,,,,,,,,,8,B,projector,5,5,2.9098067260112087e-35,0.0,,
mapping_matrix_entry,,mapping|cutoff=8,,,,,,,,,,8,B,projector,5,6,-2.2533483104802424e-18,0.0,,
mapping_matrix_entry,,mapping|cutoff=8,,,,,,,,,,8,B,projector,5,7,-9.101872996857429e-36,0.0,,
mapping_matrix_entry,,mapping|cutoff=8,,,,,,,,,,8,B,projector,6,0,-1.1759842782718323e-16,0.0,,
mapping_matrix_entry,,mapping|cutoff=8,,,,,,,,,,8,B,projector,6,1,-1.1082769631655118e-17,0.0,,
mapping_matrix_entry,,mapping|cutoff=8,,,,,,,,,,8,B,projector,6,2,-0.38853090141165236,0.0,,
mapping_matrix_entry,,mapping|cutoff=8,,,,,,,,,,8,B,projector,6,3,4.005304557655645e-18,0.0,,
mapping_matrix_entry,,mapping|cutoff=8,,,,,,,,,,8,B,projector,6,4,7.651202574044615e-17,0.0,,
mapping_matrix_entry,,mapping|cutoff=8,,,,,,,,,,8,B,projector,6,5,-2.2533483104802424e-18,0.0,,
mapping_matrix_entry,,mapping|cutoff=8,,,,,,,,,,8,B,projector,6,6,0.185287847949513,0.0,,
mapping_matrix_entry,,mapping|cutoff=8,,,,,,,,,,8,B,projector,6,7,-1.3139297439707044e-19,0.0,,
mapping_matrix_entry,,mapping|cutoff=8,,,,,,,,,,8,B,projector,7,0,6.999809407774729e-18,0.0,,
mapping_matrix_entry,,mapping|cutoff=8,,,,,,,,,,8,B,projector,7,1,1.0863846848759503e-34,0.0,,
mapping_matrix_entry,,mapping|cutoff=8,,,,,,,,,,8,B,projector,7,2,2.7551850456788657e-19,0.0,,
mapping_matrix_entry,,mapping|cutoff=8,,,,,,,,,,8,B,projector,7,3,-6.057923155269651e-35,0.0,,
mapping_matrix_entry,,mapping|cutoff=8,,,,,,,,,,8,B,projector,7,4,4.309550373057088e-18,0.0,,
mapping_matrix_entry,,mapping|cutoff=8,,,,,,,,,,8,B,projector,7,5,-9.101872996857429e-36,0.0,,
mapping_matrix_entry,,mapping|cutoff=8,,,,,,,,,,8,B,projector,7,6,-1.3139297439707044e-19,0.0,,
mapping_matrix_entry,,mapping|cutoff=8,,,,,,,,,,8,B,projector,7,7,6.766273072316832e-35,0.0,,
mapping_matrix_entry,,mapping|cutoff=12,,,,,,,,,,12,A,isometry,0,0,0.6578351779809127,0.0,,
mapping_matrix_entry,,mapping|cutoff=12,,,,,,,,,,12,A,isometry,0,1,0.2725721183641013,0.0,,
mapping_matrix_entry,,mapping|cutoff=12,,,,,,,,,,12,A,isometry,1,0,-1.4235299811426357e-17,0.0,,
mapping_matrix_entry,,mapping|cutoff=12,,,,,,,,,,12,A,isometry,1,1,1.520101900643939e-19,0.0,,
mapping_matrix_entry,,mapping|cutoff=12,,,,,,,,,,12,A,isometry,2,0,-0.3449916971957764,0.0,,
mapping_matrix_entry,,mapping|cutoff=12,,,,,,,,,,12,A,isometry,2,1,0.8326151474655393,0.0,,
mapping_matrix_entry,,mapping|cutoff=12,,,,,,,,,,12,A,isometry,3,0,0.0,0.0,,
mapping_matrix_entry,,mapping|cutoff=12,,,,,,,,,,12,A,isometry,3,1,0.0,0.0,,
mapping_matrix_entry,,mapping|cutoff=12,,,,,,,,,,12,A,isometry,4,0,0.4050072897026166,0.0,,
mapping_matrix_entry,,mapping|cutoff=12,,,,,,,,,,12,A,isometry,4,1,0.1678136083357164,0.0,,
mapping_matrix_entry,,mapping|cutoff=12,,,,,,,,,,12,A,isometry,5,0,0.0,0.0,,
mapping_matrix_entry,,mapping|cutoff=12,,,,,,,,,,12,A,isometry,5,1,0.0,0.0,,
mapping_matrix_entry,,mapping|cutoff=12,,,,,,,,,,12,A,isometry,6,0,0.16452428597469204,0.0,,
mapping_matrix_entry,,mapping|cutoff=12,,,,,,,,,,12,A,isometry,6,1,-0.397068722934349,0.0,,
mapping_matrix_entry,,mapping|cutoff=12,,,,,,,,,,12,A,isometry,7,0,-1.5495369087090272e-19,0.0,,
mapping_matrix_entry,,mapping|cutoff=12,,,,,,,,,,12,A,isometry,7,1,1.4510949861321475e-17,0.0,,
mapping_matrix_entry,,mapping|cutoff=12,,,,,,,,,,12,A,isometry,8,0,0.5066505142504458,0.0,,
mapping_matrix_entry,,mapping|cutoff=12,,,,,,,,,,12,A,isometry,8,1,0.20992918676585623,0.0,,
mapping_matrix_entry,,mapping|cutoff=12,,,,,,,,,,12,A,isometry,9,0,1.5495369087090272e-19,0.0,,
mapping_matrix_entry,,mapping|cutoff=12,,,,,,,,,,12,A,isometry,9,1,-1.4510949861321475e-17,0.0,,
mapping_matrix_entry,,mapping|cutoff=12,,,,,,,,,,12,A,isometry,10,0,-0.020969465868648358,0.0,,
mapping_matrix_entry,,mapping|cutoff=12,,,,,,,,,,12,A,isometry,10,1,0.05060844958999095,0.0,,
mapping_matrix_entry,,mapping|cutoff=12,,,,,,,,,,12,A,isometry,11,0,2.839312277741726e-17,0.0,,
mapping_matrix_entry,,mapping|cutoff=12,,,,,,,,,,12,A,isometry,11,1,6.951454550531949e-18,0.0,,
mapping_matrix_entry,,mapping|cutoff=12,,,,,,,,,,12,A,projector,0,0,0.5070426810986728,0.0,,
mapping_matrix_entry,,mapping|cutoff=12,,,,,,,,,,12,A,projector,0,1,-9.32304724554253e-18,0.0,,
mapping_matrix_entry,,mapping|cutoff=12,,,,,,,,,,12,A,projector,0,2,-8.362606202989467e-17,0.0,,
mapping_matrix_entry,,mapping|cutoff=12,,,,,,,,,,12,A,projector,0,3,0.0,0.0,,
mapping_matrix_entry,,mapping|cutoff=12,,,,,,,,,,12,A,projector,0,4,0.3121693532194777,0.0,,
mapping_matrix_entry,,mapping|cutoff=12,,,,,,,,,,12,A,projector,0,5,0.0,0.0,,
mapping_matrix_entry,,mapping|cutoff=12,,,,,,,,,,12,A,projector,0,6,2.0488366361387379e-16,0.0,,
mapping_matrix_entry,,mapping|cutoff=12,,,,,,,,,,12,A,projector,0,7,3.853346354362797e-18,0.0,,
mapping_matrix_entry,,mapping|cutoff=12,,,,,,,,,,12,A,projector,0,8,0.3905133743592855,0.0,,
mapping_matrix_entry,,mapping|cutoff=12,,,,,,,,,,12,A,projector,0,9,-3.853346354362797e-18,0.0,,
mapping_matrix_entry,,mapping|cutoff=12,,,,,,,,,,12,A,projector,0,10,-3.0019154472693463e-16,0.0,,
mapping_matrix_entry,,mapping|cutoff=12,,,,,,,,,,12,A,projector,0,11,2.0572767668266458e-17,0.0,,
mapping_matrix_entry,,mapping|cutoff=12,,,,,,,,,,12,A,projector,1,0,-9.32304724554253e-18,0.0,,
mapping_matrix_entry,,mapping|cutoff=12,,,,,,,,,,12,A,projector,1,1,2.026668678190787e-34,0.0,,
mapping_matrix_entry,,mapping|cutoff=12,,,,,,,,,,12,A,projector,1,2,5.037626228851424e-18,0.0,,
mapping_matrix_entry,,mapping|cutoff=12,,,,,,,,,,12,A,projector,1,3,0.0,0.0,,
mapping_matrix_entry,,mapping|cutoff=12,,,,,,,,,,12,A,projector,1,4,-5.7398908162314536e-18,0.0,,
mapping_matrix_entry,,mapping|cutoff=12,,,,,,,,,,12,A,projector,1,5,0.0,0.0,,
mapping_matrix_entry,,mapping|cutoff=12,,,,,,,,,,12,A,projector,1,6,-2.4024110291524665e-18,0.0,,
mapping_matrix_entry,,mapping|cutoff=12,,,,,,,,,,12,A,projector,1,7,4.411624492868747e-36,0.0,,
mapping_matrix_entry,,mapping|cutoff=12,,,,,,,,,,12,A,projector,1,8,-7.180410594388097e-18,0.0,,
mapping_matrix_entry,,mapping|cutoff=12,,,,,,,,,,12,A,projector,1,9,-4.411624492868747e-36,0.0,,
mapping_matrix_entry,,mapping|cutoff=12,,,,,,,,,,12,A,projector,1,10,3.061996335667202e-19,0.0,,
mapping_matrix_entry,,mapping|cutoff=12,,,,,,,,,,12,A,projector,1,11,-4.03127923391723e-34,0.0,,
mapping_matrix_entry,,mapping|cutoff=12,,,,,,,,,,12,A,projector,2,0,-8.362606202989467e-17,0.0,,
mapping_matrix_entry,,mapping|cutoff=12,,,,,,,,,,12,A,projector,2,1,5.037626228851424e-18,0.0,,
mapping_matrix_entry,,mapping|cutoff=12,,,,,,,,,,12,A,projector,2,2,0.812267254923084,0.0,,
mapping_matrix_entry,,mapping|cutoff=12,,,,,,,,,,12,A,projector,2,3,0.0,0.0,,
mapping_matrix_entry,,mapping|cutoff=12,,,,,,,,,,12,A,projector,2,4,-4.1635356036084707e-16,0.0,,
mapping_matrix_entry,,mapping|cutoff=12,,,,,,,,,,12,A,projector,2,5,0.0,0.0,,
mapping_matrix_entry,,mapping|cutoff=12,,,,,,,,,,12,A,projector,2,6,-0.38736494594826865,0.0,,
mapping_matrix_entry,,mapping|cutoff=12,,,,,,,,,,12,A,projector,2,7,1.213549439544953e-17,0.0,,
mapping_matrix_entry,,mapping|cutoff=12,,,,,,,,,,12,A,projector,2,8,-5.3163005332541466e-17,0.0,,
mapping_matrix_entry,,mapping|cutoff=12,,,,,,,,,,12,A,projector,2,9,-1.213549439544953e-17,0.0,,
mapping_matrix_entry,,mapping|cutoff=12,,,,,,,,,,12,A,projector,2,10,0.04937165333768653,0.0,,
mapping_matrix_entry,,mapping|cutoff=12,,,,,,,,,,12,A,projector,2,11,-4.007505259978083e-18,0.0,,
mapping_matrix_entry,,mapping|cutoff=12,,,,,,,,,,12,A,projector,3,0,0.0,0.0,,
mapping_matrix_entry,,mapping|cutoff=12,,,,,,,,,,12,A,projector,3,1,0.0,0.0,,
mapping_matrix_entry,,mapping|cutoff=12,,,,,,,,,,12,A,projector,3,2,0.0,0.0,,
mapping_matrix_entry,,mapping|cutoff=12,,,,,,,,,,12,A,projector,3,3,0.0,0.0,,
mapping_matrix_entry,,mapping|cutoff=12,,,,,,,,,,12,A,projector,3,4,0.0,0.0,,
mapping_matrix_entry,,mapping|cutoff=12,,,,,,,,,,12,A,projector,3,5,0.0,0.0,,
mapping_matrix_entry,,mapping|cutoff=12,,,,,,,,,,12,A,projector,3,6,0.0,0.0,,
mapping_matrix_entry,,mapping|cutoff=12,,,,,,,,,,12,A,projector,3,7,0.0,0.0,,
mapping_matrix_entry,,mapping|cutoff=12,,,,,,,,,,12,A,projector,3,8,0.0,0.0,,
mapping_matrix_entry,,mapping|cutoff=12,,,,,,,,,,12,A,projector,3,9,0.0,0.0,,
mapping_matrix_entry,,mapping|cutoff=12,,,,,,,,,,12,A,projector,3,10,0.0,0.0,,
mapping_matrix_entry,,mapping|cutoff=12,,,,,,,,,,12,A,projector,3,11,0.0,0.0,,
mapping_matrix_entry,,mapping|cutoff=12,,,,,,,,,,12,A,projector,4,0,0.3121693532194777,0.0,,
mapping_matrix_entry,,mapping|cutoff=12,,,,,,,,,,12,A,projector,4,1,-5.7398908162314536e-18,0.0,,
mapping_matrix_entry,,mapping|cutoff=12,,,,,,,,,,12,A,projector,4,2,-4.1635356036084707e-16,0.0,,
mapping_matrix_entry,,mapping|cutoff=12,,,,,,,,,,12,A,projector,4,3,0.0,0.0,,
mapping_matrix_entry,,mapping|cutoff=12,,,,,,,,,,12,A,projector,4,4,0.19219231185491245,0.0,,
mapping_matrix_entry,,mapping|cutoff=12,,,,,,,,,,12,A,projector,4,5,0.0,0.0,,
mapping_matrix_entry,,mapping|cutoff=12,,,,,,,,,,12,A,projector,4,6,2.9906186648581955e-16,0.0,,
mapping_matrix_entry,,mapping|cutoff=12,,,,,,,,,,12,A,projector,4,7,2.372377482237979e-18,0.0,,
mapping_matrix_entry,,mapping|cutoff=12,,,,,,,,,,12,A,projector,4,8,0.24042612592917084,0.0,,
mapping_matrix_entry,,mapping|cutoff=12,,,,,,,,,,12,A,projector,4,9,-2.372377482237979e-18,0.0,,
mapping_matrix_entry,,mapping|cutoff=12,,,,,,,,,,12,A,projector,4,10,-2.0804168039513534e-16,0.0,,
mapping_matrix_entry,,mapping|cutoff=12,,,,,,,,,,12,A,projector,4,11,1.2665970373581898e-17,0.0,,
mapping_matrix_entry,,mapping|cutoff=12,,,,,,,,,,12,A,projector,5,0,0.0,0.0,,
mapping_matrix_entry,,mapping|cutoff=12,,,,,,,,,,12,A,projector,5,1,0.0,0.0,,
mapping_matrix_entry,,mapping|cutoff=12,,,,,,,,,,12,A,projector,5,2,0.0,0.0,,
mapping_matrix_entry,,mapping|cutoff=12,,,,,,,,,,12,A,projector,5,3,0.0,0.0,,
mapping_matrix_entry,,mapping|cutoff=12,,,,,,,,,,12,A,projector,5,4,0.0,0.0,,
mapping_matrix_entry,,mapping|cutoff=12,,,,,,,,,,12,A,projector,5,5,0.0,0.0,,
mapping_matrix_entry,,mapping|cutoff=12,,,,,,,,,,12,A,projector,5,6,0.0,0.0,,
mapping_matrix_entry,,mapping|cutoff=12,,,,,,,,,,12,A,projector,5,7,0.0,0.0,,
mapping_matrix_entry,,mapping|cutoff=12,,,,,,,,,,12,A,projector,5,8,0.0,0.0,,
mapping_matrix_entry,,mapping|cutoff=12,,,,,,,,,,12,A,projector,5,9,0.0,0.0,,
mapping_matrix_entry,,mapping|cutoff=12,,,,,,,,,,12,A,projector,5,10,0.0,0.0,,
mapping_matrix_entry,,mapping|cutoff=12,,,,,,,,,,12,A,projector,5,11,0.0,0.0,,
mapping_matrix_entry,,mapping|cutoff=12,,,,,,,,,,12,A,projector,6,0,2.0488366361387379e-16,0.0,,
mapping_matrix_entry,,mapping|cutoff=12,,,,,,,,,,12,A,projector,6,1,-2.4024110291524665e-18,0.0,,
mapping_matrix_entry,,mapping|cutoff=12,,,,,,,,,,12,A,projector,6,2,-0.38736494594826865,0.0,,
mapping_matrix_entry,,mapping|cutoff=12,,,,,,,,,,12,A,projector,6,3,0.0,0.0,,
mapping_matrix_entry,,mapping|cutoff=12,,,,,,,,,,12,A,projector,6,4,2.9906186648581955e-16,0.0,,
mapping_matrix_entry,,mapping|cutoff=12,,,,,,,,,,12,A,projector,6,5,0.0,0.0,,
mapping_matrix_entry,,mapping|cutoff=12,,,,,,,,,,12,A,projector,6,6,0.18473181140819708,0.0,,
mapping_matrix_entry,,mapping|cutoff=12,,,,,,,,,,12,A,projector,6,7,-5.787337975348966e-18,0.0,,
mapping_matrix_entry,,mapping|cutoff=12,,,,,,,,,,12,A,projector,6,8,1.549616066142845e-16,0.0,,
mapping_matrix_entry,,mapping|cutoff=12,,,,,,,,,,12,A,projector,6,9,5.787337975348966e-18,0.0,,
mapping_matrix_entry,,mapping|cutoff=12,,,,,,,,,,12,A,projector,6,10,-0.023545018847695134,0.0,,
mapping_matrix_entry,,mapping|cutoff=12,,,,,,,,,,12,A,projector,6,11,1.91115307063045e-18,0.0,,
mapping_matrix_entry,,mapping|cutoff=12,,,,,,,,,,12,A,projector,7,0,3.853346354362797e-18,0.0,,
mapping_matrix_entry,,mapping|cutoff=12,,,,,,,,,,12,A,projector,7,1,4.411624492868747e-36,0.0,,
mapping_matrix_entry,,mapping|cutoff=12,,,,,,,,,,12,A,projector,7,2,1.213549439544953e-17,0.0,,
mapping_matrix_entry,,mapping|cutoff=12,,,,,,,,,,12,A,projector,7,3,0.0,0.0,,
mapping_matrix_entry,,mapping|cutoff=12,,,,,,,,,,12,A,projector,7,4,2.372377482237979e-18,0.0,,
mapping_matrix_entry,,mapping|cutoff=12,,,,,,,,,,12,A,projector,7,5,0.0,0.0,,
mapping_matrix_entry,,mapping|cutoff=12,,,,,,,,,,12,A,projector,7,6,-5.787337975348966e-18,0.0,,
mapping_matrix_entry,,mapping|cutoff=12,,,,,,,,,,12,A,projector,7,7,2.1059167652410024e-34,0.0,,
mapping_matrix_entry,,mapping|cutoff=12,,,,,,,,,,12,A,projector,7,8,2.967764536422584e-18,0.0,,
mapping_matrix_entry,,mapping|cutoff=12,,,,,,,,,,12,A,projector,7,9,-2.1059167652410024e-34,0.0,,
mapping_matrix_entry,,mapping|cutoff=12,,,,,,,,,,12,A,projector,7,10,7.376259706915126e-19,0.0,,
mapping_matrix_entry,,mapping|cutoff=12,,,,,,,,,,12,A,projector,7,11,9.647258927631262e-35,0.0,,
mapping_matrix_entry,,mapping|cutoff=12,,,,,,,,,,12,A,projector,8,0,0.3905133743592855,0.0,,
mapping_matrix_entry,,mapping|cutoff=12,,,,,,,,,,12,A,projector,8,1,-7.180410594388097e-18,0.0,,
mapping_matrix_entry,,mapping|cutoff=12,,,,,,,,,,12,A,projector,8,2,-5.3163005332541466e-17,0.0,,
mapping_matrix_entry,,mapping|cutoff=12,,,,,,,,,,12,A,projector,8,3,0.0,0.0,,
mapping_matrix_entry,,mapping|cutoff=12,,,,,,,,,,12,A,projector,8,4,0.24042612592917084,0.0,,
mapping_matrix_entry,,mapping|cutoff=12,,,,,,,,,,12,A,projector,8,5,0.0,0.0,,
mapping_matrix_entry,,mapping|cutoff=12,,,,,,,,,,12,A,projector,8,6,1.549616066142845e-16,0.0,,
mapping_matrix_entry,,mapping|cutoff=12,,,,,,,,,,12,A,projector,8,7,2.967764536422584e-18,0.0,,
mapping_matrix_entry,,mapping|cutoff=12,,,,,,,,,,12,A,projector,8,8,0.30076500704641496,0.0,,
mapping_matrix_entry,,mapping|cutoff=12,,,,,,,,,,12,A,projector,8,9,-2.967764536422584e-18,0.0,,
mapping_matrix_entry,,mapping|cutoff=12,,,,,,,,,,12,A,projector,8,10,-2.3158694886515465e-16,0.0,,
mapping_matrix_entry,,mapping|cutoff=12,,,,,,,,,,12,A,projector,8,11,1.5844703456987486e-17,0.0,,
mapping_matrix_entry,,mapping|cutoff=12,,,,,,,,,,12,A,projector,9,0,-3.853346354362797e-18,0.0,,
mapping_matrix_entry,,mapping|cutoff=12,,,,,,,,,,12,A,projector,9,1,-4.411624492868747e-36,0.0,,
mapping_matrix_entry,,mapping|cutoff=12,,,,,,,,,,12,A,projector,9,2,-1.213549439544953e-17,0.0,,
mapping_matrix_entry,,mapping|cutoff=12,,,,,,,,,,12,A,projector,9,3,0.0,0.0,,
mapping_matrix_entry,,mapping|cutoff=12,,,,,,,,,,12,A,projector,9,4,-2.372377482237979e-18,0.0,,
mapping_matrix_entry,,mapping|cutoff=12,,,,,,,,,,12,A,projector,9,5,0.0,0.0,,
mapping_matrix_entry,,mapping|cutoff=12,,,,,,,,,,12,A,projector,9,6,5.787337975348966e-18,0.0,,
mapping_matrix_entry,,mapping|cutoff=12,,,,,,,,,,12,A,projector,9,7,-2.1059167652410024e-34,0.0,,
mapping_matrix_entry,,mapping|cutoff=12,,,,,,,,,,12,A,projector,9,8,-2.967764536422584e-18,0.0,,
mapping_matrix_entry,,mapping|cutoff=12,,,,,,,,,,12,A,projector,9,9,2.1059167652410024e-34,0.0,,
mapping_matrix_entry,,mapping|cutoff=12,,,,,,,,,,12,A,projector,9,10,-7.376259706915126e-19,0.0,,
mapping_matrix_entry,,mapping|cutoff=12,,,,,,,,,,12,A,projector,9,11,-9.647258927631262e-35,0.0,,
mapping_matrix_entry,,mapping|cutoff=12,,,,,,,,,,12,A,projector,10,0,-3.0019154472693463e-16,0.0,,
mapping_matrix_entry,,mapping|cutoff=12,,,,,,,,,,12,A,projector,10,1,3.061996335667202e-19,0.0,,
mapping_matrix_entry,,mapping|cutoff=12,,,,,,,,,,12,A,projector,10,2,0.04937165333768653,0.0,,
mapping_matrix_entry,,mapping|cutoff=12,,,,,,,,,,12,A,projector,10,3,0.0,0.0,,
mapping_matrix_entry,,mapping|cutoff=12,,,,,,,,,,12,A,projector,10,4,-2.0804168039513534e-16,0.0,,
mapping_matrix_entry,,mapping|cutoff=12,,,,,,,,,,12,A,projector,10,5,0.0,0.0,,
mapping_matrix_entry,,mapping|cutoff=12,,,,,,,,,,12,A,projector,10,6,-0.023545018847695134,0.0,,
mapping_matrix_entry,,mapping|cutoff=12,,,,,,,,,,12,A,projector,10,7,7.376259706915126e-19,0.0,,
mapping_matrix_entry,,mapping|cutoff=12,,,,,,,,,,12,A,projector,10,8,-2.3158694886515465e-16,0.0,,
mapping_matrix_entry,,mapping|cutoff=12,,,,,,,,,,12,A,projector,10,9,-7.376259706915126e-19,0.0,,
mapping_matrix_entry,,mapping|cutoff=12,,,,,,,,,,12,A,projector,10,10,0.003000933668719064,0.0,,
mapping_matrix_entry,,mapping|cutoff=12,,,,,,,,,,12,A,projector,10,11,-2.435862817876842e-19,0.0,,
mapping_matrix_entry,,mapping|cutoff=12,,,,,,,,,,12,A,projector,11,0,2.0572767668266458e-17,0.0,,
mapping_matrix_entry,,mapping|cutoff=12,,,,,,,,,,12,A,projector,11,1,-4.03127923391723e-34,0.0,,
mapping_matrix_entry,,mapping|cutoff=12,,,,,,,,,,12,A,projector,11,2,-4.007505259978083e-18,0.0,,
mapping_matrix_entry,,mapping|cutoff=12,,,,,,,,,,12,A,projector,11,3,0.0,0.0,,
mapping_matrix_entry,,mapping|cutoff=12,,,,,,,,,,12,A,projector,11,4,1.2665970373581898e-17,0.0,,
mapping_matrix_entry,,mapping|cutoff=12,,,,,,,,,,12,A,projector,11,5,0.0,0.0,,
mapping_matrix_entry,,mapping|cutoff=12,,,,,,,,,,12,A,projector,11,6,1.91115307063045e-18,0.0,,
mapping_matrix_entry,,mapping|cutoff=12,,,,,,,,,,12,A,projector,11,7,9.647258927631262e-35,0.0,,
mapping_matrix_entry,,mapping|cutoff=12,,,,,,,,,,12,A,projector,11,8,1.5844703456987486e-17,0.0,,
mapping_matrix_entry,,mapping|cutoff=12,,,,,,,,,,12,A,projector,11,9,-9.647258927631262e-35,0.0,,
mapping_matrix_entry,,mapping|cutoff=12,,,,,,,,,,12,A,projector,11,10,-2.435862817876842e-19,0.0,,
mapping_matrix_entry,,mapping|cutoff=12,,,,,,,,,,12,A,projector,11,11,8.544921414216022e-34,0.0,,
mapping_matrix_entry,,mapping|cutoff=12,,,,,,,,,,12,B,isometry,0,0,0.6578351779809126,0.0,,
mapping_matrix_entry,,mapping|cutoff=12,,,,,,,,,,12,B,isometry,0,1,0.27257211836410133,0.0,,
mapping_matrix_entry,,mapping|cutoff=12,,,,,,,,,,12,B,isometry,1,0,-3.696777864172147e-19,0.0,,
mapping_matrix_entry,,mapping|cutoff=12,,,,,,,,,,12,B,isometry,1,1,2.7674529285679076e-17,0.0,,
mapping_matrix_entry,,mapping|cutoff=12,,,,,,,,,,12,B,isometry,2,0,-0.3449916971957762,0.0,,
mapping_matrix_entry,,mapping|cutoff=12,,,,,,,,,,12,B,isometry,2,1,0.8326151474655392,0.0,,
mapping_matrix_entry,,mapping|cutoff=12,,,,,,,,,,12,B,isometry,3,0,-1.8697842341077047e-18,0.0,,
mapping_matrix_entry,,mapping|cutoff=12,,,,,,,,,,12,B,isometry,3,1,-1.083165097622035e-17,0.0,,
mapping_matrix_entry,,mapping|cutoff=12,,,,,,,,,,12,B,isometry,4,0,0.40500728970261635,0.0,,
mapping_matrix_entry,,mapping|cutoff=12,,,,,,,,,,12,B,isometry,4,1,0.16781360833571646,0.0,,
mapping_matrix_entry,,mapping|cutoff=12,,,,,,,,,,12,B,isometry,5,0,-3.006391061975227e-18,0.0,,
mapping_matrix_entry,,mapping|cutoff=12,,,,,,,,,,12,B,isometry,5,1,4.41223827928011e-18,0.0,,
mapping_matrix_entry,,mapping|cutoff=12,,,,,,,,,,12,B,isometry,6,0,0.16452428597469157,0.0,,
mapping_matrix_entry,,mapping|cutoff=12,,,,,,,,,,12,B,isometry,6,1,-0.3970687229343488,0.0,,
mapping_matrix_entry,,mapping|cutoff=12,,,,,,,,,,12,B,isometry,7,0,6.233451252230221e-18,0.0,,
mapping_matrix_entry,,mapping|cutoff=12,,,,,,,,,,12,B,isometry,7,1,2.9127269976860324e-18,0.0,,
mapping_matrix_entry,,mapping|cutoff=12,,,,,,,,,,12,B,isometry,8,0,0.5066505142504455,0.0,,
mapping_matrix_entry,,mapping|cutoff=12,,,,,,,,,,12,B,isometry,8,1,0.2099291867658562,0.0,,
mapping_matrix_entry,,mapping|cutoff=12,,,,,,,,,,12,B,isometry,9,0,3.554547049439534e-18,0.0,,
mapping_matrix_entry,,mapping|cutoff=12,,,,,,,,,,12,B,isometry,9,1,6.5438648322932726e-18,0.0,,
mapping_matrix_entry,,mapping|cutoff=12,,,,,,,,,,12,B,isometry,10,0,-0.020969465868648163,0.0,,
mapping_matrix_entry,,mapping|cutoff=12,,,,,,,,,,12,B,isometry,10,1,0.0506084495899909,0.0,,
mapping_matrix_entry,,mapping|cutoff=12,,,,,,,,,,12,B,isometry,11,0,3.1565439711648866e-18,0.0,,
mapping_matrix_entry,,mapping|cutoff=12,,,,,,,,,,12,B,isometry,11,1,-4.32794989820779e-18,0.0,,
mapping_matrix_entry,,mapping|cutoff=12,,,,,,,,,,12,B,projector,0,0,0.5070426810986727,0.0,,
mapping_matrix_entry,,mapping|cutoff=12,,,,,,,,,,12,B,projector,0,1,7.300118019703547e-18,0.0,,
mapping_matrix_entry,,mapping|cutoff=12,,,,,,,,,,12,B,projector,0,2,7.11096572487776e-17,0.0,,
mapping_matrix_entry,,mapping|cutoff=12,,,,,,,,,,12,B,projector,0,3,-4.182415896399113e-18,0.0,,
mapping_matrix_entry,,mapping|cutoff=12,,,,,,,,,,12,B,projector,0,4,0.31216935321947753,0.0,,
mapping_matrix_entry,,mapping|cutoff=12,,,,,,,,,,12,B,projector,0,5,-7.750566648241417e-19,0.0,,
mapping_matrix_entry,,mapping|cutoff=12,,,,,,,,,,12,B,projector,0,6,-8.97018173659485e-17,0.0,,
mapping_matrix_entry,,mapping|cutoff=12,,,,,,,,,,12,B,projector,0,7,4.894511681921801e-18,0.0,,
mapping_matrix_entry,,mapping|cutoff=12,,,,,,,,,,12,B,projector,0,8,0.39051337435928524,0.0,,
mapping_matrix_entry,,mapping|cutoff=12,,,,,,,,,,12,B,projector,0,9,4.121981190536106e-18,0.0,,
mapping_matrix_entry,,mapping|cutoff=12,,,,,,,,,,12,B,projector,0,10,-1.8051739380334682e-16,0.0,,
mapping_matrix_entry,,mapping|cutoff=12,,,,,,,,,,12,B,projector,0,11,8.968071931476358e-19,0.0,,
mapping_matrix_entry,,mapping|cutoff=12,,,,,,,,,,12,B,projector,1,0,7.300118019703547e-18,0.0,,
mapping_matrix_entry,,mapping|cutoff=12,,,,,,,,,,12,B,projector,1,1,7.6601623284967914e-34,0.0,,
mapping_matrix_entry,,mapping|cutoff=12,,,,,,,,,,12,B,projector,1,2,2.316976804918672e-17,0.0,,
mapping_matrix_entry,,mapping|cutoff=12,,,,,,,,,,12,B,projector,1,3,-2.990696244569217e-34,0.0,,
mapping_matrix_entry,,mapping|cutoff=12,,,,,,,,,,12,B,projector,1,4,4.494440420082165e-18,0.0,,
mapping_matrix_entry,,mapping|cutoff=12,,,,,,,,,,12,B,projector,1,5,1.2321801346822714e-34,0.0,,
mapping_matrix_entry,,mapping|cutoff=12,,,,,,,,,,12,B,projector,1,6,-1.1049510975124823e-17,0.0,,
mapping_matrix_entry,,mapping|cutoff=12,,,,,,,,,,12,B,projector,1,7,7.830398013798611e-35,0.0,,
mapping_matrix_entry,,mapping|cutoff=12,,,,,,,,,,12,B,projector,1,8,5.622393986475232e-18,0.0,,
mapping_matrix_entry,,mapping|cutoff=12,,,,,,,,,,12,B,projector,1,9,1.7978434185787292e-34,0.0,,
mapping_matrix_entry,,mapping|cutoff=12,,,,,,,,,,12,B,projector,1,10,1.4083169660056896e-18,0.0,,
mapping_matrix_entry,,mapping|cutoff=12,,,,,,,,,,12,B,projector,1,11,-1.209408803928921e-34,0.0,,
mapping_matrix_entry,,mapping|cutoff=12,,,,,,,,,,12,B,projector,2,0,7.11096572487776e-17,0.0,,
mapping_matrix_entry,,mapping|cutoff=12,,,,,,,,,,12,B,projector,2,1,2.316976804918672e-17,0.0,,
mapping_matrix_entry,,mapping|cutoff=12,,,,,,,,,,12,B,projector,2,2,0.8122672549230837,0.0,,
mapping_matrix_entry,,mapping|cutoff=12,,,,,,,,,,12,B,projector,2,3,-8.373536638546236e-18,0.0,,
mapping_matrix_entry,,mapping|cutoff=12,,,,,,,,,,12,B,projector,2,4,-2.2223173448065204e-16,0.0,,
mapping_matrix_entry,,mapping|cutoff=12,,,,,,,,,,12,B,projector,2,5,4.710876380460951e-18,0.0,,
mapping_matrix_entry,,mapping|cutoff=12,,,,,,,,,,12,B,projector,2,6,-0.38736494594826826,0.0,,
mapping_matrix_entry,,mapping|cutoff=12,,,,,,,,,,12,B,projector,2,7,2.7469169181117284e-19,0.0,,
mapping_matrix_entry,,mapping|cutoff=12,,,,,,,,,,12,B,projector,2,8,9.470948962383431e-17,0.0,,
mapping_matrix_entry,,mapping|cutoff=12,,,,,,,,,,12,B,projector,2,9,4.222231762986036e-18,0.0,,
mapping_matrix_entry,,mapping|cutoff=12,,,,,,,,,,12,B,projector,2,10,0.049371653337686415,0.0,,
mapping_matrix_entry,,mapping|cutoff=12,,,,,,,,,,12,B,projector,2,11,-4.692498104605014e-18,0.0,,
mapping_matrix_entry,,mapping|cutoff=12,,,,,,,,,,12,B,projector,3,0,-4.182415896399113e-18,0.0,,
mapping_matrix_entry,,mapping|cutoff=12,,,,,,,,,,12,B,projector,3,1,-2.990696244569217e-34,0.0,,
mapping_matrix_entry,,mapping|cutoff=12,,,,,,,,,,12,B,projector,3,2,-8.373536638546236e-18,0.0,,
mapping_matrix_entry,,mapping|cutoff=12,,,,,,,,,,12,B,projector,3,3,1.20820755952773e-34,0.0,,
mapping_matrix_entry,,mapping|cutoff=12,,,,,,,,,,12,B,projector,3,4,-2.5749746795372666e-18,0.0,,
mapping_matrix_entry,,mapping|cutoff=12,,,,,,,,,,12,B,projector,3,5,-4.2170522455837603e-35,0.0,,
mapping_matrix_entry,,mapping|cutoff=12,,,,,,,,,,12,B,projector,3,6,3.993284904355102e-18,0.0,,
mapping_matrix_entry,,mapping|cutoff=12,,,,,,,,,,12,B,projector,3,7,-4.320485110344828e-35,0.0,,
mapping_matrix_entry,,mapping|cutoff=12,,,,,,,,,,12,B,projector,3,8,-3.2212068245175745e-18,0.0,,
mapping_matrix_entry,,mapping|cutoff=12,,,,,,,,,,12,B,projector,3,9,-7.752709593139955e-35,0.0,,
mapping_matrix_entry,,mapping|cutoff=12,,,,,,,,,,12,B,projector,3,10,-5.089646857275654e-19,0.0,,
mapping_matrix_entry,,mapping|cutoff=12,,,,,,,,,,12,B,projector,3,11,4.097678658840335e-35,0.0,,
mapping_matrix_entry,,mapping|cutoff=12,,,,,,,,,,12,B,projector,4,0,0.31216935321947753,0.0,,
mapping_matrix_entry,,mapping|cutoff=12,,,,,,,,,,12,B,projector,4,1,4.494440420082165e-18,0.0,,
mapping_matrix_entry,,mapping|cutoff=12,,,,,,,,,,12,B,projector,4,2,-2.2223173448065204e-16,0.0,,
mapping_matrix_entry,,mapping|cutoff=12,,,,,,,,,,12,B,projector,4,3,-2.5749746795372666e-18,0.0,,
mapping_matrix_entry,,mapping|cutoff=12,,,,,,,,,,12,B,projector,4,4,0.19219231185491226,0.0,,
mapping_matrix_entry,,mapping|cutoff=12,,,,,,,,,,12,B,projector,4,5,-4.771766693137894e-19,0.0,,
mapping_matrix_entry,,mapping|cutoff=12,,,,,,,,,,12,B,projector,4,6,7.835983818891083e-17,0.0,,
mapping_matrix_entry,,mapping|cutoff=12,,,,,,,,,,12,B,projector,4,7,3.013388424737693e-18,0.0,,
mapping_matrix_entry,,mapping|cutoff=12,,,,,,,,,,12,B,projector,4,8,0.2404261259291706,0.0,,
mapping_matrix_entry,,mapping|cutoff=12,,,,,,,,,,12,B,projector,4,9,2.5377670365822693e-18,0.0,,
mapping_matrix_entry,,mapping|cutoff=12,,,,,,,,,,12,B,projector,4,10,-1.2838198254061597e-16,0.0,,
mapping_matrix_entry,,mapping|cutoff=12,,,,,,,,,,12,B,projector,4,11,5.521344294741782e-19,0.0,,
mapping_matrix_entry,,mapping|cutoff=12,,,,,,,,,,12,B,projector,5,0,-7.750566648241417e-19,0.0,,
mapping_matrix_entry,,mapping|cutoff=12,,,,,,,,,,12,B,projector,5,1,1.2321801346822714e-34,0.0,,
mapping_matrix_entry,,mapping|cutoff=12,,,,,,,,,,12,B,projector,5,2,4.710876380460951e-18,0.0,,
mapping_matrix_entry,,mapping|cutoff=12,,,,,,,,,,12,B,projector,5,3,-4.2170522455837603e-35,0.0,,
mapping_matrix_entry,,mapping|cutoff=12,,,,,,,,,,12,B,projector,5,4,-4.771766693137894e-19,0.0,,
mapping_matrix_entry,,mapping|cutoff=12,,,,,,,,,,12,B,projector,5,5,2.850623385066924e-35,0.0,,
mapping_matrix_entry,,mapping|cutoff=12,,,,,,,,,,12,B,projector,5,6,-2.246586161667971e-18,0.0,,
mapping_matrix_entry,,mapping|cutoff=12,,,,,,,,,,12,B,projector,5,7,-5.888546573680284e-36,0.0,,
mapping_matrix_entry,,mapping|cutoff=12,,,,,,,,,,12,B,projector,5,8,-5.969319838012376e-19,0.0,,
mapping_matrix_entry,,mapping|cutoff=12,,,,,,,,,,12,B,projector,5,9,1.8186732428673863e-35,0.0,,
mapping_matrix_entry,,mapping|cutoff=12,,,,,,,,,,12,B,projector,5,10,2.8633895329787407e-19,0.0,,
mapping_matrix_entry,,mapping|cutoff=12,,,,,,,,,,12,B,projector,5,11,-2.858575179332077e-35,0.0,,
mapping_matrix_entry,,mapping|cutoff=12,,,,,,,,,,12,B,projector,6,0,-8.97018173659485e-17,0.0,,
mapping_matrix_entry,,mapping|cutoff=12,,,,,,,,,,12,B,projector,6,1,-1.1049510975124823e-17,0.0,,
mapping_matrix_entry,,mapping|cutoff=12,,,,,,,,,,12,B,projector,6,2,-0.38736494594826826,0.0,,
mapping_matrix_entry,,mapping|cutoff=12,,,,,,,,,,12,B,projector,6,3,3.993284904355102e-18,0.0,,
mapping_matrix_entry,,mapping|cutoff=12,,,,,,,,,,12,B,projector,6,4,7.835983818891083e-17,0.0,,
mapping_matrix_entry,,mapping|cutoff=12,,,,,,,,,,12,B,projector,6,5,-2.246586161667971e-18,0.0,,
mapping_matrix_entry,,mapping|cutoff=12,,,,,,,,,,12,B,projector,6,6,0.18473181140819675,0.0,,
mapping_matrix_entry,,mapping|cutoff=12,,,,,,,,,,12,B,projector,6,7,-1.3099867279636868e-19,0.0,,
mapping_matrix_entry,,mapping|cutoff=12,,,,,,,,,,12,B,projector,6,8,-7.883742304815591e-17,0.0,,
mapping_matrix_entry,,mapping|cutoff=12,,,,,,,,,,12,B,projector,6,9,-2.0135547367412003e-18,0.0,,
mapping_matrix_entry,,mapping|cutoff=12,,,,,,,,,,12,B,projector,6,10,-0.02354501884769506,0.0,,
mapping_matrix_entry,,mapping|cutoff=12,,,,,,,,,,12,B,projector,6,11,2.2378216820088327e-18,0.0,,
mapping_matrix_entry,,mapping|cutoff=12,,,,,,,,,,12,B,projector,7,0,4.894511681921801e-18,0.0,,
mapping_matrix_entry,,mapping|cutoff=12,,,,,,,,,,12,B,projector,7,1,7.830398013798611e-35,0.0,,
mapping_matrix_entry,,mapping|cutoff=12,,,,,,,,,,12,B,projector,7,2,2.7469169181117284e-19,0.0,,
mapping_matrix_entry,,mapping|cutoff=12,,,,,,,,,,12,B,projector,7,3,-4.320485110344828e-35,0.0,,
mapping_matrix_entry,,mapping|cutoff=12,,,,,,,,,,12,B,projector,7,4,3.013388424737693e-18,0.0,,
mapping_matrix_entry,,mapping|cutoff=12,,,,,,,,,,12,B,projector,7,5,-5.888546573680284e-36,0.0,,
mapping_matrix_entry,,mapping|cutoff=12,,,,,,,,,,12,B,projector,7,6,-1.3099867279636868e-19,0.0,,
mapping_matrix_entry,,mapping|cutoff=12,,,,,,,,,,12,B,projector,7,7,4.73398930769796e-35,0.0,,
mapping_matrix_entry,,mapping|cutoff=12,,,,,,,,,,12,B,projector,7,8,3.769647692392708e-18,0.0,,
mapping_matrix_entry,,mapping|cutoff=12,,,,,,,,,,12,B,projector,7,9,4.1217587522668894e-35,0.0,,
mapping_matrix_entry,,mapping|cutoff=12,,,,,,,,,,12,B,projector,7,10,1.669645415427534e-20,0.0,,
mapping_matrix_entry,,mapping|cutoff=12,,,,,,,,,,12,B,projector,7,11,7.070026456635172e-36,0.0,,
mapping_matrix_entry,,mapping|cutoff=12,,,,,,,,,,12,B,projector,8,0,0.39051337435928524,0.0,,
mapping_matrix_entry,,mapping|cutoff=12,,,,,,,,,,12,B,projector,8,1,5.622393986475232e-18,0.0,,
mapping_matrix_entry,,mapping|cutoff=12,,,,,,,,,,12,B,projector,8,2,9.470948962383431e-17,0.0,,
mapping_matrix_entry,,mapping|cutoff=12,,,,,,,,,,12,B,projector,8,3,-3.2212068245175745e-18,0.0,,
mapping_matrix_entry,,mapping|cutoff=12,,,,,,,,,,12,B,projector,8,4,0.2404261259291706,0.0,,
mapping_matrix_entry,,mapping|cutoff=12,,,,,,,,,,12,B,projector,8,5,-5.969319838012376e-19,0.0,,
mapping_matrix_entry,,mapping|cutoff=12,,,,,,,,,,12,B,projector,8,6,-7.883742304815591e-17,0.0,,
mapping_matrix_entry,,mapping|cutoff=12,,,,,,,,,,12,B,projector,8,7,3.769647692392708e-18,0.0,,
mapping_matrix_entry,,mapping|cutoff=12,,,,,,,,,,12,B,projector,8,8,0.30076500704641457,0.0,,
mapping_matrix_entry,,mapping|cutoff=12,,,,,,,,,,12,B,projector,8,9,3.1746613130749562e-18,0.0,,
mapping_matrix_entry,,mapping|cutoff=12,,,,,,,,,,12,B,projector,8,10,-1.373702179600668e-16,0.0,,
mapping_matrix_entry,,mapping|cutoff=12,,,,,,,,,,12,B,projector,8,11,6.907016237507017e-19,0.0,,
mapping_matrix_entry,,mapping|cutoff=12,,,,,,,,,,12,B,projector,9,0,4.121981190536106e-18,0.0,,
mapping_matrix_entry,,mapping|cutoff=12,,,,,,,,,,12,B,projector,9,1,1.7978434185787292e-34,0.0,,
mapping_matrix_entry,,mapping|cutoff=12,,,,,,,,,,12,B,projector,9,2,4.222231762986036e-18,0.0,,
mapping_matrix_entry,,mapping|cutoff=12,,,,,,,,,,12,B,projector,9,3,-7.752709593139955e-35,0.0,,
mapping_matrix_entry,,mapping|cutoff=12,,,,,,,,,,12,B,projector,9,4,2.5377670365822693e-18,0.0,,
mapping_matrix_entry,,mapping|cutoff=12,,,,,,,,,,12,B,projector,9,5,1.8186732428673863e-35,0.0,,
mapping_matrix_entry,,mapping|cutoff=12,,,,,,,,,,12,B,projector,9,6,-2.0135547367412003e-18,0.0,,
mapping_matrix_entry,,mapping|cutoff=12,,,,,,,,,,12,B,projector,9,7,4.1217587522668894e-35,0.0,,
mapping_matrix_entry,,mapping|cutoff=12,,,,,,,,,,12,B,projector,9,8,3.1746613130749562e-18,0.0,,
mapping_matrix_entry,,mapping|cutoff=12,,,,,,,,,,12,B,projector,9,9,5.545697167000396e-35,0.0,,
mapping_matrix_entry,,mapping|cutoff=12,,,,,,,,,,12,B,projector,9,10,2.56637900457102e-19,0.0,,
mapping_matrix_entry,,mapping|cutoff=12,,,,,,,,,,12,B,projector,9,11,-1.7101435075678912e-35,0.0,,
mapping_matrix_entry,,mapping|cutoff=12,,,,,,,,,,12,B,projector,10,0,-1.8051739380334682e-16,0.0,,
mapping_matrix_entry,,mapping|cutoff=12,,,,,,,,,,12,B,projector,10,1,1.4083169660056896e-18,0.0,,
mapping_matrix_entry,,mapping|cutoff=12,,,,,,,,,,12,B,projector,10,2,0.049371653337686415,0.0,,
mapping_matrix_entry,,mapping|cutoff=12,,,,,,,,,,12,B,projector,10,3,-5.089646857275654e-19,0.0,,
mapping_matrix_entry,,mapping|cutoff=12,,,,,,,,,,12,B,projector,10,4,-1.2838198254061597e-16,0.0,,
mapping_matrix_entry,,mapping|cutoff=12,,,,,,,,,,12,B,projector,10,5,2.8633895329787407e-19,0.0,,
mapping_matrix_entry,,mapping|cutoff=12,,,,,,,,,,12,B,projector,10,6,-0.02354501884769506,0.0,,
mapping_matrix_entry,,mapping|cutoff=12,,,,,,,,,,12,B,projector,10,7,1.669645415427534e-20,0.0,,
mapping_matrix_entry,,mapping|cutoff=12,,,,,,,,,,12,B,projector,10,8,-1.373702179600668e-16,0.0,,
mapping_matrix_entry,,mapping|cutoff=12,,,,,,,,,,12,B,projector,10,9,2.56637900457102e-19,0.0,,
mapping_matrix_entry,,mapping|cutoff=12,,,,,,,,,,12,B,projector,10,10,0.0030009336687190505,0.0,,
mapping_matrix_entry,,mapping|cutoff=12,,,,,,,,,,12,B,projector,10,11,-2.8522187531768445e-19,0.0,,
mapping_matrix_entry,,mapping|cutoff=12,,,,,,,,,,12,B,projector,11,0,8.968071931476358e-19,0.0,,
mapping_matrix_entry,,mapping|cutoff=12,,,,,,,,,,12,B,projector,11,1,-1.209408803928921e-34,0.0,,
mapping_matrix_entry,,mapping|cutoff=12,,,,,,,,,,12,B,projector,11,2,-4.692498104605014e-18,0.0,,
mapping_matrix_entry,,mapping|cutoff=12,,,,,,,,,,12,B,projector,11,3,4.097678658840335e-35,0.0,,
mapping_matrix_entry,,mapping|cutoff=12,,,,,,,,,,12,B,projector,11,4,5.521344294741782e-19,0.0,,
mapping_matrix_entry,,mapping|cutoff=12,,,,,,,,,,12,B,projector,11,5,-2.858575179332077e-35,0.0,,
mapping_matrix_entry,,mapping|cutoff=12,,,,,,,,,,12,B,projector,11,6,2.2378216820088327e-18,0.0,,
mapping_matrix_entry,,mapping|cutoff=12,,,,,,,,,,12,B,projector,11,7,7.070026456635172e-36,0.0,,
mapping_matrix_entry,,mapping|cutoff=12,,,,,,,,,,12,B,projector,11,8,6.907016237507017e-19,0.0,,
mapping_matrix_entry,,mapping|cutoff=12,,,,,,,,,,12,B,projector,11,9,-1.7101435075678912e-35,0.0,,
mapping_matrix_entry,,mapping|cutoff=12,,,,,,,,,,12,B,projector,11,10,-2.8522187531768445e-19,0.0,,
mapping_matrix_entry,,mapping|cutoff=12,,,,,,,,,,12,B,projector,11,11,2.869492016329421e-35,0.0,,
gate_metric,mapping|cutoff=8|principal_singular,mapping|cutoff=8,minimum_code_principal_singular_value,minimum_code_principal_singular_value,lower,0.9999999999999997,0.0,0.9999999999999997,0.95,0.04999999999999971,True,,,,,,,,deterministic mapping,trace-decreasing/no-postselection where logical
gate_metric,mapping|cutoff=8|projector_frobenius,mapping|cutoff=8,code_projector_frobenius,maximum_code_projector_frobenius,upper,6.255335668717663e-16,0.0,6.255335668717663e-16,0.3,0.2999999999999994,True,,,,,,,,deterministic mapping,trace-decreasing/no-postselection where logical
gate_metric,mapping|cutoff=12|principal_singular,mapping|cutoff=12,minimum_code_principal_singular_value,minimum_code_principal_singular_value,lower,0.9999999999999997,0.0,0.9999999999999997,0.95,0.04999999999999971,True,,,,,,,,deterministic mapping,trace-decreasing/no-postselection where logical
gate_metric,mapping|cutoff=12|projector_frobenius,mapping|cutoff=12,code_projector_frobenius,maximum_code_projector_frobenius,upper,1.3073841895904347e-15,0.0,1.3073841895904347e-15,0.3,0.29999999999999866,True,,,,,,,,deterministic mapping,trace-decreasing/no-postselection where logical
gate_metric,ab|probe|P01_IDLE|IDLE|cutoff=8|density,ab|probe|P01_IDLE|IDLE|cutoff=8,ensemble_density_trace_distance,maximum_ensemble_density_trace_distance,upper,2.805207434366197e-07,1.6446359156930406e-07,1.0163365520226255e-06,0.1,0.09999898366344798,True,,,,,,,,ab|probe|P01_IDLE|IDLE|cutoff=8,trace-decreasing/no-postselection where logical
gate_metric,ab|probe|P01_IDLE|IDLE|cutoff=8|mean_photon,ab|probe|P01_IDLE|IDLE|cutoff=8,mean_photon_difference,maximum_mean_photon_difference,upper,0.0,0.0,4.474034657548733e-12,0.08,0.07999999999552597,True,,,,,,,,ab|probe|P01_IDLE|IDLE|cutoff=8,trace-decreasing/no-postselection where logical
gate_metric,ab|probe|P01_IDLE|IDLE|cutoff=8|levels,ab|probe|P01_IDLE|IDLE|cutoff=8,level_probability_l1,maximum_level_probability_l1,upper,1.0912757619971355e-12,6.852517209946273e-13,5.565310419545868e-12,0.1,0.0999999999944347,True,,,,,,,,ab|probe|P01_IDLE|IDLE|cutoff=8,trace-decreasing/no-postselection where logical
gate_metric,ab|probe|P01_IDLE|IDLE|cutoff=8|iq_mean,ab|probe|P01_IDLE|IDLE|cutoff=8,integrated_iq_mean_difference,maximum_integrated_iq_mean_difference,upper,0.041699322007622636,0.04301966304877268,0.23417078544390016,0.12,-0.11417078544390016,False,,,,,,,,ab|probe|P01_IDLE|IDLE|cutoff=8,trace-decreasing/no-postselection where logical
gate_metric,ab|probe|P01_IDLE|IDLE|cutoff=8|iq_covariance,ab|probe|P01_IDLE|IDLE|cutoff=8,integrated_iq_covariance_frobenius,maximum_integrated_iq_covariance_frobenius,upper,0.02529591534542584,0.009394523822117664,0.06732734051674745,0.18,0.11267265948325254,True,,,,,,,,ab|probe|P01_IDLE|IDLE|cutoff=8,trace-decreasing/no-postselection where logical
gate_metric,ab|probe|P01_IDLE|IDLE|cutoff=8|iq_ks,ab|probe|P01_IDLE|IDLE|cutoff=8,iq_two_sample_ks,maximum_iq_two_sample_ks,upper,0.25,0.09647269881063635,0.6816221979860474,0.24,-0.4416221979860474,False,,,,,,,,ab|probe|P01_IDLE|IDLE|cutoff=8,trace-decreasing/no-postselection where logical
gate_metric,ab|probe|P01_IDLE|IDLE|cutoff=8|log_evidence,ab|probe|P01_IDLE|IDLE|cutoff=8,log_evidence_mean_difference,maximum_log_evidence_mean_difference,upper,2.156933369975654,0.88926236845988,6.135524026119028,0.3,-5.835524026119028,False,,,,,,,,ab|probe|P01_IDLE|IDLE|cutoff=8,trace-decreasing/no-postselection where logical
gate_metric,ab|probe|P01_IDLE|IDLE|cutoff=8|posterior,ab|probe|P01_IDLE|IDLE|cutoff=8,posterior_mean_l1,maximum_posterior_mean_l1,upper,1.0912757619971355e-12,6.852517209946273e-13,5.565310419545868e-12,0.12,0.11999999999443468,True,,,,,,,,ab|probe|P01_IDLE|IDLE|cutoff=8,trace-decreasing/no-postselection where logical
gate_metric,ab|probe|P01_IDLE|IDLE|cutoff=8|leakage_residence,ab|probe|P01_IDLE|IDLE|cutoff=8,leakage_residence_rate_difference,maximum_leakage_residence_rate_difference,upper,0.0,0.0,4.474034657548733e-12,0.1,0.09999999999552597,True,,,,,,,,ab|probe|P01_IDLE|IDLE|cutoff=8,trace-decreasing/no-postselection where logical
gate_metric,ab|probe|P02_Q_POS|X|cutoff=8|density,ab|probe|P02_Q_POS|X|cutoff=8,ensemble_density_trace_distance,maximum_ensemble_density_trace_distance,upper,2.8239207588056474e-07,1.64385161350421e-07,1.0178569849490888e-06,0.1,0.09999898214301506,True,,,,,,,,ab|probe|P02_Q_POS|X|cutoff=8,trace-decreasing/no-postselection where logical
gate_metric,ab|probe|P02_Q_POS|X|cutoff=8|mean_photon,ab|probe|P02_Q_POS|X|cutoff=8,mean_photon_difference,maximum_mean_photon_difference,upper,3.686051583753902e-09,5.314963045075646e-18,3.690525618411451e-09,0.08,0.07999999630947438,True,,,,,,,,ab|probe|P02_Q_POS|X|cutoff=8,trace-decreasing/no-postselection where logical
gate_metric,ab|probe|P02_Q_POS|X|cutoff=8|levels,ab|probe|P02_Q_POS|X|cutoff=8,level_probability_l1,maximum_level_probability_l1,upper,1.0913321179504085e-12,6.85321845339176e-13,5.565366775499141e-12,0.1,0.09999999999443464,True,,,,,,,,ab|probe|P02_Q_POS|X|cutoff=8,trace-decreasing/no-postselection where logical
gate_metric,ab|probe|P02_Q_POS|X|cutoff=8|iq_mean,ab|probe|P02_Q_POS|X|cutoff=8,integrated_iq_mean_difference,maximum_integrated_iq_mean_difference,upper,0.041699322007622636,0.04301966304877268,0.23417078544390016,0.12,-0.11417078544390016,False,,,,,,,,ab|probe|P02_Q_POS|X|cutoff=8,trace-decreasing/no-postselection where logical
gate_metric,ab|probe|P02_Q_POS|X|cutoff=8|iq_covariance,ab|probe|P02_Q_POS|X|cutoff=8,integrated_iq_covariance_frobenius,maximum_integrated_iq_covariance_frobenius,upper,0.02529591534542584,0.009394523822117664,0.06732734051674745,0.18,0.11267265948325254,True,,,,,,,,ab|probe|P02_Q_POS|X|cutoff=8,trace-decreasing/no-postselection where logical
gate_metric,ab|probe|P02_Q_POS|X|cutoff=8|iq_ks,ab|probe|P02_Q_POS|X|cutoff=8,iq_two_sample_ks,maximum_iq_two_sample_ks,upper,0.25,0.09647269881063635,0.6816221979860474,0.24,-0.4416221979860474,False,,,,,,,,ab|probe|P02_Q_POS|X|cutoff=8,trace-decreasing/no-postselection where logical
gate_metric,ab|probe|P02_Q_POS|X|cutoff=8|log_evidence,ab|probe|P02_Q_POS|X|cutoff=8,log_evidence_mean_difference,maximum_log_evidence_mean_difference,upper,2.1569333699807274,0.8892623684600931,6.135524026125054,0.3,-5.8355240261250545,False,,,,,,,,ab|probe|P02_Q_POS|X|cutoff=8,trace-decreasing/no-postselection where logical
gate_metric,ab|probe|P02_Q_POS|X|cutoff=8|posterior,ab|probe|P02_Q_POS|X|cutoff=8,posterior_mean_l1,maximum_posterior_mean_l1,upper,1.0913321179504085e-12,6.85321845339176e-13,5.565366775499141e-12,0.12,0.11999999999443463,True,,,,,,,,ab|probe|P02_Q_POS|X|cutoff=8,trace-decreasing/no-postselection where logical
gate_metric,ab|probe|P02_Q_POS|X|cutoff=8|leakage_residence,ab|probe|P02_Q_POS|X|cutoff=8,leakage_residence_rate_difference,maximum_leakage_residence_rate_difference,upper,0.0,0.0,4.474034657548733e-12,0.1,0.09999999999552597,True,,,,,,,,ab|probe|P02_Q_POS|X|cutoff=8,trace-decreasing/no-postselection where logical
gate_metric,ab|probe|P03_Q_NEG|X|cutoff=8|density,ab|probe|P03_Q_NEG|X|cutoff=8,ensemble_density_trace_distance,maximum_ensemble_density_trace_distance,upper,2.8239207588056474e-07,1.64385161350421e-07,1.0178569849490888e-06,0.1,0.09999898214301506,True,,,,,,,,ab|probe|P03_Q_NEG|X|cutoff=8,trace-decreasing/no-postselection where logical
gate_metric,ab|probe|P03_Q_NEG|X|cutoff=8|mean_photon,ab|probe|P03_Q_NEG|X|cutoff=8,mean_photon_difference,maximum_mean_photon_difference,upper,3.686051583753902e-09,5.314963045075646e-18,3.690525618411451e-09,0.08,0.07999999630947438,True,,,,,,,,ab|probe|P03_Q_NEG|X|cutoff=8,trace-decreasing/no-postselection where logical
gate_metric,ab|probe|P03_Q_NEG|X|cutoff=8|levels,ab|probe|P03_Q_NEG|X|cutoff=8,level_probability_l1,maximum_level_probability_l1,upper,1.0913321179504085e-12,6.85321845339176e-13,5.565366775499141e-12,0.1,0.09999999999443464,True,,,,,,,,ab|probe|P03_Q_NEG|X|cutoff=8,trace-decreasing/no-postselection where logical
gate_metric,ab|probe|P03_Q_NEG|X|cutoff=8|iq_mean,ab|probe|P03_Q_NEG|X|cutoff=8,integrated_iq_mean_difference,maximum_integrated_iq_mean_difference,upper,0.041699322007622636,0.04301966304877268,0.23417078544390016,0.12,-0.11417078544390016,False,,,,,,,,ab|probe|P03_Q_NEG|X|cutoff=8,trace-decreasing/no-postselection where logical
gate_metric,ab|probe|P03_Q_NEG|X|cutoff=8|iq_covariance,ab|probe|P03_Q_NEG|X|cutoff=8,integrated_iq_covariance_frobenius,maximum_integrated_iq_covariance_frobenius,upper,0.02529591534542584,0.009394523822117664,0.06732734051674745,0.18,0.11267265948325254,True,,,,,,,,ab|probe|P03_Q_NEG|X|cutoff=8,trace-decreasing/no-postselection where logical
gate_metric,ab|probe|P03_Q_NEG|X|cutoff=8|iq_ks,ab|probe|P03_Q_NEG|X|cutoff=8,iq_two_sample_ks,maximum_iq_two_sample_ks,upper,0.25,0.09647269881063635,0.6816221979860474,0.24,-0.4416221979860474,False,,,,,,,,ab|probe|P03_Q_NEG|X|cutoff=8,trace-decreasing/no-postselection where logical
gate_metric,ab|probe|P03_Q_NEG|X|cutoff=8|log_evidence,ab|probe|P03_Q_NEG|X|cutoff=8,log_evidence_mean_difference,maximum_log_evidence_mean_difference,upper,2.1569333699807274,0.8892623684600931,6.135524026125054,0.3,-5.8355240261250545,False,,,,,,,,ab|probe|P03_Q_NEG|X|cutoff=8,trace-decreasing/no-postselection where logical
gate_metric,ab|probe|P03_Q_NEG|X|cutoff=8|posterior,ab|probe|P03_Q_NEG|X|cutoff=8,posterior_mean_l1,maximum_posterior_mean_l1,upper,1.0913321179504085e-12,6.85321845339176e-13,5.565366775499141e-12,0.12,0.11999999999443463,True,,,,,,,,ab|probe|P03_Q_NEG|X|cutoff=8,trace-decreasing/no-postselection where logical
gate_metric,ab|probe|P03_Q_NEG|X|cutoff=8|leakage_residence,ab|probe|P03_Q_NEG|X|cutoff=8,leakage_residence_rate_difference,maximum_leakage_residence_rate_difference,upper,0.0,0.0,4.474034657548733e-12,0.1,0.09999999999552597,True,,,,,,,,ab|probe|P03_Q_NEG|X|cutoff=8,trace-decreasing/no-postselection where logical
gate_metric,ab|probe|P04_P_POS|Z|cutoff=8|density,ab|probe|P04_P_POS|Z|cutoff=8,ensemble_density_trace_distance,maximum_ensemble_density_trace_distance,upper,2.823920758756885e-07,1.6438516134950284e-07,1.0178569849401046e-06,0.1,0.09999898214301507,True,,,,,,,,ab|probe|P04_P_POS|Z|cutoff=8,trace-decreasing/no-postselection where logical
gate_metric,ab|probe|P04_P_POS|Z|cutoff=8|mean_photon,ab|probe|P04_P_POS|Z|cutoff=8,mean_photon_difference,maximum_mean_photon_difference,upper,3.68605159763169e-09,5.3772045908631664e-18,3.6905256322892387e-09,0.08,0.07999999630947437,True,,,,,,,,ab|probe|P04_P_POS|Z|cutoff=8,trace-decreasing/no-postselection where logical
gate_metric,ab|probe|P04_P_POS|Z|cutoff=8|levels,ab|probe|P04_P_POS|Z|cutoff=8,level_probability_l1,maximum_level_probability_l1,upper,1.0913321179504087e-12,6.853218453391761e-13,5.565366775499141e-12,0.1,0.09999999999443464,True,,,,,,,,ab|probe|P04_P_POS|Z|cutoff=8,trace-decreasing/no-postselection where logical
gate_metric,ab|probe|P04_P_POS|Z|cutoff=8|iq_mean,ab|probe|P04_P_POS|Z|cutoff=8,integrated_iq_mean_difference,maximum_integrated_iq_mean_difference,upper,0.041699322007622636,0.04301966304877268,0.23417078544390016,0.12,-0.11417078544390016,False,,,,,,,,ab|probe|P04_P_POS|Z|cutoff=8,trace-decreasing/no-postselection where logical
gate_metric,ab|probe|P04_P_POS|Z|cutoff=8|iq_covariance,ab|probe|P04_P_POS|Z|cutoff=8,integrated_iq_covariance_frobenius,maximum_integrated_iq_covariance_frobenius,upper,0.02529591534542584,0.009394523822117664,0.06732734051674745,0.18,0.11267265948325254,True,,,,,,,,ab|probe|P04_P_POS|Z|cutoff=8,trace-decreasing/no-postselection where logical
gate_metric,ab|probe|P04_P_POS|Z|cutoff=8|iq_ks,ab|probe|P04_P_POS|Z|cutoff=8,iq_two_sample_ks,maximum_iq_two_sample_ks,upper,0.25,0.09647269881063635,0.6816221979860474,0.24,-0.4416221979860474,False,,,,,,,,ab|probe|P04_P_POS|Z|cutoff=8,trace-decreasing/no-postselection where logical
gate_metric,ab|probe|P04_P_POS|Z|cutoff=8|log_evidence,ab|probe|P04_P_POS|Z|cutoff=8,log_evidence_mean_difference,maximum_log_evidence_mean_difference,upper,2.1569333699807256,0.889262368460093,6.1355240261250525,0.3,-5.835524026125053,False,,,,,,,,ab|probe|P04_P_POS|Z|cutoff=8,trace-decreasing/no-postselection where logical
gate_metric,ab|probe|P04_P_POS|Z|cutoff=8|posterior,ab|probe|P04_P_POS|Z|cutoff=8,posterior_mean_l1,maximum_posterior_mean_l1,upper,1.0913321179504087e-12,6.853218453391761e-13,5.565366775499141e-12,0.12,0.11999999999443463,True,,,,,,,,ab|probe|P04_P_POS|Z|cutoff=8,trace-decreasing/no-postselection where logical
gate_metric,ab|probe|P04_P_POS|Z|cutoff=8|leakage_residence,ab|probe|P04_P_POS|Z|cutoff=8,leakage_residence_rate_difference,maximum_leakage_residence_rate_difference,upper,0.0,0.0,4.474034657548733e-12,0.1,0.09999999999552597,True,,,,,,,,ab|probe|P04_P_POS|Z|cutoff=8,trace-decreasing/no-postselection where logical
gate_metric,ab|probe|P05_P_NEG|Z|cutoff=8|density,ab|probe|P05_P_NEG|Z|cutoff=8,ensemble_density_trace_distance,maximum_ensemble_density_trace_distance,upper,2.823920758756885e-07,1.6438516134950284e-07,1.0178569849401046e-06,0.1,0.09999898214301507,True,,,,,,,,ab|probe|P05_P_NEG|Z|cutoff=8,trace-decreasing/no-postselection where logical
gate_metric,ab|probe|P05_P_NEG|Z|cutoff=8|mean_photon,ab|probe|P05_P_NEG|Z|cutoff=8,mean_photon_difference,maximum_mean_photon_difference,upper,3.68605159763169e-09,5.3772045908631664e-18,3.6905256322892387e-09,0.08,0.07999999630947437,True,,,,,,,,ab|probe|P05_P_NEG|Z|cutoff=8,trace-decreasing/no-postselection where logical
gate_metric,ab|probe|P05_P_NEG|Z|cutoff=8|levels,ab|probe|P05_P_NEG|Z|cutoff=8,level_probability_l1,maximum_level_probability_l1,upper,1.0913321179504087e-12,6.853218453391761e-13,5.565366775499141e-12,0.1,0.09999999999443464,True,,,,,,,,ab|probe|P05_P_NEG|Z|cutoff=8,trace-decreasing/no-postselection where logical
gate_metric,ab|probe|P05_P_NEG|Z|cutoff=8|iq_mean,ab|probe|P05_P_NEG|Z|cutoff=8,integrated_iq_mean_difference,maximum_integrated_iq_mean_difference,upper,0.041699322007622636,0.04301966304877268,0.23417078544390016,0.12,-0.11417078544390016,False,,,,,,,,ab|probe|P05_P_NEG|Z|cutoff=8,trace-decreasing/no-postselection where logical
gate_metric,ab|probe|P05_P_NEG|Z|cutoff=8|iq_covariance,ab|probe|P05_P_NEG|Z|cutoff=8,integrated_iq_covariance_frobenius,maximum_integrated_iq_covariance_frobenius,upper,0.02529591534542584,0.009394523822117664,0.06732734051674745,0.18,0.11267265948325254,True,,,,,,,,ab|probe|P05_P_NEG|Z|cutoff=8,trace-decreasing/no-postselection where logical
gate_metric,ab|probe|P05_P_NEG|Z|cutoff=8|iq_ks,ab|probe|P05_P_NEG|Z|cutoff=8,iq_two_sample_ks,maximum_iq_two_sample_ks,upper,0.25,0.09647269881063635,0.6816221979860474,0.24,-0.4416221979860474,False,,,,,,,,ab|probe|P05_P_NEG|Z|cutoff=8,trace-decreasing/no-postselection where logical
gate_metric,ab|probe|P05_P_NEG|Z|cutoff=8|log_evidence,ab|probe|P05_P_NEG|Z|cutoff=8,log_evidence_mean_difference,maximum_log_evidence_mean_difference,upper,2.1569333699807256,0.889262368460093,6.1355240261250525,0.3,-5.835524026125053,False,,,,,,,,ab|probe|P05_P_NEG|Z|cutoff=8,trace-decreasing/no-postselection where logical
gate_metric,ab|probe|P05_P_NEG|Z|cutoff=8|posterior,ab|probe|P05_P_NEG|Z|cutoff=8,posterior_mean_l1,maximum_posterior_mean_l1,upper,1.0913321179504087e-12,6.853218453391761e-13,5.565366775499141e-12,0.12,0.11999999999443463,True,,,,,,,,ab|probe|P05_P_NEG|Z|cutoff=8,trace-decreasing/no-postselection where logical
gate_metric,ab|probe|P05_P_NEG|Z|cutoff=8|leakage_residence,ab|probe|P05_P_NEG|Z|cutoff=8,leakage_residence_rate_difference,maximum_leakage_residence_rate_difference,upper,0.0,0.0,4.474034657548733e-12,0.1,0.09999999999552597,True,,,,,,,,ab|probe|P05_P_NEG|Z|cutoff=8,trace-decreasing/no-postselection where logical
gate_metric,ab|probe|P06_ALTERNATE|X|cutoff=8|density,ab|probe|P06_ALTERNATE|X|cutoff=8,ensemble_density_trace_distance,maximum_ensemble_density_trace_distance,upper,2.8239207588056474e-07,1.64385161350421e-07,1.0178569849490888e-06,0.1,0.09999898214301506,True,,,,,,,,ab|probe|P06_ALTERNATE|X|cutoff=8,trace-decreasing/no-postselection where logical
gate_metric,ab|probe|P06_ALTERNATE|X|cutoff=8|mean_photon,ab|probe|P06_ALTERNATE|X|cutoff=8,mean_photon_difference,maximum_mean_photon_difference,upper,3.686051583753902e-09,5.314963045075646e-18,3.690525618411451e-09,0.08,0.07999999630947438,True,,,,,,,,ab|probe|P06_ALTERNATE|X|cutoff=8,trace-decreasing/no-postselection where logical
gate_metric,ab|probe|P06_ALTERNATE|X|cutoff=8|levels,ab|probe|P06_ALTERNATE|X|cutoff=8,level_probability_l1,maximum_level_probability_l1,upper,1.0913321179504085e-12,6.85321845339176e-13,5.565366775499141e-12,0.1,0.09999999999443464,True,,,,,,,,ab|probe|P06_ALTERNATE|X|cutoff=8,trace-decreasing/no-postselection where logical
gate_metric,ab|probe|P06_ALTERNATE|X|cutoff=8|iq_mean,ab|probe|P06_ALTERNATE|X|cutoff=8,integrated_iq_mean_difference,maximum_integrated_iq_mean_difference,upper,0.041699322007622636,0.04301966304877268,0.23417078544390016,0.12,-0.11417078544390016,False,,,,,,,,ab|probe|P06_ALTERNATE|X|cutoff=8,trace-decreasing/no-postselection where logical
gate_metric,ab|probe|P06_ALTERNATE|X|cutoff=8|iq_covariance,ab|probe|P06_ALTERNATE|X|cutoff=8,integrated_iq_covariance_frobenius,maximum_integrated_iq_covariance_frobenius,upper,0.02529591534542584,0.009394523822117664,0.06732734051674745,0.18,0.11267265948325254,True,,,,,,,,ab|probe|P06_ALTERNATE|X|cutoff=8,trace-decreasing/no-postselection where logical
gate_metric,ab|probe|P06_ALTERNATE|X|cutoff=8|iq_ks,ab|probe|P06_ALTERNATE|X|cutoff=8,iq_two_sample_ks,maximum_iq_two_sample_ks,upper,0.25,0.09647269881063635,0.6816221979860474,0.24,-0.4416221979860474,False,,,,,,,,ab|probe|P06_ALTERNATE|X|cutoff=8,trace-decreasing/no-postselection where logical
gate_metric,ab|probe|P06_ALTERNATE|X|cutoff=8|log_evidence,ab|probe|P06_ALTERNATE|X|cutoff=8,log_evidence_mean_difference,maximum_log_evidence_mean_difference,upper,2.1569333699807274,0.8892623684600931,6.135524026125054,0.3,-5.8355240261250545,False,,,,,,,,ab|probe|P06_ALTERNATE|X|cutoff=8,trace-decreasing/no-postselection where logical
gate_metric,ab|probe|P06_ALTERNATE|X|cutoff=8|posterior,ab|probe|P06_ALTERNATE|X|cutoff=8,posterior_mean_l1,maximum_posterior_mean_l1,upper,1.0913321179504085e-12,6.85321845339176e-13,5.565366775499141e-12,0.12,0.11999999999443463,True,,,,,,,,ab|probe|P06_ALTERNATE|X|cutoff=8,trace-decreasing/no-postselection where logical
gate_metric,ab|probe|P06_ALTERNATE|X|cutoff=8|leakage_residence,ab|probe|P06_ALTERNATE|X|cutoff=8,leakage_residence_rate_difference,maximum_leakage_residence_rate_difference,upper,0.0,0.0,4.474034657548733e-12,0.1,0.09999999999552597,True,,,,,,,,ab|probe|P06_ALTERNATE|X|cutoff=8,trace-decreasing/no-postselection where logical
gate_metric,ab|probe|P07_BOUNDARY|XZ|cutoff=8|density,ab|probe|P07_BOUNDARY|XZ|cutoff=8,ensemble_density_trace_distance,maximum_ensemble_density_trace_distance,upper,2.842996900096328e-07,1.642226421992019e-07,1.019037482763087e-06,0.1,0.09999898096251725,True,,,,,,,,ab|probe|P07_BOUNDARY|XZ|cutoff=8,trace-decreasing/no-postselection where logical
gate_metric,ab|probe|P07_BOUNDARY|XZ|cutoff=8|mean_photon,ab|probe|P07_BOUNDARY|XZ|cutoff=8,mean_photon_difference,maximum_mean_photon_difference,upper,7.371893893937109e-09,1.0938360728438847e-17,7.376367928594658e-09,0.08,0.07999999262363207,True,,,,,,,,ab|probe|P07_BOUNDARY|XZ|cutoff=8,trace-decreasing/no-postselection where logical
gate_metric,ab|probe|P07_BOUNDARY|XZ|cutoff=8|levels,ab|probe|P07_BOUNDARY|XZ|cutoff=8,level_probability_l1,maximum_level_probability_l1,upper,1.0913961221117759e-12,6.853780392797865e-13,5.565430779660508e-12,0.1,0.09999999999443457,True,,,,,,,,ab|probe|P07_BOUNDARY|XZ|cutoff=8,trace-decreasing/no-postselection where logical
gate_metric,ab|probe|P07_BOUNDARY|XZ|cutoff=8|iq_mean,ab|probe|P07_BOUNDARY|XZ|cutoff=8,integrated_iq_mean_difference,maximum_integrated_iq_mean_difference,upper,0.041699322007622636,0.04301966304877268,0.23417078544390016,0.12,-0.11417078544390016,False,,,,,,,,ab|probe|P07_BOUNDARY|XZ|cutoff=8,trace-decreasing/no-postselection where logical
gate_metric,ab|probe|P07_BOUNDARY|XZ|cutoff=8|iq_covariance,ab|probe|P07_BOUNDARY|XZ|cutoff=8,integrated_iq_covariance_frobenius,maximum_integrated_iq_covariance_frobenius,upper,0.02529591534542584,0.009394523822117664,0.06732734051674745,0.18,0.11267265948325254,True,,,,,,,,ab|probe|P07_BOUNDARY|XZ|cutoff=8,trace-decreasing/no-postselection where logical
gate_metric,ab|probe|P07_BOUNDARY|XZ|cutoff=8|iq_ks,ab|probe|P07_BOUNDARY|XZ|cutoff=8,iq_two_sample_ks,maximum_iq_two_sample_ks,upper,0.25,0.09647269881063635,0.6816221979860474,0.24,-0.4416221979860474,False,,,,,,,,ab|probe|P07_BOUNDARY|XZ|cutoff=8,trace-decreasing/no-postselection where logical
gate_metric,ab|probe|P07_BOUNDARY|XZ|cutoff=8|log_evidence,ab|probe|P07_BOUNDARY|XZ|cutoff=8,log_evidence_mean_difference,maximum_log_evidence_mean_difference,upper,2.156933369985911,0.8892623684603111,6.135524026131214,0.3,-5.835524026131214,False,,,,,,,,ab|probe|P07_BOUNDARY|XZ|cutoff=8,trace-decreasing/no-postselection where logical
gate_metric,ab|probe|P07_BOUNDARY|XZ|cutoff=8|posterior,ab|probe|P07_BOUNDARY|XZ|cutoff=8,posterior_mean_l1,maximum_posterior_mean_l1,upper,1.0913961221117759e-12,6.853780392797865e-13,5.565430779660508e-12,0.12,0.11999999999443456,True,,,,,,,,ab|probe|P07_BOUNDARY|XZ|cutoff=8,trace-decreasing/no-postselection where logical
gate_metric,ab|probe|P07_BOUNDARY|XZ|cutoff=8|leakage_residence,ab|probe|P07_BOUNDARY|XZ|cutoff=8,leakage_residence_rate_difference,maximum_leakage_residence_rate_difference,upper,0.0,0.0,4.474034657548733e-12,0.1,0.09999999999552597,True,,,,,,,,ab|probe|P07_BOUNDARY|XZ|cutoff=8,trace-decreasing/no-postselection where logical
gate_metric,ab|probe|P08_PHASE|X|cutoff=8|density,ab|probe|P08_PHASE|X|cutoff=8,ensemble_density_trace_distance,maximum_ensemble_density_trace_distance,upper,2.8239207588056474e-07,1.64385161350421e-07,1.0178569849490888e-06,0.1,0.09999898214301506,True,,,,,,,,ab|probe|P08_PHASE|X|cutoff=8,trace-decreasing/no-postselection where logical
gate_metric,ab|probe|P08_PHASE|X|cutoff=8|mean_photon,ab|probe|P08_PHASE|X|cutoff=8,mean_photon_difference,maximum_mean_photon_difference,upper,3.686051583753902e-09,5.314963045075646e-18,3.690525618411451e-09,0.08,0.07999999630947438,True,,,,,,,,ab|probe|P08_PHASE|X|cutoff=8,trace-decreasing/no-postselection where logical
gate_metric,ab|probe|P08_PHASE|X|cutoff=8|levels,ab|probe|P08_PHASE|X|cutoff=8,level_probability_l1,maximum_level_probability_l1,upper,1.0913321179504085e-12,6.85321845339176e-13,5.565366775499141e-12,0.1,0.09999999999443464,True,,,,,,,,ab|probe|P08_PHASE|X|cutoff=8,trace-decreasing/no-postselection where logical
gate_metric,ab|probe|P08_PHASE|X|cutoff=8|iq_mean,ab|probe|P08_PHASE|X|cutoff=8,integrated_iq_mean_difference,maximum_integrated_iq_mean_difference,upper,0.041699322007622636,0.04301966304877268,0.23417078544390016,0.12,-0.11417078544390016,False,,,,,,,,ab|probe|P08_PHASE|X|cutoff=8,trace-decreasing/no-postselection where logical
gate_metric,ab|probe|P08_PHASE|X|cutoff=8|iq_covariance,ab|probe|P08_PHASE|X|cutoff=8,integrated_iq_covariance_frobenius,maximum_integrated_iq_covariance_frobenius,upper,0.02529591534542584,0.009394523822117664,0.06732734051674745,0.18,0.11267265948325254,True,,,,,,,,ab|probe|P08_PHASE|X|cutoff=8,trace-decreasing/no-postselection where logical
gate_metric,ab|probe|P08_PHASE|X|cutoff=8|iq_ks,ab|probe|P08_PHASE|X|cutoff=8,iq_two_sample_ks,maximum_iq_two_sample_ks,upper,0.25,0.09647269881063635,0.6816221979860474,0.24,-0.4416221979860474,False,,,,,,,,ab|probe|P08_PHASE|X|cutoff=8,trace-decreasing/no-postselection where logical
gate_metric,ab|probe|P08_PHASE|X|cutoff=8|log_evidence,ab|probe|P08_PHASE|X|cutoff=8,log_evidence_mean_difference,maximum_log_evidence_mean_difference,upper,2.1569333699807274,0.8892623684600931,6.135524026125054,0.3,-5.8355240261250545,False,,,,,,,,ab|probe|P08_PHASE|X|cutoff=8,trace-decreasing/no-postselection where logical
gate_metric,ab|probe|P08_PHASE|X|cutoff=8|posterior,ab|probe|P08_PHASE|X|cutoff=8,posterior_mean_l1,maximum_posterior_mean_l1,upper,1.0913321179504085e-12,6.85321845339176e-13,5.565366775499141e-12,0.12,0.11999999999443463,True,,,,,,,,ab|probe|P08_PHASE|X|cutoff=8,trace-decreasing/no-postselection where logical
gate_metric,ab|probe|P08_PHASE|X|cutoff=8|leakage_residence,ab|probe|P08_PHASE|X|cutoff=8,leakage_residence_rate_difference,maximum_leakage_residence_rate_difference,upper,0.0,0.0,4.474034657548733e-12,0.1,0.09999999999552597,True,,,,,,,,ab|probe|P08_PHASE|X|cutoff=8,trace-decreasing/no-postselection where logical
gate_metric,ab|probe|P09_LEAK_RESET|RESET|cutoff=8|density,ab|probe|P09_LEAK_RESET|RESET|cutoff=8,ensemble_density_trace_distance,maximum_ensemble_density_trace_distance,upper,0.0,0.0,4.474034657548733e-12,0.1,0.09999999999552597,True,,,,,,,,ab|probe|P09_LEAK_RESET|RESET|cutoff=8,trace-decreasing/no-postselection where logical
gate_metric,ab|probe|P09_LEAK_RESET|RESET|cutoff=8|mean_photon,ab|probe|P09_LEAK_RESET|RESET|cutoff=8,mean_photon_difference,maximum_mean_photon_difference,upper,0.0,0.0,4.474034657548733e-12,0.08,0.07999999999552597,True,,,,,,,,ab|probe|P09_LEAK_RESET|RESET|cutoff=8,trace-decreasing/no-postselection where logical
gate_metric,ab|probe|P09_LEAK_RESET|RESET|cutoff=8|levels,ab|probe|P09_LEAK_RESET|RESET|cutoff=8,level_probability_l1,maximum_level_probability_l1,upper,0.0,0.0,4.474034657548733e-12,0.1,0.09999999999552597,True,,,,,,,,ab|probe|P09_LEAK_RESET|RESET|cutoff=8,trace-decreasing/no-postselection where logical
gate_metric,ab|probe|P09_LEAK_RESET|RESET|cutoff=8|iq_mean,ab|probe|P09_LEAK_RESET|RESET|cutoff=8,integrated_iq_mean_difference,maximum_integrated_iq_mean_difference,upper,0.041699322007622636,0.04301966304877268,0.23417078544390016,0.12,-0.11417078544390016,False,,,,,,,,ab|probe|P09_LEAK_RESET|RESET|cutoff=8,trace-decreasing/no-postselection where logical
gate_metric,ab|probe|P09_LEAK_RESET|RESET|cutoff=8|iq_covariance,ab|probe|P09_LEAK_RESET|RESET|cutoff=8,integrated_iq_covariance_frobenius,maximum_integrated_iq_covariance_frobenius,upper,0.02529591534542584,0.009394523822117664,0.06732734051674745,0.18,0.11267265948325254,True,,,,,,,,ab|probe|P09_LEAK_RESET|RESET|cutoff=8,trace-decreasing/no-postselection where logical
gate_metric,ab|probe|P09_LEAK_RESET|RESET|cutoff=8|iq_ks,ab|probe|P09_LEAK_RESET|RESET|cutoff=8,iq_two_sample_ks,maximum_iq_two_sample_ks,upper,0.25,0.09647269881063635,0.6816221979860474,0.24,-0.4416221979860474,False,,,,,,,,ab|probe|P09_LEAK_RESET|RESET|cutoff=8,trace-decreasing/no-postselection where logical
gate_metric,ab|probe|P09_LEAK_RESET|RESET|cutoff=8|log_evidence,ab|probe|P09_LEAK_RESET|RESET|cutoff=8,log_evidence_mean_difference,maximum_log_evidence_mean_difference,upper,2.1569333699756363,0.8892623684598795,6.135524026119008,0.3,-5.835524026119008,False,,,,,,,,ab|probe|P09_LEAK_RESET|RESET|cutoff=8,trace-decreasing/no-postselection where logical
gate_metric,ab|probe|P09_LEAK_RESET|RESET|cutoff=8|posterior,ab|probe|P09_LEAK_RESET|RESET|cutoff=8,posterior_mean_l1,maximum_posterior_mean_l1,upper,1.0914582865055666e-12,6.853383139775134e-13,5.565492944054299e-12,0.12,0.1199999999944345,True,,,,,,,,ab|probe|P09_LEAK_RESET|RESET|cutoff=8,trace-decreasing/no-postselection where logical
gate_metric,ab|probe|P09_LEAK_RESET|RESET|cutoff=8|leakage_residence,ab|probe|P09_LEAK_RESET|RESET|cutoff=8,leakage_residence_rate_difference,maximum_leakage_residence_rate_difference,upper,0.0,0.0,4.474034657548733e-12,0.1,0.09999999999552597,True,,,,,,,,ab|probe|P09_LEAK_RESET|RESET|cutoff=8,trace-decreasing/no-postselection where logical
gate_metric,ab|probe|P09_LEAK_RESET|RESET|cutoff=8|reset_success,ab|probe|P09_LEAK_RESET|RESET|cutoff=8,reset_success_rate_difference,maximum_reset_success_rate_difference,upper,0.0,0.0,4.474034657548733e-12,0.12,0.11999999999552596,True,,,,,,,,ab|probe|P09_LEAK_RESET|RESET|cutoff=8,trace-decreasing/no-postselection where logical
gate_metric,ab|probe|P10_RESET_OK|HOLD|cutoff=8|density,ab|probe|P10_RESET_OK|HOLD|cutoff=8,ensemble_density_trace_distance,maximum_ensemble_density_trace_distance,upper,2.8052074331273374e-07,1.644635914959298e-07,1.0163365515704606e-06,0.1,0.09999898366344843,True,,,,,,,,ab|probe|P10_RESET_OK|HOLD|cutoff=8,trace-decreasing/no-postselection where logical
gate_metric,ab|probe|P10_RESET_OK|HOLD|cutoff=8|mean_photon,ab|probe|P10_RESET_OK|HOLD|cutoff=8,mean_photon_difference,maximum_mean_photon_difference,upper,0.0,0.0,4.474034657548733e-12,0.08,0.07999999999552597,True,,,,,,,,ab|probe|P10_RESET_OK|HOLD|cutoff=8,trace-decreasing/no-postselection where logical
gate_metric,ab|probe|P10_RESET_OK|HOLD|cutoff=8|levels,ab|probe|P10_RESET_OK|HOLD|cutoff=8,level_probability_l1,maximum_level_probability_l1,upper,1.0912778775838596e-12,6.852551375448005e-13,5.565312535132592e-12,0.1,0.0999999999944347,True,,,,,,,,ab|probe|P10_RESET_OK|HOLD|cutoff=8,trace-decreasing/no-postselection where logical
gate_metric,ab|probe|P10_RESET_OK|HOLD|cutoff=8|iq_mean,ab|probe|P10_RESET_OK|HOLD|cutoff=8,integrated_iq_mean_difference,maximum_integrated_iq_mean_difference,upper,0.041699322007622636,0.04301966304877268,0.23417078544390016,0.12,-0.11417078544390016,False,,,,,,,,ab|probe|P10_RESET_OK|HOLD|cutoff=8,trace-decreasing/no-postselection where logical
gate_metric,ab|probe|P10_RESET_OK|HOLD|cutoff=8|iq_covariance,ab|probe|P10_RESET_OK|HOLD|cutoff=8,integrated_iq_covariance_frobenius,maximum_integrated_iq_covariance_frobenius,upper,0.02529591534542584,0.009394523822117664,0.06732734051674745,0.18,0.11267265948325254,True,,,,,,,,ab|probe|P10_RESET_OK|HOLD|cutoff=8,trace-decreasing/no-postselection where logical
gate_metric,ab|probe|P10_RESET_OK|HOLD|cutoff=8|iq_ks,ab|probe|P10_RESET_OK|HOLD|cutoff=8,iq_two_sample_ks,maximum_iq_two_sample_ks,upper,0.25,0.09647269881063635,0.6816221979860474,0.24,-0.4416221979860474,False,,,,,,,,ab|probe|P10_RESET_OK|HOLD|cutoff=8,trace-decreasing/no-postselection where logical
gate_metric,ab|probe|P10_RESET_OK|HOLD|cutoff=8|log_evidence,ab|probe|P10_RESET_OK|HOLD|cutoff=8,log_evidence_mean_difference,maximum_log_evidence_mean_difference,upper,2.156933369975654,0.8892623684598805,6.135524026119031,0.3,-5.835524026119031,False,,,,,,,,ab|probe|P10_RESET_OK|HOLD|cutoff=8,trace-decreasing/no-postselection where logical
gate_metric,ab|probe|P10_RESET_OK|HOLD|cutoff=8|posterior,ab|probe|P10_RESET_OK|HOLD|cutoff=8,posterior_mean_l1,maximum_posterior_mean_l1,upper,1.0912778775838596e-12,6.852551375448005e-13,5.565312535132592e-12,0.12,0.11999999999443468,True,,,,,,,,ab|probe|P10_RESET_OK|HOLD|cutoff=8,trace-decreasing/no-postselection where logical
gate_metric,ab|probe|P10_RESET_OK|HOLD|cutoff=8|leakage_residence,ab|probe|P10_RESET_OK|HOLD|cutoff=8,leakage_residence_rate_difference,maximum_leakage_residence_rate_difference,upper,0.0,0.0,4.474034657548733e-12,0.1,0.09999999999552597,True,,,,,,,,ab|probe|P10_RESET_OK|HOLD|cutoff=8,trace-decreasing/no-postselection where logical
gate_metric,ab|probe|P11_RESET_FAIL|RESET|cutoff=8|density,ab|probe|P11_RESET_FAIL|RESET|cutoff=8,ensemble_density_trace_distance,maximum_ensemble_density_trace_distance,upper,0.0,0.0,4.474034657548733e-12,0.1,0.09999999999552597,True,,,,,,,,ab|probe|P11_RESET_FAIL|RESET|cutoff=8,trace-decreasing/no-postselection where logical
gate_metric,ab|probe|P11_RESET_FAIL|RESET|cutoff=8|mean_photon,ab|probe|P11_RESET_FAIL|RESET|cutoff=8,mean_photon_difference,maximum_mean_photon_difference,upper,0.0,0.0,4.474034657548733e-12,0.08,0.07999999999552597,True,,,,,,,,ab|probe|P11_RESET_FAIL|RESET|cutoff=8,trace-decreasing/no-postselection where logical
gate_metric,ab|probe|P11_RESET_FAIL|RESET|cutoff=8|levels,ab|probe|P11_RESET_FAIL|RESET|cutoff=8,level_probability_l1,maximum_level_probability_l1,upper,0.0,0.0,4.474034657548733e-12,0.1,0.09999999999552597,True,,,,,,,,ab|probe|P11_RESET_FAIL|RESET|cutoff=8,trace-decreasing/no-postselection where logical
gate_metric,ab|probe|P11_RESET_FAIL|RESET|cutoff=8|iq_mean,ab|probe|P11_RESET_FAIL|RESET|cutoff=8,integrated_iq_mean_difference,maximum_integrated_iq_mean_difference,upper,0.041699322007622636,0.04301966304877268,0.23417078544390016,0.12,-0.11417078544390016,False,,,,,,,,ab|probe|P11_RESET_FAIL|RESET|cutoff=8,trace-decreasing/no-postselection where logical
gate_metric,ab|probe|P11_RESET_FAIL|RESET|cutoff=8|iq_covariance,ab|probe|P11_RESET_FAIL|RESET|cutoff=8,integrated_iq_covariance_frobenius,maximum_integrated_iq_covariance_frobenius,upper,0.02529591534542584,0.009394523822117664,0.06732734051674745,0.18,0.11267265948325254,True,,,,,,,,ab|probe|P11_RESET_FAIL|RESET|cutoff=8,trace-decreasing/no-postselection where logical
gate_metric,ab|probe|P11_RESET_FAIL|RESET|cutoff=8|iq_ks,ab|probe|P11_RESET_FAIL|RESET|cutoff=8,iq_two_sample_ks,maximum_iq_two_sample_ks,upper,0.25,0.09647269881063635,0.6816221979860474,0.24,-0.4416221979860474,False,,,,,,,,ab|probe|P11_RESET_FAIL|RESET|cutoff=8,trace-decreasing/no-postselection where logical
gate_metric,ab|probe|P11_RESET_FAIL|RESET|cutoff=8|log_evidence,ab|probe|P11_RESET_FAIL|RESET|cutoff=8,log_evidence_mean_difference,maximum_log_evidence_mean_difference,upper,2.1569333699756363,0.8892623684598795,6.135524026119008,0.3,-5.835524026119008,False,,,,,,,,ab|probe|P11_RESET_FAIL|RESET|cutoff=8,trace-decreasing/no-postselection where logical
gate_metric,ab|probe|P11_RESET_FAIL|RESET|cutoff=8|posterior,ab|probe|P11_RESET_FAIL|RESET|cutoff=8,posterior_mean_l1,maximum_posterior_mean_l1,upper,1.0914582865055666e-12,6.853383139775134e-13,5.565492944054299e-12,0.12,0.1199999999944345,True,,,,,,,,ab|probe|P11_RESET_FAIL|RESET|cutoff=8,trace-decreasing/no-postselection where logical
gate_metric,ab|probe|P11_RESET_FAIL|RESET|cutoff=8|leakage_residence,ab|probe|P11_RESET_FAIL|RESET|cutoff=8,leakage_residence_rate_difference,maximum_leakage_residence_rate_difference,upper,0.0,0.0,4.474034657548733e-12,0.1,0.09999999999552597,True,,,,,,,,ab|probe|P11_RESET_FAIL|RESET|cutoff=8,trace-decreasing/no-postselection where logical
gate_metric,ab|probe|P11_RESET_FAIL|RESET|cutoff=8|reset_success,ab|probe|P11_RESET_FAIL|RESET|cutoff=8,reset_success_rate_difference,maximum_reset_success_rate_difference,upper,0.0,0.0,4.474034657548733e-12,0.12,0.11999999999552596,True,,,,,,,,ab|probe|P11_RESET_FAIL|RESET|cutoff=8,trace-decreasing/no-postselection where logical
gate_metric,ab|probe|P12_BAD_CRC|LKG_HOLD|cutoff=8|density,ab|probe|P12_BAD_CRC|LKG_HOLD|cutoff=8,ensemble_density_trace_distance,maximum_ensemble_density_trace_distance,upper,2.8052074338760955e-07,1.6446359154027362e-07,1.016336551843732e-06,0.1,0.09999898366344816,True,,,,,,,,ab|probe|P12_BAD_CRC|LKG_HOLD|cutoff=8,trace-decreasing/no-postselection where logical
gate_metric,ab|probe|P12_BAD_CRC|LKG_HOLD|cutoff=8|mean_photon,ab|probe|P12_BAD_CRC|LKG_HOLD|cutoff=8,mean_photon_difference,maximum_mean_photon_difference,upper,0.0,0.0,4.474034657548733e-12,0.08,0.07999999999552597,True,,,,,,,,ab|probe|P12_BAD_CRC|LKG_HOLD|cutoff=8,trace-decreasing/no-postselection where logical
gate_metric,ab|probe|P12_BAD_CRC|LKG_HOLD|cutoff=8|levels,ab|probe|P12_BAD_CRC|LKG_HOLD|cutoff=8,level_probability_l1,maximum_level_probability_l1,upper,1.0911655837105208e-12,6.852524900723759e-13,5.5652002412592535e-12,0.1,0.0999999999944348,True,,,,,,,,ab|probe|P12_BAD_CRC|LKG_HOLD|cutoff=8,trace-decreasing/no-postselection where logical
gate_metric,ab|probe|P12_BAD_CRC|LKG_HOLD|cutoff=8|iq_mean,ab|probe|P12_BAD_CRC|LKG_HOLD|cutoff=8,integrated_iq_mean_difference,maximum_integrated_iq_mean_difference,upper,0.041699322007622636,0.04301966304877268,0.23417078544390016,0.12,-0.11417078544390016,False,,,,,,,,ab|probe|P12_BAD_CRC|LKG_HOLD|cutoff=8,trace-decreasing/no-postselection where logical
gate_metric,ab|probe|P12_BAD_CRC|LKG_HOLD|cutoff=8|iq_covariance,ab|probe|P12_BAD_CRC|LKG_HOLD|cutoff=8,integrated_iq_covariance_frobenius,maximum_integrated_iq_covariance_frobenius,upper,0.02529591534542584,0.009394523822117664,0.06732734051674745,0.18,0.11267265948325254,True,,,,,,,,ab|probe|P12_BAD_CRC|LKG_HOLD|cutoff=8,trace-decreasing/no-postselection where logical
gate_metric,ab|probe|P12_BAD_CRC|LKG_HOLD|cutoff=8|iq_ks,ab|probe|P12_BAD_CRC|LKG_HOLD|cutoff=8,iq_two_sample_ks,maximum_iq_two_sample_ks,upper,0.25,0.09647269881063635,0.6816221979860474,0.24,-0.4416221979860474,False,,,,,,,,ab|probe|P12_BAD_CRC|LKG_HOLD|cutoff=8,trace-decreasing/no-postselection where logical
gate_metric,ab|probe|P12_BAD_CRC|LKG_HOLD|cutoff=8|log_evidence,ab|probe|P12_BAD_CRC|LKG_HOLD|cutoff=8,log_evidence_mean_difference,maximum_log_evidence_mean_difference,upper,2.1569333699756577,0.8892623684598803,6.1355240261190325,0.3,-5.835524026119033,False,,,,,,,,ab|probe|P12_BAD_CRC|LKG_HOLD|cutoff=8,trace-decreasing/no-postselection where logical
gate_metric,ab|probe|P12_BAD_CRC|LKG_HOLD|cutoff=8|posterior,ab|probe|P12_BAD_CRC|LKG_HOLD|cutoff=8,posterior_mean_l1,maximum_posterior_mean_l1,upper,1.0911655837105208e-12,6.852524900723759e-13,5.5652002412592535e-12,0.12,0.1199999999944348,True,,,,,,,,ab|probe|P12_BAD_CRC|LKG_HOLD|cutoff=8,trace-decreasing/no-postselection where logical
gate_metric,ab|probe|P12_BAD_CRC|LKG_HOLD|cutoff=8|leakage_residence,ab|probe|P12_BAD_CRC|LKG_HOLD|cutoff=8,leakage_residence_rate_difference,maximum_leakage_residence_rate_difference,upper,0.0,0.0,4.474034657548733e-12,0.1,0.09999999999552597,True,,,,,,,,ab|probe|P12_BAD_CRC|LKG_HOLD|cutoff=8,trace-decreasing/no-postselection where logical
gate_metric,ab|probe|P13_STALE|LKG_HOLD|cutoff=8|density,ab|probe|P13_STALE|LKG_HOLD|cutoff=8,ensemble_density_trace_distance,maximum_ensemble_density_trace_distance,upper,2.8052074338760955e-07,1.6446359154027362e-07,1.016336551843732e-06,0.1,0.09999898366344816,True,,,,,,,,ab|probe|P13_STALE|LKG_HOLD|cutoff=8,trace-decreasing/no-postselection where logical
gate_metric,ab|probe|P13_STALE|LKG_HOLD|cutoff=8|mean_photon,ab|probe|P13_STALE|LKG_HOLD|cutoff=8,mean_photon_difference,maximum_mean_photon_difference,upper,0.0,0.0,4.474034657548733e-12,0.08,0.07999999999552597,True,,,,,,,,ab|probe|P13_STALE|LKG_HOLD|cutoff=8,trace-decreasing/no-postselection where logical
gate_metric,ab|probe|P13_STALE|LKG_HOLD|cutoff=8|levels,ab|probe|P13_STALE|LKG_HOLD|cutoff=8,level_probability_l1,maximum_level_probability_l1,upper,1.0911655837105208e-12,6.852524900723759e-13,5.5652002412592535e-12,0.1,0.0999999999944348,True,,,,,,,,ab|probe|P13_STALE|LKG_HOLD|cutoff=8,trace-decreasing/no-postselection where logical
gate_metric,ab|probe|P13_STALE|LKG_HOLD|cutoff=8|iq_mean,ab|probe|P13_STALE|LKG_HOLD|cutoff=8,integrated_iq_mean_difference,maximum_integrated_iq_mean_difference,upper,0.041699322007622636,0.04301966304877268,0.23417078544390016,0.12,-0.11417078544390016,False,,,,,,,,ab|probe|P13_STALE|LKG_HOLD|cutoff=8,trace-decreasing/no-postselection where logical
gate_metric,ab|probe|P13_STALE|LKG_HOLD|cutoff=8|iq_covariance,ab|probe|P13_STALE|LKG_HOLD|cutoff=8,integrated_iq_covariance_frobenius,maximum_integrated_iq_covariance_frobenius,upper,0.02529591534542584,0.009394523822117664,0.06732734051674745,0.18,0.11267265948325254,True,,,,,,,,ab|probe|P13_STALE|LKG_HOLD|cutoff=8,trace-decreasing/no-postselection where logical
gate_metric,ab|probe|P13_STALE|LKG_HOLD|cutoff=8|iq_ks,ab|probe|P13_STALE|LKG_HOLD|cutoff=8,iq_two_sample_ks,maximum_iq_two_sample_ks,upper,0.25,0.09647269881063635,0.6816221979860474,0.24,-0.4416221979860474,False,,,,,,,,ab|probe|P13_STALE|LKG_HOLD|cutoff=8,trace-decreasing/no-postselection where logical
gate_metric,ab|probe|P13_STALE|LKG_HOLD|cutoff=8|log_evidence,ab|probe|P13_STALE|LKG_HOLD|cutoff=8,log_evidence_mean_difference,maximum_log_evidence_mean_difference,upper,2.1569333699756577,0.8892623684598803,6.1355240261190325,0.3,-5.835524026119033,False,,,,,,,,ab|probe|P13_STALE|LKG_HOLD|cutoff=8,trace-decreasing/no-postselection where logical
gate_metric,ab|probe|P13_STALE|LKG_HOLD|cutoff=8|posterior,ab|probe|P13_STALE|LKG_HOLD|cutoff=8,posterior_mean_l1,maximum_posterior_mean_l1,upper,1.0911655837105208e-12,6.852524900723759e-13,5.5652002412592535e-12,0.12,0.1199999999944348,True,,,,,,,,ab|probe|P13_STALE|LKG_HOLD|cutoff=8,trace-decreasing/no-postselection where logical
gate_metric,ab|probe|P13_STALE|LKG_HOLD|cutoff=8|leakage_residence,ab|probe|P13_STALE|LKG_HOLD|cutoff=8,leakage_residence_rate_difference,maximum_leakage_residence_rate_difference,upper,0.0,0.0,4.474034657548733e-12,0.1,0.09999999999552597,True,,,,,,,,ab|probe|P13_STALE|LKG_HOLD|cutoff=8,trace-decreasing/no-postselection where logical
gate_metric,ab|probe|P14_OOD|LKG_HOLD|cutoff=8|density,ab|probe|P14_OOD|LKG_HOLD|cutoff=8,ensemble_density_trace_distance,maximum_ensemble_density_trace_distance,upper,2.8052074338760955e-07,1.6446359154027362e-07,1.016336551843732e-06,0.1,0.09999898366344816,True,,,,,,,,ab|probe|P14_OOD|LKG_HOLD|cutoff=8,trace-decreasing/no-postselection where logical
gate_metric,ab|probe|P14_OOD|LKG_HOLD|cutoff=8|mean_photon,ab|probe|P14_OOD|LKG_HOLD|cutoff=8,mean_photon_difference,maximum_mean_photon_difference,upper,0.0,0.0,4.474034657548733e-12,0.08,0.07999999999552597,True,,,,,,,,ab|probe|P14_OOD|LKG_HOLD|cutoff=8,trace-decreasing/no-postselection where logical
gate_metric,ab|probe|P14_OOD|LKG_HOLD|cutoff=8|levels,ab|probe|P14_OOD|LKG_HOLD|cutoff=8,level_probability_l1,maximum_level_probability_l1,upper,1.0911655837105208e-12,6.852524900723759e-13,5.5652002412592535e-12,0.1,0.0999999999944348,True,,,,,,,,ab|probe|P14_OOD|LKG_HOLD|cutoff=8,trace-decreasing/no-postselection where logical
gate_metric,ab|probe|P14_OOD|LKG_HOLD|cutoff=8|iq_mean,ab|probe|P14_OOD|LKG_HOLD|cutoff=8,integrated_iq_mean_difference,maximum_integrated_iq_mean_difference,upper,0.041699322007622636,0.04301966304877268,0.23417078544390016,0.12,-0.11417078544390016,False,,,,,,,,ab|probe|P14_OOD|LKG_HOLD|cutoff=8,trace-decreasing/no-postselection where logical
gate_metric,ab|probe|P14_OOD|LKG_HOLD|cutoff=8|iq_covariance,ab|probe|P14_OOD|LKG_HOLD|cutoff=8,integrated_iq_covariance_frobenius,maximum_integrated_iq_covariance_frobenius,upper,0.02529591534542584,0.009394523822117664,0.06732734051674745,0.18,0.11267265948325254,True,,,,,,,,ab|probe|P14_OOD|LKG_HOLD|cutoff=8,trace-decreasing/no-postselection where logical
gate_metric,ab|probe|P14_OOD|LKG_HOLD|cutoff=8|iq_ks,ab|probe|P14_OOD|LKG_HOLD|cutoff=8,iq_two_sample_ks,maximum_iq_two_sample_ks,upper,0.25,0.09647269881063635,0.6816221979860474,0.24,-0.4416221979860474,False,,,,,,,,ab|probe|P14_OOD|LKG_HOLD|cutoff=8,trace-decreasing/no-postselection where logical
gate_metric,ab|probe|P14_OOD|LKG_HOLD|cutoff=8|log_evidence,ab|probe|P14_OOD|LKG_HOLD|cutoff=8,log_evidence_mean_difference,maximum_log_evidence_mean_difference,upper,2.1569333699756577,0.8892623684598803,6.1355240261190325,0.3,-5.835524026119033,False,,,,,,,,ab|probe|P14_OOD|LKG_HOLD|cutoff=8,trace-decreasing/no-postselection where logical
gate_metric,ab|probe|P14_OOD|LKG_HOLD|cutoff=8|posterior,ab|probe|P14_OOD|LKG_HOLD|cutoff=8,posterior_mean_l1,maximum_posterior_mean_l1,upper,1.0911655837105208e-12,6.852524900723759e-13,5.5652002412592535e-12,0.12,0.1199999999944348,True,,,,,,,,ab|probe|P14_OOD|LKG_HOLD|cutoff=8,trace-decreasing/no-postselection where logical
gate_metric,ab|probe|P14_OOD|LKG_HOLD|cutoff=8|leakage_residence,ab|probe|P14_OOD|LKG_HOLD|cutoff=8,leakage_residence_rate_difference,maximum_leakage_residence_rate_difference,upper,0.0,0.0,4.474034657548733e-12,0.1,0.09999999999552597,True,,,,,,,,ab|probe|P14_OOD|LKG_HOLD|cutoff=8,trace-decreasing/no-postselection where logical
gate_metric,ab|probe|P15_DEADLINE|LKG_HOLD|cutoff=8|density,ab|probe|P15_DEADLINE|LKG_HOLD|cutoff=8,ensemble_density_trace_distance,maximum_ensemble_density_trace_distance,upper,2.8052074338760955e-07,1.6446359154027362e-07,1.016336551843732e-06,0.1,0.09999898366344816,True,,,,,,,,ab|probe|P15_DEADLINE|LKG_HOLD|cutoff=8,trace-decreasing/no-postselection where logical
gate_metric,ab|probe|P15_DEADLINE|LKG_HOLD|cutoff=8|mean_photon,ab|probe|P15_DEADLINE|LKG_HOLD|cutoff=8,mean_photon_difference,maximum_mean_photon_difference,upper,0.0,0.0,4.474034657548733e-12,0.08,0.07999999999552597,True,,,,,,,,ab|probe|P15_DEADLINE|LKG_HOLD|cutoff=8,trace-decreasing/no-postselection where logical
gate_metric,ab|probe|P15_DEADLINE|LKG_HOLD|cutoff=8|levels,ab|probe|P15_DEADLINE|LKG_HOLD|cutoff=8,level_probability_l1,maximum_level_probability_l1,upper,1.0911655837105208e-12,6.852524900723759e-13,5.5652002412592535e-12,0.1,0.0999999999944348,True,,,,,,,,ab|probe|P15_DEADLINE|LKG_HOLD|cutoff=8,trace-decreasing/no-postselection where logical
gate_metric,ab|probe|P15_DEADLINE|LKG_HOLD|cutoff=8|iq_mean,ab|probe|P15_DEADLINE|LKG_HOLD|cutoff=8,integrated_iq_mean_difference,maximum_integrated_iq_mean_difference,upper,0.041699322007622636,0.04301966304877268,0.23417078544390016,0.12,-0.11417078544390016,False,,,,,,,,ab|probe|P15_DEADLINE|LKG_HOLD|cutoff=8,trace-decreasing/no-postselection where logical
gate_metric,ab|probe|P15_DEADLINE|LKG_HOLD|cutoff=8|iq_covariance,ab|probe|P15_DEADLINE|LKG_HOLD|cutoff=8,integrated_iq_covariance_frobenius,maximum_integrated_iq_covariance_frobenius,upper,0.02529591534542584,0.009394523822117664,0.06732734051674745,0.18,0.11267265948325254,True,,,,,,,,ab|probe|P15_DEADLINE|LKG_HOLD|cutoff=8,trace-decreasing/no-postselection where logical
gate_metric,ab|probe|P15_DEADLINE|LKG_HOLD|cutoff=8|iq_ks,ab|probe|P15_DEADLINE|LKG_HOLD|cutoff=8,iq_two_sample_ks,maximum_iq_two_sample_ks,upper,0.25,0.09647269881063635,0.6816221979860474,0.24,-0.4416221979860474,False,,,,,,,,ab|probe|P15_DEADLINE|LKG_HOLD|cutoff=8,trace-decreasing/no-postselection where logical
gate_metric,ab|probe|P15_DEADLINE|LKG_HOLD|cutoff=8|log_evidence,ab|probe|P15_DEADLINE|LKG_HOLD|cutoff=8,log_evidence_mean_difference,maximum_log_evidence_mean_difference,upper,2.1569333699756577,0.8892623684598803,6.1355240261190325,0.3,-5.835524026119033,False,,,,,,,,ab|probe|P15_DEADLINE|LKG_HOLD|cutoff=8,trace-decreasing/no-postselection where logical
gate_metric,ab|probe|P15_DEADLINE|LKG_HOLD|cutoff=8|posterior,ab|probe|P15_DEADLINE|LKG_HOLD|cutoff=8,posterior_mean_l1,maximum_posterior_mean_l1,upper,1.0911655837105208e-12,6.852524900723759e-13,5.5652002412592535e-12,0.12,0.1199999999944348,True,,,,,,,,ab|probe|P15_DEADLINE|LKG_HOLD|cutoff=8,trace-decreasing/no-postselection where logical
gate_metric,ab|probe|P15_DEADLINE|LKG_HOLD|cutoff=8|leakage_residence,ab|probe|P15_DEADLINE|LKG_HOLD|cutoff=8,leakage_residence_rate_difference,maximum_leakage_residence_rate_difference,upper,0.0,0.0,4.474034657548733e-12,0.1,0.09999999999552597,True,,,,,,,,ab|probe|P15_DEADLINE|LKG_HOLD|cutoff=8,trace-decreasing/no-postselection where logical
gate_metric,ab|probe|P16_LKG_RECOVERY|LKG_HOLD|cutoff=8|density,ab|probe|P16_LKG_RECOVERY|LKG_HOLD|cutoff=8,ensemble_density_trace_distance,maximum_ensemble_density_trace_distance,upper,2.8052074338760955e-07,1.6446359154027362e-07,1.016336551843732e-06,0.1,0.09999898366344816,True,,,,,,,,ab|probe|P16_LKG_RECOVERY|LKG_HOLD|cutoff=8,trace-decreasing/no-postselection where logical
gate_metric,ab|probe|P16_LKG_RECOVERY|LKG_HOLD|cutoff=8|mean_photon,ab|probe|P16_LKG_RECOVERY|LKG_HOLD|cutoff=8,mean_photon_difference,maximum_mean_photon_difference,upper,0.0,0.0,4.474034657548733e-12,0.08,0.07999999999552597,True,,,,,,,,ab|probe|P16_LKG_RECOVERY|LKG_HOLD|cutoff=8,trace-decreasing/no-postselection where logical
gate_metric,ab|probe|P16_LKG_RECOVERY|LKG_HOLD|cutoff=8|levels,ab|probe|P16_LKG_RECOVERY|LKG_HOLD|cutoff=8,level_probability_l1,maximum_level_probability_l1,upper,1.0911655837105208e-12,6.852524900723759e-13,5.5652002412592535e-12,0.1,0.0999999999944348,True,,,,,,,,ab|probe|P16_LKG_RECOVERY|LKG_HOLD|cutoff=8,trace-decreasing/no-postselection where logical
gate_metric,ab|probe|P16_LKG_RECOVERY|LKG_HOLD|cutoff=8|iq_mean,ab|probe|P16_LKG_RECOVERY|LKG_HOLD|cutoff=8,integrated_iq_mean_difference,maximum_integrated_iq_mean_difference,upper,0.041699322007622636,0.04301966304877268,0.23417078544390016,0.12,-0.11417078544390016,False,,,,,,,,ab|probe|P16_LKG_RECOVERY|LKG_HOLD|cutoff=8,trace-decreasing/no-postselection where logical
gate_metric,ab|probe|P16_LKG_RECOVERY|LKG_HOLD|cutoff=8|iq_covariance,ab|probe|P16_LKG_RECOVERY|LKG_HOLD|cutoff=8,integrated_iq_covariance_frobenius,maximum_integrated_iq_covariance_frobenius,upper,0.02529591534542584,0.009394523822117664,0.06732734051674745,0.18,0.11267265948325254,True,,,,,,,,ab|probe|P16_LKG_RECOVERY|LKG_HOLD|cutoff=8,trace-decreasing/no-postselection where logical
gate_metric,ab|probe|P16_LKG_RECOVERY|LKG_HOLD|cutoff=8|iq_ks,ab|probe|P16_LKG_RECOVERY|LKG_HOLD|cutoff=8,iq_two_sample_ks,maximum_iq_two_sample_ks,upper,0.25,0.09647269881063635,0.6816221979860474,0.24,-0.4416221979860474,False,,,,,,,,ab|probe|P16_LKG_RECOVERY|LKG_HOLD|cutoff=8,trace-decreasing/no-postselection where logical
gate_metric,ab|probe|P16_LKG_RECOVERY|LKG_HOLD|cutoff=8|log_evidence,ab|probe|P16_LKG_RECOVERY|LKG_HOLD|cutoff=8,log_evidence_mean_difference,maximum_log_evidence_mean_difference,upper,2.1569333699756577,0.8892623684598803,6.1355240261190325,0.3,-5.835524026119033,False,,,,,,,,ab|probe|P16_LKG_RECOVERY|LKG_HOLD|cutoff=8,trace-decreasing/no-postselection where logical
gate_metric,ab|probe|P16_LKG_RECOVERY|LKG_HOLD|cutoff=8|posterior,ab|probe|P16_LKG_RECOVERY|LKG_HOLD|cutoff=8,posterior_mean_l1,maximum_posterior_mean_l1,upper,1.0911655837105208e-12,6.852524900723759e-13,5.5652002412592535e-12,0.12,0.1199999999944348,True,,,,,,,,ab|probe|P16_LKG_RECOVERY|LKG_HOLD|cutoff=8,trace-decreasing/no-postselection where logical
gate_metric,ab|probe|P16_LKG_RECOVERY|LKG_HOLD|cutoff=8|leakage_residence,ab|probe|P16_LKG_RECOVERY|LKG_HOLD|cutoff=8,leakage_residence_rate_difference,maximum_leakage_residence_rate_difference,upper,0.0,0.0,4.474034657548733e-12,0.1,0.09999999999552597,True,,,,,,,,ab|probe|P16_LKG_RECOVERY|LKG_HOLD|cutoff=8,trace-decreasing/no-postselection where logical
gate_metric,ab|shared|one_g|HOLD|cutoff=8|density,ab|shared|one_g|HOLD|cutoff=8,ensemble_density_trace_distance,maximum_ensemble_density_trace_distance,upper,6.479997374944475e-08,5.37629669624501e-08,3.05337351232094e-07,0.1,0.09999969466264877,True,,,,,,,,ab|shared|one_g|HOLD|cutoff=8,trace-decreasing/no-postselection where logical
gate_metric,ab|shared|one_g|HOLD|cutoff=8|mean_photon,ab|shared|one_g|HOLD|cutoff=8,mean_photon_difference,maximum_mean_photon_difference,upper,1.7441448285637762e-10,1.2815461776237166e-17,1.7888851751392634e-10,0.08,0.07999999982111149,True,,,,,,,,ab|shared|one_g|HOLD|cutoff=8,trace-decreasing/no-postselection where logical
gate_metric,ab|shared|one_g|HOLD|cutoff=8|levels,ab|shared|one_g|HOLD|cutoff=8,level_probability_l1,maximum_level_probability_l1,upper,1.56081598238671e-13,2.0071115511844772e-13,4.6301162557874034e-12,0.1,0.09999999999536989,True,,,,,,,,ab|shared|one_g|HOLD|cutoff=8,trace-decreasing/no-postselection where logical
gate_metric,ab|shared|one_g|HOLD|cutoff=8|iq_mean,ab|shared|one_g|HOLD|cutoff=8,integrated_iq_mean_difference,maximum_integrated_iq_mean_difference,upper,0.015772074006607614,0.02330195953840287,0.12002584857022032,0.12,-2.5848570220324274e-05,False,,,,,,,,ab|shared|one_g|HOLD|cutoff=8,trace-decreasing/no-postselection where logical
gate_metric,ab|shared|one_g|HOLD|cutoff=8|iq_covariance,ab|shared|one_g|HOLD|cutoff=8,integrated_iq_covariance_frobenius,maximum_integrated_iq_covariance_frobenius,upper,0.019032979266705517,0.007663893955900603,0.05332150643718307,0.18,0.1266784935628169,True,,,,,,,,ab|shared|one_g|HOLD|cutoff=8,trace-decreasing/no-postselection where logical
gate_metric,ab|shared|one_g|HOLD|cutoff=8|iq_ks,ab|shared|one_g|HOLD|cutoff=8,iq_two_sample_ks,maximum_iq_two_sample_ks,upper,0.171875,0.051234643580760034,0.4011005710474771,0.24,-0.1611005710474771,False,,,,,,,,ab|shared|one_g|HOLD|cutoff=8,trace-decreasing/no-postselection where logical
gate_metric,ab|shared|one_g|HOLD|cutoff=8|log_evidence,ab|shared|one_g|HOLD|cutoff=8,log_evidence_mean_difference,maximum_log_evidence_mean_difference,upper,0.14345569395248248,0.30344530753962384,1.5010805165552932,0.3,-1.2010805165552931,False,,,,,,,,ab|shared|one_g|HOLD|cutoff=8,trace-decreasing/no-postselection where logical
gate_metric,ab|shared|one_g|HOLD|cutoff=8|posterior,ab|shared|one_g|HOLD|cutoff=8,posterior_mean_l1,maximum_posterior_mean_l1,upper,1.56081598238671e-13,2.0071115511844772e-13,4.6301162557874034e-12,0.12,0.11999999999536988,True,,,,,,,,ab|shared|one_g|HOLD|cutoff=8,trace-decreasing/no-postselection where logical
gate_metric,ab|shared|one_g|HOLD|cutoff=8|leakage_residence,ab|shared|one_g|HOLD|cutoff=8,leakage_residence_rate_difference,maximum_leakage_residence_rate_difference,upper,0.0,0.0,4.474034657548733e-12,0.1,0.09999999999552597,True,,,,,,,,ab|shared|one_g|HOLD|cutoff=8,trace-decreasing/no-postselection where logical
gate_metric,ab|shared|one_g|IDLE|cutoff=8|density,ab|shared|one_g|IDLE|cutoff=8,ensemble_density_trace_distance,maximum_ensemble_density_trace_distance,upper,6.47999737600901e-08,5.376296697346235e-08,3.0533735129200855e-07,0.1,0.09999969466264871,True,,,,,,,,ab|shared|one_g|IDLE|cutoff=8,trace-decreasing/no-postselection where logical
gate_metric,ab|shared|one_g|IDLE|cutoff=8|mean_photon,ab|shared|one_g|IDLE|cutoff=8,mean_photon_difference,maximum_mean_photon_difference,upper,1.7441437183407515e-10,4.1505993719323186e-17,1.7888840649162388e-10,0.08,0.0799999998211116,True,,,,,,,,ab|shared|one_g|IDLE|cutoff=8,trace-decreasing/no-postselection where logical
gate_metric,ab|shared|one_g|IDLE|cutoff=8|levels,ab|shared|one_g|IDLE|cutoff=8,level_probability_l1,maximum_level_probability_l1,upper,1.5608129840127757e-13,2.0071197041256844e-13,4.6301159559500105e-12,0.1,0.09999999999536989,True,,,,,,,,ab|shared|one_g|IDLE|cutoff=8,trace-decreasing/no-postselection where logical
gate_metric,ab|shared|one_g|IDLE|cutoff=8|iq_mean,ab|shared|one_g|IDLE|cutoff=8,integrated_iq_mean_difference,maximum_integrated_iq_mean_difference,upper,0.015772074006607614,0.02330195953840287,0.12002584857022032,0.12,-2.5848570220324274e-05,False,,,,,,,,ab|shared|one_g|IDLE|cutoff=8,trace-decreasing/no-postselection where logical
gate_metric,ab|shared|one_g|IDLE|cutoff=8|iq_covariance,ab|shared|one_g|IDLE|cutoff=8,integrated_iq_covariance_frobenius,maximum_integrated_iq_covariance_frobenius,upper,0.019032979266705517,0.007663893955900603,0.05332150643718307,0.18,0.1266784935628169,True,,,,,,,,ab|shared|one_g|IDLE|cutoff=8,trace-decreasing/no-postselection where logical
gate_metric,ab|shared|one_g|IDLE|cutoff=8|iq_ks,ab|shared|one_g|IDLE|cutoff=8,iq_two_sample_ks,maximum_iq_two_sample_ks,upper,0.171875,0.051234643580760034,0.4011005710474771,0.24,-0.1611005710474771,False,,,,,,,,ab|shared|one_g|IDLE|cutoff=8,trace-decreasing/no-postselection where logical
gate_metric,ab|shared|one_g|IDLE|cutoff=8|log_evidence,ab|shared|one_g|IDLE|cutoff=8,log_evidence_mean_difference,maximum_log_evidence_mean_difference,upper,0.14345569395248603,0.3034453075396241,1.501080516555298,0.3,-1.201080516555298,False,,,,,,,,ab|shared|one_g|IDLE|cutoff=8,trace-decreasing/no-postselection where logical
gate_metric,ab|shared|one_g|IDLE|cutoff=8|posterior,ab|shared|one_g|IDLE|cutoff=8,posterior_mean_l1,maximum_posterior_mean_l1,upper,1.5608129840127757e-13,2.0071197041256844e-13,4.6301159559500105e-12,0.12,0.11999999999536988,True,,,,,,,,ab|shared|one_g|IDLE|cutoff=8,trace-decreasing/no-postselection where logical
gate_metric,ab|shared|one_g|IDLE|cutoff=8|leakage_residence,ab|shared|one_g|IDLE|cutoff=8,leakage_residence_rate_difference,maximum_leakage_residence_rate_difference,upper,0.0,0.0,4.474034657548733e-12,0.1,0.09999999999552597,True,,,,,,,,ab|shared|one_g|IDLE|cutoff=8,trace-decreasing/no-postselection where logical
gate_metric,ab|shared|one_g|IDLE|cutoff=12|density,ab|shared|one_g|IDLE|cutoff=12,ensemble_density_trace_distance,maximum_ensemble_density_trace_distance,upper,2.807118574841011e-07,1.6656020941385992e-07,1.025908006970285e-06,0.1,0.09999897409199303,True,,,,,,,,ab|shared|one_g|IDLE|cutoff=12,trace-decreasing/no-postselection where logical
gate_metric,ab|shared|one_g|IDLE|cutoff=12|mean_photon,ab|shared|one_g|IDLE|cutoff=12,mean_photon_difference,maximum_mean_photon_difference,upper,1.744142608117727e-10,8.699665481023386e-17,1.788882954693214e-10,0.08,0.07999999982111171,True,,,,,,,,ab|shared|one_g|IDLE|cutoff=12,trace-decreasing/no-postselection where logical
gate_metric,ab|shared|one_g|IDLE|cutoff=12|levels,ab|shared|one_g|IDLE|cutoff=12,level_probability_l1,maximum_level_probability_l1,upper,1.0925219140951893e-12,7.03347627187398e-13,5.5665565716439216e-12,0.1,0.09999999999443344,True,,,,,,,,ab|shared|one_g|IDLE|cutoff=12,trace-decreasing/no-postselection where logical
gate_metric,ab|shared|one_g|IDLE|cutoff=12|iq_mean,ab|shared|one_g|IDLE|cutoff=12,integrated_iq_mean_difference,maximum_integrated_iq_mean_difference,upper,0.041699322007622636,0.042929042929358195,0.23376534788896855,0.12,-0.11376534788896855,False,,,,,,,,ab|shared|one_g|IDLE|cutoff=12,trace-decreasing/no-postselection where logical
gate_metric,ab|shared|one_g|IDLE|cutoff=12|iq_covariance,ab|shared|one_g|IDLE|cutoff=12,integrated_iq_covariance_frobenius,maximum_integrated_iq_covariance_frobenius,upper,0.02529591534542584,0.010088007882595146,0.07043001223778132,0.18,0.10956998776221867,True,,,,,,,,ab|shared|one_g|IDLE|cutoff=12,trace-decreasing/no-postselection where logical
gate_metric,ab|shared|one_g|IDLE|cutoff=12|iq_ks,ab|shared|one_g|IDLE|cutoff=12,iq_two_sample_ks,maximum_iq_two_sample_ks,upper,0.25,0.0955454019663874,0.6774734397670421,0.24,-0.4374734397670421,False,,,,,,,,ab|shared|one_g|IDLE|cutoff=12,trace-decreasing/no-postselection where logical
gate_metric,ab|shared|one_g|IDLE|cutoff=12|log_evidence,ab|shared|one_g|IDLE|cutoff=12,log_evidence_mean_difference,maximum_log_evidence_mean_difference,upper,2.1569333702654365,0.8835914857334612,6.110152300551919,0.3,-5.810152300551919,False,,,,,,,,ab|shared|one_g|IDLE|cutoff=12,trace-decreasing/no-postselection where logical
gate_metric,ab|shared|one_g|IDLE|cutoff=12|posterior,ab|shared|one_g|IDLE|cutoff=12,posterior_mean_l1,maximum_posterior_mean_l1,upper,1.0925219140951893e-12,7.03347627187398e-13,5.5665565716439216e-12,0.12,0.11999999999443343,True,,,,,,,,ab|shared|one_g|IDLE|cutoff=12,trace-decreasing/no-postselection where logical
gate_metric,ab|shared|one_g|IDLE|cutoff=12|leakage_residence,ab|shared|one_g|IDLE|cutoff=12,leakage_residence_rate_difference,maximum_leakage_residence_rate_difference,upper,0.0,0.0,4.474034657548733e-12,0.1,0.09999999999552597,True,,,,,,,,ab|shared|one_g|IDLE|cutoff=12,trace-decreasing/no-postselection where logical
gate_metric,ab|shared|one_g|LKG_HOLD|cutoff=8|density,ab|shared|one_g|LKG_HOLD|cutoff=8,ensemble_density_trace_distance,maximum_ensemble_density_trace_distance,upper,6.479997375513321e-08,5.376296696981226e-08,3.0533735127072103e-07,0.1,0.09999969466264874,True,,,,,,,,ab|shared|one_g|LKG_HOLD|cutoff=8,trace-decreasing/no-postselection where logical
gate_metric,ab|shared|one_g|LKG_HOLD|cutoff=8|mean_photon,ab|shared|one_g|LKG_HOLD|cutoff=8,mean_photon_difference,maximum_mean_photon_difference,upper,1.7441448285637762e-10,0.0,1.7888851751392634e-10,0.08,0.07999999982111149,True,,,,,,,,ab|shared|one_g|LKG_HOLD|cutoff=8,trace-decreasing/no-postselection where logical
gate_metric,ab|shared|one_g|LKG_HOLD|cutoff=8|levels,ab|shared|one_g|LKG_HOLD|cutoff=8,level_probability_l1,maximum_level_probability_l1,upper,1.5608141802349418e-13,2.007178716324846e-13,4.630116075572227e-12,0.1,0.09999999999536989,True,,,,,,,,ab|shared|one_g|LKG_HOLD|cutoff=8,trace-decreasing/no-postselection where logical
gate_metric,ab|shared|one_g|LKG_HOLD|cutoff=8|iq_mean,ab|shared|one_g|LKG_HOLD|cutoff=8,integrated_iq_mean_difference,maximum_integrated_iq_mean_difference,upper,0.015772074006607614,0.02330195953840287,0.12002584857022032,0.12,-2.5848570220324274e-05,False,,,,,,,,ab|shared|one_g|LKG_HOLD|cutoff=8,trace-decreasing/no-postselection where logical
gate_metric,ab|shared|one_g|LKG_HOLD|cutoff=8|iq_covariance,ab|shared|one_g|LKG_HOLD|cutoff=8,integrated_iq_covariance_frobenius,maximum_integrated_iq_covariance_frobenius,upper,0.019032979266705517,0.007663893955900603,0.05332150643718307,0.18,0.1266784935628169,True,,,,,,,,ab|shared|one_g|LKG_HOLD|cutoff=8,trace-decreasing/no-postselection where logical
gate_metric,ab|shared|one_g|LKG_HOLD|cutoff=8|iq_ks,ab|shared|one_g|LKG_HOLD|cutoff=8,iq_two_sample_ks,maximum_iq_two_sample_ks,upper,0.171875,0.051234643580760034,0.4011005710474771,0.24,-0.1611005710474771,False,,,,,,,,ab|shared|one_g|LKG_HOLD|cutoff=8,trace-decreasing/no-postselection where logical
gate_metric,ab|shared|one_g|LKG_HOLD|cutoff=8|log_evidence,ab|shared|one_g|LKG_HOLD|cutoff=8,log_evidence_mean_difference,maximum_log_evidence_mean_difference,upper,0.14345569395248425,0.3034453075396239,1.5010805165552952,0.3,-1.2010805165552951,False,,,,,,,,ab|shared|one_g|LKG_HOLD|cutoff=8,trace-decreasing/no-postselection where logical
gate_metric,ab|shared|one_g|LKG_HOLD|cutoff=8|posterior,ab|shared|one_g|LKG_HOLD|cutoff=8,posterior_mean_l1,maximum_posterior_mean_l1,upper,1.5608141802349418e-13,2.007178716324846e-13,4.630116075572227e-12,0.12,0.11999999999536988,True,,,,,,,,ab|shared|one_g|LKG_HOLD|cutoff=8,trace-decreasing/no-postselection where logical
gate_metric,ab|shared|one_g|LKG_HOLD|cutoff=8|leakage_residence,ab|shared|one_g|LKG_HOLD|cutoff=8,leakage_residence_rate_difference,maximum_leakage_residence_rate_difference,upper,0.0,0.0,4.474034657548733e-12,0.1,0.09999999999552597,True,,,,,,,,ab|shared|one_g|LKG_HOLD|cutoff=8,trace-decreasing/no-postselection where logical
gate_metric,ab|shared|one_g|RESET|cutoff=8|density,ab|shared|one_g|RESET|cutoff=8,ensemble_density_trace_distance,maximum_ensemble_density_trace_distance,upper,1.7441491198359749e-10,2.698050521988013e-17,1.788889466411462e-10,0.1,0.09999999982111106,True,,,,,,,,ab|shared|one_g|RESET|cutoff=8,trace-decreasing/no-postselection where logical
gate_metric,ab|shared|one_g|RESET|cutoff=8|mean_photon,ab|shared|one_g|RESET|cutoff=8,mean_photon_difference,maximum_mean_photon_difference,upper,1.7441459387868008e-10,8.710007370845188e-17,1.788886285362288e-10,0.08,0.07999999982111138,True,,,,,,,,ab|shared|one_g|RESET|cutoff=8,trace-decreasing/no-postselection where logical
gate_metric,ab|shared|one_g|RESET|cutoff=8|levels,ab|shared|one_g|RESET|cutoff=8,level_probability_l1,maximum_level_probability_l1,upper,0.0,0.0,4.474034657548733e-12,0.1,0.09999999999552597,True,,,,,,,,ab|shared|one_g|RESET|cutoff=8,trace-decreasing/no-postselection where logical
gate_metric,ab|shared|one_g|RESET|cutoff=8|iq_mean,ab|shared|one_g|RESET|cutoff=8,integrated_iq_mean_difference,maximum_integrated_iq_mean_difference,upper,0.015772074006607614,0.02330195953840287,0.12002584857022032,0.12,-2.5848570220324274e-05,False,,,,,,,,ab|shared|one_g|RESET|cutoff=8,trace-decreasing/no-postselection where logical
gate_metric,ab|shared|one_g|RESET|cutoff=8|iq_covariance,ab|shared|one_g|RESET|cutoff=8,integrated_iq_covariance_frobenius,maximum_integrated_iq_covariance_frobenius,upper,0.019032979266705517,0.007663893955900603,0.05332150643718307,0.18,0.1266784935628169,True,,,,,,,,ab|shared|one_g|RESET|cutoff=8,trace-decreasing/no-postselection where logical
gate_metric,ab|shared|one_g|RESET|cutoff=8|iq_ks,ab|shared|one_g|RESET|cutoff=8,iq_two_sample_ks,maximum_iq_two_sample_ks,upper,0.171875,0.051234643580760034,0.4011005710474771,0.24,-0.1611005710474771,False,,,,,,,,ab|shared|one_g|RESET|cutoff=8,trace-decreasing/no-postselection where logical
gate_metric,ab|shared|one_g|RESET|cutoff=8|log_evidence,ab|shared|one_g|RESET|cutoff=8,log_evidence_mean_difference,maximum_log_evidence_mean_difference,upper,0.14345569395248603,0.3034453075396242,1.5010805165552983,0.3,-1.2010805165552982,False,,,,,,,,ab|shared|one_g|RESET|cutoff=8,trace-decreasing/no-postselection where logical
gate_metric,ab|shared|one_g|RESET|cutoff=8|posterior,ab|shared|one_g|RESET|cutoff=8,posterior_mean_l1,maximum_posterior_mean_l1,upper,1.5620244829206367e-13,2.0073955799613817e-13,4.6302371058407964e-12,0.12,0.11999999999536975,True,,,,,,,,ab|shared|one_g|RESET|cutoff=8,trace-decreasing/no-postselection where logical
gate_metric,ab|shared|one_g|RESET|cutoff=8|leakage_residence,ab|shared|one_g|RESET|cutoff=8,leakage_residence_rate_difference,maximum_leakage_residence_rate_difference,upper,0.0,0.0,4.474034657548733e-12,0.1,0.09999999999552597,True,,,,,,,,ab|shared|one_g|RESET|cutoff=8,trace-decreasing/no-postselection where logical
gate_metric,ab|shared|one_g|RESET|cutoff=8|reset_success,ab|shared|one_g|RESET|cutoff=8,reset_success_rate_difference,maximum_reset_success_rate_difference,upper,0.0,0.0,4.474034657548733e-12,0.12,0.11999999999552596,True,,,,,,,,ab|shared|one_g|RESET|cutoff=8,trace-decreasing/no-postselection where logical
gate_metric,ab|shared|one_g|RESET|cutoff=12|density,ab|shared|one_g|RESET|cutoff=12,ensemble_density_trace_distance,maximum_ensemble_density_trace_distance,upper,1.7441457848300923e-10,2.119966142984191e-17,1.7888861314055795e-10,0.1,0.0999999998211114,True,,,,,,,,ab|shared|one_g|RESET|cutoff=12,trace-decreasing/no-postselection where logical
gate_metric,ab|shared|one_g|RESET|cutoff=12|mean_photon,ab|shared|one_g|RESET|cutoff=12,mean_photon_difference,maximum_mean_photon_difference,upper,1.7441448285637762e-10,7.009362091408426e-18,1.7888851751392634e-10,0.08,0.07999999982111149,True,,,,,,,,ab|shared|one_g|RESET|cutoff=12,trace-decreasing/no-postselection where logical
gate_metric,ab|shared|one_g|RESET|cutoff=12|levels,ab|shared|one_g|RESET|cutoff=12,level_probability_l1,maximum_level_probability_l1,upper,0.0,0.0,4.474034657548733e-12,0.1,0.09999999999552597,True,,,,,,,,ab|shared|one_g|RESET|cutoff=12,trace-decreasing/no-postselection where logical
gate_metric,ab|shared|one_g|RESET|cutoff=12|iq_mean,ab|shared|one_g|RESET|cutoff=12,integrated_iq_mean_difference,maximum_integrated_iq_mean_difference,upper,0.041699322007622636,0.042929042929358195,0.23376534788896855,0.12,-0.11376534788896855,False,,,,,,,,ab|shared|one_g|RESET|cutoff=12,trace-decreasing/no-postselection where logical
gate_metric,ab|shared|one_g|RESET|cutoff=12|iq_covariance,ab|shared|one_g|RESET|cutoff=12,integrated_iq_covariance_frobenius,maximum_integrated_iq_covariance_frobenius,upper,0.02529591534542584,0.010088007882595146,0.07043001223778132,0.18,0.10956998776221867,True,,,,,,,,ab|shared|one_g|RESET|cutoff=12,trace-decreasing/no-postselection where logical
gate_metric,ab|shared|one_g|RESET|cutoff=12|iq_ks,ab|shared|one_g|RESET|cutoff=12,iq_two_sample_ks,maximum_iq_two_sample_ks,upper,0.25,0.0955454019663874,0.6774734397670421,0.24,-0.4374734397670421,False,,,,,,,,ab|shared|one_g|RESET|cutoff=12,trace-decreasing/no-postselection where logical
gate_metric,ab|shared|one_g|RESET|cutoff=12|log_evidence,ab|shared|one_g|RESET|cutoff=12,log_evidence_mean_difference,maximum_log_evidence_mean_difference,upper,2.1569333702654383,0.883591485733461,6.110152300551919,0.3,-5.810152300551919,False,,,,,,,,ab|shared|one_g|RESET|cutoff=12,trace-decreasing/no-postselection where logical
gate_metric,ab|shared|one_g|RESET|cutoff=12|posterior,ab|shared|one_g|RESET|cutoff=12,posterior_mean_l1,maximum_posterior_mean_l1,upper,1.0924823606823378e-12,7.034589735849995e-13,5.56651701823107e-12,0.12,0.11999999999443348,True,,,,,,,,ab|shared|one_g|RESET|cutoff=12,trace-decreasing/no-postselection where logical
gate_metric,ab|shared|one_g|RESET|cutoff=12|leakage_residence,ab|shared|one_g|RESET|cutoff=12,leakage_residence_rate_difference,maximum_leakage_residence_rate_difference,upper,0.0,0.0,4.474034657548733e-12,0.1,0.09999999999552597,True,,,,,,,,ab|shared|one_g|RESET|cutoff=12,trace-decreasing/no-postselection where logical
gate_metric,ab|shared|one_g|RESET|cutoff=12|reset_success,ab|shared|one_g|RESET|cutoff=12,reset_success_rate_difference,maximum_reset_success_rate_difference,upper,0.0,0.0,4.474034657548733e-12,0.12,0.11999999999552596,True,,,,,,,,ab|shared|one_g|RESET|cutoff=12,trace-decreasing/no-postselection where logical
gate_metric,ab|shared|one_g|X|cutoff=8|density,ab|shared|one_g|X|cutoff=8,ensemble_density_trace_distance,maximum_ensemble_density_trace_distance,upper,7.069016206911766e-08,5.313688944946897e-08,3.0842644706037745e-07,0.1,0.09999969157355294,True,,,,,,,,ab|shared|one_g|X|cutoff=8,trace-decreasing/no-postselection where logical
gate_metric,ab|shared|one_g|X|cutoff=8|mean_photon,ab|shared|one_g|X|cutoff=8,mean_photon_difference,maximum_mean_photon_difference,upper,3.839157214358124e-09,1.0468900282660824e-16,3.843631249015673e-09,0.08,0.07999999615636876,True,,,,,,,,ab|shared|one_g|X|cutoff=8,trace-decreasing/no-postselection where logical
gate_metric,ab|shared|one_g|X|cutoff=8|levels,ab|shared|one_g|X|cutoff=8,level_probability_l1,maximum_level_probability_l1,upper,1.562117427589834e-13,2.0075938030683898e-13,4.630246400307716e-12,0.1,0.09999999999536976,True,,,,,,,,ab|shared|one_g|X|cutoff=8,trace-decreasing/no-postselection where logical
gate_metric,ab|shared|one_g|X|cutoff=8|iq_mean,ab|shared|one_g|X|cutoff=8,integrated_iq_mean_difference,maximum_integrated_iq_mean_difference,upper,0.015772074006607614,0.02330195953840287,0.12002584857022032,0.12,-2.5848570220324274e-05,False,,,,,,,,ab|shared|one_g|X|cutoff=8,trace-decreasing/no-postselection where logical
gate_metric,ab|shared|one_g|X|cutoff=8|iq_covariance,ab|shared|one_g|X|cutoff=8,integrated_iq_covariance_frobenius,maximum_integrated_iq_covariance_frobenius,upper,0.019032979266705517,0.007663893955900603,0.05332150643718307,0.18,0.1266784935628169,True,,,,,,,,ab|shared|one_g|X|cutoff=8,trace-decreasing/no-postselection where logical
gate_metric,ab|shared|one_g|X|cutoff=8|iq_ks,ab|shared|one_g|X|cutoff=8,iq_two_sample_ks,maximum_iq_two_sample_ks,upper,0.171875,0.051234643580760034,0.4011005710474771,0.24,-0.1611005710474771,False,,,,,,,,ab|shared|one_g|X|cutoff=8,trace-decreasing/no-postselection where logical
gate_metric,ab|shared|one_g|X|cutoff=8|log_evidence,ab|shared|one_g|X|cutoff=8,log_evidence_mean_difference,maximum_log_evidence_mean_difference,upper,0.14345569396857272,0.3034453075423008,1.5010805165833603,0.3,-1.2010805165833602,False,,,,,,,,ab|shared|one_g|X|cutoff=8,trace-decreasing/no-postselection where logical
gate_metric,ab|shared|one_g|X|cutoff=8|posterior,ab|shared|one_g|X|cutoff=8,posterior_mean_l1,maximum_posterior_mean_l1,upper,1.562117427589834e-13,2.0075938030683898e-13,4.630246400307716e-12,0.12,0.11999999999536975,True,,,,,,,,ab|shared|one_g|X|cutoff=8,trace-decreasing/no-postselection where logical
gate_metric,ab|shared|one_g|X|cutoff=8|leakage_residence,ab|shared|one_g|X|cutoff=8,leakage_residence_rate_difference,maximum_leakage_residence_rate_difference,upper,0.0,0.0,4.474034657548733e-12,0.1,0.09999999999552597,True,,,,,,,,ab|shared|one_g|X|cutoff=8,trace-decreasing/no-postselection where logical
gate_metric,ab|shared|one_g|XZ|cutoff=8|density,ab|shared|one_g|XZ|cutoff=8,ensemble_density_trace_distance,maximum_ensemble_density_trace_distance,upper,7.740532040566099e-08,5.195449529678331e-08,3.0985153297892216e-07,0.1,0.09999969014846703,True,,,,,,,,ab|shared|one_g|XZ|cutoff=8,trace-decreasing/no-postselection where logical
gate_metric,ab|shared|one_g|XZ|cutoff=8|mean_photon,ab|shared|one_g|XZ|cutoff=8,mean_photon_difference,maximum_mean_photon_difference,upper,7.503271337583328e-09,7.840473008970177e-17,7.507745372240877e-09,0.08,0.07999999249225463,True,,,,,,,,ab|shared|one_g|XZ|cutoff=8,trace-decreasing/no-postselection where logical
gate_metric,ab|shared|one_g|XZ|cutoff=8|levels,ab|shared|one_g|XZ|cutoff=8,level_probability_l1,maximum_level_probability_l1,upper,1.5634329360427167e-13,2.008150193240053e-13,4.6303779511530045e-12,0.1,0.09999999999536963,True,,,,,,,,ab|shared|one_g|XZ|cutoff=8,trace-decreasing/no-postselection where logical
gate_metric,ab|shared|one_g|XZ|cutoff=8|iq_mean,ab|shared|one_g|XZ|cutoff=8,integrated_iq_mean_difference,maximum_integrated_iq_mean_difference,upper,0.015772074006607614,0.02330195953840287,0.12002584857022032,0.12,-2.5848570220324274e-05,False,,,,,,,,ab|shared|one_g|XZ|cutoff=8,trace-decreasing/no-postselection where logical
gate_metric,ab|shared|one_g|XZ|cutoff=8|iq_covariance,ab|shared|one_g|XZ|cutoff=8,integrated_iq_covariance_frobenius,maximum_integrated_iq_covariance_frobenius,upper,0.019032979266705517,0.007663893955900603,0.05332150643718307,0.18,0.1266784935628169,True,,,,,,,,ab|shared|one_g|XZ|cutoff=8,trace-decreasing/no-postselection where logical
gate_metric,ab|shared|one_g|XZ|cutoff=8|iq_ks,ab|shared|one_g|XZ|cutoff=8,iq_two_sample_ks,maximum_iq_two_sample_ks,upper,0.171875,0.051234643580760034,0.4011005710474771,0.24,-0.1611005710474771,False,,,,,,,,ab|shared|one_g|XZ|cutoff=8,trace-decreasing/no-postselection where logical
gate_metric,ab|shared|one_g|XZ|cutoff=8|log_evidence,ab|shared|one_g|XZ|cutoff=8,log_evidence_mean_difference,maximum_log_evidence_mean_difference,upper,0.1434556939847873,0.30344530754499743,1.5010805166116397,0.3,-1.2010805166116396,False,,,,,,,,ab|shared|one_g|XZ|cutoff=8,trace-decreasing/no-postselection where logical
gate_metric,ab|shared|one_g|XZ|cutoff=8|posterior,ab|shared|one_g|XZ|cutoff=8,posterior_mean_l1,maximum_posterior_mean_l1,upper,1.5634329360427167e-13,2.008150193240053e-13,4.6303779511530045e-12,0.12,0.11999999999536962,True,,,,,,,,ab|shared|one_g|XZ|cutoff=8,trace-decreasing/no-postselection where logical
gate_metric,ab|shared|one_g|XZ|cutoff=8|leakage_residence,ab|shared|one_g|XZ|cutoff=8,leakage_residence_rate_difference,maximum_leakage_residence_rate_difference,upper,0.0,0.0,4.474034657548733e-12,0.1,0.09999999999552597,True,,,,,,,,ab|shared|one_g|XZ|cutoff=8,trace-decreasing/no-postselection where logical
gate_metric,ab|shared|one_g|XZ|cutoff=12|density,ab|shared|one_g|XZ|cutoff=12,ensemble_density_trace_distance,maximum_ensemble_density_trace_distance,upper,2.9200457877716554e-07,1.6572936009758976e-07,1.0334834796271561e-06,0.1,0.09999896651652038,True,,,,,,,,ab|shared|one_g|XZ|cutoff=12,trace-decreasing/no-postselection where logical
gate_metric,ab|shared|one_g|XZ|cutoff=12|mean_photon,ab|shared|one_g|XZ|cutoff=12,mean_photon_difference,maximum_mean_photon_difference,upper,7.503271781672538e-09,1.6421804617587938e-16,7.507745816330087e-09,0.08,0.07999999249225419,True,,,,,,,,ab|shared|one_g|XZ|cutoff=12,trace-decreasing/no-postselection where logical
gate_metric,ab|shared|one_g|XZ|cutoff=12|levels,ab|shared|one_g|XZ|cutoff=12,level_probability_l1,maximum_level_probability_l1,upper,1.0927252301294722e-12,7.035659951438647e-13,5.566759887678205e-12,0.1,0.09999999999443325,True,,,,,,,,ab|shared|one_g|XZ|cutoff=12,trace-decreasing/no-postselection where logical
gate_metric,ab|shared|one_g|XZ|cutoff=12|iq_mean,ab|shared|one_g|XZ|cutoff=12,integrated_iq_mean_difference,maximum_integrated_iq_mean_difference,upper,0.041699322007622636,0.042929042929358195,0.23376534788896855,0.12,-0.11376534788896855,False,,,,,,,,ab|shared|one_g|XZ|cutoff=12,trace-decreasing/no-postselection where logical
gate_metric,ab|shared|one_g|XZ|cutoff=12|iq_covariance,ab|shared|one_g|XZ|cutoff=12,integrated_iq_covariance_frobenius,maximum_integrated_iq_covariance_frobenius,upper,0.02529591534542584,0.010088007882595146,0.07043001223778132,0.18,0.10956998776221867,True,,,,,,,,ab|shared|one_g|XZ|cutoff=12,trace-decreasing/no-postselection where logical
gate_metric,ab|shared|one_g|XZ|cutoff=12|iq_ks,ab|shared|one_g|XZ|cutoff=12,iq_two_sample_ks,maximum_iq_two_sample_ks,upper,0.25,0.0955454019663874,0.6774734397670421,0.24,-0.4374734397670421,False,,,,,,,,ab|shared|one_g|XZ|cutoff=12,trace-decreasing/no-postselection where logical
gate_metric,ab|shared|one_g|XZ|cutoff=12|log_evidence,ab|shared|one_g|XZ|cutoff=12,log_evidence_mean_difference,maximum_log_evidence_mean_difference,upper,2.1569333702977396,0.8835914857347149,6.110152300589831,0.3,-5.810152300589831,False,,,,,,,,ab|shared|one_g|XZ|cutoff=12,trace-decreasing/no-postselection where logical
gate_metric,ab|shared|one_g|XZ|cutoff=12|posterior,ab|shared|one_g|XZ|cutoff=12,posterior_mean_l1,maximum_posterior_mean_l1,upper,1.0927252301294722e-12,7.035659951438647e-13,5.566759887678205e-12,0.12,0.11999999999443324,True,,,,,,,,ab|shared|one_g|XZ|cutoff=12,trace-decreasing/no-postselection where logical
gate_metric,ab|shared|one_g|XZ|cutoff=12|leakage_residence,ab|shared|one_g|XZ|cutoff=12,leakage_residence_rate_difference,maximum_leakage_residence_rate_difference,upper,0.0,0.0,4.474034657548733e-12,0.1,0.09999999999552597,True,,,,,,,,ab|shared|one_g|XZ|cutoff=12,trace-decreasing/no-postselection where logical
gate_metric,ab|shared|one_g|Z|cutoff=8|density,ab|shared|one_g|Z|cutoff=8,ensemble_density_trace_distance,maximum_ensemble_density_trace_distance,upper,7.069016205173811e-08,5.313688944805982e-08,3.0842644703669325e-07,0.1,0.09999969157355297,True,,,,,,,,ab|shared|one_g|Z|cutoff=8,trace-decreasing/no-postselection where logical
gate_metric,ab|shared|one_g|Z|cutoff=8|mean_photon,ab|shared|one_g|Z|cutoff=8,mean_photon_difference,maximum_mean_photon_difference,upper,3.839157214358124e-09,1.3401268098232539e-16,3.843631249015673e-09,0.08,0.07999999615636876,True,,,,,,,,ab|shared|one_g|Z|cutoff=8,trace-decreasing/no-postselection where logical
gate_metric,ab|shared|one_g|Z|cutoff=8|levels,ab|shared|one_g|Z|cutoff=8,level_probability_l1,maximum_level_probability_l1,upper,1.5621174275898342e-13,2.0075931831379623e-13,4.630246400307716e-12,0.1,0.09999999999536976,True,,,,,,,,ab|shared|one_g|Z|cutoff=8,trace-decreasing/no-postselection where logical
gate_metric,ab|shared|one_g|Z|cutoff=8|iq_mean,ab|shared|one_g|Z|cutoff=8,integrated_iq_mean_difference,maximum_integrated_iq_mean_difference,upper,0.015772074006607614,0.02330195953840287,0.12002584857022032,0.12,-2.5848570220324274e-05,False,,,,,,,,ab|shared|one_g|Z|cutoff=8,trace-decreasing/no-postselection where logical
gate_metric,ab|shared|one_g|Z|cutoff=8|iq_covariance,ab|shared|one_g|Z|cutoff=8,integrated_iq_covariance_frobenius,maximum_integrated_iq_covariance_frobenius,upper,0.019032979266705517,0.007663893955900603,0.05332150643718307,0.18,0.1266784935628169,True,,,,,,,,ab|shared|one_g|Z|cutoff=8,trace-decreasing/no-postselection where logical
gate_metric,ab|shared|one_g|Z|cutoff=8|iq_ks,ab|shared|one_g|Z|cutoff=8,iq_two_sample_ks,maximum_iq_two_sample_ks,upper,0.171875,0.051234643580760034,0.4011005710474771,0.24,-0.1611005710474771,False,,,,,,,,ab|shared|one_g|Z|cutoff=8,trace-decreasing/no-postselection where logical
gate_metric,ab|shared|one_g|Z|cutoff=8|log_evidence,ab|shared|one_g|Z|cutoff=8,log_evidence_mean_difference,maximum_log_evidence_mean_difference,upper,0.14345569396857272,0.3034453075423008,1.5010805165833603,0.3,-1.2010805165833602,False,,,,,,,,ab|shared|one_g|Z|cutoff=8,trace-decreasing/no-postselection where logical
gate_metric,ab|shared|one_g|Z|cutoff=8|posterior,ab|shared|one_g|Z|cutoff=8,posterior_mean_l1,maximum_posterior_mean_l1,upper,1.5621174275898342e-13,2.0075931831379623e-13,4.630246400307716e-12,0.12,0.11999999999536975,True,,,,,,,,ab|shared|one_g|Z|cutoff=8,trace-decreasing/no-postselection where logical
gate_metric,ab|shared|one_g|Z|cutoff=8|leakage_residence,ab|shared|one_g|Z|cutoff=8,leakage_residence_rate_difference,maximum_leakage_residence_rate_difference,upper,0.0,0.0,4.474034657548733e-12,0.1,0.09999999999552597,True,,,,,,,,ab|shared|one_g|Z|cutoff=8,trace-decreasing/no-postselection where logical
gate_metric,ab|shared|vacuum_e|HOLD|cutoff=8|density,ab|shared|vacuum_e|HOLD|cutoff=8,ensemble_density_trace_distance,maximum_ensemble_density_trace_distance,upper,8.484167848236627e-06,8.036414518735138e-06,4.443936492748545e-05,0.1,0.09995556063507252,True,,,,,,,,ab|shared|vacuum_e|HOLD|cutoff=8,trace-decreasing/no-postselection where logical
gate_metric,ab|shared|vacuum_e|HOLD|cutoff=8|mean_photon,ab|shared|vacuum_e|HOLD|cutoff=8,mean_photon_difference,maximum_mean_photon_difference,upper,0.0,0.0,4.474034657548733e-12,0.08,0.07999999999552597,True,,,,,,,,ab|shared|vacuum_e|HOLD|cutoff=8,trace-decreasing/no-postselection where logical
gate_metric,ab|shared|vacuum_e|HOLD|cutoff=8|levels,ab|shared|vacuum_e|HOLD|cutoff=8,level_probability_l1,maximum_level_probability_l1,upper,8.277517802707344e-09,8.274925393870114e-09,4.5299820803512326e-08,0.1,0.09999995470017921,True,,,,,,,,ab|shared|vacuum_e|HOLD|cutoff=8,trace-decreasing/no-postselection where logical
gate_metric,ab|shared|vacuum_e|HOLD|cutoff=8|iq_mean,ab|shared|vacuum_e|HOLD|cutoff=8,integrated_iq_mean_difference,maximum_integrated_iq_mean_difference,upper,0.015772074006607528,0.023301959538402875,0.12002584857022025,0.12,-2.5848570220254885e-05,False,,,,,,,,ab|shared|vacuum_e|HOLD|cutoff=8,trace-decreasing/no-postselection where logical
gate_metric,ab|shared|vacuum_e|HOLD|cutoff=8|iq_covariance,ab|shared|vacuum_e|HOLD|cutoff=8,integrated_iq_covariance_frobenius,maximum_integrated_iq_covariance_frobenius,upper,0.01903297926670552,0.007663893955900603,0.05332150643718307,0.18,0.1266784935628169,True,,,,,,,,ab|shared|vacuum_e|HOLD|cutoff=8,trace-decreasing/no-postselection where logical
gate_metric,ab|shared|vacuum_e|HOLD|cutoff=8|iq_ks,ab|shared|vacuum_e|HOLD|cutoff=8,iq_two_sample_ks,maximum_iq_two_sample_ks,upper,0.171875,0.051234643580760034,0.4011005710474771,0.24,-0.1611005710474771,False,,,,,,,,ab|shared|vacuum_e|HOLD|cutoff=8,trace-decreasing/no-postselection where logical
gate_metric,ab|shared|vacuum_e|HOLD|cutoff=8|log_evidence,ab|shared|vacuum_e|HOLD|cutoff=8,log_evidence_mean_difference,maximum_log_evidence_mean_difference,upper,0.14345499472613454,0.30344519102997936,1.501079296060758,0.3,-1.201079296060758,False,,,,,,,,ab|shared|vacuum_e|HOLD|cutoff=8,trace-decreasing/no-postselection where logical
gate_metric,ab|shared|vacuum_e|HOLD|cutoff=8|posterior,ab|shared|vacuum_e|HOLD|cutoff=8,posterior_mean_l1,maximum_posterior_mean_l1,upper,8.277517802707344e-09,8.274925393870114e-09,4.5299820803512326e-08,0.12,0.1199999547001792,True,,,,,,,,ab|shared|vacuum_e|HOLD|cutoff=8,trace-decreasing/no-postselection where logical
gate_metric,ab|shared|vacuum_e|HOLD|cutoff=8|leakage_residence,ab|shared|vacuum_e|HOLD|cutoff=8,leakage_residence_rate_difference,maximum_leakage_residence_rate_difference,upper,0.0,0.0,4.474034657548733e-12,0.1,0.09999999999552597,True,,,,,,,,ab|shared|vacuum_e|HOLD|cutoff=8,trace-decreasing/no-postselection where logical
gate_metric,ab|shared|vacuum_e|IDLE|cutoff=8|density,ab|shared|vacuum_e|IDLE|cutoff=8,ensemble_density_trace_distance,maximum_ensemble_density_trace_distance,upper,8.38437069224583e-06,7.941884173410826e-06,4.391663573032364e-05,0.1,0.09995608336426968,True,,,,,,,,ab|shared|vacuum_e|IDLE|cutoff=8,trace-decreasing/no-postselection where logical
gate_metric,ab|shared|vacuum_e|IDLE|cutoff=8|mean_photon,ab|shared|vacuum_e|IDLE|cutoff=8,mean_photon_difference,maximum_mean_photon_difference,upper,0.0,0.0,4.474034657548733e-12,0.08,0.07999999999552597,True,,,,,,,,ab|shared|vacuum_e|IDLE|cutoff=8,trace-decreasing/no-postselection where logical
gate_metric,ab|shared|vacuum_e|IDLE|cutoff=8|levels,ab|shared|vacuum_e|IDLE|cutoff=8,level_probability_l1,maximum_level_probability_l1,upper,8.083825547005062e-09,8.08129352606247e-09,4.4239812860432754e-08,0.1,0.09999995576018715,True,,,,,,,,ab|shared|vacuum_e|IDLE|cutoff=8,trace-decreasing/no-postselection where logical
gate_metric,ab|shared|vacuum_e|IDLE|cutoff=8|iq_mean,ab|shared|vacuum_e|IDLE|cutoff=8,integrated_iq_mean_difference,maximum_integrated_iq_mean_difference,upper,0.015772074006607528,0.023301959538402875,0.12002584857022025,0.12,-2.5848570220254885e-05,False,,,,,,,,ab|shared|vacuum_e|IDLE|cutoff=8,trace-decreasing/no-postselection where logical
gate_metric,ab|shared|vacuum_e|IDLE|cutoff=8|iq_covariance,ab|shared|vacuum_e|IDLE|cutoff=8,integrated_iq_covariance_frobenius,maximum_integrated_iq_covariance_frobenius,upper,0.01903297926670552,0.007663893955900603,0.05332150643718307,0.18,0.1266784935628169,True,,,,,,,,ab|shared|vacuum_e|IDLE|cutoff=8,trace-decreasing/no-postselection where logical
gate_metric,ab|shared|vacuum_e|IDLE|cutoff=8|iq_ks,ab|shared|vacuum_e|IDLE|cutoff=8,iq_two_sample_ks,maximum_iq_two_sample_ks,upper,0.171875,0.051234643580760034,0.4011005710474771,0.24,-0.1611005710474771,False,,,,,,,,ab|shared|vacuum_e|IDLE|cutoff=8,trace-decreasing/no-postselection where logical
gate_metric,ab|shared|vacuum_e|IDLE|cutoff=8|log_evidence,ab|shared|vacuum_e|IDLE|cutoff=8,log_evidence_mean_difference,maximum_log_evidence_mean_difference,upper,0.14345499484488755,0.30344519105443896,1.501079296288944,0.3,-1.201079296288944,False,,,,,,,,ab|shared|vacuum_e|IDLE|cutoff=8,trace-decreasing/no-postselection where logical
gate_metric,ab|shared|vacuum_e|IDLE|cutoff=8|posterior,ab|shared|vacuum_e|IDLE|cutoff=8,posterior_mean_l1,maximum_posterior_mean_l1,upper,8.083825547005062e-09,8.08129352606247e-09,4.4239812860432754e-08,0.12,0.11999995576018714,True,,,,,,,,ab|shared|vacuum_e|IDLE|cutoff=8,trace-decreasing/no-postselection where logical
gate_metric,ab|shared|vacuum_e|IDLE|cutoff=8|leakage_residence,ab|shared|vacuum_e|IDLE|cutoff=8,leakage_residence_rate_difference,maximum_leakage_residence_rate_difference,upper,0.0,0.0,4.474034657548733e-12,0.1,0.09999999999552597,True,,,,,,,,ab|shared|vacuum_e|IDLE|cutoff=8,trace-decreasing/no-postselection where logical
gate_metric,ab|shared|vacuum_e|IDLE|cutoff=12|density,ab|shared|vacuum_e|IDLE|cutoff=12,ensemble_density_trace_distance,maximum_ensemble_density_trace_distance,upper,1.3134971546119302e-08,2.2110369962005043e-08,1.1205753304735431e-07,0.1,0.09999988794246696,True,,,,,,,,ab|shared|vacuum_e|IDLE|cutoff=12,trace-decreasing/no-postselection where logical
gate_metric,ab|shared|vacuum_e|IDLE|cutoff=12|mean_photon,ab|shared|vacuum_e|IDLE|cutoff=12,mean_photon_difference,maximum_mean_photon_difference,upper,0.0,0.0,4.474034657548733e-12,0.08,0.07999999999552597,True,,,,,,,,ab|shared|vacuum_e|IDLE|cutoff=12,trace-decreasing/no-postselection where logical
gate_metric,ab|shared|vacuum_e|IDLE|cutoff=12|levels,ab|shared|vacuum_e|IDLE|cutoff=12,level_probability_l1,maximum_level_probability_l1,upper,1.2646745743012047e-14,1.8814790101446578e-14,4.486681403291745e-12,0.1,0.09999999999551333,True,,,,,,,,ab|shared|vacuum_e|IDLE|cutoff=12,trace-decreasing/no-postselection where logical
gate_metric,ab|shared|vacuum_e|IDLE|cutoff=12|iq_mean,ab|shared|vacuum_e|IDLE|cutoff=12,integrated_iq_mean_difference,maximum_integrated_iq_mean_difference,upper,0.041699322007622636,0.04292904292935821,0.23376534788896863,0.12,-0.11376534788896864,False,,,,,,,,ab|shared|vacuum_e|IDLE|cutoff=12,trace-decreasing/no-postselection where logical
gate_metric,ab|shared|vacuum_e|IDLE|cutoff=12|iq_covariance,ab|shared|vacuum_e|IDLE|cutoff=12,integrated_iq_covariance_frobenius,maximum_integrated_iq_covariance_frobenius,upper,0.02529591534542584,0.010088007882595146,0.07043001223778132,0.18,0.10956998776221867,True,,,,,,,,ab|shared|vacuum_e|IDLE|cutoff=12,trace-decreasing/no-postselection where logical
gate_metric,ab|shared|vacuum_e|IDLE|cutoff=12|iq_ks,ab|shared|vacuum_e|IDLE|cutoff=12,iq_two_sample_ks,maximum_iq_two_sample_ks,upper,0.25,0.0955454019663874,0.6774734397670421,0.24,-0.4374734397670421,False,,,,,,,,ab|shared|vacuum_e|IDLE|cutoff=12,trace-decreasing/no-postselection where logical
gate_metric,ab|shared|vacuum_e|IDLE|cutoff=12|log_evidence,ab|shared|vacuum_e|IDLE|cutoff=12,log_evidence_mean_difference,maximum_log_evidence_mean_difference,upper,2.156932675199279,0.8835914587769612,6.110151484881445,0.3,-5.8101514848814455,False,,,,,,,,ab|shared|vacuum_e|IDLE|cutoff=12,trace-decreasing/no-postselection where logical
gate_metric,ab|shared|vacuum_e|IDLE|cutoff=12|posterior,ab|shared|vacuum_e|IDLE|cutoff=12,posterior_mean_l1,maximum_posterior_mean_l1,upper,1.2646745743012047e-14,1.8814790101446578e-14,4.486681403291745e-12,0.12,0.11999999999551332,True,,,,,,,,ab|shared|vacuum_e|IDLE|cutoff=12,trace-decreasing/no-postselection where logical
gate_metric,ab|shared|vacuum_e|IDLE|cutoff=12|leakage_residence,ab|shared|vacuum_e|IDLE|cutoff=12,leakage_residence_rate_difference,maximum_leakage_residence_rate_difference,upper,0.0,0.0,4.474034657548733e-12,0.1,0.09999999999552597,True,,,,,,,,ab|shared|vacuum_e|IDLE|cutoff=12,trace-decreasing/no-postselection where logical
gate_metric,ab|shared|vacuum_e|LKG_HOLD|cutoff=8|density,ab|shared|vacuum_e|LKG_HOLD|cutoff=8,ensemble_density_trace_distance,maximum_ensemble_density_trace_distance,upper,8.424288819571892e-06,7.979695615266427e-06,4.412572355896355e-05,0.1,0.09995587427644104,True,,,,,,,,ab|shared|vacuum_e|LKG_HOLD|cutoff=8,trace-decreasing/no-postselection where logical
gate_metric,ab|shared|vacuum_e|LKG_HOLD|cutoff=8|mean_photon,ab|shared|vacuum_e|LKG_HOLD|cutoff=8,mean_photon_difference,maximum_mean_photon_difference,upper,0.0,0.0,4.474034657548733e-12,0.08,0.07999999999552597,True,,,,,,,,ab|shared|vacuum_e|LKG_HOLD|cutoff=8,trace-decreasing/no-postselection where logical
gate_metric,ab|shared|vacuum_e|LKG_HOLD|cutoff=8|levels,ab|shared|vacuum_e|LKG_HOLD|cutoff=8,level_probability_l1,maximum_level_probability_l1,upper,8.161025559463165e-09,8.158469575152236e-09,4.466230119125115e-08,0.1,0.09999995533769881,True,,,,,,,,ab|shared|vacuum_e|LKG_HOLD|cutoff=8,trace-decreasing/no-postselection where logical
gate_metric,ab|shared|vacuum_e|LKG_HOLD|cutoff=8|iq_mean,ab|shared|vacuum_e|LKG_HOLD|cutoff=8,integrated_iq_mean_difference,maximum_integrated_iq_mean_difference,upper,0.015772074006607528,0.023301959538402875,0.12002584857022025,0.12,-2.5848570220254885e-05,False,,,,,,,,ab|shared|vacuum_e|LKG_HOLD|cutoff=8,trace-decreasing/no-postselection where logical
gate_metric,ab|shared|vacuum_e|LKG_HOLD|cutoff=8|iq_covariance,ab|shared|vacuum_e|LKG_HOLD|cutoff=8,integrated_iq_covariance_frobenius,maximum_integrated_iq_covariance_frobenius,upper,0.01903297926670552,0.007663893955900603,0.05332150643718307,0.18,0.1266784935628169,True,,,,,,,,ab|shared|vacuum_e|LKG_HOLD|cutoff=8,trace-decreasing/no-postselection where logical
gate_metric,ab|shared|vacuum_e|LKG_HOLD|cutoff=8|iq_ks,ab|shared|vacuum_e|LKG_HOLD|cutoff=8,iq_two_sample_ks,maximum_iq_two_sample_ks,upper,0.171875,0.051234643580760034,0.4011005710474771,0.24,-0.1611005710474771,False,,,,,,,,ab|shared|vacuum_e|LKG_HOLD|cutoff=8,trace-decreasing/no-postselection where logical
gate_metric,ab|shared|vacuum_e|LKG_HOLD|cutoff=8|log_evidence,ab|shared|vacuum_e|LKG_HOLD|cutoff=8,log_evidence_mean_difference,maximum_log_evidence_mean_difference,upper,0.14345499479750323,0.3034451910446814,1.501079296197904,0.3,-1.201079296197904,False,,,,,,,,ab|shared|vacuum_e|LKG_HOLD|cutoff=8,trace-decreasing/no-postselection where logical
gate_metric,ab|shared|vacuum_e|LKG_HOLD|cutoff=8|posterior,ab|shared|vacuum_e|LKG_HOLD|cutoff=8,posterior_mean_l1,maximum_posterior_mean_l1,upper,8.161025559463165e-09,8.158469575152236e-09,4.466230119125115e-08,0.12,0.1199999553376988,True,,,,,,,,ab|shared|vacuum_e|LKG_HOLD|cutoff=8,trace-decreasing/no-postselection where logical
gate_metric,ab|shared|vacuum_e|LKG_HOLD|cutoff=8|leakage_residence,ab|shared|vacuum_e|LKG_HOLD|cutoff=8,leakage_residence_rate_difference,maximum_leakage_residence_rate_difference,upper,0.0,0.0,4.474034657548733e-12,0.1,0.09999999999552597,True,,,,,,,,ab|shared|vacuum_e|LKG_HOLD|cutoff=8,trace-decreasing/no-postselection where logical
gate_metric,ab|shared|vacuum_e|RESET|cutoff=8|density,ab|shared|vacuum_e|RESET|cutoff=8,ensemble_density_trace_distance,maximum_ensemble_density_trace_distance,upper,0.015625,0.01536086898645726,0.08435006021547525,0.1,0.015649939784524752,True,,,,,,,,ab|shared|vacuum_e|RESET|cutoff=8,trace-decreasing/no-postselection where logical
gate_metric,ab|shared|vacuum_e|RESET|cutoff=8|mean_photon,ab|shared|vacuum_e|RESET|cutoff=8,mean_photon_difference,maximum_mean_photon_difference,upper,0.0,0.0,4.474034657548733e-12,0.08,0.07999999999552597,True,,,,,,,,ab|shared|vacuum_e|RESET|cutoff=8,trace-decreasing/no-postselection where logical
gate_metric,ab|shared|vacuum_e|RESET|cutoff=8|levels,ab|shared|vacuum_e|RESET|cutoff=8,level_probability_l1,maximum_level_probability_l1,upper,0.03125,0.03072173797291452,0.1687001204309505,0.1,-0.0687001204309505,False,,,,,,,,ab|shared|vacuum_e|RESET|cutoff=8,trace-decreasing/no-postselection where logical
gate_metric,ab|shared|vacuum_e|RESET|cutoff=8|iq_mean,ab|shared|vacuum_e|RESET|cutoff=8,integrated_iq_mean_difference,maximum_integrated_iq_mean_difference,upper,0.015772074006607528,0.023301959538402875,0.12002584857022025,0.12,-2.5848570220254885e-05,False,,,,,,,,ab|shared|vacuum_e|RESET|cutoff=8,trace-decreasing/no-postselection where logical
gate_metric,ab|shared|vacuum_e|RESET|cutoff=8|iq_covariance,ab|shared|vacuum_e|RESET|cutoff=8,integrated_iq_covariance_frobenius,maximum_integrated_iq_covariance_frobenius,upper,0.01903297926670552,0.007663893955900603,0.05332150643718307,0.18,0.1266784935628169,True,,,,,,,,ab|shared|vacuum_e|RESET|cutoff=8,trace-decreasing/no-postselection where logical
gate_metric,ab|shared|vacuum_e|RESET|cutoff=8|iq_ks,ab|shared|vacuum_e|RESET|cutoff=8,iq_two_sample_ks,maximum_iq_two_sample_ks,upper,0.171875,0.051234643580760034,0.4011005710474771,0.24,-0.1611005710474771,False,,,,,,,,ab|shared|vacuum_e|RESET|cutoff=8,trace-decreasing/no-postselection where logical
gate_metric,ab|shared|vacuum_e|RESET|cutoff=8|log_evidence,ab|shared|vacuum_e|RESET|cutoff=8,log_evidence_mean_difference,maximum_log_evidence_mean_difference,upper,0.14345499086184788,0.303445190226292,1.5010792886007462,0.3,-1.2010792886007462,False,,,,,,,,ab|shared|vacuum_e|RESET|cutoff=8,trace-decreasing/no-postselection where logical
gate_metric,ab|shared|vacuum_e|RESET|cutoff=8|posterior,ab|shared|vacuum_e|RESET|cutoff=8,posterior_mean_l1,maximum_posterior_mean_l1,upper,1.490064916429605e-08,1.4895982258885424e-08,8.154579004878048e-08,0.12,0.11999991845420994,True,,,,,,,,ab|shared|vacuum_e|RESET|cutoff=8,trace-decreasing/no-postselection where logical
gate_metric,ab|shared|vacuum_e|RESET|cutoff=8|leakage_residence,ab|shared|vacuum_e|RESET|cutoff=8,leakage_residence_rate_difference,maximum_leakage_residence_rate_difference,upper,0.0,0.0,4.474034657548733e-12,0.1,0.09999999999552597,True,,,,,,,,ab|shared|vacuum_e|RESET|cutoff=8,trace-decreasing/no-postselection where logical
gate_metric,ab|shared|vacuum_e|RESET|cutoff=8|reset_success,ab|shared|vacuum_e|RESET|cutoff=8,reset_success_rate_difference,maximum_reset_success_rate_difference,upper,0.015625,0.01536086898645726,0.08435006021547525,0.12,0.03564993978452474,True,,,,,,,,ab|shared|vacuum_e|RESET|cutoff=8,trace-decreasing/no-postselection where logical
gate_metric,ab|shared|vacuum_e|RESET|cutoff=12|density,ab|shared|vacuum_e|RESET|cutoff=12,ensemble_density_trace_distance,maximum_ensemble_density_trace_distance,upper,0.0,0.0,4.474034657548733e-12,0.1,0.09999999999552597,True,,,,,,,,ab|shared|vacuum_e|RESET|cutoff=12,trace-decreasing/no-postselection where logical
gate_metric,ab|shared|vacuum_e|RESET|cutoff=12|mean_photon,ab|shared|vacuum_e|RESET|cutoff=12,mean_photon_difference,maximum_mean_photon_difference,upper,0.0,0.0,4.474034657548733e-12,0.08,0.07999999999552597,True,,,,,,,,ab|shared|vacuum_e|RESET|cutoff=12,trace-decreasing/no-postselection where logical
gate_metric,ab|shared|vacuum_e|RESET|cutoff=12|levels,ab|shared|vacuum_e|RESET|cutoff=12,level_probability_l1,maximum_level_probability_l1,upper,0.0,0.0,4.474034657548733e-12,0.1,0.09999999999552597,True,,,,,,,,ab|shared|vacuum_e|RESET|cutoff=12,trace-decreasing/no-postselection where logical
gate_metric,ab|shared|vacuum_e|RESET|cutoff=12|iq_mean,ab|shared|vacuum_e|RESET|cutoff=12,integrated_iq_mean_difference,maximum_integrated_iq_mean_difference,upper,0.041699322007622636,0.04292904292935821,0.23376534788896863,0.12,-0.11376534788896864,False,,,,,,,,ab|shared|vacuum_e|RESET|cutoff=12,trace-decreasing/no-postselection where logical
gate_metric,ab|shared|vacuum_e|RESET|cutoff=12|iq_covariance,ab|shared|vacuum_e|RESET|cutoff=12,integrated_iq_covariance_frobenius,maximum_integrated_iq_covariance_frobenius,upper,0.02529591534542584,0.010088007882595146,0.07043001223778132,0.18,0.10956998776221867,True,,,,,,,,ab|shared|vacuum_e|RESET|cutoff=12,trace-decreasing/no-postselection where logical
gate_metric,ab|shared|vacuum_e|RESET|cutoff=12|iq_ks,ab|shared|vacuum_e|RESET|cutoff=12,iq_two_sample_ks,maximum_iq_two_sample_ks,upper,0.25,0.0955454019663874,0.6774734397670421,0.24,-0.4374734397670421,False,,,,,,,,ab|shared|vacuum_e|RESET|cutoff=12,trace-decreasing/no-postselection where logical
gate_metric,ab|shared|vacuum_e|RESET|cutoff=12|log_evidence,ab|shared|vacuum_e|RESET|cutoff=12,log_evidence_mean_difference,maximum_log_evidence_mean_difference,upper,2.1569326746246453,0.8835914587546767,6.11015148420711,0.3,-5.81015148420711,False,,,,,,,,ab|shared|vacuum_e|RESET|cutoff=12,trace-decreasing/no-postselection where logical
gate_metric,ab|shared|vacuum_e|RESET|cutoff=12|posterior,ab|shared|vacuum_e|RESET|cutoff=12,posterior_mean_l1,maximum_posterior_mean_l1,upper,2.3300227672655436e-14,3.467101153043242e-14,4.497334885221388e-12,0.12,0.11999999999550266,True,,,,,,,,ab|shared|vacuum_e|RESET|cutoff=12,trace-decreasing/no-postselection where logical
gate_metric,ab|shared|vacuum_e|RESET|cutoff=12|leakage_residence,ab|shared|vacuum_e|RESET|cutoff=12,leakage_residence_rate_difference,maximum_leakage_residence_rate_difference,upper,0.0,0.0,4.474034657548733e-12,0.1,0.09999999999552597,True,,,,,,,,ab|shared|vacuum_e|RESET|cutoff=12,trace-decreasing/no-postselection where logical
gate_metric,ab|shared|vacuum_e|RESET|cutoff=12|reset_success,ab|shared|vacuum_e|RESET|cutoff=12,reset_success_rate_difference,maximum_reset_success_rate_difference,upper,0.0,0.0,4.474034657548733e-12,0.12,0.11999999999552596,True,,,,,,,,ab|shared|vacuum_e|RESET|cutoff=12,trace-decreasing/no-postselection where logical
gate_metric,ab|shared|vacuum_e|X|cutoff=8|density,ab|shared|vacuum_e|X|cutoff=8,ensemble_density_trace_distance,maximum_ensemble_density_trace_distance,upper,1.0383329800287513e-05,9.833585366148801e-06,5.4379131536401294e-05,0.1,0.0999456208684636,True,,,,,,,,ab|shared|vacuum_e|X|cutoff=8,trace-decreasing/no-postselection where logical
gate_metric,ab|shared|vacuum_e|X|cutoff=8|mean_photon,ab|shared|vacuum_e|X|cutoff=8,mean_photon_difference,maximum_mean_photon_difference,upper,3.6874259617958316e-09,2.9209712196661974e-14,3.6918999964533804e-09,0.08,0.07999999630810001,True,,,,,,,,ab|shared|vacuum_e|X|cutoff=8,trace-decreasing/no-postselection where logical
gate_metric,ab|shared|vacuum_e|X|cutoff=8|levels,ab|shared|vacuum_e|X|cutoff=8,level_probability_l1,maximum_level_probability_l1,upper,1.2396631333115698e-08,1.2392748683132259e-08,6.784221844374084e-08,0.1,0.09999993215778157,True,,,,,,,,ab|shared|vacuum_e|X|cutoff=8,trace-decreasing/no-postselection where logical
gate_metric,ab|shared|vacuum_e|X|cutoff=8|iq_mean,ab|shared|vacuum_e|X|cutoff=8,integrated_iq_mean_difference,maximum_integrated_iq_mean_difference,upper,0.015772074006607528,0.023301959538402875,0.12002584857022025,0.12,-2.5848570220254885e-05,False,,,,,,,,ab|shared|vacuum_e|X|cutoff=8,trace-decreasing/no-postselection where logical
gate_metric,ab|shared|vacuum_e|X|cutoff=8|iq_covariance,ab|shared|vacuum_e|X|cutoff=8,integrated_iq_covariance_frobenius,maximum_integrated_iq_covariance_frobenius,upper,0.01903297926670552,0.007663893955900603,0.05332150643718307,0.18,0.1266784935628169,True,,,,,,,,ab|shared|vacuum_e|X|cutoff=8,trace-decreasing/no-postselection where logical
gate_metric,ab|shared|vacuum_e|X|cutoff=8|iq_ks,ab|shared|vacuum_e|X|cutoff=8,iq_two_sample_ks,maximum_iq_two_sample_ks,upper,0.171875,0.051234643580760034,0.4011005710474771,0.24,-0.1611005710474771,False,,,,,,,,ab|shared|vacuum_e|X|cutoff=8,trace-decreasing/no-postselection where logical
gate_metric,ab|shared|vacuum_e|X|cutoff=8|log_evidence,ab|shared|vacuum_e|X|cutoff=8,log_evidence_mean_difference,maximum_log_evidence_mean_difference,upper,0.1434549922900228,0.3034451905246875,1.5010792913639528,0.3,-1.2010792913639528,False,,,,,,,,ab|shared|vacuum_e|X|cutoff=8,trace-decreasing/no-postselection where logical
gate_metric,ab|shared|vacuum_e|X|cutoff=8|posterior,ab|shared|vacuum_e|X|cutoff=8,posterior_mean_l1,maximum_posterior_mean_l1,upper,1.2396631333115698e-08,1.2392748683132259e-08,6.784221844374084e-08,0.12,0.11999993215778156,True,,,,,,,,ab|shared|vacuum_e|X|cutoff=8,trace-decreasing/no-postselection where logical
gate_metric,ab|shared|vacuum_e|X|cutoff=8|leakage_residence,ab|shared|vacuum_e|X|cutoff=8,leakage_residence_rate_difference,maximum_leakage_residence_rate_difference,upper,0.0,0.0,4.474034657548733e-12,0.1,0.09999999999552597,True,,,,,,,,ab|shared|vacuum_e|X|cutoff=8,trace-decreasing/no-postselection where logical
gate_metric,ab|shared|vacuum_e|XZ|cutoff=8|density,ab|shared|vacuum_e|XZ|cutoff=8,ensemble_density_trace_distance,maximum_ensemble_density_trace_distance,upper,1.2385278957098432e-05,1.1728104183908484e-05,6.485722354324729e-05,0.1,0.09993514277645676,True,,,,,,,,ab|shared|vacuum_e|XZ|cutoff=8,trace-decreasing/no-postselection where logical
gate_metric,ab|shared|vacuum_e|XZ|cutoff=8|mean_photon,ab|shared|vacuum_e|XZ|cutoff=8,mean_photon_difference,maximum_mean_photon_difference,upper,7.374672213178446e-09,8.389045230302175e-14,7.379146247835994e-09,0.08,0.07999999262085375,True,,,,,,,,ab|shared|vacuum_e|XZ|cutoff=8,trace-decreasing/no-postselection where logical
gate_metric,ab|shared|vacuum_e|XZ|cutoff=8|levels,ab|shared|vacuum_e|XZ|cutoff=8,level_probability_l1,maximum_level_probability_l1,upper,1.763709060841376e-08,1.763156676850724e-08,9.652133139759965e-08,0.1,0.0999999034786686,True,,,,,,,,ab|shared|vacuum_e|XZ|cutoff=8,trace-decreasing/no-postselection where logical
gate_metric,ab|shared|vacuum_e|XZ|cutoff=8|iq_mean,ab|shared|vacuum_e|XZ|cutoff=8,integrated_iq_mean_difference,maximum_integrated_iq_mean_difference,upper,0.015772074006607528,0.023301959538402875,0.12002584857022025,0.12,-2.5848570220254885e-05,False,,,,,,,,ab|shared|vacuum_e|XZ|cutoff=8,trace-decreasing/no-postselection where logical
gate_metric,ab|shared|vacuum_e|XZ|cutoff=8|iq_covariance,ab|shared|vacuum_e|XZ|cutoff=8,integrated_iq_covariance_frobenius,maximum_integrated_iq_covariance_frobenius,upper,0.01903297926670552,0.007663893955900603,0.05332150643718307,0.18,0.1266784935628169,True,,,,,,,,ab|shared|vacuum_e|XZ|cutoff=8,trace-decreasing/no-postselection where logical
gate_metric,ab|shared|vacuum_e|XZ|cutoff=8|iq_ks,ab|shared|vacuum_e|XZ|cutoff=8,iq_two_sample_ks,maximum_iq_two_sample_ks,upper,0.171875,0.051234643580760034,0.4011005710474771,0.24,-0.1611005710474771,False,,,,,,,,ab|shared|vacuum_e|XZ|cutoff=8,trace-decreasing/no-postselection where logical
gate_metric,ab|shared|vacuum_e|XZ|cutoff=8|log_evidence,ab|shared|vacuum_e|XZ|cutoff=8,log_evidence_mean_difference,maximum_log_evidence_mean_difference,upper,0.1434549893469299,0.3034451899078215,1.50107928566098,0.3,-1.20107928566098,False,,,,,,,,ab|shared|vacuum_e|XZ|cutoff=8,trace-decreasing/no-postselection where logical
gate_metric,ab|shared|vacuum_e|XZ|cutoff=8|posterior,ab|shared|vacuum_e|XZ|cutoff=8,posterior_mean_l1,maximum_posterior_mean_l1,upper,1.763709060841376e-08,1.763156676850724e-08,9.652133139759965e-08,0.12,0.1199999034786686,True,,,,,,,,ab|shared|vacuum_e|XZ|cutoff=8,trace-decreasing/no-postselection where logical
gate_metric,ab|shared|vacuum_e|XZ|cutoff=8|leakage_residence,ab|shared|vacuum_e|XZ|cutoff=8,leakage_residence_rate_difference,maximum_leakage_residence_rate_difference,upper,0.0,0.0,4.474034657548733e-12,0.1,0.09999999999552597,True,,,,,,,,ab|shared|vacuum_e|XZ|cutoff=8,trace-decreasing/no-postselection where logical
gate_metric,ab|shared|vacuum_e|XZ|cutoff=12|density,ab|shared|vacuum_e|XZ|cutoff=12,ensemble_density_trace_distance,maximum_ensemble_density_trace_distance,upper,2.412200470365755e-08,3.190304256418006e-08,1.668573228170515e-07,0.1,0.09999983314267719,True,,,,,,,,ab|shared|vacuum_e|XZ|cutoff=12,trace-decreasing/no-postselection where logical
gate_metric,ab|shared|vacuum_e|XZ|cutoff=12|mean_photon,ab|shared|vacuum_e|XZ|cutoff=12,mean_photon_difference,maximum_mean_photon_difference,upper,7.374756139100214e-09,3.2805029475996645e-19,7.379230173757762e-09,0.08,0.07999999262076983,True,,,,,,,,ab|shared|vacuum_e|XZ|cutoff=12,trace-decreasing/no-postselection where logical
gate_metric,ab|shared|vacuum_e|XZ|cutoff=12|levels,ab|shared|vacuum_e|XZ|cutoff=12,level_probability_l1,maximum_level_probability_l1,upper,2.7547024555828926e-14,4.104283294166683e-14,4.5015816821045614e-12,0.1,0.09999999999549843,True,,,,,,,,ab|shared|vacuum_e|XZ|cutoff=12,trace-decreasing/no-postselection where logical
gate_metric,ab|shared|vacuum_e|XZ|cutoff=12|iq_mean,ab|shared|vacuum_e|XZ|cutoff=12,integrated_iq_mean_difference,maximum_integrated_iq_mean_difference,upper,0.041699322007622636,0.04292904292935821,0.23376534788896863,0.12,-0.11376534788896864,False,,,,,,,,ab|shared|vacuum_e|XZ|cutoff=12,trace-decreasing/no-postselection where logical
gate_metric,ab|shared|vacuum_e|XZ|cutoff=12|iq_covariance,ab|shared|vacuum_e|XZ|cutoff=12,integrated_iq_covariance_frobenius,maximum_integrated_iq_covariance_frobenius,upper,0.02529591534542584,0.010088007882595146,0.07043001223778132,0.18,0.10956998776221867,True,,,,,,,,ab|shared|vacuum_e|XZ|cutoff=12,trace-decreasing/no-postselection where logical
gate_metric,ab|shared|vacuum_e|XZ|cutoff=12|iq_ks,ab|shared|vacuum_e|XZ|cutoff=12,iq_two_sample_ks,maximum_iq_two_sample_ks,upper,0.25,0.0955454019663874,0.6774734397670421,0.24,-0.4374734397670421,False,,,,,,,,ab|shared|vacuum_e|XZ|cutoff=12,trace-decreasing/no-postselection where logical
gate_metric,ab|shared|vacuum_e|XZ|cutoff=12|log_evidence,ab|shared|vacuum_e|XZ|cutoff=12,log_evidence_mean_difference,maximum_log_evidence_mean_difference,upper,2.1569326744779502,0.8835914587489866,6.110151484034958,0.3,-5.810151484034958,False,,,,,,,,ab|shared|vacuum_e|XZ|cutoff=12,trace-decreasing/no-postselection where logical
gate_metric,ab|shared|vacuum_e|XZ|cutoff=12|posterior,ab|shared|vacuum_e|XZ|cutoff=12,posterior_mean_l1,maximum_posterior_mean_l1,upper,2.7547024555828926e-14,4.104283294166683e-14,4.5015816821045614e-12,0.12,0.11999999999549842,True,,,,,,,,ab|shared|vacuum_e|XZ|cutoff=12,trace-decreasing/no-postselection where logical
gate_metric,ab|shared|vacuum_e|XZ|cutoff=12|leakage_residence,ab|shared|vacuum_e|XZ|cutoff=12,leakage_residence_rate_difference,maximum_leakage_residence_rate_difference,upper,0.0,0.0,4.474034657548733e-12,0.1,0.09999999999552597,True,,,,,,,,ab|shared|vacuum_e|XZ|cutoff=12,trace-decreasing/no-postselection where logical
gate_metric,ab|shared|vacuum_e|Z|cutoff=8|density,ab|shared|vacuum_e|Z|cutoff=8,ensemble_density_trace_distance,maximum_ensemble_density_trace_distance,upper,1.0383329800301559e-05,9.83358536614881e-06,5.4379131536415375e-05,0.1,0.09994562086846359,True,,,,,,,,ab|shared|vacuum_e|Z|cutoff=8,trace-decreasing/no-postselection where logical
gate_metric,ab|shared|vacuum_e|Z|cutoff=8|mean_photon,ab|shared|vacuum_e|Z|cutoff=8,mean_photon_difference,maximum_mean_photon_difference,upper,3.6874259617958316e-09,2.9209712196661974e-14,3.6918999964533804e-09,0.08,0.07999999630810001,True,,,,,,,,ab|shared|vacuum_e|Z|cutoff=8,trace-decreasing/no-postselection where logical
gate_metric,ab|shared|vacuum_e|Z|cutoff=8|levels,ab|shared|vacuum_e|Z|cutoff=8,level_probability_l1,maximum_level_probability_l1,upper,1.2396631333115698e-08,1.2392748683132259e-08,6.784221844374084e-08,0.1,0.09999993215778157,True,,,,,,,,ab|shared|vacuum_e|Z|cutoff=8,trace-decreasing/no-postselection where logical
gate_metric,ab|shared|vacuum_e|Z|cutoff=8|iq_mean,ab|shared|vacuum_e|Z|cutoff=8,integrated_iq_mean_difference,maximum_integrated_iq_mean_difference,upper,0.015772074006607528,0.023301959538402875,0.12002584857022025,0.12,-2.5848570220254885e-05,False,,,,,,,,ab|shared|vacuum_e|Z|cutoff=8,trace-decreasing/no-postselection where logical
gate_metric,ab|shared|vacuum_e|Z|cutoff=8|iq_covariance,ab|shared|vacuum_e|Z|cutoff=8,integrated_iq_covariance_frobenius,maximum_integrated_iq_covariance_frobenius,upper,0.01903297926670552,0.007663893955900603,0.05332150643718307,0.18,0.1266784935628169,True,,,,,,,,ab|shared|vacuum_e|Z|cutoff=8,trace-decreasing/no-postselection where logical
gate_metric,ab|shared|vacuum_e|Z|cutoff=8|iq_ks,ab|shared|vacuum_e|Z|cutoff=8,iq_two_sample_ks,maximum_iq_two_sample_ks,upper,0.171875,0.051234643580760034,0.4011005710474771,0.24,-0.1611005710474771,False,,,,,,,,ab|shared|vacuum_e|Z|cutoff=8,trace-decreasing/no-postselection where logical
gate_metric,ab|shared|vacuum_e|Z|cutoff=8|log_evidence,ab|shared|vacuum_e|Z|cutoff=8,log_evidence_mean_difference,maximum_log_evidence_mean_difference,upper,0.1434549922900228,0.3034451905246875,1.5010792913639528,0.3,-1.2010792913639528,False,,,,,,,,ab|shared|vacuum_e|Z|cutoff=8,trace-decreasing/no-postselection where logical
gate_metric,ab|shared|vacuum_e|Z|cutoff=8|posterior,ab|shared|vacuum_e|Z|cutoff=8,posterior_mean_l1,maximum_posterior_mean_l1,upper,1.2396631333115698e-08,1.2392748683132259e-08,6.784221844374084e-08,0.12,0.11999993215778156,True,,,,,,,,ab|shared|vacuum_e|Z|cutoff=8,trace-decreasing/no-postselection where logical
gate_metric,ab|shared|vacuum_e|Z|cutoff=8|leakage_residence,ab|shared|vacuum_e|Z|cutoff=8,leakage_residence_rate_difference,maximum_leakage_residence_rate_difference,upper,0.0,0.0,4.474034657548733e-12,0.1,0.09999999999552597,True,,,,,,,,ab|shared|vacuum_e|Z|cutoff=8,trace-decreasing/no-postselection where logical
gate_metric,ab|shared|vacuum_f|HOLD|cutoff=8|density,ab|shared|vacuum_f|HOLD|cutoff=8,ensemble_density_trace_distance,maximum_ensemble_density_trace_distance,upper,6.134399780134957e-05,6.066626097467422e-05,0.00033276695194593817,0.1,0.09966723304805407,True,,,,,,,,ab|shared|vacuum_f|HOLD|cutoff=8,trace-decreasing/no-postselection where logical
gate_metric,ab|shared|vacuum_f|HOLD|cutoff=8|mean_photon,ab|shared|vacuum_f|HOLD|cutoff=8,mean_photon_difference,maximum_mean_photon_difference,upper,0.0,0.0,4.474034657548733e-12,0.08,0.07999999999552597,True,,,,,,,,ab|shared|vacuum_f|HOLD|cutoff=8,trace-decreasing/no-postselection where logical
gate_metric,ab|shared|vacuum_f|HOLD|cutoff=8|levels,ab|shared|vacuum_f|HOLD|cutoff=8,level_probability_l1,maximum_level_probability_l1,upper,9.792537416169622e-07,9.688676676571003e-07,5.314001265293236e-06,0.1,0.0999946859987347,True,,,,,,,,ab|shared|vacuum_f|HOLD|cutoff=8,trace-decreasing/no-postselection where logical
gate_metric,ab|shared|vacuum_f|HOLD|cutoff=8|iq_mean,ab|shared|vacuum_f|HOLD|cutoff=8,integrated_iq_mean_difference,maximum_integrated_iq_mean_difference,upper,0.015772074006607958,0.023301959538402906,0.12002584857022083,0.12,-2.5848570220837752e-05,False,,,,,,,,ab|shared|vacuum_f|HOLD|cutoff=8,trace-decreasing/no-postselection where logical
gate_metric,ab|shared|vacuum_f|HOLD|cutoff=8|iq_covariance,ab|shared|vacuum_f|HOLD|cutoff=8,integrated_iq_covariance_frobenius,maximum_integrated_iq_covariance_frobenius,upper,0.019032979266705524,0.007663893955900602,0.05332150643718308,0.18,0.1266784935628169,True,,,,,,,,ab|shared|vacuum_f|HOLD|cutoff=8,trace-decreasing/no-postselection where logical
gate_metric,ab|shared|vacuum_f|HOLD|cutoff=8|iq_ks,ab|shared|vacuum_f|HOLD|cutoff=8,iq_two_sample_ks,maximum_iq_two_sample_ks,upper,0.171875,0.051234643580760034,0.4011005710474771,0.24,-0.1611005710474771,False,,,,,,,,ab|shared|vacuum_f|HOLD|cutoff=8,trace-decreasing/no-postselection where logical
gate_metric,ab|shared|vacuum_f|HOLD|cutoff=8|log_evidence,ab|shared|vacuum_f|HOLD|cutoff=8,log_evidence_mean_difference,maximum_log_evidence_mean_difference,upper,0.1434548620991496,0.30344510104767947,1.5010787608498446,0.3,-1.2010787608498446,False,,,,,,,,ab|shared|vacuum_f|HOLD|cutoff=8,trace-decreasing/no-postselection where logical
gate_metric,ab|shared|vacuum_f|HOLD|cutoff=8|posterior,ab|shared|vacuum_f|HOLD|cutoff=8,posterior_mean_l1,maximum_posterior_mean_l1,upper,9.792537416169622e-07,9.688676676571003e-07,5.314001265293236e-06,0.12,0.1199946859987347,True,,,,,,,,ab|shared|vacuum_f|HOLD|cutoff=8,trace-decreasing/no-postselection where logical
gate_metric,ab|shared|vacuum_f|HOLD|cutoff=8|leakage_residence,ab|shared|vacuum_f|HOLD|cutoff=8,leakage_residence_rate_difference,maximum_leakage_residence_rate_difference,upper,0.0,0.0,4.474034657548733e-12,0.1,0.09999999999552597,True,,,,,,,,ab|shared|vacuum_f|HOLD|cutoff=8,trace-decreasing/no-postselection where logical
gate_metric,ab|shared|vacuum_f|IDLE|cutoff=8|density,ab|shared|vacuum_f|IDLE|cutoff=8,ensemble_density_trace_distance,maximum_ensemble_density_trace_distance,upper,6.0622342687667045e-05,5.994233117547416e-05,0.0003288064098210023,0.1,0.09967119359017901,True,,,,,,,,ab|shared|vacuum_f|IDLE|cutoff=8,trace-decreasing/no-postselection where logical
gate_metric,ab|shared|vacuum_f|IDLE|cutoff=8|mean_photon,ab|shared|vacuum_f|IDLE|cutoff=8,mean_photon_difference,maximum_mean_photon_difference,upper,0.0,0.0,4.474034657548733e-12,0.08,0.07999999999552597,True,,,,,,,,ab|shared|vacuum_f|IDLE|cutoff=8,trace-decreasing/no-postselection where logical
gate_metric,ab|shared|vacuum_f|IDLE|cutoff=8|levels,ab|shared|vacuum_f|IDLE|cutoff=8,level_probability_l1,maximum_level_probability_l1,upper,9.671746619503842e-07,9.56881984252503e-07,5.248297822680083e-06,0.1,0.09999475170217732,True,,,,,,,,ab|shared|vacuum_f|IDLE|cutoff=8,trace-decreasing/no-postselection where logical
gate_metric,ab|shared|vacuum_f|IDLE|cutoff=8|iq_mean,ab|shared|vacuum_f|IDLE|cutoff=8,integrated_iq_mean_difference,maximum_integrated_iq_mean_difference,upper,0.015772074006607958,0.023301959538402906,0.12002584857022083,0.12,-2.5848570220837752e-05,False,,,,,,,,ab|shared|vacuum_f|IDLE|cutoff=8,trace-decreasing/no-postselection where logical
gate_metric,ab|shared|vacuum_f|IDLE|cutoff=8|iq_covariance,ab|shared|vacuum_f|IDLE|cutoff=8,integrated_iq_covariance_frobenius,maximum_integrated_iq_covariance_frobenius,upper,0.019032979266705524,0.007663893955900602,0.05332150643718308,0.18,0.1266784935628169,True,,,,,,,,ab|shared|vacuum_f|IDLE|cutoff=8,trace-decreasing/no-postselection where logical
gate_metric,ab|shared|vacuum_f|IDLE|cutoff=8|iq_ks,ab|shared|vacuum_f|IDLE|cutoff=8,iq_two_sample_ks,maximum_iq_two_sample_ks,upper,0.171875,0.051234643580760034,0.4011005710474771,0.24,-0.1611005710474771,False,,,,,,,,ab|shared|vacuum_f|IDLE|cutoff=8,trace-decreasing/no-postselection where logical
gate_metric,ab|shared|vacuum_f|IDLE|cutoff=8|log_evidence,ab|shared|vacuum_f|IDLE|cutoff=8,log_evidence_mean_difference,maximum_log_evidence_mean_difference,upper,0.1434548681715615,0.3034451028986745,1.5010787752036725,0.3,-1.2010787752036725,False,,,,,,,,ab|shared|vacuum_f|IDLE|cutoff=8,trace-decreasing/no-postselection where logical
gate_metric,ab|shared|vacuum_f|IDLE|cutoff=8|posterior,ab|shared|vacuum_f|IDLE|cutoff=8,posterior_mean_l1,maximum_posterior_mean_l1,upper,9.671746619503842e-07,9.56881984252503e-07,5.248297822680083e-06,0.12,0.11999475170217731,True,,,,,,,,ab|shared|vacuum_f|IDLE|cutoff=8,trace-decreasing/no-postselection where logical
gate_metric,ab|shared|vacuum_f|IDLE|cutoff=8|leakage_residence,ab|shared|vacuum_f|IDLE|cutoff=8,leakage_residence_rate_difference,maximum_leakage_residence_rate_difference,upper,0.0,0.0,4.474034657548733e-12,0.1,0.09999999999552597,True,,,,,,,,ab|shared|vacuum_f|IDLE|cutoff=8,trace-decreasing/no-postselection where logical
gate_metric,ab|shared|vacuum_f|IDLE|cutoff=12|density,ab|shared|vacuum_f|IDLE|cutoff=12,ensemble_density_trace_distance,maximum_ensemble_density_trace_distance,upper,8.636722670984032e-07,4.0783149426148493e-07,2.688324506864174e-06,0.1,0.09999731167549314,True,,,,,,,,ab|shared|vacuum_f|IDLE|cutoff=12,trace-decreasing/no-postselection where logical
gate_metric,ab|shared|vacuum_f|IDLE|cutoff=12|mean_photon,ab|shared|vacuum_f|IDLE|cutoff=12,mean_photon_difference,maximum_mean_photon_difference,upper,0.0,0.0,4.474034657548733e-12,0.08,0.07999999999552597,True,,,,,,,,ab|shared|vacuum_f|IDLE|cutoff=12,trace-decreasing/no-postselection where logical
gate_metric,ab|shared|vacuum_f|IDLE|cutoff=12|levels,ab|shared|vacuum_f|IDLE|cutoff=12,level_probability_l1,maximum_level_probability_l1,upper,1.3522539569843326e-11,6.211761560501737e-12,4.131417607595709e-11,0.1,0.09999999995868583,True,,,,,,,,ab|shared|vacuum_f|IDLE|cutoff=12,trace-decreasing/no-postselection where logical
gate_metric,ab|shared|vacuum_f|IDLE|cutoff=12|iq_mean,ab|shared|vacuum_f|IDLE|cutoff=12,integrated_iq_mean_difference,maximum_integrated_iq_mean_difference,upper,0.04169932200762275,0.04292904292935826,0.23376534788896894,0.12,-0.11376534788896894,False,,,,,,,,ab|shared|vacuum_f|IDLE|cutoff=12,trace-decreasing/no-postselection where logical
gate_metric,ab|shared|vacuum_f|IDLE|cutoff=12|iq_covariance,ab|shared|vacuum_f|IDLE|cutoff=12,integrated_iq_covariance_frobenius,maximum_integrated_iq_covariance_frobenius,upper,0.02529591534542583,0.010088007882595144,0.07043001223778131,0.18,0.10956998776221868,True,,,,,,,,ab|shared|vacuum_f|IDLE|cutoff=12,trace-decreasing/no-postselection where logical
gate_metric,ab|shared|vacuum_f|IDLE|cutoff=12|iq_ks,ab|shared|vacuum_f|IDLE|cutoff=12,iq_two_sample_ks,maximum_iq_two_sample_ks,upper,0.25,0.0955454019663874,0.6774734397670421,0.24,-0.4374734397670421,False,,,,,,,,ab|shared|vacuum_f|IDLE|cutoff=12,trace-decreasing/no-postselection where logical
gate_metric,ab|shared|vacuum_f|IDLE|cutoff=12|log_evidence,ab|shared|vacuum_f|IDLE|cutoff=12,log_evidence_mean_difference,maximum_log_evidence_mean_difference,upper,2.1569330280720767,0.8835914724610124,6.110151898977163,0.3,-5.810151898977163,False,,,,,,,,ab|shared|vacuum_f|IDLE|cutoff=12,trace-decreasing/no-postselection where logical
gate_metric,ab|shared|vacuum_f|IDLE|cutoff=12|posterior,ab|shared|vacuum_f|IDLE|cutoff=12,posterior_mean_l1,maximum_posterior_mean_l1,upper,1.3522539569843326e-11,6.211761560501737e-12,4.131417607595709e-11,0.12,0.11999999995868582,True,,,,,,,,ab|shared|vacuum_f|IDLE|cutoff=12,trace-decreasing/no-postselection where logical
gate_metric,ab|shared|vacuum_f|IDLE|cutoff=12|leakage_residence,ab|shared|vacuum_f|IDLE|cutoff=12,leakage_residence_rate_difference,maximum_leakage_residence_rate_difference,upper,0.0,0.0,4.474034657548733e-12,0.1,0.09999999999552597,True,,,,,,,,ab|shared|vacuum_f|IDLE|cutoff=12,trace-decreasing/no-postselection where logical
gate_metric,ab|shared|vacuum_f|LKG_HOLD|cutoff=8|density,ab|shared|vacuum_f|LKG_HOLD|cutoff=8,ensemble_density_trace_distance,maximum_ensemble_density_trace_distance,upper,6.091099763135221e-05,6.023189833703064e-05,0.00033039059828117917,0.1,0.09966960940171883,True,,,,,,,,ab|shared|vacuum_f|LKG_HOLD|cutoff=8,trace-decreasing/no-postselection where logical
gate_metric,ab|shared|vacuum_f|LKG_HOLD|cutoff=8|mean_photon,ab|shared|vacuum_f|LKG_HOLD|cutoff=8,mean_photon_difference,maximum_mean_photon_difference,upper,0.0,0.0,4.474034657548733e-12,0.08,0.07999999999552597,True,,,,,,,,ab|shared|vacuum_f|LKG_HOLD|cutoff=8,trace-decreasing/no-postselection where logical
gate_metric,ab|shared|vacuum_f|LKG_HOLD|cutoff=8|levels,ab|shared|vacuum_f|LKG_HOLD|cutoff=8,level_probability_l1,maximum_level_probability_l1,upper,9.719890293842964e-07,9.616591265761658e-07,5.274485290434105e-06,0.1,0.09999472551470957,True,,,,,,,,ab|shared|vacuum_f|LKG_HOLD|cutoff=8,trace-decreasing/no-postselection where logical
gate_metric,ab|shared|vacuum_f|LKG_HOLD|cutoff=8|iq_mean,ab|shared|vacuum_f|LKG_HOLD|cutoff=8,integrated_iq_mean_difference,maximum_integrated_iq_mean_difference,upper,0.015772074006607958,0.023301959538402906,0.12002584857022083,0.12,-2.5848570220837752e-05,False,,,,,,,,ab|shared|vacuum_f|LKG_HOLD|cutoff=8,trace-decreasing/no-postselection where logical
gate_metric,ab|shared|vacuum_f|LKG_HOLD|cutoff=8|iq_covariance,ab|shared|vacuum_f|LKG_HOLD|cutoff=8,integrated_iq_covariance_frobenius,maximum_integrated_iq_covariance_frobenius,upper,0.019032979266705524,0.007663893955900602,0.05332150643718308,0.18,0.1266784935628169,True,,,,,,,,ab|shared|vacuum_f|LKG_HOLD|cutoff=8,trace-decreasing/no-postselection where logical
gate_metric,ab|shared|vacuum_f|LKG_HOLD|cutoff=8|iq_ks,ab|shared|vacuum_f|LKG_HOLD|cutoff=8,iq_two_sample_ks,maximum_iq_two_sample_ks,upper,0.171875,0.051234643580760034,0.4011005710474771,0.24,-0.1611005710474771,False,,,,,,,,ab|shared|vacuum_f|LKG_HOLD|cutoff=8,trace-decreasing/no-postselection where logical
gate_metric,ab|shared|vacuum_f|LKG_HOLD|cutoff=8|log_evidence,ab|shared|vacuum_f|LKG_HOLD|cutoff=8,log_evidence_mean_difference,maximum_log_evidence_mean_difference,upper,0.14345486575136235,0.3034451021609363,1.501078769482807,0.3,-1.201078769482807,False,,,,,,,,ab|shared|vacuum_f|LKG_HOLD|cutoff=8,trace-decreasing/no-postselection where logical
gate_metric,ab|shared|vacuum_f|LKG_HOLD|cutoff=8|posterior,ab|shared|vacuum_f|LKG_HOLD|cutoff=8,posterior_mean_l1,maximum_posterior_mean_l1,upper,9.719890293842964e-07,9.616591265761658e-07,5.274485290434105e-06,0.12,0.11999472551470956,True,,,,,,,,ab|shared|vacuum_f|LKG_HOLD|cutoff=8,trace-decreasing/no-postselection where logical
gate_metric,ab|shared|vacuum_f|LKG_HOLD|cutoff=8|leakage_residence,ab|shared|vacuum_f|LKG_HOLD|cutoff=8,leakage_residence_rate_difference,maximum_leakage_residence_rate_difference,upper,0.0,0.0,4.474034657548733e-12,0.1,0.09999999999552597,True,,,,,,,,ab|shared|vacuum_f|LKG_HOLD|cutoff=8,trace-decreasing/no-postselection where logical
gate_metric,ab|shared|vacuum_f|RESET|cutoff=8|density,ab|shared|vacuum_f|RESET|cutoff=8,ensemble_density_trace_distance,maximum_ensemble_density_trace_distance,upper,0.015625000000036877,0.04273405649135014,0.2068186497999828,0.1,-0.10681864979998279,False,,,,,,,,ab|shared|vacuum_f|RESET|cutoff=8,trace-decreasing/no-postselection where logical
gate_metric,ab|shared|vacuum_f|RESET|cutoff=8|mean_photon,ab|shared|vacuum_f|RESET|cutoff=8,mean_photon_difference,maximum_mean_photon_difference,upper,0.0,0.0,4.474034657548733e-12,0.08,0.07999999999552597,True,,,,,,,,ab|shared|vacuum_f|RESET|cutoff=8,trace-decreasing/no-postselection where logical
gate_metric,ab|shared|vacuum_f|RESET|cutoff=8|levels,ab|shared|vacuum_f|RESET|cutoff=8,level_probability_l1,maximum_level_probability_l1,upper,0.031249999999999993,0.08546812189853911,0.41363733948966375,0.1,-0.31363733948966377,False,,,,,,,,ab|shared|vacuum_f|RESET|cutoff=8,trace-decreasing/no-postselection where logical
gate_metric,ab|shared|vacuum_f|RESET|cutoff=8|iq_mean,ab|shared|vacuum_f|RESET|cutoff=8,integrated_iq_mean_difference,maximum_integrated_iq_mean_difference,upper,0.015772074006607958,0.023301959538402906,0.12002584857022083,0.12,-2.5848570220837752e-05,False,,,,,,,,ab|shared|vacuum_f|RESET|cutoff=8,trace-decreasing/no-postselection where logical
gate_metric,ab|shared|vacuum_f|RESET|cutoff=8|iq_covariance,ab|shared|vacuum_f|RESET|cutoff=8,integrated_iq_covariance_frobenius,maximum_integrated_iq_covariance_frobenius,upper,0.019032979266705524,0.007663893955900602,0.05332150643718308,0.18,0.1266784935628169,True,,,,,,,,ab|shared|vacuum_f|RESET|cutoff=8,trace-decreasing/no-postselection where logical
gate_metric,ab|shared|vacuum_f|RESET|cutoff=8|iq_ks,ab|shared|vacuum_f|RESET|cutoff=8,iq_two_sample_ks,maximum_iq_two_sample_ks,upper,0.171875,0.051234643580760034,0.4011005710474771,0.24,-0.1611005710474771,False,,,,,,,,ab|shared|vacuum_f|RESET|cutoff=8,trace-decreasing/no-postselection where logical
gate_metric,ab|shared|vacuum_f|RESET|cutoff=8|log_evidence,ab|shared|vacuum_f|RESET|cutoff=8,log_evidence_mean_difference,maximum_log_evidence_mean_difference,upper,0.14345465414457337,0.30344503770181386,1.5010782694836704,0.3,-1.2010782694836704,False,,,,,,,,ab|shared|vacuum_f|RESET|cutoff=8,trace-decreasing/no-postselection where logical
gate_metric,ab|shared|vacuum_f|RESET|cutoff=8|posterior,ab|shared|vacuum_f|RESET|cutoff=8,posterior_mean_l1,maximum_posterior_mean_l1,upper,1.3922938214070804e-06,1.3786962961677398e-06,7.5606288326956195e-06,0.12,0.1199924393711673,True,,,,,,,,ab|shared|vacuum_f|RESET|cutoff=8,trace-decreasing/no-postselection where logical
gate_metric,ab|shared|vacuum_f|RESET|cutoff=8|leakage_residence,ab|shared|vacuum_f|RESET|cutoff=8,leakage_residence_rate_difference,maximum_leakage_residence_rate_difference,upper,0.015625,0.04273406094928241,0.20681866974488938,0.1,-0.10681866974488938,False,,,,,,,,ab|shared|vacuum_f|RESET|cutoff=8,trace-decreasing/no-postselection where logical
gate_metric,ab|shared|vacuum_f|RESET|cutoff=8|reset_success,ab|shared|vacuum_f|RESET|cutoff=8,reset_success_rate_difference,maximum_reset_success_rate_difference,upper,0.015625,0.04273406094928241,0.20681866974488938,0.12,-0.08681866974488939,False,,,,,,,,ab|shared|vacuum_f|RESET|cutoff=8,trace-decreasing/no-postselection where logical
gate_metric,ab|shared|vacuum_f|RESET|cutoff=12|density,ab|shared|vacuum_f|RESET|cutoff=12,ensemble_density_trace_distance,maximum_ensemble_density_trace_distance,upper,0.06250000000009243,0.09960677392242136,0.5081441586556269,0.1,-0.4081441586556269,False,,,,,,,,ab|shared|vacuum_f|RESET|cutoff=12,trace-decreasing/no-postselection where logical
gate_metric,ab|shared|vacuum_f|RESET|cutoff=12|mean_photon,ab|shared|vacuum_f|RESET|cutoff=12,mean_photon_difference,maximum_mean_photon_difference,upper,0.0,0.0,4.474034657548733e-12,0.08,0.07999999999552597,True,,,,,,,,ab|shared|vacuum_f|RESET|cutoff=12,trace-decreasing/no-postselection where logical
gate_metric,ab|shared|vacuum_f|RESET|cutoff=12|levels,ab|shared|vacuum_f|RESET|cutoff=12,level_probability_l1,maximum_level_probability_l1,upper,0.12499999999999999,0.19921359861374596,1.0162885444529015,0.1,-0.9162885444529015,False,,,,,,,,ab|shared|vacuum_f|RESET|cutoff=12,trace-decreasing/no-postselection where logical
gate_metric,ab|shared|vacuum_f|RESET|cutoff=12|iq_mean,ab|shared|vacuum_f|RESET|cutoff=12,integrated_iq_mean_difference,maximum_integrated_iq_mean_difference,upper,0.04169932200762275,0.04292904292935826,0.23376534788896894,0.12,-0.11376534788896894,False,,,,,,,,ab|shared|vacuum_f|RESET|cutoff=12,trace-decreasing/no-postselection where logical
gate_metric,ab|shared|vacuum_f|RESET|cutoff=12|iq_covariance,ab|shared|vacuum_f|RESET|cutoff=12,integrated_iq_covariance_frobenius,maximum_integrated_iq_covariance_frobenius,upper,0.02529591534542583,0.010088007882595144,0.07043001223778131,0.18,0.10956998776221868,True,,,,,,,,ab|shared|vacuum_f|RESET|cutoff=12,trace-decreasing/no-postselection where logical
gate_metric,ab|shared|vacuum_f|RESET|cutoff=12|iq_ks,ab|shared|vacuum_f|RESET|cutoff=12,iq_two_sample_ks,maximum_iq_two_sample_ks,upper,0.25,0.0955454019663874,0.6774734397670421,0.24,-0.4374734397670421,False,,,,,,,,ab|shared|vacuum_f|RESET|cutoff=12,trace-decreasing/no-postselection where logical
gate_metric,ab|shared|vacuum_f|RESET|cutoff=12|log_evidence,ab|shared|vacuum_f|RESET|cutoff=12,log_evidence_mean_difference,maximum_log_evidence_mean_difference,upper,2.1569330266097566,0.8835914724037454,6.110151897258628,0.3,-5.810151897258629,False,,,,,,,,ab|shared|vacuum_f|RESET|cutoff=12,trace-decreasing/no-postselection where logical
gate_metric,ab|shared|vacuum_f|RESET|cutoff=12|posterior,ab|shared|vacuum_f|RESET|cutoff=12,posterior_mean_l1,maximum_posterior_mean_l1,upper,1.9388572113588694e-11,8.958529273607148e-12,5.946934256437194e-11,0.12,0.11999999994053065,True,,,,,,,,ab|shared|vacuum_f|RESET|cutoff=12,trace-decreasing/no-postselection where logical
gate_metric,ab|shared|vacuum_f|RESET|cutoff=12|leakage_residence,ab|shared|vacuum_f|RESET|cutoff=12,leakage_residence_rate_difference,maximum_leakage_residence_rate_difference,upper,0.0625,0.0996067993069333,0.5081442722267207,0.1,-0.4081442722267207,False,,,,,,,,ab|shared|vacuum_f|RESET|cutoff=12,trace-decreasing/no-postselection where logical
gate_metric,ab|shared|vacuum_f|RESET|cutoff=12|reset_success,ab|shared|vacuum_f|RESET|cutoff=12,reset_success_rate_difference,maximum_reset_success_rate_difference,upper,0.0625,0.0996067993069333,0.5081442722267207,0.12,-0.38814427222672065,False,,,,,,,,ab|shared|vacuum_f|RESET|cutoff=12,trace-decreasing/no-postselection where logical
gate_metric,ab|shared|vacuum_f|X|cutoff=8|density,ab|shared|vacuum_f|X|cutoff=8,ensemble_density_trace_distance,maximum_ensemble_density_trace_distance,upper,7.506782331229588e-05,7.442821709466363e-05,0.000408062246093382,0.1,0.09959193775390662,True,,,,,,,,ab|shared|vacuum_f|X|cutoff=8,trace-decreasing/no-postselection where logical
gate_metric,ab|shared|vacuum_f|X|cutoff=8|mean_photon,ab|shared|vacuum_f|X|cutoff=8,mean_photon_difference,maximum_mean_photon_difference,upper,3.6834726189344247e-09,4.837532744343408e-12,3.705115908089644e-09,0.08,0.0799999962948841,True,,,,,,,,ab|shared|vacuum_f|X|cutoff=8,trace-decreasing/no-postselection where logical
gate_metric,ab|shared|vacuum_f|X|cutoff=8|levels,ab|shared|vacuum_f|X|cutoff=8,level_probability_l1,maximum_level_probability_l1,upper,1.2361277226738641e-06,1.2237483323390303e-06,6.71122017367615e-06,0.1,0.09999328877982633,True,,,,,,,,ab|shared|vacuum_f|X|cutoff=8,trace-decreasing/no-postselection where logical
gate_metric,ab|shared|vacuum_f|X|cutoff=8|iq_mean,ab|shared|vacuum_f|X|cutoff=8,integrated_iq_mean_difference,maximum_integrated_iq_mean_difference,upper,0.015772074006607958,0.023301959538402906,0.12002584857022083,0.12,-2.5848570220837752e-05,False,,,,,,,,ab|shared|vacuum_f|X|cutoff=8,trace-decreasing/no-postselection where logical
gate_metric,ab|shared|vacuum_f|X|cutoff=8|iq_covariance,ab|shared|vacuum_f|X|cutoff=8,integrated_iq_covariance_frobenius,maximum_integrated_iq_covariance_frobenius,upper,0.019032979266705524,0.007663893955900602,0.05332150643718308,0.18,0.1266784935628169,True,,,,,,,,ab|shared|vacuum_f|X|cutoff=8,trace-decreasing/no-postselection where logical
gate_metric,ab|shared|vacuum_f|X|cutoff=8|iq_ks,ab|shared|vacuum_f|X|cutoff=8,iq_two_sample_ks,maximum_iq_two_sample_ks,upper,0.171875,0.051234643580760034,0.4011005710474771,0.24,-0.1611005710474771,False,,,,,,,,ab|shared|vacuum_f|X|cutoff=8,trace-decreasing/no-postselection where logical
gate_metric,ab|shared|vacuum_f|X|cutoff=8|log_evidence,ab|shared|vacuum_f|X|cutoff=8,log_evidence_mean_difference,maximum_log_evidence_mean_difference,upper,0.14345473282752508,0.303445061661802,1.5010784553644394,0.3,-1.2010784553644394,False,,,,,,,,ab|shared|vacuum_f|X|cutoff=8,trace-decreasing/no-postselection where logical
gate_metric,ab|shared|vacuum_f|X|cutoff=8|posterior,ab|shared|vacuum_f|X|cutoff=8,posterior_mean_l1,maximum_posterior_mean_l1,upper,1.2361277226738641e-06,1.2237483323390303e-06,6.71122017367615e-06,0.12,0.11999328877982632,True,,,,,,,,ab|shared|vacuum_f|X|cutoff=8,trace-decreasing/no-postselection where logical
gate_metric,ab|shared|vacuum_f|X|cutoff=8|leakage_residence,ab|shared|vacuum_f|X|cutoff=8,leakage_residence_rate_difference,maximum_leakage_residence_rate_difference,upper,0.0,0.0,4.474034657548733e-12,0.1,0.09999999999552597,True,,,,,,,,ab|shared|vacuum_f|X|cutoff=8,trace-decreasing/no-postselection where logical
gate_metric,ab|shared|vacuum_f|XZ|cutoff=8|density,ab|shared|vacuum_f|XZ|cutoff=8,ensemble_density_trace_distance,maximum_ensemble_density_trace_distance,upper,8.95379994363401e-05,8.893311978154946e-05,0.00048742785954292514,0.1,0.09951257214045708,True,,,,,,,,ab|shared|vacuum_f|XZ|cutoff=8,trace-decreasing/no-postselection where logical
gate_metric,ab|shared|vacuum_f|XZ|cutoff=8|mean_photon,ab|shared|vacuum_f|XZ|cutoff=8,mean_photon_difference,maximum_mean_photon_difference,upper,7.361854428150627e-09,1.4731969072243664e-11,7.427765768353781e-09,0.08,0.07999999257223424,True,,,,,,,,ab|shared|vacuum_f|XZ|cutoff=8,trace-decreasing/no-postselection where logical
gate_metric,ab|shared|vacuum_f|XZ|cutoff=8|levels,ab|shared|vacuum_f|XZ|cutoff=8,level_probability_l1,maximum_level_probability_l1,upper,1.562930070538732e-06,1.5480007083695834e-06,8.488738889694235e-06,0.1,0.0999915112611103,True,,,,,,,,ab|shared|vacuum_f|XZ|cutoff=8,trace-decreasing/no-postselection where logical
gate_metric,ab|shared|vacuum_f|XZ|cutoff=8|iq_mean,ab|shared|vacuum_f|XZ|cutoff=8,integrated_iq_mean_difference,maximum_integrated_iq_mean_difference,upper,0.015772074006607958,0.023301959538402906,0.12002584857022083,0.12,-2.5848570220837752e-05,False,,,,,,,,ab|shared|vacuum_f|XZ|cutoff=8,trace-decreasing/no-postselection where logical
gate_metric,ab|shared|vacuum_f|XZ|cutoff=8|iq_covariance,ab|shared|vacuum_f|XZ|cutoff=8,integrated_iq_covariance_frobenius,maximum_integrated_iq_covariance_frobenius,upper,0.019032979266705524,0.007663893955900602,0.05332150643718308,0.18,0.1266784935628169,True,,,,,,,,ab|shared|vacuum_f|XZ|cutoff=8,trace-decreasing/no-postselection where logical
gate_metric,ab|shared|vacuum_f|XZ|cutoff=8|iq_ks,ab|shared|vacuum_f|XZ|cutoff=8,iq_two_sample_ks,maximum_iq_two_sample_ks,upper,0.171875,0.051234643580760034,0.4011005710474771,0.24,-0.1611005710474771,False,,,,,,,,ab|shared|vacuum_f|XZ|cutoff=8,trace-decreasing/no-postselection where logical
gate_metric,ab|shared|vacuum_f|XZ|cutoff=8|log_evidence,ab|shared|vacuum_f|XZ|cutoff=8,log_evidence_mean_difference,maximum_log_evidence_mean_difference,upper,0.14345456811551216,0.30344501151247916,1.501078066282618,0.3,-1.201078066282618,False,,,,,,,,ab|shared|vacuum_f|XZ|cutoff=8,trace-decreasing/no-postselection where logical
gate_metric,ab|shared|vacuum_f|XZ|cutoff=8|posterior,ab|shared|vacuum_f|XZ|cutoff=8,posterior_mean_l1,maximum_posterior_mean_l1,upper,1.562930070538732e-06,1.5480007083695834e-06,8.488738889694235e-06,0.12,0.1199915112611103,True,,,,,,,,ab|shared|vacuum_f|XZ|cutoff=8,trace-decreasing/no-postselection where logical
gate_metric,ab|shared|vacuum_f|XZ|cutoff=8|leakage_residence,ab|shared|vacuum_f|XZ|cutoff=8,leakage_residence_rate_difference,maximum_leakage_residence_rate_difference,upper,0.0,0.0,4.474034657548733e-12,0.1,0.09999999999552597,True,,,,,,,,ab|shared|vacuum_f|XZ|cutoff=8,trace-decreasing/no-postselection where logical
gate_metric,ab|shared|vacuum_f|XZ|cutoff=12|density,ab|shared|vacuum_f|XZ|cutoff=12,ensemble_density_trace_distance,maximum_ensemble_density_trace_distance,upper,1.2788325270934899e-06,6.048230304569796e-07,3.984831727041669e-06,0.1,0.09999601516827296,True,,,,,,,,ab|shared|vacuum_f|XZ|cutoff=12,trace-decreasing/no-postselection where logical
gate_metric,ab|shared|vacuum_f|XZ|cutoff=12|mean_photon,ab|shared|vacuum_f|XZ|cutoff=12,mean_photon_difference,maximum_mean_photon_difference,upper,7.3766273436803864e-09,9.70767405805845e-17,7.381101378337935e-09,0.08,0.07999999261889862,True,,,,,,,,ab|shared|vacuum_f|XZ|cutoff=12,trace-decreasing/no-postselection where logical
gate_metric,ab|shared|vacuum_f|XZ|cutoff=12|levels,ab|shared|vacuum_f|XZ|cutoff=12,level_probability_l1,maximum_level_probability_l1,upper,2.1743379800238764e-11,1.0061243648240628e-11,6.675773258050938e-11,0.1,0.09999999993324227,True,,,,,,,,ab|shared|vacuum_f|XZ|cutoff=12,trace-decreasing/no-postselection where logical
gate_metric,ab|shared|vacuum_f|XZ|cutoff=12|iq_mean,ab|shared|vacuum_f|XZ|cutoff=12,integrated_iq_mean_difference,maximum_integrated_iq_mean_difference,upper,0.04169932200762275,0.04292904292935826,0.23376534788896894,0.12,-0.11376534788896894,False,,,,,,,,ab|shared|vacuum_f|XZ|cutoff=12,trace-decreasing/no-postselection where logical
gate_metric,ab|shared|vacuum_f|XZ|cutoff=12|iq_covariance,ab|shared|vacuum_f|XZ|cutoff=12,integrated_iq_covariance_frobenius,maximum_integrated_iq_covariance_frobenius,upper,0.02529591534542583,0.010088007882595144,0.07043001223778131,0.18,0.10956998776221868,True,,,,,,,,ab|shared|vacuum_f|XZ|cutoff=12,trace-decreasing/no-postselection where logical
gate_metric,ab|shared|vacuum_f|XZ|cutoff=12|iq_ks,ab|shared|vacuum_f|XZ|cutoff=12,iq_two_sample_ks,maximum_iq_two_sample_ks,upper,0.25,0.0955454019663874,0.6774734397670421,0.24,-0.4374734397670421,False,,,,,,,,ab|shared|vacuum_f|XZ|cutoff=12,trace-decreasing/no-postselection where logical
gate_metric,ab|shared|vacuum_f|XZ|cutoff=12|log_evidence,ab|shared|vacuum_f|XZ|cutoff=12,log_evidence_mean_difference,maximum_log_evidence_mean_difference,upper,2.1569330259016795,0.8835914723760605,6.110151896426688,0.3,-5.810151896426688,False,,,,,,,,ab|shared|vacuum_f|XZ|cutoff=12,trace-decreasing/no-postselection where logical
gate_metric,ab|shared|vacuum_f|XZ|cutoff=12|posterior,ab|shared|vacuum_f|XZ|cutoff=12,posterior_mean_l1,maximum_posterior_mean_l1,upper,2.1743379800238764e-11,1.0061243648240628e-11,6.675773258050938e-11,0.12,0.11999999993324226,True,,,,,,,,ab|shared|vacuum_f|XZ|cutoff=12,trace-decreasing/no-postselection where logical
gate_metric,ab|shared|vacuum_f|XZ|cutoff=12|leakage_residence,ab|shared|vacuum_f|XZ|cutoff=12,leakage_residence_rate_difference,maximum_leakage_residence_rate_difference,upper,0.0,0.0,4.474034657548733e-12,0.1,0.09999999999552597,True,,,,,,,,ab|shared|vacuum_f|XZ|cutoff=12,trace-decreasing/no-postselection where logical
gate_metric,ab|shared|vacuum_f|Z|cutoff=8|density,ab|shared|vacuum_f|Z|cutoff=8,ensemble_density_trace_distance,maximum_ensemble_density_trace_distance,upper,7.506782331230644e-05,7.442821709466299e-05,0.00040806224609338964,0.1,0.09959193775390661,True,,,,,,,,ab|shared|vacuum_f|Z|cutoff=8,trace-decreasing/no-postselection where logical
gate_metric,ab|shared|vacuum_f|Z|cutoff=8|mean_photon,ab|shared|vacuum_f|Z|cutoff=8,mean_photon_difference,maximum_mean_photon_difference,upper,3.683472620669148e-09,4.8375327362480725e-12,3.7051159097881486e-09,0.08,0.0799999962948841,True,,,,,,,,ab|shared|vacuum_f|Z|cutoff=8,trace-decreasing/no-postselection where logical
gate_metric,ab|shared|vacuum_f|Z|cutoff=8|levels,ab|shared|vacuum_f|Z|cutoff=8,level_probability_l1,maximum_level_probability_l1,upper,1.2361277226738641e-06,1.2237483323382476e-06,6.711220173672648e-06,0.1,0.09999328877982633,True,,,,,,,,ab|shared|vacuum_f|Z|cutoff=8,trace-decreasing/no-postselection where logical
gate_metric,ab|shared|vacuum_f|Z|cutoff=8|iq_mean,ab|shared|vacuum_f|Z|cutoff=8,integrated_iq_mean_difference,maximum_integrated_iq_mean_difference,upper,0.015772074006607958,0.023301959538402906,0.12002584857022083,0.12,-2.5848570220837752e-05,False,,,,,,,,ab|shared|vacuum_f|Z|cutoff=8,trace-decreasing/no-postselection where logical
gate_metric,ab|shared|vacuum_f|Z|cutoff=8|iq_covariance,ab|shared|vacuum_f|Z|cutoff=8,integrated_iq_covariance_frobenius,maximum_integrated_iq_covariance_frobenius,upper,0.019032979266705524,0.007663893955900602,0.05332150643718308,0.18,0.1266784935628169,True,,,,,,,,ab|shared|vacuum_f|Z|cutoff=8,trace-decreasing/no-postselection where logical
gate_metric,ab|shared|vacuum_f|Z|cutoff=8|iq_ks,ab|shared|vacuum_f|Z|cutoff=8,iq_two_sample_ks,maximum_iq_two_sample_ks,upper,0.171875,0.051234643580760034,0.4011005710474771,0.24,-0.1611005710474771,False,,,,,,,,ab|shared|vacuum_f|Z|cutoff=8,trace-decreasing/no-postselection where logical
gate_metric,ab|shared|vacuum_f|Z|cutoff=8|log_evidence,ab|shared|vacuum_f|Z|cutoff=8,log_evidence_mean_difference,maximum_log_evidence_mean_difference,upper,0.14345473282752508,0.303445061661802,1.5010784553644394,0.3,-1.2010784553644394,False,,,,,,,,ab|shared|vacuum_f|Z|cutoff=8,trace-decreasing/no-postselection where logical
gate_metric,ab|shared|vacuum_f|Z|cutoff=8|posterior,ab|shared|vacuum_f|Z|cutoff=8,posterior_mean_l1,maximum_posterior_mean_l1,upper,1.2361277226738641e-06,1.2237483323382476e-06,6.711220173672648e-06,0.12,0.11999328877982632,True,,,,,,,,ab|shared|vacuum_f|Z|cutoff=8,trace-decreasing/no-postselection where logical
gate_metric,ab|shared|vacuum_f|Z|cutoff=8|leakage_residence,ab|shared|vacuum_f|Z|cutoff=8,leakage_residence_rate_difference,maximum_leakage_residence_rate_difference,upper,0.0,0.0,4.474034657548733e-12,0.1,0.09999999999552597,True,,,,,,,,ab|shared|vacuum_f|Z|cutoff=8,trace-decreasing/no-postselection where logical
gate_metric,ab|shared|vacuum_g|HOLD|cutoff=8|density,ab|shared|vacuum_g|HOLD|cutoff=8,ensemble_density_trace_distance,maximum_ensemble_density_trace_distance,upper,6.473822388778529e-08,5.3792930024544025e-08,3.05409657148689e-07,0.1,0.09999969459034286,True,,,,,,,,ab|shared|vacuum_g|HOLD|cutoff=8,trace-decreasing/no-postselection where logical
gate_metric,ab|shared|vacuum_g|HOLD|cutoff=8|mean_photon,ab|shared|vacuum_g|HOLD|cutoff=8,mean_photon_difference,maximum_mean_photon_difference,upper,0.0,0.0,4.474034657548733e-12,0.08,0.07999999999552597,True,,,,,,,,ab|shared|vacuum_g|HOLD|cutoff=8,trace-decreasing/no-postselection where logical
gate_metric,ab|shared|vacuum_g|HOLD|cutoff=8|levels,ab|shared|vacuum_g|HOLD|cutoff=8,level_probability_l1,maximum_level_probability_l1,upper,1.558823686151915e-13,2.004514982064634e-13,4.629917026163924e-12,0.1,0.09999999999537008,True,,,,,,,,ab|shared|vacuum_g|HOLD|cutoff=8,trace-decreasing/no-postselection where logical
gate_metric,ab|shared|vacuum_g|HOLD|cutoff=8|iq_mean,ab|shared|vacuum_g|HOLD|cutoff=8,integrated_iq_mean_difference,maximum_integrated_iq_mean_difference,upper,0.015772074006607614,0.02330195953840287,0.12002584857022032,0.12,-2.5848570220324274e-05,False,,,,,,,,ab|shared|vacuum_g|HOLD|cutoff=8,trace-decreasing/no-postselection where logical
gate_metric,ab|shared|vacuum_g|HOLD|cutoff=8|iq_covariance,ab|shared|vacuum_g|HOLD|cutoff=8,integrated_iq_covariance_frobenius,maximum_integrated_iq_covariance_frobenius,upper,0.019032979266705517,0.007663893955900603,0.05332150643718307,0.18,0.1266784935628169,True,,,,,,,,ab|shared|vacuum_g|HOLD|cutoff=8,trace-decreasing/no-postselection where logical
gate_metric,ab|shared|vacuum_g|HOLD|cutoff=8|iq_ks,ab|shared|vacuum_g|HOLD|cutoff=8,iq_two_sample_ks,maximum_iq_two_sample_ks,upper,0.171875,0.051234643580760034,0.4011005710474771,0.24,-0.1611005710474771,False,,,,,,,,ab|shared|vacuum_g|HOLD|cutoff=8,trace-decreasing/no-postselection where logical
gate_metric,ab|shared|vacuum_g|HOLD|cutoff=8|log_evidence,ab|shared|vacuum_g|HOLD|cutoff=8,log_evidence_mean_difference,maximum_log_evidence_mean_difference,upper,0.1434556936627036,0.3034453074914221,1.5010805160498581,0.3,-1.201080516049858,False,,,,,,,,ab|shared|vacuum_g|HOLD|cutoff=8,trace-decreasing/no-postselection where logical
gate_metric,ab|shared|vacuum_g|HOLD|cutoff=8|posterior,ab|shared|vacuum_g|HOLD|cutoff=8,posterior_mean_l1,maximum_posterior_mean_l1,upper,1.558823686151915e-13,2.004514982064634e-13,4.629917026163924e-12,0.12,0.11999999999537007,True,,,,,,,,ab|shared|vacuum_g|HOLD|cutoff=8,trace-decreasing/no-postselection where logical
gate_metric,ab|shared|vacuum_g|HOLD|cutoff=8|leakage_residence,ab|shared|vacuum_g|HOLD|cutoff=8,leakage_residence_rate_difference,maximum_leakage_residence_rate_difference,upper,0.0,0.0,4.474034657548733e-12,0.1,0.09999999999552597,True,,,,,,,,ab|shared|vacuum_g|HOLD|cutoff=8,trace-decreasing/no-postselection where logical
gate_metric,ab|shared|vacuum_g|IDLE|cutoff=8|density,ab|shared|vacuum_g|IDLE|cutoff=8,ensemble_density_trace_distance,maximum_ensemble_density_trace_distance,upper,6.473822391634787e-08,5.379293004849752e-08,3.054096572844204e-07,0.1,0.09999969459034272,True,,,,,,,,ab|shared|vacuum_g|IDLE|cutoff=8,trace-decreasing/no-postselection where logical
gate_metric,ab|shared|vacuum_g|IDLE|cutoff=8|mean_photon,ab|shared|vacuum_g|IDLE|cutoff=8,mean_photon_difference,maximum_mean_photon_difference,upper,0.0,0.0,4.474034657548733e-12,0.08,0.07999999999552597,True,,,,,,,,ab|shared|vacuum_g|IDLE|cutoff=8,trace-decreasing/no-postselection where logical
gate_metric,ab|shared|vacuum_g|IDLE|cutoff=8|levels,ab|shared|vacuum_g|IDLE|cutoff=8,level_probability_l1,maximum_level_probability_l1,upper,1.5588206860813612e-13,2.004522904809201e-13,4.6299167261568685e-12,0.1,0.09999999999537008,True,,,,,,,,ab|shared|vacuum_g|IDLE|cutoff=8,trace-decreasing/no-postselection where logical
gate_metric,ab|shared|vacuum_g|IDLE|cutoff=8|iq_mean,ab|shared|vacuum_g|IDLE|cutoff=8,integrated_iq_mean_difference,maximum_integrated_iq_mean_difference,upper,0.015772074006607614,0.02330195953840287,0.12002584857022032,0.12,-2.5848570220324274e-05,False,,,,,,,,ab|shared|vacuum_g|IDLE|cutoff=8,trace-decreasing/no-postselection where logical
gate_metric,ab|shared|vacuum_g|IDLE|cutoff=8|iq_covariance,ab|shared|vacuum_g|IDLE|cutoff=8,integrated_iq_covariance_frobenius,maximum_integrated_iq_covariance_frobenius,upper,0.019032979266705517,0.007663893955900603,0.05332150643718307,0.18,0.1266784935628169,True,,,,,,,,ab|shared|vacuum_g|IDLE|cutoff=8,trace-decreasing/no-postselection where logical
gate_metric,ab|shared|vacuum_g|IDLE|cutoff=8|iq_ks,ab|shared|vacuum_g|IDLE|cutoff=8,iq_two_sample_ks,maximum_iq_two_sample_ks,upper,0.171875,0.051234643580760034,0.4011005710474771,0.24,-0.1611005710474771,False,,,,,,,,ab|shared|vacuum_g|IDLE|cutoff=8,trace-decreasing/no-postselection where logical
gate_metric,ab|shared|vacuum_g|IDLE|cutoff=8|log_evidence,ab|shared|vacuum_g|IDLE|cutoff=8,log_evidence_mean_difference,maximum_log_evidence_mean_difference,upper,0.14345569366270539,0.30344530749142234,1.501080516049861,0.3,-1.201080516049861,False,,,,,,,,ab|shared|vacuum_g|IDLE|cutoff=8,trace-decreasing/no-postselection where logical
gate_metric,ab|shared|vacuum_g|IDLE|cutoff=8|posterior,ab|shared|vacuum_g|IDLE|cutoff=8,posterior_mean_l1,maximum_posterior_mean_l1,upper,1.5588206860813612e-13,2.004522904809201e-13,4.6299167261568685e-12,0.12,0.11999999999537007,True,,,,,,,,ab|shared|vacuum_g|IDLE|cutoff=8,trace-decreasing/no-postselection where logical
gate_metric,ab|shared|vacuum_g|IDLE|cutoff=8|leakage_residence,ab|shared|vacuum_g|IDLE|cutoff=8,leakage_residence_rate_difference,maximum_leakage_residence_rate_difference,upper,0.0,0.0,4.474034657548733e-12,0.1,0.09999999999552597,True,,,,,,,,ab|shared|vacuum_g|IDLE|cutoff=8,trace-decreasing/no-postselection where logical
gate_metric,ab|shared|vacuum_g|IDLE|cutoff=12|density,ab|shared|vacuum_g|IDLE|cutoff=12,ensemble_density_trace_distance,maximum_ensemble_density_trace_distance,upper,2.8052074343661983e-07,1.666339599548556e-07,1.0260468553992314e-06,0.1,0.09999897395314461,True,,,,,,,,ab|shared|vacuum_g|IDLE|cutoff=12,trace-decreasing/no-postselection where logical
gate_metric,ab|shared|vacuum_g|IDLE|cutoff=12|mean_photon,ab|shared|vacuum_g|IDLE|cutoff=12,mean_photon_difference,maximum_mean_photon_difference,upper,0.0,0.0,4.474034657548733e-12,0.08,0.07999999999552597,True,,,,,,,,ab|shared|vacuum_g|IDLE|cutoff=12,trace-decreasing/no-postselection where logical
gate_metric,ab|shared|vacuum_g|IDLE|cutoff=12|levels,ab|shared|vacuum_g|IDLE|cutoff=12,level_probability_l1,maximum_level_probability_l1,upper,1.0912757619971361e-12,7.026108873298168e-13,5.565310419545869e-12,0.1,0.0999999999944347,True,,,,,,,,ab|shared|vacuum_g|IDLE|cutoff=12,trace-decreasing/no-postselection where logical
gate_metric,ab|shared|vacuum_g|IDLE|cutoff=12|iq_mean,ab|shared|vacuum_g|IDLE|cutoff=12,integrated_iq_mean_difference,maximum_integrated_iq_mean_difference,upper,0.041699322007622636,0.042929042929358195,0.23376534788896855,0.12,-0.11376534788896855,False,,,,,,,,ab|shared|vacuum_g|IDLE|cutoff=12,trace-decreasing/no-postselection where logical
gate_metric,ab|shared|vacuum_g|IDLE|cutoff=12|iq_covariance,ab|shared|vacuum_g|IDLE|cutoff=12,integrated_iq_covariance_frobenius,maximum_integrated_iq_covariance_frobenius,upper,0.02529591534542584,0.010088007882595146,0.07043001223778132,0.18,0.10956998776221867,True,,,,,,,,ab|shared|vacuum_g|IDLE|cutoff=12,trace-decreasing/no-postselection where logical
gate_metric,ab|shared|vacuum_g|IDLE|cutoff=12|iq_ks,ab|shared|vacuum_g|IDLE|cutoff=12,iq_two_sample_ks,maximum_iq_two_sample_ks,upper,0.25,0.0955454019663874,0.6774734397670421,0.24,-0.4374734397670421,False,,,,,,,,ab|shared|vacuum_g|IDLE|cutoff=12,trace-decreasing/no-postselection where logical
gate_metric,ab|shared|vacuum_g|IDLE|cutoff=12|log_evidence,ab|shared|vacuum_g|IDLE|cutoff=12,log_evidence_mean_difference,maximum_log_evidence_mean_difference,upper,2.156933369975656,0.8835914857222229,6.1101523002118565,0.3,-5.810152300211857,False,,,,,,,,ab|shared|vacuum_g|IDLE|cutoff=12,trace-decreasing/no-postselection where logical
gate_metric,ab|shared|vacuum_g|IDLE|cutoff=12|posterior,ab|shared|vacuum_g|IDLE|cutoff=12,posterior_mean_l1,maximum_posterior_mean_l1,upper,1.0912757619971361e-12,7.026108873298168e-13,5.565310419545869e-12,0.12,0.11999999999443468,True,,,,,,,,ab|shared|vacuum_g|IDLE|cutoff=12,trace-decreasing/no-postselection where logical
gate_metric,ab|shared|vacuum_g|IDLE|cutoff=12|leakage_residence,ab|shared|vacuum_g|IDLE|cutoff=12,leakage_residence_rate_difference,maximum_leakage_residence_rate_difference,upper,0.0,0.0,4.474034657548733e-12,0.1,0.09999999999552597,True,,,,,,,,ab|shared|vacuum_g|IDLE|cutoff=12,trace-decreasing/no-postselection where logical
gate_metric,ab|shared|vacuum_g|LKG_HOLD|cutoff=8|density,ab|shared|vacuum_g|LKG_HOLD|cutoff=8,ensemble_density_trace_distance,maximum_ensemble_density_trace_distance,upper,6.4738223905048e-08,5.379293003902023e-08,3.054096572307188e-07,0.1,0.09999969459034277,True,,,,,,,,ab|shared|vacuum_g|LKG_HOLD|cutoff=8,trace-decreasing/no-postselection where logical
gate_metric,ab|shared|vacuum_g|LKG_HOLD|cutoff=8|mean_photon,ab|shared|vacuum_g|LKG_HOLD|cutoff=8,mean_photon_difference,maximum_mean_photon_difference,upper,0.0,0.0,4.474034657548733e-12,0.08,0.07999999999552597,True,,,,,,,,ab|shared|vacuum_g|LKG_HOLD|cutoff=8,trace-decreasing/no-postselection where logical
gate_metric,ab|shared|vacuum_g|LKG_HOLD|cutoff=8|levels,ab|shared|vacuum_g|LKG_HOLD|cutoff=8,level_probability_l1,maximum_level_probability_l1,upper,1.5588218829832296e-13,2.0045214572089626e-13,4.629916845847056e-12,0.1,0.09999999999537008,True,,,,,,,,ab|shared|vacuum_g|LKG_HOLD|cutoff=8,trace-decreasing/no-postselection where logical
gate_metric,ab|shared|vacuum_g|LKG_HOLD|cutoff=8|iq_mean,ab|shared|vacuum_g|LKG_HOLD|cutoff=8,integrated_iq_mean_difference,maximum_integrated_iq_mean_difference,upper,0.015772074006607614,0.02330195953840287,0.12002584857022032,0.12,-2.5848570220324274e-05,False,,,,,,,,ab|shared|vacuum_g|LKG_HOLD|cutoff=8,trace-decreasing/no-postselection where logical
gate_metric,ab|shared|vacuum_g|LKG_HOLD|cutoff=8|iq_covariance,ab|shared|vacuum_g|LKG_HOLD|cutoff=8,integrated_iq_covariance_frobenius,maximum_integrated_iq_covariance_frobenius,upper,0.019032979266705517,0.007663893955900603,0.05332150643718307,0.18,0.1266784935628169,True,,,,,,,,ab|shared|vacuum_g|LKG_HOLD|cutoff=8,trace-decreasing/no-postselection where logical
gate_metric,ab|shared|vacuum_g|LKG_HOLD|cutoff=8|iq_ks,ab|shared|vacuum_g|LKG_HOLD|cutoff=8,iq_two_sample_ks,maximum_iq_two_sample_ks,upper,0.171875,0.051234643580760034,0.4011005710474771,0.24,-0.1611005710474771,False,,,,,,,,ab|shared|vacuum_g|LKG_HOLD|cutoff=8,trace-decreasing/no-postselection where logical
gate_metric,ab|shared|vacuum_g|LKG_HOLD|cutoff=8|log_evidence,ab|shared|vacuum_g|LKG_HOLD|cutoff=8,log_evidence_mean_difference,maximum_log_evidence_mean_difference,upper,0.14345569366270539,0.30344530749142257,1.501080516049862,0.3,-1.2010805160498619,False,,,,,,,,ab|shared|vacuum_g|LKG_HOLD|cutoff=8,trace-decreasing/no-postselection where logical
gate_metric,ab|shared|vacuum_g|LKG_HOLD|cutoff=8|posterior,ab|shared|vacuum_g|LKG_HOLD|cutoff=8,posterior_mean_l1,maximum_posterior_mean_l1,upper,1.5588218829832296e-13,2.0045214572089626e-13,4.629916845847056e-12,0.12,0.11999999999537007,True,,,,,,,,ab|shared|vacuum_g|LKG_HOLD|cutoff=8,trace-decreasing/no-postselection where logical
gate_metric,ab|shared|vacuum_g|LKG_HOLD|cutoff=8|leakage_residence,ab|shared|vacuum_g|LKG_HOLD|cutoff=8,leakage_residence_rate_difference,maximum_leakage_residence_rate_difference,upper,0.0,0.0,4.474034657548733e-12,0.1,0.09999999999552597,True,,,,,,,,ab|shared|vacuum_g|LKG_HOLD|cutoff=8,trace-decreasing/no-postselection where logical
gate_metric,ab|shared|vacuum_g|RESET|cutoff=8|density,ab|shared|vacuum_g|RESET|cutoff=8,ensemble_density_trace_distance,maximum_ensemble_density_trace_distance,upper,0.0,0.0,4.474034657548733e-12,0.1,0.09999999999552597,True,,,,,,,,ab|shared|vacuum_g|RESET|cutoff=8,trace-decreasing/no-postselection where logical
gate_metric,ab|shared|vacuum_g|RESET|cutoff=8|mean_photon,ab|shared|vacuum_g|RESET|cutoff=8,mean_photon_difference,maximum_mean_photon_difference,upper,0.0,0.0,4.474034657548733e-12,0.08,0.07999999999552597,True,,,,,,,,ab|shared|vacuum_g|RESET|cutoff=8,trace-decreasing/no-postselection where logical
gate_metric,ab|shared|vacuum_g|RESET|cutoff=8|levels,ab|shared|vacuum_g|RESET|cutoff=8,level_probability_l1,maximum_level_probability_l1,upper,0.0,0.0,4.474034657548733e-12,0.1,0.09999999999552597,True,,,,,,,,ab|shared|vacuum_g|RESET|cutoff=8,trace-decreasing/no-postselection where logical
gate_metric,ab|shared|vacuum_g|RESET|cutoff=8|iq_mean,ab|shared|vacuum_g|RESET|cutoff=8,integrated_iq_mean_difference,maximum_integrated_iq_mean_difference,upper,0.015772074006607614,0.02330195953840287,0.12002584857022032,0.12,-2.5848570220324274e-05,False,,,,,,,,ab|shared|vacuum_g|RESET|cutoff=8,trace-decreasing/no-postselection where logical
gate_metric,ab|shared|vacuum_g|RESET|cutoff=8|iq_covariance,ab|shared|vacuum_g|RESET|cutoff=8,integrated_iq_covariance_frobenius,maximum_integrated_iq_covariance_frobenius,upper,0.019032979266705517,0.007663893955900603,0.05332150643718307,0.18,0.1266784935628169,True,,,,,,,,ab|shared|vacuum_g|RESET|cutoff=8,trace-decreasing/no-postselection where logical
gate_metric,ab|shared|vacuum_g|RESET|cutoff=8|iq_ks,ab|shared|vacuum_g|RESET|cutoff=8,iq_two_sample_ks,maximum_iq_two_sample_ks,upper,0.171875,0.051234643580760034,0.4011005710474771,0.24,-0.1611005710474771,False,,,,,,,,ab|shared|vacuum_g|RESET|cutoff=8,trace-decreasing/no-postselection where logical
gate_metric,ab|shared|vacuum_g|RESET|cutoff=8|log_evidence,ab|shared|vacuum_g|RESET|cutoff=8,log_evidence_mean_difference,maximum_log_evidence_mean_difference,upper,0.14345569366268407,0.3034453074914188,1.5010805160498237,0.3,-1.2010805160498237,False,,,,,,,,ab|shared|vacuum_g|RESET|cutoff=8,trace-decreasing/no-postselection where logical
gate_metric,ab|shared|vacuum_g|RESET|cutoff=8|posterior,ab|shared|vacuum_g|RESET|cutoff=8,posterior_mean_l1,maximum_posterior_mean_l1,upper,1.5589220090411443e-13,2.0046673774984685e-13,4.629926858452847e-12,0.12,0.11999999999537007,True,,,,,,,,ab|shared|vacuum_g|RESET|cutoff=8,trace-decreasing/no-postselection where logical
gate_metric,ab|shared|vacuum_g|RESET|cutoff=8|leakage_residence,ab|shared|vacuum_g|RESET|cutoff=8,leakage_residence_rate_difference,maximum_leakage_residence_rate_difference,upper,0.0,0.0,4.474034657548733e-12,0.1,0.09999999999552597,True,,,,,,,,ab|shared|vacuum_g|RESET|cutoff=8,trace-decreasing/no-postselection where logical
gate_metric,ab|shared|vacuum_g|RESET|cutoff=8|reset_success,ab|shared|vacuum_g|RESET|cutoff=8,reset_success_rate_difference,maximum_reset_success_rate_difference,upper,0.0,0.0,4.474034657548733e-12,0.12,0.11999999999552596,True,,,,,,,,ab|shared|vacuum_g|RESET|cutoff=8,trace-decreasing/no-postselection where logical
gate_metric,ab|shared|vacuum_g|RESET|cutoff=12|density,ab|shared|vacuum_g|RESET|cutoff=12,ensemble_density_trace_distance,maximum_ensemble_density_trace_distance,upper,0.0,0.0,4.474034657548733e-12,0.1,0.09999999999552597,True,,,,,,,,ab|shared|vacuum_g|RESET|cutoff=12,trace-decreasing/no-postselection where logical
gate_metric,ab|shared|vacuum_g|RESET|cutoff=12|mean_photon,ab|shared|vacuum_g|RESET|cutoff=12,mean_photon_difference,maximum_mean_photon_difference,upper,0.0,0.0,4.474034657548733e-12,0.08,0.07999999999552597,True,,,,,,,,ab|shared|vacuum_g|RESET|cutoff=12,trace-decreasing/no-postselection where logical
gate_metric,ab|shared|vacuum_g|RESET|cutoff=12|levels,ab|shared|vacuum_g|RESET|cutoff=12,level_probability_l1,maximum_level_probability_l1,upper,0.0,0.0,4.474034657548733e-12,0.1,0.09999999999552597,True,,,,,,,,ab|shared|vacuum_g|RESET|cutoff=12,trace-decreasing/no-postselection where logical
gate_metric,ab|shared|vacuum_g|RESET|cutoff=12|iq_mean,ab|shared|vacuum_g|RESET|cutoff=12,integrated_iq_mean_difference,maximum_integrated_iq_mean_difference,upper,0.041699322007622636,0.042929042929358195,0.23376534788896855,0.12,-0.11376534788896855,False,,,,,,,,ab|shared|vacuum_g|RESET|cutoff=12,trace-decreasing/no-postselection where logical
gate_metric,ab|shared|vacuum_g|RESET|cutoff=12|iq_covariance,ab|shared|vacuum_g|RESET|cutoff=12,integrated_iq_covariance_frobenius,maximum_integrated_iq_covariance_frobenius,upper,0.02529591534542584,0.010088007882595146,0.07043001223778132,0.18,0.10956998776221867,True,,,,,,,,ab|shared|vacuum_g|RESET|cutoff=12,trace-decreasing/no-postselection where logical
gate_metric,ab|shared|vacuum_g|RESET|cutoff=12|iq_ks,ab|shared|vacuum_g|RESET|cutoff=12,iq_two_sample_ks,maximum_iq_two_sample_ks,upper,0.25,0.0955454019663874,0.6774734397670421,0.24,-0.4374734397670421,False,,,,,,,,ab|shared|vacuum_g|RESET|cutoff=12,trace-decreasing/no-postselection where logical
gate_metric,ab|shared|vacuum_g|RESET|cutoff=12|log_evidence,ab|shared|vacuum_g|RESET|cutoff=12,log_evidence_mean_difference,maximum_log_evidence_mean_difference,upper,2.1569333699756363,0.8835914857222222,6.110152300211835,0.3,-5.810152300211835,False,,,,,,,,ab|shared|vacuum_g|RESET|cutoff=12,trace-decreasing/no-postselection where logical
gate_metric,ab|shared|vacuum_g|RESET|cutoff=12|posterior,ab|shared|vacuum_g|RESET|cutoff=12,posterior_mean_l1,maximum_posterior_mean_l1,upper,1.0914582865055668e-12,7.027348346884793e-13,5.565492944054299e-12,0.12,0.1199999999944345,True,,,,,,,,ab|shared|vacuum_g|RESET|cutoff=12,trace-decreasing/no-postselection where logical
gate_metric,ab|shared|vacuum_g|RESET|cutoff=12|leakage_residence,ab|shared|vacuum_g|RESET|cutoff=12,leakage_residence_rate_difference,maximum_leakage_residence_rate_difference,upper,0.0,0.0,4.474034657548733e-12,0.1,0.09999999999552597,True,,,,,,,,ab|shared|vacuum_g|RESET|cutoff=12,trace-decreasing/no-postselection where logical
gate_metric,ab|shared|vacuum_g|RESET|cutoff=12|reset_success,ab|shared|vacuum_g|RESET|cutoff=12,reset_success_rate_difference,maximum_reset_success_rate_difference,upper,0.0,0.0,4.474034657548733e-12,0.12,0.11999999999552596,True,,,,,,,,ab|shared|vacuum_g|RESET|cutoff=12,trace-decreasing/no-postselection where logical
gate_metric,ab|shared|vacuum_g|X|cutoff=8|density,ab|shared|vacuum_g|X|cutoff=8,ensemble_density_trace_distance,maximum_ensemble_density_trace_distance,upper,6.668316974965479e-08,5.3615870306043407e-08,3.0656243169353093e-07,0.1,0.09999969343756832,True,,,,,,,,ab|shared|vacuum_g|X|cutoff=8,trace-decreasing/no-postselection where logical
gate_metric,ab|shared|vacuum_g|X|cutoff=8|mean_photon,ab|shared|vacuum_g|X|cutoff=8,mean_photon_difference,maximum_mean_photon_difference,upper,3.6860515854886255e-09,3.33287984050745e-18,3.6905256201461744e-09,0.08,0.07999999630947438,True,,,,,,,,ab|shared|vacuum_g|X|cutoff=8,trace-decreasing/no-postselection where logical
gate_metric,ab|shared|vacuum_g|X|cutoff=8|levels,ab|shared|vacuum_g|X|cutoff=8,level_probability_l1,maximum_level_probability_l1,upper,1.5589117994371827e-13,2.004624019142339e-13,4.629925837492451e-12,0.1,0.09999999999537008,True,,,,,,,,ab|shared|vacuum_g|X|cutoff=8,trace-decreasing/no-postselection where logical
gate_metric,ab|shared|vacuum_g|X|cutoff=8|iq_mean,ab|shared|vacuum_g|X|cutoff=8,integrated_iq_mean_difference,maximum_integrated_iq_mean_difference,upper,0.015772074006607614,0.02330195953840287,0.12002584857022032,0.12,-2.5848570220324274e-05,False,,,,,,,,ab|shared|vacuum_g|X|cutoff=8,trace-decreasing/no-postselection where logical
gate_metric,ab|shared|vacuum_g|X|cutoff=8|iq_covariance,ab|shared|vacuum_g|X|cutoff=8,integrated_iq_covariance_frobenius,maximum_integrated_iq_covariance_frobenius,upper,0.019032979266705517,0.007663893955900603,0.05332150643718307,0.18,0.1266784935628169,True,,,,,,,,ab|shared|vacuum_g|X|cutoff=8,trace-decreasing/no-postselection where logical
gate_metric,ab|shared|vacuum_g|X|cutoff=8|iq_ks,ab|shared|vacuum_g|X|cutoff=8,iq_two_sample_ks,maximum_iq_two_sample_ks,upper,0.171875,0.051234643580760034,0.4011005710474771,0.24,-0.1611005710474771,False,,,,,,,,ab|shared|vacuum_g|X|cutoff=8,trace-decreasing/no-postselection where logical
gate_metric,ab|shared|vacuum_g|X|cutoff=8|log_evidence,ab|shared|vacuum_g|X|cutoff=8,log_evidence_mean_difference,maximum_log_evidence_mean_difference,upper,0.14345569366777688,0.30344530749226617,1.5010805160587077,0.3,-1.2010805160587077,False,,,,,,,,ab|shared|vacuum_g|X|cutoff=8,trace-decreasing/no-postselection where logical
gate_metric,ab|shared|vacuum_g|X|cutoff=8|posterior,ab|shared|vacuum_g|X|cutoff=8,posterior_mean_l1,maximum_posterior_mean_l1,upper,1.5589117994371827e-13,2.004624019142339e-13,4.629925837492451e-12,0.12,0.11999999999537007,True,,,,,,,,ab|shared|vacuum_g|X|cutoff=8,trace-decreasing/no-postselection where logical
gate_metric,ab|shared|vacuum_g|X|cutoff=8|leakage_residence,ab|shared|vacuum_g|X|cutoff=8,leakage_residence_rate_difference,maximum_leakage_residence_rate_difference,upper,0.0,0.0,4.474034657548733e-12,0.1,0.09999999999552597,True,,,,,,,,ab|shared|vacuum_g|X|cutoff=8,trace-decreasing/no-postselection where logical
gate_metric,ab|shared|vacuum_g|XZ|cutoff=8|density,ab|shared|vacuum_g|XZ|cutoff=8,ensemble_density_trace_distance,maximum_ensemble_density_trace_distance,upper,6.878365910330138e-08,5.3261940784080385e-08,3.0707942809958536e-07,0.1,0.09999969292057191,True,,,,,,,,ab|shared|vacuum_g|XZ|cutoff=8,trace-decreasing/no-postselection where logical
gate_metric,ab|shared|vacuum_g|XZ|cutoff=8|mean_photon,ab|shared|vacuum_g|XZ|cutoff=8,mean_photon_difference,maximum_mean_photon_difference,upper,7.371893907814897e-09,7.354100299846913e-18,7.3763679424724455e-09,0.08,0.07999999262363205,True,,,,,,,,ab|shared|vacuum_g|XZ|cutoff=8,trace-decreasing/no-postselection where logical
gate_metric,ab|shared|vacuum_g|XZ|cutoff=8|levels,ab|shared|vacuum_g|XZ|cutoff=8,level_probability_l1,maximum_level_probability_l1,upper,1.5590139787616076e-13,2.0051420765620053e-13,4.629936055424893e-12,0.1,0.09999999999537007,True,,,,,,,,ab|shared|vacuum_g|XZ|cutoff=8,trace-decreasing/no-postselection where logical
gate_metric,ab|shared|vacuum_g|XZ|cutoff=8|iq_mean,ab|shared|vacuum_g|XZ|cutoff=8,integrated_iq_mean_difference,maximum_integrated_iq_mean_difference,upper,0.015772074006607614,0.02330195953840287,0.12002584857022032,0.12,-2.5848570220324274e-05,False,,,,,,,,ab|shared|vacuum_g|XZ|cutoff=8,trace-decreasing/no-postselection where logical
gate_metric,ab|shared|vacuum_g|XZ|cutoff=8|iq_covariance,ab|shared|vacuum_g|XZ|cutoff=8,integrated_iq_covariance_frobenius,maximum_integrated_iq_covariance_frobenius,upper,0.019032979266705517,0.007663893955900603,0.05332150643718307,0.18,0.1266784935628169,True,,,,,,,,ab|shared|vacuum_g|XZ|cutoff=8,trace-decreasing/no-postselection where logical
gate_metric,ab|shared|vacuum_g|XZ|cutoff=8|iq_ks,ab|shared|vacuum_g|XZ|cutoff=8,iq_two_sample_ks,maximum_iq_two_sample_ks,upper,0.171875,0.051234643580760034,0.4011005710474771,0.24,-0.1611005710474771,False,,,,,,,,ab|shared|vacuum_g|XZ|cutoff=8,trace-decreasing/no-postselection where logical
gate_metric,ab|shared|vacuum_g|XZ|cutoff=8|log_evidence,ab|shared|vacuum_g|XZ|cutoff=8,log_evidence_mean_difference,maximum_log_evidence_mean_difference,upper,0.14345569367296385,0.3034453074931287,1.5010805160677538,0.3,-1.2010805160677538,False,,,,,,,,ab|shared|vacuum_g|XZ|cutoff=8,trace-decreasing/no-postselection where logical
gate_metric,ab|shared|vacuum_g|XZ|cutoff=8|posterior,ab|shared|vacuum_g|XZ|cutoff=8,posterior_mean_l1,maximum_posterior_mean_l1,upper,1.5590139787616076e-13,2.0051420765620053e-13,4.629936055424893e-12,0.12,0.11999999999537006,True,,,,,,,,ab|shared|vacuum_g|XZ|cutoff=8,trace-decreasing/no-postselection where logical
gate_metric,ab|shared|vacuum_g|XZ|cutoff=8|leakage_residence,ab|shared|vacuum_g|XZ|cutoff=8,leakage_residence_rate_difference,maximum_leakage_residence_rate_difference,upper,0.0,0.0,4.474034657548733e-12,0.1,0.09999999999552597,True,,,,,,,,ab|shared|vacuum_g|XZ|cutoff=8,trace-decreasing/no-postselection where logical
gate_metric,ab|shared|vacuum_g|XZ|cutoff=12|density,ab|shared|vacuum_g|XZ|cutoff=12,ensemble_density_trace_distance,maximum_ensemble_density_trace_distance,upper,2.842996900127108e-07,1.6640526826162384e-07,1.02880262741391e-06,0.1,0.0999989711973726,True,,,,,,,,ab|shared|vacuum_g|XZ|cutoff=12,trace-decreasing/no-postselection where logical
gate_metric,ab|shared|vacuum_g|XZ|cutoff=12|mean_photon,ab|shared|vacuum_g|XZ|cutoff=12,mean_photon_difference,maximum_mean_photon_difference,upper,7.371893893937109e-09,1.0961358913411778e-17,7.376367928594658e-09,0.08,0.07999999262363207,True,,,,,,,,ab|shared|vacuum_g|XZ|cutoff=12,trace-decreasing/no-postselection where logical
gate_metric,ab|shared|vacuum_g|XZ|cutoff=12|levels,ab|shared|vacuum_g|XZ|cutoff=12,level_probability_l1,maximum_level_probability_l1,upper,1.0912850998093133e-12,7.027671687297985e-13,5.565319757358046e-12,0.1,0.09999999999443468,True,,,,,,,,ab|shared|vacuum_g|XZ|cutoff=12,trace-decreasing/no-postselection where logical
gate_metric,ab|shared|vacuum_g|XZ|cutoff=12|iq_mean,ab|shared|vacuum_g|XZ|cutoff=12,integrated_iq_mean_difference,maximum_integrated_iq_mean_difference,upper,0.041699322007622636,0.042929042929358195,0.23376534788896855,0.12,-0.11376534788896855,False,,,,,,,,ab|shared|vacuum_g|XZ|cutoff=12,trace-decreasing/no-postselection where logical
gate_metric,ab|shared|vacuum_g|XZ|cutoff=12|iq_covariance,ab|shared|vacuum_g|XZ|cutoff=12,integrated_iq_covariance_frobenius,maximum_integrated_iq_covariance_frobenius,upper,0.02529591534542584,0.010088007882595146,0.07043001223778132,0.18,0.10956998776221867,True,,,,,,,,ab|shared|vacuum_g|XZ|cutoff=12,trace-decreasing/no-postselection where logical
gate_metric,ab|shared|vacuum_g|XZ|cutoff=12|iq_ks,ab|shared|vacuum_g|XZ|cutoff=12,iq_two_sample_ks,maximum_iq_two_sample_ks,upper,0.25,0.0955454019663874,0.6774734397670421,0.24,-0.4374734397670421,False,,,,,,,,ab|shared|vacuum_g|XZ|cutoff=12,trace-decreasing/no-postselection where logical
gate_metric,ab|shared|vacuum_g|XZ|cutoff=12|log_evidence,ab|shared|vacuum_g|XZ|cutoff=12,log_evidence_mean_difference,maximum_log_evidence_mean_difference,upper,2.156933369985911,0.8835914857226213,6.110152300223895,0.3,-5.810152300223895,False,,,,,,,,ab|shared|vacuum_g|XZ|cutoff=12,trace-decreasing/no-postselection where logical
gate_metric,ab|shared|vacuum_g|XZ|cutoff=12|posterior,ab|shared|vacuum_g|XZ|cutoff=12,posterior_mean_l1,maximum_posterior_mean_l1,upper,1.0912850998093133e-12,7.027671687297985e-13,5.565319757358046e-12,0.12,0.11999999999443467,True,,,,,,,,ab|shared|vacuum_g|XZ|cutoff=12,trace-decreasing/no-postselection where logical
gate_metric,ab|shared|vacuum_g|XZ|cutoff=12|leakage_residence,ab|shared|vacuum_g|XZ|cutoff=12,leakage_residence_rate_difference,maximum_leakage_residence_rate_difference,upper,0.0,0.0,4.474034657548733e-12,0.1,0.09999999999552597,True,,,,,,,,ab|shared|vacuum_g|XZ|cutoff=12,trace-decreasing/no-postselection where logical
gate_metric,ab|shared|vacuum_g|Z|cutoff=8|density,ab|shared|vacuum_g|Z|cutoff=8,ensemble_density_trace_distance,maximum_ensemble_density_trace_distance,upper,6.668316976658405e-08,5.361587030542069e-08,3.0656243170767415e-07,0.1,0.0999996934375683,True,,,,,,,,ab|shared|vacuum_g|Z|cutoff=8,trace-decreasing/no-postselection where logical
gate_metric,ab|shared|vacuum_g|Z|cutoff=8|mean_photon,ab|shared|vacuum_g|Z|cutoff=8,mean_photon_difference,maximum_mean_photon_difference,upper,3.6860515993664134e-09,3.362510932398425e-18,3.690525634023962e-09,0.08,0.07999999630947437,True,,,,,,,,ab|shared|vacuum_g|Z|cutoff=8,trace-decreasing/no-postselection where logical
gate_metric,ab|shared|vacuum_g|Z|cutoff=8|levels,ab|shared|vacuum_g|Z|cutoff=8,level_probability_l1,maximum_level_probability_l1,upper,1.5589117994371837e-13,2.004624019142339e-13,4.629925837492451e-12,0.1,0.09999999999537008,True,,,,,,,,ab|shared|vacuum_g|Z|cutoff=8,trace-decreasing/no-postselection where logical
gate_metric,ab|shared|vacuum_g|Z|cutoff=8|iq_mean,ab|shared|vacuum_g|Z|cutoff=8,integrated_iq_mean_difference,maximum_integrated_iq_mean_difference,upper,0.015772074006607614,0.02330195953840287,0.12002584857022032,0.12,-2.5848570220324274e-05,False,,,,,,,,ab|shared|vacuum_g|Z|cutoff=8,trace-decreasing/no-postselection where logical
gate_metric,ab|shared|vacuum_g|Z|cutoff=8|iq_covariance,ab|shared|vacuum_g|Z|cutoff=8,integrated_iq_covariance_frobenius,maximum_integrated_iq_covariance_frobenius,upper,0.019032979266705517,0.007663893955900603,0.05332150643718307,0.18,0.1266784935628169,True,,,,,,,,ab|shared|vacuum_g|Z|cutoff=8,trace-decreasing/no-postselection where logical
gate_metric,ab|shared|vacuum_g|Z|cutoff=8|iq_ks,ab|shared|vacuum_g|Z|cutoff=8,iq_two_sample_ks,maximum_iq_two_sample_ks,upper,0.171875,0.051234643580760034,0.4011005710474771,0.24,-0.1611005710474771,False,,,,,,,,ab|shared|vacuum_g|Z|cutoff=8,trace-decreasing/no-postselection where logical
gate_metric,ab|shared|vacuum_g|Z|cutoff=8|log_evidence,ab|shared|vacuum_g|Z|cutoff=8,log_evidence_mean_difference,maximum_log_evidence_mean_difference,upper,0.14345569366777688,0.3034453074922661,1.5010805160587075,0.3,-1.2010805160587075,False,,,,,,,,ab|shared|vacuum_g|Z|cutoff=8,trace-decreasing/no-postselection where logical
gate_metric,ab|shared|vacuum_g|Z|cutoff=8|posterior,ab|shared|vacuum_g|Z|cutoff=8,posterior_mean_l1,maximum_posterior_mean_l1,upper,1.5589117994371837e-13,2.004624019142339e-13,4.629925837492451e-12,0.12,0.11999999999537007,True,,,,,,,,ab|shared|vacuum_g|Z|cutoff=8,trace-decreasing/no-postselection where logical
gate_metric,ab|shared|vacuum_g|Z|cutoff=8|leakage_residence,ab|shared|vacuum_g|Z|cutoff=8,leakage_residence_rate_difference,maximum_leakage_residence_rate_difference,upper,0.0,0.0,4.474034657548733e-12,0.1,0.09999999999552597,True,,,,,,,,ab|shared|vacuum_g|Z|cutoff=8,trace-decreasing/no-postselection where logical
gate_metric,ab|shared|zero_one_plus_g|HOLD|cutoff=8|density,ab|shared|zero_one_plus_g|HOLD|cutoff=8,ensemble_density_trace_distance,maximum_ensemble_density_trace_distance,upper,6.511568193607472e-08,5.324211383152038e-08,3.0332274445945163e-07,0.1,0.09999969667725554,True,,,,,,,,ab|shared|zero_one_plus_g|HOLD|cutoff=8,trace-decreasing/no-postselection where logical
gate_metric,ab|shared|zero_one_plus_g|HOLD|cutoff=8|mean_photon,ab|shared|zero_one_plus_g|HOLD|cutoff=8,mean_photon_difference,maximum_mean_photon_difference,upper,1.4921341939810873e-11,7.254187410788227e-17,1.9395376597359606e-11,0.08,0.07999999998060463,True,,,,,,,,ab|shared|zero_one_plus_g|HOLD|cutoff=8,trace-decreasing/no-postselection where logical
gate_metric,ab|shared|zero_one_plus_g|HOLD|cutoff=8|levels,ab|shared|zero_one_plus_g|HOLD|cutoff=8,level_probability_l1,maximum_level_probability_l1,upper,1.5609298852422863e-13,2.0060705218393032e-13,4.630127646072961e-12,0.1,0.09999999999536988,True,,,,,,,,ab|shared|zero_one_plus_g|HOLD|cutoff=8,trace-decreasing/no-postselection where logical
gate_metric,ab|shared|zero_one_plus_g|HOLD|cutoff=8|iq_mean,ab|shared|zero_one_plus_g|HOLD|cutoff=8,integrated_iq_mean_difference,maximum_integrated_iq_mean_difference,upper,0.015772074006607614,0.02330195953840287,0.12002584857022032,0.12,-2.5848570220324274e-05,False,,,,,,,,ab|shared|zero_one_plus_g|HOLD|cutoff=8,trace-decreasing/no-postselection where logical
gate_metric,ab|shared|zero_one_plus_g|HOLD|cutoff=8|iq_covariance,ab|shared|zero_one_plus_g|HOLD|cutoff=8,integrated_iq_covariance_frobenius,maximum_integrated_iq_covariance_frobenius,upper,0.019032979266705517,0.007663893955900603,0.05332150643718307,0.18,0.1266784935628169,True,,,,,,,,ab|shared|zero_one_plus_g|HOLD|cutoff=8,trace-decreasing/no-postselection where logical
gate_metric,ab|shared|zero_one_plus_g|HOLD|cutoff=8|iq_ks,ab|shared|zero_one_plus_g|HOLD|cutoff=8,iq_two_sample_ks,maximum_iq_two_sample_ks,upper,0.171875,0.051234643580760034,0.4011005710474771,0.24,-0.1611005710474771,False,,,,,,,,ab|shared|zero_one_plus_g|HOLD|cutoff=8,trace-decreasing/no-postselection where logical
gate_metric,ab|shared|zero_one_plus_g|HOLD|cutoff=8|log_evidence,ab|shared|zero_one_plus_g|HOLD|cutoff=8,log_evidence_mean_difference,maximum_log_evidence_mean_difference,upper,0.14345569380757084,0.30344530751551874,1.5010805163025345,0.3,-1.2010805163025344,False,,,,,,,,ab|shared|zero_one_plus_g|HOLD|cutoff=8,trace-decreasing/no-postselection where logical
gate_metric,ab|shared|zero_one_plus_g|HOLD|cutoff=8|posterior,ab|shared|zero_one_plus_g|HOLD|cutoff=8,posterior_mean_l1,maximum_posterior_mean_l1,upper,1.5609298852422863e-13,2.0060705218393032e-13,4.630127646072961e-12,0.12,0.11999999999536987,True,,,,,,,,ab|shared|zero_one_plus_g|HOLD|cutoff=8,trace-decreasing/no-postselection where logical
gate_metric,ab|shared|zero_one_plus_g|HOLD|cutoff=8|leakage_residence,ab|shared|zero_one_plus_g|HOLD|cutoff=8,leakage_residence_rate_difference,maximum_leakage_residence_rate_difference,upper,0.0,0.0,4.474034657548733e-12,0.1,0.09999999999552597,True,,,,,,,,ab|shared|zero_one_plus_g|HOLD|cutoff=8,trace-decreasing/no-postselection where logical
gate_metric,ab|shared|zero_one_plus_g|IDLE|cutoff=8|density,ab|shared|zero_one_plus_g|IDLE|cutoff=8,ensemble_density_trace_distance,maximum_ensemble_density_trace_distance,upper,6.51156819449873e-08,5.324211386551398e-08,3.0332274462045274e-07,0.1,0.09999969667725539,True,,,,,,,,ab|shared|zero_one_plus_g|IDLE|cutoff=8,trace-decreasing/no-postselection where logical
gate_metric,ab|shared|zero_one_plus_g|IDLE|cutoff=8|mean_photon,ab|shared|zero_one_plus_g|IDLE|cutoff=8,mean_photon_difference,maximum_mean_photon_difference,upper,1.492161949556703e-11,7.466207541092706e-17,1.9395654153115762e-11,0.08,0.07999999998060435,True,,,,,,,,ab|shared|zero_one_plus_g|IDLE|cutoff=8,trace-decreasing/no-postselection where logical
gate_metric,ab|shared|zero_one_plus_g|IDLE|cutoff=8|levels,ab|shared|zero_one_plus_g|IDLE|cutoff=8,level_probability_l1,maximum_level_probability_l1,upper,1.560926886019903e-13,2.0060655867125047e-13,4.630127346150723e-12,0.1,0.09999999999536988,True,,,,,,,,ab|shared|zero_one_plus_g|IDLE|cutoff=8,trace-decreasing/no-postselection where logical
gate_metric,ab|shared|zero_one_plus_g|IDLE|cutoff=8|iq_mean,ab|shared|zero_one_plus_g|IDLE|cutoff=8,integrated_iq_mean_difference,maximum_integrated_iq_mean_difference,upper,0.015772074006607614,0.02330195953840287,0.12002584857022032,0.12,-2.5848570220324274e-05,False,,,,,,,,ab|shared|zero_one_plus_g|IDLE|cutoff=8,trace-decreasing/no-postselection where logical
gate_metric,ab|shared|zero_one_plus_g|IDLE|cutoff=8|iq_covariance,ab|shared|zero_one_plus_g|IDLE|cutoff=8,integrated_iq_covariance_frobenius,maximum_integrated_iq_covariance_frobenius,upper,0.019032979266705517,0.007663893955900603,0.05332150643718307,0.18,0.1266784935628169,True,,,,,,,,ab|shared|zero_one_plus_g|IDLE|cutoff=8,trace-decreasing/no-postselection where logical
gate_metric,ab|shared|zero_one_plus_g|IDLE|cutoff=8|iq_ks,ab|shared|zero_one_plus_g|IDLE|cutoff=8,iq_two_sample_ks,maximum_iq_two_sample_ks,upper,0.171875,0.051234643580760034,0.4011005710474771,0.24,-0.1611005710474771,False,,,,,,,,ab|shared|zero_one_plus_g|IDLE|cutoff=8,trace-decreasing/no-postselection where logical
gate_metric,ab|shared|zero_one_plus_g|IDLE|cutoff=8|log_evidence,ab|shared|zero_one_plus_g|IDLE|cutoff=8,log_evidence_mean_difference,maximum_log_evidence_mean_difference,upper,0.14345569380756729,0.3034453075155188,1.5010805163025311,0.3,-1.201080516302531,False,,,,,,,,ab|shared|zero_one_plus_g|IDLE|cutoff=8,trace-decreasing/no-postselection where logical
gate_metric,ab|shared|zero_one_plus_g|IDLE|cutoff=8|posterior,ab|shared|zero_one_plus_g|IDLE|cutoff=8,posterior_mean_l1,maximum_posterior_mean_l1,upper,1.560926886019903e-13,2.0060655867125047e-13,4.630127346150723e-12,0.12,0.11999999999536987,True,,,,,,,,ab|shared|zero_one_plus_g|IDLE|cutoff=8,trace-decreasing/no-postselection where logical
gate_metric,ab|shared|zero_one_plus_g|IDLE|cutoff=8|leakage_residence,ab|shared|zero_one_plus_g|IDLE|cutoff=8,leakage_residence_rate_difference,maximum_leakage_residence_rate_difference,upper,0.0,0.0,4.474034657548733e-12,0.1,0.09999999999552597,True,,,,,,,,ab|shared|zero_one_plus_g|IDLE|cutoff=8,trace-decreasing/no-postselection where logical
gate_metric,ab|shared|zero_one_plus_g|IDLE|cutoff=12|density,ab|shared|zero_one_plus_g|IDLE|cutoff=12,ensemble_density_trace_distance,maximum_ensemble_density_trace_distance,upper,2.806962995800097e-07,1.6637937955893066e-07,1.0250834100281205e-06,0.1,0.09999897491658997,True,,,,,,,,ab|shared|zero_one_plus_g|IDLE|cutoff=12,trace-decreasing/no-postselection where logical
gate_metric,ab|shared|zero_one_plus_g|IDLE|cutoff=12|mean_photon,ab|shared|zero_one_plus_g|IDLE|cutoff=12,mean_photon_difference,maximum_mean_photon_difference,upper,1.4921064384054716e-11,1.0521920733435135e-16,1.939509904160345e-11,0.08,0.0799999999806049,True,,,,,,,,ab|shared|zero_one_plus_g|IDLE|cutoff=12,trace-decreasing/no-postselection where logical
gate_metric,ab|shared|zero_one_plus_g|IDLE|cutoff=12|levels,ab|shared|zero_one_plus_g|IDLE|cutoff=12,level_probability_l1,maximum_level_probability_l1,upper,1.0918987687811725e-12,7.030013450316309e-13,5.565933426329905e-12,0.1,0.09999999999443407,True,,,,,,,,ab|shared|zero_one_plus_g|IDLE|cutoff=12,trace-decreasing/no-postselection where logical
gate_metric,ab|shared|zero_one_plus_g|IDLE|cutoff=12|iq_mean,ab|shared|zero_one_plus_g|IDLE|cutoff=12,integrated_iq_mean_difference,maximum_integrated_iq_mean_difference,upper,0.041699322007622636,0.042929042929358195,0.23376534788896855,0.12,-0.11376534788896855,False,,,,,,,,ab|shared|zero_one_plus_g|IDLE|cutoff=12,trace-decreasing/no-postselection where logical
gate_metric,ab|shared|zero_one_plus_g|IDLE|cutoff=12|iq_covariance,ab|shared|zero_one_plus_g|IDLE|cutoff=12,integrated_iq_covariance_frobenius,maximum_integrated_iq_covariance_frobenius,upper,0.02529591534542584,0.010088007882595146,0.07043001223778132,0.18,0.10956998776221867,True,,,,,,,,ab|shared|zero_one_plus_g|IDLE|cutoff=12,trace-decreasing/no-postselection where logical
gate_metric,ab|shared|zero_one_plus_g|IDLE|cutoff=12|iq_ks,ab|shared|zero_one_plus_g|IDLE|cutoff=12,iq_two_sample_ks,maximum_iq_two_sample_ks,upper,0.25,0.0955454019663874,0.6774734397670421,0.24,-0.4374734397670421,False,,,,,,,,ab|shared|zero_one_plus_g|IDLE|cutoff=12,trace-decreasing/no-postselection where logical
gate_metric,ab|shared|zero_one_plus_g|IDLE|cutoff=12|log_evidence,ab|shared|zero_one_plus_g|IDLE|cutoff=12,log_evidence_mean_difference,maximum_log_evidence_mean_difference,upper,2.1569333701205196,0.8835914857278419,6.11015230038186,0.3,-5.81015230038186,False,,,,,,,,ab|shared|zero_one_plus_g|IDLE|cutoff=12,trace-decreasing/no-postselection where logical
gate_metric,ab|shared|zero_one_plus_g|IDLE|cutoff=12|posterior,ab|shared|zero_one_plus_g|IDLE|cutoff=12,posterior_mean_l1,maximum_posterior_mean_l1,upper,1.0918987687811725e-12,7.030013450316309e-13,5.565933426329905e-12,0.12,0.11999999999443406,True,,,,,,,,ab|shared|zero_one_plus_g|IDLE|cutoff=12,trace-decreasing/no-postselection where logical
gate_metric,ab|shared|zero_one_plus_g|IDLE|cutoff=12|leakage_residence,ab|shared|zero_one_plus_g|IDLE|cutoff=12,leakage_residence_rate_difference,maximum_leakage_residence_rate_difference,upper,0.0,0.0,4.474034657548733e-12,0.1,0.09999999999552597,True,,,,,,,,ab|shared|zero_one_plus_g|IDLE|cutoff=12,trace-decreasing/no-postselection where logical
gate_metric,ab|shared|zero_one_plus_g|LKG_HOLD|cutoff=8|density,ab|shared|zero_one_plus_g|LKG_HOLD|cutoff=8,ensemble_density_trace_distance,maximum_ensemble_density_trace_distance,upper,6.511568194213081e-08,5.324211385168266e-08,3.033227445557145e-07,0.1,0.09999969667725545,True,,,,,,,,ab|shared|zero_one_plus_g|LKG_HOLD|cutoff=8,trace-decreasing/no-postselection where logical
gate_metric,ab|shared|zero_one_plus_g|LKG_HOLD|cutoff=8|mean_photon,ab|shared|zero_one_plus_g|LKG_HOLD|cutoff=8,mean_photon_difference,maximum_mean_photon_difference,upper,1.4920453761391173e-11,7.240411237112455e-17,1.9394488418939906e-11,0.08,0.07999999998060552,True,,,,,,,,ab|shared|zero_one_plus_g|LKG_HOLD|cutoff=8,trace-decreasing/no-postselection where logical
gate_metric,ab|shared|zero_one_plus_g|LKG_HOLD|cutoff=8|levels,ab|shared|zero_one_plus_g|LKG_HOLD|cutoff=8,level_probability_l1,maximum_level_probability_l1,upper,1.5609280825819793e-13,2.0060670771608934e-13,4.630127465806931e-12,0.1,0.09999999999536988,True,,,,,,,,ab|shared|zero_one_plus_g|LKG_HOLD|cutoff=8,trace-decreasing/no-postselection where logical
gate_metric,ab|shared|zero_one_plus_g|LKG_HOLD|cutoff=8|iq_mean,ab|shared|zero_one_plus_g|LKG_HOLD|cutoff=8,integrated_iq_mean_difference,maximum_integrated_iq_mean_difference,upper,0.015772074006607614,0.02330195953840287,0.12002584857022032,0.12,-2.5848570220324274e-05,False,,,,,,,,ab|shared|zero_one_plus_g|LKG_HOLD|cutoff=8,trace-decreasing/no-postselection where logical
gate_metric,ab|shared|zero_one_plus_g|LKG_HOLD|cutoff=8|iq_covariance,ab|shared|zero_one_plus_g|LKG_HOLD|cutoff=8,integrated_iq_covariance_frobenius,maximum_integrated_iq_covariance_frobenius,upper,0.019032979266705517,0.007663893955900603,0.05332150643718307,0.18,0.1266784935628169,True,,,,,,,,ab|shared|zero_one_plus_g|LKG_HOLD|cutoff=8,trace-decreasing/no-postselection where logical
gate_metric,ab|shared|zero_one_plus_g|LKG_HOLD|cutoff=8|iq_ks,ab|shared|zero_one_plus_g|LKG_HOLD|cutoff=8,iq_two_sample_ks,maximum_iq_two_sample_ks,upper,0.171875,0.051234643580760034,0.4011005710474771,0.24,-0.1611005710474771,False,,,,,,,,ab|shared|zero_one_plus_g|LKG_HOLD|cutoff=8,trace-decreasing/no-postselection where logical
gate_metric,ab|shared|zero_one_plus_g|LKG_HOLD|cutoff=8|log_evidence,ab|shared|zero_one_plus_g|LKG_HOLD|cutoff=8,log_evidence_mean_difference,maximum_log_evidence_mean_difference,upper,0.14345569380756906,0.30344530751551874,1.5010805163025327,0.3,-1.2010805163025327,False,,,,,,,,ab|shared|zero_one_plus_g|LKG_HOLD|cutoff=8,trace-decreasing/no-postselection where logical
gate_metric,ab|shared|zero_one_plus_g|LKG_HOLD|cutoff=8|posterior,ab|shared|zero_one_plus_g|LKG_HOLD|cutoff=8,posterior_mean_l1,maximum_posterior_mean_l1,upper,1.5609280825819793e-13,2.0060670771608934e-13,4.630127465806931e-12,0.12,0.11999999999536987,True,,,,,,,,ab|shared|zero_one_plus_g|LKG_HOLD|cutoff=8,trace-decreasing/no-postselection where logical
gate_metric,ab|shared|zero_one_plus_g|LKG_HOLD|cutoff=8|leakage_residence,ab|shared|zero_one_plus_g|LKG_HOLD|cutoff=8,leakage_residence_rate_difference,maximum_leakage_residence_rate_difference,upper,0.0,0.0,4.474034657548733e-12,0.1,0.09999999999552597,True,,,,,,,,ab|shared|zero_one_plus_g|LKG_HOLD|cutoff=8,trace-decreasing/no-postselection where logical
gate_metric,ab|shared|zero_one_plus_g|RESET|cutoff=8|density,ab|shared|zero_one_plus_g|RESET|cutoff=8,ensemble_density_trace_distance,maximum_ensemble_density_trace_distance,upper,6.818519601643025e-09,3.637130449047589e-15,6.8229936363005736e-09,0.1,0.09999999317700636,True,,,,,,,,ab|shared|zero_one_plus_g|RESET|cutoff=8,trace-decreasing/no-postselection where logical
gate_metric,ab|shared|zero_one_plus_g|RESET|cutoff=8|mean_photon,ab|shared|zero_one_plus_g|RESET|cutoff=8,mean_photon_difference,maximum_mean_photon_difference,upper,1.4915846335838978e-11,6.998601833212654e-17,1.938988099338771e-11,0.08,0.07999999998061012,True,,,,,,,,ab|shared|zero_one_plus_g|RESET|cutoff=8,trace-decreasing/no-postselection where logical
gate_metric,ab|shared|zero_one_plus_g|RESET|cutoff=8|levels,ab|shared|zero_one_plus_g|RESET|cutoff=8,level_probability_l1,maximum_level_probability_l1,upper,0.0,0.0,4.474034657548733e-12,0.1,0.09999999999552597,True,,,,,,,,ab|shared|zero_one_plus_g|RESET|cutoff=8,trace-decreasing/no-postselection where logical
gate_metric,ab|shared|zero_one_plus_g|RESET|cutoff=8|iq_mean,ab|shared|zero_one_plus_g|RESET|cutoff=8,integrated_iq_mean_difference,maximum_integrated_iq_mean_difference,upper,0.015772074006607614,0.02330195953840287,0.12002584857022032,0.12,-2.5848570220324274e-05,False,,,,,,,,ab|shared|zero_one_plus_g|RESET|cutoff=8,trace-decreasing/no-postselection where logical
gate_metric,ab|shared|zero_one_plus_g|RESET|cutoff=8|iq_covariance,ab|shared|zero_one_plus_g|RESET|cutoff=8,integrated_iq_covariance_frobenius,maximum_integrated_iq_covariance_frobenius,upper,0.019032979266705517,0.007663893955900603,0.05332150643718307,0.18,0.1266784935628169,True,,,,,,,,ab|shared|zero_one_plus_g|RESET|cutoff=8,trace-decreasing/no-postselection where logical
gate_metric,ab|shared|zero_one_plus_g|RESET|cutoff=8|iq_ks,ab|shared|zero_one_plus_g|RESET|cutoff=8,iq_two_sample_ks,maximum_iq_two_sample_ks,upper,0.171875,0.051234643580760034,0.4011005710474771,0.24,-0.1611005710474771,False,,,,,,,,ab|shared|zero_one_plus_g|RESET|cutoff=8,trace-decreasing/no-postselection where logical
gate_metric,ab|shared|zero_one_plus_g|RESET|cutoff=8|log_evidence,ab|shared|zero_one_plus_g|RESET|cutoff=8,log_evidence_mean_difference,maximum_log_evidence_mean_difference,upper,0.14345569380756196,0.30344530751551807,1.5010805163025227,0.3,-1.2010805163025227,False,,,,,,,,ab|shared|zero_one_plus_g|RESET|cutoff=8,trace-decreasing/no-postselection where logical
gate_metric,ab|shared|zero_one_plus_g|RESET|cutoff=8|posterior,ab|shared|zero_one_plus_g|RESET|cutoff=8,posterior_mean_l1,maximum_posterior_mean_l1,upper,1.5610281854454651e-13,2.0063343077512284e-13,4.6301374760932796e-12,0.12,0.11999999999536985,True,,,,,,,,ab|shared|zero_one_plus_g|RESET|cutoff=8,trace-decreasing/no-postselection where logical
gate_metric,ab|shared|zero_one_plus_g|RESET|cutoff=8|leakage_residence,ab|shared|zero_one_plus_g|RESET|cutoff=8,leakage_residence_rate_difference,maximum_leakage_residence_rate_difference,upper,0.0,0.0,4.474034657548733e-12,0.1,0.09999999999552597,True,,,,,,,,ab|shared|zero_one_plus_g|RESET|cutoff=8,trace-decreasing/no-postselection where logical
gate_metric,ab|shared|zero_one_plus_g|RESET|cutoff=8|reset_success,ab|shared|zero_one_plus_g|RESET|cutoff=8,reset_success_rate_difference,maximum_reset_success_rate_difference,upper,0.0,0.0,4.474034657548733e-12,0.12,0.11999999999552596,True,,,,,,,,ab|shared|zero_one_plus_g|RESET|cutoff=8,trace-decreasing/no-postselection where logical
gate_metric,ab|shared|zero_one_plus_g|RESET|cutoff=12|density,ab|shared|zero_one_plus_g|RESET|cutoff=12,ensemble_density_trace_distance,maximum_ensemble_density_trace_distance,upper,6.818508462598577e-09,8.35757891058788e-15,6.822982497256126e-09,0.1,0.09999999317701751,True,,,,,,,,ab|shared|zero_one_plus_g|RESET|cutoff=12,trace-decreasing/no-postselection where logical
gate_metric,ab|shared|zero_one_plus_g|RESET|cutoff=12|mean_photon,ab|shared|zero_one_plus_g|RESET|cutoff=12,mean_photon_difference,maximum_mean_photon_difference,upper,1.4916068380443903e-11,8.915557073954679e-17,1.9390103037992637e-11,0.08,0.0799999999806099,True,,,,,,,,ab|shared|zero_one_plus_g|RESET|cutoff=12,trace-decreasing/no-postselection where logical
gate_metric,ab|shared|zero_one_plus_g|RESET|cutoff=12|levels,ab|shared|zero_one_plus_g|RESET|cutoff=12,level_probability_l1,maximum_level_probability_l1,upper,0.0,0.0,4.474034657548733e-12,0.1,0.09999999999552597,True,,,,,,,,ab|shared|zero_one_plus_g|RESET|cutoff=12,trace-decreasing/no-postselection where logical
gate_metric,ab|shared|zero_one_plus_g|RESET|cutoff=12|iq_mean,ab|shared|zero_one_plus_g|RESET|cutoff=12,integrated_iq_mean_difference,maximum_integrated_iq_mean_difference,upper,0.041699322007622636,0.042929042929358195,0.23376534788896855,0.12,-0.11376534788896855,False,,,,,,,,ab|shared|zero_one_plus_g|RESET|cutoff=12,trace-decreasing/no-postselection where logical
gate_metric,ab|shared|zero_one_plus_g|RESET|cutoff=12|iq_covariance,ab|shared|zero_one_plus_g|RESET|cutoff=12,integrated_iq_covariance_frobenius,maximum_integrated_iq_covariance_frobenius,upper,0.02529591534542584,0.010088007882595146,0.07043001223778132,0.18,0.10956998776221867,True,,,,,,,,ab|shared|zero_one_plus_g|RESET|cutoff=12,trace-decreasing/no-postselection where logical
gate_metric,ab|shared|zero_one_plus_g|RESET|cutoff=12|iq_ks,ab|shared|zero_one_plus_g|RESET|cutoff=12,iq_two_sample_ks,maximum_iq_two_sample_ks,upper,0.25,0.0955454019663874,0.6774734397670421,0.24,-0.4374734397670421,False,,,,,,,,ab|shared|zero_one_plus_g|RESET|cutoff=12,trace-decreasing/no-postselection where logical
gate_metric,ab|shared|zero_one_plus_g|RESET|cutoff=12|log_evidence,ab|shared|zero_one_plus_g|RESET|cutoff=12,log_evidence_mean_difference,maximum_log_evidence_mean_difference,upper,2.1569333701205124,0.8835914857278417,6.110152300381852,0.3,-5.810152300381852,False,,,,,,,,ab|shared|zero_one_plus_g|RESET|cutoff=12,trace-decreasing/no-postselection where logical
gate_metric,ab|shared|zero_one_plus_g|RESET|cutoff=12|posterior,ab|shared|zero_one_plus_g|RESET|cutoff=12,posterior_mean_l1,maximum_posterior_mean_l1,upper,1.0919702543318342e-12,7.030755077434392e-13,5.5660049118805664e-12,0.12,0.11999999999443399,True,,,,,,,,ab|shared|zero_one_plus_g|RESET|cutoff=12,trace-decreasing/no-postselection where logical
gate_metric,ab|shared|zero_one_plus_g|RESET|cutoff=12|leakage_residence,ab|shared|zero_one_plus_g|RESET|cutoff=12,leakage_residence_rate_difference,maximum_leakage_residence_rate_difference,upper,0.0,0.0,4.474034657548733e-12,0.1,0.09999999999552597,True,,,,,,,,ab|shared|zero_one_plus_g|RESET|cutoff=12,trace-decreasing/no-postselection where logical
gate_metric,ab|shared|zero_one_plus_g|RESET|cutoff=12|reset_success,ab|shared|zero_one_plus_g|RESET|cutoff=12,reset_success_rate_difference,maximum_reset_success_rate_difference,upper,0.0,0.0,4.474034657548733e-12,0.12,0.11999999999552596,True,,,,,,,,ab|shared|zero_one_plus_g|RESET|cutoff=12,trace-decreasing/no-postselection where logical
gate_metric,ab|shared|zero_one_plus_g|X|cutoff=8|density,ab|shared|zero_one_plus_g|X|cutoff=8,ensemble_density_trace_distance,maximum_ensemble_density_trace_distance,upper,6.713929933147266e-08,5.303860188511003e-08,3.0443584235338447e-07,0.1,0.09999969556415765,True,,,,,,,,ab|shared|zero_one_plus_g|X|cutoff=8,trace-decreasing/no-postselection where logical
gate_metric,ab|shared|zero_one_plus_g|X|cutoff=8|mean_photon,ab|shared|zero_one_plus_g|X|cutoff=8,mean_photon_difference,maximum_mean_photon_difference,upper,3.7001484098908577e-09,1.0706572880887201e-16,3.7046224445484065e-09,0.08,0.07999999629537756,True,,,,,,,,ab|shared|zero_one_plus_g|X|cutoff=8,trace-decreasing/no-postselection where logical
gate_metric,ab|shared|zero_one_plus_g|X|cutoff=8|levels,ab|shared|zero_one_plus_g|X|cutoff=8,level_probability_l1,maximum_level_probability_l1,upper,1.5601920818990214e-13,2.0066567109172273e-13,4.6300538657386345e-12,0.1,0.09999999999536995,True,,,,,,,,ab|shared|zero_one_plus_g|X|cutoff=8,trace-decreasing/no-postselection where logical
gate_metric,ab|shared|zero_one_plus_g|X|cutoff=8|iq_mean,ab|shared|zero_one_plus_g|X|cutoff=8,integrated_iq_mean_difference,maximum_integrated_iq_mean_difference,upper,0.015772074006607614,0.02330195953840287,0.12002584857022032,0.12,-2.5848570220324274e-05,False,,,,,,,,ab|shared|zero_one_plus_g|X|cutoff=8,trace-decreasing/no-postselection where logical
gate_metric,ab|shared|zero_one_plus_g|X|cutoff=8|iq_covariance,ab|shared|zero_one_plus_g|X|cutoff=8,integrated_iq_covariance_frobenius,maximum_integrated_iq_covariance_frobenius,upper,0.019032979266705517,0.007663893955900603,0.05332150643718307,0.18,0.1266784935628169,True,,,,,,,,ab|shared|zero_one_plus_g|X|cutoff=8,trace-decreasing/no-postselection where logical
gate_metric,ab|shared|zero_one_plus_g|X|cutoff=8|iq_ks,ab|shared|zero_one_plus_g|X|cutoff=8,iq_two_sample_ks,maximum_iq_two_sample_ks,upper,0.171875,0.051234643580760034,0.4011005710474771,0.24,-0.1611005710474771,False,,,,,,,,ab|shared|zero_one_plus_g|X|cutoff=8,trace-decreasing/no-postselection where logical
gate_metric,ab|shared|zero_one_plus_g|X|cutoff=8|log_evidence,ab|shared|zero_one_plus_g|X|cutoff=8,log_evidence_mean_difference,maximum_log_evidence_mean_difference,upper,0.14345569385177548,0.3034453075228723,1.5010805163796392,0.3,-1.2010805163796392,False,,,,,,,,ab|shared|zero_one_plus_g|X|cutoff=8,trace-decreasing/no-postselection where logical
gate_metric,ab|shared|zero_one_plus_g|X|cutoff=8|posterior,ab|shared|zero_one_plus_g|X|cutoff=8,posterior_mean_l1,maximum_posterior_mean_l1,upper,1.5601920818990214e-13,2.0066567109172273e-13,4.6300538657386345e-12,0.12,0.11999999999536994,True,,,,,,,,ab|shared|zero_one_plus_g|X|cutoff=8,trace-decreasing/no-postselection where logical
gate_metric,ab|shared|zero_one_plus_g|X|cutoff=8|leakage_residence,ab|shared|zero_one_plus_g|X|cutoff=8,leakage_residence_rate_difference,maximum_leakage_residence_rate_difference,upper,0.0,0.0,4.474034657548733e-12,0.1,0.09999999999552597,True,,,,,,,,ab|shared|zero_one_plus_g|X|cutoff=8,trace-decreasing/no-postselection where logical
gate_metric,ab|shared|zero_one_plus_g|XZ|cutoff=8|density,ab|shared|zero_one_plus_g|XZ|cutoff=8,ensemble_density_trace_distance,maximum_ensemble_density_trace_distance,upper,7.115197290991048e-08,5.266239098852798e-08,3.067653353419667e-07,0.1,0.09999969323466466,True,,,,,,,,ab|shared|zero_one_plus_g|XZ|cutoff=8,trace-decreasing/no-postselection where logical
gate_metric,ab|shared|zero_one_plus_g|XZ|cutoff=8|mean_photon,ab|shared|zero_one_plus_g|XZ|cutoff=8,mean_photon_difference,maximum_mean_photon_difference,upper,7.3717827397956626e-09,1.0852232641517913e-16,7.376256774453211e-09,0.08,0.07999999262374323,True,,,,,,,,ab|shared|zero_one_plus_g|XZ|cutoff=8,trace-decreasing/no-postselection where logical
gate_metric,ab|shared|zero_one_plus_g|XZ|cutoff=8|levels,ab|shared|zero_one_plus_g|XZ|cutoff=8,level_probability_l1,maximum_level_probability_l1,upper,1.560351667230197e-13,2.0068875330639102e-13,4.6300698242717525e-12,0.1,0.09999999999536993,True,,,,,,,,ab|shared|zero_one_plus_g|XZ|cutoff=8,trace-decreasing/no-postselection where logical
gate_metric,ab|shared|zero_one_plus_g|XZ|cutoff=8|iq_mean,ab|shared|zero_one_plus_g|XZ|cutoff=8,integrated_iq_mean_difference,maximum_integrated_iq_mean_difference,upper,0.015772074006607614,0.02330195953840287,0.12002584857022032,0.12,-2.5848570220324274e-05,False,,,,,,,,ab|shared|zero_one_plus_g|XZ|cutoff=8,trace-decreasing/no-postselection where logical
gate_metric,ab|shared|zero_one_plus_g|XZ|cutoff=8|iq_covariance,ab|shared|zero_one_plus_g|XZ|cutoff=8,integrated_iq_covariance_frobenius,maximum_integrated_iq_covariance_frobenius,upper,0.019032979266705517,0.007663893955900603,0.05332150643718307,0.18,0.1266784935628169,True,,,,,,,,ab|shared|zero_one_plus_g|XZ|cutoff=8,trace-decreasing/no-postselection where logical
gate_metric,ab|shared|zero_one_plus_g|XZ|cutoff=8|iq_ks,ab|shared|zero_one_plus_g|XZ|cutoff=8,iq_two_sample_ks,maximum_iq_two_sample_ks,upper,0.171875,0.051234643580760034,0.4011005710474771,0.24,-0.1611005710474771,False,,,,,,,,ab|shared|zero_one_plus_g|XZ|cutoff=8,trace-decreasing/no-postselection where logical
gate_metric,ab|shared|zero_one_plus_g|XZ|cutoff=8|log_evidence,ab|shared|zero_one_plus_g|XZ|cutoff=8,log_evidence_mean_difference,maximum_log_evidence_mean_difference,upper,0.14345569386313173,0.30344530752476156,1.501080516399448,0.3,-1.201080516399448,False,,,,,,,,ab|shared|zero_one_plus_g|XZ|cutoff=8,trace-decreasing/no-postselection where logical
gate_metric,ab|shared|zero_one_plus_g|XZ|cutoff=8|posterior,ab|shared|zero_one_plus_g|XZ|cutoff=8,posterior_mean_l1,maximum_posterior_mean_l1,upper,1.560351667230197e-13,2.0068875330639102e-13,4.6300698242717525e-12,0.12,0.11999999999536992,True,,,,,,,,ab|shared|zero_one_plus_g|XZ|cutoff=8,trace-decreasing/no-postselection where logical
gate_metric,ab|shared|zero_one_plus_g|XZ|cutoff=8|leakage_residence,ab|shared|zero_one_plus_g|XZ|cutoff=8,leakage_residence_rate_difference,maximum_leakage_residence_rate_difference,upper,0.0,0.0,4.474034657548733e-12,0.1,0.09999999999552597,True,,,,,,,,ab|shared|zero_one_plus_g|XZ|cutoff=8,trace-decreasing/no-postselection where logical
gate_metric,ab|shared|zero_one_plus_g|XZ|cutoff=12|density,ab|shared|zero_one_plus_g|XZ|cutoff=12,ensemble_density_trace_distance,maximum_ensemble_density_trace_distance,upper,2.8632985371118135e-07,1.661016990301134e-07,1.0294746118496375e-06,0.1,0.09999897052538816,True,,,,,,,,ab|shared|zero_one_plus_g|XZ|cutoff=12,trace-decreasing/no-postselection where logical
gate_metric,ab|shared|zero_one_plus_g|XZ|cutoff=12|mean_photon,ab|shared|zero_one_plus_g|XZ|cutoff=12,mean_photon_difference,maximum_mean_photon_difference,upper,7.371782295706453e-09,1.6791871082797224e-16,7.376256330364001e-09,0.08,0.07999999262374367,True,,,,,,,,ab|shared|zero_one_plus_g|XZ|cutoff=12,trace-decreasing/no-postselection where logical
gate_metric,ab|shared|zero_one_plus_g|XZ|cutoff=12|levels,ab|shared|zero_one_plus_g|XZ|cutoff=12,level_probability_l1,maximum_level_probability_l1,upper,1.0921566604809627e-12,7.032499402991296e-13,5.566191318029696e-12,0.1,0.09999999999443382,True,,,,,,,,ab|shared|zero_one_plus_g|XZ|cutoff=12,trace-decreasing/no-postselection where logical
gate_metric,ab|shared|zero_one_plus_g|XZ|cutoff=12|iq_mean,ab|shared|zero_one_plus_g|XZ|cutoff=12,integrated_iq_mean_difference,maximum_integrated_iq_mean_difference,upper,0.041699322007622636,0.042929042929358195,0.23376534788896855,0.12,-0.11376534788896855,False,,,,,,,,ab|shared|zero_one_plus_g|XZ|cutoff=12,trace-decreasing/no-postselection where logical
gate_metric,ab|shared|zero_one_plus_g|XZ|cutoff=12|iq_covariance,ab|shared|zero_one_plus_g|XZ|cutoff=12,integrated_iq_covariance_frobenius,maximum_integrated_iq_covariance_frobenius,upper,0.02529591534542584,0.010088007882595146,0.07043001223778132,0.18,0.10956998776221867,True,,,,,,,,ab|shared|zero_one_plus_g|XZ|cutoff=12,trace-decreasing/no-postselection where logical
gate_metric,ab|shared|zero_one_plus_g|XZ|cutoff=12|iq_ks,ab|shared|zero_one_plus_g|XZ|cutoff=12,iq_two_sample_ks,maximum_iq_two_sample_ks,upper,0.25,0.0955454019663874,0.6774734397670421,0.24,-0.4374734397670421,False,,,,,,,,ab|shared|zero_one_plus_g|XZ|cutoff=12,trace-decreasing/no-postselection where logical
gate_metric,ab|shared|zero_one_plus_g|XZ|cutoff=12|log_evidence,ab|shared|zero_one_plus_g|XZ|cutoff=12,log_evidence_mean_difference,maximum_log_evidence_mean_difference,upper,2.156933370176082,0.8835914857299979,6.110152300447069,0.3,-5.810152300447069,False,,,,,,,,ab|shared|zero_one_plus_g|XZ|cutoff=12,trace-decreasing/no-postselection where logical
gate_metric,ab|shared|zero_one_plus_g|XZ|cutoff=12|posterior,ab|shared|zero_one_plus_g|XZ|cutoff=12,posterior_mean_l1,maximum_posterior_mean_l1,upper,1.0921566604809627e-12,7.032499402991296e-13,5.566191318029696e-12,0.12,0.11999999999443381,True,,,,,,,,ab|shared|zero_one_plus_g|XZ|cutoff=12,trace-decreasing/no-postselection where logical
gate_metric,ab|shared|zero_one_plus_g|XZ|cutoff=12|leakage_residence,ab|shared|zero_one_plus_g|XZ|cutoff=12,leakage_residence_rate_difference,maximum_leakage_residence_rate_difference,upper,0.0,0.0,4.474034657548733e-12,0.1,0.09999999999552597,True,,,,,,,,ab|shared|zero_one_plus_g|XZ|cutoff=12,trace-decreasing/no-postselection where logical
gate_metric,ab|shared|zero_one_plus_g|Z|cutoff=8|density,ab|shared|zero_one_plus_g|Z|cutoff=8,ensemble_density_trace_distance,maximum_ensemble_density_trace_distance,upper,6.903049703764294e-08,5.29814231340676e-08,3.0607122034571556e-07,0.1,0.09999969392877966,True,,,,,,,,ab|shared|zero_one_plus_g|Z|cutoff=8,trace-decreasing/no-postselection where logical
gate_metric,ab|shared|zero_one_plus_g|Z|cutoff=8|mean_photon,ab|shared|zero_one_plus_g|Z|cutoff=8,mean_photon_difference,maximum_mean_photon_difference,upper,3.6872864761505753e-09,1.0259666652628712e-16,3.691760510808124e-09,0.08,0.0799999963082395,True,,,,,,,,ab|shared|zero_one_plus_g|Z|cutoff=8,trace-decreasing/no-postselection where logical
gate_metric,ab|shared|zero_one_plus_g|Z|cutoff=8|levels,ab|shared|zero_one_plus_g|Z|cutoff=8,level_probability_l1,maximum_level_probability_l1,upper,1.5610695341332307e-13,2.0063178692028285e-13,4.6301416109620556e-12,0.1,0.09999999999536986,True,,,,,,,,ab|shared|zero_one_plus_g|Z|cutoff=8,trace-decreasing/no-postselection where logical
gate_metric,ab|shared|zero_one_plus_g|Z|cutoff=8|iq_mean,ab|shared|zero_one_plus_g|Z|cutoff=8,integrated_iq_mean_difference,maximum_integrated_iq_mean_difference,upper,0.015772074006607614,0.02330195953840287,0.12002584857022032,0.12,-2.5848570220324274e-05,False,,,,,,,,ab|shared|zero_one_plus_g|Z|cutoff=8,trace-decreasing/no-postselection where logical
gate_metric,ab|shared|zero_one_plus_g|Z|cutoff=8|iq_covariance,ab|shared|zero_one_plus_g|Z|cutoff=8,integrated_iq_covariance_frobenius,maximum_integrated_iq_covariance_frobenius,upper,0.019032979266705517,0.007663893955900603,0.05332150643718307,0.18,0.1266784935628169,True,,,,,,,,ab|shared|zero_one_plus_g|Z|cutoff=8,trace-decreasing/no-postselection where logical
gate_metric,ab|shared|zero_one_plus_g|Z|cutoff=8|iq_ks,ab|shared|zero_one_plus_g|Z|cutoff=8,iq_two_sample_ks,maximum_iq_two_sample_ks,upper,0.171875,0.051234643580760034,0.4011005710474771,0.24,-0.1611005710474771,False,,,,,,,,ab|shared|zero_one_plus_g|Z|cutoff=8,trace-decreasing/no-postselection where logical
gate_metric,ab|shared|zero_one_plus_g|Z|cutoff=8|log_evidence,ab|shared|zero_one_plus_g|Z|cutoff=8,log_evidence_mean_difference,maximum_log_evidence_mean_difference,upper,0.14345569381817924,0.3034453075172834,1.501080516321038,0.3,-1.2010805163210378,False,,,,,,,,ab|shared|zero_one_plus_g|Z|cutoff=8,trace-decreasing/no-postselection where logical
gate_metric,ab|shared|zero_one_plus_g|Z|cutoff=8|posterior,ab|shared|zero_one_plus_g|Z|cutoff=8,posterior_mean_l1,maximum_posterior_mean_l1,upper,1.5610695341332307e-13,2.0063178692028285e-13,4.6301416109620556e-12,0.12,0.11999999999536985,True,,,,,,,,ab|shared|zero_one_plus_g|Z|cutoff=8,trace-decreasing/no-postselection where logical
gate_metric,ab|shared|zero_one_plus_g|Z|cutoff=8|leakage_residence,ab|shared|zero_one_plus_g|Z|cutoff=8,leakage_residence_rate_difference,maximum_leakage_residence_rate_difference,upper,0.0,0.0,4.474034657548733e-12,0.1,0.09999999999552597,True,,,,,,,,ab|shared|zero_one_plus_g|Z|cutoff=8,trace-decreasing/no-postselection where logical
gate_metric,ab|logical|+i|HOLD|cutoff=8|survival,ab|logical|+i|HOLD|cutoff=8,logical_survival_difference,maximum_logical_survival_difference,upper,1.8050604344566068e-09,2.5830852249825508e-15,1.8095344691141554e-09,0.1,0.09999999819046554,True,,,,,,,,logical|+i|HOLD|cutoff=8,trace-decreasing/no-postselection where logical
gate_metric,ab|logical|+i|IDLE|cutoff=8|survival,ab|logical|+i|IDLE|cutoff=8,logical_survival_difference,maximum_logical_survival_difference,upper,1.8050635430810757e-09,2.5778280368102767e-15,1.8095375777386244e-09,0.1,0.09999999819046243,True,,,,,,,,logical|+i|IDLE|cutoff=8,trace-decreasing/no-postselection where logical
gate_metric,ab|logical|+i|IDLE|cutoff=12|survival,ab|logical|+i|IDLE|cutoff=12,logical_survival_difference,maximum_logical_survival_difference,upper,5.553745463515725e-09,1.5049233348418552e-14,5.558219498173273e-09,0.1,0.09999999444178051,True,,,,,,,,logical|+i|IDLE|cutoff=12,trace-decreasing/no-postselection where logical
gate_metric,ab|logical|+i|LKG_HOLD|cutoff=8|survival,ab|logical|+i|LKG_HOLD|cutoff=8,logical_survival_difference,maximum_logical_survival_difference,upper,1.8050624328580511e-09,2.583161047420348e-15,1.8095364675155998e-09,0.1,0.09999999819046354,True,,,,,,,,logical|+i|LKG_HOLD|cutoff=8,trace-decreasing/no-postselection where logical
gate_metric,ab|logical|+i|RESET|cutoff=8|survival,ab|logical|+i|RESET|cutoff=8,logical_survival_difference,maximum_logical_survival_difference,upper,1.8049484129534221e-09,2.1410824352170165e-15,1.8094224476109708e-09,0.1,0.09999999819057756,True,,,,,,,,logical|+i|RESET|cutoff=8,trace-decreasing/no-postselection where logical
gate_metric,ab|logical|+i|RESET|cutoff=12|survival,ab|logical|+i|RESET|cutoff=12,logical_survival_difference,maximum_logical_survival_difference,upper,5.5534583598415566e-09,1.2363576214552622e-14,5.557932394499105e-09,0.1,0.09999999444206761,True,,,,,,,,logical|+i|RESET|cutoff=12,trace-decreasing/no-postselection where logical
gate_metric,ab|logical|+i|X|cutoff=8|survival,ab|logical|+i|X|cutoff=8,logical_survival_difference,maximum_logical_survival_difference,upper,1.7955348208253952e-08,2.1216159542671623e-15,1.79598222429115e-08,0.1,0.09999998204017777,True,,,,,,,,logical|+i|X|cutoff=8,trace-decreasing/no-postselection where logical
gate_metric,ab|logical|+i|XZ|cutoff=8|survival,ab|logical|+i|XZ|cutoff=8,logical_survival_difference,maximum_logical_survival_difference,upper,2.0473490458527976e-08,2.119355774035694e-15,2.0477964493185524e-08,0.1,0.09999997952203551,True,,,,,,,,logical|+i|XZ|cutoff=8,trace-decreasing/no-postselection where logical
gate_metric,ab|logical|+i|XZ|cutoff=12|survival,ab|logical|+i|XZ|cutoff=12,logical_survival_difference,maximum_logical_survival_difference,upper,5.035140626663548e-08,1.316815070743994e-14,5.0355880301293027e-08,0.1,0.0999999496441197,True,,,,,,,,logical|+i|XZ|cutoff=12,trace-decreasing/no-postselection where logical
gate_metric,ab|logical|+i|Z|cutoff=8|survival,ab|logical|+i|Z|cutoff=8,logical_survival_difference,maximum_logical_survival_difference,upper,1.8428232162470692e-08,2.7370782706414266e-15,1.843270619712824e-08,0.1,0.09999998156729381,True,,,,,,,,logical|+i|Z|cutoff=8,trace-decreasing/no-postselection where logical
gate_metric,ab|logical|+|HOLD|cutoff=8|survival,ab|logical|+|HOLD|cutoff=8,logical_survival_difference,maximum_logical_survival_difference,upper,1.9907637760496755e-09,2.767228973843197e-15,1.9952378107072243e-09,0.1,0.0999999980047622,True,,,,,,,,logical|+|HOLD|cutoff=8,trace-decreasing/no-postselection where logical
gate_metric,ab|logical|+|IDLE|cutoff=8|survival,ab|logical|+|IDLE|cutoff=8,logical_survival_difference,maximum_logical_survival_difference,upper,1.990766551607237e-09,2.758539358350442e-15,1.995240586264786e-09,0.1,0.09999999800475942,True,,,,,,,,logical|+|IDLE|cutoff=8,trace-decreasing/no-postselection where logical
gate_metric,ab|logical|+|IDLE|cutoff=12|survival,ab|logical|+|IDLE|cutoff=12,logical_survival_difference,maximum_logical_survival_difference,upper,8.305803267383283e-09,2.1923503644415927e-14,8.310277302040832e-09,0.1,0.0999999916897227,True,,,,,,,,logical|+|IDLE|cutoff=12,trace-decreasing/no-postselection where logical
gate_metric,ab|logical|+|LKG_HOLD|cutoff=8|survival,ab|logical|+|LKG_HOLD|cutoff=8,logical_survival_difference,maximum_logical_survival_difference,upper,1.9907658854734223e-09,2.760742394128086e-15,1.995239920130971e-09,0.1,0.09999999800476009,True,,,,,,,,logical|+|LKG_HOLD|cutoff=8,trace-decreasing/no-postselection where logical
gate_metric,ab|logical|+|RESET|cutoff=8|survival,ab|logical|+|RESET|cutoff=8,logical_survival_difference,maximum_logical_survival_difference,upper,1.9906416515169667e-09,2.3018269704490468e-15,1.9951156861745156e-09,0.1,0.09999999800488432,True,,,,,,,,logical|+|RESET|cutoff=8,trace-decreasing/no-postselection where logical
gate_metric,ab|logical|+|RESET|cutoff=12|survival,ab|logical|+|RESET|cutoff=12,logical_survival_difference,maximum_logical_survival_difference,upper,8.305389376239702e-09,1.7986336443615344e-14,8.309863410897252e-09,0.1,0.0999999916901366,True,,,,,,,,logical|+|RESET|cutoff=12,trace-decreasing/no-postselection where logical
gate_metric,ab|logical|+|X|cutoff=8|survival,ab|logical|+|X|cutoff=8,logical_survival_difference,maximum_logical_survival_difference,upper,1.8444946126017214e-08,2.6519599694669073e-15,1.8449420160674762e-08,0.1,0.09999998155057985,True,,,,,,,,logical|+|X|cutoff=8,trace-decreasing/no-postselection where logical
gate_metric,ab|logical|+|XZ|cutoff=8|survival,ab|logical|+|XZ|cutoff=8,logical_survival_difference,maximum_logical_survival_difference,upper,2.5416907134534483e-08,2.0847500771378992e-15,2.542138116919203e-08,0.1,0.09999997457861884,True,,,,,,,,logical|+|XZ|cutoff=8,trace-decreasing/no-postselection where logical
gate_metric,ab|logical|+|XZ|cutoff=12|survival,ab|logical|+|XZ|cutoff=12,logical_survival_difference,maximum_logical_survival_difference,upper,4.753140947499901e-08,1.801720759380689e-14,4.7535883509656557e-08,0.1,0.0999999524641165,True,,,,,,,,logical|+|XZ|cutoff=12,trace-decreasing/no-postselection where logical
gate_metric,ab|logical|+|Z|cutoff=8|survival,ab|logical|+|Z|cutoff=8,logical_survival_difference,maximum_logical_survival_difference,upper,1.0558039220676108e-08,2.5962059836806577e-15,1.0562513255333657e-08,0.1,0.09999998943748675,True,,,,,,,,logical|+|Z|cutoff=8,trace-decreasing/no-postselection where logical
gate_metric,ab|logical|-i|HOLD|cutoff=8|survival,ab|logical|-i|HOLD|cutoff=8,logical_survival_difference,maximum_logical_survival_difference,upper,1.8050605454789093e-09,2.5801467008753206e-15,1.809534580136458e-09,0.1,0.09999999819046543,True,,,,,,,,logical|-i|HOLD|cutoff=8,trace-decreasing/no-postselection where logical
gate_metric,ab|logical|-i|IDLE|cutoff=8|survival,ab|logical|-i|IDLE|cutoff=8,logical_survival_difference,maximum_logical_survival_difference,upper,1.8050635430810757e-09,2.5773761412054307e-15,1.8095375777386244e-09,0.1,0.09999999819046243,True,,,,,,,,logical|-i|IDLE|cutoff=8,trace-decreasing/no-postselection where logical
gate_metric,ab|logical|-i|IDLE|cutoff=12|survival,ab|logical|-i|IDLE|cutoff=12,logical_survival_difference,maximum_logical_survival_difference,upper,5.553745463515725e-09,1.5044869162304536e-14,5.558219498173273e-09,0.1,0.09999999444178051,True,,,,,,,,logical|-i|IDLE|cutoff=12,trace-decreasing/no-postselection where logical
gate_metric,ab|logical|-i|LKG_HOLD|cutoff=8|survival,ab|logical|-i|LKG_HOLD|cutoff=8,logical_survival_difference,maximum_logical_survival_difference,upper,1.8050624328580511e-09,2.582196272196656e-15,1.8095364675155998e-09,0.1,0.09999999819046354,True,,,,,,,,logical|-i|LKG_HOLD|cutoff=8,trace-decreasing/no-postselection where logical
gate_metric,ab|logical|-i|RESET|cutoff=8|survival,ab|logical|-i|RESET|cutoff=8,logical_survival_difference,maximum_logical_survival_difference,upper,1.8049485239757246e-09,2.1450714508145443e-15,1.8094225586332732e-09,0.1,0.09999999819057745,True,,,,,,,,logical|-i|RESET|cutoff=8,trace-decreasing/no-postselection where logical
gate_metric,ab|logical|-i|RESET|cutoff=12|survival,ab|logical|-i|RESET|cutoff=12,logical_survival_difference,maximum_logical_survival_difference,upper,5.5534585818861615e-09,1.2358492721872307e-14,5.55793261654371e-09,0.1,0.09999999444206739,True,,,,,,,,logical|-i|RESET|cutoff=12,trace-decreasing/no-postselection where logical
gate_metric,ab|logical|-i|X|cutoff=8|survival,ab|logical|-i|X|cutoff=8,logical_survival_difference,maximum_logical_survival_difference,upper,1.8428232828604507e-08,2.7360184573074956e-15,1.8432706863262055e-08,0.1,0.09999998156729314,True,,,,,,,,logical|-i|X|cutoff=8,trace-decreasing/no-postselection where logical
gate_metric,ab|logical|-i|XZ|cutoff=8|survival,ab|logical|-i|XZ|cutoff=8,logical_survival_difference,maximum_logical_survival_difference,upper,4.729893920973893e-08,2.46747715462505e-15,4.730341324439648e-08,0.1,0.09999995269658676,True,,,,,,,,logical|-i|XZ|cutoff=8,trace-decreasing/no-postselection where logical
gate_metric,ab|logical|-i|XZ|cutoff=12|survival,ab|logical|-i|XZ|cutoff=12,logical_survival_difference,maximum_logical_survival_difference,upper,4.180186696789434e-08,1.1653488084637814e-14,4.180634100255189e-08,0.1,0.099999958193659,True,,,,,,,,logical|-i|XZ|cutoff=12,trace-decreasing/no-postselection where logical
gate_metric,ab|logical|-i|Z|cutoff=8|survival,ab|logical|-i|Z|cutoff=8,logical_survival_difference,maximum_logical_survival_difference,upper,1.7955347986209347e-08,2.132914261997334e-15,1.7959822020866894e-08,0.1,0.09999998204017799,True,,,,,,,,logical|-i|Z|cutoff=8,trace-decreasing/no-postselection where logical
gate_metric,ab|logical|-|HOLD|cutoff=8|survival,ab|logical|-|HOLD|cutoff=8,logical_survival_difference,maximum_logical_survival_difference,upper,1.6199549479622988e-09,2.4025824335971174e-15,1.6244289826198474e-09,0.1,0.09999999837557103,True,,,,,,,,logical|-|HOLD|cutoff=8,trace-decreasing/no-postselection where logical
gate_metric,ab|logical|-|IDLE|cutoff=8|survival,ab|logical|-|IDLE|cutoff=8,logical_survival_difference,maximum_logical_survival_difference,upper,1.619957390452953e-09,2.397569290112497e-15,1.6244314251105016e-09,0.1,0.09999999837556858,True,,,,,,,,logical|-|IDLE|cutoff=8,trace-decreasing/no-postselection where logical
gate_metric,ab|logical|-|IDLE|cutoff=12|survival,ab|logical|-|IDLE|cutoff=12,logical_survival_difference,maximum_logical_survival_difference,upper,2.814241395476813e-09,8.195902817790852e-15,2.818715430134362e-09,0.1,0.09999999718128458,True,,,,,,,,logical|-|IDLE|cutoff=12,trace-decreasing/no-postselection where logical
gate_metric,ab|logical|-|LKG_HOLD|cutoff=8|survival,ab|logical|-|LKG_HOLD|cutoff=8,logical_survival_difference,maximum_logical_survival_difference,upper,1.619955503073811e-09,2.3946549960781656e-15,1.6244295377313597e-09,0.1,0.09999999837557047,True,,,,,,,,logical|-|LKG_HOLD|cutoff=8,trace-decreasing/no-postselection where logical
gate_metric,ab|logical|-|RESET|cutoff=8|survival,ab|logical|-|RESET|cutoff=8,logical_survival_difference,maximum_logical_survival_difference,upper,1.6198514751764037e-09,1.9927818875232095e-15,1.6243255098339524e-09,0.1,0.0999999983756745,True,,,,,,,,logical|-|RESET|cutoff=8,trace-decreasing/no-postselection where logical
gate_metric,ab|logical|-|RESET|cutoff=12|survival,ab|logical|-|RESET|cutoff=12,logical_survival_difference,maximum_logical_survival_difference,upper,2.814081301316662e-09,6.7455247932851094e-15,2.818555335974211e-09,0.1,0.09999999718144467,True,,,,,,,,logical|-|RESET|cutoff=12,trace-decreasing/no-postselection where logical
gate_metric,ab|logical|-|X|cutoff=8|survival,ab|logical|-|X|cutoff=8,logical_survival_difference,maximum_logical_survival_difference,upper,1.795722726072313e-08,2.205954441127752e-15,1.7961701295380677e-08,0.1,0.09999998203829871,True,,,,,,,,logical|-|X|cutoff=8,trace-decreasing/no-postselection where logical
gate_metric,ab|logical|-|XZ|cutoff=8|survival,ab|logical|-|XZ|cutoff=8,logical_survival_difference,maximum_logical_survival_difference,upper,4.238626838404258e-08,2.48588245386442e-15,4.239074241870013e-08,0.1,0.09999995760925759,True,,,,,,,,logical|-|XZ|cutoff=8,trace-decreasing/no-postselection where logical
gate_metric,ab|logical|-|XZ|cutoff=12|survival,ab|logical|-|XZ|cutoff=12,logical_survival_difference,maximum_logical_survival_difference,upper,4.463580227653807e-08,6.782237698271631e-15,4.464027631119562e-08,0.1,0.0999999553597237,True,,,,,,,,logical|-|XZ|cutoff=12,trace-decreasing/no-postselection where logical
gate_metric,ab|logical|-|Z|cutoff=8|survival,ab|logical|-|Z|cutoff=8,logical_survival_difference,maximum_logical_survival_difference,upper,2.583782465759299e-08,2.262224599871277e-15,2.5842298692250537e-08,0.1,0.09999997415770132,True,,,,,,,,logical|-|Z|cutoff=8,trace-decreasing/no-postselection where logical
gate_metric,ab|logical|0|HOLD|cutoff=8|survival,ab|logical|0|HOLD|cutoff=8,logical_survival_difference,maximum_logical_survival_difference,upper,1.988767484029097e-09,2.7634230843720782e-15,1.993241518686646e-09,0.1,0.09999999800675849,True,,,,,,,,logical|0|HOLD|cutoff=8,trace-decreasing/no-postselection where logical
gate_metric,ab|logical|0|IDLE|cutoff=8|survival,ab|logical|0|IDLE|cutoff=8,logical_survival_difference,maximum_logical_survival_difference,upper,1.9887702595866585e-09,2.754393380879437e-15,1.9932442942442074e-09,0.1,0.09999999800675571,True,,,,,,,,logical|0|IDLE|cutoff=8,trace-decreasing/no-postselection where logical
gate_metric,ab|logical|0|IDLE|cutoff=12|survival,ab|logical|0|IDLE|cutoff=12,logical_survival_difference,maximum_logical_survival_difference,upper,8.30454527367408e-09,2.1891387471164624e-14,8.309019308331629e-09,0.1,0.0999999916909807,True,,,,,,,,logical|0|IDLE|cutoff=12,trace-decreasing/no-postselection where logical
gate_metric,ab|logical|0|LKG_HOLD|cutoff=8|survival,ab|logical|0|LKG_HOLD|cutoff=8,logical_survival_difference,maximum_logical_survival_difference,upper,1.988768927319029e-09,2.7539035957451073e-15,1.993242961976578e-09,0.1,0.09999999800675705,True,,,,,,,,logical|0|LKG_HOLD|cutoff=8,trace-decreasing/no-postselection where logical
gate_metric,ab|logical|0|RESET|cutoff=8|survival,ab|logical|0|RESET|cutoff=8,logical_survival_difference,maximum_logical_survival_difference,upper,1.9886454705186907e-09,2.2995063960599944e-15,1.9931195051762395e-09,0.1,0.0999999980068805,True,,,,,,,,logical|0|RESET|cutoff=8,trace-decreasing/no-postselection where logical
gate_metric,ab|logical|0|RESET|cutoff=12|survival,ab|logical|0|RESET|cutoff=12,logical_survival_difference,maximum_logical_survival_difference,upper,8.30413049435208e-09,1.8021144881073158e-14,8.30860452900963e-09,0.1,0.09999999169139548,True,,,,,,,,logical|0|RESET|cutoff=12,trace-decreasing/no-postselection where logical
gate_metric,ab|logical|0|X|cutoff=8|survival,ab|logical|0|X|cutoff=8,logical_survival_difference,maximum_logical_survival_difference,upper,1.0554798812734134e-08,2.60313805848353e-15,1.0559272847391683e-08,0.1,0.09999998944072716,True,,,,,,,,logical|0|X|cutoff=8,trace-decreasing/no-postselection where logical
gate_metric,ab|logical|0|XZ|cutoff=8|survival,ab|logical|0|XZ|cutoff=8,logical_survival_difference,maximum_logical_survival_difference,upper,2.6184922785610354e-08,2.9212114086222668e-15,2.61893968202679e-08,0.1,0.09999997381060319,True,,,,,,,,logical|0|XZ|cutoff=8,trace-decreasing/no-postselection where logical
gate_metric,ab|logical|0|XZ|cutoff=12|survival,ab|logical|0|XZ|cutoff=12,logical_survival_difference,maximum_logical_survival_difference,upper,4.749022530781133e-08,1.800152115480011e-14,4.7494699342468877e-08,0.1,0.09999995250530067,True,,,,,,,,logical|0|XZ|cutoff=12,trace-decreasing/no-postselection where logical
gate_metric,ab|logical|0|Z|cutoff=8|survival,ab|logical|0|Z|cutoff=8,logical_survival_difference,maximum_logical_survival_difference,upper,1.8527249068256424e-08,2.6430486180801793e-15,1.853172310291397e-08,0.1,0.0999999814682769,True,,,,,,,,logical|0|Z|cutoff=8,trace-decreasing/no-postselection where logical
gate_metric,ab|logical|1|HOLD|cutoff=8|survival,ab|logical|1|HOLD|cutoff=8,logical_survival_difference,maximum_logical_survival_difference,upper,1.6219379173065818e-09,2.3981371628352533e-15,1.6264119519641304e-09,0.1,0.09999999837358806,True,,,,,,,,logical|1|HOLD|cutoff=8,trace-decreasing/no-postselection where logical
gate_metric,ab|logical|1|IDLE|cutoff=8|survival,ab|logical|1|IDLE|cutoff=8,logical_survival_difference,maximum_logical_survival_difference,upper,1.6219411369533532e-09,2.4044108630808874e-15,1.6264151716109018e-09,0.1,0.09999999837358484,True,,,,,,,,logical|1|IDLE|cutoff=8,trace-decreasing/no-postselection where logical
gate_metric,ab|logical|1|IDLE|cutoff=12|survival,ab|logical|1|IDLE|cutoff=12,logical_survival_difference,maximum_logical_survival_difference,upper,2.8154882869557696e-09,8.204293219676107e-15,2.8199623216133184e-09,0.1,0.09999999718003769,True,,,,,,,,logical|1|IDLE|cutoff=12,trace-decreasing/no-postselection where logical
gate_metric,ab|logical|1|LKG_HOLD|cutoff=8|survival,ab|logical|1|LKG_HOLD|cutoff=8,logical_survival_difference,maximum_logical_survival_difference,upper,1.6219393605965138e-09,2.3940535678828063e-15,1.6264133952540624e-09,0.1,0.09999999837358661,True,,,,,,,,logical|1|LKG_HOLD|cutoff=8,trace-decreasing/no-postselection where logical
gate_metric,ab|logical|1|RESET|cutoff=8|survival,ab|logical|1|RESET|cutoff=8,logical_survival_difference,maximum_logical_survival_difference,upper,1.6218354437214089e-09,1.9985215158646315e-15,1.6263094783789575e-09,0.1,0.09999999837369053,True,,,,,,,,logical|1|RESET|cutoff=8,trace-decreasing/no-postselection where logical
gate_metric,ab|logical|1|RESET|cutoff=12|survival,ab|logical|1|RESET|cutoff=12,logical_survival_difference,maximum_logical_survival_difference,upper,2.8153286368848285e-09,6.748708018796215e-15,2.8198026715423773e-09,0.1,0.09999999718019734,True,,,,,,,,logical|1|RESET|cutoff=12,trace-decreasing/no-postselection where logical
gate_metric,ab|logical|1|X|cutoff=8|survival,ab|logical|1|X|cutoff=8,logical_survival_difference,maximum_logical_survival_difference,upper,2.5840737327698093e-08,2.269416014510362e-15,2.584521136235564e-08,0.1,0.09999997415478865,True,,,,,,,,logical|1|X|cutoff=8,trace-decreasing/no-postselection where logical
gate_metric,ab|logical|1|XZ|cutoff=8|survival,ab|logical|1|XZ|cutoff=8,logical_survival_difference,maximum_logical_survival_difference,upper,4.161546773850944e-08,1.6510717282850767e-15,4.1619941773166985e-08,0.1,0.09999995838005823,True,,,,,,,,logical|1|XZ|cutoff=8,trace-decreasing/no-postselection where logical
gate_metric,ab|logical|1|XZ|cutoff=12|survival,ab|logical|1|XZ|cutoff=12,logical_survival_difference,maximum_logical_survival_difference,upper,4.467639569405435e-08,6.7986841034536554e-15,4.46808697287119e-08,0.1,0.09999995531913028,True,,,,,,,,logical|1|XZ|cutoff=12,trace-decreasing/no-postselection where logical
gate_metric,ab|logical|1|Z|cutoff=8|survival,ab|logical|1|Z|cutoff=8,logical_survival_difference,maximum_logical_survival_difference,upper,1.7874598023936983e-08,2.20034175122644e-15,1.787907205859453e-08,0.1,0.09999998212092795,True,,,,,,,,logical|1|Z|cutoff=8,trace-decreasing/no-postselection where logical
gate_metric,ab|logical_ptm|HOLD|cutoff=8,ab|logical_ptm|HOLD|cutoff=8,logical_ptm_entry_difference,maximum_logical_ptm_entry_difference,upper,1.5682831543822884e-08,9.667707212684988e-15,1.568730557848043e-08,0.12,0.11999998431269442,True,,,,,,,,logical PTM HOLD cutoff=8,trace-decreasing/no-postselection where logical
gate_metric,ab|logical_ptm|IDLE|cutoff=8,ab|logical_ptm|IDLE|cutoff=8,logical_ptm_entry_difference,maximum_logical_ptm_entry_difference,upper,1.568283081870847e-08,9.667539091953909e-15,1.568730485336602e-08,0.12,0.11999998431269514,True,,,,,,,,logical PTM IDLE cutoff=8,trace-decreasing/no-postselection where logical
gate_metric,ab|logical_ptm|LKG_HOLD|cutoff=8,ab|logical_ptm|LKG_HOLD|cutoff=8,logical_ptm_entry_difference,maximum_logical_ptm_entry_difference,upper,1.568283114830593e-08,9.667578568192884e-15,1.568730518296348e-08,0.12,0.11999998431269482,True,,,,,,,,logical PTM LKG_HOLD cutoff=8,trace-decreasing/no-postselection where logical
gate_metric,ab|logical_ptm|RESET|cutoff=8,ab|logical_ptm|RESET|cutoff=8,logical_ptm_entry_difference,maximum_logical_ptm_entry_difference,upper,1.5682860593502213e-08,7.926920246363605e-15,1.568733462815976e-08,0.12,0.11999998431266537,True,,,,,,,,logical PTM RESET cutoff=8,trace-decreasing/no-postselection where logical
gate_metric,ab|logical_ptm|X|cutoff=8,ab|logical_ptm|X|cutoff=8,logical_ptm_entry_difference,maximum_logical_ptm_entry_difference,upper,1.923206360832097e-08,3.517062506759329e-15,1.9236537642978518e-08,0.12,0.11999998076346235,True,,,,,,,,logical PTM X cutoff=8,trace-decreasing/no-postselection where logical
gate_metric,ab|logical_ptm|XZ|cutoff=8,ab|logical_ptm|XZ|cutoff=8,logical_ptm_entry_difference,maximum_logical_ptm_entry_difference,upper,3.6637313849396946e-08,3.312083592775957e-15,3.6641787884054494e-08,0.12,0.11999996335821211,True,,,,,,,,logical PTM XZ cutoff=8,trace-decreasing/no-postselection where logical
gate_metric,ab|logical_ptm|Z|cutoff=8,ab|logical_ptm|Z|cutoff=8,logical_ptm_entry_difference,maximum_logical_ptm_entry_difference,upper,1.923206316423176e-08,3.5313526873899815e-15,1.923653719888931e-08,0.12,0.1199999807634628,True,,,,,,,,logical PTM Z cutoff=8,trace-decreasing/no-postselection where logical
gate_metric,ab|logical_ptm|IDLE|cutoff=12,ab|logical_ptm|IDLE|cutoff=12,logical_ptm_entry_difference,maximum_logical_ptm_entry_difference,upper,5.730583008123347e-09,1.552799653694854e-14,5.735057042780895e-09,0.12,0.11999999426494296,True,,,,,,,,logical PTM IDLE cutoff=12,trace-decreasing/no-postselection where logical
gate_metric,ab|logical_ptm|RESET|cutoff=12,ab|logical_ptm|RESET|cutoff=12,logical_ptm_entry_difference,maximum_logical_ptm_entry_difference,upper,5.7302766975908526e-09,1.2699753182305499e-14,5.734750732248401e-09,0.12,0.11999999426524927,True,,,,,,,,logical PTM RESET cutoff=12,trace-decreasing/no-postselection where logical
gate_metric,ab|logical_ptm|XZ|cutoff=12,ab|logical_ptm|XZ|cutoff=12,logical_ptm_entry_difference,maximum_logical_ptm_entry_difference,upper,4.618645621512485e-08,1.2680858372680262e-14,4.61909302497824e-08,0.12,0.11999995380906975,True,,,,,,,,logical PTM XZ cutoff=12,trace-decreasing/no-postselection where logical
gate_metric,ab|fault|step|cutoff=8|terminal_density,ab|fault|step|cutoff=8,short_trajectory_terminal_trace_distance,maximum_short_trajectory_terminal_trace_distance,upper,0.021003186929505098,0.020657899103649374,0.11342734347137728,0.15,0.03657265652862271,True,,,,,,,,ab|fault|step|cutoff=8,trace-decreasing/no-postselection where logical
gate_metric,ab|fault|step|cutoff=8|terminal_observables,ab|fault|step|cutoff=8,short_trajectory_observable_mean_difference,maximum_short_trajectory_observable_mean_difference,upper,0.13332390556461782,0.33885544199410067,1.6493748969452184,0.15,-1.4993748969452185,False,,,,,,,,ab|fault|step|cutoff=8,trace-decreasing/no-postselection where logical
gate_metric,ab|fault|step|cutoff=8|leakage_residence,ab|fault|step|cutoff=8,leakage_residence_rate_difference,maximum_leakage_residence_rate_difference,upper,0.006944444444444444,0.007156521254016174,0.03896296856239692,0.1,0.061037031437603084,True,,,,,,,,ab|fault|step|cutoff=8,trace-decreasing/no-postselection where logical
gate_metric,ab|fault|step|cutoff=12|terminal_density,ab|fault|step|cutoff=12,short_trajectory_terminal_trace_distance,maximum_short_trajectory_terminal_trace_distance,upper,0.005120935149673297,0.0023881607417636434,0.015805649076121125,0.15,0.13419435092387888,True,,,,,,,,ab|fault|step|cutoff=12,trace-decreasing/no-postselection where logical
gate_metric,ab|fault|step|cutoff=12|terminal_observables,ab|fault|step|cutoff=12,short_trajectory_observable_mean_difference,maximum_short_trajectory_observable_mean_difference,upper,1.2489406012338193,0.894244035579156,5.249819408721205,0.15,-5.0998194087212045,False,,,,,,,,ab|fault|step|cutoff=12,trace-decreasing/no-postselection where logical
gate_metric,ab|fault|step|cutoff=12|leakage_residence,ab|fault|step|cutoff=12,leakage_residence_rate_difference,maximum_leakage_residence_rate_difference,upper,0.0,0.0,4.474034657548733e-12,0.1,0.09999999999552597,True,,,,,,,,ab|fault|step|cutoff=12,trace-decreasing/no-postselection where logical
gate_metric,ab|fault|telegraph|cutoff=8|terminal_density,ab|fault|telegraph|cutoff=8,short_trajectory_terminal_trace_distance,maximum_short_trajectory_terminal_trace_distance,upper,0.021014378035919247,0.02066133430999657,0.11345390381004464,0.15,0.03654609618995536,True,,,,,,,,ab|fault|telegraph|cutoff=8,trace-decreasing/no-postselection where logical
gate_metric,ab|fault|telegraph|cutoff=8|terminal_observables,ab|fault|telegraph|cutoff=8,short_trajectory_observable_mean_difference,maximum_short_trajectory_observable_mean_difference,upper,0.13338265989121645,0.33886679541404136,1.6494844468661134,0.15,-1.4994844468661135,False,,,,,,,,ab|fault|telegraph|cutoff=8,trace-decreasing/no-postselection where logical
gate_metric,ab|fault|telegraph|cutoff=8|leakage_residence,ab|fault|telegraph|cutoff=8,leakage_residence_rate_difference,maximum_leakage_residence_rate_difference,upper,0.006944444444444444,0.007156521254016174,0.03896296856239692,0.1,0.061037031437603084,True,,,,,,,,ab|fault|telegraph|cutoff=8,trace-decreasing/no-postselection where logical
gate_metric,ab|fault|telegraph|cutoff=12|terminal_density,ab|fault|telegraph|cutoff=12,short_trajectory_terminal_trace_distance,maximum_short_trajectory_terminal_trace_distance,upper,0.005123522460580654,0.0023890630682449876,0.01581227342697844,0.15,0.13418772657302155,True,,,,,,,,ab|fault|telegraph|cutoff=12,trace-decreasing/no-postselection where logical
gate_metric,ab|fault|telegraph|cutoff=12|terminal_observables,ab|fault|telegraph|cutoff=12,short_trajectory_observable_mean_difference,maximum_short_trajectory_observable_mean_difference,upper,1.2489372899803097,0.8942435076970698,5.249813735704947,0.15,-5.099813735704947,False,,,,,,,,ab|fault|telegraph|cutoff=12,trace-decreasing/no-postselection where logical
gate_metric,ab|fault|telegraph|cutoff=12|leakage_residence,ab|fault|telegraph|cutoff=12,leakage_residence_rate_difference,maximum_leakage_residence_rate_difference,upper,0.0,0.0,4.474034657548733e-12,0.1,0.09999999999552597,True,,,,,,,,ab|fault|telegraph|cutoff=12,trace-decreasing/no-postselection where logical
gate_metric,ab|fault|burst|cutoff=8|terminal_density,ab|fault|burst|cutoff=8,short_trajectory_terminal_trace_distance,maximum_short_trajectory_terminal_trace_distance,upper,0.021015449534275064,0.020662245682247626,0.11345905281943759,0.15,0.0365409471805624,True,,,,,,,,ab|fault|burst|cutoff=8,trace-decreasing/no-postselection where logical
gate_metric,ab|fault|burst|cutoff=8|terminal_observables,ab|fault|burst|cutoff=8,short_trajectory_observable_mean_difference,maximum_short_trajectory_observable_mean_difference,upper,0.1333809143361524,0.3388664394156012,1.6494811085616898,0.15,-1.49948110856169,False,,,,,,,,ab|fault|burst|cutoff=8,trace-decreasing/no-postselection where logical
gate_metric,ab|fault|burst|cutoff=8|leakage_residence,ab|fault|burst|cutoff=8,leakage_residence_rate_difference,maximum_leakage_residence_rate_difference,upper,0.006944444444444444,0.007156521254016174,0.03896296856239692,0.1,0.061037031437603084,True,,,,,,,,ab|fault|burst|cutoff=8,trace-decreasing/no-postselection where logical
gate_metric,ab|fault|burst|cutoff=12|terminal_density,ab|fault|burst|cutoff=12,short_trajectory_terminal_trace_distance,maximum_short_trajectory_terminal_trace_distance,upper,0.0051258386482982785,0.0023911853599638817,0.015824084821399825,0.15,0.13417591517860017,True,,,,,,,,ab|fault|burst|cutoff=12,trace-decreasing/no-postselection where logical
gate_metric,ab|fault|burst|cutoff=12|terminal_observables,ab|fault|burst|cutoff=12,short_trajectory_observable_mean_difference,maximum_short_trajectory_observable_mean_difference,upper,1.2489369864438409,0.8942434557672658,5.249813199832735,0.15,-5.0998131998327345,False,,,,,,,,ab|fault|burst|cutoff=12,trace-decreasing/no-postselection where logical
gate_metric,ab|fault|burst|cutoff=12|leakage_residence,ab|fault|burst|cutoff=12,leakage_residence_rate_difference,maximum_leakage_residence_rate_difference,upper,0.0,0.0,4.474034657548733e-12,0.1,0.09999999999552597,True,,,,,,,,ab|fault|burst|cutoff=12,trace-decreasing/no-postselection where logical
gate_metric,ab|fault|compound|cutoff=8|terminal_density,ab|fault|compound|cutoff=8,short_trajectory_terminal_trace_distance,maximum_short_trajectory_terminal_trace_distance,upper,0.0210115811321377,0.02065987860195571,0.11344459401803701,0.15,0.03655540598196298,True,,,,,,,,ab|fault|compound|cutoff=8,trace-decreasing/no-postselection where logical
gate_metric,ab|fault|compound|cutoff=8|terminal_observables,ab|fault|compound|cutoff=8,short_trajectory_observable_mean_difference,maximum_short_trajectory_observable_mean_difference,upper,0.06175260745649924,0.3360302544045071,1.5651636116471819,0.15,-1.415163611647182,False,,,,,,,,ab|fault|compound|cutoff=8,trace-decreasing/no-postselection where logical
gate_metric,ab|fault|compound|cutoff=8|leakage_residence,ab|fault|compound|cutoff=8,leakage_residence_rate_difference,maximum_leakage_residence_rate_difference,upper,0.005208333333333333,0.005367390940512152,0.029222226421797788,0.1,0.07077777357820222,True,,,,,,,,ab|fault|compound|cutoff=8,trace-decreasing/no-postselection where logical
gate_metric,ab|fault|compound|cutoff=12|terminal_density,ab|fault|compound|cutoff=12,short_trajectory_terminal_trace_distance,maximum_short_trajectory_terminal_trace_distance,upper,0.005120806441757204,0.0023870453959466942,0.015800530272364853,0.15,0.13419946972763513,True,,,,,,,,ab|fault|compound|cutoff=12,trace-decreasing/no-postselection where logical
gate_metric,ab|fault|compound|cutoff=12|terminal_observables,ab|fault|compound|cutoff=12,short_trajectory_observable_mean_difference,maximum_short_trajectory_observable_mean_difference,upper,1.2489369467302307,0.8942434698545769,5.249813223146243,0.15,-5.099813223146243,False,,,,,,,,ab|fault|compound|cutoff=12,trace-decreasing/no-postselection where logical
gate_metric,ab|fault|compound|cutoff=12|leakage_residence,ab|fault|compound|cutoff=12,leakage_residence_rate_difference,maximum_leakage_residence_rate_difference,upper,0.0,0.0,4.474034657548733e-12,0.1,0.09999999999552597,True,,,,,,,,ab|fault|compound|cutoff=12,trace-decreasing/no-postselection where logical
gate_metric,cutoff|A|shared|one_g|IDLE|8_to_12|density,cutoff|A|shared|one_g|IDLE|8_to_12,ensemble_density_trace_distance,maximum_ensemble_density_trace_distance,upper,1.301091352883173e-18,2.23493908449366e-19,4.474035958640086e-12,0.1,0.09999999999552597,True,,,,,,,,cutoff|A|shared|one_g|IDLE|8_to_12,trace-decreasing/no-postselection where logical
gate_metric,cutoff|A|shared|one_g|IDLE|8_to_12|mean_photon,cutoff|A|shared|one_g|IDLE|8_to_12,mean_photon_difference,maximum_mean_photon_difference,upper,0.0,0.0,4.474034657548733e-12,0.08,0.07999999999552597,True,,,,,,,,cutoff|A|shared|one_g|IDLE|8_to_12,trace-decreasing/no-postselection where logical
gate_metric,cutoff|A|shared|one_g|IDLE|8_to_12|levels,cutoff|A|shared|one_g|IDLE|8_to_12,level_probability_l1,maximum_level_probability_l1,upper,4.7134439086955455e-29,3.0607938625405143e-29,4.474034657548733e-12,0.1,0.09999999999552597,True,,,,,,,,cutoff|A|shared|one_g|IDLE|8_to_12,trace-decreasing/no-postselection where logical
gate_metric,cutoff|A|shared|one_g|IDLE|8_to_12|iq_mean,cutoff|A|shared|one_g|IDLE|8_to_12,integrated_iq_mean_difference,maximum_integrated_iq_mean_difference,upper,0.0,0.0,4.474034657548733e-12,0.12,0.11999999999552596,True,,,,,,,,cutoff|A|shared|one_g|IDLE|8_to_12,trace-decreasing/no-postselection where logical
gate_metric,cutoff|A|shared|one_g|IDLE|8_to_12|iq_covariance,cutoff|A|shared|one_g|IDLE|8_to_12,integrated_iq_covariance_frobenius,maximum_integrated_iq_covariance_frobenius,upper,0.0,0.0,4.474034657548733e-12,0.18,0.17999999999552596,True,,,,,,,,cutoff|A|shared|one_g|IDLE|8_to_12,trace-decreasing/no-postselection where logical
gate_metric,cutoff|A|shared|one_g|IDLE|8_to_12|iq_ks,cutoff|A|shared|one_g|IDLE|8_to_12,iq_two_sample_ks,maximum_iq_two_sample_ks,upper,0.0,0.0,4.474034657548733e-12,0.24,0.23999999999552596,True,,,,,,,,cutoff|A|shared|one_g|IDLE|8_to_12,trace-decreasing/no-postselection where logical
gate_metric,cutoff|A|shared|one_g|IDLE|8_to_12|log_evidence,cutoff|A|shared|one_g|IDLE|8_to_12,log_evidence_mean_difference,maximum_log_evidence_mean_difference,upper,0.0,0.0,4.474034657548733e-12,0.3,0.29999999999552596,True,,,,,,,,cutoff|A|shared|one_g|IDLE|8_to_12,trace-decreasing/no-postselection where logical
gate_metric,cutoff|A|shared|one_g|IDLE|8_to_12|posterior,cutoff|A|shared|one_g|IDLE|8_to_12,posterior_mean_l1,maximum_posterior_mean_l1,upper,4.7134439086955455e-29,3.0607938625405143e-29,4.474034657548733e-12,0.12,0.11999999999552596,True,,,,,,,,cutoff|A|shared|one_g|IDLE|8_to_12,trace-decreasing/no-postselection where logical
gate_metric,cutoff|A|shared|one_g|IDLE|8_to_12|leakage_residence,cutoff|A|shared|one_g|IDLE|8_to_12,leakage_residence_rate_difference,maximum_leakage_residence_rate_difference,upper,0.0,0.0,4.474034657548733e-12,0.1,0.09999999999552597,True,,,,,,,,cutoff|A|shared|one_g|IDLE|8_to_12,trace-decreasing/no-postselection where logical
gate_metric,cutoff|A|shared|one_g|RESET|8_to_12|density,cutoff|A|shared|one_g|RESET|8_to_12,ensemble_density_trace_distance,maximum_ensemble_density_trace_distance,upper,8.673617379884035e-19,1.6629456963372337e-19,4.474035524910471e-12,0.1,0.09999999999552597,True,,,,,,,,cutoff|A|shared|one_g|RESET|8_to_12,trace-decreasing/no-postselection where logical
gate_metric,cutoff|A|shared|one_g|RESET|8_to_12|mean_photon,cutoff|A|shared|one_g|RESET|8_to_12,mean_photon_difference,maximum_mean_photon_difference,upper,0.0,4.2977237335086635e-18,4.474034657548733e-12,0.08,0.07999999999552597,True,,,,,,,,cutoff|A|shared|one_g|RESET|8_to_12,trace-decreasing/no-postselection where logical
gate_metric,cutoff|A|shared|one_g|RESET|8_to_12|levels,cutoff|A|shared|one_g|RESET|8_to_12,level_probability_l1,maximum_level_probability_l1,upper,0.0,0.0,4.474034657548733e-12,0.1,0.09999999999552597,True,,,,,,,,cutoff|A|shared|one_g|RESET|8_to_12,trace-decreasing/no-postselection where logical
gate_metric,cutoff|A|shared|one_g|RESET|8_to_12|iq_mean,cutoff|A|shared|one_g|RESET|8_to_12,integrated_iq_mean_difference,maximum_integrated_iq_mean_difference,upper,0.0,0.0,4.474034657548733e-12,0.12,0.11999999999552596,True,,,,,,,,cutoff|A|shared|one_g|RESET|8_to_12,trace-decreasing/no-postselection where logical
gate_metric,cutoff|A|shared|one_g|RESET|8_to_12|iq_covariance,cutoff|A|shared|one_g|RESET|8_to_12,integrated_iq_covariance_frobenius,maximum_integrated_iq_covariance_frobenius,upper,0.0,0.0,4.474034657548733e-12,0.18,0.17999999999552596,True,,,,,,,,cutoff|A|shared|one_g|RESET|8_to_12,trace-decreasing/no-postselection where logical
gate_metric,cutoff|A|shared|one_g|RESET|8_to_12|iq_ks,cutoff|A|shared|one_g|RESET|8_to_12,iq_two_sample_ks,maximum_iq_two_sample_ks,upper,0.0,0.0,4.474034657548733e-12,0.24,0.23999999999552596,True,,,,,,,,cutoff|A|shared|one_g|RESET|8_to_12,trace-decreasing/no-postselection where logical
gate_metric,cutoff|A|shared|one_g|RESET|8_to_12|log_evidence,cutoff|A|shared|one_g|RESET|8_to_12,log_evidence_mean_difference,maximum_log_evidence_mean_difference,upper,0.0,0.0,4.474034657548733e-12,0.3,0.29999999999552596,True,,,,,,,,cutoff|A|shared|one_g|RESET|8_to_12,trace-decreasing/no-postselection where logical
gate_metric,cutoff|A|shared|one_g|RESET|8_to_12|posterior,cutoff|A|shared|one_g|RESET|8_to_12,posterior_mean_l1,maximum_posterior_mean_l1,upper,1.1102230246260578e-16,4.763436345332392e-17,4.474145679851195e-12,0.12,0.11999999999552585,True,,,,,,,,cutoff|A|shared|one_g|RESET|8_to_12,trace-decreasing/no-postselection where logical
gate_metric,cutoff|A|shared|one_g|RESET|8_to_12|leakage_residence,cutoff|A|shared|one_g|RESET|8_to_12,leakage_residence_rate_difference,maximum_leakage_residence_rate_difference,upper,0.0,0.0,4.474034657548733e-12,0.1,0.09999999999552597,True,,,,,,,,cutoff|A|shared|one_g|RESET|8_to_12,trace-decreasing/no-postselection where logical
gate_metric,cutoff|A|shared|one_g|RESET|8_to_12|reset_success,cutoff|A|shared|one_g|RESET|8_to_12,reset_success_rate_difference,maximum_reset_success_rate_difference,upper,0.0,0.0,4.474034657548733e-12,0.12,0.11999999999552596,True,,,,,,,,cutoff|A|shared|one_g|RESET|8_to_12,trace-decreasing/no-postselection where logical
gate_metric,cutoff|A|shared|one_g|XZ|8_to_12|density,cutoff|A|shared|one_g|XZ|8_to_12,ensemble_density_trace_distance,maximum_ensemble_density_trace_distance,upper,1.0748448628163014e-07,2.4797677016267705e-19,1.0748896031628769e-07,0.1,0.09999989251103969,True,,,,,,,,cutoff|A|shared|one_g|XZ|8_to_12,trace-decreasing/no-postselection where logical
gate_metric,cutoff|A|shared|one_g|XZ|8_to_12|mean_photon,cutoff|A|shared|one_g|XZ|8_to_12,mean_photon_difference,maximum_mean_photon_difference,upper,6.217248937900877e-15,1.3116606804870628e-17,4.4802519064866335e-12,0.08,0.07999999999551975,True,,,,,,,,cutoff|A|shared|one_g|XZ|8_to_12,trace-decreasing/no-postselection where logical
gate_metric,cutoff|A|shared|one_g|XZ|8_to_12|levels,cutoff|A|shared|one_g|XZ|8_to_12,level_probability_l1,maximum_level_probability_l1,upper,2.766929625062699e-28,2.7867814990448376e-17,4.474034657548733e-12,0.1,0.09999999999552597,True,,,,,,,,cutoff|A|shared|one_g|XZ|8_to_12,trace-decreasing/no-postselection where logical
gate_metric,cutoff|A|shared|one_g|XZ|8_to_12|iq_mean,cutoff|A|shared|one_g|XZ|8_to_12,integrated_iq_mean_difference,maximum_integrated_iq_mean_difference,upper,0.0,0.0,4.474034657548733e-12,0.12,0.11999999999552596,True,,,,,,,,cutoff|A|shared|one_g|XZ|8_to_12,trace-decreasing/no-postselection where logical
gate_metric,cutoff|A|shared|one_g|XZ|8_to_12|iq_covariance,cutoff|A|shared|one_g|XZ|8_to_12,integrated_iq_covariance_frobenius,maximum_integrated_iq_covariance_frobenius,upper,0.0,0.0,4.474034657548733e-12,0.18,0.17999999999552596,True,,,,,,,,cutoff|A|shared|one_g|XZ|8_to_12,trace-decreasing/no-postselection where logical
gate_metric,cutoff|A|shared|one_g|XZ|8_to_12|iq_ks,cutoff|A|shared|one_g|XZ|8_to_12,iq_two_sample_ks,maximum_iq_two_sample_ks,upper,0.0,0.0,4.474034657548733e-12,0.24,0.23999999999552596,True,,,,,,,,cutoff|A|shared|one_g|XZ|8_to_12,trace-decreasing/no-postselection where logical
gate_metric,cutoff|A|shared|one_g|XZ|8_to_12|log_evidence,cutoff|A|shared|one_g|XZ|8_to_12,log_evidence_mean_difference,maximum_log_evidence_mean_difference,upper,0.0,7.497547982608999e-16,4.474034657548733e-12,0.3,0.29999999999552596,True,,,,,,,,cutoff|A|shared|one_g|XZ|8_to_12,trace-decreasing/no-postselection where logical
gate_metric,cutoff|A|shared|one_g|XZ|8_to_12|posterior,cutoff|A|shared|one_g|XZ|8_to_12,posterior_mean_l1,maximum_posterior_mean_l1,upper,2.766929625062699e-28,2.7867814990448376e-17,4.474034657548733e-12,0.12,0.11999999999552596,True,,,,,,,,cutoff|A|shared|one_g|XZ|8_to_12,trace-decreasing/no-postselection where logical
gate_metric,cutoff|A|shared|one_g|XZ|8_to_12|leakage_residence,cutoff|A|shared|one_g|XZ|8_to_12,leakage_residence_rate_difference,maximum_leakage_residence_rate_difference,upper,0.0,0.0,4.474034657548733e-12,0.1,0.09999999999552597,True,,,,,,,,cutoff|A|shared|one_g|XZ|8_to_12,trace-decreasing/no-postselection where logical
gate_metric,cutoff|A|shared|vacuum_e|IDLE|8_to_12|density,cutoff|A|shared|vacuum_e|IDLE|8_to_12,ensemble_density_trace_distance,maximum_ensemble_density_trace_distance,upper,9.990923364624236e-27,2.775801732019329e-17,4.474034657548742e-12,0.1,0.09999999999552597,True,,,,,,,,cutoff|A|shared|vacuum_e|IDLE|8_to_12,trace-decreasing/no-postselection where logical
gate_metric,cutoff|A|shared|vacuum_e|IDLE|8_to_12|mean_photon,cutoff|A|shared|vacuum_e|IDLE|8_to_12,mean_photon_difference,maximum_mean_photon_difference,upper,0.0,0.0,4.474034657548733e-12,0.08,0.07999999999552597,True,,,,,,,,cutoff|A|shared|vacuum_e|IDLE|8_to_12,trace-decreasing/no-postselection where logical
gate_metric,cutoff|A|shared|vacuum_e|IDLE|8_to_12|levels,cutoff|A|shared|vacuum_e|IDLE|8_to_12,level_probability_l1,maximum_level_probability_l1,upper,1.4199507931372286e-29,1.0995958287551018e-29,4.474034657548733e-12,0.1,0.09999999999552597,True,,,,,,,,cutoff|A|shared|vacuum_e|IDLE|8_to_12,trace-decreasing/no-postselection where logical
gate_metric,cutoff|A|shared|vacuum_e|IDLE|8_to_12|iq_mean,cutoff|A|shared|vacuum_e|IDLE|8_to_12,integrated_iq_mean_difference,maximum_integrated_iq_mean_difference,upper,0.0,0.0,4.474034657548733e-12,0.12,0.11999999999552596,True,,,,,,,,cutoff|A|shared|vacuum_e|IDLE|8_to_12,trace-decreasing/no-postselection where logical
gate_metric,cutoff|A|shared|vacuum_e|IDLE|8_to_12|iq_covariance,cutoff|A|shared|vacuum_e|IDLE|8_to_12,integrated_iq_covariance_frobenius,maximum_integrated_iq_covariance_frobenius,upper,0.0,0.0,4.474034657548733e-12,0.18,0.17999999999552596,True,,,,,,,,cutoff|A|shared|vacuum_e|IDLE|8_to_12,trace-decreasing/no-postselection where logical
gate_metric,cutoff|A|shared|vacuum_e|IDLE|8_to_12|iq_ks,cutoff|A|shared|vacuum_e|IDLE|8_to_12,iq_two_sample_ks,maximum_iq_two_sample_ks,upper,0.0,0.0,4.474034657548733e-12,0.24,0.23999999999552596,True,,,,,,,,cutoff|A|shared|vacuum_e|IDLE|8_to_12,trace-decreasing/no-postselection where logical
gate_metric,cutoff|A|shared|vacuum_e|IDLE|8_to_12|log_evidence,cutoff|A|shared|vacuum_e|IDLE|8_to_12,log_evidence_mean_difference,maximum_log_evidence_mean_difference,upper,0.0,7.847267734502399e-16,4.474034657548733e-12,0.3,0.29999999999552596,True,,,,,,,,cutoff|A|shared|vacuum_e|IDLE|8_to_12,trace-decreasing/no-postselection where logical
gate_metric,cutoff|A|shared|vacuum_e|IDLE|8_to_12|posterior,cutoff|A|shared|vacuum_e|IDLE|8_to_12,posterior_mean_l1,maximum_posterior_mean_l1,upper,1.4199507931372286e-29,1.0995958287551018e-29,4.474034657548733e-12,0.12,0.11999999999552596,True,,,,,,,,cutoff|A|shared|vacuum_e|IDLE|8_to_12,trace-decreasing/no-postselection where logical
gate_metric,cutoff|A|shared|vacuum_e|IDLE|8_to_12|leakage_residence,cutoff|A|shared|vacuum_e|IDLE|8_to_12,leakage_residence_rate_difference,maximum_leakage_residence_rate_difference,upper,0.0,0.0,4.474034657548733e-12,0.1,0.09999999999552597,True,,,,,,,,cutoff|A|shared|vacuum_e|IDLE|8_to_12,trace-decreasing/no-postselection where logical
gate_metric,cutoff|A|shared|vacuum_e|RESET|8_to_12|density,cutoff|A|shared|vacuum_e|RESET|8_to_12,ensemble_density_trace_distance,maximum_ensemble_density_trace_distance,upper,0.0,1.604817578754637e-17,4.474034657548733e-12,0.1,0.09999999999552597,True,,,,,,,,cutoff|A|shared|vacuum_e|RESET|8_to_12,trace-decreasing/no-postselection where logical
gate_metric,cutoff|A|shared|vacuum_e|RESET|8_to_12|mean_photon,cutoff|A|shared|vacuum_e|RESET|8_to_12,mean_photon_difference,maximum_mean_photon_difference,upper,0.0,0.0,4.474034657548733e-12,0.08,0.07999999999552597,True,,,,,,,,cutoff|A|shared|vacuum_e|RESET|8_to_12,trace-decreasing/no-postselection where logical
gate_metric,cutoff|A|shared|vacuum_e|RESET|8_to_12|levels,cutoff|A|shared|vacuum_e|RESET|8_to_12,level_probability_l1,maximum_level_probability_l1,upper,0.0,0.0,4.474034657548733e-12,0.1,0.09999999999552597,True,,,,,,,,cutoff|A|shared|vacuum_e|RESET|8_to_12,trace-decreasing/no-postselection where logical
gate_metric,cutoff|A|shared|vacuum_e|RESET|8_to_12|iq_mean,cutoff|A|shared|vacuum_e|RESET|8_to_12,integrated_iq_mean_difference,maximum_integrated_iq_mean_difference,upper,0.0,0.0,4.474034657548733e-12,0.12,0.11999999999552596,True,,,,,,,,cutoff|A|shared|vacuum_e|RESET|8_to_12,trace-decreasing/no-postselection where logical
gate_metric,cutoff|A|shared|vacuum_e|RESET|8_to_12|iq_covariance,cutoff|A|shared|vacuum_e|RESET|8_to_12,integrated_iq_covariance_frobenius,maximum_integrated_iq_covariance_frobenius,upper,0.0,0.0,4.474034657548733e-12,0.18,0.17999999999552596,True,,,,,,,,cutoff|A|shared|vacuum_e|RESET|8_to_12,trace-decreasing/no-postselection where logical
gate_metric,cutoff|A|shared|vacuum_e|RESET|8_to_12|iq_ks,cutoff|A|shared|vacuum_e|RESET|8_to_12,iq_two_sample_ks,maximum_iq_two_sample_ks,upper,0.0,0.0,4.474034657548733e-12,0.24,0.23999999999552596,True,,,,,,,,cutoff|A|shared|vacuum_e|RESET|8_to_12,trace-decreasing/no-postselection where logical
gate_metric,cutoff|A|shared|vacuum_e|RESET|8_to_12|log_evidence,cutoff|A|shared|vacuum_e|RESET|8_to_12,log_evidence_mean_difference,maximum_log_evidence_mean_difference,upper,0.0,7.898895118682138e-16,4.474034657548733e-12,0.3,0.29999999999552596,True,,,,,,,,cutoff|A|shared|vacuum_e|RESET|8_to_12,trace-decreasing/no-postselection where logical
gate_metric,cutoff|A|shared|vacuum_e|RESET|8_to_12|posterior,cutoff|A|shared|vacuum_e|RESET|8_to_12,posterior_mean_l1,maximum_posterior_mean_l1,upper,9.466344856912388e-30,3.795882374748643e-17,4.474034657548733e-12,0.12,0.11999999999552596,True,,,,,,,,cutoff|A|shared|vacuum_e|RESET|8_to_12,trace-decreasing/no-postselection where logical
gate_metric,cutoff|A|shared|vacuum_e|RESET|8_to_12|leakage_residence,cutoff|A|shared|vacuum_e|RESET|8_to_12,leakage_residence_rate_difference,maximum_leakage_residence_rate_difference,upper,0.0,0.0,4.474034657548733e-12,0.1,0.09999999999552597,True,,,,,,,,cutoff|A|shared|vacuum_e|RESET|8_to_12,trace-decreasing/no-postselection where logical
gate_metric,cutoff|A|shared|vacuum_e|RESET|8_to_12|reset_success,cutoff|A|shared|vacuum_e|RESET|8_to_12,reset_success_rate_difference,maximum_reset_success_rate_difference,upper,0.0,0.0,4.474034657548733e-12,0.12,0.11999999999552596,True,,,,,,,,cutoff|A|shared|vacuum_e|RESET|8_to_12,trace-decreasing/no-postselection where logical
gate_metric,cutoff|A|shared|vacuum_e|XZ|8_to_12|density,cutoff|A|shared|vacuum_e|XZ|8_to_12,ensemble_density_trace_distance,maximum_ensemble_density_trace_distance,upper,2.1526267479935167e-09,9.479362880345375e-20,2.1571007826510656e-09,0.1,0.09999999784289923,True,,,,,,,,cutoff|A|shared|vacuum_e|XZ|8_to_12,trace-decreasing/no-postselection where logical
gate_metric,cutoff|A|shared|vacuum_e|XZ|8_to_12|mean_photon,cutoff|A|shared|vacuum_e|XZ|8_to_12,mean_photon_difference,maximum_mean_photon_difference,upper,6.938893903907228e-18,3.378837413234479e-19,4.4740415964426366e-12,0.08,0.07999999999552596,True,,,,,,,,cutoff|A|shared|vacuum_e|XZ|8_to_12,trace-decreasing/no-postselection where logical
gate_metric,cutoff|A|shared|vacuum_e|XZ|8_to_12|levels,cutoff|A|shared|vacuum_e|XZ|8_to_12,level_probability_l1,maximum_level_probability_l1,upper,2.524355017783156e-29,2.4656116366609002e-17,4.474034657548733e-12,0.1,0.09999999999552597,True,,,,,,,,cutoff|A|shared|vacuum_e|XZ|8_to_12,trace-decreasing/no-postselection where logical
gate_metric,cutoff|A|shared|vacuum_e|XZ|8_to_12|iq_mean,cutoff|A|shared|vacuum_e|XZ|8_to_12,integrated_iq_mean_difference,maximum_integrated_iq_mean_difference,upper,0.0,0.0,4.474034657548733e-12,0.12,0.11999999999552596,True,,,,,,,,cutoff|A|shared|vacuum_e|XZ|8_to_12,trace-decreasing/no-postselection where logical
gate_metric,cutoff|A|shared|vacuum_e|XZ|8_to_12|iq_covariance,cutoff|A|shared|vacuum_e|XZ|8_to_12,integrated_iq_covariance_frobenius,maximum_integrated_iq_covariance_frobenius,upper,0.0,0.0,4.474034657548733e-12,0.18,0.17999999999552596,True,,,,,,,,cutoff|A|shared|vacuum_e|XZ|8_to_12,trace-decreasing/no-postselection where logical
gate_metric,cutoff|A|shared|vacuum_e|XZ|8_to_12|iq_ks,cutoff|A|shared|vacuum_e|XZ|8_to_12,iq_two_sample_ks,maximum_iq_two_sample_ks,upper,0.0,0.0,4.474034657548733e-12,0.24,0.23999999999552596,True,,,,,,,,cutoff|A|shared|vacuum_e|XZ|8_to_12,trace-decreasing/no-postselection where logical
gate_metric,cutoff|A|shared|vacuum_e|XZ|8_to_12|log_evidence,cutoff|A|shared|vacuum_e|XZ|8_to_12,log_evidence_mean_difference,maximum_log_evidence_mean_difference,upper,0.0,5.773366500021845e-16,4.474034657548733e-12,0.3,0.29999999999552596,True,,,,,,,,cutoff|A|shared|vacuum_e|XZ|8_to_12,trace-decreasing/no-postselection where logical
gate_metric,cutoff|A|shared|vacuum_e|XZ|8_to_12|posterior,cutoff|A|shared|vacuum_e|XZ|8_to_12,posterior_mean_l1,maximum_posterior_mean_l1,upper,2.524355017783156e-29,2.4656116366609002e-17,4.474034657548733e-12,0.12,0.11999999999552596,True,,,,,,,,cutoff|A|shared|vacuum_e|XZ|8_to_12,trace-decreasing/no-postselection where logical
gate_metric,cutoff|A|shared|vacuum_e|XZ|8_to_12|leakage_residence,cutoff|A|shared|vacuum_e|XZ|8_to_12,leakage_residence_rate_difference,maximum_leakage_residence_rate_difference,upper,0.0,0.0,4.474034657548733e-12,0.1,0.09999999999552597,True,,,,,,,,cutoff|A|shared|vacuum_e|XZ|8_to_12,trace-decreasing/no-postselection where logical
gate_metric,cutoff|A|shared|vacuum_f|IDLE|8_to_12|density,cutoff|A|shared|vacuum_f|IDLE|8_to_12,ensemble_density_trace_distance,maximum_ensemble_density_trace_distance,upper,3.176373993965733e-22,2.4665093624494573e-17,4.47403465786637e-12,0.1,0.09999999999552597,True,,,,,,,,cutoff|A|shared|vacuum_f|IDLE|8_to_12,trace-decreasing/no-postselection where logical
gate_metric,cutoff|A|shared|vacuum_f|IDLE|8_to_12|mean_photon,cutoff|A|shared|vacuum_f|IDLE|8_to_12,mean_photon_difference,maximum_mean_photon_difference,upper,0.0,0.0,4.474034657548733e-12,0.08,0.07999999999552597,True,,,,,,,,cutoff|A|shared|vacuum_f|IDLE|8_to_12,trace-decreasing/no-postselection where logical
gate_metric,cutoff|A|shared|vacuum_f|IDLE|8_to_12|levels,cutoff|A|shared|vacuum_f|IDLE|8_to_12,level_probability_l1,maximum_level_probability_l1,upper,9.087677628146056e-28,2.5532823389698415e-17,4.4740346575487335e-12,0.1,0.09999999999552597,True,,,,,,,,cutoff|A|shared|vacuum_f|IDLE|8_to_12,trace-decreasing/no-postselection where logical
gate_metric,cutoff|A|shared|vacuum_f|IDLE|8_to_12|iq_mean,cutoff|A|shared|vacuum_f|IDLE|8_to_12,integrated_iq_mean_difference,maximum_integrated_iq_mean_difference,upper,0.0,0.0,4.474034657548733e-12,0.12,0.11999999999552596,True,,,,,,,,cutoff|A|shared|vacuum_f|IDLE|8_to_12,trace-decreasing/no-postselection where logical
gate_metric,cutoff|A|shared|vacuum_f|IDLE|8_to_12|iq_covariance,cutoff|A|shared|vacuum_f|IDLE|8_to_12,integrated_iq_covariance_frobenius,maximum_integrated_iq_covariance_frobenius,upper,0.0,0.0,4.474034657548733e-12,0.18,0.17999999999552596,True,,,,,,,,cutoff|A|shared|vacuum_f|IDLE|8_to_12,trace-decreasing/no-postselection where logical
gate_metric,cutoff|A|shared|vacuum_f|IDLE|8_to_12|iq_ks,cutoff|A|shared|vacuum_f|IDLE|8_to_12,iq_two_sample_ks,maximum_iq_two_sample_ks,upper,0.0,0.0,4.474034657548733e-12,0.24,0.23999999999552596,True,,,,,,,,cutoff|A|shared|vacuum_f|IDLE|8_to_12,trace-decreasing/no-postselection where logical
gate_metric,cutoff|A|shared|vacuum_f|IDLE|8_to_12|log_evidence,cutoff|A|shared|vacuum_f|IDLE|8_to_12,log_evidence_mean_difference,maximum_log_evidence_mean_difference,upper,3.552713678800501e-15,1.2157773666082526e-15,4.477587371227533e-12,0.3,0.2999999999955224,True,,,,,,,,cutoff|A|shared|vacuum_f|IDLE|8_to_12,trace-decreasing/no-postselection where logical
gate_metric,cutoff|A|shared|vacuum_f|IDLE|8_to_12|posterior,cutoff|A|shared|vacuum_f|IDLE|8_to_12,posterior_mean_l1,maximum_posterior_mean_l1,upper,9.087677628146056e-28,2.5532823389698415e-17,4.4740346575487335e-12,0.12,0.11999999999552596,True,,,,,,,,cutoff|A|shared|vacuum_f|IDLE|8_to_12,trace-decreasing/no-postselection where logical
gate_metric,cutoff|A|shared|vacuum_f|IDLE|8_to_12|leakage_residence,cutoff|A|shared|vacuum_f|IDLE|8_to_12,leakage_residence_rate_difference,maximum_leakage_residence_rate_difference,upper,0.0,0.0,4.474034657548733e-12,0.1,0.09999999999552597,True,,,,,,,,cutoff|A|shared|vacuum_f|IDLE|8_to_12,trace-decreasing/no-postselection where logical
gate_metric,cutoff|A|shared|vacuum_f|RESET|8_to_12|density,cutoff|A|shared|vacuum_f|RESET|8_to_12,ensemble_density_trace_distance,maximum_ensemble_density_trace_distance,upper,1.5881867761018334e-22,1.0543237921989793e-22,4.474034657707551e-12,0.1,0.09999999999552597,True,,,,,,,,cutoff|A|shared|vacuum_f|RESET|8_to_12,trace-decreasing/no-postselection where logical
gate_metric,cutoff|A|shared|vacuum_f|RESET|8_to_12|mean_photon,cutoff|A|shared|vacuum_f|RESET|8_to_12,mean_photon_difference,maximum_mean_photon_difference,upper,0.0,0.0,4.474034657548733e-12,0.08,0.07999999999552597,True,,,,,,,,cutoff|A|shared|vacuum_f|RESET|8_to_12,trace-decreasing/no-postselection where logical
gate_metric,cutoff|A|shared|vacuum_f|RESET|8_to_12|levels,cutoff|A|shared|vacuum_f|RESET|8_to_12,level_probability_l1,maximum_level_probability_l1,upper,5.048709793414476e-29,3.8400000092331565e-29,4.474034657548733e-12,0.1,0.09999999999552597,True,,,,,,,,cutoff|A|shared|vacuum_f|RESET|8_to_12,trace-decreasing/no-postselection where logical
gate_metric,cutoff|A|shared|vacuum_f|RESET|8_to_12|iq_mean,cutoff|A|shared|vacuum_f|RESET|8_to_12,integrated_iq_mean_difference,maximum_integrated_iq_mean_difference,upper,0.0,0.0,4.474034657548733e-12,0.12,0.11999999999552596,True,,,,,,,,cutoff|A|shared|vacuum_f|RESET|8_to_12,trace-decreasing/no-postselection where logical
gate_metric,cutoff|A|shared|vacuum_f|RESET|8_to_12|iq_covariance,cutoff|A|shared|vacuum_f|RESET|8_to_12,integrated_iq_covariance_frobenius,maximum_integrated_iq_covariance_frobenius,upper,0.0,0.0,4.474034657548733e-12,0.18,0.17999999999552596,True,,,,,,,,cutoff|A|shared|vacuum_f|RESET|8_to_12,trace-decreasing/no-postselection where logical
gate_metric,cutoff|A|shared|vacuum_f|RESET|8_to_12|iq_ks,cutoff|A|shared|vacuum_f|RESET|8_to_12,iq_two_sample_ks,maximum_iq_two_sample_ks,upper,0.0,0.0,4.474034657548733e-12,0.24,0.23999999999552596,True,,,,,,,,cutoff|A|shared|vacuum_f|RESET|8_to_12,trace-decreasing/no-postselection where logical
gate_metric,cutoff|A|shared|vacuum_f|RESET|8_to_12|log_evidence,cutoff|A|shared|vacuum_f|RESET|8_to_12,log_evidence_mean_difference,maximum_log_evidence_mean_difference,upper,0.0,0.0,4.474034657548733e-12,0.3,0.29999999999552596,True,,,,,,,,cutoff|A|shared|vacuum_f|RESET|8_to_12,trace-decreasing/no-postselection where logical
gate_metric,cutoff|A|shared|vacuum_f|RESET|8_to_12|posterior,cutoff|A|shared|vacuum_f|RESET|8_to_12,posterior_mean_l1,maximum_posterior_mean_l1,upper,3.458366208488916e-27,2.1370730750227546e-27,4.474034657548736e-12,0.12,0.11999999999552596,True,,,,,,,,cutoff|A|shared|vacuum_f|RESET|8_to_12,trace-decreasing/no-postselection where logical
gate_metric,cutoff|A|shared|vacuum_f|RESET|8_to_12|leakage_residence,cutoff|A|shared|vacuum_f|RESET|8_to_12,leakage_residence_rate_difference,maximum_leakage_residence_rate_difference,upper,0.0,0.0,4.474034657548733e-12,0.1,0.09999999999552597,True,,,,,,,,cutoff|A|shared|vacuum_f|RESET|8_to_12,trace-decreasing/no-postselection where logical
gate_metric,cutoff|A|shared|vacuum_f|RESET|8_to_12|reset_success,cutoff|A|shared|vacuum_f|RESET|8_to_12,reset_success_rate_difference,maximum_reset_success_rate_difference,upper,0.0,0.0,4.474034657548733e-12,0.12,0.11999999999552596,True,,,,,,,,cutoff|A|shared|vacuum_f|RESET|8_to_12,trace-decreasing/no-postselection where logical
gate_metric,cutoff|A|shared|vacuum_f|XZ|8_to_12|density,cutoff|A|shared|vacuum_f|XZ|8_to_12,ensemble_density_trace_distance,maximum_ensemble_density_trace_distance,upper,2.1761594395507496e-09,1.8769251213734448e-19,2.1806334742082984e-09,0.1,0.09999999781936653,True,,,,,,,,cutoff|A|shared|vacuum_f|XZ|8_to_12,trace-decreasing/no-postselection where logical
gate_metric,cutoff|A|shared|vacuum_f|XZ|8_to_12|mean_photon,cutoff|A|shared|vacuum_f|XZ|8_to_12,mean_photon_difference,maximum_mean_photon_difference,upper,2.42861286636753e-17,1.9453706054172113e-18,4.474058943677396e-12,0.08,0.07999999999552594,True,,,,,,,,cutoff|A|shared|vacuum_f|XZ|8_to_12,trace-decreasing/no-postselection where logical
gate_metric,cutoff|A|shared|vacuum_f|XZ|8_to_12|levels,cutoff|A|shared|vacuum_f|XZ|8_to_12,level_probability_l1,maximum_level_probability_l1,upper,1.1102230247547822e-16,4.3308067359927656e-17,4.474145679851208e-12,0.1,0.09999999999552586,True,,,,,,,,cutoff|A|shared|vacuum_f|XZ|8_to_12,trace-decreasing/no-postselection where logical
gate_metric,cutoff|A|shared|vacuum_f|XZ|8_to_12|iq_mean,cutoff|A|shared|vacuum_f|XZ|8_to_12,integrated_iq_mean_difference,maximum_integrated_iq_mean_difference,upper,0.0,0.0,4.474034657548733e-12,0.12,0.11999999999552596,True,,,,,,,,cutoff|A|shared|vacuum_f|XZ|8_to_12,trace-decreasing/no-postselection where logical
gate_metric,cutoff|A|shared|vacuum_f|XZ|8_to_12|iq_covariance,cutoff|A|shared|vacuum_f|XZ|8_to_12,integrated_iq_covariance_frobenius,maximum_integrated_iq_covariance_frobenius,upper,0.0,0.0,4.474034657548733e-12,0.18,0.17999999999552596,True,,,,,,,,cutoff|A|shared|vacuum_f|XZ|8_to_12,trace-decreasing/no-postselection where logical
gate_metric,cutoff|A|shared|vacuum_f|XZ|8_to_12|iq_ks,cutoff|A|shared|vacuum_f|XZ|8_to_12,iq_two_sample_ks,maximum_iq_two_sample_ks,upper,0.0,0.0,4.474034657548733e-12,0.24,0.23999999999552596,True,,,,,,,,cutoff|A|shared|vacuum_f|XZ|8_to_12,trace-decreasing/no-postselection where logical
gate_metric,cutoff|A|shared|vacuum_f|XZ|8_to_12|log_evidence,cutoff|A|shared|vacuum_f|XZ|8_to_12,log_evidence_mean_difference,maximum_log_evidence_mean_difference,upper,0.0,0.0,4.474034657548733e-12,0.3,0.29999999999552596,True,,,,,,,,cutoff|A|shared|vacuum_f|XZ|8_to_12,trace-decreasing/no-postselection where logical
gate_metric,cutoff|A|shared|vacuum_f|XZ|8_to_12|posterior,cutoff|A|shared|vacuum_f|XZ|8_to_12,posterior_mean_l1,maximum_posterior_mean_l1,upper,1.1102230247547822e-16,4.3308067359927656e-17,4.474145679851208e-12,0.12,0.11999999999552585,True,,,,,,,,cutoff|A|shared|vacuum_f|XZ|8_to_12,trace-decreasing/no-postselection where logical
gate_metric,cutoff|A|shared|vacuum_f|XZ|8_to_12|leakage_residence,cutoff|A|shared|vacuum_f|XZ|8_to_12,leakage_residence_rate_difference,maximum_leakage_residence_rate_difference,upper,0.0,0.0,4.474034657548733e-12,0.1,0.09999999999552597,True,,,,,,,,cutoff|A|shared|vacuum_f|XZ|8_to_12,trace-decreasing/no-postselection where logical
gate_metric,cutoff|A|shared|vacuum_g|IDLE|8_to_12|density,cutoff|A|shared|vacuum_g|IDLE|8_to_12,ensemble_density_trace_distance,maximum_ensemble_density_trace_distance,upper,6.243539698295316e-23,2.915854358994061e-17,4.474034657611168e-12,0.1,0.09999999999552597,True,,,,,,,,cutoff|A|shared|vacuum_g|IDLE|8_to_12,trace-decreasing/no-postselection where logical
gate_metric,cutoff|A|shared|vacuum_g|IDLE|8_to_12|mean_photon,cutoff|A|shared|vacuum_g|IDLE|8_to_12,mean_photon_difference,maximum_mean_photon_difference,upper,0.0,0.0,4.474034657548733e-12,0.08,0.07999999999552597,True,,,,,,,,cutoff|A|shared|vacuum_g|IDLE|8_to_12,trace-decreasing/no-postselection where logical
gate_metric,cutoff|A|shared|vacuum_g|IDLE|8_to_12|levels,cutoff|A|shared|vacuum_g|IDLE|8_to_12,level_probability_l1,maximum_level_probability_l1,upper,3.8348500755056436e-28,2.673525624499772e-28,4.474034657548733e-12,0.1,0.09999999999552597,True,,,,,,,,cutoff|A|shared|vacuum_g|IDLE|8_to_12,trace-decreasing/no-postselection where logical
gate_metric,cutoff|A|shared|vacuum_g|IDLE|8_to_12|iq_mean,cutoff|A|shared|vacuum_g|IDLE|8_to_12,integrated_iq_mean_difference,maximum_integrated_iq_mean_difference,upper,0.0,0.0,4.474034657548733e-12,0.12,0.11999999999552596,True,,,,,,,,cutoff|A|shared|vacuum_g|IDLE|8_to_12,trace-decreasing/no-postselection where logical
gate_metric,cutoff|A|shared|vacuum_g|IDLE|8_to_12|iq_covariance,cutoff|A|shared|vacuum_g|IDLE|8_to_12,integrated_iq_covariance_frobenius,maximum_integrated_iq_covariance_frobenius,upper,0.0,0.0,4.474034657548733e-12,0.18,0.17999999999552596,True,,,,,,,,cutoff|A|shared|vacuum_g|IDLE|8_to_12,trace-decreasing/no-postselection where logical
gate_metric,cutoff|A|shared|vacuum_g|IDLE|8_to_12|iq_ks,cutoff|A|shared|vacuum_g|IDLE|8_to_12,iq_two_sample_ks,maximum_iq_two_sample_ks,upper,0.0,0.0,4.474034657548733e-12,0.24,0.23999999999552596,True,,,,,,,,cutoff|A|shared|vacuum_g|IDLE|8_to_12,trace-decreasing/no-postselection where logical
gate_metric,cutoff|A|shared|vacuum_g|IDLE|8_to_12|log_evidence,cutoff|A|shared|vacuum_g|IDLE|8_to_12,log_evidence_mean_difference,maximum_log_evidence_mean_difference,upper,0.0,8.649773592834509e-16,4.474034657548733e-12,0.3,0.29999999999552596,True,,,,,,,,cutoff|A|shared|vacuum_g|IDLE|8_to_12,trace-decreasing/no-postselection where logical
gate_metric,cutoff|A|shared|vacuum_g|IDLE|8_to_12|posterior,cutoff|A|shared|vacuum_g|IDLE|8_to_12,posterior_mean_l1,maximum_posterior_mean_l1,upper,3.8348500755056436e-28,2.673525624499772e-28,4.474034657548733e-12,0.12,0.11999999999552596,True,,,,,,,,cutoff|A|shared|vacuum_g|IDLE|8_to_12,trace-decreasing/no-postselection where logical
gate_metric,cutoff|A|shared|vacuum_g|IDLE|8_to_12|leakage_residence,cutoff|A|shared|vacuum_g|IDLE|8_to_12,leakage_residence_rate_difference,maximum_leakage_residence_rate_difference,upper,0.0,0.0,4.474034657548733e-12,0.1,0.09999999999552597,True,,,,,,,,cutoff|A|shared|vacuum_g|IDLE|8_to_12,trace-decreasing/no-postselection where logical
gate_metric,cutoff|A|shared|vacuum_g|RESET|8_to_12|density,cutoff|A|shared|vacuum_g|RESET|8_to_12,ensemble_density_trace_distance,maximum_ensemble_density_trace_distance,upper,0.0,0.0,4.474034657548733e-12,0.1,0.09999999999552597,True,,,,,,,,cutoff|A|shared|vacuum_g|RESET|8_to_12,trace-decreasing/no-postselection where logical
gate_metric,cutoff|A|shared|vacuum_g|RESET|8_to_12|mean_photon,cutoff|A|shared|vacuum_g|RESET|8_to_12,mean_photon_difference,maximum_mean_photon_difference,upper,0.0,0.0,4.474034657548733e-12,0.08,0.07999999999552597,True,,,,,,,,cutoff|A|shared|vacuum_g|RESET|8_to_12,trace-decreasing/no-postselection where logical
gate_metric,cutoff|A|shared|vacuum_g|RESET|8_to_12|levels,cutoff|A|shared|vacuum_g|RESET|8_to_12,level_probability_l1,maximum_level_probability_l1,upper,0.0,0.0,4.474034657548733e-12,0.1,0.09999999999552597,True,,,,,,,,cutoff|A|shared|vacuum_g|RESET|8_to_12,trace-decreasing/no-postselection where logical
gate_metric,cutoff|A|shared|vacuum_g|RESET|8_to_12|iq_mean,cutoff|A|shared|vacuum_g|RESET|8_to_12,integrated_iq_mean_difference,maximum_integrated_iq_mean_difference,upper,0.0,0.0,4.474034657548733e-12,0.12,0.11999999999552596,True,,,,,,,,cutoff|A|shared|vacuum_g|RESET|8_to_12,trace-decreasing/no-postselection where logical
gate_metric,cutoff|A|shared|vacuum_g|RESET|8_to_12|iq_covariance,cutoff|A|shared|vacuum_g|RESET|8_to_12,integrated_iq_covariance_frobenius,maximum_integrated_iq_covariance_frobenius,upper,0.0,0.0,4.474034657548733e-12,0.18,0.17999999999552596,True,,,,,,,,cutoff|A|shared|vacuum_g|RESET|8_to_12,trace-decreasing/no-postselection where logical
gate_metric,cutoff|A|shared|vacuum_g|RESET|8_to_12|iq_ks,cutoff|A|shared|vacuum_g|RESET|8_to_12,iq_two_sample_ks,maximum_iq_two_sample_ks,upper,0.0,0.0,4.474034657548733e-12,0.24,0.23999999999552596,True,,,,,,,,cutoff|A|shared|vacuum_g|RESET|8_to_12,trace-decreasing/no-postselection where logical
gate_metric,cutoff|A|shared|vacuum_g|RESET|8_to_12|log_evidence,cutoff|A|shared|vacuum_g|RESET|8_to_12,log_evidence_mean_difference,maximum_log_evidence_mean_difference,upper,0.0,1.1649905687471336e-15,4.474034657548733e-12,0.3,0.29999999999552596,True,,,,,,,,cutoff|A|shared|vacuum_g|RESET|8_to_12,trace-decreasing/no-postselection where logical
gate_metric,cutoff|A|shared|vacuum_g|RESET|8_to_12|posterior,cutoff|A|shared|vacuum_g|RESET|8_to_12,posterior_mean_l1,maximum_posterior_mean_l1,upper,2.1535902712533622e-28,1.483915461980399e-28,4.474034657548733e-12,0.12,0.11999999999552596,True,,,,,,,,cutoff|A|shared|vacuum_g|RESET|8_to_12,trace-decreasing/no-postselection where logical
gate_metric,cutoff|A|shared|vacuum_g|RESET|8_to_12|leakage_residence,cutoff|A|shared|vacuum_g|RESET|8_to_12,leakage_residence_rate_difference,maximum_leakage_residence_rate_difference,upper,0.0,0.0,4.474034657548733e-12,0.1,0.09999999999552597,True,,,,,,,,cutoff|A|shared|vacuum_g|RESET|8_to_12,trace-decreasing/no-postselection where logical
gate_metric,cutoff|A|shared|vacuum_g|RESET|8_to_12|reset_success,cutoff|A|shared|vacuum_g|RESET|8_to_12,reset_success_rate_difference,maximum_reset_success_rate_difference,upper,0.0,0.0,4.474034657548733e-12,0.12,0.11999999999552596,True,,,,,,,,cutoff|A|shared|vacuum_g|RESET|8_to_12,trace-decreasing/no-postselection where logical
gate_metric,cutoff|A|shared|vacuum_g|XZ|8_to_12|density,cutoff|A|shared|vacuum_g|XZ|8_to_12,ensemble_density_trace_distance,maximum_ensemble_density_trace_distance,upper,2.1525686838263634e-09,9.212784545699327e-20,2.1570427184839123e-09,0.1,0.09999999784295728,True,,,,,,,,cutoff|A|shared|vacuum_g|XZ|8_to_12,trace-decreasing/no-postselection where logical
gate_metric,cutoff|A|shared|vacuum_g|XZ|8_to_12|mean_photon,cutoff|A|shared|vacuum_g|XZ|8_to_12,mean_photon_difference,maximum_mean_photon_difference,upper,6.938893903907228e-18,2.4097924574748774e-18,4.4740415964426366e-12,0.08,0.07999999999552596,True,,,,,,,,cutoff|A|shared|vacuum_g|XZ|8_to_12,trace-decreasing/no-postselection where logical
gate_metric,cutoff|A|shared|vacuum_g|XZ|8_to_12|levels,cutoff|A|shared|vacuum_g|XZ|8_to_12,level_probability_l1,maximum_level_probability_l1,upper,5.186760451828153e-29,4.4899089053887806e-17,4.474034657548733e-12,0.1,0.09999999999552597,True,,,,,,,,cutoff|A|shared|vacuum_g|XZ|8_to_12,trace-decreasing/no-postselection where logical
gate_metric,cutoff|A|shared|vacuum_g|XZ|8_to_12|iq_mean,cutoff|A|shared|vacuum_g|XZ|8_to_12,integrated_iq_mean_difference,maximum_integrated_iq_mean_difference,upper,0.0,0.0,4.474034657548733e-12,0.12,0.11999999999552596,True,,,,,,,,cutoff|A|shared|vacuum_g|XZ|8_to_12,trace-decreasing/no-postselection where logical
gate_metric,cutoff|A|shared|vacuum_g|XZ|8_to_12|iq_covariance,cutoff|A|shared|vacuum_g|XZ|8_to_12,integrated_iq_covariance_frobenius,maximum_integrated_iq_covariance_frobenius,upper,0.0,0.0,4.474034657548733e-12,0.18,0.17999999999552596,True,,,,,,,,cutoff|A|shared|vacuum_g|XZ|8_to_12,trace-decreasing/no-postselection where logical
gate_metric,cutoff|A|shared|vacuum_g|XZ|8_to_12|iq_ks,cutoff|A|shared|vacuum_g|XZ|8_to_12,iq_two_sample_ks,maximum_iq_two_sample_ks,upper,0.0,0.0,4.474034657548733e-12,0.24,0.23999999999552596,True,,,,,,,,cutoff|A|shared|vacuum_g|XZ|8_to_12,trace-decreasing/no-postselection where logical
gate_metric,cutoff|A|shared|vacuum_g|XZ|8_to_12|log_evidence,cutoff|A|shared|vacuum_g|XZ|8_to_12,log_evidence_mean_difference,maximum_log_evidence_mean_difference,upper,0.0,5.567592835654958e-16,4.474034657548733e-12,0.3,0.29999999999552596,True,,,,,,,,cutoff|A|shared|vacuum_g|XZ|8_to_12,trace-decreasing/no-postselection where logical
gate_metric,cutoff|A|shared|vacuum_g|XZ|8_to_12|posterior,cutoff|A|shared|vacuum_g|XZ|8_to_12,posterior_mean_l1,maximum_posterior_mean_l1,upper,5.186760451828153e-29,4.4899089053887806e-17,4.474034657548733e-12,0.12,0.11999999999552596,True,,,,,,,,cutoff|A|shared|vacuum_g|XZ|8_to_12,trace-decreasing/no-postselection where logical
gate_metric,cutoff|A|shared|vacuum_g|XZ|8_to_12|leakage_residence,cutoff|A|shared|vacuum_g|XZ|8_to_12,leakage_residence_rate_difference,maximum_leakage_residence_rate_difference,upper,0.0,0.0,4.474034657548733e-12,0.1,0.09999999999552597,True,,,,,,,,cutoff|A|shared|vacuum_g|XZ|8_to_12,trace-decreasing/no-postselection where logical
gate_metric,cutoff|A|shared|zero_one_plus_g|IDLE|8_to_12|density,cutoff|A|shared|zero_one_plus_g|IDLE|8_to_12,ensemble_density_trace_distance,maximum_ensemble_density_trace_distance,upper,9.455897948221843e-16,5.995432823002151e-17,4.474980247343555e-12,0.1,0.09999999999552503,True,,,,,,,,cutoff|A|shared|zero_one_plus_g|IDLE|8_to_12,trace-decreasing/no-postselection where logical
gate_metric,cutoff|A|shared|zero_one_plus_g|IDLE|8_to_12|mean_photon,cutoff|A|shared|zero_one_plus_g|IDLE|8_to_12,mean_photon_difference,maximum_mean_photon_difference,upper,5.551115123125783e-16,3.922677639550675e-17,4.474589769061045e-12,0.08,0.07999999999552541,True,,,,,,,,cutoff|A|shared|zero_one_plus_g|IDLE|8_to_12,trace-decreasing/no-postselection where logical
gate_metric,cutoff|A|shared|zero_one_plus_g|IDLE|8_to_12|levels,cutoff|A|shared|zero_one_plus_g|IDLE|8_to_12,level_probability_l1,maximum_level_probability_l1,upper,1.4396711520283465e-28,3.6462279992999175e-17,4.474034657548733e-12,0.1,0.09999999999552597,True,,,,,,,,cutoff|A|shared|zero_one_plus_g|IDLE|8_to_12,trace-decreasing/no-postselection where logical
gate_metric,cutoff|A|shared|zero_one_plus_g|IDLE|8_to_12|iq_mean,cutoff|A|shared|zero_one_plus_g|IDLE|8_to_12,integrated_iq_mean_difference,maximum_integrated_iq_mean_difference,upper,0.0,0.0,4.474034657548733e-12,0.12,0.11999999999552596,True,,,,,,,,cutoff|A|shared|zero_one_plus_g|IDLE|8_to_12,trace-decreasing/no-postselection where logical
gate_metric,cutoff|A|shared|zero_one_plus_g|IDLE|8_to_12|iq_covariance,cutoff|A|shared|zero_one_plus_g|IDLE|8_to_12,integrated_iq_covariance_frobenius,maximum_integrated_iq_covariance_frobenius,upper,0.0,0.0,4.474034657548733e-12,0.18,0.17999999999552596,True,,,,,,,,cutoff|A|shared|zero_one_plus_g|IDLE|8_to_12,trace-decreasing/no-postselection where logical
gate_metric,cutoff|A|shared|zero_one_plus_g|IDLE|8_to_12|iq_ks,cutoff|A|shared|zero_one_plus_g|IDLE|8_to_12,iq_two_sample_ks,maximum_iq_two_sample_ks,upper,0.0,0.0,4.474034657548733e-12,0.24,0.23999999999552596,True,,,,,,,,cutoff|A|shared|zero_one_plus_g|IDLE|8_to_12,trace-decreasing/no-postselection where logical
gate_metric,cutoff|A|shared|zero_one_plus_g|IDLE|8_to_12|log_evidence,cutoff|A|shared|zero_one_plus_g|IDLE|8_to_12,log_evidence_mean_difference,maximum_log_evidence_mean_difference,upper,0.0,9.249610790505946e-16,4.474034657548733e-12,0.3,0.29999999999552596,True,,,,,,,,cutoff|A|shared|zero_one_plus_g|IDLE|8_to_12,trace-decreasing/no-postselection where logical
gate_metric,cutoff|A|shared|zero_one_plus_g|IDLE|8_to_12|posterior,cutoff|A|shared|zero_one_plus_g|IDLE|8_to_12,posterior_mean_l1,maximum_posterior_mean_l1,upper,1.4396711520283465e-28,3.6462279992999175e-17,4.474034657548733e-12,0.12,0.11999999999552596,True,,,,,,,,cutoff|A|shared|zero_one_plus_g|IDLE|8_to_12,trace-decreasing/no-postselection where logical
gate_metric,cutoff|A|shared|zero_one_plus_g|IDLE|8_to_12|leakage_residence,cutoff|A|shared|zero_one_plus_g|IDLE|8_to_12,leakage_residence_rate_difference,maximum_leakage_residence_rate_difference,upper,0.0,0.0,4.474034657548733e-12,0.1,0.09999999999552597,True,,,,,,,,cutoff|A|shared|zero_one_plus_g|IDLE|8_to_12,trace-decreasing/no-postselection where logical
gate_metric,cutoff|A|shared|zero_one_plus_g|RESET|8_to_12|density,cutoff|A|shared|zero_one_plus_g|RESET|8_to_12,ensemble_density_trace_distance,maximum_ensemble_density_trace_distance,upper,5.118345637852857e-16,5.3187755384646154e-17,4.474546492112518e-12,0.1,0.09999999999552546,True,,,,,,,,cutoff|A|shared|zero_one_plus_g|RESET|8_to_12,trace-decreasing/no-postselection where logical
gate_metric,cutoff|A|shared|zero_one_plus_g|RESET|8_to_12|mean_photon,cutoff|A|shared|zero_one_plus_g|RESET|8_to_12,mean_photon_difference,maximum_mean_photon_difference,upper,4.440892098500626e-16,2.299391827373541e-17,4.474478746758583e-12,0.08,0.07999999999552553,True,,,,,,,,cutoff|A|shared|zero_one_plus_g|RESET|8_to_12,trace-decreasing/no-postselection where logical
gate_metric,cutoff|A|shared|zero_one_plus_g|RESET|8_to_12|levels,cutoff|A|shared|zero_one_plus_g|RESET|8_to_12,level_probability_l1,maximum_level_probability_l1,upper,0.0,0.0,4.474034657548733e-12,0.1,0.09999999999552597,True,,,,,,,,cutoff|A|shared|zero_one_plus_g|RESET|8_to_12,trace-decreasing/no-postselection where logical
gate_metric,cutoff|A|shared|zero_one_plus_g|RESET|8_to_12|iq_mean,cutoff|A|shared|zero_one_plus_g|RESET|8_to_12,integrated_iq_mean_difference,maximum_integrated_iq_mean_difference,upper,0.0,0.0,4.474034657548733e-12,0.12,0.11999999999552596,True,,,,,,,,cutoff|A|shared|zero_one_plus_g|RESET|8_to_12,trace-decreasing/no-postselection where logical
gate_metric,cutoff|A|shared|zero_one_plus_g|RESET|8_to_12|iq_covariance,cutoff|A|shared|zero_one_plus_g|RESET|8_to_12,integrated_iq_covariance_frobenius,maximum_integrated_iq_covariance_frobenius,upper,0.0,0.0,4.474034657548733e-12,0.18,0.17999999999552596,True,,,,,,,,cutoff|A|shared|zero_one_plus_g|RESET|8_to_12,trace-decreasing/no-postselection where logical
gate_metric,cutoff|A|shared|zero_one_plus_g|RESET|8_to_12|iq_ks,cutoff|A|shared|zero_one_plus_g|RESET|8_to_12,iq_two_sample_ks,maximum_iq_two_sample_ks,upper,0.0,0.0,4.474034657548733e-12,0.24,0.23999999999552596,True,,,,,,,,cutoff|A|shared|zero_one_plus_g|RESET|8_to_12,trace-decreasing/no-postselection where logical
gate_metric,cutoff|A|shared|zero_one_plus_g|RESET|8_to_12|log_evidence,cutoff|A|shared|zero_one_plus_g|RESET|8_to_12,log_evidence_mean_difference,maximum_log_evidence_mean_difference,upper,0.0,4.597728188282204e-16,4.474034657548733e-12,0.3,0.29999999999552596,True,,,,,,,,cutoff|A|shared|zero_one_plus_g|RESET|8_to_12,trace-decreasing/no-postselection where logical
gate_metric,cutoff|A|shared|zero_one_plus_g|RESET|8_to_12|posterior,cutoff|A|shared|zero_one_plus_g|RESET|8_to_12,posterior_mean_l1,maximum_posterior_mean_l1,upper,1.262177448353619e-28,7.97675818731389e-17,4.474034657548733e-12,0.12,0.11999999999552596,True,,,,,,,,cutoff|A|shared|zero_one_plus_g|RESET|8_to_12,trace-decreasing/no-postselection where logical
gate_metric,cutoff|A|shared|zero_one_plus_g|RESET|8_to_12|leakage_residence,cutoff|A|shared|zero_one_plus_g|RESET|8_to_12,leakage_residence_rate_difference,maximum_leakage_residence_rate_difference,upper,0.0,0.0,4.474034657548733e-12,0.1,0.09999999999552597,True,,,,,,,,cutoff|A|shared|zero_one_plus_g|RESET|8_to_12,trace-decreasing/no-postselection where logical
gate_metric,cutoff|A|shared|zero_one_plus_g|RESET|8_to_12|reset_success,cutoff|A|shared|zero_one_plus_g|RESET|8_to_12,reset_success_rate_difference,maximum_reset_success_rate_difference,upper,0.0,0.0,4.474034657548733e-12,0.12,0.11999999999552596,True,,,,,,,,cutoff|A|shared|zero_one_plus_g|RESET|8_to_12,trace-decreasing/no-postselection where logical
gate_metric,cutoff|A|shared|zero_one_plus_g|XZ|8_to_12|density,cutoff|A|shared|zero_one_plus_g|XZ|8_to_12,ensemble_density_trace_distance,maximum_ensemble_density_trace_distance,upper,7.681404589672413e-08,1.3746705820152816e-19,7.681851993138168e-08,0.1,0.09999992318148007,True,,,,,,,,cutoff|A|shared|zero_one_plus_g|XZ|8_to_12,trace-decreasing/no-postselection where logical
gate_metric,cutoff|A|shared|zero_one_plus_g|XZ|8_to_12|mean_photon,cutoff|A|shared|zero_one_plus_g|XZ|8_to_12,mean_photon_difference,maximum_mean_photon_difference,upper,2.886579864025407e-15,8.34224789285728e-17,4.476921237412758e-12,0.08,0.07999999999552308,True,,,,,,,,cutoff|A|shared|zero_one_plus_g|XZ|8_to_12,trace-decreasing/no-postselection where logical
gate_metric,cutoff|A|shared|zero_one_plus_g|XZ|8_to_12|levels,cutoff|A|shared|zero_one_plus_g|XZ|8_to_12,level_probability_l1,maximum_level_probability_l1,upper,1.1102230246264128e-16,5.4204464388952646e-17,4.474145679851195e-12,0.1,0.09999999999552586,True,,,,,,,,cutoff|A|shared|zero_one_plus_g|XZ|8_to_12,trace-decreasing/no-postselection where logical
gate_metric,cutoff|A|shared|zero_one_plus_g|XZ|8_to_12|iq_mean,cutoff|A|shared|zero_one_plus_g|XZ|8_to_12,integrated_iq_mean_difference,maximum_integrated_iq_mean_difference,upper,0.0,0.0,4.474034657548733e-12,0.12,0.11999999999552596,True,,,,,,,,cutoff|A|shared|zero_one_plus_g|XZ|8_to_12,trace-decreasing/no-postselection where logical
gate_metric,cutoff|A|shared|zero_one_plus_g|XZ|8_to_12|iq_covariance,cutoff|A|shared|zero_one_plus_g|XZ|8_to_12,integrated_iq_covariance_frobenius,maximum_integrated_iq_covariance_frobenius,upper,0.0,0.0,4.474034657548733e-12,0.18,0.17999999999552596,True,,,,,,,,cutoff|A|shared|zero_one_plus_g|XZ|8_to_12,trace-decreasing/no-postselection where logical
gate_metric,cutoff|A|shared|zero_one_plus_g|XZ|8_to_12|iq_ks,cutoff|A|shared|zero_one_plus_g|XZ|8_to_12,iq_two_sample_ks,maximum_iq_two_sample_ks,upper,0.0,0.0,4.474034657548733e-12,0.24,0.23999999999552596,True,,,,,,,,cutoff|A|shared|zero_one_plus_g|XZ|8_to_12,trace-decreasing/no-postselection where logical
gate_metric,cutoff|A|shared|zero_one_plus_g|XZ|8_to_12|log_evidence,cutoff|A|shared|zero_one_plus_g|XZ|8_to_12,log_evidence_mean_difference,maximum_log_evidence_mean_difference,upper,0.0,0.0,4.474034657548733e-12,0.3,0.29999999999552596,True,,,,,,,,cutoff|A|shared|zero_one_plus_g|XZ|8_to_12,trace-decreasing/no-postselection where logical
gate_metric,cutoff|A|shared|zero_one_plus_g|XZ|8_to_12|posterior,cutoff|A|shared|zero_one_plus_g|XZ|8_to_12,posterior_mean_l1,maximum_posterior_mean_l1,upper,1.1102230246264128e-16,5.4204464388952646e-17,4.474145679851195e-12,0.12,0.11999999999552585,True,,,,,,,,cutoff|A|shared|zero_one_plus_g|XZ|8_to_12,trace-decreasing/no-postselection where logical
gate_metric,cutoff|A|shared|zero_one_plus_g|XZ|8_to_12|leakage_residence,cutoff|A|shared|zero_one_plus_g|XZ|8_to_12,leakage_residence_rate_difference,maximum_leakage_residence_rate_difference,upper,0.0,0.0,4.474034657548733e-12,0.1,0.09999999999552597,True,,,,,,,,cutoff|A|shared|zero_one_plus_g|XZ|8_to_12,trace-decreasing/no-postselection where logical
gate_metric,cutoff|A|logical_ptm|IDLE|8_to_12,cutoff|A|logical_ptm|IDLE|8_to_12,logical_ptm_entry_difference,maximum_logical_ptm_entry_difference,upper,0.03654142067913357,2.3731421307245376e-16,0.0365414206836076,0.12,0.08345857931639239,True,,,,,,,,A logical PTM cutoff 8-to-12,trace-decreasing/no-postselection where logical
gate_metric,cutoff|A|logical|0|IDLE|survival,cutoff|A|logical|0|IDLE,logical_survival_difference,maximum_logical_survival_difference,upper,0.013992164279198804,1.1641972470684017e-15,0.013992164283672838,0.1,0.08600783571632717,True,,,,,,,,A 0 IDLE cutoff 8-to-12,trace-decreasing/no-postselection where logical
gate_metric,cutoff|A|logical|1|IDLE|survival,cutoff|A|logical|1|IDLE,logical_survival_difference,maximum_logical_survival_difference,upper,0.0026314117887231703,2.3360166255860594e-16,0.002631411793197205,0.1,0.0973685882068028,True,,,,,,,,A 1 IDLE cutoff 8-to-12,trace-decreasing/no-postselection where logical
gate_metric,cutoff|A|logical|+|IDLE|survival,cutoff|A|logical|+|IDLE,logical_survival_difference,maximum_logical_survival_difference,upper,0.01400811607409147,1.1770211784445344e-15,0.014008116078565504,0.1,0.0859918839214345,True,,,,,,,,A + IDLE cutoff 8-to-12,trace-decreasing/no-postselection where logical
gate_metric,cutoff|A|logical|-|IDLE|survival,cutoff|A|logical|-|IDLE,logical_survival_difference,maximum_logical_survival_difference,upper,0.0026154341654881508,2.4394788049049743e-16,0.0026154341699621856,0.1,0.09738456583003782,True,,,,,,,,A - IDLE cutoff 8-to-12,trace-decreasing/no-postselection where logical
gate_metric,cutoff|A|logical|+i|IDLE|survival,cutoff|A|logical|+i|IDLE,logical_survival_difference,maximum_logical_survival_difference,upper,0.008306180101477545,7.020347705418494e-16,0.008306180105951579,0.1,0.09169381989404843,True,,,,,,,,A +i IDLE cutoff 8-to-12,trace-decreasing/no-postselection where logical
gate_metric,cutoff|A|logical|-i|IDLE|survival,cutoff|A|logical|-i|IDLE,logical_survival_difference,maximum_logical_survival_difference,upper,0.008306180101477656,6.811731202571973e-16,0.00830618010595169,0.1,0.09169381989404832,True,,,,,,,,A -i IDLE cutoff 8-to-12,trace-decreasing/no-postselection where logical
gate_metric,cutoff|A|logical_ptm|RESET|8_to_12,cutoff|A|logical_ptm|RESET|8_to_12,logical_ptm_entry_difference,maximum_logical_ptm_entry_difference,upper,0.036541420355045845,5.864707300237008e-16,0.03654142035951988,0.12,0.08345857964048012,True,,,,,,,,A logical PTM cutoff 8-to-12,trace-decreasing/no-postselection where logical
gate_metric,cutoff|A|logical|0|RESET|survival,cutoff|A|logical|0|RESET,logical_survival_difference,maximum_logical_survival_difference,upper,0.013992163919525957,1.174068281607757e-15,0.013992163923999991,0.1,0.08600783607600002,True,,,,,,,,A 0 RESET cutoff 8-to-12,trace-decreasing/no-postselection where logical
gate_metric,cutoff|A|logical|1|RESET|survival,cutoff|A|logical|1|RESET,logical_survival_difference,maximum_logical_survival_difference,upper,0.0026314117206804877,2.47446468397538e-16,0.0026314117251545225,0.1,0.09736858827484549,True,,,,,,,,A 1 RESET cutoff 8-to-12,trace-decreasing/no-postselection where logical
gate_metric,cutoff|A|logical|+|RESET|survival,cutoff|A|logical|+|RESET,logical_survival_difference,maximum_logical_survival_difference,upper,0.014008115714458924,1.1822388474860128e-15,0.014008115718932958,0.1,0.08599188428106705,True,,,,,,,,A + RESET cutoff 8-to-12,trace-decreasing/no-postselection where logical
gate_metric,cutoff|A|logical|-|RESET|survival,cutoff|A|logical|-|RESET,logical_survival_difference,maximum_logical_survival_difference,upper,0.0026154340974022805,2.376929338332685e-16,0.0026154341018763154,0.1,0.09738456589812369,True,,,,,,,,A - RESET cutoff 8-to-12,trace-decreasing/no-postselection where logical
gate_metric,cutoff|A|logical|+i|RESET|survival,cutoff|A|logical|+i|RESET,logical_survival_difference,maximum_logical_survival_difference,upper,0.008306179887400233,6.737934341373329e-16,0.008306179891874267,0.1,0.09169382010812574,True,,,,,,,,A +i RESET cutoff 8-to-12,trace-decreasing/no-postselection where logical
gate_metric,cutoff|A|logical|-i|RESET|survival,cutoff|A|logical|-i|RESET,logical_survival_difference,maximum_logical_survival_difference,upper,0.008306179887400456,6.714627489437613e-16,0.00830617989187449,0.1,0.09169382010812552,True,,,,,,,,A -i RESET cutoff 8-to-12,trace-decreasing/no-postselection where logical
gate_metric,cutoff|A|logical_ptm|XZ|8_to_12,cutoff|A|logical_ptm|XZ|8_to_12,logical_ptm_entry_difference,maximum_logical_ptm_entry_difference,upper,0.05377651848374165,1.7538387624842493e-15,0.053776518488215685,0.12,0.06622348151178431,True,,,,,,,,A logical PTM cutoff 8-to-12,trace-decreasing/no-postselection where logical
gate_metric,cutoff|A|logical|0|XZ|survival,cutoff|A|logical|0|XZ,logical_survival_difference,maximum_logical_survival_difference,upper,0.0898485733830151,1.7859767732156476e-15,0.08984857338748914,0.1,0.010151426612510867,True,,,,,,,,A 0 XZ cutoff 8-to-12,trace-decreasing/no-postselection where logical
gate_metric,cutoff|A|logical|1|XZ|survival,cutoff|A|logical|1|XZ,logical_survival_difference,maximum_logical_survival_difference,upper,0.017701234251335074,6.476237173024751e-16,0.01770123425580911,0.1,0.0822987657441909,True,,,,,,,,A 1 XZ cutoff 8-to-12,trace-decreasing/no-postselection where logical
gate_metric,cutoff|A|logical|+|XZ|survival,cutoff|A|logical|+|XZ,logical_survival_difference,maximum_logical_survival_difference,upper,0.09242270799631325,2.3352168601652698e-15,0.09242270800078728,0.1,0.007577291999212726,True,,,,,,,,A + XZ cutoff 8-to-12,trace-decreasing/no-postselection where logical
gate_metric,cutoff|A|logical|-|XZ|survival,cutoff|A|logical|-|XZ,logical_survival_difference,maximum_logical_survival_difference,upper,0.015125104527075384,4.789634679611289e-16,0.015125104531549418,0.1,0.08487489546845059,True,,,,,,,,A - XZ cutoff 8-to-12,trace-decreasing/no-postselection where logical
gate_metric,cutoff|A|logical|+i|XZ|survival,cutoff|A|logical|+i|XZ,logical_survival_difference,maximum_logical_survival_difference,upper,0.002932582565112085,6.583411204440927e-16,0.00293258256958612,0.1,0.09706741743041389,True,,,,,,,,A +i XZ cutoff 8-to-12,trace-decreasing/no-postselection where logical
gate_metric,cutoff|A|logical|-i|XZ|survival,cutoff|A|logical|-i|XZ,logical_survival_difference,maximum_logical_survival_difference,upper,0.10462890817959802,3.6641314643529735e-15,0.10462890818407206,0.1,-0.00462890818407205,False,,,,,,,,A -i XZ cutoff 8-to-12,trace-decreasing/no-postselection where logical
gate_metric,cutoff|A|fault|step|terminal_density,cutoff|A|fault|step|8_to_12,short_trajectory_terminal_trace_distance,maximum_short_trajectory_terminal_trace_distance,upper,0.0010984313981717904,1.2596792209518344e-05,0.0011547898830911155,0.15,0.14884521011690888,True,,,,,,,,A step cutoff 8-to-12,trace-decreasing/no-postselection where logical
gate_metric,cutoff|A|fault|step|terminal_observables,cutoff|A|fault|step|8_to_12,short_trajectory_observable_mean_difference,maximum_short_trajectory_observable_mean_difference,upper,8.62797588929709e-07,2.032017639531451e-08,9.537107623698499e-07,0.15,0.14999904628923763,True,,,,,,,,A step cutoff 8-to-12,trace-decreasing/no-postselection where logical
gate_metric,cutoff|A|fault|telegraph|terminal_density,cutoff|A|fault|telegraph|8_to_12,short_trajectory_terminal_trace_distance,maximum_short_trajectory_terminal_trace_distance,upper,8.303443862200225e-05,1.2725063343869746e-06,8.872767606399987e-05,0.15,0.149911272323936,True,,,,,,,,A telegraph cutoff 8-to-12,trace-decreasing/no-postselection where logical
gate_metric,cutoff|A|fault|telegraph|terminal_observables,cutoff|A|fault|telegraph|8_to_12,short_trajectory_observable_mean_difference,maximum_short_trajectory_observable_mean_difference,upper,8.525199213238466e-09,2.7811715130484277e-10,9.769504987035057e-09,0.15,0.149999990230495,True,,,,,,,,A telegraph cutoff 8-to-12,trace-decreasing/no-postselection where logical
gate_metric,cutoff|A|fault|burst|terminal_density,cutoff|A|fault|burst|8_to_12,short_trajectory_terminal_trace_distance,maximum_short_trajectory_terminal_trace_distance,upper,4.7326664115515714e-05,8.175529241086122e-07,5.0984424232357954e-05,0.15,0.14994901557576765,True,,,,,,,,A burst cutoff 8-to-12,trace-decreasing/no-postselection where logical
gate_metric,cutoff|A|fault|burst|terminal_observables,cutoff|A|fault|burst|8_to_12,short_trajectory_observable_mean_difference,maximum_short_trajectory_observable_mean_difference,upper,1.4589776609064131e-09,5.308948992491586e-11,1.696501878782071e-09,0.15,0.1499999983034981,True,,,,,,,,A burst cutoff 8-to-12,trace-decreasing/no-postselection where logical
gate_metric,cutoff|A|fault|compound|terminal_density,cutoff|A|fault|compound|8_to_12,short_trajectory_terminal_trace_distance,maximum_short_trajectory_terminal_trace_distance,upper,0.00013182540960316748,1.4452140283258362e-06,0.00013829134725347288,0.15,0.14986170865274653,True,,,,,,,,A compound cutoff 8-to-12,trace-decreasing/no-postselection where logical
gate_metric,cutoff|A|fault|compound|terminal_observables,cutoff|A|fault|compound|8_to_12,short_trajectory_observable_mean_difference,maximum_short_trajectory_observable_mean_difference,upper,1.3705680312892099e-08,3.04264478663564e-10,1.506697013549388e-08,0.15,0.14999998493302985,True,,,,,,,,A compound cutoff 8-to-12,trace-decreasing/no-postselection where logical
gate_metric,cutoff|B|shared|one_g|IDLE|8_to_12|density,cutoff|B|shared|one_g|IDLE|8_to_12,ensemble_density_trace_distance,maximum_ensemble_density_trace_distance,upper,5.314935883879766e-23,8.031008344849485e-20,4.474034657601882e-12,0.1,0.09999999999552597,True,,,,,,,,cutoff|B|shared|one_g|IDLE|8_to_12,trace-decreasing/no-postselection where logical
gate_metric,cutoff|B|shared|one_g|IDLE|8_to_12|mean_photon,cutoff|B|shared|one_g|IDLE|8_to_12,mean_photon_difference,maximum_mean_photon_difference,upper,0.0,0.0,4.474034657548733e-12,0.08,0.07999999999552597,True,,,,,,,,cutoff|B|shared|one_g|IDLE|8_to_12,trace-decreasing/no-postselection where logical
gate_metric,cutoff|B|shared|one_g|IDLE|8_to_12|levels,cutoff|B|shared|one_g|IDLE|8_to_12,level_probability_l1,maximum_level_probability_l1,upper,1.67632942359465e-30,8.865646033092813e-29,4.474034657548733e-12,0.1,0.09999999999552597,True,,,,,,,,cutoff|B|shared|one_g|IDLE|8_to_12,trace-decreasing/no-postselection where logical
gate_metric,cutoff|B|shared|one_g|IDLE|8_to_12|iq_mean,cutoff|B|shared|one_g|IDLE|8_to_12,integrated_iq_mean_difference,maximum_integrated_iq_mean_difference,upper,0.0,0.0,4.474034657548733e-12,0.12,0.11999999999552596,True,,,,,,,,cutoff|B|shared|one_g|IDLE|8_to_12,trace-decreasing/no-postselection where logical
gate_metric,cutoff|B|shared|one_g|IDLE|8_to_12|iq_covariance,cutoff|B|shared|one_g|IDLE|8_to_12,integrated_iq_covariance_frobenius,maximum_integrated_iq_covariance_frobenius,upper,0.0,0.0,4.474034657548733e-12,0.18,0.17999999999552596,True,,,,,,,,cutoff|B|shared|one_g|IDLE|8_to_12,trace-decreasing/no-postselection where logical
gate_metric,cutoff|B|shared|one_g|IDLE|8_to_12|iq_ks,cutoff|B|shared|one_g|IDLE|8_to_12,iq_two_sample_ks,maximum_iq_two_sample_ks,upper,0.0,0.0,4.474034657548733e-12,0.24,0.23999999999552596,True,,,,,,,,cutoff|B|shared|one_g|IDLE|8_to_12,trace-decreasing/no-postselection where logical
gate_metric,cutoff|B|shared|one_g|IDLE|8_to_12|log_evidence,cutoff|B|shared|one_g|IDLE|8_to_12,log_evidence_mean_difference,maximum_log_evidence_mean_difference,upper,0.0,8.992148579169497e-16,4.474034657548733e-12,0.3,0.29999999999552596,True,,,,,,,,cutoff|B|shared|one_g|IDLE|8_to_12,trace-decreasing/no-postselection where logical
gate_metric,cutoff|B|shared|one_g|IDLE|8_to_12|posterior,cutoff|B|shared|one_g|IDLE|8_to_12,posterior_mean_l1,maximum_posterior_mean_l1,upper,1.67632942359465e-30,8.865646033092813e-29,4.474034657548733e-12,0.12,0.11999999999552596,True,,,,,,,,cutoff|B|shared|one_g|IDLE|8_to_12,trace-decreasing/no-postselection where logical
gate_metric,cutoff|B|shared|one_g|IDLE|8_to_12|leakage_residence,cutoff|B|shared|one_g|IDLE|8_to_12,leakage_residence_rate_difference,maximum_leakage_residence_rate_difference,upper,0.0,0.0,4.474034657548733e-12,0.1,0.09999999999552597,True,,,,,,,,cutoff|B|shared|one_g|IDLE|8_to_12,trace-decreasing/no-postselection where logical
gate_metric,cutoff|B|shared|one_g|RESET|8_to_12|density,cutoff|B|shared|one_g|RESET|8_to_12,ensemble_density_trace_distance,maximum_ensemble_density_trace_distance,upper,5.551115123125783e-17,3.626736571626844e-17,4.474090168699964e-12,0.1,0.09999999999552592,True,,,,,,,,cutoff|B|shared|one_g|RESET|8_to_12,trace-decreasing/no-postselection where logical
gate_metric,cutoff|B|shared|one_g|RESET|8_to_12|mean_photon,cutoff|B|shared|one_g|RESET|8_to_12,mean_photon_difference,maximum_mean_photon_difference,upper,0.0,7.009362091408198e-18,4.474034657548733e-12,0.08,0.07999999999552597,True,,,,,,,,cutoff|B|shared|one_g|RESET|8_to_12,trace-decreasing/no-postselection where logical
gate_metric,cutoff|B|shared|one_g|RESET|8_to_12|levels,cutoff|B|shared|one_g|RESET|8_to_12,level_probability_l1,maximum_level_probability_l1,upper,0.0,0.0,4.474034657548733e-12,0.1,0.09999999999552597,True,,,,,,,,cutoff|B|shared|one_g|RESET|8_to_12,trace-decreasing/no-postselection where logical
gate_metric,cutoff|B|shared|one_g|RESET|8_to_12|iq_mean,cutoff|B|shared|one_g|RESET|8_to_12,integrated_iq_mean_difference,maximum_integrated_iq_mean_difference,upper,0.0,0.0,4.474034657548733e-12,0.12,0.11999999999552596,True,,,,,,,,cutoff|B|shared|one_g|RESET|8_to_12,trace-decreasing/no-postselection where logical
gate_metric,cutoff|B|shared|one_g|RESET|8_to_12|iq_covariance,cutoff|B|shared|one_g|RESET|8_to_12,integrated_iq_covariance_frobenius,maximum_integrated_iq_covariance_frobenius,upper,0.0,0.0,4.474034657548733e-12,0.18,0.17999999999552596,True,,,,,,,,cutoff|B|shared|one_g|RESET|8_to_12,trace-decreasing/no-postselection where logical
gate_metric,cutoff|B|shared|one_g|RESET|8_to_12|iq_ks,cutoff|B|shared|one_g|RESET|8_to_12,iq_two_sample_ks,maximum_iq_two_sample_ks,upper,0.0,0.0,4.474034657548733e-12,0.24,0.23999999999552596,True,,,,,,,,cutoff|B|shared|one_g|RESET|8_to_12,trace-decreasing/no-postselection where logical
gate_metric,cutoff|B|shared|one_g|RESET|8_to_12|log_evidence,cutoff|B|shared|one_g|RESET|8_to_12,log_evidence_mean_difference,maximum_log_evidence_mean_difference,upper,0.0,6.383168753617514e-16,4.474034657548733e-12,0.3,0.29999999999552596,True,,,,,,,,cutoff|B|shared|one_g|RESET|8_to_12,trace-decreasing/no-postselection where logical
gate_metric,cutoff|B|shared|one_g|RESET|8_to_12|posterior,cutoff|B|shared|one_g|RESET|8_to_12,posterior_mean_l1,maximum_posterior_mean_l1,upper,1.1102230246271792e-16,5.074088956088869e-17,4.474145679851195e-12,0.12,0.11999999999552585,True,,,,,,,,cutoff|B|shared|one_g|RESET|8_to_12,trace-decreasing/no-postselection where logical
gate_metric,cutoff|B|shared|one_g|RESET|8_to_12|leakage_residence,cutoff|B|shared|one_g|RESET|8_to_12,leakage_residence_rate_difference,maximum_leakage_residence_rate_difference,upper,0.0,0.0,4.474034657548733e-12,0.1,0.09999999999552597,True,,,,,,,,cutoff|B|shared|one_g|RESET|8_to_12,trace-decreasing/no-postselection where logical
gate_metric,cutoff|B|shared|one_g|RESET|8_to_12|reset_success,cutoff|B|shared|one_g|RESET|8_to_12,reset_success_rate_difference,maximum_reset_success_rate_difference,upper,0.0,0.0,4.474034657548733e-12,0.12,0.11999999999552596,True,,,,,,,,cutoff|B|shared|one_g|RESET|8_to_12,trace-decreasing/no-postselection where logical
gate_metric,cutoff|B|shared|one_g|XZ|8_to_12|density,cutoff|B|shared|one_g|XZ|8_to_12,ensemble_density_trace_distance,maximum_ensemble_density_trace_distance,upper,1.0748421610794498e-07,7.292626532104085e-20,1.0748869014260253e-07,0.1,0.09999989251130986,True,,,,,,,,cutoff|B|shared|one_g|XZ|8_to_12,trace-decreasing/no-postselection where logical
gate_metric,cutoff|B|shared|one_g|XZ|8_to_12|mean_photon,cutoff|B|shared|one_g|XZ|8_to_12,mean_photon_difference,maximum_mean_photon_difference,upper,5.773159728050814e-15,1.613246784338743e-16,4.4798078172767835e-12,0.08,0.0799999999955202,True,,,,,,,,cutoff|B|shared|one_g|XZ|8_to_12,trace-decreasing/no-postselection where logical
gate_metric,cutoff|B|shared|one_g|XZ|8_to_12|levels,cutoff|B|shared|one_g|XZ|8_to_12,level_probability_l1,maximum_level_probability_l1,upper,2.0569548103637883e-28,3.270942959825262e-17,4.474034657548733e-12,0.1,0.09999999999552597,True,,,,,,,,cutoff|B|shared|one_g|XZ|8_to_12,trace-decreasing/no-postselection where logical
gate_metric,cutoff|B|shared|one_g|XZ|8_to_12|iq_mean,cutoff|B|shared|one_g|XZ|8_to_12,integrated_iq_mean_difference,maximum_integrated_iq_mean_difference,upper,0.0,0.0,4.474034657548733e-12,0.12,0.11999999999552596,True,,,,,,,,cutoff|B|shared|one_g|XZ|8_to_12,trace-decreasing/no-postselection where logical
gate_metric,cutoff|B|shared|one_g|XZ|8_to_12|iq_covariance,cutoff|B|shared|one_g|XZ|8_to_12,integrated_iq_covariance_frobenius,maximum_integrated_iq_covariance_frobenius,upper,0.0,0.0,4.474034657548733e-12,0.18,0.17999999999552596,True,,,,,,,,cutoff|B|shared|one_g|XZ|8_to_12,trace-decreasing/no-postselection where logical
gate_metric,cutoff|B|shared|one_g|XZ|8_to_12|iq_ks,cutoff|B|shared|one_g|XZ|8_to_12,iq_two_sample_ks,maximum_iq_two_sample_ks,upper,0.0,0.0,4.474034657548733e-12,0.24,0.23999999999552596,True,,,,,,,,cutoff|B|shared|one_g|XZ|8_to_12,trace-decreasing/no-postselection where logical
gate_metric,cutoff|B|shared|one_g|XZ|8_to_12|log_evidence,cutoff|B|shared|one_g|XZ|8_to_12,log_evidence_mean_difference,maximum_log_evidence_mean_difference,upper,0.0,2.981586594643581e-16,4.474034657548733e-12,0.3,0.29999999999552596,True,,,,,,,,cutoff|B|shared|one_g|XZ|8_to_12,trace-decreasing/no-postselection where logical
gate_metric,cutoff|B|shared|one_g|XZ|8_to_12|posterior,cutoff|B|shared|one_g|XZ|8_to_12,posterior_mean_l1,maximum_posterior_mean_l1,upper,2.0569548103637883e-28,3.270942959825262e-17,4.474034657548733e-12,0.12,0.11999999999552596,True,,,,,,,,cutoff|B|shared|one_g|XZ|8_to_12,trace-decreasing/no-postselection where logical
gate_metric,cutoff|B|shared|one_g|XZ|8_to_12|leakage_residence,cutoff|B|shared|one_g|XZ|8_to_12,leakage_residence_rate_difference,maximum_leakage_residence_rate_difference,upper,0.0,0.0,4.474034657548733e-12,0.1,0.09999999999552597,True,,,,,,,,cutoff|B|shared|one_g|XZ|8_to_12,trace-decreasing/no-postselection where logical
gate_metric,cutoff|B|shared|vacuum_e|IDLE|8_to_12|density,cutoff|B|shared|vacuum_e|IDLE|8_to_12,ensemble_density_trace_distance,maximum_ensemble_density_trace_distance,upper,7.888609052210118e-31,5.270494421804e-31,4.474034657548733e-12,0.1,0.09999999999552597,True,,,,,,,,cutoff|B|shared|vacuum_e|IDLE|8_to_12,trace-decreasing/no-postselection where logical
gate_metric,cutoff|B|shared|vacuum_e|IDLE|8_to_12|mean_photon,cutoff|B|shared|vacuum_e|IDLE|8_to_12,mean_photon_difference,maximum_mean_photon_difference,upper,0.0,0.0,4.474034657548733e-12,0.08,0.07999999999552597,True,,,,,,,,cutoff|B|shared|vacuum_e|IDLE|8_to_12,trace-decreasing/no-postselection where logical
gate_metric,cutoff|B|shared|vacuum_e|IDLE|8_to_12|levels,cutoff|B|shared|vacuum_e|IDLE|8_to_12,level_probability_l1,maximum_level_probability_l1,upper,7.888609052210118e-31,9.903602410253993e-31,4.474034657548733e-12,0.1,0.09999999999552597,True,,,,,,,,cutoff|B|shared|vacuum_e|IDLE|8_to_12,trace-decreasing/no-postselection where logical
gate_metric,cutoff|B|shared|vacuum_e|IDLE|8_to_12|iq_mean,cutoff|B|shared|vacuum_e|IDLE|8_to_12,integrated_iq_mean_difference,maximum_integrated_iq_mean_difference,upper,0.0,0.0,4.474034657548733e-12,0.12,0.11999999999552596,True,,,,,,,,cutoff|B|shared|vacuum_e|IDLE|8_to_12,trace-decreasing/no-postselection where logical
gate_metric,cutoff|B|shared|vacuum_e|IDLE|8_to_12|iq_covariance,cutoff|B|shared|vacuum_e|IDLE|8_to_12,integrated_iq_covariance_frobenius,maximum_integrated_iq_covariance_frobenius,upper,0.0,0.0,4.474034657548733e-12,0.18,0.17999999999552596,True,,,,,,,,cutoff|B|shared|vacuum_e|IDLE|8_to_12,trace-decreasing/no-postselection where logical
gate_metric,cutoff|B|shared|vacuum_e|IDLE|8_to_12|iq_ks,cutoff|B|shared|vacuum_e|IDLE|8_to_12,iq_two_sample_ks,maximum_iq_two_sample_ks,upper,0.0,0.0,4.474034657548733e-12,0.24,0.23999999999552596,True,,,,,,,,cutoff|B|shared|vacuum_e|IDLE|8_to_12,trace-decreasing/no-postselection where logical
gate_metric,cutoff|B|shared|vacuum_e|IDLE|8_to_12|log_evidence,cutoff|B|shared|vacuum_e|IDLE|8_to_12,log_evidence_mean_difference,maximum_log_evidence_mean_difference,upper,0.0,0.0,4.474034657548733e-12,0.3,0.29999999999552596,True,,,,,,,,cutoff|B|shared|vacuum_e|IDLE|8_to_12,trace-decreasing/no-postselection where logical
gate_metric,cutoff|B|shared|vacuum_e|IDLE|8_to_12|posterior,cutoff|B|shared|vacuum_e|IDLE|8_to_12,posterior_mean_l1,maximum_posterior_mean_l1,upper,7.888609052210118e-31,9.903602410253993e-31,4.474034657548733e-12,0.12,0.11999999999552596,True,,,,,,,,cutoff|B|shared|vacuum_e|IDLE|8_to_12,trace-decreasing/no-postselection where logical
gate_metric,cutoff|B|shared|vacuum_e|IDLE|8_to_12|leakage_residence,cutoff|B|shared|vacuum_e|IDLE|8_to_12,leakage_residence_rate_difference,maximum_leakage_residence_rate_difference,upper,0.0,0.0,4.474034657548733e-12,0.1,0.09999999999552597,True,,,,,,,,cutoff|B|shared|vacuum_e|IDLE|8_to_12,trace-decreasing/no-postselection where logical
gate_metric,cutoff|B|shared|vacuum_e|RESET|8_to_12|density,cutoff|B|shared|vacuum_e|RESET|8_to_12,ensemble_density_trace_distance,maximum_ensemble_density_trace_distance,upper,0.0,0.0,4.474034657548733e-12,0.1,0.09999999999552597,True,,,,,,,,cutoff|B|shared|vacuum_e|RESET|8_to_12,trace-decreasing/no-postselection where logical
gate_metric,cutoff|B|shared|vacuum_e|RESET|8_to_12|mean_photon,cutoff|B|shared|vacuum_e|RESET|8_to_12,mean_photon_difference,maximum_mean_photon_difference,upper,0.0,0.0,4.474034657548733e-12,0.08,0.07999999999552597,True,,,,,,,,cutoff|B|shared|vacuum_e|RESET|8_to_12,trace-decreasing/no-postselection where logical
gate_metric,cutoff|B|shared|vacuum_e|RESET|8_to_12|levels,cutoff|B|shared|vacuum_e|RESET|8_to_12,level_probability_l1,maximum_level_probability_l1,upper,0.0,0.0,4.474034657548733e-12,0.1,0.09999999999552597,True,,,,,,,,cutoff|B|shared|vacuum_e|RESET|8_to_12,trace-decreasing/no-postselection where logical
gate_metric,cutoff|B|shared|vacuum_e|RESET|8_to_12|iq_mean,cutoff|B|shared|vacuum_e|RESET|8_to_12,integrated_iq_mean_difference,maximum_integrated_iq_mean_difference,upper,0.0,0.0,4.474034657548733e-12,0.12,0.11999999999552596,True,,,,,,,,cutoff|B|shared|vacuum_e|RESET|8_to_12,trace-decreasing/no-postselection where logical
gate_metric,cutoff|B|shared|vacuum_e|RESET|8_to_12|iq_covariance,cutoff|B|shared|vacuum_e|RESET|8_to_12,integrated_iq_covariance_frobenius,maximum_integrated_iq_covariance_frobenius,upper,0.0,0.0,4.474034657548733e-12,0.18,0.17999999999552596,True,,,,,,,,cutoff|B|shared|vacuum_e|RESET|8_to_12,trace-decreasing/no-postselection where logical
gate_metric,cutoff|B|shared|vacuum_e|RESET|8_to_12|iq_ks,cutoff|B|shared|vacuum_e|RESET|8_to_12,iq_two_sample_ks,maximum_iq_two_sample_ks,upper,0.0,0.0,4.474034657548733e-12,0.24,0.23999999999552596,True,,,,,,,,cutoff|B|shared|vacuum_e|RESET|8_to_12,trace-decreasing/no-postselection where logical
gate_metric,cutoff|B|shared|vacuum_e|RESET|8_to_12|log_evidence,cutoff|B|shared|vacuum_e|RESET|8_to_12,log_evidence_mean_difference,maximum_log_evidence_mean_difference,upper,0.0,0.0,4.474034657548733e-12,0.3,0.29999999999552596,True,,,,,,,,cutoff|B|shared|vacuum_e|RESET|8_to_12,trace-decreasing/no-postselection where logical
gate_metric,cutoff|B|shared|vacuum_e|RESET|8_to_12|posterior,cutoff|B|shared|vacuum_e|RESET|8_to_12,posterior_mean_l1,maximum_posterior_mean_l1,upper,3.1716214324169e-30,1.5736131686199523e-17,4.474034657548733e-12,0.12,0.11999999999552596,True,,,,,,,,cutoff|B|shared|vacuum_e|RESET|8_to_12,trace-decreasing/no-postselection where logical
gate_metric,cutoff|B|shared|vacuum_e|RESET|8_to_12|leakage_residence,cutoff|B|shared|vacuum_e|RESET|8_to_12,leakage_residence_rate_difference,maximum_leakage_residence_rate_difference,upper,0.0,0.0,4.474034657548733e-12,0.1,0.09999999999552597,True,,,,,,,,cutoff|B|shared|vacuum_e|RESET|8_to_12,trace-decreasing/no-postselection where logical
gate_metric,cutoff|B|shared|vacuum_e|RESET|8_to_12|reset_success,cutoff|B|shared|vacuum_e|RESET|8_to_12,reset_success_rate_difference,maximum_reset_success_rate_difference,upper,0.0,0.0,4.474034657548733e-12,0.12,0.11999999999552596,True,,,,,,,,cutoff|B|shared|vacuum_e|RESET|8_to_12,trace-decreasing/no-postselection where logical
gate_metric,cutoff|B|shared|vacuum_e|XZ|8_to_12|density,cutoff|B|shared|vacuum_e|XZ|8_to_12,ensemble_density_trace_distance,maximum_ensemble_density_trace_distance,upper,2.152643962284764e-09,2.979667204559558e-20,2.1571179969423127e-09,0.1,0.09999999784288201,True,,,,,,,,cutoff|B|shared|vacuum_e|XZ|8_to_12,trace-decreasing/no-postselection where logical
gate_metric,cutoff|B|shared|vacuum_e|XZ|8_to_12|mean_photon,cutoff|B|shared|vacuum_e|XZ|8_to_12,mean_photon_difference,maximum_mean_photon_difference,upper,3.469446951953614e-18,2.1366537286261383e-18,4.474038126995685e-12,0.08,0.07999999999552597,True,,,,,,,,cutoff|B|shared|vacuum_e|XZ|8_to_12,trace-decreasing/no-postselection where logical
gate_metric,cutoff|B|shared|vacuum_e|XZ|8_to_12|levels,cutoff|B|shared|vacuum_e|XZ|8_to_12,level_probability_l1,maximum_level_probability_l1,upper,0.0,3.3292085651044325e-39,4.474034657548733e-12,0.1,0.09999999999552597,True,,,,,,,,cutoff|B|shared|vacuum_e|XZ|8_to_12,trace-decreasing/no-postselection where logical
gate_metric,cutoff|B|shared|vacuum_e|XZ|8_to_12|iq_mean,cutoff|B|shared|vacuum_e|XZ|8_to_12,integrated_iq_mean_difference,maximum_integrated_iq_mean_difference,upper,0.0,0.0,4.474034657548733e-12,0.12,0.11999999999552596,True,,,,,,,,cutoff|B|shared|vacuum_e|XZ|8_to_12,trace-decreasing/no-postselection where logical
gate_metric,cutoff|B|shared|vacuum_e|XZ|8_to_12|iq_covariance,cutoff|B|shared|vacuum_e|XZ|8_to_12,integrated_iq_covariance_frobenius,maximum_integrated_iq_covariance_frobenius,upper,0.0,0.0,4.474034657548733e-12,0.18,0.17999999999552596,True,,,,,,,,cutoff|B|shared|vacuum_e|XZ|8_to_12,trace-decreasing/no-postselection where logical
gate_metric,cutoff|B|shared|vacuum_e|XZ|8_to_12|iq_ks,cutoff|B|shared|vacuum_e|XZ|8_to_12,iq_two_sample_ks,maximum_iq_two_sample_ks,upper,0.0,0.0,4.474034657548733e-12,0.24,0.23999999999552596,True,,,,,,,,cutoff|B|shared|vacuum_e|XZ|8_to_12,trace-decreasing/no-postselection where logical
gate_metric,cutoff|B|shared|vacuum_e|XZ|8_to_12|log_evidence,cutoff|B|shared|vacuum_e|XZ|8_to_12,log_evidence_mean_difference,maximum_log_evidence_mean_difference,upper,0.0,0.0,4.474034657548733e-12,0.3,0.29999999999552596,True,,,,,,,,cutoff|B|shared|vacuum_e|XZ|8_to_12,trace-decreasing/no-postselection where logical
gate_metric,cutoff|B|shared|vacuum_e|XZ|8_to_12|posterior,cutoff|B|shared|vacuum_e|XZ|8_to_12,posterior_mean_l1,maximum_posterior_mean_l1,upper,0.0,3.3292085651044325e-39,4.474034657548733e-12,0.12,0.11999999999552596,True,,,,,,,,cutoff|B|shared|vacuum_e|XZ|8_to_12,trace-decreasing/no-postselection where logical
gate_metric,cutoff|B|shared|vacuum_e|XZ|8_to_12|leakage_residence,cutoff|B|shared|vacuum_e|XZ|8_to_12,leakage_residence_rate_difference,maximum_leakage_residence_rate_difference,upper,0.0,0.0,4.474034657548733e-12,0.1,0.09999999999552597,True,,,,,,,,cutoff|B|shared|vacuum_e|XZ|8_to_12,trace-decreasing/no-postselection where logical
gate_metric,cutoff|B|shared|vacuum_f|IDLE|8_to_12|density,cutoff|B|shared|vacuum_f|IDLE|8_to_12,ensemble_density_trace_distance,maximum_ensemble_density_trace_distance,upper,8.271806125530277e-25,5.852896922042696e-25,4.47403465754956e-12,0.1,0.09999999999552597,True,,,,,,,,cutoff|B|shared|vacuum_f|IDLE|8_to_12,trace-decreasing/no-postselection where logical
gate_metric,cutoff|B|shared|vacuum_f|IDLE|8_to_12|mean_photon,cutoff|B|shared|vacuum_f|IDLE|8_to_12,mean_photon_difference,maximum_mean_photon_difference,upper,0.0,0.0,4.474034657548733e-12,0.08,0.07999999999552597,True,,,,,,,,cutoff|B|shared|vacuum_f|IDLE|8_to_12,trace-decreasing/no-postselection where logical
gate_metric,cutoff|B|shared|vacuum_f|IDLE|8_to_12|levels,cutoff|B|shared|vacuum_f|IDLE|8_to_12,level_probability_l1,maximum_level_probability_l1,upper,0.0,0.0,4.474034657548733e-12,0.1,0.09999999999552597,True,,,,,,,,cutoff|B|shared|vacuum_f|IDLE|8_to_12,trace-decreasing/no-postselection where logical
gate_metric,cutoff|B|shared|vacuum_f|IDLE|8_to_12|iq_mean,cutoff|B|shared|vacuum_f|IDLE|8_to_12,integrated_iq_mean_difference,maximum_integrated_iq_mean_difference,upper,0.0,0.0,4.474034657548733e-12,0.12,0.11999999999552596,True,,,,,,,,cutoff|B|shared|vacuum_f|IDLE|8_to_12,trace-decreasing/no-postselection where logical
gate_metric,cutoff|B|shared|vacuum_f|IDLE|8_to_12|iq_covariance,cutoff|B|shared|vacuum_f|IDLE|8_to_12,integrated_iq_covariance_frobenius,maximum_integrated_iq_covariance_frobenius,upper,0.0,0.0,4.474034657548733e-12,0.18,0.17999999999552596,True,,,,,,,,cutoff|B|shared|vacuum_f|IDLE|8_to_12,trace-decreasing/no-postselection where logical
gate_metric,cutoff|B|shared|vacuum_f|IDLE|8_to_12|iq_ks,cutoff|B|shared|vacuum_f|IDLE|8_to_12,iq_two_sample_ks,maximum_iq_two_sample_ks,upper,0.0,0.0,4.474034657548733e-12,0.24,0.23999999999552596,True,,,,,,,,cutoff|B|shared|vacuum_f|IDLE|8_to_12,trace-decreasing/no-postselection where logical
gate_metric,cutoff|B|shared|vacuum_f|IDLE|8_to_12|log_evidence,cutoff|B|shared|vacuum_f|IDLE|8_to_12,log_evidence_mean_difference,maximum_log_evidence_mean_difference,upper,0.0,0.0,4.474034657548733e-12,0.3,0.29999999999552596,True,,,,,,,,cutoff|B|shared|vacuum_f|IDLE|8_to_12,trace-decreasing/no-postselection where logical
gate_metric,cutoff|B|shared|vacuum_f|IDLE|8_to_12|posterior,cutoff|B|shared|vacuum_f|IDLE|8_to_12,posterior_mean_l1,maximum_posterior_mean_l1,upper,0.0,0.0,4.474034657548733e-12,0.12,0.11999999999552596,True,,,,,,,,cutoff|B|shared|vacuum_f|IDLE|8_to_12,trace-decreasing/no-postselection where logical
gate_metric,cutoff|B|shared|vacuum_f|IDLE|8_to_12|leakage_residence,cutoff|B|shared|vacuum_f|IDLE|8_to_12,leakage_residence_rate_difference,maximum_leakage_residence_rate_difference,upper,0.0,0.0,4.474034657548733e-12,0.1,0.09999999999552597,True,,,,,,,,cutoff|B|shared|vacuum_f|IDLE|8_to_12,trace-decreasing/no-postselection where logical
gate_metric,cutoff|B|shared|vacuum_f|RESET|8_to_12|density,cutoff|B|shared|vacuum_f|RESET|8_to_12,ensemble_density_trace_distance,maximum_ensemble_density_trace_distance,upper,0.0,0.0,4.474034657548733e-12,0.1,0.09999999999552597,True,,,,,,,,cutoff|B|shared|vacuum_f|RESET|8_to_12,trace-decreasing/no-postselection where logical
gate_metric,cutoff|B|shared|vacuum_f|RESET|8_to_12|mean_photon,cutoff|B|shared|vacuum_f|RESET|8_to_12,mean_photon_difference,maximum_mean_photon_difference,upper,0.0,0.0,4.474034657548733e-12,0.08,0.07999999999552597,True,,,,,,,,cutoff|B|shared|vacuum_f|RESET|8_to_12,trace-decreasing/no-postselection where logical
gate_metric,cutoff|B|shared|vacuum_f|RESET|8_to_12|levels,cutoff|B|shared|vacuum_f|RESET|8_to_12,level_probability_l1,maximum_level_probability_l1,upper,0.0,0.0,4.474034657548733e-12,0.1,0.09999999999552597,True,,,,,,,,cutoff|B|shared|vacuum_f|RESET|8_to_12,trace-decreasing/no-postselection where logical
gate_metric,cutoff|B|shared|vacuum_f|RESET|8_to_12|iq_mean,cutoff|B|shared|vacuum_f|RESET|8_to_12,integrated_iq_mean_difference,maximum_integrated_iq_mean_difference,upper,0.0,0.0,4.474034657548733e-12,0.12,0.11999999999552596,True,,,,,,,,cutoff|B|shared|vacuum_f|RESET|8_to_12,trace-decreasing/no-postselection where logical
gate_metric,cutoff|B|shared|vacuum_f|RESET|8_to_12|iq_covariance,cutoff|B|shared|vacuum_f|RESET|8_to_12,integrated_iq_covariance_frobenius,maximum_integrated_iq_covariance_frobenius,upper,0.0,0.0,4.474034657548733e-12,0.18,0.17999999999552596,True,,,,,,,,cutoff|B|shared|vacuum_f|RESET|8_to_12,trace-decreasing/no-postselection where logical
gate_metric,cutoff|B|shared|vacuum_f|RESET|8_to_12|iq_ks,cutoff|B|shared|vacuum_f|RESET|8_to_12,iq_two_sample_ks,maximum_iq_two_sample_ks,upper,0.0,0.0,4.474034657548733e-12,0.24,0.23999999999552596,True,,,,,,,,cutoff|B|shared|vacuum_f|RESET|8_to_12,trace-decreasing/no-postselection where logical
gate_metric,cutoff|B|shared|vacuum_f|RESET|8_to_12|log_evidence,cutoff|B|shared|vacuum_f|RESET|8_to_12,log_evidence_mean_difference,maximum_log_evidence_mean_difference,upper,0.0,0.0,4.474034657548733e-12,0.3,0.29999999999552596,True,,,,,,,,cutoff|B|shared|vacuum_f|RESET|8_to_12,trace-decreasing/no-postselection where logical
gate_metric,cutoff|B|shared|vacuum_f|RESET|8_to_12|posterior,cutoff|B|shared|vacuum_f|RESET|8_to_12,posterior_mean_l1,maximum_posterior_mean_l1,upper,0.0,0.0,4.474034657548733e-12,0.12,0.11999999999552596,True,,,,,,,,cutoff|B|shared|vacuum_f|RESET|8_to_12,trace-decreasing/no-postselection where logical
gate_metric,cutoff|B|shared|vacuum_f|RESET|8_to_12|leakage_residence,cutoff|B|shared|vacuum_f|RESET|8_to_12,leakage_residence_rate_difference,maximum_leakage_residence_rate_difference,upper,0.0,0.0,4.474034657548733e-12,0.1,0.09999999999552597,True,,,,,,,,cutoff|B|shared|vacuum_f|RESET|8_to_12,trace-decreasing/no-postselection where logical
gate_metric,cutoff|B|shared|vacuum_f|RESET|8_to_12|reset_success,cutoff|B|shared|vacuum_f|RESET|8_to_12,reset_success_rate_difference,maximum_reset_success_rate_difference,upper,0.0,0.0,4.474034657548733e-12,0.12,0.11999999999552596,True,,,,,,,,cutoff|B|shared|vacuum_f|RESET|8_to_12,trace-decreasing/no-postselection where logical
gate_metric,cutoff|B|shared|vacuum_f|XZ|8_to_12|density,cutoff|B|shared|vacuum_f|XZ|8_to_12,ensemble_density_trace_distance,maximum_ensemble_density_trace_distance,upper,2.176176829057429e-09,2.0448536364751487e-20,2.1806508637149778e-09,0.1,0.09999999781934914,True,,,,,,,,cutoff|B|shared|vacuum_f|XZ|8_to_12,trace-decreasing/no-postselection where logical
gate_metric,cutoff|B|shared|vacuum_f|XZ|8_to_12|mean_photon,cutoff|B|shared|vacuum_f|XZ|8_to_12,mean_photon_difference,maximum_mean_photon_difference,upper,1.3877787807814457e-17,2.5609863991857304e-18,4.4740485353365405e-12,0.08,0.07999999999552596,True,,,,,,,,cutoff|B|shared|vacuum_f|XZ|8_to_12,trace-decreasing/no-postselection where logical
gate_metric,cutoff|B|shared|vacuum_f|XZ|8_to_12|levels,cutoff|B|shared|vacuum_f|XZ|8_to_12,level_probability_l1,maximum_level_probability_l1,upper,1.110223024625662e-16,5.08589612647048e-17,4.474145679851195e-12,0.1,0.09999999999552586,True,,,,,,,,cutoff|B|shared|vacuum_f|XZ|8_to_12,trace-decreasing/no-postselection where logical
gate_metric,cutoff|B|shared|vacuum_f|XZ|8_to_12|iq_mean,cutoff|B|shared|vacuum_f|XZ|8_to_12,integrated_iq_mean_difference,maximum_integrated_iq_mean_difference,upper,0.0,0.0,4.474034657548733e-12,0.12,0.11999999999552596,True,,,,,,,,cutoff|B|shared|vacuum_f|XZ|8_to_12,trace-decreasing/no-postselection where logical
gate_metric,cutoff|B|shared|vacuum_f|XZ|8_to_12|iq_covariance,cutoff|B|shared|vacuum_f|XZ|8_to_12,integrated_iq_covariance_frobenius,maximum_integrated_iq_covariance_frobenius,upper,0.0,0.0,4.474034657548733e-12,0.18,0.17999999999552596,True,,,,,,,,cutoff|B|shared|vacuum_f|XZ|8_to_12,trace-decreasing/no-postselection where logical
gate_metric,cutoff|B|shared|vacuum_f|XZ|8_to_12|iq_ks,cutoff|B|shared|vacuum_f|XZ|8_to_12,iq_two_sample_ks,maximum_iq_two_sample_ks,upper,0.0,0.0,4.474034657548733e-12,0.24,0.23999999999552596,True,,,,,,,,cutoff|B|shared|vacuum_f|XZ|8_to_12,trace-decreasing/no-postselection where logical
gate_metric,cutoff|B|shared|vacuum_f|XZ|8_to_12|log_evidence,cutoff|B|shared|vacuum_f|XZ|8_to_12,log_evidence_mean_difference,maximum_log_evidence_mean_difference,upper,0.0,2.905694592370961e-16,4.474034657548733e-12,0.3,0.29999999999552596,True,,,,,,,,cutoff|B|shared|vacuum_f|XZ|8_to_12,trace-decreasing/no-postselection where logical
gate_metric,cutoff|B|shared|vacuum_f|XZ|8_to_12|posterior,cutoff|B|shared|vacuum_f|XZ|8_to_12,posterior_mean_l1,maximum_posterior_mean_l1,upper,1.110223024625662e-16,5.08589612647048e-17,4.474145679851195e-12,0.12,0.11999999999552585,True,,,,,,,,cutoff|B|shared|vacuum_f|XZ|8_to_12,trace-decreasing/no-postselection where logical
gate_metric,cutoff|B|shared|vacuum_f|XZ|8_to_12|leakage_residence,cutoff|B|shared|vacuum_f|XZ|8_to_12,leakage_residence_rate_difference,maximum_leakage_residence_rate_difference,upper,0.0,0.0,4.474034657548733e-12,0.1,0.09999999999552597,True,,,,,,,,cutoff|B|shared|vacuum_f|XZ|8_to_12,trace-decreasing/no-postselection where logical
gate_metric,cutoff|B|shared|vacuum_g|IDLE|8_to_12|density,cutoff|B|shared|vacuum_g|IDLE|8_to_12,ensemble_density_trace_distance,maximum_ensemble_density_trace_distance,upper,5.551115123138541e-17,3.8720909109612456e-17,4.474090168699964e-12,0.1,0.09999999999552592,True,,,,,,,,cutoff|B|shared|vacuum_g|IDLE|8_to_12,trace-decreasing/no-postselection where logical
gate_metric,cutoff|B|shared|vacuum_g|IDLE|8_to_12|mean_photon,cutoff|B|shared|vacuum_g|IDLE|8_to_12,mean_photon_difference,maximum_mean_photon_difference,upper,0.0,0.0,4.474034657548733e-12,0.08,0.07999999999552597,True,,,,,,,,cutoff|B|shared|vacuum_g|IDLE|8_to_12,trace-decreasing/no-postselection where logical
gate_metric,cutoff|B|shared|vacuum_g|IDLE|8_to_12|levels,cutoff|B|shared|vacuum_g|IDLE|8_to_12,level_probability_l1,maximum_level_probability_l1,upper,2.0467242704992033e-28,8.067892560946257e-17,4.474034657548733e-12,0.1,0.09999999999552597,True,,,,,,,,cutoff|B|shared|vacuum_g|IDLE|8_to_12,trace-decreasing/no-postselection where logical
gate_metric,cutoff|B|shared|vacuum_g|IDLE|8_to_12|iq_mean,cutoff|B|shared|vacuum_g|IDLE|8_to_12,integrated_iq_mean_difference,maximum_integrated_iq_mean_difference,upper,0.0,0.0,4.474034657548733e-12,0.12,0.11999999999552596,True,,,,,,,,cutoff|B|shared|vacuum_g|IDLE|8_to_12,trace-decreasing/no-postselection where logical
gate_metric,cutoff|B|shared|vacuum_g|IDLE|8_to_12|iq_covariance,cutoff|B|shared|vacuum_g|IDLE|8_to_12,integrated_iq_covariance_frobenius,maximum_integrated_iq_covariance_frobenius,upper,0.0,0.0,4.474034657548733e-12,0.18,0.17999999999552596,True,,,,,,,,cutoff|B|shared|vacuum_g|IDLE|8_to_12,trace-decreasing/no-postselection where logical
gate_metric,cutoff|B|shared|vacuum_g|IDLE|8_to_12|iq_ks,cutoff|B|shared|vacuum_g|IDLE|8_to_12,iq_two_sample_ks,maximum_iq_two_sample_ks,upper,0.0,0.0,4.474034657548733e-12,0.24,0.23999999999552596,True,,,,,,,,cutoff|B|shared|vacuum_g|IDLE|8_to_12,trace-decreasing/no-postselection where logical
gate_metric,cutoff|B|shared|vacuum_g|IDLE|8_to_12|log_evidence,cutoff|B|shared|vacuum_g|IDLE|8_to_12,log_evidence_mean_difference,maximum_log_evidence_mean_difference,upper,1.7763568394002505e-15,6.121252228595731e-16,4.475811014388133e-12,0.3,0.2999999999955242,True,,,,,,,,cutoff|B|shared|vacuum_g|IDLE|8_to_12,trace-decreasing/no-postselection where logical
gate_metric,cutoff|B|shared|vacuum_g|IDLE|8_to_12|posterior,cutoff|B|shared|vacuum_g|IDLE|8_to_12,posterior_mean_l1,maximum_posterior_mean_l1,upper,2.0467242704992033e-28,8.067892560946257e-17,4.474034657548733e-12,0.12,0.11999999999552596,True,,,,,,,,cutoff|B|shared|vacuum_g|IDLE|8_to_12,trace-decreasing/no-postselection where logical
gate_metric,cutoff|B|shared|vacuum_g|IDLE|8_to_12|leakage_residence,cutoff|B|shared|vacuum_g|IDLE|8_to_12,leakage_residence_rate_difference,maximum_leakage_residence_rate_difference,upper,0.0,0.0,4.474034657548733e-12,0.1,0.09999999999552597,True,,,,,,,,cutoff|B|shared|vacuum_g|IDLE|8_to_12,trace-decreasing/no-postselection where logical
gate_metric,cutoff|B|shared|vacuum_g|RESET|8_to_12|density,cutoff|B|shared|vacuum_g|RESET|8_to_12,ensemble_density_trace_distance,maximum_ensemble_density_trace_distance,upper,0.0,0.0,4.474034657548733e-12,0.1,0.09999999999552597,True,,,,,,,,cutoff|B|shared|vacuum_g|RESET|8_to_12,trace-decreasing/no-postselection where logical
gate_metric,cutoff|B|shared|vacuum_g|RESET|8_to_12|mean_photon,cutoff|B|shared|vacuum_g|RESET|8_to_12,mean_photon_difference,maximum_mean_photon_difference,upper,0.0,0.0,4.474034657548733e-12,0.08,0.07999999999552597,True,,,,,,,,cutoff|B|shared|vacuum_g|RESET|8_to_12,trace-decreasing/no-postselection where logical
gate_metric,cutoff|B|shared|vacuum_g|RESET|8_to_12|levels,cutoff|B|shared|vacuum_g|RESET|8_to_12,level_probability_l1,maximum_level_probability_l1,upper,0.0,0.0,4.474034657548733e-12,0.1,0.09999999999552597,True,,,,,,,,cutoff|B|shared|vacuum_g|RESET|8_to_12,trace-decreasing/no-postselection where logical
gate_metric,cutoff|B|shared|vacuum_g|RESET|8_to_12|iq_mean,cutoff|B|shared|vacuum_g|RESET|8_to_12,integrated_iq_mean_difference,maximum_integrated_iq_mean_difference,upper,0.0,0.0,4.474034657548733e-12,0.12,0.11999999999552596,True,,,,,,,,cutoff|B|shared|vacuum_g|RESET|8_to_12,trace-decreasing/no-postselection where logical
gate_metric,cutoff|B|shared|vacuum_g|RESET|8_to_12|iq_covariance,cutoff|B|shared|vacuum_g|RESET|8_to_12,integrated_iq_covariance_frobenius,maximum_integrated_iq_covariance_frobenius,upper,0.0,0.0,4.474034657548733e-12,0.18,0.17999999999552596,True,,,,,,,,cutoff|B|shared|vacuum_g|RESET|8_to_12,trace-decreasing/no-postselection where logical
gate_metric,cutoff|B|shared|vacuum_g|RESET|8_to_12|iq_ks,cutoff|B|shared|vacuum_g|RESET|8_to_12,iq_two_sample_ks,maximum_iq_two_sample_ks,upper,0.0,0.0,4.474034657548733e-12,0.24,0.23999999999552596,True,,,,,,,,cutoff|B|shared|vacuum_g|RESET|8_to_12,trace-decreasing/no-postselection where logical
gate_metric,cutoff|B|shared|vacuum_g|RESET|8_to_12|log_evidence,cutoff|B|shared|vacuum_g|RESET|8_to_12,log_evidence_mean_difference,maximum_log_evidence_mean_difference,upper,0.0,4.756710911347463e-16,4.474034657548733e-12,0.3,0.29999999999552596,True,,,,,,,,cutoff|B|shared|vacuum_g|RESET|8_to_12,trace-decreasing/no-postselection where logical
gate_metric,cutoff|B|shared|vacuum_g|RESET|8_to_12|posterior,cutoff|B|shared|vacuum_g|RESET|8_to_12,posterior_mean_l1,maximum_posterior_mean_l1,upper,1.025796510699307e-28,6.693804835600827e-17,4.474034657548733e-12,0.12,0.11999999999552596,True,,,,,,,,cutoff|B|shared|vacuum_g|RESET|8_to_12,trace-decreasing/no-postselection where logical
gate_metric,cutoff|B|shared|vacuum_g|RESET|8_to_12|leakage_residence,cutoff|B|shared|vacuum_g|RESET|8_to_12,leakage_residence_rate_difference,maximum_leakage_residence_rate_difference,upper,0.0,0.0,4.474034657548733e-12,0.1,0.09999999999552597,True,,,,,,,,cutoff|B|shared|vacuum_g|RESET|8_to_12,trace-decreasing/no-postselection where logical
gate_metric,cutoff|B|shared|vacuum_g|RESET|8_to_12|reset_success,cutoff|B|shared|vacuum_g|RESET|8_to_12,reset_success_rate_difference,maximum_reset_success_rate_difference,upper,0.0,0.0,4.474034657548733e-12,0.12,0.11999999999552596,True,,,,,,,,cutoff|B|shared|vacuum_g|RESET|8_to_12,trace-decreasing/no-postselection where logical
gate_metric,cutoff|B|shared|vacuum_g|XZ|8_to_12|density,cutoff|B|shared|vacuum_g|XZ|8_to_12,ensemble_density_trace_distance,maximum_ensemble_density_trace_distance,upper,2.1525859062467462e-09,3.3418830355871954e-20,2.157059940904295e-09,0.1,0.09999999784294006,True,,,,,,,,cutoff|B|shared|vacuum_g|XZ|8_to_12,trace-decreasing/no-postselection where logical
gate_metric,cutoff|B|shared|vacuum_g|XZ|8_to_12|mean_photon,cutoff|B|shared|vacuum_g|XZ|8_to_12,mean_photon_difference,maximum_mean_photon_difference,upper,6.938893903907228e-18,1.5008850036700835e-18,4.4740415964426366e-12,0.08,0.07999999999552596,True,,,,,,,,cutoff|B|shared|vacuum_g|XZ|8_to_12,trace-decreasing/no-postselection where logical
gate_metric,cutoff|B|shared|vacuum_g|XZ|8_to_12|levels,cutoff|B|shared|vacuum_g|XZ|8_to_12,level_probability_l1,maximum_level_probability_l1,upper,1.1102230246261663e-16,7.275752262065429e-17,4.474145679851195e-12,0.1,0.09999999999552586,True,,,,,,,,cutoff|B|shared|vacuum_g|XZ|8_to_12,trace-decreasing/no-postselection where logical
gate_metric,cutoff|B|shared|vacuum_g|XZ|8_to_12|iq_mean,cutoff|B|shared|vacuum_g|XZ|8_to_12,integrated_iq_mean_difference,maximum_integrated_iq_mean_difference,upper,0.0,0.0,4.474034657548733e-12,0.12,0.11999999999552596,True,,,,,,,,cutoff|B|shared|vacuum_g|XZ|8_to_12,trace-decreasing/no-postselection where logical
gate_metric,cutoff|B|shared|vacuum_g|XZ|8_to_12|iq_covariance,cutoff|B|shared|vacuum_g|XZ|8_to_12,integrated_iq_covariance_frobenius,maximum_integrated_iq_covariance_frobenius,upper,0.0,0.0,4.474034657548733e-12,0.18,0.17999999999552596,True,,,,,,,,cutoff|B|shared|vacuum_g|XZ|8_to_12,trace-decreasing/no-postselection where logical
gate_metric,cutoff|B|shared|vacuum_g|XZ|8_to_12|iq_ks,cutoff|B|shared|vacuum_g|XZ|8_to_12,iq_two_sample_ks,maximum_iq_two_sample_ks,upper,0.0,0.0,4.474034657548733e-12,0.24,0.23999999999552596,True,,,,,,,,cutoff|B|shared|vacuum_g|XZ|8_to_12,trace-decreasing/no-postselection where logical
gate_metric,cutoff|B|shared|vacuum_g|XZ|8_to_12|log_evidence,cutoff|B|shared|vacuum_g|XZ|8_to_12,log_evidence_mean_difference,maximum_log_evidence_mean_difference,upper,0.0,0.0,4.474034657548733e-12,0.3,0.29999999999552596,True,,,,,,,,cutoff|B|shared|vacuum_g|XZ|8_to_12,trace-decreasing/no-postselection where logical
gate_metric,cutoff|B|shared|vacuum_g|XZ|8_to_12|posterior,cutoff|B|shared|vacuum_g|XZ|8_to_12,posterior_mean_l1,maximum_posterior_mean_l1,upper,1.1102230246261663e-16,7.275752262065429e-17,4.474145679851195e-12,0.12,0.11999999999552585,True,,,,,,,,cutoff|B|shared|vacuum_g|XZ|8_to_12,trace-decreasing/no-postselection where logical
gate_metric,cutoff|B|shared|vacuum_g|XZ|8_to_12|leakage_residence,cutoff|B|shared|vacuum_g|XZ|8_to_12,leakage_residence_rate_difference,maximum_leakage_residence_rate_difference,upper,0.0,0.0,4.474034657548733e-12,0.1,0.09999999999552597,True,,,,,,,,cutoff|B|shared|vacuum_g|XZ|8_to_12,trace-decreasing/no-postselection where logical
gate_metric,cutoff|B|shared|zero_one_plus_g|IDLE|8_to_12|density,cutoff|B|shared|zero_one_plus_g|IDLE|8_to_12,ensemble_density_trace_distance,maximum_ensemble_density_trace_distance,upper,1.734723477229756e-18,4.331241033781334e-17,4.47403639227221e-12,0.1,0.09999999999552597,True,,,,,,,,cutoff|B|shared|zero_one_plus_g|IDLE|8_to_12,trace-decreasing/no-postselection where logical
gate_metric,cutoff|B|shared|zero_one_plus_g|IDLE|8_to_12|mean_photon,cutoff|B|shared|zero_one_plus_g|IDLE|8_to_12,mean_photon_difference,maximum_mean_photon_difference,upper,0.0,0.0,4.474034657548733e-12,0.08,0.07999999999552597,True,,,,,,,,cutoff|B|shared|zero_one_plus_g|IDLE|8_to_12,trace-decreasing/no-postselection where logical
gate_metric,cutoff|B|shared|zero_one_plus_g|IDLE|8_to_12|levels,cutoff|B|shared|zero_one_plus_g|IDLE|8_to_12,level_probability_l1,maximum_level_probability_l1,upper,1.012700187077474e-28,1.0468530392027275e-28,4.474034657548733e-12,0.1,0.09999999999552597,True,,,,,,,,cutoff|B|shared|zero_one_plus_g|IDLE|8_to_12,trace-decreasing/no-postselection where logical
gate_metric,cutoff|B|shared|zero_one_plus_g|IDLE|8_to_12|iq_mean,cutoff|B|shared|zero_one_plus_g|IDLE|8_to_12,integrated_iq_mean_difference,maximum_integrated_iq_mean_difference,upper,0.0,0.0,4.474034657548733e-12,0.12,0.11999999999552596,True,,,,,,,,cutoff|B|shared|zero_one_plus_g|IDLE|8_to_12,trace-decreasing/no-postselection where logical
gate_metric,cutoff|B|shared|zero_one_plus_g|IDLE|8_to_12|iq_covariance,cutoff|B|shared|zero_one_plus_g|IDLE|8_to_12,integrated_iq_covariance_frobenius,maximum_integrated_iq_covariance_frobenius,upper,0.0,0.0,4.474034657548733e-12,0.18,0.17999999999552596,True,,,,,,,,cutoff|B|shared|zero_one_plus_g|IDLE|8_to_12,trace-decreasing/no-postselection where logical
gate_metric,cutoff|B|shared|zero_one_plus_g|IDLE|8_to_12|iq_ks,cutoff|B|shared|zero_one_plus_g|IDLE|8_to_12,iq_two_sample_ks,maximum_iq_two_sample_ks,upper,0.0,0.0,4.474034657548733e-12,0.24,0.23999999999552596,True,,,,,,,,cutoff|B|shared|zero_one_plus_g|IDLE|8_to_12,trace-decreasing/no-postselection where logical
gate_metric,cutoff|B|shared|zero_one_plus_g|IDLE|8_to_12|log_evidence,cutoff|B|shared|zero_one_plus_g|IDLE|8_to_12,log_evidence_mean_difference,maximum_log_evidence_mean_difference,upper,0.0,0.0,4.474034657548733e-12,0.3,0.29999999999552596,True,,,,,,,,cutoff|B|shared|zero_one_plus_g|IDLE|8_to_12,trace-decreasing/no-postselection where logical
gate_metric,cutoff|B|shared|zero_one_plus_g|IDLE|8_to_12|posterior,cutoff|B|shared|zero_one_plus_g|IDLE|8_to_12,posterior_mean_l1,maximum_posterior_mean_l1,upper,1.012700187077474e-28,1.0468530392027275e-28,4.474034657548733e-12,0.12,0.11999999999552596,True,,,,,,,,cutoff|B|shared|zero_one_plus_g|IDLE|8_to_12,trace-decreasing/no-postselection where logical
gate_metric,cutoff|B|shared|zero_one_plus_g|IDLE|8_to_12|leakage_residence,cutoff|B|shared|zero_one_plus_g|IDLE|8_to_12,leakage_residence_rate_difference,maximum_leakage_residence_rate_difference,upper,0.0,0.0,4.474034657548733e-12,0.1,0.09999999999552597,True,,,,,,,,cutoff|B|shared|zero_one_plus_g|IDLE|8_to_12,trace-decreasing/no-postselection where logical
gate_metric,cutoff|B|shared|zero_one_plus_g|RESET|8_to_12|density,cutoff|B|shared|zero_one_plus_g|RESET|8_to_12,ensemble_density_trace_distance,maximum_ensemble_density_trace_distance,upper,3.3766560673729035e-16,6.824190417423743e-17,4.47437232315547e-12,0.1,0.09999999999552563,True,,,,,,,,cutoff|B|shared|zero_one_plus_g|RESET|8_to_12,trace-decreasing/no-postselection where logical
gate_metric,cutoff|B|shared|zero_one_plus_g|RESET|8_to_12|mean_photon,cutoff|B|shared|zero_one_plus_g|RESET|8_to_12,mean_photon_difference,maximum_mean_photon_difference,upper,1.1102230246251565e-16,3.3636944747985175e-17,4.474145679851195e-12,0.08,0.07999999999552586,True,,,,,,,,cutoff|B|shared|zero_one_plus_g|RESET|8_to_12,trace-decreasing/no-postselection where logical
gate_metric,cutoff|B|shared|zero_one_plus_g|RESET|8_to_12|levels,cutoff|B|shared|zero_one_plus_g|RESET|8_to_12,level_probability_l1,maximum_level_probability_l1,upper,0.0,0.0,4.474034657548733e-12,0.1,0.09999999999552597,True,,,,,,,,cutoff|B|shared|zero_one_plus_g|RESET|8_to_12,trace-decreasing/no-postselection where logical
gate_metric,cutoff|B|shared|zero_one_plus_g|RESET|8_to_12|iq_mean,cutoff|B|shared|zero_one_plus_g|RESET|8_to_12,integrated_iq_mean_difference,maximum_integrated_iq_mean_difference,upper,0.0,0.0,4.474034657548733e-12,0.12,0.11999999999552596,True,,,,,,,,cutoff|B|shared|zero_one_plus_g|RESET|8_to_12,trace-decreasing/no-postselection where logical
gate_metric,cutoff|B|shared|zero_one_plus_g|RESET|8_to_12|iq_covariance,cutoff|B|shared|zero_one_plus_g|RESET|8_to_12,integrated_iq_covariance_frobenius,maximum_integrated_iq_covariance_frobenius,upper,0.0,0.0,4.474034657548733e-12,0.18,0.17999999999552596,True,,,,,,,,cutoff|B|shared|zero_one_plus_g|RESET|8_to_12,trace-decreasing/no-postselection where logical
gate_metric,cutoff|B|shared|zero_one_plus_g|RESET|8_to_12|iq_ks,cutoff|B|shared|zero_one_plus_g|RESET|8_to_12,iq_two_sample_ks,maximum_iq_two_sample_ks,upper,0.0,0.0,4.474034657548733e-12,0.24,0.23999999999552596,True,,,,,,,,cutoff|B|shared|zero_one_plus_g|RESET|8_to_12,trace-decreasing/no-postselection where logical
gate_metric,cutoff|B|shared|zero_one_plus_g|RESET|8_to_12|log_evidence,cutoff|B|shared|zero_one_plus_g|RESET|8_to_12,log_evidence_mean_difference,maximum_log_evidence_mean_difference,upper,0.0,3.543716087797891e-16,4.474034657548733e-12,0.3,0.29999999999552596,True,,,,,,,,cutoff|B|shared|zero_one_plus_g|RESET|8_to_12,trace-decreasing/no-postselection where logical
gate_metric,cutoff|B|shared|zero_one_plus_g|RESET|8_to_12|posterior,cutoff|B|shared|zero_one_plus_g|RESET|8_to_12,posterior_mean_l1,maximum_posterior_mean_l1,upper,1.0313431889391423e-28,3.24735541155471e-17,4.474034657548733e-12,0.12,0.11999999999552596,True,,,,,,,,cutoff|B|shared|zero_one_plus_g|RESET|8_to_12,trace-decreasing/no-postselection where logical
gate_metric,cutoff|B|shared|zero_one_plus_g|RESET|8_to_12|leakage_residence,cutoff|B|shared|zero_one_plus_g|RESET|8_to_12,leakage_residence_rate_difference,maximum_leakage_residence_rate_difference,upper,0.0,0.0,4.474034657548733e-12,0.1,0.09999999999552597,True,,,,,,,,cutoff|B|shared|zero_one_plus_g|RESET|8_to_12,trace-decreasing/no-postselection where logical
gate_metric,cutoff|B|shared|zero_one_plus_g|RESET|8_to_12|reset_success,cutoff|B|shared|zero_one_plus_g|RESET|8_to_12,reset_success_rate_difference,maximum_reset_success_rate_difference,upper,0.0,0.0,4.474034657548733e-12,0.12,0.11999999999552596,True,,,,,,,,cutoff|B|shared|zero_one_plus_g|RESET|8_to_12,trace-decreasing/no-postselection where logical
gate_metric,cutoff|B|shared|zero_one_plus_g|XZ|8_to_12|density,cutoff|B|shared|zero_one_plus_g|XZ|8_to_12,ensemble_density_trace_distance,maximum_ensemble_density_trace_distance,upper,7.681417805207082e-08,4.7434532463713663e-20,7.681865208672837e-08,0.1,0.09999992318134791,True,,,,,,,,cutoff|B|shared|zero_one_plus_g|XZ|8_to_12,trace-decreasing/no-postselection where logical
gate_metric,cutoff|B|shared|zero_one_plus_g|XZ|8_to_12|mean_photon,cutoff|B|shared|zero_one_plus_g|XZ|8_to_12,mean_photon_difference,maximum_mean_photon_difference,upper,3.1086244689504383e-15,7.318357490142847e-17,4.477143282017683e-12,0.08,0.07999999999552286,True,,,,,,,,cutoff|B|shared|zero_one_plus_g|XZ|8_to_12,trace-decreasing/no-postselection where logical
gate_metric,cutoff|B|shared|zero_one_plus_g|XZ|8_to_12|levels,cutoff|B|shared|zero_one_plus_g|XZ|8_to_12,level_probability_l1,maximum_level_probability_l1,upper,1.030203038412065e-28,2.61567115295614e-17,4.474034657548733e-12,0.1,0.09999999999552597,True,,,,,,,,cutoff|B|shared|zero_one_plus_g|XZ|8_to_12,trace-decreasing/no-postselection where logical
gate_metric,cutoff|B|shared|zero_one_plus_g|XZ|8_to_12|iq_mean,cutoff|B|shared|zero_one_plus_g|XZ|8_to_12,integrated_iq_mean_difference,maximum_integrated_iq_mean_difference,upper,0.0,0.0,4.474034657548733e-12,0.12,0.11999999999552596,True,,,,,,,,cutoff|B|shared|zero_one_plus_g|XZ|8_to_12,trace-decreasing/no-postselection where logical
gate_metric,cutoff|B|shared|zero_one_plus_g|XZ|8_to_12|iq_covariance,cutoff|B|shared|zero_one_plus_g|XZ|8_to_12,integrated_iq_covariance_frobenius,maximum_integrated_iq_covariance_frobenius,upper,0.0,0.0,4.474034657548733e-12,0.18,0.17999999999552596,True,,,,,,,,cutoff|B|shared|zero_one_plus_g|XZ|8_to_12,trace-decreasing/no-postselection where logical
gate_metric,cutoff|B|shared|zero_one_plus_g|XZ|8_to_12|iq_ks,cutoff|B|shared|zero_one_plus_g|XZ|8_to_12,iq_two_sample_ks,maximum_iq_two_sample_ks,upper,0.0,0.0,4.474034657548733e-12,0.24,0.23999999999552596,True,,,,,,,,cutoff|B|shared|zero_one_plus_g|XZ|8_to_12,trace-decreasing/no-postselection where logical
gate_metric,cutoff|B|shared|zero_one_plus_g|XZ|8_to_12|log_evidence,cutoff|B|shared|zero_one_plus_g|XZ|8_to_12,log_evidence_mean_difference,maximum_log_evidence_mean_difference,upper,0.0,0.0,4.474034657548733e-12,0.3,0.29999999999552596,True,,,,,,,,cutoff|B|shared|zero_one_plus_g|XZ|8_to_12,trace-decreasing/no-postselection where logical
gate_metric,cutoff|B|shared|zero_one_plus_g|XZ|8_to_12|posterior,cutoff|B|shared|zero_one_plus_g|XZ|8_to_12,posterior_mean_l1,maximum_posterior_mean_l1,upper,1.030203038412065e-28,2.61567115295614e-17,4.474034657548733e-12,0.12,0.11999999999552596,True,,,,,,,,cutoff|B|shared|zero_one_plus_g|XZ|8_to_12,trace-decreasing/no-postselection where logical
gate_metric,cutoff|B|shared|zero_one_plus_g|XZ|8_to_12|leakage_residence,cutoff|B|shared|zero_one_plus_g|XZ|8_to_12,leakage_residence_rate_difference,maximum_leakage_residence_rate_difference,upper,0.0,0.0,4.474034657548733e-12,0.1,0.09999999999552597,True,,,,,,,,cutoff|B|shared|zero_one_plus_g|XZ|8_to_12,trace-decreasing/no-postselection where logical
gate_metric,cutoff|B|logical_ptm|IDLE|8_to_12,cutoff|B|logical_ptm|IDLE|8_to_12,logical_ptm_entry_difference,maximum_logical_ptm_entry_difference,upper,0.036541401488732334,2.7133781748224898e-14,0.036541401493206366,0.12,0.08345859850679363,True,,,,,,,,B logical PTM cutoff 8-to-12,trace-decreasing/no-postselection where logical
gate_metric,cutoff|B|logical|0|IDLE|survival,cutoff|B|logical|0|IDLE,logical_survival_difference,maximum_logical_survival_difference,upper,0.013992157963416796,1.5913694614257912e-14,0.01399215796789083,0.1,0.08600784203210918,True,,,,,,,,B 0 IDLE cutoff 8-to-12,trace-decreasing/no-postselection where logical
gate_metric,cutoff|B|logical|1|IDLE|survival,cutoff|B|logical|1|IDLE,logical_survival_difference,maximum_logical_survival_difference,upper,0.002631410595169692,2.993338914141586e-15,0.002631410599643727,0.1,0.09736858940035628,True,,,,,,,,B 1 IDLE cutoff 8-to-12,trace-decreasing/no-postselection where logical
gate_metric,cutoff|B|logical|+|IDLE|survival,cutoff|B|logical|+|IDLE,logical_survival_difference,maximum_logical_survival_difference,upper,0.014008109759047538,1.5931353466539427e-14,0.014008109763521572,0.1,0.08599189023647844,True,,,,,,,,B + IDLE cutoff 8-to-12,trace-decreasing/no-postselection where logical
gate_metric,cutoff|B|logical|-|IDLE|survival,cutoff|B|logical|-|IDLE,logical_survival_difference,maximum_logical_survival_difference,upper,0.0026154329711975954,2.9966993937693207e-15,0.0026154329756716303,0.1,0.09738456702432838,True,,,,,,,,B - IDLE cutoff 8-to-12,trace-decreasing/no-postselection where logical
gate_metric,cutoff|B|logical|+i|IDLE|survival,cutoff|B|logical|+i|IDLE,logical_survival_difference,maximum_logical_survival_difference,upper,0.008306176352788741,9.445385424983257e-15,0.008306176357262775,0.1,0.09169382364273723,True,,,,,,,,B +i IDLE cutoff 8-to-12,trace-decreasing/no-postselection where logical
gate_metric,cutoff|B|logical|-i|IDLE|survival,cutoff|B|logical|-i|IDLE,logical_survival_difference,maximum_logical_survival_difference,upper,0.008306176352788741,9.457505423003562e-15,0.008306176357262775,0.1,0.09169382364273723,True,,,,,,,,B -i IDLE cutoff 8-to-12,trace-decreasing/no-postselection where logical
gate_metric,cutoff|B|logical_ptm|RESET|8_to_12,cutoff|B|logical_ptm|RESET|8_to_12,logical_ptm_entry_difference,maximum_logical_ptm_entry_difference,upper,0.03654140116464287,2.2252995783924564e-14,0.0365414011691169,0.12,0.0834585988308831,True,,,,,,,,B logical PTM cutoff 8-to-12,trace-decreasing/no-postselection where logical
gate_metric,cutoff|B|logical|0|RESET|survival,cutoff|B|logical|0|RESET,logical_survival_difference,maximum_logical_survival_difference,upper,0.013992157604035382,1.3083673192340586e-14,0.013992157608509416,0.1,0.08600784239149059,True,,,,,,,,B 0 RESET cutoff 8-to-12,trace-decreasing/no-postselection where logical
gate_metric,cutoff|B|logical|1|RESET|survival,cutoff|B|logical|1|RESET,logical_survival_difference,maximum_logical_survival_difference,upper,0.0026314105271821875,2.4613022309082593e-15,0.0026314105316562223,0.1,0.09736858946834379,True,,,,,,,,B 1 RESET cutoff 8-to-12,trace-decreasing/no-postselection where logical
gate_metric,cutoff|B|logical|+|RESET|survival,cutoff|B|logical|+|RESET,logical_survival_difference,maximum_logical_survival_difference,upper,0.014008109399705315,1.3041362831691625e-14,0.01400810940417935,0.1,0.08599189059582066,True,,,,,,,,B + RESET cutoff 8-to-12,trace-decreasing/no-postselection where logical
gate_metric,cutoff|B|logical|-|RESET|survival,cutoff|B|logical|-|RESET,logical_survival_difference,maximum_logical_survival_difference,upper,0.0026154329031673473,2.4802390453078747e-15,0.002615432907641382,0.1,0.09738456709235863,True,,,,,,,,B - RESET cutoff 8-to-12,trace-decreasing/no-postselection where logical
gate_metric,cutoff|B|logical|+i|RESET|survival,cutoff|B|logical|+i|RESET,logical_survival_difference,maximum_logical_survival_difference,upper,0.008306176138884735,7.778031002790037e-15,0.00830617614335877,0.1,0.09169382385664124,True,,,,,,,,B +i RESET cutoff 8-to-12,trace-decreasing/no-postselection where logical
gate_metric,cutoff|B|logical|-i|RESET|survival,cutoff|B|logical|-i|RESET,logical_survival_difference,maximum_logical_survival_difference,upper,0.008306176138884735,7.755936332309325e-15,0.00830617614335877,0.1,0.09169382385664124,True,,,,,,,,B -i RESET cutoff 8-to-12,trace-decreasing/no-postselection where logical
gate_metric,cutoff|B|logical_ptm|XZ|8_to_12,cutoff|B|logical_ptm|XZ|8_to_12,logical_ptm_entry_difference,maximum_logical_ptm_entry_difference,upper,0.053776506298550686,7.497886992929575e-15,0.05377650630302472,0.12,0.06622349369697528,True,,,,,,,,B logical PTM cutoff 8-to-12,trace-decreasing/no-postselection where logical
gate_metric,cutoff|B|logical|0|XZ|survival,cutoff|B|logical|0|XZ,logical_survival_difference,maximum_logical_survival_difference,upper,0.08984855207770504,1.1630109632123332e-14,0.08984855208217907,0.1,0.010151447917820938,True,,,,,,,,B 0 XZ cutoff 8-to-12,trace-decreasing/no-postselection where logical
gate_metric,cutoff|B|logical|1|XZ|survival,cutoff|B|logical|1|XZ,logical_survival_difference,maximum_logical_survival_difference,upper,0.017701231190403566,3.3636594161773698e-15,0.0177012311948776,0.1,0.08229876880512241,True,,,,,,,,B 1 XZ cutoff 8-to-12,trace-decreasing/no-postselection where logical
gate_metric,cutoff|B|logical|+|XZ|survival,cutoff|B|logical|+|XZ,logical_survival_difference,maximum_logical_survival_difference,upper,0.09242268588180602,1.3608316172540022e-14,0.09242268588628005,0.1,0.007577314113719952,True,,,,,,,,B + XZ cutoff 8-to-12,trace-decreasing/no-postselection where logical
gate_metric,cutoff|B|logical|-|XZ|survival,cutoff|B|logical|-|XZ,logical_survival_difference,maximum_logical_survival_difference,upper,0.015125102277534719,1.390521948576259e-15,0.015125102282008753,0.1,0.08487489771799125,True,,,,,,,,B - XZ cutoff 8-to-12,trace-decreasing/no-postselection where logical
gate_metric,cutoff|B|logical|+i|XZ|survival,cutoff|B|logical|+i|XZ,logical_survival_difference,maximum_logical_survival_difference,upper,0.00293255268719117,8.689319225756214e-15,0.002932552691665205,0.1,0.0970674473083348,True,,,,,,,,B +i XZ cutoff 8-to-12,trace-decreasing/no-postselection where logical
gate_metric,cutoff|B|logical|-i|XZ|survival,cutoff|B|logical|-i|XZ,logical_survival_difference,maximum_logical_survival_difference,upper,0.10462891367666372,6.2835996128295824e-15,0.10462891368113775,0.1,-0.004628913681137742,False,,,,,,,,B -i XZ cutoff 8-to-12,trace-decreasing/no-postselection where logical
gate_metric,cutoff|B|fault|step|terminal_density,cutoff|B|fault|step|8_to_12,short_trajectory_terminal_trace_distance,maximum_short_trajectory_terminal_trace_distance,upper,0.001059328655777691,1.1577105104396597e-05,0.0011111250252488457,0.15,0.14888887497475115,True,,,,,,,,B step cutoff 8-to-12,trace-decreasing/no-postselection where logical
gate_metric,cutoff|B|fault|step|terminal_observables,cutoff|B|fault|step|8_to_12,short_trajectory_observable_mean_difference,maximum_short_trajectory_observable_mean_difference,upper,7.994748608686209e-07,1.7748587483689138e-08,8.788826563931817e-07,0.15,0.1499991211173436,True,,,,,,,,B step cutoff 8-to-12,trace-decreasing/no-postselection where logical
gate_metric,cutoff|B|fault|telegraph|terminal_density,cutoff|B|fault|telegraph|8_to_12,short_trajectory_terminal_trace_distance,maximum_short_trajectory_terminal_trace_distance,upper,7.902522844573612e-05,1.2074675023195706e-06,8.442747989897769e-05,0.15,0.14991557252010101,True,,,,,,,,B telegraph cutoff 8-to-12,trace-decreasing/no-postselection where logical
gate_metric,cutoff|B|fault|telegraph|terminal_observables,cutoff|B|fault|telegraph|8_to_12,short_trajectory_observable_mean_difference,maximum_short_trajectory_observable_mean_difference,upper,7.683916392053902e-09,2.2996482357386932e-10,8.712786982740473e-09,0.15,0.149999991287213,True,,,,,,,,B telegraph cutoff 8-to-12,trace-decreasing/no-postselection where logical
gate_metric,cutoff|B|fault|burst|terminal_density,cutoff|B|fault|burst|8_to_12,short_trajectory_terminal_trace_distance,maximum_short_trajectory_terminal_trace_distance,upper,4.480580635927467e-05,7.59965785531665e-07,4.8205919622294585e-05,0.15,0.1499517940803777,True,,,,,,,,B burst cutoff 8-to-12,trace-decreasing/no-postselection where logical
gate_metric,cutoff|B|fault|burst|terminal_observables,cutoff|B|fault|burst|8_to_12,short_trajectory_observable_mean_difference,maximum_short_trajectory_observable_mean_difference,upper,1.2935548188153234e-09,4.4753374931138064e-11,1.4937829692995077e-09,0.15,0.14999999850621704,True,,,,,,,,B burst cutoff 8-to-12,trace-decreasing/no-postselection where logical
gate_metric,cutoff|B|fault|compound|terminal_density,cutoff|B|fault|compound|8_to_12,short_trajectory_terminal_trace_distance,maximum_short_trajectory_terminal_trace_distance,upper,0.00012729355706182546,1.4382627530349483e-06,0.00013372839446556528,0.15,0.14986627160553442,True,,,,,,,,B compound cutoff 8-to-12,trace-decreasing/no-postselection where logical
gate_metric,cutoff|B|fault|compound|terminal_observables,cutoff|B|fault|compound|8_to_12,short_trajectory_observable_mean_difference,maximum_short_trajectory_observable_mean_difference,upper,1.2917911573762098e-08,2.5637882049135796e-10,1.4064959302101898e-08,0.15,0.14999998593504069,True,,,,,,,,B compound cutoff 8-to-12,trace-decreasing/no-postselection where logical
