{
  "scenario": "linear_med",
  "repeat": 1,
  "seed": 20260312,
  "n_fast_cycles": 60000,
  "n_windows_ready": 15,
  "n_slow_updates_started": 15,
  "n_slow_updates_finished": 15,
  "n_slow_updates_failed": 0,
  "n_commits_applied": 15,
  "window_drop_count": 0,
  "pending_windows_at_end": 0,
  "fast_cycle_violation_rate": 1.6666666666666667e-05,
  "slow_update_violation_rate": 0.0,
  "final_ler": 0.7841666666666667,
  "total_logical_errors": 47050,
  "overflow_rate": 0.22643333333333332,
  "final_active_version": 15,
  "ler_curve_csv": "/Users/qinchaoyang/Desktop/PC/codes/local/quantum/DriftAdaptiveQEC/runs/hardware_emulation/hardware_emulation_v1_20260319_134222_e2670f54c178/linear_med_repeat01_ler.csv",
  "slow_loop_mode": "mock",
  "fast_loop_summary": {
    "n_fast_cycles": 60000,
    "overflow_count": 13586,
    "overflow_rate": 0.22643333333333332,
    "final_logical_error_rate": 0.7841666666666667,
    "tracker": {
      "total_rounds": 60000,
      "logical_x_errors": 23693,
      "logical_z_errors": 23357,
      "total_logical_errors": 47050,
      "x_error_rate": 0.3948833333333333,
      "z_error_rate": 0.3892833333333333,
      "total_error_rate": 0.7841666666666667,
      "accumulated_q": -0.5624276673591457,
      "accumulated_p": 0.8949960238053343
    },
    "latest_record": {
      "epoch_id": 60000,
      "active_version": 15,
      "noise_state": {
        "sigma": 0.7,
        "mu_q": 0.0,
        "mu_p": 0.0,
        "theta_deg": 0.0
      },
      "wrapped_residual": [
        -0.5624276673591457,
        0.8949960238053343
      ]
    }
  },
  "final_snapshot": {
    "epoch_id": 60000,
    "time_us": 300000.0,
    "window_stride": 4000,
    "pending_windows": 0,
    "slow_job_inflight": null,
    "next_window_emit_epoch": 62048,
    "next_slow_start_time_us": 310240.0,
    "fast_cycle_budget_violations": 1,
    "slow_update_budget_violations": 0,
    "dropped_windows": 0,
    "param_bank": {
      "epoch_id": 60000,
      "active_bank": "B",
      "staging_bank": "A",
      "active_version": 15,
      "pending_commit": null,
      "banks": {
        "A": {
          "version": 14,
          "params": {
            "K": [
              [
                0.45920884724810573,
                0.00306896384390699
              ],
              [
                -0.00306896384390699,
                0.45920884724810573
              ]
            ],
            "b": [
              -0.0005426460100013008,
              0.0023189699426215083
            ],
            "metadata": {
              "prediction": {
                "sigma": 0.6858080965295315,
                "mu_q": 0.0009627090844557975,
                "mu_p": -0.00836759599223835,
                "theta_deg": -0.20799900700259552,
                "source": "mock_cnn",
                "metadata": {
                  "target_prediction": {
                    "sigma": 0.6999999999999998,
                    "mu_q": 0.0,
                    "mu_p": 0.0,
                    "theta_deg": 0.0,
                    "source": "window_target",
                    "metadata": {
                      "window_id": 14
                    }
                  }
                }
              },
              "gain_raw": 0.43624240695119093,
              "gain_clipped": 0.43624240695119093,
              "theta_deg_clipped": -0.20799900700259552,
              "runtime_mode": "mock",
              "window_id": 14,
              "window_diagnostics": {
                "valid_window": true,
                "overflow_ratio": 0.22314453125,
                "overflow_alert": true,
                "window_ler": 0.67138671875,
                "mean_abs_residual_q": 0.6741270468244647,
                "mean_abs_residual_p": 0.671480950528559,
                "mean_correction_norm": 0.46930871228318255,
                "active_version_counts": {
                  "13": 2048
                }
              },
              "target_prediction": {
                "sigma": 0.6999999999999998,
                "mu_q": 0.0,
                "mu_p": 0.0,
                "theta_deg": 0.0,
                "source": "window_target",
                "metadata": {
                  "window_id": 14
                }
              }
            }
          }
        },
        "B": {
          "version": 15,
          "params": {
            "K": [
              [
                0.45223736280305676,
                0.002627622817852797
              ],
              [
                -0.002627622817852797,
                0.45223736280305676
              ]
            ],
            "b": [
              -0.002267994195178436,
              0.001748543566378959
            ],
            "metadata": {
              "prediction": {
                "sigma": 0.7099035006990186,
                "mu_q": 0.009169386935886977,
                "mu_p": 0.0005331619385912389,
                "theta_deg": -0.11642170671265353,
                "source": "mock_cnn",
                "metadata": {
                  "target_prediction": {
                    "sigma": 0.6999999999999998,
                    "mu_q": 0.0,
                    "mu_p": 0.0,
                    "theta_deg": 0.0,
                    "source": "window_target",
                    "metadata": {
                      "window_id": 15
                    }
                  }
                }
              },
              "gain_raw": 0.42435230105305416,
              "gain_clipped": 0.42435230105305416,
              "theta_deg_clipped": -0.11642170671265353,
              "runtime_mode": "mock",
              "window_id": 15,
              "window_diagnostics": {
                "valid_window": true,
                "overflow_ratio": 0.21435546875,
                "overflow_alert": true,
                "window_ler": 0.6787109375,
                "mean_abs_residual_q": 0.6704829056600987,
                "mean_abs_residual_p": 0.6672022293230044,
                "mean_correction_norm": 0.46556604608843166,
                "active_version_counts": {
                  "14": 2048
                }
              },
              "target_prediction": {
                "sigma": 0.6999999999999998,
                "mu_q": 0.0,
                "mu_p": 0.0,
                "theta_deg": 0.0,
                "source": "window_target",
                "metadata": {
                  "window_id": 15
                }
              }
            }
          }
        }
      }
    }
  }
}