{
  "scenario": "sinusoidal_mid",
  "repeat": 4,
  "seed": 20262315,
  "n_fast_cycles": 60000,
  "n_windows_ready": 15,
  "n_slow_updates_started": 15,
  "n_slow_updates_finished": 15,
  "n_slow_updates_failed": 0,
  "n_commits_applied": 15,
  "window_drop_count": 0,
  "pending_windows_at_end": 0,
  "fast_cycle_violation_rate": 1.6666666666666667e-05,
  "slow_update_violation_rate": 0.0,
  "final_ler": 0.8694666666666667,
  "total_logical_errors": 52168,
  "overflow_rate": 0.33763333333333334,
  "final_active_version": 15,
  "ler_curve_csv": "/Users/qinchaoyang/Desktop/PC/codes/local/quantum/DriftAdaptiveQEC/runs/hardware_emulation/hardware_emulation_v1_20260319_134222_e2670f54c178/sinusoidal_mid_repeat04_ler.csv",
  "slow_loop_mode": "mock",
  "fast_loop_summary": {
    "n_fast_cycles": 60000,
    "overflow_count": 20258,
    "overflow_rate": 0.33763333333333334,
    "final_logical_error_rate": 0.8694666666666667,
    "tracker": {
      "total_rounds": 60000,
      "logical_x_errors": 26099,
      "logical_z_errors": 26069,
      "total_logical_errors": 52168,
      "x_error_rate": 0.43498333333333333,
      "z_error_rate": 0.43448333333333333,
      "total_error_rate": 0.8694666666666667,
      "accumulated_q": 0.9370018169120655,
      "accumulated_p": -0.597029989893503
    },
    "latest_record": {
      "epoch_id": 60000,
      "active_version": 15,
      "noise_state": {
        "sigma": 0.22924602892534407,
        "mu_q": 0.0,
        "mu_p": 0.0,
        "theta_deg": 0.0
      },
      "wrapped_residual": [
        0.9370018169120655,
        -0.597029989893503
      ]
    }
  },
  "final_snapshot": {
    "epoch_id": 60000,
    "time_us": 300000.0,
    "window_stride": 4000,
    "pending_windows": 0,
    "slow_job_inflight": null,
    "next_window_emit_epoch": 62048,
    "next_slow_start_time_us": 310240.0,
    "fast_cycle_budget_violations": 1,
    "slow_update_budget_violations": 0,
    "dropped_windows": 0,
    "param_bank": {
      "epoch_id": 60000,
      "active_bank": "B",
      "staging_bank": "A",
      "active_version": 15,
      "pending_commit": null,
      "banks": {
        "A": {
          "version": 14,
          "params": {
            "K": [
              [
                0.6829272507004427,
                0.0016112323576343388
              ],
              [
                -0.0016112323576343388,
                0.6829272507004427
              ]
            ],
            "b": [
              0.0005653225383631546,
              -0.0016998837589513466
            ],
            "metadata": {
              "prediction": {
                "sigma": 0.23257752715930644,
                "mu_q": -6.121857173228129e-05,
                "mu_p": -0.00403286767662351,
                "theta_deg": -0.15426192208153622,
                "source": "mock_cnn",
                "metadata": {
                  "target_prediction": {
                    "sigma": 0.23040839052413375,
                    "mu_q": 0.0,
                    "mu_p": 0.0,
                    "theta_deg": 0.0,
                    "source": "window_target",
                    "metadata": {
                      "window_id": 14
                    }
                  }
                }
              },
              "gain_raw": 0.6678497278846356,
              "gain_clipped": 0.6678497278846356,
              "theta_deg_clipped": -0.15426192208153622,
              "runtime_mode": "mock",
              "window_id": 14,
              "window_diagnostics": {
                "valid_window": true,
                "overflow_ratio": 0.34619140625,
                "overflow_alert": true,
                "window_ler": 0.76611328125,
                "mean_abs_residual_q": 0.865416307214473,
                "mean_abs_residual_p": 0.8928869057670388,
                "mean_correction_norm": 0.827931503874086,
                "active_version_counts": {
                  "13": 2048
                }
              },
              "target_prediction": {
                "sigma": 0.23040839052413375,
                "mu_q": 0.0,
                "mu_p": 0.0,
                "theta_deg": 0.0,
                "source": "window_target",
                "metadata": {
                  "window_id": 14
                }
              }
            }
          }
        },
        "B": {
          "version": 15,
          "params": {
            "K": [
              [
                0.6794098891021187,
                0.0024967617718753225
              ],
              [
                -0.0024967617718753225,
                0.6794098891021187
              ]
            ],
            "b": [
              0.001301717366432485,
              -0.0017361815171726372
            ],
            "metadata": {
              "prediction": {
                "sigma": 0.2387817418264469,
                "mu_q": -0.004247296678709807,
                "mu_p": 0.001881372550057799,
                "theta_deg": -0.520023707007905,
                "source": "mock_cnn",
                "metadata": {
                  "target_prediction": {
                    "sigma": 0.23040839052413378,
                    "mu_q": 0.0,
                    "mu_p": 0.0,
                    "theta_deg": 0.0,
                    "source": "window_target",
                    "metadata": {
                      "window_id": 15
                    }
                  }
                }
              },
              "gain_raw": 0.6653678477118714,
              "gain_clipped": 0.6653678477118714,
              "theta_deg_clipped": -0.520023707007905,
              "runtime_mode": "mock",
              "window_id": 15,
              "window_diagnostics": {
                "valid_window": true,
                "overflow_ratio": 0.34033203125,
                "overflow_alert": true,
                "window_ler": 0.7373046875,
                "mean_abs_residual_q": 0.8511945086782383,
                "mean_abs_residual_p": 0.873439963184214,
                "mean_correction_norm": 0.8226232008227923,
                "active_version_counts": {
                  "14": 2048
                }
              },
              "target_prediction": {
                "sigma": 0.23040839052413378,
                "mu_q": 0.0,
                "mu_p": 0.0,
                "theta_deg": 0.0,
                "source": "window_target",
                "metadata": {
                  "window_id": 15
                }
              }
            }
          }
        }
      }
    }
  }
}