{
  "scenario": "step_large",
  "repeat": 4,
  "seed": 20261315,
  "n_fast_cycles": 60000,
  "n_windows_ready": 15,
  "n_slow_updates_started": 15,
  "n_slow_updates_finished": 15,
  "n_slow_updates_failed": 0,
  "n_commits_applied": 15,
  "window_drop_count": 0,
  "pending_windows_at_end": 0,
  "fast_cycle_violation_rate": 1.6666666666666667e-05,
  "slow_update_violation_rate": 0.0,
  "final_ler": 0.8398666666666667,
  "total_logical_errors": 50392,
  "overflow_rate": 0.28541666666666665,
  "final_active_version": 15,
  "ler_curve_csv": "/Users/qinchaoyang/Desktop/PC/codes/local/quantum/DriftAdaptiveQEC/runs/hardware_emulation/hardware_emulation_v1_20260319_134222_e2670f54c178/step_large_repeat04_ler.csv",
  "slow_loop_mode": "mock",
  "fast_loop_summary": {
    "n_fast_cycles": 60000,
    "overflow_count": 17125,
    "overflow_rate": 0.28541666666666665,
    "final_logical_error_rate": 0.8398666666666667,
    "tracker": {
      "total_rounds": 60000,
      "logical_x_errors": 25280,
      "logical_z_errors": 25112,
      "total_logical_errors": 50392,
      "x_error_rate": 0.42133333333333334,
      "z_error_rate": 0.4185333333333333,
      "total_error_rate": 0.8398666666666667,
      "accumulated_q": 1.1797903287621394,
      "accumulated_p": -1.0877564322358293
    },
    "latest_record": {
      "epoch_id": 60000,
      "active_version": 15,
      "noise_state": {
        "sigma": 0.36,
        "mu_q": 0.0,
        "mu_p": 0.0,
        "theta_deg": 0.0
      },
      "wrapped_residual": [
        1.1797903287621394,
        -1.0877564322358293
      ]
    }
  },
  "final_snapshot": {
    "epoch_id": 60000,
    "time_us": 300000.0,
    "window_stride": 4000,
    "pending_windows": 0,
    "slow_job_inflight": null,
    "next_window_emit_epoch": 62048,
    "next_slow_start_time_us": 310240.0,
    "fast_cycle_budget_violations": 1,
    "slow_update_budget_violations": 0,
    "dropped_windows": 0,
    "param_bank": {
      "epoch_id": 60000,
      "active_bank": "B",
      "staging_bank": "A",
      "active_version": 15,
      "pending_commit": null,
      "banks": {
        "A": {
          "version": 14,
          "params": {
            "K": [
              [
                0.6261285475076903,
                -0.0021630847973136613
              ],
              [
                0.0021630847973136613,
                0.6261285475076903
              ]
            ],
            "b": [
              -0.0004929672546571028,
              -0.0012470184546938552
            ],
            "metadata": {
              "prediction": {
                "sigma": 0.34563806597024294,
                "mu_q": -3.5208903414748827e-06,
                "mu_p": 0.004938080799967727,
                "theta_deg": 0.8498173157975132,
                "source": "mock_cnn",
                "metadata": {
                  "target_prediction": {
                    "sigma": 0.36000000000000004,
                    "mu_q": 0.0,
                    "mu_p": 0.0,
                    "theta_deg": 0.0,
                    "source": "window_target",
                    "metadata": {
                      "window_id": 14
                    }
                  }
                }
              },
              "gain_raw": 0.6164480315718511,
              "gain_clipped": 0.6164480315718511,
              "theta_deg_clipped": 0.8498173157975132,
              "runtime_mode": "mock",
              "window_id": 14,
              "window_diagnostics": {
                "valid_window": true,
                "overflow_ratio": 0.2880859375,
                "overflow_alert": true,
                "window_ler": 0.72119140625,
                "mean_abs_residual_q": 0.8011715595644848,
                "mean_abs_residual_p": 0.78827867896387,
                "mean_correction_norm": 0.7077973576853358,
                "active_version_counts": {
                  "13": 2048
                }
              },
              "target_prediction": {
                "sigma": 0.36000000000000004,
                "mu_q": 0.0,
                "mu_p": 0.0,
                "theta_deg": 0.0,
                "source": "window_target",
                "metadata": {
                  "window_id": 14
                }
              }
            }
          }
        },
        "B": {
          "version": 15,
          "params": {
            "K": [
              [
                0.6242457311300076,
                -0.0016003832006543674
              ],
              [
                0.0016003832006543674,
                0.6242457311300076
              ]
            ],
            "b": [
              0.00021921938013335637,
              -0.0009911368219871972
            ],
            "metadata": {
              "prediction": {
                "sigma": 0.3451061427323909,
                "mu_q": -0.0030679659192951927,
                "mu_p": -3.2389708839435076e-05,
                "theta_deg": -0.060427461515144235,
                "source": "mock_cnn",
                "metadata": {
                  "target_prediction": {
                    "sigma": 0.36000000000000004,
                    "mu_q": 0.0,
                    "mu_p": 0.0,
                    "theta_deg": 0.0,
                    "source": "window_target",
                    "metadata": {
                      "window_id": 15
                    }
                  }
                }
              },
              "gain_raw": 0.6167148086063692,
              "gain_clipped": 0.6167148086063692,
              "theta_deg_clipped": -0.060427461515144235,
              "runtime_mode": "mock",
              "window_id": 15,
              "window_diagnostics": {
                "valid_window": true,
                "overflow_ratio": 0.29443359375,
                "overflow_alert": true,
                "window_ler": 0.7314453125,
                "mean_abs_residual_q": 0.8371470329516217,
                "mean_abs_residual_p": 0.8105953840361892,
                "mean_correction_norm": 0.7104732436283572,
                "active_version_counts": {
                  "14": 2048
                }
              },
              "target_prediction": {
                "sigma": 0.36000000000000004,
                "mu_q": 0.0,
                "mu_p": 0.0,
                "theta_deg": 0.0,
                "source": "window_target",
                "metadata": {
                  "window_id": 15
                }
              }
            }
          }
        }
      }
    }
  }
}