{
  "scenario": "step_large",
  "repeat": 2,
  "seed": 20261313,
  "n_fast_cycles": 60000,
  "n_windows_ready": 15,
  "n_slow_updates_started": 15,
  "n_slow_updates_finished": 15,
  "n_slow_updates_failed": 0,
  "n_commits_applied": 15,
  "window_drop_count": 0,
  "pending_windows_at_end": 0,
  "fast_cycle_violation_rate": 1.6666666666666667e-05,
  "slow_update_violation_rate": 0.0,
  "final_ler": 0.8246333333333333,
  "total_logical_errors": 49478,
  "overflow_rate": 0.28458333333333335,
  "final_active_version": 15,
  "ler_curve_csv": "/Users/qinchaoyang/Desktop/PC/codes/local/quantum/DriftAdaptiveQEC/runs/hardware_emulation/hardware_emulation_v1_20260319_134222_e2670f54c178/step_large_repeat02_ler.csv",
  "slow_loop_mode": "mock",
  "fast_loop_summary": {
    "n_fast_cycles": 60000,
    "overflow_count": 17075,
    "overflow_rate": 0.28458333333333335,
    "final_logical_error_rate": 0.8246333333333333,
    "tracker": {
      "total_rounds": 60000,
      "logical_x_errors": 24739,
      "logical_z_errors": 24739,
      "total_logical_errors": 49478,
      "x_error_rate": 0.41231666666666666,
      "z_error_rate": 0.41231666666666666,
      "total_error_rate": 0.8246333333333333,
      "accumulated_q": 0.9535904047606081,
      "accumulated_p": -0.3962746708891375
    },
    "latest_record": {
      "epoch_id": 60000,
      "active_version": 15,
      "noise_state": {
        "sigma": 0.36,
        "mu_q": 0.0,
        "mu_p": 0.0,
        "theta_deg": 0.0
      },
      "wrapped_residual": [
        0.9535904047606081,
        -0.3962746708891375
      ]
    }
  },
  "final_snapshot": {
    "epoch_id": 60000,
    "time_us": 300000.0,
    "window_stride": 4000,
    "pending_windows": 0,
    "slow_job_inflight": null,
    "next_window_emit_epoch": 62048,
    "next_slow_start_time_us": 310240.0,
    "fast_cycle_budget_violations": 1,
    "slow_update_budget_violations": 0,
    "dropped_windows": 0,
    "param_bank": {
      "epoch_id": 60000,
      "active_bank": "B",
      "staging_bank": "A",
      "active_version": 15,
      "pending_commit": null,
      "banks": {
        "A": {
          "version": 14,
          "params": {
            "K": [
              [
                0.6256223168478392,
                0.001211528721802481
              ],
              [
                -0.001211528721802481,
                0.6256223168478392
              ]
            ],
            "b": [
              0.002730668222508263,
              0.0011501235315486713
            ],
            "metadata": {
              "prediction": {
                "sigma": 0.36226406024486063,
                "mu_q": -0.004567521080245134,
                "mu_p": -0.0029750559873052973,
                "theta_deg": -0.37064861086859874,
                "source": "mock_cnn",
                "metadata": {
                  "target_prediction": {
                    "sigma": 0.36000000000000004,
                    "mu_q": 0.0,
                    "mu_p": 0.0,
                    "theta_deg": 0.0,
                    "source": "window_target",
                    "metadata": {
                      "window_id": 14
                    }
                  }
                }
              },
              "gain_raw": 0.6080228629587878,
              "gain_clipped": 0.6080228629587878,
              "theta_deg_clipped": -0.37064861086859874,
              "runtime_mode": "mock",
              "window_id": 14,
              "window_diagnostics": {
                "valid_window": true,
                "overflow_ratio": 0.2744140625,
                "overflow_alert": true,
                "window_ler": 0.70849609375,
                "mean_abs_residual_q": 0.8017575389519054,
                "mean_abs_residual_p": 0.7928831446699032,
                "mean_correction_norm": 0.701283370632763,
                "active_version_counts": {
                  "13": 2048
                }
              },
              "target_prediction": {
                "sigma": 0.36000000000000004,
                "mu_q": 0.0,
                "mu_p": 0.0,
                "theta_deg": 0.0,
                "source": "window_target",
                "metadata": {
                  "window_id": 14
                }
              }
            }
          }
        },
        "B": {
          "version": 15,
          "params": {
            "K": [
              [
                0.6204657512575531,
                0.0006126844788055478
              ],
              [
                -0.0006126844788055478,
                0.6204657512575531
              ]
            ],
            "b": [
              0.0031325782327126304,
              0.00038608250846959547
            ],
            "metadata": {
              "prediction": {
                "sigma": 0.37812659577058105,
                "mu_q": -0.004740218273530099,
                "mu_p": 0.002670081583846708,
                "theta_deg": 0.17027964514258143,
                "source": "mock_cnn",
                "metadata": {
                  "target_prediction": {
                    "sigma": 0.36000000000000004,
                    "mu_q": 0.0,
                    "mu_p": 0.0,
                    "theta_deg": 0.0,
                    "source": "window_target",
                    "metadata": {
                      "window_id": 15
                    }
                  }
                }
              },
              "gain_raw": 0.5998421379263295,
              "gain_clipped": 0.5998421379263295,
              "theta_deg_clipped": 0.17027964514258143,
              "runtime_mode": "mock",
              "window_id": 15,
              "window_diagnostics": {
                "valid_window": true,
                "overflow_ratio": 0.28515625,
                "overflow_alert": true,
                "window_ler": 0.7255859375,
                "mean_abs_residual_q": 0.7997154287914691,
                "mean_abs_residual_p": 0.8005200683013243,
                "mean_correction_norm": 0.7015415583962062,
                "active_version_counts": {
                  "14": 2048
                }
              },
              "target_prediction": {
                "sigma": 0.36000000000000004,
                "mu_q": 0.0,
                "mu_p": 0.0,
                "theta_deg": 0.0,
                "source": "window_target",
                "metadata": {
                  "window_id": 15
                }
              }
            }
          }
        }
      }
    }
  }
}