{
  "rows": [
    {
      "seed": 20260405,
      "hybrid_full_mse": 2.320292505348945e-06,
      "hybrid_full_mae": 0.0013176731792922355,
      "hybrid_full_r2": 0.13263345903373713,
      "hybrid_no_teacher_params_mse": 2.2211401878818307e-06,
      "hybrid_no_teacher_params_mae": 0.0013026688969591772,
      "hybrid_no_teacher_params_r2": 0.19912382535233203,
      "delta_mse_no_tp_minus_full": -9.915231746711408e-08,
      "delta_mae_no_tp_minus_full": -1.5004282333058293e-05,
      "delta_r2_no_tp_minus_full": 0.0664903663185949
    },
    {
      "seed": 20260406,
      "hybrid_full_mse": 2.3102041005262814e-06,
      "hybrid_full_mae": 0.0012973053629024658,
      "hybrid_full_r2": 0.1365677510056018,
      "hybrid_no_teacher_params_mse": 2.2430266177496096e-06,
      "hybrid_no_teacher_params_mae": 0.001309357915609516,
      "hybrid_no_teacher_params_r2": 0.19264795461738282,
      "delta_mse_no_tp_minus_full": -6.717748277667185e-08,
      "delta_mae_no_tp_minus_full": 1.2052552707050293e-05,
      "delta_r2_no_tp_minus_full": 0.05608020361178101
    },
    {
      "seed": 20260407,
      "hybrid_full_mse": 2.4794689166941956e-06,
      "hybrid_full_mae": 0.0013365686833616839,
      "hybrid_full_r2": 0.07303155650906945,
      "hybrid_no_teacher_params_mse": 2.191746227299904e-06,
      "hybrid_no_teacher_params_mae": 0.0012929844558798435,
      "hybrid_no_teacher_params_r2": 0.20773414498469767,
      "delta_mse_no_tp_minus_full": -2.8772268939429156e-07,
      "delta_mae_no_tp_minus_full": -4.358422748184038e-05,
      "delta_r2_no_tp_minus_full": 0.13470258847562822
    }
  ],
  "mean_delta_mse_no_tp_minus_full": -1.5135082987935917e-07,
  "mean_delta_mae_no_tp_minus_full": -1.5511985702616126e-05,
  "mean_delta_r2_no_tp_minus_full": 0.08575771946866804,
  "no_tp_better_mse_count": 3,
  "no_tp_better_mae_count": 2,
  "no_tp_better_r2_count": 3
}