{
  "run_name": "eval_tflite_test_20260329_235412",
  "tflite_path": "/Users/qinchaoyang/Desktop/PC/codes/local/quantum/DriftAdaptiveQEC/artifacts/models/static_theta_v2/tiny_cnn_20260319_151717_b87c6c227b57_int8_20260319_151756_tflite_20260328_012736.tflite",
  "split": "test",
  "n_samples": 1639,
  "metrics": {
    "mse": 0.2973162829801995,
    "mae": 0.22137490920207153,
    "r2_mean": 0.9941924573398777,
    "per_label": {
      "sigma": {
        "mse": 3.982762619596056e-05,
        "mae": 0.004945936446294616,
        "r2": 0.9976181156462491
      },
      "mu_q": {
        "mse": 0.00012000329507676159,
        "mae": 0.008574595973453017,
        "r2": 0.9963081383306396
      },
      "mu_p": {
        "mse": 5.366401932244766e-05,
        "mae": 0.005982038060430769,
        "r2": 0.9981870845608849
      },
      "theta_deg": {
        "mse": 1.1890516369802029,
        "mae": 0.8659970663281077,
        "r2": 0.9846564908217375
      }
    }
  }
}