{
  "run_name": "eval_test_20260319_151817",
  "model_path": "/Users/qinchaoyang/Desktop/PC/codes/local/quantum/DriftAdaptiveQEC/artifacts/models/static_theta_v2/tiny_cnn_20260319_151717_b87c6c227b57_int8_20260319_151756.npz",
  "model_type": "tiny_cnn_int8",
  "split": "test",
  "n_samples": 1639,
  "metrics": {
    "mse": 0.29774212327846494,
    "mae": 0.2219440328176687,
    "r2_mean": 0.99421192870092,
    "per_label": {
      "sigma": {
        "mse": 3.7955867272936394e-05,
        "mae": 0.004823400736583059,
        "r2": 0.9977300558676123
      },
      "mu_q": {
        "mse": 0.00011950375654957337,
        "mae": 0.008546650945402846,
        "r2": 0.9963235064681538
      },
      "mu_p": {
        "mse": 5.447575540458012e-05,
        "mae": 0.0060447454248316,
        "r2": 0.998159661924743
      },
      "theta_deg": {
        "mse": 1.1907565577346328,
        "mae": 0.8683613341638571,
        "r2": 0.9846344905431708
      }
    }
  }
}