{
  "run_name": "eval_tflite_test_20260330_001725",
  "tflite_path": "/Users/qinchaoyang/Desktop/PC/codes/local/quantum/DriftAdaptiveQEC/artifacts/models/static_theta_v2/tiny_cnn_20260319_151717_b87c6c227b57_tflite_20260328_012736.tflite",
  "split": "test",
  "n_samples": 1639,
  "metrics": {
    "mse": 0.29235926948542934,
    "mae": 0.2200854794369206,
    "r2_mean": 0.9943587489701229,
    "per_label": {
      "sigma": {
        "mse": 3.949728761606373e-05,
        "mae": 0.0049734977485931375,
        "r2": 0.9976378714883629
      },
      "mu_q": {
        "mse": 0.0001149343845312681,
        "mae": 0.008297384511849169,
        "r2": 0.9964640816864979
      },
      "mu_p": {
        "mse": 4.674434444930426e-05,
        "mae": 0.005484209365377116,
        "r2": 0.9984208498578113
      },
      "theta_deg": {
        "mse": 1.1692359019251208,
        "mae": 0.861586826121863,
        "r2": 0.9849121928478192
      }
    }
  }
}