{
  "run_name": "eval_test_20260319_151756",
  "model_path": "/Users/qinchaoyang/Desktop/PC/codes/local/quantum/DriftAdaptiveQEC/artifacts/models/static_theta_v2/tiny_cnn_20260319_151717_b87c6c227b57.npz",
  "model_type": "tiny_cnn_float",
  "split": "test",
  "n_samples": 1639,
  "metrics": {
    "mse": 0.29333567412566947,
    "mae": 0.22050292146745623,
    "r2_mean": 0.99435161400323,
    "per_label": {
      "sigma": {
        "mse": 3.991382062256513e-05,
        "mae": 0.00504173228147637,
        "r2": 0.9976129608033494
      },
      "mu_q": {
        "mse": 0.00011464964047897164,
        "mae": 0.008273210331345768,
        "r2": 0.9964728417430578
      },
      "mu_p": {
        "mse": 4.5618867719906943e-05,
        "mae": 0.005416786778411358,
        "r2": 0.9984588714999628
      },
      "theta_deg": {
        "mse": 1.1731425141738563,
        "mae": 0.8632799564785916,
        "r2": 0.9848617819665503
      }
    }
  }
}