{
  "source_model": "/Users/qinchaoyang/Desktop/PC/codes/local/quantum/DriftAdaptiveQEC/artifacts/models/static_theta_v2/tiny_cnn_20260319_151717_b87c6c227b57.npz",
  "quantized_model": "/Users/qinchaoyang/Desktop/PC/codes/local/quantum/DriftAdaptiveQEC/artifacts/models/static_theta_v2/tiny_cnn_20260319_151717_b87c6c227b57_int8_20260319_151756.npz",
  "source_model_type": "tiny_cnn_float",
  "tensor_mse": {
    "conv_w": 1.3965785001346376e-05,
    "conv_b": 1.2485412703711063e-08,
    "fc1_w": 3.7241952099975606e-07,
    "fc1_b": 5.962065188214183e-07,
    "fc2_w": 6.291759746090975e-06,
    "fc2_b": 6.706666226818925e-07
  },
  "mean_tensor_mse": 3.6515538037740214e-06
}